verb,subject,frequency,rank,total,proportion
go,you,5642,1,18260,0.3089813800657174
go,we,2811,2,18260,0.15394304490690033
go,i,2379,3,18260,0.13028477546549835
go,it,1138,4,18260,0.06232201533406353
go,he,1111,5,18260,0.0608433734939759
go,they,1074,6,18260,0.0588170865279299
go,she,573,7,18260,0.03138006571741511
go,that,519,8,18260,0.028422782037239868
go,what,238,9,18260,0.01303395399780942
go,who,211,10,18260,0.011555312157721796
go,this,187,11,18260,0.010240963855421687
go,one,130,12,18260,0.007119386637458927
go,man,55,13,18260,0.0030120481927710845
go,home,55,14,18260,0.0030120481927710845
go,kid,50,15,18260,0.002738225629791895
go,daddy,49,16,18260,0.002683461117196057
go,person,44,17,18260,0.0024096385542168677
go,mommy,37,18,18260,0.0020262869660460023
go,baby,37,19,18260,0.0020262869660460023
go,dog,35,20,18260,0.0019167579408543264
go,car,32,21,18260,0.0017524644030668128
go,guy,31,22,18260,0.0016976998904709747
go,girl,28,23,18260,0.0015334063526834612
go,train,27,24,18260,0.0014786418400876233
go,firstname,27,25,18260,0.0014786418400876233
go,thing,26,26,18260,0.0014238773274917853
go,cat,26,27,18260,0.0014238773274917853
go,mom,25,28,18260,0.0013691128148959474
go,mummy,23,29,18260,0.0012595837897042717
go,monkey,21,30,18260,0.0011500547645125958
go,thomas,20,31,18260,0.001095290251916758
go,family,20,32,18260,0.001095290251916758
go,everybody,18,33,18260,0.0009857612267250822
go,fta,17,34,18260,0.0009309967141292443
go,somebody,17,35,18260,0.0009309967141292443
go,boy,16,36,18260,0.0008762322015334064
go,light,15,37,18260,0.0008214676889375684
go,bear,14,38,18260,0.0007667031763417306
go,chi,14,39,18260,0.0007667031763417306
go,water,13,40,18260,0.0007119386637458926
go,bus,13,41,18260,0.0007119386637458926
go,hasta,13,42,18260,0.0007119386637458926
go,your,13,43,18260,0.0007119386637458926
go,horse,13,44,18260,0.0007119386637458926
go,doctor,13,45,18260,0.0007119386637458926
go,something,12,46,18260,0.0006571741511500548
go,all,12,47,18260,0.0006571741511500548
go,piece,12,48,18260,0.0006571741511500548
go,owl,12,49,18260,0.0006571741511500548
go,wheel,10,50,18260,0.000547645125958379
go,dad,10,51,18260,0.000547645125958379
go,some,10,52,18260,0.000547645125958379
go,duck,10,53,18260,0.000547645125958379
go,ball,9,54,18260,0.0004928806133625411
go,grandma,9,55,18260,0.0004928806133625411
go,child,9,56,18260,0.0004928806133625411
go,boat,9,57,18260,0.0004928806133625411
go,lady,9,58,18260,0.0004928806133625411
go,bit,9,59,18260,0.0004928806133625411
go,purdie,9,60,18260,0.0004928806133625411
go,animal,9,61,18260,0.0004928806133625411
go,mother,8,62,18260,0.0004381161007667032
go,everything,8,63,18260,0.0004381161007667032
go,sarah,8,64,18260,0.0004381161007667032
go,teacher,8,65,18260,0.0004381161007667032
go,policeman,8,66,18260,0.0004381161007667032
go,ambulance,8,67,18260,0.0004381161007667032
go,head,7,68,18260,0.0003833515881708653
go,peter,7,69,18260,0.0003833515881708653
go,kind,7,70,18260,0.0003833515881708653
go,battery,7,71,18260,0.0003833515881708653
go,cathy,7,72,18260,0.0003833515881708653
go,ross,7,73,18260,0.0003833515881708653
go,lion,7,74,18260,0.0003833515881708653
go,jibo,7,75,18260,0.0003833515881708653
go,cow,7,76,18260,0.0003833515881708653
go,microphone,7,77,18260,0.0003833515881708653
go,bed,7,78,18260,0.0003833515881708653
go,pj,7,79,18260,0.0003833515881708653
go,pop,6,80,18260,0.0003285870755750274
go,hand,6,81,18260,0.0003285870755750274
go,useta,6,82,18260,0.0003285870755750274
go,nose,6,83,18260,0.0003285870755750274
go,bill,6,84,18260,0.0003285870755750274
go,caterpillar,6,85,18260,0.0003285870755750274
go,doggie,6,86,18260,0.0003285870755750274
go,bird,6,87,18260,0.0003285870755750274
go,snort,6,88,18260,0.0003285870755750274
go,mickey,6,89,18260,0.0003285870755750274
go,mum,6,90,18260,0.0003285870755750274
go,pg,6,91,18260,0.0003285870755750274
go,sheep,6,92,18260,0.0003285870755750274
go,giraffe,6,93,18260,0.0003285870755750274
go,truck,6,94,18260,0.0003285870755750274
go,farmer,6,95,18260,0.0003285870755750274
go,adam,5,96,18260,0.0002738225629791895
go,betty,5,97,18260,0.0002738225629791895
go,sandy,5,98,18260,0.0002738225629791895
go,flower,5,99,18260,0.0002738225629791895
go,brother,5,100,18260,0.0002738225629791895
go,sludge,5,101,18260,0.0002738225629791895
go,plane,5,102,18260,0.0002738225629791895
go,santa,5,103,18260,0.0002738225629791895
go,nothing,5,104,18260,0.0002738225629791895
go,stuff,5,105,18260,0.0002738225629791895
go,number,5,106,18260,0.0002738225629791895
go,youse,5,107,18260,0.0002738225629791895
go,geese,5,108,18260,0.0002738225629791895
go,barbie,5,109,18260,0.0002738225629791895
go,mummie,5,110,18260,0.0002738225629791895
go,ear,5,111,18260,0.0002738225629791895
go,ladder,5,112,18260,0.0002738225629791895
go,auto,5,113,18260,0.0002738225629791895
go,swww,4,114,18260,0.0002190580503833516
go,fish,4,115,18260,0.0002190580503833516
go,red,4,116,18260,0.0002190580503833516
go,karen,4,117,18260,0.0002190580503833516
go,hafta,4,118,18260,0.0002190580503833516
go,driver,4,119,18260,0.0002190580503833516
go,three,4,120,18260,0.0002190580503833516
go,mary,4,121,18260,0.0002190580503833516
go,david,4,122,18260,0.0002190580503833516
go,many,4,123,18260,0.0002190580503833516
go,john,4,124,18260,0.0002190580503833516
go,spoon,4,125,18260,0.0002190580503833516
go,minnie,4,126,18260,0.0002190580503833516
go,anybody,4,127,18260,0.0002190580503833516
go,money,4,128,18260,0.0002190580503833516
go,toy,4,129,18260,0.0002190580503833516
go,matty,4,130,18260,0.0002190580503833516
go,day,4,131,18260,0.0002190580503833516
go,barrier,4,132,18260,0.0002190580503833516
go,which,4,133,18260,0.0002190580503833516
go,dinosaur,4,134,18260,0.0002190580503833516
go,rubbish,4,135,18260,0.0002190580503833516
go,computer,4,136,18260,0.0002190580503833516
go,mouth,4,137,18260,0.0002190580503833516
go,refrigerator,4,138,18260,0.0002190580503833516
go,helen,4,139,18260,0.0002190580503833516
go,anthony,4,140,18260,0.0002190580503833516
go,bean,4,141,18260,0.0002190580503833516
go,clown,4,142,18260,0.0002190580503833516
go,laura,3,143,18260,0.0001642935377875137
go,nana,3,144,18260,0.0001642935377875137
go,tail,3,145,18260,0.0001642935377875137
go,engine,3,146,18260,0.0001642935377875137
go,hadta,3,147,18260,0.0001642935377875137
go,arm,3,148,18260,0.0001642935377875137
go,foot,3,149,18260,0.0001642935377875137
go,bunny,3,150,18260,0.0001642935377875137
go,summer,3,151,18260,0.0001642935377875137
go,line,3,152,18260,0.0001642935377875137
go,road,3,153,18260,0.0001642935377875137
go,rachi,3,154,18260,0.0001642935377875137
go,tree,3,155,18260,0.0001642935377875137
go,jennifer,3,156,18260,0.0001642935377875137
go,eddie,3,157,18260,0.0001642935377875137
go,woman,3,158,18260,0.0001642935377875137
go,screw,3,159,18260,0.0001642935377875137
go,goldilocks,3,160,18260,0.0001642935377875137
go,more,3,161,18260,0.0001642935377875137
go,uncle,3,162,18260,0.0001642935377875137
go,color,3,163,18260,0.0001642935377875137
go,house,3,164,18260,0.0001642935377875137
go,mama,3,165,18260,0.0001642935377875137
go,whoop,3,166,18260,0.0001642935377875137
go,bubble,3,167,18260,0.0001642935377875137
go,jessie,3,168,18260,0.0001642935377875137
go,her,3,169,18260,0.0001642935377875137
go,abe,3,170,18260,0.0001642935377875137
go,marky,3,171,18260,0.0001642935377875137
go,song,3,172,18260,0.0001642935377875137
go,lucy,3,173,18260,0.0001642935377875137
go,puppy,3,174,18260,0.0001642935377875137
go,face,3,175,18260,0.0001642935377875137
go,spider,3,176,18260,0.0001642935377875137
go,my,3,177,18260,0.0001642935377875137
go,granny,3,178,18260,0.0001642935377875137
go,sposta,3,179,18260,0.0001642935377875137
go,fireman,3,180,18260,0.0001642935377875137
go,any,3,181,18260,0.0001642935377875137
go,weather,3,182,18260,0.0001642935377875137
go,needta,3,183,18260,0.0001642935377875137
go,rocket,3,184,18260,0.0001642935377875137
go,fox,3,185,18260,0.0001642935377875137
go,friend,3,186,18260,0.0001642935377875137
go,biff,3,187,18260,0.0001642935377875137
go,teddy,3,188,18260,0.0001642935377875137
go,tiger,3,189,18260,0.0001642935377875137
go,gorilla,3,190,18260,0.0001642935377875137
go,name,3,191,18260,0.0001642935377875137
go,toilet,3,192,18260,0.0001642935377875137
go,knife,3,193,18260,0.0001642935377875137
go,tractor,3,194,18260,0.0001642935377875137
go,someone,3,195,18260,0.0001642935377875137
go,table,3,196,18260,0.0001642935377875137
go,hose,3,197,18260,0.0001642935377875137
go,firetruck,3,198,18260,0.0001642935377875137
go,page,3,199,18260,0.0001642935377875137
go,marvinkmooney,3,200,18260,0.0001642935377875137
go,motorcycle,3,201,18260,0.0001642935377875137
go,fart,2,202,18260,0.0001095290251916758
go,paul,2,203,18260,0.0001095290251916758
go,end,2,204,18260,0.0001095290251916758
go,robin,2,205,18260,0.0001095290251916758
go,tommy,2,206,18260,0.0001095290251916758
go,auntieshirley,2,207,18260,0.0001095290251916758
go,bell,2,208,18260,0.0001095290251916758
go,cousin,2,209,18260,0.0001095290251916758
go,flag,2,210,18260,0.0001095290251916758
go,howcome,2,211,18260,0.0001095290251916758
go,snake,2,212,18260,0.0001095290251916758
go,jacob,2,213,18260,0.0001095290251916758
go,jakey,2,214,18260,0.0001095290251916758
go,jake,2,215,18260,0.0001095290251916758
go,amanda,2,216,18260,0.0001095290251916758
go,grandpa,2,217,18260,0.0001095290251916758
go,bridge,2,218,18260,0.0001095290251916758
go,finger,2,219,18260,0.0001095290251916758
go,elizabeth,2,220,18260,0.0001095290251916758
go,nut,2,221,18260,0.0001095290251916758
go,two,2,222,18260,0.0001095290251916758
go,policewoman,2,223,18260,0.0001095290251916758
go,henny,2,224,18260,0.0001095290251916758
go,five,2,225,18260,0.0001095290251916758
go,brenda,2,226,18260,0.0001095290251916758
go,oliver,2,227,18260,0.0001095290251916758
go,sister,2,228,18260,0.0001095290251916758
go,fang,2,229,18260,0.0001095290251916758
go,annie,2,230,18260,0.0001095290251916758
go,paper,2,231,18260,0.0001095290251916758
go,snowman,2,232,18260,0.0001095290251916758
go,anna,2,233,18260,0.0001095290251916758
go,tape,2,234,18260,0.0001095290251916758
go,plate,2,235,18260,0.0001095290251916758
go,milk,2,236,18260,0.0001095290251916758
go,brian,2,237,18260,0.0001095290251916758
go,rain,2,238,18260,0.0001095290251916758
go,hawk,2,239,18260,0.0001095290251916758
go,winnie,2,240,18260,0.0001095290251916758
go,broom,2,241,18260,0.0001095290251916758
go,wolf,2,242,18260,0.0001095290251916758
go,dana,2,243,18260,0.0001095290251916758
go,bro,2,244,18260,0.0001095290251916758
go,cou,2,245,18260,0.0001095290251916758
go,michelle,2,246,18260,0.0001095290251916758
go,pamela,2,247,18260,0.0001095290251916758
go,its,2,248,18260,0.0001095290251916758
go,johnny,2,249,18260,0.0001095290251916758
go,miss,2,250,18260,0.0001095290251916758
go,nobody,2,251,18260,0.0001095290251916758
go,sis,2,252,18260,0.0001095290251916758
go,anyone,2,253,18260,0.0001095290251916758
go,michael,2,254,18260,0.0001095290251916758
go,everyone,2,255,18260,0.0001095290251916758
go,tugboat,2,256,18260,0.0001095290251916758
go,shoe,2,257,18260,0.0001095290251916758
go,story,2,258,18260,0.0001095290251916758
go,tummy,2,259,18260,0.0001095290251916758
go,game,2,260,18260,0.0001095290251916758
go,bicycle,2,261,18260,0.0001095290251916758
go,jason,2,262,18260,0.0001095290251916758
go,weist,2,263,18260,0.0001095290251916758
go,book,2,264,18260,0.0001095290251916758
go,neighbor,2,265,18260,0.0001095290251916758
go,eater,2,266,18260,0.0001095290251916758
go,stripe,2,267,18260,0.0001095290251916758
go,sticker,2,268,18260,0.0001095290251916758
go,kathryn,2,269,18260,0.0001095290251916758
go,conor,2,270,18260,0.0001095290251916758
go,och,2,271,18260,0.0001095290251916758
go,hair,2,272,18260,0.0001095290251916758
go,missusmckeever,2,273,18260,0.0001095290251916758
go,bottle,2,274,18260,0.0001095290251916758
go,horsie,2,275,18260,0.0001095290251916758
go,bag,2,276,18260,0.0001095290251916758
go,sign,2,277,18260,0.0001095290251916758
go,police,2,278,18260,0.0001095290251916758
go,taxi,2,279,18260,0.0001095290251916758
go,neil,2,280,18260,0.0001095290251916758
go,bum,2,281,18260,0.0001095290251916758
go,snap,2,282,18260,0.0001095290251916758
go,son,2,283,18260,0.0001095290251916758
go,the,2,284,18260,0.0001095290251916758
go,word,2,285,18260,0.0001095290251916758
go,mrswilson,2,286,18260,0.0001095290251916758
go,sound,2,287,18260,0.0001095290251916758
go,rank,2,288,18260,0.0001095290251916758
go,oop,2,289,18260,0.0001095290251916758
go,drink,2,290,18260,0.0001095290251916758
go,other,2,291,18260,0.0001095290251916758
go,can,2,292,18260,0.0001095290251916758
go,balloon,2,293,18260,0.0001095290251916758
go,cone,2,294,18260,0.0001095290251916758
go,jeff,2,295,18260,0.0001095290251916758
go,cullin,2,296,18260,0.0001095290251916758
go,puzzle,2,297,18260,0.0001095290251916758
go,sink,2,298,18260,0.0001095290251916758
go,pig,2,299,18260,0.0001095290251916758
go,piano,2,300,18260,0.0001095290251916758
go,pie,2,301,18260,0.0001095290251916758
go,lobster,2,302,18260,0.0001095290251916758
go,pirate,2,303,18260,0.0001095290251916758
go,mail,2,304,18260,0.0001095290251916758
go,criminal,2,305,18260,0.0001095290251916758
go,cowboy,2,306,18260,0.0001095290251916758
go,elephant,2,307,18260,0.0001095290251916758
go,siren,2,308,18260,0.0001095290251916758
go,mamma,2,309,18260,0.0001095290251916758
go,butter,1,310,18260,5.47645125958379e-05
go,sauce,1,311,18260,5.47645125958379e-05
go,goose,1,312,18260,5.47645125958379e-05
go,ursula,1,313,18260,5.47645125958379e-05
go,channel,1,314,18260,5.47645125958379e-05
go,nine,1,315,18260,5.47645125958379e-05
go,ax,1,316,18260,5.47645125958379e-05
go,wing,1,317,18260,5.47645125958379e-05
go,kris,1,318,18260,5.47645125958379e-05
go,bowl,1,319,18260,5.47645125958379e-05
go,grain,1,320,18260,5.47645125958379e-05
go,norm,1,321,18260,5.47645125958379e-05
go,grampy,1,322,18260,5.47645125958379e-05
go,four,1,323,18260,5.47645125958379e-05
go,pigeon,1,324,18260,5.47645125958379e-05
go,dime,1,325,18260,5.47645125958379e-05
go,husband,1,326,18260,5.47645125958379e-05
go,joan,1,327,18260,5.47645125958379e-05
go,chantilly,1,328,18260,5.47645125958379e-05
go,today,1,329,18260,5.47645125958379e-05
go,candy,1,330,18260,5.47645125958379e-05
go,don,1,331,18260,5.47645125958379e-05
go,unclebuster,1,332,18260,5.47645125958379e-05
go,electricity,1,333,18260,5.47645125958379e-05
go,auntdot,1,334,18260,5.47645125958379e-05
go,gail,1,335,18260,5.47645125958379e-05
go,elaine,1,336,18260,5.47645125958379e-05
go,dickie,1,337,18260,5.47645125958379e-05
go,popsicle,1,338,18260,5.47645125958379e-05
go,annmarie,1,339,18260,5.47645125958379e-05
go,martian,1,340,18260,5.47645125958379e-05
go,scar,1,341,18260,5.47645125958379e-05
go,place,1,342,18260,5.47645125958379e-05
go,judy,1,343,18260,5.47645125958379e-05
go,ellie,1,344,18260,5.47645125958379e-05
go,camera,1,345,18260,5.47645125958379e-05
go,aaron,1,346,18260,5.47645125958379e-05
go,whoopie,1,347,18260,5.47645125958379e-05
go,corn,1,348,18260,5.47645125958379e-05
go,trick,1,349,18260,5.47645125958379e-05
go,liz,1,350,18260,5.47645125958379e-05
go,elana,1,351,18260,5.47645125958379e-05
go,lonnie,1,352,18260,5.47645125958379e-05
go,wanda,1,353,18260,5.47645125958379e-05
go,oughta,1,354,18260,5.47645125958379e-05
go,fellow,1,355,18260,5.47645125958379e-05
go,a,1,356,18260,5.47645125958379e-05
go,motor,1,357,18260,5.47645125958379e-05
go,plier,1,358,18260,5.47645125958379e-05
go,tire,1,359,18260,5.47645125958379e-05
go,tool,1,360,18260,5.47645125958379e-05
go,tunnel,1,361,18260,5.47645125958379e-05
go,clothes,1,362,18260,5.47645125958379e-05
go,kitty,1,363,18260,5.47645125958379e-05
go,limb,1,364,18260,5.47645125958379e-05
go,whose,1,365,18260,5.47645125958379e-05
go,rectangle,1,366,18260,5.47645125958379e-05
go,time,1,367,18260,5.47645125958379e-05
go,mariana,1,368,18260,5.47645125958379e-05
go,mr,1,369,18260,5.47645125958379e-05
go,week,1,370,18260,5.47645125958379e-05
go,sun,1,371,18260,5.47645125958379e-05
go,cinderella,1,372,18260,5.47645125958379e-05
go,nate,1,373,18260,5.47645125958379e-05
go,sally,1,374,18260,5.47645125958379e-05
go,tweet,1,375,18260,5.47645125958379e-05
go,frosty,1,376,18260,5.47645125958379e-05
go,snowmen,1,377,18260,5.47645125958379e-05
go,kimberly,1,378,18260,5.47645125958379e-05
go,mountain,1,379,18260,5.47645125958379e-05
go,whatabout,1,380,18260,5.47645125958379e-05
go,tala,1,381,18260,5.47645125958379e-05
go,kim,1,382,18260,5.47645125958379e-05
go,father,1,383,18260,5.47645125958379e-05
go,kay,1,384,18260,5.47645125958379e-05
go,conner,1,385,18260,5.47645125958379e-05
go,muscle,1,386,18260,5.47645125958379e-05
go,richie,1,387,18260,5.47645125958379e-05
go,auntie,1,388,18260,5.47645125958379e-05
go,gene,1,389,18260,5.47645125958379e-05
go,tanya,1,390,18260,5.47645125958379e-05
go,tarci,1,391,18260,5.47645125958379e-05
go,vitamin,1,392,18260,5.47645125958379e-05
go,spinach,1,393,18260,5.47645125958379e-05
go,fire,1,394,18260,5.47645125958379e-05
go,supper,1,395,18260,5.47645125958379e-05
go,cover,1,396,18260,5.47645125958379e-05
go,silverware,1,397,18260,5.47645125958379e-05
go,helmet,1,398,18260,5.47645125958379e-05
go,huey,1,399,18260,5.47645125958379e-05
go,franklin,1,400,18260,5.47645125958379e-05
go,marcella,1,401,18260,5.47645125958379e-05
go,raggedy,1,402,18260,5.47645125958379e-05
go,mammal,1,403,18260,5.47645125958379e-05
go,tam,1,404,18260,5.47645125958379e-05
go,bears,1,405,18260,5.47645125958379e-05
go,hunter,1,406,18260,5.47645125958379e-05
go,sandwich,1,407,18260,5.47645125958379e-05
go,esmerelda,1,408,18260,5.47645125958379e-05
go,giselle,1,409,18260,5.47645125958379e-05
go,piggy,1,410,18260,5.47645125958379e-05
go,nanny,1,411,18260,5.47645125958379e-05
go,inv,1,412,18260,5.47645125958379e-05
go,most,1,413,18260,5.47645125958379e-05
go,duckling,1,414,18260,5.47645125958379e-05
go,han,1,415,18260,5.47645125958379e-05
go,loraine,1,416,18260,5.47645125958379e-05
go,dude,1,417,18260,5.47645125958379e-05
go,costume,1,418,18260,5.47645125958379e-05
go,student,1,419,18260,5.47645125958379e-05
go,damion,1,420,18260,5.47645125958379e-05
go,tonic,1,421,18260,5.47645125958379e-05
go,dream,1,422,18260,5.47645125958379e-05
go,ant,1,423,18260,5.47645125958379e-05
go,mikey,1,424,18260,5.47645125958379e-05
go,shayla,1,425,18260,5.47645125958379e-05
go,cup,1,426,18260,5.47645125958379e-05
go,justin,1,427,18260,5.47645125958379e-05
go,lou,1,428,18260,5.47645125958379e-05
go,blood,1,429,18260,5.47645125958379e-05
go,tompinkerton,1,430,18260,5.47645125958379e-05
go,class,1,431,18260,5.47645125958379e-05
go,carol,1,432,18260,5.47645125958379e-05
go,spear,1,433,18260,5.47645125958379e-05
go,billy,1,434,18260,5.47645125958379e-05
go,louis,1,435,18260,5.47645125958379e-05
go,rossie,1,436,18260,5.47645125958379e-05
go,heart,1,437,18260,5.47645125958379e-05
go,old,1,438,18260,5.47645125958379e-05
go,plug,1,439,18260,5.47645125958379e-05
go,witch,1,440,18260,5.47645125958379e-05
go,howabout,1,441,18260,5.47645125958379e-05
go,airplane,1,442,18260,5.47645125958379e-05
go,fever,1,443,18260,5.47645125958379e-05
go,rooster,1,444,18260,5.47645125958379e-05
go,orange,1,445,18260,5.47645125958379e-05
go,santaclaus,1,446,18260,5.47645125958379e-05
go,noyden,1,447,18260,5.47645125958379e-05
go,zioncovenant,1,448,18260,5.47645125958379e-05
go,lindsey,1,449,18260,5.47645125958379e-05
go,auntcarey,1,450,18260,5.47645125958379e-05
go,rolley,1,451,18260,5.47645125958379e-05
go,candle,1,452,18260,5.47645125958379e-05
go,pail,1,453,18260,5.47645125958379e-05
go,party,1,454,18260,5.47645125958379e-05
go,cody,1,455,18260,5.47645125958379e-05
go,kickstand,1,456,18260,5.47645125958379e-05
go,soccer,1,457,18260,5.47645125958379e-05
go,irene,1,458,18260,5.47645125958379e-05
go,tortoise,1,459,18260,5.47645125958379e-05
go,pet,1,460,18260,5.47645125958379e-05
go,ketchup,1,461,18260,5.47645125958379e-05
go,cindy,1,462,18260,5.47645125958379e-05
go,both,1,463,18260,5.47645125958379e-05
go,sword,1,464,18260,5.47645125958379e-05
go,spiderman,1,465,18260,5.47645125958379e-05
go,statue,1,466,18260,5.47645125958379e-05
go,cabin,1,467,18260,5.47645125958379e-05
go,brachiosaurus,1,468,18260,5.47645125958379e-05
go,wife,1,469,18260,5.47645125958379e-05
go,player,1,470,18260,5.47645125958379e-05
go,voice,1,471,18260,5.47645125958379e-05
go,shark,1,472,18260,5.47645125958379e-05
go,vacuum,1,473,18260,5.47645125958379e-05
go,nemo,1,474,18260,5.47645125958379e-05
go,mop,1,475,18260,5.47645125958379e-05
go,diet,1,476,18260,5.47645125958379e-05
go,zip,1,477,18260,5.47645125958379e-05
go,kilty,1,478,18260,5.47645125958379e-05
go,matthew,1,479,18260,5.47645125958379e-05
go,same,1,480,18260,5.47645125958379e-05
go,steven,1,481,18260,5.47645125958379e-05
go,wind,1,482,18260,5.47645125958379e-05
go,friday,1,483,18260,5.47645125958379e-05
go,lot,1,484,18260,5.47645125958379e-05
go,pound,1,485,18260,5.47645125958379e-05
go,pattern,1,486,18260,5.47645125958379e-05
go,maggie,1,487,18260,5.47645125958379e-05
go,back,1,488,18260,5.47645125958379e-05
go,ankle,1,489,18260,5.47645125958379e-05
go,curtain,1,490,18260,5.47645125958379e-05
go,patrick,1,491,18260,5.47645125958379e-05
go,ethan,1,492,18260,5.47645125958379e-05
go,mike,1,493,18260,5.47645125958379e-05
go,nelligan,1,494,18260,5.47645125958379e-05
go,susan,1,495,18260,5.47645125958379e-05
go,hopalongbill,1,496,18260,5.47645125958379e-05
go,black,1,497,18260,5.47645125958379e-05
go,whereabouts,1,498,18260,5.47645125958379e-05
go,postmanpat,1,499,18260,5.47645125958379e-05
go,firemansam,1,500,18260,5.47645125958379e-05
go,pear,1,501,18260,5.47645125958379e-05
go,stair,1,502,18260,5.47645125958379e-05
go,bobbyshafto,1,503,18260,5.47645125958379e-05
go,samara,1,504,18260,5.47645125958379e-05
go,skateboard,1,505,18260,5.47645125958379e-05
go,monster,1,506,18260,5.47645125958379e-05
go,crocodile,1,507,18260,5.47645125958379e-05
go,elvis,1,508,18260,5.47645125958379e-05
go,fruit,1,509,18260,5.47645125958379e-05
go,foam,1,510,18260,5.47645125958379e-05
go,steam,1,511,18260,5.47645125958379e-05
go,potato,1,512,18260,5.47645125958379e-05
go,miles,1,513,18260,5.47645125958379e-05
go,cheese,1,514,18260,5.47645125958379e-05
go,log,1,515,18260,5.47645125958379e-05
go,tube,1,516,18260,5.47645125958379e-05
go,van,1,517,18260,5.47645125958379e-05
go,robber,1,518,18260,5.47645125958379e-05
go,sergeant,1,519,18260,5.47645125958379e-05
go,icing,1,520,18260,5.47645125958379e-05
go,paint,1,521,18260,5.47645125958379e-05
go,frog,1,522,18260,5.47645125958379e-05
go,jeannine,1,523,18260,5.47645125958379e-05
go,tear,1,524,18260,5.47645125958379e-05
go,switch,1,525,18260,5.47645125958379e-05
go,luggage,1,526,18260,5.47645125958379e-05
go,peach,1,527,18260,5.47645125958379e-05
go,crusher,1,528,18260,5.47645125958379e-05
go,our,1,529,18260,5.47645125958379e-05
go,minute,1,530,18260,5.47645125958379e-05
go,point,1,531,18260,5.47645125958379e-05
go,lawnmower,1,532,18260,5.47645125958379e-05
go,coin,1,533,18260,5.47645125958379e-05
go,grit,1,534,18260,5.47645125958379e-05
go,ingredient,1,535,18260,5.47645125958379e-05
go,toothbrush,1,536,18260,5.47645125958379e-05
go,olivia,1,537,18260,5.47645125958379e-05
go,trunk,1,538,18260,5.47645125958379e-05
go,phone,1,539,18260,5.47645125958379e-05
go,dipsy,1,540,18260,5.47645125958379e-05
go,lifeboat,1,541,18260,5.47645125958379e-05
go,teletubbies,1,542,18260,5.47645125958379e-05
go,soap,1,543,18260,5.47645125958379e-05
go,clock,1,544,18260,5.47645125958379e-05
go,iron,1,545,18260,5.47645125958379e-05
go,bin,1,546,18260,5.47645125958379e-05
go,puss,1,547,18260,5.47645125958379e-05
go,station,1,548,18260,5.47645125958379e-05
go,vase,1,549,18260,5.47645125958379e-05
go,hat,1,550,18260,5.47645125958379e-05
go,whisker,1,551,18260,5.47645125958379e-05
go,pussycat,1,552,18260,5.47645125958379e-05
go,calendar,1,553,18260,5.47645125958379e-05
go,auntielesley,1,554,18260,5.47645125958379e-05
go,merry,1,555,18260,5.47645125958379e-05
go,uncleed,1,556,18260,5.47645125958379e-05
go,school,1,557,18260,5.47645125958379e-05
go,buffer,1,558,18260,5.47645125958379e-05
go,half,1,559,18260,5.47645125958379e-05
go,fizz,1,560,18260,5.47645125958379e-05
go,pipe,1,561,18260,5.47645125958379e-05
go,oven,1,562,18260,5.47645125958379e-05
go,box,1,563,18260,5.47645125958379e-05
go,envelope,1,564,18260,5.47645125958379e-05
go,rabbit,1,565,18260,5.47645125958379e-05
go,shop,1,566,18260,5.47645125958379e-05
go,volcano,1,567,18260,5.47645125958379e-05
go,cockadoodledoo,1,568,18260,5.47645125958379e-05
go,dragon,1,569,18260,5.47645125958379e-05
go,wool,1,570,18260,5.47645125958379e-05
go,headache,1,571,18260,5.47645125958379e-05
go,pinger,1,572,18260,5.47645125958379e-05
go,rory,1,573,18260,5.47645125958379e-05
go,christopher,1,574,18260,5.47645125958379e-05
go,darren,1,575,18260,5.47645125958379e-05
go,tongue,1,576,18260,5.47645125958379e-05
go,iris,1,577,18260,5.47645125958379e-05
go,plaster,1,578,18260,5.47645125958379e-05
go,jonathan,1,579,18260,5.47645125958379e-05
go,aeroplane,1,580,18260,5.47645125958379e-05
go,picture,1,581,18260,5.47645125958379e-05
go,ken,1,582,18260,5.47645125958379e-05
go,skipper,1,583,18260,5.47645125958379e-05
go,bonnie,1,584,18260,5.47645125958379e-05
go,tray,1,585,18260,5.47645125958379e-05
go,bracelet,1,586,18260,5.47645125958379e-05
go,tom,1,587,18260,5.47645125958379e-05
go,grandad,1,588,18260,5.47645125958379e-05
go,ludovica,1,589,18260,5.47645125958379e-05
go,shoemaker,1,590,18260,5.47645125958379e-05
go,passenger,1,591,18260,5.47645125958379e-05
go,digger,1,592,18260,5.47645125958379e-05
go,work,1,593,18260,5.47645125958379e-05
go,timmy,1,594,18260,5.47645125958379e-05
go,harry,1,595,18260,5.47645125958379e-05
go,nursery,1,596,18260,5.47645125958379e-05
go,cake,1,597,18260,5.47645125958379e-05
go,mouse,1,598,18260,5.47645125958379e-05
go,mister,1,599,18260,5.47645125958379e-05
go,buzz,1,600,18260,5.47645125958379e-05
go,cooker,1,601,18260,5.47645125958379e-05
go,hamster,1,602,18260,5.47645125958379e-05
go,floor,1,603,18260,5.47645125958379e-05
go,stretcher,1,604,18260,5.47645125958379e-05
go,plant,1,605,18260,5.47645125958379e-05
go,tyke,1,606,18260,5.47645125958379e-05
go,kit,1,607,18260,5.47645125958379e-05
go,hospital,1,608,18260,5.47645125958379e-05
go,anything,1,609,18260,5.47645125958379e-05
go,canoe,1,610,18260,5.47645125958379e-05
go,yo,1,611,18260,5.47645125958379e-05
go,firemen,1,612,18260,5.47645125958379e-05
go,xman,1,613,18260,5.47645125958379e-05
go,crutch,1,614,18260,5.47645125958379e-05
go,bow,1,615,18260,5.47645125958379e-05
go,equipment,1,616,18260,5.47645125958379e-05
go,shovel,1,617,18260,5.47645125958379e-05
go,tv,1,618,18260,5.47645125958379e-05
go,nurse,1,619,18260,5.47645125958379e-05
go,woody,1,620,18260,5.47645125958379e-05
go,surprise,1,621,18260,5.47645125958379e-05
go,max,1,622,18260,5.47645125958379e-05
go,powder,1,623,18260,5.47645125958379e-05
go,lid,1,624,18260,5.47645125958379e-05
go,food,1,625,18260,5.47645125958379e-05
go,sno,1,626,18260,5.47645125958379e-05
go,frenchfry,1,627,18260,5.47645125958379e-05
go,hamburger,1,628,18260,5.47645125958379e-05
go,straw,1,629,18260,5.47645125958379e-05
go,letter,1,630,18260,5.47645125958379e-05
go,bob,1,631,18260,5.47645125958379e-05
go,thumb,1,632,18260,5.47645125958379e-05
go,rest,1,633,18260,5.47645125958379e-05
go,block,1,634,18260,5.47645125958379e-05
go,unclebarry,1,635,18260,5.47645125958379e-05
go,pants,1,636,18260,5.47645125958379e-05
go,purple,1,637,18260,5.47645125958379e-05
go,mrbear,1,638,18260,5.47645125958379e-05
go,mark,1,639,18260,5.47645125958379e-05
go,eye,1,640,18260,5.47645125958379e-05
go,pan,1,641,18260,5.47645125958379e-05
go,jeffery,1,642,18260,5.47645125958379e-05
go,cutter,1,643,18260,5.47645125958379e-05
go,television,1,644,18260,5.47645125958379e-05
go,penguin,1,645,18260,5.47645125958379e-05
go,art,1,646,18260,5.47645125958379e-05
go,track,1,647,18260,5.47645125958379e-05
go,pizza,1,648,18260,5.47645125958379e-05
go,mooney,1,649,18260,5.47645125958379e-05
go,marvin,1,650,18260,5.47645125958379e-05
go,spot,1,651,18260,5.47645125958379e-05
go,calf,1,652,18260,5.47645125958379e-05
go,record,1,653,18260,5.47645125958379e-05
go,activity,1,654,18260,5.47645125958379e-05
go,triangle,1,655,18260,5.47645125958379e-05
go,circle,1,656,18260,5.47645125958379e-05
go,chief,1,657,18260,5.47645125958379e-05
go,street,1,658,18260,5.47645125958379e-05
go,lego,1,659,18260,5.47645125958379e-05
go,sand,1,660,18260,5.47645125958379e-05
go,rock,1,661,18260,5.47645125958379e-05
go,bug,1,662,18260,5.47645125958379e-05
go,bluebird,1,663,18260,5.47645125958379e-05
go,apple,1,664,18260,5.47645125958379e-05
go,prize,1,665,18260,5.47645125958379e-05
go,cottontail,1,666,18260,5.47645125958379e-05
go,mcgregor,1,667,18260,5.47645125958379e-05
go,priest,1,668,18260,5.47645125958379e-05
go,una,1,669,18260,5.47645125958379e-05
go,small,1,670,18260,5.47645125958379e-05
go,sal,1,671,18260,5.47645125958379e-05
go,anchor,1,672,18260,5.47645125958379e-05
go,gram,1,673,18260,5.47645125958379e-05
go,pilot,1,674,18260,5.47645125958379e-05
go,ship,1,675,18260,5.47645125958379e-05
go,chair,1,676,18260,5.47645125958379e-05
go,alarm,1,677,18260,5.47645125958379e-05
go,leg,1,678,18260,5.47645125958379e-05
go,nda,1,679,18260,5.47645125958379e-05
go,fievel,1,680,18260,5.47645125958379e-05
go,cookie,1,681,18260,5.47645125958379e-05
go,jessica,1,682,18260,5.47645125958379e-05
go,fellas,1,683,18260,5.47645125958379e-05
go,bone,1,684,18260,5.47645125958379e-05
go,grandpop,1,685,18260,5.47645125958379e-05
go,policemen,1,686,18260,5.47645125958379e-05
go,gasoline,1,687,18260,5.47645125958379e-05
go,ryan,1,688,18260,5.47645125958379e-05
go,boohoo,1,689,18260,5.47645125958379e-05
go,landing,1,690,18260,5.47645125958379e-05
go,door,1,691,18260,5.47645125958379e-05
go,ellen,1,692,18260,5.47645125958379e-05
go,magician,1,693,18260,5.47645125958379e-05
go,mailman,1,694,18260,5.47645125958379e-05
go,papa,1,695,18260,5.47645125958379e-05
go,booth,1,696,18260,5.47645125958379e-05
go,grandmother,1,697,18260,5.47645125958379e-05
go,circus,1,698,18260,5.47645125958379e-05
go,danny,1,699,18260,5.47645125958379e-05
go,trapeze,1,700,18260,5.47645125958379e-05
go,show,1,701,18260,5.47645125958379e-05
go,robot,1,702,18260,5.47645125958379e-05
go,ticket,1,703,18260,5.47645125958379e-05
go,alligator,1,704,18260,5.47645125958379e-05
go,turkey,1,705,18260,5.47645125958379e-05
go,jo,1,706,18260,5.47645125958379e-05
go,bobby,1,707,18260,5.47645125958379e-05
go,pamy,1,708,18260,5.47645125958379e-05
go,pam,1,709,18260,5.47645125958379e-05
go,nicky,1,710,18260,5.47645125958379e-05
go,mammy,1,711,18260,5.47645125958379e-05
go,wagon,1,712,18260,5.47645125958379e-05
do,you,6122,1,14226,0.4303388162519331
do,we,1272,2,14226,0.08941374947279629
do,i,1260,3,14226,0.08857022353437369
do,he,1230,4,14226,0.08646140868831717
do,they,945,5,14226,0.06642766765078026
do,she,818,6,14226,0.05750035146914101
do,it,777,7,14226,0.05461830451286377
do,that,125,8,14226,0.008786728525235484
do,who,105,9,14226,0.007380851961197807
do,person,58,10,14226,0.004077042035709265
do,mom,51,11,14226,0.0035849852382960775
do,one,47,12,14226,0.003303809925488542
do,dad,39,13,14226,0.002741459299873471
do,girl,38,14,14226,0.0026711654716715873
do,boy,37,15,14226,0.0026008716434697036
do,guy,33,16,14226,0.002319696330662168
do,this,30,17,14226,0.002108814846056516
do,daddy,30,18,14226,0.002108814846056516
do,sound,29,19,14226,0.0020385210178546324
do,cat,23,20,14226,0.0016167580486433292
do,baby,23,21,14226,0.0016167580486433292
do,kid,21,22,14226,0.0014761703922395613
do,mummy,20,23,14226,0.0014058765640376776
do,dog,18,24,14226,0.0012652889076339097
do,what,17,25,14226,0.001194995079432026
do,mommy,17,26,14226,0.001194995079432026
do,thomas,17,27,14226,0.001194995079432026
do,frog,15,28,14226,0.001054407423028258
do,monkey,15,29,14226,0.001054407423028258
do,man,14,30,14226,0.0009841135948263741
do,useta,13,31,14226,0.0009138197666244904
do,animal,12,32,14226,0.0008435259384226065
do,kitty,11,33,14226,0.0007732321102207226
do,lion,11,34,14226,0.0007732321102207226
do,brother,10,35,14226,0.0007029382820188388
do,some,9,36,14226,0.0006326444538169548
do,chi,9,37,14226,0.0006326444538169548
do,bird,9,38,14226,0.0006326444538169548
do,two,8,39,14226,0.000562350625615071
do,someone,8,40,14226,0.000562350625615071
do,lady,8,41,14226,0.000562350625615071
do,horse,8,42,14226,0.000562350625615071
do,thing,8,43,14226,0.000562350625615071
do,purdie,8,44,14226,0.000562350625615071
do,youall,7,45,14226,0.0004920567974131871
do,sister,7,46,14226,0.0004920567974131871
do,your,7,47,14226,0.0004920567974131871
do,story,7,48,14226,0.0004920567974131871
do,everybody,6,49,14226,0.00042176296921130323
do,elephant,6,50,14226,0.00042176296921130323
do,caterpillar,6,51,14226,0.00042176296921130323
do,friend,6,52,14226,0.00042176296921130323
do,teacher,6,53,14226,0.00042176296921130323
do,child,6,54,14226,0.00042176296921130323
do,giraffe,6,55,14226,0.00042176296921130323
do,och,6,56,14226,0.00042176296921130323
do,mum,6,57,14226,0.00042176296921130323
do,buzz,6,58,14226,0.00042176296921130323
do,harry,6,59,14226,0.00042176296921130323
do,her,5,60,14226,0.0003514691410094194
do,bear,5,61,14226,0.0003514691410094194
do,go,5,62,14226,0.0003514691410094194
do,doctor,5,63,14226,0.0003514691410094194
do,pg,5,64,14226,0.0003514691410094194
do,rabbit,5,65,14226,0.0003514691410094194
do,marky,5,66,14226,0.0003514691410094194
do,name,5,67,14226,0.0003514691410094194
do,santa,4,68,14226,0.0002811753128075355
do,cow,4,69,14226,0.0002811753128075355
do,sarah,4,70,14226,0.0002811753128075355
do,hafta,4,71,14226,0.0002811753128075355
do,grandma,4,72,14226,0.0002811753128075355
do,car,4,73,14226,0.0002811753128075355
do,monster,4,74,14226,0.0002811753128075355
do,hasta,4,75,14226,0.0002811753128075355
do,the,4,76,14226,0.0002811753128075355
do,everyone,4,77,14226,0.0002811753128075355
do,chair,4,78,14226,0.0002811753128075355
do,mouse,4,79,14226,0.0002811753128075355
do,sposta,4,80,14226,0.0002811753128075355
do,ball,4,81,14226,0.0002811753128075355
do,lot,4,82,14226,0.0002811753128075355
do,billy,4,83,14226,0.0002811753128075355
do,mammy,4,84,14226,0.0002811753128075355
do,adam,3,85,14226,0.00021088148460565162
do,crayon,3,86,14226,0.00021088148460565162
do,diver,3,87,14226,0.00021088148460565162
do,somebody,3,88,14226,0.00021088148460565162
do,clown,3,89,14226,0.00021088148460565162
do,four,3,90,14226,0.00021088148460565162
do,all,3,91,14226,0.00021088148460565162
do,jacob,3,92,14226,0.00021088148460565162
do,eye,3,93,14226,0.00021088148460565162
do,tool,3,94,14226,0.00021088148460565162
do,book,3,95,14226,0.00021088148460565162
do,train,3,96,14226,0.00021088148460565162
do,nobody,3,97,14226,0.00021088148460565162
do,miss,3,98,14226,0.00021088148460565162
do,bunny,3,99,14226,0.00021088148460565162
do,abe,3,100,14226,0.00021088148460565162
do,john,3,101,14226,0.00021088148460565162
do,flower,3,102,14226,0.00021088148460565162
do,octopus,3,103,14226,0.00021088148460565162
do,lindsey,3,104,14226,0.00021088148460565162
do,ohmygoodness,3,105,14226,0.00021088148460565162
do,sheep,3,106,14226,0.00021088148460565162
do,dawson,3,107,14226,0.00021088148460565162
do,police,3,108,14226,0.00021088148460565162
do,snake,3,109,14226,0.00021088148460565162
do,conor,3,110,14226,0.00021088148460565162
do,bit,3,111,14226,0.00021088148460565162
do,youse,3,112,14226,0.00021088148460565162
do,mummie,3,113,14226,0.00021088148460565162
do,samara,3,114,14226,0.00021088148460565162
do,binocular,3,115,14226,0.00021088148460565162
do,foot,3,116,14226,0.00021088148460565162
do,boat,3,117,14226,0.00021088148460565162
do,peter,3,118,14226,0.00021088148460565162
do,farmer,3,119,14226,0.00021088148460565162
do,bob,3,120,14226,0.00021088148460565162
do,my,2,121,14226,0.00014058765640376775
do,god,2,122,14226,0.00014058765640376775
do,fish,2,123,14226,0.00014058765640376775
do,robin,2,124,14226,0.00014058765640376775
do,both,2,125,14226,0.00014058765640376775
do,nurse,2,126,14226,0.00014058765640376775
do,bone,2,127,14226,0.00014058765640376775
do,mother,2,128,14226,0.00014058765640376775
do,georgie,2,129,14226,0.00014058765640376775
do,rest,2,130,14226,0.00014058765640376775
do,becky,2,131,14226,0.00014058765640376775
do,needta,2,132,14226,0.00014058765640376775
do,cost,2,133,14226,0.00014058765640376775
do,michael,2,134,14226,0.00014058765640376775
do,policeman,2,135,14226,0.00014058765640376775
do,titch,2,136,14226,0.00014058765640376775
do,parent,2,137,14226,0.00014058765640376775
do,matthew,2,138,14226,0.00014058765640376775
do,bee,2,139,14226,0.00014058765640376775
do,helicopter,2,140,14226,0.00014058765640376775
do,food,2,141,14226,0.00014058765640376775
do,number,2,142,14226,0.00014058765640376775
do,door,2,143,14226,0.00014058765640376775
do,robot,2,144,14226,0.00014058765640376775
do,king,2,145,14226,0.00014058765640376775
do,men,2,146,14226,0.00014058765640376775
do,yoda,2,147,14226,0.00014058765640376775
do,old,2,148,14226,0.00014058765640376775
do,neither,2,149,14226,0.00014058765640376775
do,let,2,150,14226,0.00014058765640376775
do,sun,2,151,14226,0.00014058765640376775
do,tooth,2,152,14226,0.00014058765640376775
do,noise,2,153,14226,0.00014058765640376775
do,snail,2,154,14226,0.00014058765640376775
do,anybody,2,155,14226,0.00014058765640376775
do,gramma,2,156,14226,0.00014058765640376775
do,rolley,2,157,14226,0.00014058765640376775
do,clifford,2,158,14226,0.00014058765640376775
do,stuff,2,159,14226,0.00014058765640376775
do,roman,2,160,14226,0.00014058765640376775
do,matty,2,161,14226,0.00014058765640376775
do,color,2,162,14226,0.00014058765640376775
do,movie,2,163,14226,0.00014058765640376775
do,face,2,164,14226,0.00014058765640376775
do,chef,2,165,14226,0.00014058765640376775
do,crocodile,2,166,14226,0.00014058765640376775
do,kathryn,2,167,14226,0.00014058765640376775
do,pig,2,168,14226,0.00014058765640376775
do,barbie,2,169,14226,0.00014058765640376775
do,penny,2,170,14226,0.00014058765640376775
do,hand,2,171,14226,0.00014058765640376775
do,laser,2,172,14226,0.00014058765640376775
do,water,2,173,14226,0.00014058765640376775
do,work,2,174,14226,0.00014058765640376775
do,engine,2,175,14226,0.00014058765640376775
do,fox,2,176,14226,0.00014058765640376775
do,bat,2,177,14226,0.00014058765640376775
do,jesus,2,178,14226,0.00014058765640376775
do,biff,2,179,14226,0.00014058765640376775
do,way,2,180,14226,0.00014058765640376775
do,kathy,2,181,14226,0.00014058765640376775
do,end,2,182,14226,0.00014058765640376775
do,goat,2,183,14226,0.00014058765640376775
do,puppy,2,184,14226,0.00014058765640376775
do,parrot,2,185,14226,0.00014058765640376775
do,megan,2,186,14226,0.00014058765640376775
do,toot,2,187,14226,0.00014058765640376775
do,duck,2,188,14226,0.00014058765640376775
do,bonnie,2,189,14226,0.00014058765640376775
do,jeremy,2,190,14226,0.00014058765640376775
do,will,2,191,14226,0.00014058765640376775
do,duster,2,192,14226,0.00014058765640376775
do,hat,2,193,14226,0.00014058765640376775
do,most,2,194,14226,0.00014058765640376775
do,any,2,195,14226,0.00014058765640376775
do,andrew,2,196,14226,0.00014058765640376775
do,something,2,197,14226,0.00014058765640376775
do,horn,2,198,14226,0.00014058765640376775
do,truck,2,199,14226,0.00014058765640376775
do,bro,2,200,14226,0.00014058765640376775
do,hin,2,201,14226,0.00014058765640376775
do,anything,2,202,14226,0.00014058765640376775
do,timmy,2,203,14226,0.00014058765640376775
do,motorcycle,2,204,14226,0.00014058765640376775
do,oscar,2,205,14226,0.00014058765640376775
do,microphone,1,206,14226,7.029382820188388e-05
do,johnson,1,207,14226,7.029382820188388e-05
do,family,1,208,14226,7.029382820188388e-05
do,laura,1,209,14226,7.029382820188388e-05
do,mrs,1,210,14226,7.029382820188388e-05
do,pokky,1,211,14226,7.029382820188388e-05
do,amina,1,212,14226,7.029382820188388e-05
do,kiki,1,213,14226,7.029382820188388e-05
do,package,1,214,14226,7.029382820188388e-05
do,santaclaus,1,215,14226,7.029382820188388e-05
do,station,1,216,14226,7.029382820188388e-05
do,wiper,1,217,14226,7.029382820188388e-05
do,slide,1,218,14226,7.029382820188388e-05
do,diandra,1,219,14226,7.029382820188388e-05
do,paper,1,220,14226,7.029382820188388e-05
do,spear,1,221,14226,7.029382820188388e-05
do,bullet,1,222,14226,7.029382820188388e-05
do,wait,1,223,14226,7.029382820188388e-05
do,adamy,1,224,14226,7.029382820188388e-05
do,corkscrew,1,225,14226,7.029382820188388e-05
do,drop,1,226,14226,7.029382820188388e-05
do,cough,1,227,14226,7.029382820188388e-05
do,dickie,1,228,14226,7.029382820188388e-05
do,cotton,1,229,14226,7.029382820188388e-05
do,turtle,1,230,14226,7.029382820188388e-05
do,annmarie,1,231,14226,7.029382820188388e-05
do,everything,1,232,14226,7.029382820188388e-05
do,doll,1,233,14226,7.029382820188388e-05
do,dick,1,234,14226,7.029382820188388e-05
do,run,1,235,14226,7.029382820188388e-05
do,gigi,1,236,14226,7.029382820188388e-05
do,oven,1,237,14226,7.029382820188388e-05
do,basket,1,238,14226,7.029382820188388e-05
do,bozo,1,239,14226,7.029382820188388e-05
do,mean,1,240,14226,7.029382820188388e-05
do,hose,1,241,14226,7.029382820188388e-05
do,baboon,1,242,14226,7.029382820188388e-05
do,ann,1,243,14226,7.029382820188388e-05
do,don,1,244,14226,7.029382820188388e-05
do,betty,1,245,14226,7.029382820188388e-05
do,batman,1,246,14226,7.029382820188388e-05
do,huh,1,247,14226,7.029382820188388e-05
do,dentist,1,248,14226,7.029382820188388e-05
do,tail,1,249,14226,7.029382820188388e-05
do,melissa,1,250,14226,7.029382820188388e-05
do,jakey,1,251,14226,7.029382820188388e-05
do,karen,1,252,14226,7.029382820188388e-05
do,part,1,253,14226,7.029382820188388e-05
do,comb,1,254,14226,7.029382820188388e-05
do,nico,1,255,14226,7.029382820188388e-05
do,playdoh,1,256,14226,7.029382820188388e-05
do,videotape,1,257,14226,7.029382820188388e-05
do,bradley,1,258,14226,7.029382820188388e-05
do,adult,1,259,14226,7.029382820188388e-05
do,firstname,1,260,14226,7.029382820188388e-05
do,grownup,1,261,14226,7.029382820188388e-05
do,jennifer,1,262,14226,7.029382820188388e-05
do,david,1,263,14226,7.029382820188388e-05
do,uncle,1,264,14226,7.029382820188388e-05
do,theresa,1,265,14226,7.029382820188388e-05
do,aaron,1,266,14226,7.029382820188388e-05
do,chuckie,1,267,14226,7.029382820188388e-05
do,kind,1,268,14226,7.029382820188388e-05
do,mary,1,269,14226,7.029382820188388e-05
do,pizza,1,270,14226,7.029382820188388e-05
do,furry,1,271,14226,7.029382820188388e-05
do,plumber,1,272,14226,7.029382820188388e-05
do,bug,1,273,14226,7.029382820188388e-05
do,mama,1,274,14226,7.029382820188388e-05
do,mario,1,275,14226,7.029382820188388e-05
do,time,1,276,14226,7.029382820188388e-05
do,flashlight,1,277,14226,7.029382820188388e-05
do,grandpa,1,278,14226,7.029382820188388e-05
do,dolphin,1,279,14226,7.029382820188388e-05
do,michele,1,280,14226,7.029382820188388e-05
do,word,1,281,14226,7.029382820188388e-05
do,tarci,1,282,14226,7.029382820188388e-05
do,nicky,1,283,14226,7.029382820188388e-05
do,anyone,1,284,14226,7.029382820188388e-05
do,set,1,285,14226,7.029382820188388e-05
do,eddie,1,286,14226,7.029382820188388e-05
do,charlie,1,287,14226,7.029382820188388e-05
do,pluto,1,288,14226,7.029382820188388e-05
do,huey,1,289,14226,7.029382820188388e-05
do,strawberry,1,290,14226,7.029382820188388e-05
do,raggedy,1,291,14226,7.029382820188388e-05
do,rainbow,1,292,14226,7.029382820188388e-05
do,doggie,1,293,14226,7.029382820188388e-05
do,tam,1,294,14226,7.029382820188388e-05
do,rocket,1,295,14226,7.029382820188388e-05
do,owl,1,296,14226,7.029382820188388e-05
do,piggy,1,297,14226,7.029382820188388e-05
do,three,1,298,14226,7.029382820188388e-05
do,april,1,299,14226,7.029382820188388e-05
do,grammy,1,300,14226,7.029382820188388e-05
do,han,1,301,14226,7.029382820188388e-05
do,mot,1,302,14226,7.029382820188388e-05
do,linda,1,303,14226,7.029382820188388e-05
do,hypnotist,1,304,14226,7.029382820188388e-05
do,mommas,1,305,14226,7.029382820188388e-05
do,diana,1,306,14226,7.029382820188388e-05
do,jessica,1,307,14226,7.029382820188388e-05
do,honey,1,308,14226,7.029382820188388e-05
do,store,1,309,14226,7.029382820188388e-05
do,bed,1,310,14226,7.029382820188388e-05
do,snuffy,1,311,14226,7.029382820188388e-05
do,jason,1,312,14226,7.029382820188388e-05
do,chopwood,1,313,14226,7.029382820188388e-05
do,robber,1,314,14226,7.029382820188388e-05
do,cord,1,315,14226,7.029382820188388e-05
do,soldier,1,316,14226,7.029382820188388e-05
do,war,1,317,14226,7.029382820188388e-05
do,ross,1,318,14226,7.029382820188388e-05
do,yahoo,1,319,14226,7.029382820188388e-05
do,beam,1,320,14226,7.029382820188388e-05
do,friar,1,321,14226,7.029382820188388e-05
do,sleep,1,322,14226,7.029382820188388e-05
do,luke,1,323,14226,7.029382820188388e-05
do,rossy,1,324,14226,7.029382820188388e-05
do,draculas,1,325,14226,7.029382820188388e-05
do,mark,1,326,14226,7.029382820188388e-05
do,knee,1,327,14226,7.029382820188388e-05
do,leg,1,328,14226,7.029382820188388e-05
do,slug,1,329,14226,7.029382820188388e-05
do,johnny,1,330,14226,7.029382820188388e-05
do,buzzer,1,331,14226,7.029382820188388e-05
do,donut,1,332,14226,7.029382820188388e-05
do,jibo,1,333,14226,7.029382820188388e-05
do,talk,1,334,14226,7.029382820188388e-05
do,more,1,335,14226,7.029382820188388e-05
do,army,1,336,14226,7.029382820188388e-05
do,lara,1,337,14226,7.029382820188388e-05
do,elizah,1,338,14226,7.029382820188388e-05
do,cheerleader,1,339,14226,7.029382820188388e-05
do,auntcarey,1,340,14226,7.029382820188388e-05
do,campfire,1,341,14226,7.029382820188388e-05
do,sadie,1,342,14226,7.029382820188388e-05
do,owner,1,343,14226,7.029382820188388e-05
do,candy,1,344,14226,7.029382820188388e-05
do,tiki,1,345,14226,7.029382820188388e-05
do,sammy,1,346,14226,7.029382820188388e-05
do,jeanie,1,347,14226,7.029382820188388e-05
do,monica,1,348,14226,7.029382820188388e-05
do,tinkerbell,1,349,14226,7.029382820188388e-05
do,goblin,1,350,14226,7.029382820188388e-05
do,spider,1,351,14226,7.029382820188388e-05
do,green,1,352,14226,7.029382820188388e-05
do,mckayla,1,353,14226,7.029382820188388e-05
do,lumpas,1,354,14226,7.029382820188388e-05
do,germy,1,355,14226,7.029382820188388e-05
do,plane,1,356,14226,7.029382820188388e-05
do,world,1,357,14226,7.029382820188388e-05
do,president,1,358,14226,7.029382820188388e-05
do,dinosaur,1,359,14226,7.029382820188388e-05
do,white,1,360,14226,7.029382820188388e-05
do,quilt,1,361,14226,7.029382820188388e-05
do,hulk,1,362,14226,7.029382820188388e-05
do,hammer,1,363,14226,7.029382820188388e-05
do,wrench,1,364,14226,7.029382820188388e-05
do,sylvia,1,365,14226,7.029382820188388e-05
do,cathy,1,366,14226,7.029382820188388e-05
do,greta,1,367,14226,7.029382820188388e-05
do,jack,1,368,14226,7.029382820188388e-05
do,chloe,1,369,14226,7.029382820188388e-05
do,gillian,1,370,14226,7.029382820188388e-05
do,son,1,371,14226,7.029382820188388e-05
do,chipmunk,1,372,14226,7.029382820188388e-05
do,pirate,1,373,14226,7.029382820188388e-05
do,break,1,374,14226,7.029382820188388e-05
do,bill,1,375,14226,7.029382820188388e-05
do,machine,1,376,14226,7.029382820188388e-05
do,misterpunch,1,377,14226,7.029382820188388e-05
do,jess,1,378,14226,7.029382820188388e-05
do,side,1,379,14226,7.029382820188388e-05
do,judy,1,380,14226,7.029382820188388e-05
do,bernie,1,381,14226,7.029382820188388e-05
do,doggy,1,382,14226,7.029382820188388e-05
do,hood,1,383,14226,7.029382820188388e-05
do,misterhappy,1,384,14226,7.029382820188388e-05
do,michelle,1,385,14226,7.029382820188388e-05
do,hen,1,386,14226,7.029382820188388e-05
do,ach,1,387,14226,7.029382820188388e-05
do,missusmckeever,1,388,14226,7.029382820188388e-05
do,smoke,1,389,14226,7.029382820188388e-05
do,tiger,1,390,14226,7.029382820188388e-05
do,trunk,1,391,14226,7.029382820188388e-05
do,motorbike,1,392,14226,7.029382820188388e-05
do,dizzy,1,393,14226,7.029382820188388e-05
do,spreader,1,394,14226,7.029382820188388e-05
do,bread,1,395,14226,7.029382820188388e-05
do,miles,1,396,14226,7.029382820188388e-05
do,workman,1,397,14226,7.029382820188388e-05
do,vinegar,1,398,14226,7.029382820188388e-05
do,woman,1,399,14226,7.029382820188388e-05
do,grettal,1,400,14226,7.029382820188388e-05
do,marks,1,401,14226,7.029382820188388e-05
do,aeroplane,1,402,14226,7.029382820188388e-05
do,fireman,1,403,14226,7.029382820188388e-05
do,jean,1,404,14226,7.029382820188388e-05
do,welly,1,405,14226,7.029382820188388e-05
do,nip,1,406,14226,7.029382820188388e-05
do,keyboard,1,407,14226,7.029382820188388e-05
do,olivia,1,408,14226,7.029382820188388e-05
do,pond,1,409,14226,7.029382820188388e-05
do,pump,1,410,14226,7.029382820188388e-05
do,antonybantony,1,411,14226,7.029382820188388e-05
do,red,1,412,14226,7.029382820188388e-05
do,kiera,1,413,14226,7.029382820188388e-05
do,darling,1,414,14226,7.029382820188388e-05
do,steam,1,415,14226,7.029382820188388e-05
do,ear,1,416,14226,7.029382820188388e-05
do,author,1,417,14226,7.029382820188388e-05
do,recycling,1,418,14226,7.029382820188388e-05
do,windermere,1,419,14226,7.029382820188388e-05
do,grandadbilbey,1,420,14226,7.029382820188388e-05
do,bus,1,421,14226,7.029382820188388e-05
do,auntiedebbie,1,422,14226,7.029382820188388e-05
do,pingu,1,423,14226,7.029382820188388e-05
do,witch,1,424,14226,7.029382820188388e-05
do,driver,1,425,14226,7.029382820188388e-05
do,shower,1,426,14226,7.029382820188388e-05
do,scout,1,427,14226,7.029382820188388e-05
do,lemonade,1,428,14226,7.029382820188388e-05
do,msix,1,429,14226,7.029382820188388e-05
do,ride,1,430,14226,7.029382820188388e-05
do,nail,1,431,14226,7.029382820188388e-05
do,our,1,432,14226,7.029382820188388e-05
do,hadta,1,433,14226,7.029382820188388e-05
do,cook,1,434,14226,7.029382820188388e-05
do,sort,1,435,14226,7.029382820188388e-05
do,nana,1,436,14226,7.029382820188388e-05
do,tank,1,437,14226,7.029382820188388e-05
do,boiler,1,438,14226,7.029382820188388e-05
do,buffer,1,439,14226,7.029382820188388e-05
do,year,1,440,14226,7.029382820188388e-05
do,macdonalds,1,441,14226,7.029382820188388e-05
do,rachel,1,442,14226,7.029382820188388e-05
do,lynne,1,443,14226,7.029382820188388e-05
do,zoe,1,444,14226,7.029382820188388e-05
do,wave,1,445,14226,7.029382820188388e-05
do,brush,1,446,14226,7.029382820188388e-05
do,skid,1,447,14226,7.029382820188388e-05
do,fence,1,448,14226,7.029382820188388e-05
do,abby,1,449,14226,7.029382820188388e-05
do,top,1,450,14226,7.029382820188388e-05
do,magic,1,451,14226,7.029382820188388e-05
do,claire,1,452,14226,7.029382820188388e-05
do,lego,1,453,14226,7.029382820188388e-05
do,ipad,1,454,14226,7.029382820188388e-05
do,which,1,455,14226,7.029382820188388e-05
do,bounce,1,456,14226,7.029382820188388e-05
do,gorilla,1,457,14226,7.029382820188388e-05
do,meghan,1,458,14226,7.029382820188388e-05
do,meaghan,1,459,14226,7.029382820188388e-05
do,winnie,1,460,14226,7.029382820188388e-05
do,pooh,1,461,14226,7.029382820188388e-05
do,rubbish,1,462,14226,7.029382820188388e-05
do,accident,1,463,14226,7.029382820188388e-05
do,house,1,464,14226,7.029382820188388e-05
do,box,1,465,14226,7.029382820188388e-05
do,snore,1,466,14226,7.029382820188388e-05
do,mhm,1,467,14226,7.029382820188388e-05
do,tea,1,468,14226,7.029382820188388e-05
do,tommy,1,469,14226,7.029382820188388e-05
do,slipper,1,470,14226,7.029382820188388e-05
do,toy,1,471,14226,7.029382820188388e-05
do,leek,1,472,14226,7.029382820188388e-05
do,ahhah,1,473,14226,7.029382820188388e-05
do,coffee,1,474,14226,7.029382820188388e-05
do,auntie,1,475,14226,7.029382820188388e-05
do,elve,1,476,14226,7.029382820188388e-05
do,party,1,477,14226,7.029382820188388e-05
do,class,1,478,14226,7.029382820188388e-05
do,ben,1,479,14226,7.029382820188388e-05
do,hoover,1,480,14226,7.029382820188388e-05
do,floppy,1,481,14226,7.029382820188388e-05
do,kipper,1,482,14226,7.029382820188388e-05
do,can,1,483,14226,7.029382820188388e-05
do,camera,1,484,14226,7.029382820188388e-05
do,present,1,485,14226,7.029382820188388e-05
do,missus,1,486,14226,7.029382820188388e-05
do,playtime,1,487,14226,7.029382820188388e-05
do,james,1,488,14226,7.029382820188388e-05
do,town,1,489,14226,7.029382820188388e-05
do,natasha,1,490,14226,7.029382820188388e-05
do,matter,1,491,14226,7.029382820188388e-05
do,tractor,1,492,14226,7.029382820188388e-05
do,artattack,1,493,14226,7.029382820188388e-05
do,siren,1,494,14226,7.029382820188388e-05
do,jacket,1,495,14226,7.029382820188388e-05
do,fireextinguisher,1,496,14226,7.029382820188388e-05
do,tim,1,497,14226,7.029382820188388e-05
do,asthma,1,498,14226,7.029382820188388e-05
do,yearold,1,499,14226,7.029382820188388e-05
do,shoe,1,500,14226,7.029382820188388e-05
do,ambulance,1,501,14226,7.029382820188388e-05
do,playmobile,1,502,14226,7.029382820188388e-05
do,drilling,1,503,14226,7.029382820188388e-05
do,downstairs,1,504,14226,7.029382820188388e-05
do,their,1,505,14226,7.029382820188388e-05
do,jonathan,1,506,14226,7.029382820188388e-05
do,farm,1,507,14226,7.029382820188388e-05
do,icecream,1,508,14226,7.029382820188388e-05
do,wife,1,509,14226,7.029382820188388e-05
do,fta,1,510,14226,7.029382820188388e-05
do,money,1,511,14226,7.029382820188388e-05
do,misspillow,1,512,14226,7.029382820188388e-05
do,cherry,1,513,14226,7.029382820188388e-05
do,molly,1,514,14226,7.029382820188388e-05
do,finger,1,515,14226,7.029382820188388e-05
do,mrwolf,1,516,14226,7.029382820188388e-05
do,jeff,1,517,14226,7.029382820188388e-05
do,mandy,1,518,14226,7.029382820188388e-05
do,art,1,519,14226,7.029382820188388e-05
do,joshie,1,520,14226,7.029382820188388e-05
do,marvinkmooney,1,521,14226,7.029382820188388e-05
do,cracker,1,522,14226,7.029382820188388e-05
do,elizabeth,1,523,14226,7.029382820188388e-05
do,bathtub,1,524,14226,7.029382820188388e-05
do,bad,1,525,14226,7.029382820188388e-05
do,smurf,1,526,14226,7.029382820188388e-05
do,wing,1,527,14226,7.029382820188388e-05
do,river,1,528,14226,7.029382820188388e-05
do,kay,1,529,14226,7.029382820188388e-05
do,teddy,1,530,14226,7.029382820188388e-05
do,ernie,1,531,14226,7.029382820188388e-05
do,carrot,1,532,14226,7.029382820188388e-05
do,feather,1,533,14226,7.029382820188388e-05
do,anthony,1,534,14226,7.029382820188388e-05
do,flag,1,535,14226,7.029382820188388e-05
do,trap,1,536,14226,7.029382820188388e-05
do,soup,1,537,14226,7.029382820188388e-05
do,fit,1,538,14226,7.029382820188388e-05
do,sunshine,1,539,14226,7.029382820188388e-05
do,lee,1,540,14226,7.029382820188388e-05
do,poppa,1,541,14226,7.029382820188388e-05
do,indian,1,542,14226,7.029382820188388e-05
do,ship,1,543,14226,7.029382820188388e-05
do,brake,1,544,14226,7.029382820188388e-05
do,aunt,1,545,14226,7.029382820188388e-05
do,alarm,1,546,14226,7.029382820188388e-05
do,susan,1,547,14226,7.029382820188388e-05
do,dive,1,548,14226,7.029382820188388e-05
do,firemen,1,549,14226,7.029382820188388e-05
do,mayor,1,550,14226,7.029382820188388e-05
do,nicholas,1,551,14226,7.029382820188388e-05
do,magician,1,552,14226,7.029382820188388e-05
do,dude,1,553,14226,7.029382820188388e-05
do,telephone,1,554,14226,7.029382820188388e-05
do,father,1,555,14226,7.029382820188388e-05
do,dixie,1,556,14226,7.029382820188388e-05
do,mamma,1,557,14226,7.029382820188388e-05
do,renee,1,558,14226,7.029382820188388e-05
do,bobby,1,559,14226,7.029382820188388e-05
do,lobster,1,560,14226,7.029382820188388e-05
do,sleestax,1,561,14226,7.029382820188388e-05
do,nice,1,562,14226,7.029382820188388e-05
do,dan,1,563,14226,7.029382820188388e-05
do,w,1,564,14226,7.029382820188388e-05
do,deer,1,565,14226,7.029382820188388e-05
do,heidi,1,566,14226,7.029382820188388e-05
do,danny,1,567,14226,7.029382820188388e-05
do,star,1,568,14226,7.029382820188388e-05
do,jon,1,569,14226,7.029382820188388e-05
do,pop,1,570,14226,7.029382820188388e-05
do,bert,1,571,14226,7.029382820188388e-05
do,grouch,1,572,14226,7.029382820188388e-05
do,popeye,1,573,14226,7.029382820188388e-05
have,you,3516,1,10766,0.3265836893925321
have,we,1843,2,10766,0.17118707040683634
have,i,1710,3,10766,0.15883336429500278
have,they,746,4,10766,0.06929221623629946
have,he,744,5,10766,0.06910644621958016
have,she,479,6,10766,0.04449191900427271
have,it,341,7,10766,0.03167378785064091
have,chicken,132,8,10766,0.0122608211034739
have,that,95,9,10766,0.008824075794166822
have,who,71,10,10766,0.006594835593535203
have,one,45,11,10766,0.004179825376184284
have,daddy,27,12,10766,0.0025078952257105705
have,useta,21,13,10766,0.0019505851755526658
have,boy,17,14,10766,0.0015790451421140628
have,this,17,15,10766,0.0015790451421140628
have,mommy,16,16,10766,0.001486160133754412
have,kid,16,17,10766,0.001486160133754412
have,person,16,18,10766,0.001486160133754412
have,mom,13,19,10766,0.0012075051086754597
have,everybody,11,20,10766,0.0010217350919561584
have,guy,11,21,10766,0.0010217350919561584
have,dog,11,22,10766,0.0010217350919561584
have,somebody,11,23,10766,0.0010217350919561584
have,mother,10,24,10766,0.0009288500835965075
have,adam,9,25,10766,0.0008359650752368568
have,baby,9,26,10766,0.0008359650752368568
have,car,9,27,10766,0.0008359650752368568
have,chi,9,28,10766,0.0008359650752368568
have,purdie,9,29,10766,0.0008359650752368568
have,man,8,30,10766,0.000743080066877206
have,sarah,8,31,10766,0.000743080066877206
have,nana,8,32,10766,0.000743080066877206
have,cat,8,33,10766,0.000743080066877206
have,some,8,34,10766,0.000743080066877206
have,girl,8,35,10766,0.000743080066877206
have,mummy,8,36,10766,0.000743080066877206
have,bear,7,37,10766,0.0006501950585175553
have,thomas,7,38,10766,0.0006501950585175553
have,dad,7,39,10766,0.0006501950585175553
have,house,6,40,10766,0.0005573100501579045
have,what,6,41,10766,0.0005573100501579045
have,betty,6,42,10766,0.0005573100501579045
have,two,6,43,10766,0.0005573100501579045
have,grandma,6,44,10766,0.0005573100501579045
have,glass,5,45,10766,0.00046442504179825374
have,paul,5,46,10766,0.00046442504179825374
have,moon,5,47,10766,0.00046442504179825374
have,brother,5,48,10766,0.00046442504179825374
have,boat,5,49,10766,0.00046442504179825374
have,mary,5,50,10766,0.00046442504179825374
have,child,5,51,10766,0.00046442504179825374
have,conor,5,52,10766,0.00046442504179825374
have,bill,5,53,10766,0.00046442504179825374
have,let,5,54,10766,0.00046442504179825374
have,lot,5,55,10766,0.00046442504179825374
have,diandra,4,56,10766,0.000371540033438603
have,robin,4,57,10766,0.000371540033438603
have,auntie,4,58,10766,0.000371540033438603
have,teacher,4,59,10766,0.000371540033438603
have,elephant,4,60,10766,0.000371540033438603
have,bro,4,61,10766,0.000371540033438603
have,sister,4,62,10766,0.000371540033438603
have,school,4,63,10766,0.000371540033438603
have,dinosaur,4,64,10766,0.000371540033438603
have,marky,4,65,10766,0.000371540033438603
have,hasta,4,66,10766,0.000371540033438603
have,rabbit,4,67,10766,0.000371540033438603
have,truck,4,68,10766,0.000371540033438603
have,friend,4,69,10766,0.000371540033438603
have,driver,4,70,10766,0.000371540033438603
have,nan,4,71,10766,0.000371540033438603
have,small,4,72,10766,0.000371540033438603
have,both,3,73,10766,0.00027865502507895226
have,anybody,3,74,10766,0.00027865502507895226
have,turtle,3,75,10766,0.00027865502507895226
have,bike,3,76,10766,0.00027865502507895226
have,father,3,77,10766,0.00027865502507895226
have,uncle,3,78,10766,0.00027865502507895226
have,youall,3,79,10766,0.00027865502507895226
have,nobody,3,80,10766,0.00027865502507895226
have,everything,3,81,10766,0.00027865502507895226
have,doll,3,82,10766,0.00027865502507895226
have,helen,3,83,10766,0.00027865502507895226
have,book,3,84,10766,0.00027865502507895226
have,mark,3,85,10766,0.00027865502507895226
have,kitty,3,86,10766,0.00027865502507895226
have,other,3,87,10766,0.00027865502507895226
have,which,3,88,10766,0.00027865502507895226
have,christopher,3,89,10766,0.00027865502507895226
have,goat,3,90,10766,0.00027865502507895226
have,michelle,3,91,10766,0.00027865502507895226
have,brian,3,92,10766,0.00027865502507895226
have,nick,3,93,10766,0.00027865502507895226
have,horse,3,94,10766,0.00027865502507895226
have,thing,3,95,10766,0.00027865502507895226
have,frog,3,96,10766,0.00027865502507895226
have,tiger,3,97,10766,0.00027865502507895226
have,leopard,3,98,10766,0.00027865502507895226
have,sheep,3,99,10766,0.00027865502507895226
have,all,3,100,10766,0.00027865502507895226
have,sophie,3,101,10766,0.00027865502507895226
have,mummie,3,102,10766,0.00027865502507895226
have,mum,3,103,10766,0.00027865502507895226
have,woman,3,104,10766,0.00027865502507895226
have,barbie,3,105,10766,0.00027865502507895226
have,jeannine,3,106,10766,0.00027865502507895226
have,month,3,107,10766,0.00027865502507895226
have,firemen,3,108,10766,0.00027865502507895226
have,everyone,3,109,10766,0.00027865502507895226
have,peter,3,110,10766,0.00027865502507895226
have,lady,3,111,10766,0.00027865502507895226
have,home,3,112,10766,0.00027865502507895226
have,ship,3,113,10766,0.00027865502507895226
have,macdonald,3,114,10766,0.00027865502507895226
have,tricycle,2,115,10766,0.0001857700167193015
have,david,2,116,10766,0.0001857700167193015
have,umbrella,2,117,10766,0.0001857700167193015
have,indian,2,118,10766,0.0001857700167193015
have,most,2,119,10766,0.0001857700167193015
have,laurie,2,120,10766,0.0001857700167193015
have,snake,2,121,10766,0.0001857700167193015
have,duck,2,122,10766,0.0001857700167193015
have,cousin,2,123,10766,0.0001857700167193015
have,head,2,124,10766,0.0001857700167193015
have,bunny,2,125,10766,0.0001857700167193015
have,firstname,2,126,10766,0.0001857700167193015
have,wheel,2,127,10766,0.0001857700167193015
have,cinderella,2,128,10766,0.0001857700167193015
have,caterpillar,2,129,10766,0.0001857700167193015
have,train,2,130,10766,0.0001857700167193015
have,frosty,2,131,10766,0.0001857700167193015
have,alice,2,132,10766,0.0001857700167193015
have,belly,2,133,10766,0.0001857700167193015
have,city,2,134,10766,0.0001857700167193015
have,mama,2,135,10766,0.0001857700167193015
have,leaf,2,136,10766,0.0001857700167193015
have,tam,2,137,10766,0.0001857700167193015
have,kind,2,138,10766,0.0001857700167193015
have,snitches,2,139,10766,0.0001857700167193015
have,whoever,2,140,10766,0.0001857700167193015
have,salad,2,141,10766,0.0001857700167193015
have,karen,2,142,10766,0.0001857700167193015
have,grandmother,2,143,10766,0.0001857700167193015
have,old,2,144,10766,0.0001857700167193015
have,ross,2,145,10766,0.0001857700167193015
have,eater,2,146,10766,0.0001857700167193015
have,spider,2,147,10766,0.0001857700167193015
have,someone,2,148,10766,0.0001857700167193015
have,taperecorder,2,149,10766,0.0001857700167193015
have,sposta,2,150,10766,0.0001857700167193015
have,toby,2,151,10766,0.0001857700167193015
have,bird,2,152,10766,0.0001857700167193015
have,whale,2,153,10766,0.0001857700167193015
have,scorpion,2,154,10766,0.0001857700167193015
have,fly,2,155,10766,0.0001857700167193015
have,gillian,2,156,10766,0.0001857700167193015
have,cathy,2,157,10766,0.0001857700167193015
have,youse,2,158,10766,0.0001857700167193015
have,many,2,159,10766,0.0001857700167193015
have,crocodile,2,160,10766,0.0001857700167193015
have,bob,2,161,10766,0.0001857700167193015
have,neither,2,162,10766,0.0001857700167193015
have,nanna,2,163,10766,0.0001857700167193015
have,bus,2,164,10766,0.0001857700167193015
have,jo,2,165,10766,0.0001857700167193015
have,bottle,2,166,10766,0.0001857700167193015
have,linda,2,167,10766,0.0001857700167193015
have,bum,2,168,10766,0.0001857700167193015
have,buzzlightyear,2,169,10766,0.0001857700167193015
have,anthony,2,170,10766,0.0001857700167193015
have,farmer,2,171,10766,0.0001857700167193015
have,jigsaw,2,172,10766,0.0001857700167193015
have,none,2,173,10766,0.0001857700167193015
have,chair,2,174,10766,0.0001857700167193015
have,juice,2,175,10766,0.0001857700167193015
have,color,2,176,10766,0.0001857700167193015
have,dentist,2,177,10766,0.0001857700167193015
have,lily,2,178,10766,0.0001857700167193015
have,place,2,179,10766,0.0001857700167193015
have,ambulance,2,180,10766,0.0001857700167193015
have,name,2,181,10766,0.0001857700167193015
have,kick,2,182,10766,0.0001857700167193015
have,grandpa,2,183,10766,0.0001857700167193015
have,grandpap,2,184,10766,0.0001857700167193015
have,monkey,2,185,10766,0.0001857700167193015
have,auto,2,186,10766,0.0001857700167193015
have,zoo,2,187,10766,0.0001857700167193015
have,john,2,188,10766,0.0001857700167193015
have,cow,1,189,10766,9.288500835965076e-05
have,sandman,1,190,10766,9.288500835965076e-05
have,cup,1,191,10766,9.288500835965076e-05
have,laura,1,192,10766,9.288500835965076e-05
have,jwww,1,193,10766,9.288500835965076e-05
have,santaclaus,1,194,10766,9.288500835965076e-05
have,bag,1,195,10766,9.288500835965076e-05
have,hippopotamus,1,196,10766,9.288500835965076e-05
have,church,1,197,10766,9.288500835965076e-05
have,rocky,1,198,10766,9.288500835965076e-05
have,tummy,1,199,10766,9.288500835965076e-05
have,beatles,1,200,10766,9.288500835965076e-05
have,darlene,1,201,10766,9.288500835965076e-05
have,saint,1,202,10766,9.288500835965076e-05
have,eleanor,1,203,10766,9.288500835965076e-05
have,patty,1,204,10766,9.288500835965076e-05
have,line,1,205,10766,9.288500835965076e-05
have,carol,1,206,10766,9.288500835965076e-05
have,apple,1,207,10766,9.288500835965076e-05
have,monster,1,208,10766,9.288500835965076e-05
have,bozo,1,209,10766,9.288500835965076e-05
have,answer,1,210,10766,9.288500835965076e-05
have,ann,1,211,10766,9.288500835965076e-05
have,bee,1,212,10766,9.288500835965076e-05
have,don,1,213,10766,9.288500835965076e-05
have,every,1,214,10766,9.288500835965076e-05
have,george,1,215,10766,9.288500835965076e-05
have,elaine,1,216,10766,9.288500835965076e-05
have,annmarie,1,217,10766,9.288500835965076e-05
have,esther,1,218,10766,9.288500835965076e-05
have,pajama,1,219,10766,9.288500835965076e-05
have,amanda,1,220,10766,9.288500835965076e-05
have,maryann,1,221,10766,9.288500835965076e-05
have,theresa,1,222,10766,9.288500835965076e-05
have,tom,1,223,10766,9.288500835965076e-05
have,jenny,1,224,10766,9.288500835965076e-05
have,policeman,1,225,10766,9.288500835965076e-05
have,tape,1,226,10766,9.288500835965076e-05
have,ticket,1,227,10766,9.288500835965076e-05
have,sherry,1,228,10766,9.288500835965076e-05
have,library,1,229,10766,9.288500835965076e-05
have,clown,1,230,10766,9.288500835965076e-05
have,stepmother,1,231,10766,9.288500835965076e-05
have,prince,1,232,10766,9.288500835965076e-05
have,reindeer,1,233,10766,9.288500835965076e-05
have,goldilocks,1,234,10766,9.288500835965076e-05
have,fang,1,235,10766,9.288500835965076e-05
have,claude,1,236,10766,9.288500835965076e-05
have,humpty,1,237,10766,9.288500835965076e-05
have,joanne,1,238,10766,9.288500835965076e-05
have,marie,1,239,10766,9.288500835965076e-05
have,jesse,1,240,10766,9.288500835965076e-05
have,jeffery,1,241,10766,9.288500835965076e-05
have,johnny,1,242,10766,9.288500835965076e-05
have,van,1,243,10766,9.288500835965076e-05
have,grammy,1,244,10766,9.288500835965076e-05
have,jake,1,245,10766,9.288500835965076e-05
have,town,1,246,10766,9.288500835965076e-05
have,mamma,1,247,10766,9.288500835965076e-05
have,joey,1,248,10766,9.288500835965076e-05
have,sugar,1,249,10766,9.288500835965076e-05
have,babbette,1,250,10766,9.288500835965076e-05
have,hansel,1,251,10766,9.288500835965076e-05
have,start,1,252,10766,9.288500835965076e-05
have,mayor,1,253,10766,9.288500835965076e-05
have,cook,1,254,10766,9.288500835965076e-05
have,skin,1,255,10766,9.288500835965076e-05
have,dinotherium,1,256,10766,9.288500835965076e-05
have,mastodon,1,257,10766,9.288500835965076e-05
have,helmet,1,258,10766,9.288500835965076e-05
have,flopsy,1,259,10766,9.288500835965076e-05
have,pascal,1,260,10766,9.288500835965076e-05
have,luck,1,261,10766,9.288500835965076e-05
have,oare,1,262,10766,9.288500835965076e-05
have,feline,1,263,10766,9.288500835965076e-05
have,katie,1,264,10766,9.288500835965076e-05
have,kitten,1,265,10766,9.288500835965076e-05
have,cub,1,266,10766,9.288500835965076e-05
have,word,1,267,10766,9.288500835965076e-05
have,box,1,268,10766,9.288500835965076e-05
have,fox,1,269,10766,9.288500835965076e-05
have,piggy,1,270,10766,9.288500835965076e-05
have,son,1,271,10766,9.288500835965076e-05
have,bathroom,1,272,10766,9.288500835965076e-05
have,sis,1,273,10766,9.288500835965076e-05
have,mrs,1,274,10766,9.288500835965076e-05
have,gate,1,275,10766,9.288500835965076e-05
have,tony,1,276,10766,9.288500835965076e-05
have,robot,1,277,10766,9.288500835965076e-05
have,chef,1,278,10766,9.288500835965076e-05
have,bonnie,1,279,10766,9.288500835965076e-05
have,marian,1,280,10766,9.288500835965076e-05
have,momma,1,281,10766,9.288500835965076e-05
have,pete,1,282,10766,9.288500835965076e-05
have,earl,1,283,10766,9.288500835965076e-05
have,engine,1,284,10766,9.288500835965076e-05
have,tea,1,285,10766,9.288500835965076e-05
have,stuff,1,286,10766,9.288500835965076e-05
have,ken,1,287,10766,9.288500835965076e-05
have,knight,1,288,10766,9.288500835965076e-05
have,keith,1,289,10766,9.288500835965076e-05
have,bull,1,290,10766,9.288500835965076e-05
have,lock,1,291,10766,9.288500835965076e-05
have,obi,1,292,10766,9.288500835965076e-05
have,batman,1,293,10766,9.288500835965076e-05
have,benu,1,294,10766,9.288500835965076e-05
have,playroom,1,295,10766,9.288500835965076e-05
have,table,1,296,10766,9.288500835965076e-05
have,rain,1,297,10766,9.288500835965076e-05
have,pony,1,298,10766,9.288500835965076e-05
have,lion,1,299,10766,9.288500835965076e-05
have,plant,1,300,10766,9.288500835965076e-05
have,jibo,1,301,10766,9.288500835965076e-05
have,side,1,302,10766,9.288500835965076e-05
have,cake,1,303,10766,9.288500835965076e-05
have,our,1,304,10766,9.288500835965076e-05
have,island,1,305,10766,9.288500835965076e-05
have,hot,1,306,10766,9.288500835965076e-05
have,shopkeeper,1,307,10766,9.288500835965076e-05
have,basket,1,308,10766,9.288500835965076e-05
have,balloon,1,309,10766,9.288500835965076e-05
have,pterodactyl,1,310,10766,9.288500835965076e-05
have,tortoise,1,311,10766,9.288500835965076e-05
have,her,1,312,10766,9.288500835965076e-05
have,ohmygoodness,1,313,10766,9.288500835965076e-05
have,each,1,314,10766,9.288500835965076e-05
have,matty,1,315,10766,9.288500835965076e-05
have,max,1,316,10766,9.288500835965076e-05
have,nancy,1,317,10766,9.288500835965076e-05
have,shark,1,318,10766,9.288500835965076e-05
have,diver,1,319,10766,9.288500835965076e-05
have,movie,1,320,10766,9.288500835965076e-05
have,roman,1,321,10766,9.288500835965076e-05
have,doggie,1,322,10766,9.288500835965076e-05
have,grannysadie,1,323,10766,9.288500835965076e-05
have,jack,1,324,10766,9.288500835965076e-05
have,fiona,1,325,10766,9.288500835965076e-05
have,navy,1,326,10766,9.288500835965076e-05
have,aunt,1,327,10766,9.288500835965076e-05
have,jeep,1,328,10766,9.288500835965076e-05
have,fire,1,329,10766,9.288500835965076e-05
have,greta,1,330,10766,9.288500835965076e-05
have,simon,1,331,10766,9.288500835965076e-05
have,auntjune,1,332,10766,9.288500835965076e-05
have,marks,1,333,10766,9.288500835965076e-05
have,maggie,1,334,10766,9.288500835965076e-05
have,sylvia,1,335,10766,9.288500835965076e-05
have,lad,1,336,10766,9.288500835965076e-05
have,matthew,1,337,10766,9.288500835965076e-05
have,misterpunch,1,338,10766,9.288500835965076e-05
have,och,1,339,10766,9.288500835965076e-05
have,denver,1,340,10766,9.288500835965076e-05
have,arm,1,341,10766,9.288500835965076e-05
have,katrina,1,342,10766,9.288500835965076e-05
have,jennifer,1,343,10766,9.288500835965076e-05
have,time,1,344,10766,9.288500835965076e-05
have,hat,1,345,10766,9.288500835965076e-05
have,telescope,1,346,10766,9.288500835965076e-05
have,ron,1,347,10766,9.288500835965076e-05
have,jane,1,348,10766,9.288500835965076e-05
have,family,1,349,10766,9.288500835965076e-05
have,tommy,1,350,10766,9.288500835965076e-05
have,aunty,1,351,10766,9.288500835965076e-05
have,kaleidoscope,1,352,10766,9.288500835965076e-05
have,carriage,1,353,10766,9.288500835965076e-05
have,snuffle,1,354,10766,9.288500835965076e-05
have,garage,1,355,10766,9.288500835965076e-05
have,office,1,356,10766,9.288500835965076e-05
have,bottom,1,357,10766,9.288500835965076e-05
have,spot,1,358,10766,9.288500835965076e-05
have,ladybird,1,359,10766,9.288500835965076e-05
have,video,1,360,10766,9.288500835965076e-05
have,mould,1,361,10766,9.288500835965076e-05
have,anything,1,362,10766,9.288500835965076e-05
have,grandad,1,363,10766,9.288500835965076e-05
have,shirt,1,364,10766,9.288500835965076e-05
have,mouse,1,365,10766,9.288500835965076e-05
have,auntysandra,1,366,10766,9.288500835965076e-05
have,coin,1,367,10766,9.288500835965076e-05
have,class,1,368,10766,9.288500835965076e-05
have,jamie,1,369,10766,9.288500835965076e-05
have,sainsbury,1,370,10766,9.288500835965076e-05
have,dirt,1,371,10766,9.288500835965076e-05
have,road,1,372,10766,9.288500835965076e-05
have,shoe,1,373,10766,9.288500835965076e-05
have,fish,1,374,10766,9.288500835965076e-05
have,rod,1,375,10766,9.288500835965076e-05
have,samara,1,376,10766,9.288500835965076e-05
have,alex,1,377,10766,9.288500835965076e-05
have,teddy,1,378,10766,9.288500835965076e-05
have,foot,1,379,10766,9.288500835965076e-05
have,johnwilliam,1,380,10766,9.288500835965076e-05
have,crest,1,381,10766,9.288500835965076e-05
have,lynn,1,382,10766,9.288500835965076e-05
have,sock,1,383,10766,9.288500835965076e-05
have,farm,1,384,10766,9.288500835965076e-05
have,stalk,1,385,10766,9.288500835965076e-05
have,wasp,1,386,10766,9.288500835965076e-05
have,glasses,1,387,10766,9.288500835965076e-05
have,auntiejac,1,388,10766,9.288500835965076e-05
have,february,1,389,10766,9.288500835965076e-05
have,july,1,390,10766,9.288500835965076e-05
have,antony,1,391,10766,9.288500835965076e-05
have,eddie,1,392,10766,9.288500835965076e-05
have,poohbear,1,393,10766,9.288500835965076e-05
have,centre,1,394,10766,9.288500835965076e-05
have,rav,1,395,10766,9.288500835965076e-05
have,drum,1,396,10766,9.288500835965076e-05
have,floor,1,397,10766,9.288500835965076e-05
have,annerobinson,1,398,10766,9.288500835965076e-05
have,oldmacdonald,1,399,10766,9.288500835965076e-05
have,unclegraham,1,400,10766,9.288500835965076e-05
have,fatherchristmas,1,401,10766,9.288500835965076e-05
have,fred,1,402,10766,9.288500835965076e-05
have,yoghurt,1,403,10766,9.288500835965076e-05
have,auntiethomas,1,404,10766,9.288500835965076e-05
have,shop,1,405,10766,9.288500835965076e-05
have,shepherd,1,406,10766,9.288500835965076e-05
have,steadyeddie,1,407,10766,9.288500835965076e-05
have,taxi,1,408,10766,9.288500835965076e-05
have,nursery,1,409,10766,9.288500835965076e-05
have,eight,1,410,10766,9.288500835965076e-05
have,pee,1,411,10766,9.288500835965076e-05
have,jar,1,412,10766,9.288500835965076e-05
have,alison,1,413,10766,9.288500835965076e-05
have,mrswilson,1,414,10766,9.288500835965076e-05
have,spoon,1,415,10766,9.288500835965076e-05
have,digger,1,416,10766,9.288500835965076e-05
have,builder,1,417,10766,9.288500835965076e-05
have,bin,1,418,10766,9.288500835965076e-05
have,steve,1,419,10766,9.288500835965076e-05
have,santa,1,420,10766,9.288500835965076e-05
have,giraffe,1,421,10766,9.288500835965076e-05
have,upstairs,1,422,10766,9.288500835965076e-05
have,tj,1,423,10766,9.288500835965076e-05
have,part,1,424,10766,9.288500835965076e-05
have,jungle,1,425,10766,9.288500835965076e-05
have,slide,1,426,10766,9.288500835965076e-05
have,spade,1,427,10766,9.288500835965076e-05
have,waitress,1,428,10766,9.288500835965076e-05
have,water,1,429,10766,9.288500835965076e-05
have,hair,1,430,10766,9.288500835965076e-05
have,lemon,1,431,10766,9.288500835965076e-05
have,nanny,1,432,10766,9.288500835965076e-05
have,god,1,433,10766,9.288500835965076e-05
have,cafe,1,434,10766,9.288500835965076e-05
have,firetruck,1,435,10766,9.288500835965076e-05
have,fireman,1,436,10766,9.288500835965076e-05
have,store,1,437,10766,9.288500835965076e-05
have,ranger,1,438,10766,9.288500835965076e-05
have,powerranger,1,439,10766,9.288500835965076e-05
have,daughter,1,440,10766,9.288500835965076e-05
have,campground,1,441,10766,9.288500835965076e-05
have,childsname,1,442,10766,9.288500835965076e-05
have,innertube,1,443,10766,9.288500835965076e-05
have,powder,1,444,10766,9.288500835965076e-05
have,carli,1,445,10766,9.288500835965076e-05
have,mac,1,446,10766,9.288500835965076e-05
have,burgerking,1,447,10766,9.288500835965076e-05
have,gam,1,448,10766,9.288500835965076e-05
have,matt,1,449,10766,9.288500835965076e-05
have,lauren,1,450,10766,9.288500835965076e-05
have,jack–o–lanter,1,451,10766,9.288500835965076e-05
have,harp,1,452,10766,9.288500835965076e-05
have,piece,1,453,10766,9.288500835965076e-05
have,puzzle,1,454,10766,9.288500835965076e-05
have,bowl,1,455,10766,9.288500835965076e-05
have,tim,1,456,10766,9.288500835965076e-05
have,butter,1,457,10766,9.288500835965076e-05
have,sprite,1,458,10766,9.288500835965076e-05
have,nasa,1,459,10766,9.288500835965076e-05
have,clifford,1,460,10766,9.288500835965076e-05
have,boss,1,461,10766,9.288500835965076e-05
have,strega,1,462,10766,9.288500835965076e-05
have,hook,1,463,10766,9.288500835965076e-05
have,your,1,464,10766,9.288500835965076e-05
have,zachary,1,465,10766,9.288500835965076e-05
have,meredith,1,466,10766,9.288500835965076e-05
have,charles,1,467,10766,9.288500835965076e-05
have,becca,1,468,10766,9.288500835965076e-05
have,allie,1,469,10766,9.288500835965076e-05
have,robbie,1,470,10766,9.288500835965076e-05
have,village,1,471,10766,9.288500835965076e-05
have,sean,1,472,10766,9.288500835965076e-05
have,stamp,1,473,10766,9.288500835965076e-05
have,mickey,1,474,10766,9.288500835965076e-05
have,minnie,1,475,10766,9.288500835965076e-05
have,grandmom,1,476,10766,9.288500835965076e-05
have,mail,1,477,10766,9.288500835965076e-05
have,letter,1,478,10766,9.288500835965076e-05
have,station,1,479,10766,9.288500835965076e-05
have,joan,1,480,10766,9.288500835965076e-05
have,pepper,1,481,10766,9.288500835965076e-05
have,pamy,1,482,10766,9.288500835965076e-05
have,billy,1,483,10766,9.288500835965076e-05
have,topsy,1,484,10766,9.288500835965076e-05
have,danny,1,485,10766,9.288500835965076e-05
have,mammy,1,486,10766,9.288500835965076e-05
get,you,3835,1,9978,0.38434556023251154
get,i,1669,2,9978,0.16726798957706956
get,we,1435,3,9978,0.143816396071357
get,he,772,4,9978,0.07737021447183805
get,it,412,5,9978,0.041290839847664865
get,they,412,6,9978,0.041290839847664865
get,she,407,7,9978,0.04078973742232912
get,that,82,8,9978,0.008218079775506114
get,who,68,9,9978,0.006814992984566046
get,owl,44,10,9978,0.0044097013429545
get,one,31,11,9978,0.0031068350370815796
get,daddy,22,12,9978,0.00220485067147725
get,person,21,13,9978,0.0021046301864101023
get,this,21,14,9978,0.0021046301864101023
get,boy,18,15,9978,0.0018039687312086591
get,mommy,18,16,9978,0.0018039687312086591
get,mummy,18,17,9978,0.0018039687312086591
get,dog,15,18,9978,0.001503307276007216
get,mom,15,19,9978,0.001503307276007216
get,cat,13,20,9978,0.0013028663058729205
get,everybody,11,21,9978,0.001102425335738625
get,man,9,22,9978,0.0009019843656043296
get,mum,9,23,9978,0.0009019843656043296
get,your,9,24,9978,0.0009019843656043296
get,guy,8,25,9978,0.0008017638805371818
get,what,8,26,9978,0.0008017638805371818
get,baby,8,27,9978,0.0008017638805371818
get,monkey,8,28,9978,0.0008017638805371818
get,thomas,8,29,9978,0.0008017638805371818
get,girl,6,30,9978,0.0006013229104028864
get,mama,6,31,9978,0.0006013229104028864
get,purdie,6,32,9978,0.0006013229104028864
get,head,5,33,9978,0.0005011024253357386
get,water,5,34,9978,0.0005011024253357386
get,peter,5,35,9978,0.0005011024253357386
get,dad,5,36,9978,0.0005011024253357386
get,child,5,37,9978,0.0005011024253357386
get,somebody,5,38,9978,0.0005011024253357386
get,cathy,5,39,9978,0.0005011024253357386
get,adam,4,40,9978,0.0004008819402685909
get,hair,4,41,9978,0.0004008819402685909
get,mother,4,42,9978,0.0004008819402685909
get,some,4,43,9978,0.0004008819402685909
get,leg,4,44,9978,0.0004008819402685909
get,cow,4,45,9978,0.0004008819402685909
get,kid,4,46,9978,0.0004008819402685909
get,chi,4,47,9978,0.0004008819402685909
get,marky,4,48,9978,0.0004008819402685909
get,fish,4,49,9978,0.0004008819402685909
get,everyone,4,50,9978,0.0004008819402685909
get,car,4,51,9978,0.0004008819402685909
get,mary,4,52,9978,0.0004008819402685909
get,truck,4,53,9978,0.0004008819402685909
get,something,3,54,9978,0.0003006614552014432
get,duck,3,55,9978,0.0003006614552014432
get,all,3,56,9978,0.0003006614552014432
get,nana,3,57,9978,0.0003006614552014432
get,hasta,3,58,9978,0.0003006614552014432
get,my,3,59,9978,0.0003006614552014432
get,policeman,3,60,9978,0.0003006614552014432
get,mickey,3,61,9978,0.0003006614552014432
get,fire,3,62,9978,0.0003006614552014432
get,balloon,3,63,9978,0.0003006614552014432
get,bunny,3,64,9978,0.0003006614552014432
get,wolf,3,65,9978,0.0003006614552014432
get,sun,3,66,9978,0.0003006614552014432
get,frog,3,67,9978,0.0003006614552014432
get,monster,3,68,9978,0.0003006614552014432
get,horse,3,69,9978,0.0003006614552014432
get,someone,3,70,9978,0.0003006614552014432
get,bun,3,71,9978,0.0003006614552014432
get,bill,3,72,9978,0.0003006614552014432
get,her,3,73,9978,0.0003006614552014432
get,judy,3,74,9978,0.0003006614552014432
get,john,3,75,9978,0.0003006614552014432
get,fta,3,76,9978,0.0003006614552014432
get,door,3,77,9978,0.0003006614552014432
get,jeannine,3,78,9978,0.0003006614552014432
get,lady,3,79,9978,0.0003006614552014432
get,room,3,80,9978,0.0003006614552014432
get,jeremy,3,81,9978,0.0003006614552014432
get,sarah,2,82,9978,0.00020044097013429546
get,bobby,2,83,9978,0.00020044097013429546
get,annmarie,2,84,9978,0.00020044097013429546
get,melissa,2,85,9978,0.00020044097013429546
get,turtle,2,86,9978,0.00020044097013429546
get,donny,2,87,9978,0.00020044097013429546
get,two,2,88,9978,0.00020044097013429546
get,robin,2,89,9978,0.00020044097013429546
get,bee,2,90,9978,0.00020044097013429546
get,face,2,91,9978,0.00020044097013429546
get,grandma,2,92,9978,0.00020044097013429546
get,mrs,2,93,9978,0.00020044097013429546
get,mr,2,94,9978,0.00020044097013429546
get,junior,2,95,9978,0.00020044097013429546
get,sister,2,96,9978,0.00020044097013429546
get,doggie,2,97,9978,0.00020044097013429546
get,bird,2,98,9978,0.00020044097013429546
get,kim,2,99,9978,0.00020044097013429546
get,auntie,2,100,9978,0.00020044097013429546
get,bear,2,101,9978,0.00020044097013429546
get,jenna,2,102,9978,0.00020044097013429546
get,eddie,2,103,9978,0.00020044097013429546
get,hand,2,104,9978,0.00020044097013429546
get,stephanie,2,105,9978,0.00020044097013429546
get,bone,2,106,9978,0.00020044097013429546
get,needta,2,107,9978,0.00020044097013429546
get,chief,2,108,9978,0.00020044097013429546
get,light,2,109,9978,0.00020044097013429546
get,pilot,2,110,9978,0.00020044097013429546
get,useta,2,111,9978,0.00020044097013429546
get,tornado,2,112,9978,0.00020044097013429546
get,nobody,2,113,9978,0.00020044097013429546
get,whoever,2,114,9978,0.00020044097013429546
get,dawson,2,115,9978,0.00020044097013429546
get,dinosaur,2,116,9978,0.00020044097013429546
get,sand,2,117,9978,0.00020044097013429546
get,teacher,2,118,9978,0.00020044097013429546
get,maggie,2,119,9978,0.00020044097013429546
get,unclestuart,2,120,9978,0.00020044097013429546
get,conor,2,121,9978,0.00020044097013429546
get,jennifer,2,122,9978,0.00020044097013429546
get,julie,2,123,9978,0.00020044097013429546
get,ball,2,124,9978,0.00020044097013429546
get,horsie,2,125,9978,0.00020044097013429546
get,train,2,126,9978,0.00020044097013429546
get,animal,2,127,9978,0.00020044097013429546
get,driver,2,128,9978,0.00020044097013429546
get,bottom,2,129,9978,0.00020044097013429546
get,box,2,130,9978,0.00020044097013429546
get,bit,2,131,9978,0.00020044097013429546
get,king,2,132,9978,0.00020044097013429546
get,buzzlightyear,2,133,9978,0.00020044097013429546
get,bob,2,134,9978,0.00020044097013429546
get,biff,2,135,9978,0.00020044097013429546
get,dream,2,136,9978,0.00020044097013429546
get,rabbit,2,137,9978,0.00020044097013429546
get,tom,2,138,9978,0.00020044097013429546
get,christmas,2,139,9978,0.00020044097013429546
get,james,2,140,9978,0.00020044097013429546
get,grandad,2,141,9978,0.00020044097013429546
get,slipper,2,142,9978,0.00020044097013429546
get,doctor,2,143,9978,0.00020044097013429546
get,hin,2,144,9978,0.00020044097013429546
get,nan,2,145,9978,0.00020044097013429546
get,helen,2,146,9978,0.00020044097013429546
get,justin,2,147,9978,0.00020044097013429546
get,firstname,2,148,9978,0.00020044097013429546
get,elephant,2,149,9978,0.00020044097013429546
get,maam,2,150,9978,0.00020044097013429546
get,danny,2,151,9978,0.00020044097013429546
get,laura,1,152,9978,0.00010022048506714773
get,breakfast,1,153,9978,0.00010022048506714773
get,pizza,1,154,9978,0.00010022048506714773
get,voice,1,155,9978,0.00010022048506714773
get,diandra,1,156,9978,0.00010022048506714773
get,paul,1,157,9978,0.00010022048506714773
get,store,1,158,9978,0.00010022048506714773
get,chantilly,1,159,9978,0.00010022048506714773
get,jackie,1,160,9978,0.00010022048506714773
get,lipstick,1,161,9978,0.00010022048506714773
get,betty,1,162,9978,0.00010022048506714773
get,ann,1,163,9978,0.00010022048506714773
get,school,1,164,9978,0.00010022048506714773
get,whale,1,165,9978,0.00010022048506714773
get,darleen,1,166,9978,0.00010022048506714773
get,pat,1,167,9978,0.00010022048506714773
get,grandpa,1,168,9978,0.00010022048506714773
get,uncle,1,169,9978,0.00010022048506714773
get,freezer,1,170,9978,0.00010022048506714773
get,flower,1,171,9978,0.00010022048506714773
get,ima,1,172,9978,0.00010022048506714773
get,theresa,1,173,9978,0.00010022048506714773
get,party,1,174,9978,0.00010022048506714773
get,jenny,1,175,9978,0.00010022048506714773
get,tool,1,176,9978,0.00010022048506714773
get,wendy,1,177,9978,0.00010022048506714773
get,andy,1,178,9978,0.00010022048506714773
get,milk,1,179,9978,0.00010022048506714773
get,book,1,180,9978,0.00010022048506714773
get,season,1,181,9978,0.00010022048506714773
get,kitten,1,182,9978,0.00010022048506714773
get,hen,1,183,9978,0.00010022048506714773
get,mouse,1,184,9978,0.00010022048506714773
get,sludge,1,185,9978,0.00010022048506714773
get,fang,1,186,9978,0.00010022048506714773
get,jean,1,187,9978,0.00010022048506714773
get,skipper,1,188,9978,0.00010022048506714773
get,ryan,1,189,9978,0.00010022048506714773
get,nicky,1,190,9978,0.00010022048506714773
get,nelson,1,191,9978,0.00010022048506714773
get,leader,1,192,9978,0.00010022048506714773
get,jason,1,193,9978,0.00010022048506714773
get,pool,1,194,9978,0.00010022048506714773
get,more,1,195,9978,0.00010022048506714773
get,eye,1,196,9978,0.00010022048506714773
get,silly,1,197,9978,0.00010022048506714773
get,raggedy,1,198,9978,0.00010022048506714773
get,caterpillar,1,199,9978,0.00010022048506714773
get,woman,1,200,9978,0.00010022048506714773
get,helmet,1,201,9978,0.00010022048506714773
get,the,1,202,9978,0.00010022048506714773
get,pascal,1,203,9978,0.00010022048506714773
get,marcella,1,204,9978,0.00010022048506714773
get,tim,1,205,9978,0.00010022048506714773
get,ship,1,206,9978,0.00010022048506714773
get,assoonas,1,207,9978,0.00010022048506714773
get,bambi,1,208,9978,0.00010022048506714773
get,family,1,209,9978,0.00010022048506714773
get,bro,1,210,9978,0.00010022048506714773
get,page,1,211,9978,0.00010022048506714773
get,honey,1,212,9978,0.00010022048506714773
get,smile,1,213,9978,0.00010022048506714773
get,thief,1,214,9978,0.00010022048506714773
get,tooth,1,215,9978,0.00010022048506714773
get,manny,1,216,9978,0.00010022048506714773
get,smoke,1,217,9978,0.00010022048506714773
get,snow,1,218,9978,0.00010022048506714773
get,muscle,1,219,9978,0.00010022048506714773
get,cou,1,220,9978,0.00010022048506714773
get,bag,1,221,9978,0.00010022048506714773
get,coffee,1,222,9978,0.00010022048506714773
get,ant,1,223,9978,0.00010022048506714773
get,mike,1,224,9978,0.00010022048506714773
get,stan,1,225,9978,0.00010022048506714773
get,lava,1,226,9978,0.00010022048506714773
get,rufus,1,227,9978,0.00010022048506714773
get,abe,1,228,9978,0.00010022048506714773
get,violence,1,229,9978,0.00010022048506714773
get,string,1,230,9978,0.00010022048506714773
get,picture,1,231,9978,0.00010022048506714773
get,jibo,1,232,9978,0.00010022048506714773
get,money,1,233,9978,0.00010022048506714773
get,carrot,1,234,9978,0.00010022048506714773
get,vegetable,1,235,9978,0.00010022048506714773
get,andrew,1,236,9978,0.00010022048506714773
get,project,1,237,9978,0.00010022048506714773
get,hadta,1,238,9978,0.00010022048506714773
get,susie,1,239,9978,0.00010022048506714773
get,auntcarey,1,240,9978,0.00010022048506714773
get,lauren,1,241,9978,0.00010022048506714773
get,puppy,1,242,9978,0.00010022048506714773
get,roman,1,243,9978,0.00010022048506714773
get,cody,1,244,9978,0.00010022048506714773
get,candy,1,245,9978,0.00010022048506714773
get,chutes,1,246,9978,0.00010022048506714773
get,anyone,1,247,9978,0.00010022048506714773
get,lincoln,1,248,9978,0.00010022048506714773
get,team,1,249,9978,0.00010022048506714773
get,matty,1,250,9978,0.00010022048506714773
get,buzz,1,251,9978,0.00010022048506714773
get,inorderto,1,252,9978,0.00010022048506714773
get,sophie,1,253,9978,0.00010022048506714773
get,mcdonald,1,254,9978,0.00010022048506714773
get,whatever,1,255,9978,0.00010022048506714773
get,youse,1,256,9978,0.00010022048506714773
get,gillian,1,257,9978,0.00010022048506714773
get,granny,1,258,9978,0.00010022048506714773
get,half,1,259,9978,0.00010022048506714773
get,world,1,260,9978,0.00010022048506714773
get,wing,1,261,9978,0.00010022048506714773
get,calvin,1,262,9978,0.00010022048506714773
get,speech,1,263,9978,0.00010022048506714773
get,auntjune,1,264,9978,0.00010022048506714773
get,kathryn,1,265,9978,0.00010022048506714773
get,denver,1,266,9978,0.00010022048506714773
get,spicey,1,267,9978,0.00010022048506714773
get,evan,1,268,9978,0.00010022048506714773
get,hedgehog,1,269,9978,0.00010022048506714773
get,neil,1,270,9978,0.00010022048506714773
get,batman,1,271,9978,0.00010022048506714773
get,headache,1,272,9978,0.00010022048506714773
get,granddadbilby,1,273,9978,0.00010022048506714773
get,apple,1,274,9978,0.00010022048506714773
get,conservatory,1,275,9978,0.00010022048506714773
get,fruit,1,276,9978,0.00010022048506714773
get,park,1,277,9978,0.00010022048506714773
get,sammy,1,278,9978,0.00010022048506714773
get,gale,1,279,9978,0.00010022048506714773
get,elvis,1,280,9978,0.00010022048506714773
get,bertie,1,281,9978,0.00010022048506714773
get,sticker,1,282,9978,0.00010022048506714773
get,label,1,283,9978,0.00010022048506714773
get,customer,1,284,9978,0.00010022048506714773
get,fill,1,285,9978,0.00010022048506714773
get,coach,1,286,9978,0.00010022048506714773
get,robber,1,287,9978,0.00010022048506714773
get,bus,1,288,9978,0.00010022048506714773
get,finger,1,289,9978,0.00010022048506714773
get,quality,1,290,9978,0.00010022048506714773
get,nine,1,291,9978,0.00010022048506714773
get,sock,1,292,9978,0.00010022048506714773
get,kiera,1,293,9978,0.00010022048506714773
get,rachel,1,294,9978,0.00010022048506714773
get,charity,1,295,9978,0.00010022048506714773
get,bread,1,296,9978,0.00010022048506714773
get,nursery,1,297,9978,0.00010022048506714773
get,foot,1,298,9978,0.00010022048506714773
get,unclebrian,1,299,9978,0.00010022048506714773
get,saliva,1,300,9978,0.00010022048506714773
get,brian,1,301,9978,0.00010022048506714773
get,aeroplane,1,302,9978,0.00010022048506714773
get,pyjamas,1,303,9978,0.00010022048506714773
get,passenger,1,304,9978,0.00010022048506714773
get,knee,1,305,9978,0.00010022048506714773
get,day,1,306,9978,0.00010022048506714773
get,both,1,307,9978,0.00010022048506714773
get,seagull,1,308,9978,0.00010022048506714773
get,beaker,1,309,9978,0.00010022048506714773
get,slug,1,310,9978,0.00010022048506714773
get,friend,1,311,9978,0.00010022048506714773
get,carriage,1,312,9978,0.00010022048506714773
get,which,1,313,9978,0.00010022048506714773
get,coat,1,314,9978,0.00010022048506714773
get,chutney,1,315,9978,0.00010022048506714773
get,ben,1,316,9978,0.00010022048506714773
get,axxx,1,317,9978,0.00010022048506714773
get,lot,1,318,9978,0.00010022048506714773
get,carrier,1,319,9978,0.00010022048506714773
get,queen,1,320,9978,0.00010022048506714773
get,hafta,1,321,9978,0.00010022048506714773
get,scoop,1,322,9978,0.00010022048506714773
get,tinsel,1,323,9978,0.00010022048506714773
get,everything,1,324,9978,0.00010022048506714773
get,toy,1,325,9978,0.00010022048506714773
get,gun,1,326,9978,0.00010022048506714773
get,butterfly,1,327,9978,0.00010022048506714773
get,tricycle,1,328,9978,0.00010022048506714773
get,trailer,1,329,9978,0.00010022048506714773
get,shepherd,1,330,9978,0.00010022048506714773
get,leave,1,331,9978,0.00010022048506714773
get,baker,1,332,9978,0.00010022048506714773
get,dragon,1,333,9978,0.00010022048506714773
get,tweenies,1,334,9978,0.00010022048506714773
get,luke,1,335,9978,0.00010022048506714773
get,engine,1,336,9978,0.00010022048506714773
get,lisa,1,337,9978,0.00010022048506714773
get,kelly,1,338,9978,0.00010022048506714773
get,stuff,1,339,9978,0.00010022048506714773
get,sandcastle,1,340,9978,0.00010022048506714773
get,trousers,1,341,9978,0.00010022048506714773
get,waitress,1,342,9978,0.00010022048506714773
get,barbie,1,343,9978,0.00010022048506714773
get,crocodile,1,344,9978,0.00010022048506714773
get,nothing,1,345,9978,0.00010022048506714773
get,cinderella,1,346,9978,0.00010022048506714773
get,hannah,1,347,9978,0.00010022048506714773
get,wind,1,348,9978,0.00010022048506714773
get,youall,1,349,9978,0.00010022048506714773
get,kipper,1,350,9978,0.00010022048506714773
get,harry,1,351,9978,0.00010022048506714773
get,kate,1,352,9978,0.00010022048506714773
get,pound,1,353,9978,0.00010022048506714773
get,lily,1,354,9978,0.00010022048506714773
get,giraffe,1,355,9978,0.00010022048506714773
get,firefighter,1,356,9978,0.00010022048506714773
get,ambulance,1,357,9978,0.00010022048506714773
get,kip,1,358,9978,0.00010022048506714773
get,veronica,1,359,9978,0.00010022048506714773
get,clothes,1,360,9978,0.00010022048506714773
get,firemen,1,361,9978,0.00010022048506714773
get,mat,1,362,9978,0.00010022048506714773
get,mec,1,363,9978,0.00010022048506714773
get,sco,1,364,9978,0.00010022048506714773
get,gary,1,365,9978,0.00010022048506714773
get,grant,1,366,9978,0.00010022048506714773
get,whatcha,1,367,9978,0.00010022048506714773
get,dress,1,368,9978,0.00010022048506714773
get,yup,1,369,9978,0.00010022048506714773
get,pg,1,370,9978,0.00010022048506714773
get,mamma,1,371,9978,0.00010022048506714773
get,arm,1,372,9978,0.00010022048506714773
get,name,1,373,9978,0.00010022048506714773
get,thunderstorm,1,374,9978,0.00010022048506714773
get,grasshopper,1,375,9978,0.00010022048506714773
get,spider,1,376,9978,0.00010022048506714773
get,strega,1,377,9978,0.00010022048506714773
get,rain,1,378,9978,0.00010022048506714773
get,boat,1,379,9978,0.00010022048506714773
get,refrigerator,1,380,9978,0.00010022048506714773
get,boris,1,381,9978,0.00010022048506714773
get,aunt,1,382,9978,0.00010022048506714773
get,pluto,1,383,9978,0.00010022048506714773
get,grandmom,1,384,9978,0.00010022048506714773
get,criminal,1,385,9978,0.00010022048506714773
get,motorcycle,1,386,9978,0.00010022048506714773
get,police,1,387,9978,0.00010022048506714773
get,abby,1,388,9978,0.00010022048506714773
get,mammy,1,389,9978,0.00010022048506714773
get,topsy,1,390,9978,0.00010022048506714773
know,you,4764,1,9063,0.5256537570340947
know,i,3694,2,9063,0.4075913053072934
know,we,128,3,9063,0.014123358711243518
know,she,123,4,9063,0.013571665011585568
know,he,121,5,9063,0.013350987531722388
know,they,43,6,9063,0.004744565817058369
know,who,12,7,9063,0.0013240648791790798
know,it,9,8,9063,0.0009930486593843098
know,person,8,9,9063,0.0008827099194527199
know,nobody,6,10,9063,0.0006620324395895399
know,one,6,11,9063,0.0006620324395895399
know,leslie,6,12,9063,0.0006620324395895399
know,daddy,5,13,9063,0.0005516936996579499
know,bear,5,14,9063,0.0005516936996579499
know,helga,5,15,9063,0.0005516936996579499
know,that,5,16,9063,0.0005516936996579499
know,mummy,5,17,9063,0.0005516936996579499
know,anybody,4,18,9063,0.00044135495972635994
know,anyone,4,19,9063,0.00044135495972635994
know,doctor,4,20,9063,0.00044135495972635994
know,mommy,4,21,9063,0.00044135495972635994
know,santa,3,22,9063,0.00033101621979476995
know,kid,3,23,9063,0.00033101621979476995
know,everybody,3,24,9063,0.00033101621979476995
know,tape,3,25,9063,0.00033101621979476995
know,teacher,3,26,9063,0.00033101621979476995
know,purdie,3,27,9063,0.00033101621979476995
know,car,2,28,9063,0.00022067747986317997
know,god,2,29,9063,0.00022067747986317997
know,dad,2,30,9063,0.00022067747986317997
know,chi,2,31,9063,0.00022067747986317997
know,fox,2,32,9063,0.00022067747986317997
know,girl,2,33,9063,0.00022067747986317997
know,husband,2,34,9063,0.00022067747986317997
know,woman,2,35,9063,0.00022067747986317997
know,eddie,2,36,9063,0.00022067747986317997
know,baby,2,37,9063,0.00022067747986317997
know,mom,2,38,9063,0.00022067747986317997
know,mammy,2,39,9063,0.00022067747986317997
know,what,1,40,9063,0.00011033873993158998
know,paul,1,41,9063,0.00011033873993158998
know,boat,1,42,9063,0.00011033873993158998
know,sarah,1,43,9063,0.00011033873993158998
know,uncle,1,44,9063,0.00011033873993158998
know,samyou,1,45,9063,0.00011033873993158998
know,sara,1,46,9063,0.00011033873993158998
know,up,1,47,9063,0.00011033873993158998
know,neighbor,1,48,9063,0.00011033873993158998
know,brenda,1,49,9063,0.00011033873993158998
know,lisa,1,50,9063,0.00011033873993158998
know,ma,1,51,9063,0.00011033873993158998
know,tarci,1,52,9063,0.00011033873993158998
know,silly,1,53,9063,0.00011033873993158998
know,franklin,1,54,9063,0.00011033873993158998
know,kermit,1,55,9063,0.00011033873993158998
know,chipmunk,1,56,9063,0.00011033873993158998
know,conductor,1,57,9063,0.00011033873993158998
know,boy,1,58,9063,0.00011033873993158998
know,bunny,1,59,9063,0.00011033873993158998
know,sister,1,60,9063,0.00011033873993158998
know,papa,1,61,9063,0.00011033873993158998
know,donald,1,62,9063,0.00011033873993158998
know,mother,1,63,9063,0.00011033873993158998
know,dusty,1,64,9063,0.00011033873993158998
know,orange,1,65,9063,0.00011033873993158998
know,needta,1,66,9063,0.00011033873993158998
know,grandma,1,67,9063,0.00011033873993158998
know,grandpa,1,68,9063,0.00011033873993158998
know,chris,1,69,9063,0.00011033873993158998
know,ross,1,70,9063,0.00011033873993158998
know,macaroni,1,71,9063,0.00011033873993158998
know,carey,1,72,9063,0.00011033873993158998
know,sylvia,1,73,9063,0.00011033873993158998
know,fella,1,74,9063,0.00011033873993158998
know,mygoodness,1,75,9063,0.00011033873993158998
know,dear,1,76,9063,0.00011033873993158998
know,mann,1,77,9063,0.00011033873993158998
know,grettal,1,78,9063,0.00011033873993158998
know,dimitra,1,79,9063,0.00011033873993158998
know,jeannine,1,80,9063,0.00011033873993158998
know,man,1,81,9063,0.00011033873993158998
know,mum,1,82,9063,0.00011033873993158998
know,three,1,83,9063,0.00011033873993158998
know,frog,1,84,9063,0.00011033873993158998
know,biff,1,85,9063,0.00011033873993158998
know,georgia,1,86,9063,0.00011033873993158998
know,lady,1,87,9063,0.00011033873993158998
know,peanut,1,88,9063,0.00011033873993158998
know,school,1,89,9063,0.00011033873993158998
know,christmas,1,90,9063,0.00011033873993158998
know,yearold,1,91,9063,0.00011033873993158998
know,dog,1,92,9063,0.00011033873993158998
know,matthew,1,93,9063,0.00011033873993158998
know,anything,1,94,9063,0.00011033873993158998
know,fot,1,95,9063,0.00011033873993158998
know,casey,1,96,9063,0.00011033873993158998
know,chief,1,97,9063,0.00011033873993158998
know,myself,1,98,9063,0.00011033873993158998
know,truck,1,99,9063,0.00011033873993158998
think,i,5297,1,8750,0.6053714285714286
think,you,3014,2,8750,0.34445714285714285
think,he,121,3,8750,0.013828571428571428
think,she,79,4,8750,0.00902857142857143
think,they,60,5,8750,0.006857142857142857
think,we,46,6,8750,0.005257142857142857
think,sarah,9,7,8750,0.0010285714285714286
think,it,8,8,8750,0.0009142857142857143
think,jibo,8,9,8750,0.0009142857142857143
think,who,6,10,8750,0.0006857142857142857
think,that,6,11,8750,0.0006857142857142857
think,person,5,12,8750,0.0005714285714285715
think,kid,3,13,8750,0.00034285714285714285
think,what,3,14,8750,0.00034285714285714285
think,cathy,3,15,8750,0.00034285714285714285
think,man,3,16,8750,0.00034285714285714285
think,somebody,2,17,8750,0.00022857142857142857
think,fireman,2,18,8750,0.00022857142857142857
think,pascal,2,19,8750,0.00022857142857142857
think,grandma,2,20,8750,0.00022857142857142857
think,marky,2,21,8750,0.00022857142857142857
think,daddy,2,22,8750,0.00022857142857142857
think,teacher,2,23,8750,0.00022857142857142857
think,thomas,2,24,8750,0.00022857142857142857
think,boy,2,25,8750,0.00022857142857142857
think,anthony,2,26,8750,0.00022857142857142857
think,laura,1,27,8750,0.00011428571428571428
think,kiki,1,28,8750,0.00011428571428571428
think,dr,1,29,8750,0.00011428571428571428
think,mother,1,30,8750,0.00011428571428571428
think,pam,1,31,8750,0.00011428571428571428
think,wanda,1,32,8750,0.00011428571428571428
think,sherry,1,33,8750,0.00011428571428571428
think,kitty,1,34,8750,0.00011428571428571428
think,kitten,1,35,8750,0.00011428571428571428
think,tanya,1,36,8750,0.00011428571428571428
think,felicia,1,37,8750,0.00011428571428571428
think,guy,1,38,8750,0.00011428571428571428
think,peter,1,39,8750,0.00011428571428571428
think,all,1,40,8750,0.00011428571428571428
think,winnie,1,41,8750,0.00011428571428571428
think,tam,1,42,8750,0.00011428571428571428
think,manx,1,43,8750,0.00011428571428571428
think,chi,1,44,8750,0.00011428571428571428
think,god,1,45,8750,0.00011428571428571428
think,mommy,1,46,8750,0.00011428571428571428
think,abe,1,47,8750,0.00011428571428571428
think,room,1,48,8750,0.00011428571428571428
think,max,1,49,8750,0.00011428571428571428
think,useta,1,50,8750,0.00011428571428571428
think,rabbit,1,51,8750,0.00011428571428571428
think,leslie,1,52,8750,0.00011428571428571428
think,helga,1,53,8750,0.00011428571428571428
think,gp,1,54,8750,0.00011428571428571428
think,maggie,1,55,8750,0.00011428571428571428
think,child,1,56,8750,0.00011428571428571428
think,woman,1,57,8750,0.00011428571428571428
think,sister,1,58,8750,0.00011428571428571428
think,mummie,1,59,8750,0.00011428571428571428
think,donald,1,60,8750,0.00011428571428571428
think,magpie,1,61,8750,0.00011428571428571428
think,grandad,1,62,8750,0.00011428571428571428
think,misterfox,1,63,8750,0.00011428571428571428
think,linda,1,64,8750,0.00011428571428571428
think,lady,1,65,8750,0.00011428571428571428
think,mug,1,66,8750,0.00011428571428571428
think,black,1,67,8750,0.00011428571428571428
think,card,1,68,8750,0.00011428571428571428
think,dipsy,1,69,8750,0.00011428571428571428
think,jeannine,1,70,8750,0.00011428571428571428
think,purdie,1,71,8750,0.00011428571428571428
think,mummy,1,72,8750,0.00011428571428571428
think,dragon,1,73,8750,0.00011428571428571428
think,four,1,74,8750,0.00011428571428571428
think,flower,1,75,8750,0.00011428571428571428
think,mum,1,76,8750,0.00011428571428571428
think,tom,1,77,8750,0.00011428571428571428
think,missus,1,78,8750,0.00011428571428571428
think,umbrella,1,79,8750,0.00011428571428571428
think,mom,1,80,8750,0.00011428571428571428
think,cullin,1,81,8750,0.00011428571428571428
think,bear,1,82,8750,0.00011428571428571428
think,yall,1,83,8750,0.00011428571428571428
think,ted,1,84,8750,0.00011428571428571428
think,chris,1,85,8750,0.00011428571428571428
want,you,5362,1,8224,0.6519941634241245
want,i,1579,2,8224,0.1919990272373541
want,he,291,3,8224,0.035384241245136186
want,she,254,4,8224,0.030885214007782102
want,we,155,5,8224,0.01884727626459144
want,they,135,6,8224,0.016415369649805448
want,who,43,7,8224,0.005228599221789883
want,girl,21,8,8224,0.002553501945525292
want,chi,20,9,8224,0.0024319066147859923
want,it,14,10,8224,0.0017023346303501946
want,person,13,11,8224,0.001580739299610895
want,daddy,12,12,8224,0.0014591439688715954
want,guy,11,13,8224,0.0013375486381322957
want,that,9,14,8224,0.0010943579766536965
want,one,8,15,8224,0.0009727626459143969
want,boy,8,16,8224,0.0009727626459143969
want,purdie,8,17,8224,0.0009727626459143969
want,mommy,7,18,8224,0.0008511673151750973
want,baby,7,19,8224,0.0008511673151750973
want,somebody,7,20,8224,0.0008511673151750973
want,zachary,7,21,8224,0.0008511673151750973
want,lady,6,22,8224,0.0007295719844357977
want,nobody,6,23,8224,0.0007295719844357977
want,everybody,6,24,8224,0.0007295719844357977
want,friend,5,25,8224,0.0006079766536964981
want,bear,5,26,8224,0.0006079766536964981
want,marky,5,27,8224,0.0006079766536964981
want,kate,5,28,8224,0.0006079766536964981
want,someone,4,29,8224,0.00048638132295719845
want,adam,4,30,8224,0.00048638132295719845
want,dad,4,31,8224,0.00048638132295719845
want,bro,4,32,8224,0.00048638132295719845
want,cathy,4,33,8224,0.00048638132295719845
want,jeannine,4,34,8224,0.00048638132295719845
want,mum,4,35,8224,0.00048638132295719845
want,mummy,4,36,8224,0.00048638132295719845
want,nan,4,37,8224,0.00048638132295719845
want,christine,3,38,8224,0.00036478599221789884
want,mom,3,39,8224,0.00036478599221789884
want,anything,3,40,8224,0.00036478599221789884
want,monkey,3,41,8224,0.00036478599221789884
want,child,3,42,8224,0.00036478599221789884
want,paul,2,43,8224,0.00024319066147859923
want,sarah,2,44,8224,0.00024319066147859923
want,anybody,2,45,8224,0.00024319066147859923
want,everyone,2,46,8224,0.00024319066147859923
want,polly,2,47,8224,0.00024319066147859923
want,dog,2,48,8224,0.00024319066147859923
want,joe,2,49,8224,0.00024319066147859923
want,pascal,2,50,8224,0.00024319066147859923
want,car,2,51,8224,0.00024319066147859923
want,bird,2,52,8224,0.00024319066147859923
want,kid,2,53,8224,0.00024319066147859923
want,this,2,54,8224,0.00024319066147859923
want,sis,2,55,8224,0.00024319066147859923
want,jibo,2,56,8224,0.00024319066147859923
want,puppy,2,57,8224,0.00024319066147859923
want,anyone,2,58,8224,0.00024319066147859923
want,roman,2,59,8224,0.00024319066147859923
want,horse,2,60,8224,0.00024319066147859923
want,bill,2,61,8224,0.00024319066147859923
want,judy,2,62,8224,0.00024319066147859923
want,james,2,63,8224,0.00024319066147859923
want,mister,2,64,8224,0.00024319066147859923
want,wendy,2,65,8224,0.00024319066147859923
want,cat,2,66,8224,0.00024319066147859923
want,thomas,2,67,8224,0.00024319066147859923
want,man,2,68,8224,0.00024319066147859923
want,harry,2,69,8224,0.00024319066147859923
want,cow,2,70,8224,0.00024319066147859923
want,cullin,2,71,8224,0.00024319066147859923
want,laura,1,72,8224,0.00012159533073929961
want,mrs,1,73,8224,0.00012159533073929961
want,nap,1,74,8224,0.00012159533073929961
want,kiki,1,75,8224,0.00012159533073929961
want,whale,1,76,8224,0.00012159533073929961
want,sandwich,1,77,8224,0.00012159533073929961
want,don,1,78,8224,0.00012159533073929961
want,ellie,1,79,8224,0.00012159533073929961
want,andy,1,80,8224,0.00012159533073929961
want,eric,1,81,8224,0.00012159533073929961
want,son,1,82,8224,0.00012159533073929961
want,kitten,1,83,8224,0.00012159533073929961
want,huh,1,84,8224,0.00012159533073929961
want,michele,1,85,8224,0.00012159533073929961
want,bobby,1,86,8224,0.00012159533073929961
want,brian,1,87,8224,0.00012159533073929961
want,jake,1,88,8224,0.00012159533073929961
want,carl,1,89,8224,0.00012159533073929961
want,ma,1,90,8224,0.00012159533073929961
want,uncle,1,91,8224,0.00012159533073929961
want,christy,1,92,8224,0.00012159533073929961
want,felicia,1,93,8224,0.00012159533073929961
want,owl,1,94,8224,0.00012159533073929961
want,christopher,1,95,8224,0.00012159533073929961
want,crew,1,96,8224,0.00012159533073929961
want,teacher,1,97,8224,0.00012159533073929961
want,flower,1,98,8224,0.00012159533073929961
want,mikey,1,99,8224,0.00012159533073929961
want,nana,1,100,8224,0.00012159533073929961
want,cuddle,1,101,8224,0.00012159533073929961
want,coffee,1,102,8224,0.00012159533073929961
want,abe,1,103,8224,0.00012159533073929961
want,stan,1,104,8224,0.00012159533073929961
want,mark,1,105,8224,0.00012159533073929961
want,lion,1,106,8224,0.00012159533073929961
want,tiger,1,107,8224,0.00012159533073929961
want,nomi,1,108,8224,0.00012159533073929961
want,andrew,1,109,8224,0.00012159533073929961
want,david,1,110,8224,0.00012159533073929961
want,tape,1,111,8224,0.00012159533073929961
want,toy,1,112,8224,0.00012159533073929961
want,leslie,1,113,8224,0.00012159533073929961
want,ohmygoodness,1,114,8224,0.00012159533073929961
want,grandma,1,115,8224,0.00012159533073929961
want,custodian,1,116,8224,0.00012159533073929961
want,charles,1,117,8224,0.00012159533073929961
want,kathryn,1,118,8224,0.00012159533073929961
want,conor,1,119,8224,0.00012159533073929961
want,two,1,120,8224,0.00012159533073929961
want,paddy,1,121,8224,0.00012159533073929961
want,velociraptor,1,122,8224,0.00012159533073929961
want,niece,1,123,8224,0.00012159533073929961
want,whoever,1,124,8224,0.00012159533073929961
want,rabbit,1,125,8224,0.00012159533073929961
want,hoover,1,126,8224,0.00012159533073929961
want,bone,1,127,8224,0.00012159533073929961
want,what,1,128,8224,0.00012159533073929961
want,grandad,1,129,8224,0.00012159533073929961
want,nemo,1,130,8224,0.00012159533073929961
want,mrssanta,1,131,8224,0.00012159533073929961
want,farmer,1,132,8224,0.00012159533073929961
want,customer,1,133,8224,0.00012159533073929961
want,biff,1,134,8224,0.00012159533073929961
want,grey,1,135,8224,0.00012159533073929961
want,neighbor,1,136,8224,0.00012159533073929961
want,fraser,1,137,8224,0.00012159533073929961
want,ms,1,138,8224,0.00012159533073929961
want,your,1,139,8224,0.00012159533073929961
want,all,1,140,8224,0.00012159533073929961
want,bonnie,1,141,8224,0.00012159533073929961
want,ludovica,1,142,8224,0.00012159533073929961
want,missus,1,143,8224,0.00012159533073929961
want,pap,1,144,8224,0.00012159533073929961
want,elephant,1,145,8224,0.00012159533073929961
want,giraffe,1,146,8224,0.00012159533073929961
want,hat,1,147,8224,0.00012159533073929961
want,driver,1,148,8224,0.00012159533073929961
want,doctor,1,149,8224,0.00012159533073929961
want,brother,1,150,8224,0.00012159533073929961
want,nathaniel,1,151,8224,0.00012159533073929961
want,firemen,1,152,8224,0.00012159533073929961
want,patient,1,153,8224,0.00012159533073929961
want,place,1,154,8224,0.00012159533073929961
want,name,1,155,8224,0.00012159533073929961
want,zoo,1,156,8224,0.00012159533073929961
want,cio,1,157,8224,0.00012159533073929961
want,snoopy,1,158,8224,0.00012159533073929961
want,sno,1,159,8224,0.00012159533073929961
want,sister,1,160,8224,0.00012159533073929961
want,friday,1,161,8224,0.00012159533073929961
want,mrbear,1,162,8224,0.00012159533073929961
want,helen,1,163,8224,0.00012159533073929961
want,kell,1,164,8224,0.00012159533073929961
want,justin,1,165,8224,0.00012159533073929961
want,pig,1,166,8224,0.00012159533073929961
want,parent,1,167,8224,0.00012159533073929961
want,teddy,1,168,8224,0.00012159533073929961
want,mother,1,169,8224,0.00012159533073929961
want,ada,1,170,8224,0.00012159533073929961
want,lot,1,171,8224,0.00012159533073929961
want,ball,1,172,8224,0.00012159533073929961
want,ben,1,173,8224,0.00012159533073929961
want,mr,1,174,8224,0.00012159533073929961
want,ladder,1,175,8224,0.00012159533073929961
want,mammy,1,176,8224,0.00012159533073929961
want,kim,1,177,8224,0.00012159533073929961
say,you,1825,1,6299,0.2897285283378314
say,i,1157,2,6299,0.18367994919828545
say,he,651,3,6299,0.10334973805365931
say,it,446,4,6299,0.0708048896650262
say,she,444,5,6299,0.07048737894903953
say,that,146,6,6299,0.023178282267026513
say,they,145,7,6299,0.02301952690903318
say,we,121,8,6299,0.019209398317193205
say,idea,54,9,6299,0.008572789331639942
say,my,53,10,6299,0.00841403397364661
say,girl,47,11,6299,0.007461501825686617
say,one,44,12,6299,0.00698523575170662
say,this,41,13,6299,0.006508969677726623
say,baby,40,14,6299,0.006350214319733291
say,who,38,15,6299,0.006032703603746627
say,bill,31,16,6299,0.004921416097793301
say,mrs,28,17,6299,0.004445150023813304
say,duck,27,18,6299,0.004286394665819971
say,daddy,21,19,6299,0.003333862517859978
say,mother,21,20,6299,0.003333862517859978
say,mom,17,21,6299,0.0026988410858866485
say,mummy,16,22,6299,0.0025400857278933165
say,gillian,15,23,6299,0.002381330369899984
say,farmer,14,24,6299,0.002222575011906652
say,ross,14,25,6299,0.002222575011906652
say,bear,13,26,6299,0.0020638196539133195
say,christopher,13,27,6299,0.0020638196539133195
say,cow,13,28,6299,0.0020638196539133195
say,thomas,13,29,6299,0.0020638196539133195
say,what,12,30,6299,0.0019050642959199872
say,somebody,11,31,6299,0.001746308937926655
say,man,11,32,6299,0.001746308937926655
say,lady,10,33,6299,0.0015875535799333227
say,rosamund,10,34,6299,0.0015875535799333227
say,horse,10,35,6299,0.0015875535799333227
say,doctor,9,36,6299,0.0014287982219399905
say,mickey,9,37,6299,0.0014287982219399905
say,donald,9,38,6299,0.0014287982219399905
say,pj,9,39,6299,0.0014287982219399905
say,grover,8,40,6299,0.0012700428639466582
say,mummie,8,41,6299,0.0012700428639466582
say,person,7,42,6299,0.001111287505953326
say,word,7,43,6299,0.001111287505953326
say,chicken,7,44,6299,0.001111287505953326
say,claude,7,45,6299,0.001111287505953326
say,sister,7,46,6299,0.001111287505953326
say,mark,7,47,6299,0.001111287505953326
say,boy,7,48,6299,0.001111287505953326
say,dog,7,49,6299,0.001111287505953326
say,cat,6,50,6299,0.0009525321479599936
say,owl,6,51,6299,0.0009525321479599936
say,woman,6,52,6299,0.0009525321479599936
say,teacher,6,53,6299,0.0009525321479599936
say,mama,6,54,6299,0.0009525321479599936
say,franklin,6,55,6299,0.0009525321479599936
say,raggedy,6,56,6299,0.0009525321479599936
say,mitchell,6,57,6299,0.0009525321479599936
say,page,6,58,6299,0.0009525321479599936
say,tam,6,59,6299,0.0009525321479599936
say,mommy,6,60,6299,0.0009525321479599936
say,chi,6,61,6299,0.0009525321479599936
say,marky,6,62,6299,0.0009525321479599936
say,maggie,6,63,6299,0.0009525321479599936
say,danny,5,64,6299,0.0007937767899666614
say,sign,5,65,6299,0.0007937767899666614
say,mr,5,66,6299,0.0007937767899666614
say,piggy,5,67,6299,0.0007937767899666614
say,aunt,5,68,6299,0.0007937767899666614
say,cathy,5,69,6299,0.0007937767899666614
say,strega,5,70,6299,0.0007937767899666614
say,donny,4,71,6299,0.0006350214319733291
say,rabbit,4,72,6299,0.0006350214319733291
say,mary,4,73,6299,0.0006350214319733291
say,nana,4,74,6299,0.0006350214319733291
say,kitty,4,75,6299,0.0006350214319733291
say,turkey,4,76,6299,0.0006350214319733291
say,papa,4,77,6299,0.0006350214319733291
say,bunny,4,78,6299,0.0006350214319733291
say,betty,4,79,6299,0.0006350214319733291
say,paddington,4,80,6299,0.0006350214319733291
say,guy,4,81,6299,0.0006350214319733291
say,grandma,4,82,6299,0.0006350214319733291
say,everybody,4,83,6299,0.0006350214319733291
say,rossie,4,84,6299,0.0006350214319733291
say,conor,4,85,6299,0.0006350214319733291
say,steven,4,86,6299,0.0006350214319733291
say,horsie,4,87,6299,0.0006350214319733291
say,useta,4,88,6299,0.0006350214319733291
say,pg,4,89,6299,0.0006350214319733291
say,bird,4,90,6299,0.0006350214319733291
say,child,3,91,6299,0.0004762660739799968
say,paul,3,92,6299,0.0004762660739799968
say,adam,3,93,6299,0.0004762660739799968
say,eleanor,3,94,6299,0.0004762660739799968
say,brother,3,95,6299,0.0004762660739799968
say,policeman,3,96,6299,0.0004762660739799968
say,cindy,3,97,6299,0.0004762660739799968
say,dentist,3,98,6299,0.0004762660739799968
say,book,3,99,6299,0.0004762660739799968
say,fozzy,3,100,6299,0.0004762660739799968
say,kermit,3,101,6299,0.0004762660739799968
say,giant,3,102,6299,0.0004762660739799968
say,fozzie,3,103,6299,0.0004762660739799968
say,worm,3,104,6299,0.0004762660739799968
say,good,3,105,6299,0.0004762660739799968
say,judy,3,106,6299,0.0004762660739799968
say,ritchie,3,107,6299,0.0004762660739799968
say,all,3,108,6299,0.0004762660739799968
say,monkey,3,109,6299,0.0004762660739799968
say,hazel,3,110,6299,0.0004762660739799968
say,sylvia,3,111,6299,0.0004762660739799968
say,tiger,3,112,6299,0.0004762660739799968
say,jessica,3,113,6299,0.0004762660739799968
say,which,3,114,6299,0.0004762660739799968
say,casey,3,115,6299,0.0004762660739799968
say,animal,2,116,6299,0.00031751071598666456
say,kiki,2,117,6299,0.00031751071598666456
say,anyone,2,118,6299,0.00031751071598666456
say,sarah,2,119,6299,0.00031751071598666456
say,valentine,2,120,6299,0.00031751071598666456
say,father,2,121,6299,0.00031751071598666456
say,doll,2,122,6299,0.00031751071598666456
say,peter,2,123,6299,0.00031751071598666456
say,sandy,2,124,6299,0.00031751071598666456
say,hello,2,125,6299,0.00031751071598666456
say,dear,2,126,6299,0.00031751071598666456
say,ofcourse,2,127,6299,0.00031751071598666456
say,oliver,2,128,6299,0.00031751071598666456
say,neigh,2,129,6299,0.00031751071598666456
say,moo,2,130,6299,0.00031751071598666456
say,sheep,2,131,6299,0.00031751071598666456
say,baa,2,132,6299,0.00031751071598666456
say,cluck,2,133,6299,0.00031751071598666456
say,jack,2,134,6299,0.00031751071598666456
say,santa,2,135,6299,0.00031751071598666456
say,rudolf,2,136,6299,0.00031751071598666456
say,ma,2,137,6299,0.00031751071598666456
say,annie,2,138,6299,0.00031751071598666456
say,thing,2,139,6299,0.00031751071598666456
say,cowboy,2,140,6299,0.00031751071598666456
say,time,2,141,6299,0.00031751071598666456
say,minnie,2,142,6299,0.00031751071598666456
say,everyone,2,143,6299,0.00031751071598666456
say,yuck,2,144,6299,0.00031751071598666456
say,apple,2,145,6299,0.00031751071598666456
say,nothing,2,146,6299,0.00031751071598666456
say,thanks,2,147,6299,0.00031751071598666456
say,move,2,148,6299,0.00031751071598666456
say,garden,2,149,6299,0.00031751071598666456
say,eric,2,150,6299,0.00031751071598666456
say,hood,2,151,6299,0.00031751071598666456
say,gonzo,2,152,6299,0.00031751071598666456
say,jamie,2,153,6299,0.00031751071598666456
say,marcie,2,154,6299,0.00031751071598666456
say,debbie,2,155,6299,0.00031751071598666456
say,roman,2,156,6299,0.00031751071598666456
say,president,2,157,6299,0.00031751071598666456
say,your,2,158,6299,0.00031751071598666456
say,matthew,2,159,6299,0.00031751071598666456
say,auntjune,2,160,6299,0.00031751071598666456
say,mum,2,161,6299,0.00031751071598666456
say,wife,2,162,6299,0.00031751071598666456
say,granny,2,163,6299,0.00031751071598666456
say,missashworth,2,164,6299,0.00031751071598666456
say,brian,2,165,6299,0.00031751071598666456
say,mrswilson,2,166,6299,0.00031751071598666456
say,police,2,167,6299,0.00031751071598666456
say,wendy,2,168,6299,0.00031751071598666456
say,dolphin,2,169,6299,0.00031751071598666456
say,barnaby,2,170,6299,0.00031751071598666456
say,lion,2,171,6299,0.00031751071598666456
say,birdie,2,172,6299,0.00031751071598666456
say,doggy,2,173,6299,0.00031751071598666456
say,seal,2,174,6299,0.00031751071598666456
say,rule,1,175,6299,0.00015875535799333228
say,swww,1,176,6299,0.00015875535799333228
say,mrshen,1,177,6299,0.00015875535799333228
say,turtle,1,178,6299,0.00015875535799333228
say,mrselephant,1,179,6299,0.00015875535799333228
say,goat,1,180,6299,0.00015875535799333228
say,mrsrhinoceros,1,181,6299,0.00015875535799333228
say,noise,1,182,6299,0.00015875535799333228
say,diandra,1,183,6299,0.00015875535799333228
say,drowsy,1,184,6299,0.00015875535799333228
say,don,1,185,6299,0.00015875535799333228
say,chantilly,1,186,6299,0.00015875535799333228
say,matron,1,187,6299,0.00015875535799333228
say,nobody,1,188,6299,0.00015875535799333228
say,marypoppins,1,189,6299,0.00015875535799333228
say,simon,1,190,6299,0.00015875535799333228
say,in–law,1,191,6299,0.00015875535799333228
say,auntdot,1,192,6299,0.00015875535799333228
say,jacob,1,193,6299,0.00015875535799333228
say,karen,1,194,6299,0.00015875535799333228
say,willoughby,1,195,6299,0.00015875535799333228
say,lonnie,1,196,6299,0.00015875535799333228
say,laura,1,197,6299,0.00015875535799333228
say,elana,1,198,6299,0.00015875535799333228
say,anybody,1,199,6299,0.00015875535799333228
say,jenny,1,200,6299,0.00015875535799333228
say,box,1,201,6299,0.00015875535799333228
say,henny,1,202,6299,0.00015875535799333228
say,ducky,1,203,6299,0.00015875535799333228
say,dearie,1,204,6299,0.00015875535799333228
say,goosie,1,205,6299,0.00015875535799333228
say,oclock,1,206,6299,0.00015875535799333228
say,woof,1,207,6299,0.00015875535799333228
say,cinderella,1,208,6299,0.00015875535799333228
say,lucifer,1,209,6299,0.00015875535799333228
say,messenger,1,210,6299,0.00015875535799333228
say,hurry,1,211,6299,0.00015875535799333228
say,prancer,1,212,6299,0.00015875535799333228
say,monster,1,213,6299,0.00015875535799333228
say,lunch,1,214,6299,0.00015875535799333228
say,sludge,1,215,6299,0.00015875535799333228
say,uhoh,1,216,6299,0.00015875535799333228
say,trip,1,217,6299,0.00015875535799333228
say,teddy,1,218,6299,0.00015875535799333228
say,christa,1,219,6299,0.00015875535799333228
say,hat,1,220,6299,0.00015875535799333228
say,magic,1,221,6299,0.00015875535799333228
say,frosty,1,222,6299,0.00015875535799333228
say,jeanine,1,223,6299,0.00015875535799333228
say,his,1,224,6299,0.00015875535799333228
say,miss,1,225,6299,0.00015875535799333228
say,paula,1,226,6299,0.00015875535799333228
say,maria,1,227,6299,0.00015875535799333228
say,honcho,1,228,6299,0.00015875535799333228
say,everything,1,229,6299,0.00015875535799333228
say,cal,1,230,6299,0.00015875535799333228
say,henry,1,231,6299,0.00015875535799333228
say,piggie,1,232,6299,0.00015875535799333228
say,princess,1,233,6299,0.00015875535799333228
say,porcinella,1,234,6299,0.00015875535799333228
say,sir,1,235,6299,0.00015875535799333228
say,problem,1,236,6299,0.00015875535799333228
say,bonnet,1,237,6299,0.00015875535799333228
say,message,1,238,6299,0.00015875535799333228
say,job,1,239,6299,0.00015875535799333228
say,birthday,1,240,6299,0.00015875535799333228
say,uncle,1,241,6299,0.00015875535799333228
say,any,1,242,6299,0.00015875535799333228
say,question,1,243,6299,0.00015875535799333228
say,wait,1,244,6299,0.00015875535799333228
say,stranger,1,245,6299,0.00015875535799333228
say,bean,1,246,6299,0.00015875535799333228
say,gold,1,247,6299,0.00015875535799333228
say,sure,1,248,6299,0.00015875535799333228
say,joke,1,249,6299,0.00015875535799333228
say,guesse,1,250,6299,0.00015875535799333228
say,percy,1,251,6299,0.00015875535799333228
say,greta,1,252,6299,0.00015875535799333228
say,chair,1,253,6299,0.00015875535799333228
say,bubble,1,254,6299,0.00015875535799333228
say,ms,1,255,6299,0.00015875535799333228
say,day,1,256,6299,0.00015875535799333228
say,deary,1,257,6299,0.00015875535799333228
say,rocket,1,258,6299,0.00015875535799333228
say,mouse,1,259,6299,0.00015875535799333228
say,shape,1,260,6299,0.00015875535799333228
say,pickle,1,261,6299,0.00015875535799333228
say,porcupine,1,262,6299,0.00015875535799333228
say,hoot,1,263,6299,0.00015875535799333228
say,pascal,1,264,6299,0.00015875535799333228
say,marcella,1,265,6299,0.00015875535799333228
say,sunny,1,266,6299,0.00015875535799333228
say,help,1,267,6299,0.00015875535799333228
say,cub,1,268,6299,0.00015875535799333228
say,luey,1,269,6299,0.00015875535799333228
say,broom,1,270,6299,0.00015875535799333228
say,madame,1,271,6299,0.00015875535799333228
say,rat,1,272,6299,0.00015875535799333228
say,huey,1,273,6299,0.00015875535799333228
say,bed,1,274,6299,0.00015875535799333228
say,hunter,1,275,6299,0.00015875535799333228
say,moon,1,276,6299,0.00015875535799333228
say,jonathan,1,277,6299,0.00015875535799333228
say,cheese,1,278,6299,0.00015875535799333228
say,squawk,1,279,6299,0.00015875535799333228
say,nerve,1,280,6299,0.00015875535799333228
say,parrot,1,281,6299,0.00015875535799333228
say,fox,1,282,6299,0.00015875535799333228
say,giselle,1,283,6299,0.00015875535799333228
say,joe,1,284,6299,0.00015875535799333228
say,jean,1,285,6299,0.00015875535799333228
say,michelle,1,286,6299,0.00015875535799333228
say,stuart,1,287,6299,0.00015875535799333228
say,nancy,1,288,6299,0.00015875535799333228
say,auntie,1,289,6299,0.00015875535799333228
say,grandpa,1,290,6299,0.00015875535799333228
say,kid,1,291,6299,0.00015875535799333228
say,uhhuh,1,292,6299,0.00015875535799333228
say,joanne,1,293,6299,0.00015875535799333228
say,speedy,1,294,6299,0.00015875535799333228
say,bomb,1,295,6299,0.00015875535799333228
say,keith,1,296,6299,0.00015875535799333228
say,pumpkin,1,297,6299,0.00015875535799333228
say,hand,1,298,6299,0.00015875535799333228
say,markie,1,299,6299,0.00015875535799333228
say,brain,1,300,6299,0.00015875535799333228
say,someone,1,301,6299,0.00015875535799333228
say,kris,1,302,6299,0.00015875535799333228
say,jibo,1,303,6299,0.00015875535799333228
say,jacqueline,1,304,6299,0.00015875535799333228
say,weezy,1,305,6299,0.00015875535799333228
say,land,1,306,6299,0.00015875535799333228
say,state,1,307,6299,0.00015875535799333228
say,hairdresser,1,308,6299,0.00015875535799333228
say,mag,1,309,6299,0.00015875535799333228
say,trevor,1,310,6299,0.00015875535799333228
say,visitor,1,311,6299,0.00015875535799333228
say,och,1,312,6299,0.00015875535799333228
say,door,1,313,6299,0.00015875535799333228
say,god,1,314,6299,0.00015875535799333228
say,stacie,1,315,6299,0.00015875535799333228
say,seven,1,316,6299,0.00015875535799333228
say,tyrannosaurus,1,317,6299,0.00015875535799333228
say,fella,1,318,6299,0.00015875535799333228
say,part,1,319,6299,0.00015875535799333228
say,johnny,1,320,6299,0.00015875535799333228
say,jennifer,1,321,6299,0.00015875535799333228
say,spicey,1,322,6299,0.00015875535799333228
say,wolf,1,323,6299,0.00015875535799333228
say,gran,1,324,6299,0.00015875535799333228
say,penny,1,325,6299,0.00015875535799333228
say,pet,1,326,6299,0.00015875535799333228
say,bus,1,327,6299,0.00015875535799333228
say,hasta,1,328,6299,0.00015875535799333228
say,unclestuart,1,329,6299,0.00015875535799333228
say,mrsjohnson,1,330,6299,0.00015875535799333228
say,lightyear,1,331,6299,0.00015875535799333228
say,connie,1,332,6299,0.00015875535799333228
say,grettal,1,333,6299,0.00015875535799333228
say,witch,1,334,6299,0.00015875535799333228
say,recipe,1,335,6299,0.00015875535799333228
say,misterfireman,1,336,6299,0.00015875535799333228
say,firemanbald,1,337,6299,0.00015875535799333228
say,town,1,338,6299,0.00015875535799333228
say,pete,1,339,6299,0.00015875535799333228
say,whiskers,1,340,6299,0.00015875535799333228
say,switch,1,341,6299,0.00015875535799333228
say,fireman,1,342,6299,0.00015875535799333228
say,pippin,1,343,6299,0.00015875535799333228
say,auntiemabel,1,344,6299,0.00015875535799333228
say,hollywatkins,1,345,6299,0.00015875535799333228
say,medalist,1,346,6299,0.00015875535799333228
say,controller,1,347,6299,0.00015875535799333228
say,auntiedebbie,1,348,6299,0.00015875535799333228
say,vet,1,349,6299,0.00015875535799333228
say,pingu,1,350,6299,0.00015875535799333228
say,teletubbies,1,351,6299,0.00015875535799333228
say,truck,1,352,6299,0.00015875535799333228
say,plate,1,353,6299,0.00015875535799333228
say,doctorx,1,354,6299,0.00015875535799333228
say,tanker,1,355,6299,0.00015875535799333228
say,jigsaw,1,356,6299,0.00015875535799333228
say,innkeeper,1,357,6299,0.00015875535799333228
say,mrsblackford,1,358,6299,0.00015875535799333228
say,chrissie,1,359,6299,0.00015875535799333228
say,auntiechrissie,1,360,6299,0.00015875535799333228
say,our,1,361,6299,0.00015875535799333228
say,nescafe,1,362,6299,0.00015875535799333228
say,jesus,1,363,6299,0.00015875535799333228
say,set,1,364,6299,0.00015875535799333228
say,fred,1,365,6299,0.00015875535799333228
say,factory,1,366,6299,0.00015875535799333228
say,boss,1,367,6299,0.00015875535799333228
say,miles,1,368,6299,0.00015875535799333228
say,story,1,369,6299,0.00015875535799333228
say,dragon,1,370,6299,0.00015875535799333228
say,card,1,371,6299,0.00015875535799333228
say,butterfly,1,372,6299,0.00015875535799333228
say,sergeant,1,373,6299,0.00015875535799333228
say,steve,1,374,6299,0.00015875535799333228
say,bridge,1,375,6299,0.00015875535799333228
say,duckie,1,376,6299,0.00015875535799333228
say,name,1,377,6299,0.00015875535799333228
say,frog,1,378,6299,0.00015875535799333228
say,engine,1,379,6299,0.00015875535799333228
say,jake,1,380,6299,0.00015875535799333228
say,her,1,381,6299,0.00015875535799333228
say,firefighter,1,382,6299,0.00015875535799333228
say,max,1,383,6299,0.00015875535799333228
say,denquil,1,384,6299,0.00015875535799333228
say,lamb,1,385,6299,0.00015875535799333228
say,snake,1,386,6299,0.00015875535799333228
say,baxter,1,387,6299,0.00015875535799333228
say,misstim,1,388,6299,0.00015875535799333228
say,family,1,389,6299,0.00015875535799333228
say,smurf,1,390,6299,0.00015875535799333228
say,sticker,1,391,6299,0.00015875535799333228
say,harry,1,392,6299,0.00015875535799333228
say,hermit,1,393,6299,0.00015875535799333228
say,motorcycle,1,394,6299,0.00015875535799333228
say,whatdoe,1,395,6299,0.00015875535799333228
say,elephant,1,396,6299,0.00015875535799333228
say,ellen,1,397,6299,0.00015875535799333228
say,pig,1,398,6299,0.00015875535799333228
say,goodbye,1,399,6299,0.00015875535799333228
say,cook,1,400,6299,0.00015875535799333228
say,knife,1,401,6299,0.00015875535799333228
see,you,2333,1,5385,0.43324048282265554
see,i,1849,2,5385,0.3433611884865367
see,we,488,3,5385,0.09062209842154131
see,they,243,4,5385,0.04512534818941504
see,he,115,5,5385,0.02135561745589601
see,she,89,6,5385,0.016527390900649953
see,puppy,64,7,5385,0.011884865366759517
see,it,12,8,5385,0.0022284122562674096
see,cathy,7,9,5385,0.0012999071494893223
see,camera,6,10,5385,0.0011142061281337048
see,man,6,11,5385,0.0011142061281337048
see,thomas,5,12,5385,0.0009285051067780873
see,nobody,4,13,5385,0.0007428040854224698
see,daddy,4,14,5385,0.0007428040854224698
see,who,4,15,5385,0.0007428040854224698
see,youall,4,16,5385,0.0007428040854224698
see,person,4,17,5385,0.0007428040854224698
see,sarah,3,18,5385,0.0005571030640668524
see,boy,3,19,5385,0.0005571030640668524
see,bear,3,20,5385,0.0005571030640668524
see,bird,3,21,5385,0.0005571030640668524
see,mommy,3,22,5385,0.0005571030640668524
see,bee,3,23,5385,0.0005571030640668524
see,tape,3,24,5385,0.0005571030640668524
see,somebody,3,25,5385,0.0005571030640668524
see,mom,3,26,5385,0.0005571030640668524
see,child,2,27,5385,0.0003714020427112349
see,everyone,2,28,5385,0.0003714020427112349
see,mother,2,29,5385,0.0003714020427112349
see,bunny,2,30,5385,0.0003714020427112349
see,piggy,2,31,5385,0.0003714020427112349
see,guy,2,32,5385,0.0003714020427112349
see,chi,2,33,5385,0.0003714020427112349
see,let,2,34,5385,0.0003714020427112349
see,mummie,2,35,5385,0.0003714020427112349
see,monkey,2,36,5385,0.0003714020427112349
see,harry,2,37,5385,0.0003714020427112349
see,taperecorder,2,38,5385,0.0003714020427112349
see,kitty,2,39,5385,0.0003714020427112349
see,tina,2,40,5385,0.0003714020427112349
see,giant,2,41,5385,0.0003714020427112349
see,this,2,42,5385,0.0003714020427112349
see,mrs,1,43,5385,0.00018570102135561745
see,diandra,1,44,5385,0.00018570102135561745
see,melissa,1,45,5385,0.00018570102135561745
see,someone,1,46,5385,0.00018570102135561745
see,wanda,1,47,5385,0.00018570102135561745
see,peter,1,48,5385,0.00018570102135561745
see,dad,1,49,5385,0.00018570102135561745
see,cat,1,50,5385,0.00018570102135561745
see,my,1,51,5385,0.00018570102135561745
see,world,1,52,5385,0.00018570102135561745
see,cinderella,1,53,5385,0.00018570102135561745
see,jack,1,54,5385,0.00018570102135561745
see,gus,1,55,5385,0.00018570102135561745
see,assoonas,1,56,5385,0.00018570102135561745
see,sister,1,57,5385,0.00018570102135561745
see,santa,1,58,5385,0.00018570102135561745
see,alice,1,59,5385,0.00018570102135561745
see,sis,1,60,5385,0.00018570102135561745
see,saucer,1,61,5385,0.00018570102135561745
see,four,1,62,5385,0.00018570102135561745
see,squirrel,1,63,5385,0.00018570102135561745
see,mickey,1,64,5385,0.00018570102135561745
see,part,1,65,5385,0.00018570102135561745
see,lookit,1,66,5385,0.00018570102135561745
see,balloon,1,67,5385,0.00018570102135561745
see,pascal,1,68,5385,0.00018570102135561745
see,boat,1,69,5385,0.00018570102135561745
see,christopher,1,70,5385,0.00018570102135561745
see,huey,1,71,5385,0.00018570102135561745
see,hunter,1,72,5385,0.00018570102135561745
see,mars,1,73,5385,0.00018570102135561745
see,debbie,1,74,5385,0.00018570102135561745
see,cake,1,75,5385,0.00018570102135561745
see,car,1,76,5385,0.00018570102135561745
see,bug,1,77,5385,0.00018570102135561745
see,state,1,78,5385,0.00018570102135561745
see,ross,1,79,5385,0.00018570102135561745
see,luke,1,80,5385,0.00018570102135561745
see,leslie,1,81,5385,0.00018570102135561745
see,roman,1,82,5385,0.00018570102135561745
see,conor,1,83,5385,0.00018570102135561745
see,bill,1,84,5385,0.00018570102135561745
see,friend,1,85,5385,0.00018570102135561745
see,sylvia,1,86,5385,0.00018570102135561745
see,adam,1,87,5385,0.00018570102135561745
see,boot,1,88,5385,0.00018570102135561745
see,waist,1,89,5385,0.00018570102135561745
see,mummy,1,90,5385,0.00018570102135561745
see,david,1,91,5385,0.00018570102135561745
see,marie,1,92,5385,0.00018570102135561745
see,thing,1,93,5385,0.00018570102135561745
see,stuart,1,94,5385,0.00018570102135561745
see,ship,1,95,5385,0.00018570102135561745
see,sharon,1,96,5385,0.00018570102135561745
see,guard,1,97,5385,0.00018570102135561745
see,any,1,98,5385,0.00018570102135561745
see,jeannine,1,99,5385,0.00018570102135561745
see,crane,1,100,5385,0.00018570102135561745
see,machine,1,101,5385,0.00018570102135561745
see,anyone,1,102,5385,0.00018570102135561745
see,customer,1,103,5385,0.00018570102135561745
see,anybody,1,104,5385,0.00018570102135561745
see,grandmabeably,1,105,5385,0.00018570102135561745
see,purdie,1,106,5385,0.00018570102135561745
see,helicopter,1,107,5385,0.00018570102135561745
see,tree,1,108,5385,0.00018570102135561745
see,all,1,109,5385,0.00018570102135561745
see,look,1,110,5385,0.00018570102135561745
see,ludovica,1,111,5385,0.00018570102135561745
see,one,1,112,5385,0.00018570102135561745
see,billy,1,113,5385,0.00018570102135561745
see,that,1,114,5385,0.00018570102135561745
see,station,1,115,5385,0.00018570102135561745
see,mot,1,116,5385,0.00018570102135561745
see,don,1,117,5385,0.00018570102135561745
see,bro,1,118,5385,0.00018570102135561745
see,nan,1,119,5385,0.00018570102135561745
see,maisie,1,120,5385,0.00018570102135561745
see,paul,1,121,5385,0.00018570102135561745
see,kid,1,122,5385,0.00018570102135561745
see,ear,1,123,5385,0.00018570102135561745
see,none,1,124,5385,0.00018570102135561745
see,hum,1,125,5385,0.00018570102135561745
see,fox,1,126,5385,0.00018570102135561745
see,lot,1,127,5385,0.00018570102135561745
see,knight,1,128,5385,0.00018570102135561745
see,momma,1,129,5385,0.00018570102135561745
see,drew,1,130,5385,0.00018570102135561745
see,what,1,131,5385,0.00018570102135561745
like,you,3285,1,5158,0.6368747576580069
like,i,928,2,5158,0.17991469561845677
like,he,237,3,5158,0.04594804187669639
like,she,135,4,5158,0.026172935246219466
like,they,82,5,5158,0.015897634742148118
like,kid,50,6,5158,0.009693679720822024
like,we,46,7,5158,0.008918185343156262
like,mom,35,8,5158,0.006785575804575417
like,dad,31,9,5158,0.006010081426909655
like,who,30,10,5158,0.0058162078324932144
like,daddy,18,11,5158,0.0034897246994959287
like,purdie,17,12,5158,0.0032958511050794883
like,bear,11,13,5158,0.0021326095385808454
like,that,10,14,5158,0.0019387359441644049
like,person,8,15,5158,0.0015509887553315238
like,swww,6,16,5158,0.0011632415664986429
like,boy,6,17,5158,0.0011632415664986429
like,cat,6,18,5158,0.0011632415664986429
like,mommy,5,19,5158,0.0009693679720822024
like,baby,5,20,5158,0.0009693679720822024
like,paul,4,21,5158,0.0007754943776657619
like,sarah,4,22,5158,0.0007754943776657619
like,guy,4,23,5158,0.0007754943776657619
like,chi,4,24,5158,0.0007754943776657619
like,jeannine,4,25,5158,0.0007754943776657619
like,thomas,4,26,5158,0.0007754943776657619
like,family,4,27,5158,0.0007754943776657619
like,monkey,4,28,5158,0.0007754943776657619
like,dog,3,29,5158,0.0005816207832493214
like,it,3,30,5158,0.0005816207832493214
like,useta,3,31,5158,0.0005816207832493214
like,everybody,3,32,5158,0.0005816207832493214
like,monster,3,33,5158,0.0005816207832493214
like,bro,3,34,5158,0.0005816207832493214
like,horse,3,35,5158,0.0005816207832493214
like,tom,3,36,5158,0.0005816207832493214
like,daughter,3,37,5158,0.0005816207832493214
like,jwww,2,38,5158,0.00038774718883288094
like,adam,2,39,5158,0.00038774718883288094
like,alice,2,40,5158,0.00038774718883288094
like,girl,2,41,5158,0.00038774718883288094
like,pete,2,42,5158,0.00038774718883288094
like,dinosaur,2,43,5158,0.00038774718883288094
like,abe,2,44,5158,0.00038774718883288094
like,marky,2,45,5158,0.00038774718883288094
like,everyone,2,46,5158,0.00038774718883288094
like,tiger,2,47,5158,0.00038774718883288094
like,horsie,2,48,5158,0.00038774718883288094
like,mary,2,49,5158,0.00038774718883288094
like,nana,2,50,5158,0.00038774718883288094
like,grandad,2,51,5158,0.00038774718883288094
like,thing,2,52,5158,0.00038774718883288094
like,lot,2,53,5158,0.00038774718883288094
like,sister,2,54,5158,0.00038774718883288094
like,brother,2,55,5158,0.00038774718883288094
like,jonathanbunny,2,56,5158,0.00038774718883288094
like,cullin,2,57,5158,0.00038774718883288094
like,one,2,58,5158,0.00038774718883288094
like,john,2,59,5158,0.00038774718883288094
like,child,1,60,5158,0.00019387359441644047
like,muffy,1,61,5158,0.00019387359441644047
like,ursula,1,62,5158,0.00019387359441644047
like,country,1,63,5158,0.00019387359441644047
like,karen,1,64,5158,0.00019387359441644047
like,riley,1,65,5158,0.00019387359441644047
like,robert,1,66,5158,0.00019387359441644047
like,junior,1,67,5158,0.00019387359441644047
like,good,1,68,5158,0.00019387359441644047
like,kitten,1,69,5158,0.00019387359441644047
like,zzz,1,70,5158,0.00019387359441644047
like,robinson,1,71,5158,0.00019387359441644047
like,corn,1,72,5158,0.00019387359441644047
like,nelson,1,73,5158,0.00019387359441644047
like,momma,1,74,5158,0.00019387359441644047
like,jenny,1,75,5158,0.00019387359441644047
like,ben,1,76,5158,0.00019387359441644047
like,giant,1,77,5158,0.00019387359441644047
like,cub,1,78,5158,0.00019387359441644047
like,grandmother,1,79,5158,0.00019387359441644047
like,kermie,1,80,5158,0.00019387359441644047
like,barbara,1,81,5158,0.00019387359441644047
like,uncle,1,82,5158,0.00019387359441644047
like,matthew,1,83,5158,0.00019387359441644047
like,kitty,1,84,5158,0.00019387359441644047
like,cuddle,1,85,5158,0.00019387359441644047
like,hamster,1,86,5158,0.00019387359441644047
like,jean,1,87,5158,0.00019387359441644047
like,lyle,1,88,5158,0.00019387359441644047
like,mike,1,89,5158,0.00019387359441644047
like,ross,1,90,5158,0.00019387359441644047
like,joseph,1,91,5158,0.00019387359441644047
like,taste,1,92,5158,0.00019387359441644047
like,bailey,1,93,5158,0.00019387359441644047
like,anyone,1,94,5158,0.00019387359441644047
like,grandpa,1,95,5158,0.00019387359441644047
like,roman,1,96,5158,0.00019387359441644047
like,god,1,97,5158,0.00019387359441644047
like,idea,1,98,5158,0.00019387359441644047
like,helga,1,99,5158,0.00019387359441644047
like,player,1,100,5158,0.00019387359441644047
like,spider,1,101,5158,0.00019387359441644047
like,conor,1,102,5158,0.00019387359441644047
like,kathryn,1,103,5158,0.00019387359441644047
like,giraffe,1,104,5158,0.00019387359441644047
like,david,1,105,5158,0.00019387359441644047
like,anybody,1,106,5158,0.00019387359441644047
like,rudolf,1,107,5158,0.00019387359441644047
like,abigail,1,108,5158,0.00019387359441644047
like,gillian,1,109,5158,0.00019387359441644047
like,pg,1,110,5158,0.00019387359441644047
like,cow,1,111,5158,0.00019387359441644047
like,jamie,1,112,5158,0.00019387359441644047
like,friend,1,113,5158,0.00019387359441644047
like,wasp,1,114,5158,0.00019387359441644047
like,cereal,1,115,5158,0.00019387359441644047
like,mummy,1,116,5158,0.00019387359441644047
like,woman,1,117,5158,0.00019387359441644047
like,man,1,118,5158,0.00019387359441644047
like,cook,1,119,5158,0.00019387359441644047
like,fox,1,120,5158,0.00019387359441644047
like,jessica,1,121,5158,0.00019387359441644047
like,shark,1,122,5158,0.00019387359441644047
like,bird,1,123,5158,0.00019387359441644047
like,body,1,124,5158,0.00019387359441644047
like,somebody,1,125,5158,0.00019387359441644047
like,mouse,1,126,5158,0.00019387359441644047
like,mum,1,127,5158,0.00019387359441644047
like,lily,1,128,5158,0.00019387359441644047
like,rachel,1,129,5158,0.00019387359441644047
like,frog,1,130,5158,0.00019387359441644047
like,name,1,131,5158,0.00019387359441644047
like,childsname,1,132,5158,0.00019387359441644047
like,cal,1,133,5158,0.00019387359441644047
like,animal,1,134,5158,0.00019387359441644047
like,don,1,135,5158,0.00019387359441644047
like,max,1,136,5158,0.00019387359441644047
like,sheep,1,137,5158,0.00019387359441644047
like,gam,1,138,5158,0.00019387359441644047
like,jeff,1,139,5158,0.00019387359441644047
like,aj,1,140,5158,0.00019387359441644047
like,mama,1,141,5158,0.00019387359441644047
like,josh,1,142,5158,0.00019387359441644047
like,beaver,1,143,5158,0.00019387359441644047
like,opossum,1,144,5158,0.00019387359441644047
like,two,1,145,5158,0.00019387359441644047
like,snort,1,146,5158,0.00019387359441644047
like,ethan,1,147,5158,0.00019387359441644047
like,trey,1,148,5158,0.00019387359441644047
like,jaime,1,149,5158,0.00019387359441644047
like,gram,1,150,5158,0.00019387359441644047
like,squirrel,1,151,5158,0.00019387359441644047
like,katie,1,152,5158,0.00019387359441644047
like,pirate,1,153,5158,0.00019387359441644047
like,cookie,1,154,5158,0.00019387359441644047
like,allie,1,155,5158,0.00019387359441644047
like,minnie,1,156,5158,0.00019387359441644047
like,elephant,1,157,5158,0.00019387359441644047
like,lion,1,158,5158,0.00019387359441644047
like,ellen,1,159,5158,0.00019387359441644047
like,topsy,1,160,5158,0.00019387359441644047
like,janet,1,161,5158,0.00019387359441644047
like,count,1,162,5158,0.00019387359441644047
like,olivia,1,163,5158,0.00019387359441644047
look,it,784,1,3552,0.22072072072072071
look,you,623,2,3552,0.17539414414414414
look,that,409,3,3552,0.1151463963963964
look,he,278,4,3552,0.07826576576576577
look,i,232,5,3552,0.06531531531531531
look,they,205,6,3552,0.057713963963963964
look,she,166,7,3552,0.046734234234234236
look,we,158,8,3552,0.04448198198198198
look,this,126,9,3552,0.03547297297297297
look,child,82,10,3552,0.023085585585585586
look,one,35,11,3552,0.009853603603603604
look,who,22,12,3552,0.006193693693693694
look,hair,11,13,3552,0.003096846846846847
look,room,11,14,3552,0.003096846846846847
look,boy,11,15,3552,0.003096846846846847
look,cat,8,16,3552,0.0022522522522522522
look,guy,7,17,3552,0.0019707207207207205
look,person,6,18,3552,0.0016891891891891893
look,chi,6,19,3552,0.0016891891891891893
look,mummy,6,20,3552,0.0016891891891891893
look,everyone,5,21,3552,0.0014076576576576576
look,thing,5,22,3552,0.0014076576576576576
look,what,5,23,3552,0.0014076576576576576
look,cathy,5,24,3552,0.0014076576576576576
look,bill,5,25,3552,0.0014076576576576576
look,eye,5,26,3552,0.0014076576576576576
look,dog,5,27,3552,0.0014076576576576576
look,oliver,4,28,3552,0.0011261261261261261
look,mother,4,29,3552,0.0011261261261261261
look,giant,4,30,3552,0.0011261261261261261
look,nobody,4,31,3552,0.0011261261261261261
look,some,4,32,3552,0.0011261261261261261
look,god,4,33,3552,0.0011261261261261261
look,girl,4,34,3552,0.0011261261261261261
look,lion,4,35,3552,0.0011261261261261261
look,man,4,36,3552,0.0011261261261261261
look,chris,4,37,3552,0.0011261261261261261
look,baby,3,38,3552,0.0008445945945945946
look,sarah,3,39,3552,0.0008445945945945946
look,bear,3,40,3552,0.0008445945945945946
look,kitten,3,41,3552,0.0008445945945945946
look,brother,3,42,3552,0.0008445945945945946
look,which,3,43,3552,0.0008445945945945946
look,kid,3,44,3552,0.0008445945945945946
look,ohmygoodness,3,45,3552,0.0008445945945945946
look,tail,3,46,3552,0.0008445945945945946
look,nelligan,3,47,3552,0.0008445945945945946
look,thomas,3,48,3552,0.0008445945945945946
look,purdie,3,49,3552,0.0008445945945945946
look,bit,3,50,3552,0.0008445945945945946
look,dragon,3,51,3552,0.0008445945945945946
look,sean,3,52,3552,0.0008445945945945946
look,bird,3,53,3552,0.0008445945945945946
look,paul,2,54,3552,0.0005630630630630631
look,your,2,55,3552,0.0005630630630630631
look,melissa,2,56,3552,0.0005630630630630631
look,chicken,2,57,3552,0.0005630630630630631
look,two,2,58,3552,0.0005630630630630631
look,hat,2,59,3552,0.0005630630630630631
look,car,2,60,3552,0.0005630630630630631
look,sposta,2,61,3552,0.0005630630630630631
look,kitty,2,62,3552,0.0005630630630630631
look,adam,2,63,3552,0.0005630630630630631
look,time,2,64,3552,0.0005630630630630631
look,momma,2,65,3552,0.0005630630630630631
look,mickey,2,66,3552,0.0005630630630630631
look,leave,2,67,3552,0.0005630630630630631
look,moon,2,68,3552,0.0005630630630630631
look,monster,2,69,3552,0.0005630630630630631
look,mommy,2,70,3552,0.0005630630630630631
look,fly,2,71,3552,0.0005630630630630631
look,ross,2,72,3552,0.0005630630630630631
look,fighter,2,73,3552,0.0005630630630630631
look,bed,2,74,3552,0.0005630630630630631
look,cake,2,75,3552,0.0005630630630630631
look,house,2,76,3552,0.0005630630630630631
look,white,2,77,3552,0.0005630630630630631
look,spider,2,78,3552,0.0005630630630630631
look,och,2,79,3552,0.0005630630630630631
look,useta,2,80,3552,0.0005630630630630631
look,my,2,81,3552,0.0005630630630630631
look,steven,2,82,3552,0.0005630630630630631
look,lighthouse,2,83,3552,0.0005630630630630631
look,hand,2,84,3552,0.0005630630630630631
look,ear,2,85,3552,0.0005630630630630631
look,dear,2,86,3552,0.0005630630630630631
look,book,2,87,3552,0.0005630630630630631
look,jean,2,88,3552,0.0005630630630630631
look,tooth,2,89,3552,0.0005630630630630631
look,mum,2,90,3552,0.0005630630630630631
look,driver,2,91,3552,0.0005630630630630631
look,roller,2,92,3552,0.0005630630630630631
look,daddy,2,93,3552,0.0005630630630630631
look,mygod,2,94,3552,0.0005630630630630631
look,oop,2,95,3552,0.0005630630630630631
look,don,2,96,3552,0.0005630630630630631
look,heart,2,97,3552,0.0005630630630630631
look,rock,1,98,3552,0.00028153153153153153
look,goose,1,99,3552,0.00028153153153153153
look,eight,1,100,3552,0.00028153153153153153
look,shadow,1,101,3552,0.00028153153153153153
look,license,1,102,3552,0.00028153153153153153
look,nothing,1,103,3552,0.00028153153153153153
look,deer,1,104,3552,0.00028153153153153153
look,owl,1,105,3552,0.00028153153153153153
look,carriage,1,106,3552,0.00028153153153153153
look,gail,1,107,3552,0.00028153153153153153
look,jacob,1,108,3552,0.00028153153153153153
look,david,1,109,3552,0.00028153153153153153
look,sun,1,110,3552,0.00028153153153153153
look,water,1,111,3552,0.00028153153153153153
look,corn,1,112,3552,0.00028153153153153153
look,look,1,113,3552,0.00028153153153153153
look,peter,1,114,3552,0.00028153153153153153
look,barrel,1,115,3552,0.00028153153153153153
look,mr,1,116,3552,0.00028153153153153153
look,prince,1,117,3552,0.00028153153153153153
look,cinderella,1,118,3552,0.00028153153153153153
look,ma,1,119,3552,0.00028153153153153153
look,someone,1,120,3552,0.00028153153153153153
look,fish,1,121,3552,0.00028153153153153153
look,steak,1,122,3552,0.00028153153153153153
look,skinny,1,123,3552,0.00028153153153153153
look,picture,1,124,3552,0.00028153153153153153
look,tanya,1,125,3552,0.00028153153153153153
look,toucan,1,126,3552,0.00028153153153153153
look,puzzle,1,127,3552,0.00028153153153153153
look,lemonade,1,128,3552,0.00028153153153153153
look,mouse,1,129,3552,0.00028153153153153153
look,kermit,1,130,3552,0.00028153153153153153
look,doll,1,131,3552,0.00028153153153153153
look,raggedy,1,132,3552,0.00028153153153153153
look,leaf,1,133,3552,0.00028153153153153153
look,creature,1,134,3552,0.00028153153153153153
look,same,1,135,3552,0.00028153153153153153
look,winnie,1,136,3552,0.00028153153153153153
look,lady,1,137,3552,0.00028153153153153153
look,madame,1,138,3552,0.00028153153153153153
look,luey,1,139,3552,0.00028153153153153153
look,grover,1,140,3552,0.00028153153153153153
look,wolf,1,141,3552,0.00028153153153153153
look,cocoon,1,142,3552,0.00028153153153153153
look,paddington,1,143,3552,0.00028153153153153153
look,piggy,1,144,3552,0.00028153153153153153
look,mom,1,145,3552,0.00028153153153153153
look,tuty,1,146,3552,0.00028153153153153153
look,goodness,1,147,3552,0.00028153153153153153
look,bag,1,148,3552,0.00028153153153153153
look,nope,1,149,3552,0.00028153153153153153
look,office,1,150,3552,0.00028153153153153153
look,luke,1,151,3552,0.00028153153153153153
look,sombrero,1,152,3552,0.00028153153153153153
look,world,1,153,3552,0.00028153153153153153
look,skack,1,154,3552,0.00028153153153153153
look,lemon,1,155,3552,0.00028153153153153153
look,tiger,1,156,3552,0.00028153153153153153
look,face,1,157,3552,0.00028153153153153153
look,island,1,158,3552,0.00028153153153153153
look,costume,1,159,3552,0.00028153153153153153
look,our,1,160,3552,0.00028153153153153153
look,croan,1,161,3552,0.00028153153153153153
look,caterpillar,1,162,3552,0.00028153153153153153
look,animal,1,163,3552,0.00028153153153153153
look,anything,1,164,3552,0.00028153153153153153
look,roman,1,165,3552,0.00028153153153153153
look,let,1,166,3552,0.00028153153153153153
look,joshua,1,167,3552,0.00028153153153153153
look,floor,1,168,3552,0.00028153153153153153
look,rash,1,169,3552,0.00028153153153153153
look,gillian,1,170,3552,0.00028153153153153153
look,sylvia,1,171,3552,0.00028153153153153153
look,hillsboroughcastle,1,172,3552,0.00028153153153153153
look,ethan,1,173,3552,0.00028153153153153153
look,ohmygod,1,174,3552,0.00028153153153153153
look,ohgoodness,1,175,3552,0.00028153153153153153
look,quaver,1,176,3552,0.00028153153153153153
look,track,1,177,3552,0.00028153153153153153
look,garage,1,178,3552,0.00028153153153153153
look,felix,1,179,3552,0.00028153153153153153
look,screw,1,180,3552,0.00028153153153153153
look,ball,1,181,3552,0.00028153153153153153
look,fox,1,182,3552,0.00028153153153153153
look,arm,1,183,3552,0.00028153153153153153
look,lala,1,184,3552,0.00028153153153153153
look,teletubbies,1,185,3552,0.00028153153153153153
look,basket,1,186,3552,0.00028153153153153153
look,anyone,1,187,3552,0.00028153153153153153
look,most,1,188,3552,0.00028153153153153153
look,nail,1,189,3552,0.00028153153153153153
look,kit,1,190,3552,0.00028153153153153153
look,missuswilfy,1,191,3552,0.00028153153153153153
look,farmer,1,192,3552,0.00028153153153153153
look,window,1,193,3552,0.00028153153153153153
look,leg,1,194,3552,0.00028153153153153153
look,half,1,195,3552,0.00028153153153153153
look,king,1,196,3552,0.00028153153153153153
look,light,1,197,3552,0.00028153153153153153
look,holly,1,198,3552,0.00028153153153153153
look,both,1,199,3552,0.00028153153153153153
look,nana,1,200,3552,0.00028153153153153153
look,cab,1,201,3552,0.00028153153153153153
look,sword,1,202,3552,0.00028153153153153153
look,biff,1,203,3552,0.00028153153153153153
look,cheek,1,204,3552,0.00028153153153153153
look,paw,1,205,3552,0.00028153153153153153
look,door,1,206,3552,0.00028153153153153153
look,lot,1,207,3552,0.00028153153153153153
look,dominic,1,208,3552,0.00028153153153153153
look,blouse,1,209,3552,0.00028153153153153153
look,friend,1,210,3552,0.00028153153153153153
look,playset,1,211,3552,0.00028153153153153153
look,horse,1,212,3552,0.00028153153153153153
look,zoo,1,213,3552,0.00028153153153153153
look,tom,1,214,3552,0.00028153153153153153
look,squirrel,1,215,3552,0.00028153153153153153
look,harry,1,216,3552,0.00028153153153153153
look,slide,1,217,3552,0.00028153153153153153
look,hamster,1,218,3552,0.00028153153153153153
look,nathan,1,219,3552,0.00028153153153153153
look,switch,1,220,3552,0.00028153153153153153
look,puppy,1,221,3552,0.00028153153153153153
look,everything,1,222,3552,0.00028153153153153153
look,flower,1,223,3552,0.00028153153153153153
look,billyblazes,1,224,3552,0.00028153153153153153
look,childsname,1,225,3552,0.00028153153153153153
look,hospital,1,226,3552,0.00028153153153153153
look,hose,1,227,3552,0.00028153153153153153
look,stuff,1,228,3552,0.00028153153153153153
look,chair,1,229,3552,0.00028153153153153153
look,playmobile,1,230,3552,0.00028153153153153153
look,mec,1,231,3552,0.00028153153153153153
look,mygoodness,1,232,3552,0.00028153153153153153
look,sno,1,233,3552,0.00028153153153153153
look,friday,1,234,3552,0.00028153153153153153
look,orange,1,235,3552,0.00028153153153153153
look,pumpkin,1,236,3552,0.00028153153153153153
look,shawn,1,237,3552,0.00028153153153153153
look,boat,1,238,3552,0.00028153153153153153
look,anybody,1,239,3552,0.00028153153153153153
look,adara,1,240,3552,0.00028153153153153153
look,candide,1,241,3552,0.00028153153153153153
look,all,1,242,3552,0.00028153153153153153
look,bucket,1,243,3552,0.00028153153153153153
look,john,1,244,3552,0.00028153153153153153
look,any,1,245,3552,0.00028153153153153153
look,ohboy,1,246,3552,0.00028153153153153153
look,timmy,1,247,3552,0.00028153153153153153
look,gregory,1,248,3552,0.00028153153153153153
look,yo,1,249,3552,0.00028153153153153153
look,zzz,1,250,3552,0.00028153153153153153
look,bunch,1,251,3552,0.00028153153153153153
look,scoobydoo,1,252,3552,0.00028153153153153153
come,you,371,1,3392,0.109375
come,i,298,2,3392,0.08785377358490566
come,it,283,3,3392,0.08343160377358491
come,he,241,4,3392,0.0710495283018868
come,they,185,5,3392,0.05454009433962264
come,she,154,6,3392,0.04540094339622641
come,that,147,7,3392,0.0433372641509434
come,who,103,8,3392,0.03036556603773585
come,we,103,9,3392,0.03036556603773585
come,sun,102,10,3392,0.030070754716981132
come,what,90,11,3392,0.02653301886792453
come,pop,69,12,3392,0.02034198113207547
come,mrs,38,13,3392,0.011202830188679245
come,daddy,35,14,3392,0.010318396226415094
come,one,31,15,3392,0.009139150943396226
come,this,30,16,3392,0.00884433962264151
come,man,24,17,3392,0.007075471698113208
come,chi,17,18,3392,0.0050117924528301884
come,monkey,17,19,3392,0.0050117924528301884
come,person,16,20,3392,0.0047169811320754715
come,bear,16,21,3392,0.0047169811320754715
come,child,14,22,3392,0.004127358490566038
come,egg,14,23,3392,0.004127358490566038
come,thing,12,24,3392,0.003537735849056604
come,water,12,25,3392,0.003537735849056604
come,nana,11,26,3392,0.003242924528301887
come,dog,11,27,3392,0.003242924528301887
come,train,11,28,3392,0.003242924528301887
come,mummy,10,29,3392,0.00294811320754717
come,santa,10,30,3392,0.00294811320754717
come,light,10,31,3392,0.00294811320754717
come,car,10,32,3392,0.00294811320754717
come,jeannine,10,33,3392,0.00294811320754717
come,kid,9,34,3392,0.0026533018867924527
come,girl,9,35,3392,0.0026533018867924527
come,somebody,9,36,3392,0.0026533018867924527
come,missus,9,37,3392,0.0026533018867924527
come,cat,8,38,3392,0.0023584905660377358
come,boy,8,39,3392,0.0023584905660377358
come,lady,8,40,3392,0.0023584905660377358
come,day,8,41,3392,0.0023584905660377358
come,all,8,42,3392,0.0023584905660377358
come,mom,8,43,3392,0.0023584905660377358
come,thomas,8,44,3392,0.0023584905660377358
come,lion,7,45,3392,0.002063679245283019
come,sarah,7,46,3392,0.002063679245283019
come,policeman,7,47,3392,0.002063679245283019
come,someone,7,48,3392,0.002063679245283019
come,some,7,49,3392,0.002063679245283019
come,dad,7,50,3392,0.002063679245283019
come,mommy,6,51,3392,0.001768867924528302
come,ambulance,6,52,3392,0.001768867924528302
come,money,6,53,3392,0.001768867924528302
come,time,6,54,3392,0.001768867924528302
come,useta,6,55,3392,0.001768867924528302
come,rain,6,56,3392,0.001768867924528302
come,grandma,6,57,3392,0.001768867924528302
come,adam,5,58,3392,0.001474056603773585
come,top,5,59,3392,0.001474056603773585
come,milk,5,60,3392,0.001474056603773585
come,everything,5,61,3392,0.001474056603773585
come,piece,5,62,3392,0.001474056603773585
come,outof,5,63,3392,0.001474056603773585
come,wolf,5,64,3392,0.001474056603773585
come,conor,5,65,3392,0.001474056603773585
come,doctor,5,66,3392,0.001474056603773585
come,customer,5,67,3392,0.001474056603773585
come,purdie,5,68,3392,0.001474056603773585
come,kevin,5,69,3392,0.001474056603773585
come,mr,4,70,3392,0.0011792452830188679
come,father,4,71,3392,0.0011792452830188679
come,mother,4,72,3392,0.0011792452830188679
come,anybody,4,73,3392,0.0011792452830188679
come,birthday,4,74,3392,0.0011792452830188679
come,friend,4,75,3392,0.0011792452830188679
come,chris,4,76,3392,0.0011792452830188679
come,bird,4,77,3392,0.0011792452830188679
come,honey,4,78,3392,0.0011792452830188679
come,guy,4,79,3392,0.0011792452830188679
come,giant,4,80,3392,0.0011792452830188679
come,roman,4,81,3392,0.0011792452830188679
come,mum,4,82,3392,0.0011792452830188679
come,elephant,4,83,3392,0.0011792452830188679
come,hat,4,84,3392,0.0011792452830188679
come,santaclaus,3,85,3392,0.000884433962264151
come,note,3,86,3392,0.000884433962264151
come,everyone,3,87,3392,0.000884433962264151
come,christmas,3,88,3392,0.000884433962264151
come,everybody,3,89,3392,0.000884433962264151
come,head,3,90,3392,0.000884433962264151
come,stuff,3,91,3392,0.000884433962264151
come,sheryl,3,92,3392,0.000884433962264151
come,sergeant,3,93,3392,0.000884433962264151
come,jacob,3,94,3392,0.000884433962264151
come,dream,3,95,3392,0.000884433962264151
come,food,3,96,3392,0.000884433962264151
come,color,3,97,3392,0.000884433962264151
come,more,3,98,3392,0.000884433962264151
come,noise,3,99,3392,0.000884433962264151
come,bro,3,100,3392,0.000884433962264151
come,movie,3,101,3392,0.000884433962264151
come,mailman,3,102,3392,0.000884433962264151
come,balloon,3,103,3392,0.000884433962264151
come,which,3,104,3392,0.000884433962264151
come,monster,3,105,3392,0.000884433962264151
come,two,3,106,3392,0.000884433962264151
come,teacher,3,107,3392,0.000884433962264151
come,baby,3,108,3392,0.000884433962264151
come,marky,3,109,3392,0.000884433962264151
come,tornado,3,110,3392,0.000884433962264151
come,dinosaur,3,111,3392,0.000884433962264151
come,gillian,3,112,3392,0.000884433962264151
come,och,3,113,3392,0.000884433962264151
come,cathy,3,114,3392,0.000884433962264151
come,her,3,115,3392,0.000884433962264151
come,ball,3,116,3392,0.000884433962264151
come,something,3,117,3392,0.000884433962264151
come,engine,3,118,3392,0.000884433962264151
come,smoke,3,119,3392,0.000884433962264151
come,hair,3,120,3392,0.000884433962264151
come,bonnie,3,121,3392,0.000884433962264151
come,truck,3,122,3392,0.000884433962264151
come,firetruck,3,123,3392,0.000884433962264151
come,wheel,3,124,3392,0.000884433962264151
come,teddy,3,125,3392,0.000884433962264151
come,sean,3,126,3392,0.000884433962264151
come,fireman,3,127,3392,0.000884433962264151
come,kevie,3,128,3392,0.000884433962264151
come,don,2,129,3392,0.0005896226415094339
come,chantilly,2,130,3392,0.0005896226415094339
come,summer,2,131,3392,0.0005896226415094339
come,chicken,2,132,3392,0.0005896226415094339
come,blue,2,133,3392,0.0005896226415094339
come,martian,2,134,3392,0.0005896226415094339
come,costume,2,135,3392,0.0005896226415094339
come,firstname,2,136,3392,0.0005896226415094339
come,yoye,2,137,3392,0.0005896226415094339
come,bee,2,138,3392,0.0005896226415094339
come,christy,2,139,3392,0.0005896226415094339
come,shoe,2,140,3392,0.0005896226415094339
come,receipt,2,141,3392,0.0005896226415094339
come,side,2,142,3392,0.0005896226415094339
come,bug,2,143,3392,0.0005896226415094339
come,pooh,2,144,3392,0.0005896226415094339
come,screw,2,145,3392,0.0005896226415094339
come,david,2,146,3392,0.0005896226415094339
come,foot,2,147,3392,0.0005896226415094339
come,claude,2,148,3392,0.0005896226415094339
come,snort,2,149,3392,0.0005896226415094339
come,frosty,2,150,3392,0.0005896226415094339
come,jessie,2,151,3392,0.0005896226415094339
come,lot,2,152,3392,0.0005896226415094339
come,moon,2,153,3392,0.0005896226415094339
come,pirate,2,154,3392,0.0005896226415094339
come,bunny,2,155,3392,0.0005896226415094339
come,doll,2,156,3392,0.0005896226415094339
come,ticket,2,157,3392,0.0005896226415094339
come,orange,2,158,3392,0.0005896226415094339
come,word,2,159,3392,0.0005896226415094339
come,robber,2,160,3392,0.0005896226415094339
come,abe,2,161,3392,0.0005896226415094339
come,program,2,162,3392,0.0005896226415094339
come,sticker,2,163,3392,0.0005896226415094339
come,bunch,2,164,3392,0.0005896226415094339
come,paper,2,165,3392,0.0005896226415094339
come,aunt,2,166,3392,0.0005896226415094339
come,veve,2,167,3392,0.0005896226415094339
come,lizard,2,168,3392,0.0005896226415094339
come,erica,2,169,3392,0.0005896226415094339
come,jack,2,170,3392,0.0005896226415094339
come,matthew,2,171,3392,0.0005896226415094339
come,sylvia,2,172,3392,0.0005896226415094339
come,greta,2,173,3392,0.0005896226415094339
come,nurse,2,174,3392,0.0005896226415094339
come,police,2,175,3392,0.0005896226415094339
come,spider,2,176,3392,0.0005896226415094339
come,picture,2,177,3392,0.0005896226415094339
come,william,2,178,3392,0.0005896226415094339
come,fish,2,179,3392,0.0005896226415094339
come,rabbit,2,180,3392,0.0005896226415094339
come,none,2,181,3392,0.0005896226415094339
come,trousers,2,182,3392,0.0005896226415094339
come,tongue,2,183,3392,0.0005896226415094339
come,red,2,184,3392,0.0005896226415094339
come,roof,2,185,3392,0.0005896226415094339
come,mark,2,186,3392,0.0005896226415094339
come,nothing,2,187,3392,0.0005896226415094339
come,bit,2,188,3392,0.0005896226415094339
come,bus,2,189,3392,0.0005896226415094339
come,tyre,2,190,3392,0.0005896226415094339
come,cleaner,2,191,3392,0.0005896226415094339
come,fox,2,192,3392,0.0005896226415094339
come,cement,2,193,3392,0.0005896226415094339
come,biff,2,194,3392,0.0005896226415094339
come,dragon,2,195,3392,0.0005896226415094339
come,fire,2,196,3392,0.0005896226415094339
come,helmet,2,197,3392,0.0005896226415094339
come,bloke,2,198,3392,0.0005896226415094339
come,kate,2,199,3392,0.0005896226415094339
come,tom,2,200,3392,0.0005896226415094339
come,load,2,201,3392,0.0005896226415094339
come,burglar,2,202,3392,0.0005896226415094339
come,milkman,2,203,3392,0.0005896226415094339
come,nathan,2,204,3392,0.0005896226415094339
come,blood,2,205,3392,0.0005896226415094339
come,farmer,2,206,3392,0.0005896226415094339
come,duck,2,207,3392,0.0005896226415094339
come,warren,2,208,3392,0.0005896226415094339
come,auto,2,209,3392,0.0005896226415094339
come,storm,2,210,3392,0.0005896226415094339
come,dubby,1,211,3392,0.00029481132075471697
come,laura,1,212,3392,0.00029481132075471697
come,piano,1,213,3392,0.00029481132075471697
come,tune,1,214,3392,0.00029481132075471697
come,miss,1,215,3392,0.00029481132075471697
come,rinny,1,216,3392,0.00029481132075471697
come,diandra,1,217,3392,0.00029481132075471697
come,wood,1,218,3392,0.00029481132075471697
come,metal,1,219,3392,0.00029481132075471697
come,tunafish,1,220,3392,0.00029481132075471697
come,matron,1,221,3392,0.00029481132075471697
come,auntieeleanor,1,222,3392,0.00029481132075471697
come,seal,1,223,3392,0.00029481132075471697
come,fairy,1,224,3392,0.00029481132075471697
come,arm,1,225,3392,0.00029481132075471697
come,joann,1,226,3392,0.00029481132075471697
come,melissa,1,227,3392,0.00029481132075471697
come,tablecloth,1,228,3392,0.00029481132075471697
come,tea,1,229,3392,0.00029481132075471697
come,bozo,1,230,3392,0.00029481132075471697
come,betty,1,231,3392,0.00029481132075471697
come,rest,1,232,3392,0.00029481132075471697
come,friday,1,233,3392,0.00029481132075471697
come,auntie,1,234,3392,0.00029481132075471697
come,valentine,1,235,3392,0.00029481132075471697
come,laurie,1,236,3392,0.00029481132075471697
come,annmarie,1,237,3392,0.00029481132075471697
come,sposta,1,238,3392,0.00029481132075471697
come,jakey,1,239,3392,0.00029481132075471697
come,austin,1,240,3392,0.00029481132075471697
come,ground,1,241,3392,0.00029481132075471697
come,camera,1,242,3392,0.00029481132075471697
come,chain,1,243,3392,0.00029481132075471697
come,boyles,1,244,3392,0.00029481132075471697
come,nanny,1,245,3392,0.00029481132075471697
come,here,1,246,3392,0.00029481132075471697
come,spinach,1,247,3392,0.00029481132075471697
come,weina,1,248,3392,0.00029481132075471697
come,christopher,1,249,3392,0.00029481132075471697
come,saying,1,250,3392,0.00029481132075471697
come,slip,1,251,3392,0.00029481132075471697
come,titch,1,252,3392,0.00029481132075471697
come,cow,1,253,3392,0.00029481132075471697
come,ohmygoodness,1,254,3392,0.00029481132075471697
come,windshield,1,255,3392,0.00029481132075471697
come,tape,1,256,3392,0.00029481132075471697
come,spring,1,257,3392,0.00029481132075471697
come,leave,1,258,3392,0.00029481132075471697
come,muffin,1,259,3392,0.00029481132075471697
come,drummer,1,260,3392,0.00029481132075471697
come,invitation,1,261,3392,0.00029481132075471697
come,sister,1,262,3392,0.00029481132075471697
come,prince,1,263,3392,0.00029481132075471697
come,mouse,1,264,3392,0.00029481132075471697
come,prediction,1,265,3392,0.00029481132075471697
come,chucky,1,266,3392,0.00029481132075471697
come,number,1,267,3392,0.00029481132075471697
come,bubble,1,268,3392,0.00029481132075471697
come,wish,1,269,3392,0.00029481132075471697
come,snowman,1,270,3392,0.00029481132075471697
come,warm,1,271,3392,0.00029481132075471697
come,carmen,1,272,3392,0.00029481132075471697
come,brendan,1,273,3392,0.00029481132075471697
come,kay,1,274,3392,0.00029481132075471697
come,cracker,1,275,3392,0.00029481132075471697
come,bran,1,276,3392,0.00029481132075471697
come,cheese,1,277,3392,0.00029481132075471697
come,muscle,1,278,3392,0.00029481132075471697
come,conversation,1,279,3392,0.00029481132075471697
come,dolphin,1,280,3392,0.00029481132075471697
come,tanya,1,281,3392,0.00029481132075471697
come,jackie,1,282,3392,0.00029481132075471697
come,vitamin,1,283,3392,0.00029481132075471697
come,needta,1,284,3392,0.00029481132075471697
come,cloud,1,285,3392,0.00029481132075471697
come,ss,1,286,3392,0.00029481132075471697
come,kangaroo,1,287,3392,0.00029481132075471697
come,whatever,1,288,3392,0.00029481132075471697
come,guest,1,289,3392,0.00029481132075471697
come,caterpillar,1,290,3392,0.00029481132075471697
come,marcella,1,291,3392,0.00029481132075471697
come,ms,1,292,3392,0.00029481132075471697
come,book,1,293,3392,0.00029481132075471697
come,darkness,1,294,3392,0.00029481132075471697
come,voice,1,295,3392,0.00029481132075471697
come,pete,1,296,3392,0.00029481132075471697
come,groundhog,1,297,3392,0.00029481132075471697
come,night,1,298,3392,0.00029481132075471697
come,sight,1,299,3392,0.00029481132075471697
come,principal,1,300,3392,0.00029481132075471697
come,pascal,1,301,3392,0.00029481132075471697
come,three,1,302,3392,0.00029481132075471697
come,fly,1,303,3392,0.00029481132075471697
come,tam,1,304,3392,0.00029481132075471697
come,chimney,1,305,3392,0.00029481132075471697
come,tony,1,306,3392,0.00029481132075471697
come,owl,1,307,3392,0.00029481132075471697
come,pants,1,308,3392,0.00029481132075471697
come,nanas,1,309,3392,0.00029481132075471697
come,yellow,1,310,3392,0.00029481132075471697
come,pizza,1,311,3392,0.00029481132075471697
come,sara,1,312,3392,0.00029481132075471697
come,andrew,1,313,3392,0.00029481132075471697
come,town,1,314,3392,0.00029481132075471697
come,training,1,315,3392,0.00029481132075471697
come,purple,1,316,3392,0.00029481132075471697
come,sandy,1,317,3392,0.00029481132075471697
come,school,1,318,3392,0.00029481132075471697
come,turtle,1,319,3392,0.00029481132075471697
come,potato,1,320,3392,0.00029481132075471697
come,ant,1,321,3392,0.00029481132075471697
come,five,1,322,3392,0.00029481132075471697
come,doggie,1,323,3392,0.00029481132075471697
come,operator,1,324,3392,0.00029481132075471697
come,goober,1,325,3392,0.00029481132075471697
come,animal,1,326,3392,0.00029481132075471697
come,joey,1,327,3392,0.00029481132075471697
come,puzzle,1,328,3392,0.00029481132075471697
come,grape,1,329,3392,0.00029481132075471697
come,phoenix,1,330,3392,0.00029481132075471697
come,whoever,1,331,3392,0.00029481132075471697
come,old,1,332,3392,0.00029481132075471697
come,pancake,1,333,3392,0.00029481132075471697
come,idea,1,334,3392,0.00029481132075471697
come,grampa,1,335,3392,0.00029481132075471697
come,witch,1,336,3392,0.00029481132075471697
come,cold,1,337,3392,0.00029481132075471697
come,buckle,1,338,3392,0.00029481132075471697
come,shirt,1,339,3392,0.00029481132075471697
come,sixteen,1,340,3392,0.00029481132075471697
come,sparkly,1,341,3392,0.00029481132075471697
come,halloween,1,342,3392,0.00029481132075471697
come,mix,1,343,3392,0.00029481132075471697
come,strawberry,1,344,3392,0.00029481132075471697
come,rock,1,345,3392,0.00029481132075471697
come,your,1,346,3392,0.00029481132075471697
come,prize,1,347,3392,0.00029481132075471697
come,james,1,348,3392,0.00029481132075471697
come,grandmas,1,349,3392,0.00029481132075471697
come,diamond,1,350,3392,0.00029481132075471697
come,cody,1,351,3392,0.00029481132075471697
come,jenny,1,352,3392,0.00029481132075471697
come,karen,1,353,3392,0.00029481132075471697
come,peach,1,354,3392,0.00029481132075471697
come,mop,1,355,3392,0.00029481132075471697
come,fry,1,356,3392,0.00029481132075471697
come,weather,1,357,3392,0.00029481132075471697
come,result,1,358,3392,0.00029481132075471697
come,nobody,1,359,3392,0.00029481132075471697
come,visitor,1,360,3392,0.00029481132075471697
come,fella,1,361,3392,0.00029481132075471697
come,cristopher,1,362,3392,0.00029481132075471697
come,granny,1,363,3392,0.00029481132075471697
come,girlfriend,1,364,3392,0.00029481132075471697
come,rash,1,365,3392,0.00029481132075471697
come,calvin,1,366,3392,0.00029481132075471697
come,period,1,367,3392,0.00029481132075471697
come,maggie,1,368,3392,0.00029481132075471697
come,creature,1,369,3392,0.00029481132075471697
come,wifie,1,370,3392,0.00029481132075471697
come,woman,1,371,3392,0.00029481132075471697
come,velociraptor,1,372,3392,0.00029481132075471697
come,crocodile,1,373,3392,0.00029481132075471697
come,misterpunch,1,374,3392,0.00029481132075471697
come,ethan,1,375,3392,0.00029481132075471697
come,judy,1,376,3392,0.00029481132075471697
come,hood,1,377,3392,0.00029481132075471697
come,garden,1,378,3392,0.00029481132075471697
come,lorry,1,379,3392,0.00029481132075471697
come,stuart,1,380,3392,0.00029481132075471697
come,steam,1,381,3392,0.00029481132075471697
come,trunk,1,382,3392,0.00029481132075471697
come,ship,1,383,3392,0.00029481132075471697
come,workmen,1,384,3392,0.00029481132075471697
come,spoon,1,385,3392,0.00029481132075471697
come,aunty,1,386,3392,0.00029481132075471697
come,vehicle,1,387,3392,0.00029481132075471697
come,ben,1,388,3392,0.00029481132075471697
come,lift,1,389,3392,0.00029481132075471697
come,bottom,1,390,3392,0.00029481132075471697
come,envelope,1,391,3392,0.00029481132075471697
come,bulldozer,1,392,3392,0.00029481132075471697
come,d,1,393,3392,0.00029481132075471697
come,b,1,394,3392,0.00029481132075471697
come,unclestuart,1,395,3392,0.00029481132075471697
come,post,1,396,3392,0.00029481132075471697
come,toy,1,397,3392,0.00029481132075471697
come,grandad,1,398,3392,0.00029481132075471697
come,sausage,1,399,3392,0.00029481132075471697
come,catalog,1,400,3392,0.00029481132075471697
come,card,1,401,3392,0.00029481132075471697
come,tesco,1,402,3392,0.00029481132075471697
come,stage,1,403,3392,0.00029481132075471697
come,dentist,1,404,3392,0.00029481132075471697
come,splish,1,405,3392,0.00029481132075471697
come,tinkywinky,1,406,3392,0.00029481132075471697
come,seagull,1,407,3392,0.00029481132075471697
come,paint,1,408,3392,0.00029481132075471697
come,tank,1,409,3392,0.00029481132075471697
come,snake,1,410,3392,0.00029481132075471697
come,roller,1,411,3392,0.00029481132075471697
come,auntiejanet,1,412,3392,0.00029481132075471697
come,froth,1,413,3392,0.00029481132075471697
come,map,1,414,3392,0.00029481132075471697
come,soil,1,415,3392,0.00029481132075471697
come,reindeer,1,416,3392,0.00029481132075471697
come,frog,1,417,3392,0.00029481132075471697
come,laser,1,418,3392,0.00029481132075471697
come,rudolph,1,419,3392,0.00029481132075471697
come,teletubbies,1,420,3392,0.00029481132075471697
come,miles,1,421,3392,0.00029481132075471697
come,sound,1,422,3392,0.00029481132075471697
come,end,1,423,3392,0.00029481132075471697
come,abigail,1,424,3392,0.00029481132075471697
come,camel,1,425,3392,0.00029481132075471697
come,taxi,1,426,3392,0.00029481132075471697
come,lifeboat,1,427,3392,0.00029481132075471697
come,gum,1,428,3392,0.00029481132075471697
come,playdoh,1,429,3392,0.00029481132075471697
come,poo,1,430,3392,0.00029481132075471697
come,nick,1,431,3392,0.00029481132075471697
come,fluff,1,432,3392,0.00029481132075471697
come,the,1,433,3392,0.00029481132075471697
come,lena,1,434,3392,0.00029481132075471697
come,dr,1,435,3392,0.00029481132075471697
come,cloth,1,436,3392,0.00029481132075471697
come,coat,1,437,3392,0.00029481132075471697
come,sock,1,438,3392,0.00029481132075471697
come,welly,1,439,3392,0.00029481132075471697
come,dear,1,440,3392,0.00029481132075471697
come,will,1,441,3392,0.00029481132075471697
come,harry,1,442,3392,0.00029481132075471697
come,rubbish,1,443,3392,0.00029481132075471697
come,drawer,1,444,3392,0.00029481132075471697
come,cast,1,445,3392,0.00029481132075471697
come,bandage,1,446,3392,0.00029481132075471697
come,bow,1,447,3392,0.00029481132075471697
come,wing,1,448,3392,0.00029481132075471697
come,snow,1,449,3392,0.00029481132075471697
come,dav,1,450,3392,0.00029481132075471697
come,mygoodness,1,451,3392,0.00029481132075471697
come,nan,1,452,3392,0.00029481132075471697
come,soap,1,453,3392,0.00029481132075471697
come,frenchfry,1,454,3392,0.00029481132075471697
come,button,1,455,3392,0.00029481132075471697
come,bert,1,456,3392,0.00029481132075471697
come,cheryl,1,457,3392,0.00029481132075471697
come,cover,1,458,3392,0.00029481132075471697
come,kell,1,459,3392,0.00029481132075471697
come,santaclause,1,460,3392,0.00029481132075471697
come,donut,1,461,3392,0.00029481132075471697
come,bead,1,462,3392,0.00029481132075471697
come,driver,1,463,3392,0.00029481132075471697
come,tree,1,464,3392,0.00029481132075471697
come,clifford,1,465,3392,0.00029481132075471697
come,net,1,466,3392,0.00029481132075471697
come,chance,1,467,3392,0.00029481132075471697
come,pasta,1,468,3392,0.00029481132075471697
come,dwarf,1,469,3392,0.00029481132075471697
come,angel,1,470,3392,0.00029481132075471697
come,morning,1,471,3392,0.00029481132075471697
come,champion,1,472,3392,0.00029481132075471697
come,help,1,473,3392,0.00029481132075471697
come,jill,1,474,3392,0.00029481132075471697
come,brother,1,475,3392,0.00029481132075471697
come,peter,1,476,3392,0.00029481132075471697
come,turkey,1,477,3392,0.00029481132075471697
come,shark,1,478,3392,0.00029481132075471697
come,boat,1,479,3392,0.00029481132075471697
come,officer,1,480,3392,0.00029481132075471697
come,hose,1,481,3392,0.00029481132075471697
come,travie,1,482,3392,0.00029481132075471697
come,neil,1,483,3392,0.00029481132075471697
come,billy,1,484,3392,0.00029481132075471697
come,fta,1,485,3392,0.00029481132075471697
come,austen,1,486,3392,0.00029481132075471697
come,mail,1,487,3392,0.00029481132075471697
come,volunteer,1,488,3392,0.00029481132075471697
come,susan,1,489,3392,0.00029481132075471697
come,door,1,490,3392,0.00029481132075471697
come,dan,1,491,3392,0.00029481132075471697
come,phillip,1,492,3392,0.00029481132075471697
come,leslie,1,493,3392,0.00029481132075471697
come,petey,1,494,3392,0.00029481132075471697
come,bike,1,495,3392,0.00029481132075471697
come,firemen,1,496,3392,0.00029481132075471697
come,giraffe,1,497,3392,0.00029481132075471697
come,part,1,498,3392,0.00029481132075471697
come,circus,1,499,3392,0.00029481132075471697
come,abby,1,500,3392,0.00029481132075471697
come,babe,1,501,3392,0.00029481132075471697
come,pearl,1,502,3392,0.00029481132075471697
come,lian,1,503,3392,0.00029481132075471697
come,fork,1,504,3392,0.00029481132075471697
come,heart,1,505,3392,0.00029481132075471697
put,you,1385,1,3231,0.42865985762921693
put,i,712,2,3231,0.22036521200866604
put,we,665,3,3231,0.20581863200247602
put,they,136,4,3231,0.04209223150727329
put,he,90,5,3231,0.027855153203342618
put,she,47,6,3231,0.014546580006190035
put,who,18,7,3231,0.005571030640668524
put,it,11,8,3231,0.0034045187248529867
put,daddy,9,9,3231,0.002785515320334262
put,needta,6,10,3231,0.0018570102135561746
put,mommy,5,11,3231,0.0015475085112968121
put,useta,5,12,3231,0.0015475085112968121
put,person,4,13,3231,0.0012380068090374497
put,someone,4,14,3231,0.0012380068090374497
put,sarah,3,15,3231,0.0009285051067780873
put,nana,3,16,3231,0.0009285051067780873
put,girl,3,17,3231,0.0009285051067780873
put,that,3,18,3231,0.0009285051067780873
put,what,3,19,3231,0.0009285051067780873
put,adam,2,20,3231,0.0006190034045187249
put,boy,2,21,3231,0.0006190034045187249
put,gail,2,22,3231,0.0006190034045187249
put,mother,2,23,3231,0.0006190034045187249
put,snort,2,24,3231,0.0006190034045187249
put,mama,2,25,3231,0.0006190034045187249
put,nobody,2,26,3231,0.0006190034045187249
put,chi,2,27,3231,0.0006190034045187249
put,doctor,2,28,3231,0.0006190034045187249
put,marky,2,29,3231,0.0006190034045187249
put,hasta,2,30,3231,0.0006190034045187249
put,somebody,2,31,3231,0.0006190034045187249
put,man,2,32,3231,0.0006190034045187249
put,her,2,33,3231,0.0006190034045187249
put,your,2,34,3231,0.0006190034045187249
put,mailman,2,35,3231,0.0006190034045187249
put,haft,2,36,3231,0.0006190034045187249
put,farmer,1,37,3231,0.00030950170225936243
put,paul,1,38,3231,0.00030950170225936243
put,diandra,1,39,3231,0.00030950170225936243
put,thumb,1,40,3231,0.00030950170225936243
put,clown,1,41,3231,0.00030950170225936243
put,anyone,1,42,3231,0.00030950170225936243
put,idiot,1,43,3231,0.00030950170225936243
put,elana,1,44,3231,0.00030950170225936243
put,a,1,45,3231,0.00030950170225936243
put,anybody,1,46,3231,0.00030950170225936243
put,wheel,1,47,3231,0.00030950170225936243
put,quik,1,48,3231,0.00030950170225936243
put,cinderella,1,49,3231,0.00030950170225936243
put,horse,1,50,3231,0.00030950170225936243
put,michael,1,51,3231,0.00030950170225936243
put,michele,1,52,3231,0.00030950170225936243
put,ma,1,53,3231,0.00030950170225936243
put,mom,1,54,3231,0.00030950170225936243
put,honey,1,55,3231,0.00030950170225936243
put,anna,1,56,3231,0.00030950170225936243
put,tea,1,57,3231,0.00030950170225936243
put,dewey,1,58,3231,0.00030950170225936243
put,pooh,1,59,3231,0.00030950170225936243
put,grover,1,60,3231,0.00030950170225936243
put,racket,1,61,3231,0.00030950170225936243
put,piggy,1,62,3231,0.00030950170225936243
put,brian,1,63,3231,0.00030950170225936243
put,momma,1,64,3231,0.00030950170225936243
put,don,1,65,3231,0.00030950170225936243
put,giant,1,66,3231,0.00030950170225936243
put,santa,1,67,3231,0.00030950170225936243
put,ross,1,68,3231,0.00030950170225936243
put,hans,1,69,3231,0.00030950170225936243
put,mark,1,70,3231,0.00030950170225936243
put,ohmygoodness,1,71,3231,0.00030950170225936243
put,one,1,72,3231,0.00030950170225936243
put,let,1,73,3231,0.00030950170225936243
put,barbara,1,74,3231,0.00030950170225936243
put,andrena,1,75,3231,0.00030950170225936243
put,conor,1,76,3231,0.00030950170225936243
put,calpol,1,77,3231,0.00030950170225936243
put,bill,1,78,3231,0.00030950170225936243
put,jesus,1,79,3231,0.00030950170225936243
put,pat,1,80,3231,0.00030950170225936243
put,mummie,1,81,3231,0.00030950170225936243
put,elvis,1,82,3231,0.00030950170225936243
put,this,1,83,3231,0.00030950170225936243
put,stamp,1,84,3231,0.00030950170225936243
put,beer,1,85,3231,0.00030950170225936243
put,thomas,1,86,3231,0.00030950170225936243
put,linda,1,87,3231,0.00030950170225936243
put,shopkeeper,1,88,3231,0.00030950170225936243
put,owner,1,89,3231,0.00030950170225936243
put,gerald,1,90,3231,0.00030950170225936243
put,dad,1,91,3231,0.00030950170225936243
put,perfect,1,92,3231,0.00030950170225936243
put,put,1,93,3231,0.00030950170225936243
put,box,1,94,3231,0.00030950170225936243
put,miss,1,95,3231,0.00030950170225936243
put,quick,1,96,3231,0.00030950170225936243
put,ludovica,1,97,3231,0.00030950170225936243
put,zoe,1,98,3231,0.00030950170225936243
put,everything,1,99,3231,0.00030950170225936243
put,squirrel,1,100,3231,0.00030950170225936243
put,holly,1,101,3231,0.00030950170225936243
put,popular,1,102,3231,0.00030950170225936243
put,gorilla,1,103,3231,0.00030950170225936243
put,my,1,104,3231,0.00030950170225936243
put,dear,1,105,3231,0.00030950170225936243
put,guy,1,106,3231,0.00030950170225936243
put,firefighter,1,107,3231,0.00030950170225936243
put,childsname,1,108,3231,0.00030950170225936243
put,chemical,1,109,3231,0.00030950170225936243
put,nurse,1,110,3231,0.00030950170225936243
put,gramma,1,111,3231,0.00030950170225936243
put,gary,1,112,3231,0.00030950170225936243
put,frenchfry,1,113,3231,0.00030950170225936243
put,ten,1,114,3231,0.00030950170225936243
put,mary,1,115,3231,0.00030950170225936243
put,bus,1,116,3231,0.00030950170225936243
put,librarian,1,117,3231,0.00030950170225936243
put,ted,1,118,3231,0.00030950170225936243
put,lady,1,119,3231,0.00030950170225936243
put,fireman,1,120,3231,0.00030950170225936243
put,all,1,121,3231,0.00030950170225936243
tell,you,1859,1,3009,0.6178132269857095
tell,i,591,2,3009,0.19641076769690927
tell,he,80,3,3009,0.026586905948820207
tell,she,58,4,3009,0.01927550681289465
tell,we,52,5,3009,0.017281488866733134
tell,it,38,6,3009,0.012628780325689598
tell,who,27,7,3009,0.00897308075772682
tell,they,25,8,3009,0.008308408109006314
tell,firstname,24,9,3009,0.007976071784646061
tell,that,15,10,3009,0.004985044865403789
tell,daddy,10,11,3009,0.003323363243602526
tell,mom,9,12,3009,0.0029910269192422734
tell,dad,8,13,3009,0.0026586905948820204
tell,mommy,7,14,3009,0.002326354270521768
tell,somebody,7,15,3009,0.002326354270521768
tell,mother,6,16,3009,0.0019940179461615153
tell,don,5,17,3009,0.001661681621801263
tell,what,5,18,3009,0.001661681621801263
tell,chi,5,19,3009,0.001661681621801263
tell,nan,4,20,3009,0.0013293452974410102
tell,laura,3,21,3009,0.0009970089730807576
tell,one,3,22,3009,0.0009970089730807576
tell,adam,3,23,3009,0.0009970089730807576
tell,guy,3,24,3009,0.0009970089730807576
tell,someone,3,25,3009,0.0009970089730807576
tell,papa,3,26,3009,0.0009970089730807576
tell,fta,3,27,3009,0.0009970089730807576
tell,mummy,3,28,3009,0.0009970089730807576
tell,mum,3,29,3009,0.0009970089730807576
tell,dav,3,30,3009,0.0009970089730807576
tell,nana,2,31,3009,0.0006646726487205051
tell,mama,2,32,3009,0.0006646726487205051
tell,melissa,2,33,3009,0.0006646726487205051
tell,teacher,2,34,3009,0.0006646726487205051
tell,something,2,35,3009,0.0006646726487205051
tell,alice,2,36,3009,0.0006646726487205051
tell,sister,2,37,3009,0.0006646726487205051
tell,friend,2,38,3009,0.0006646726487205051
tell,cow,2,39,3009,0.0006646726487205051
tell,ernie,2,40,3009,0.0006646726487205051
tell,auntie,2,41,3009,0.0006646726487205051
tell,michelle,2,42,3009,0.0006646726487205051
tell,abe,2,43,3009,0.0006646726487205051
tell,peter,2,44,3009,0.0006646726487205051
tell,dog,2,45,3009,0.0006646726487205051
tell,ross,2,46,3009,0.0006646726487205051
tell,matty,2,47,3009,0.0006646726487205051
tell,picture,2,48,3009,0.0006646726487205051
tell,book,2,49,3009,0.0006646726487205051
tell,aunt,2,50,3009,0.0006646726487205051
tell,girl,2,51,3009,0.0006646726487205051
tell,cathy,2,52,3009,0.0006646726487205051
tell,thomas,2,53,3009,0.0006646726487205051
tell,nanabeardly,2,54,3009,0.0006646726487205051
tell,buzzlightyear,2,55,3009,0.0006646726487205051
tell,robin,1,56,3009,0.00033233632436025255
tell,eye,1,57,3009,0.00033233632436025255
tell,gigi,1,58,3009,0.00033233632436025255
tell,cousin,1,59,3009,0.00033233632436025255
tell,annmarie,1,60,3009,0.00033233632436025255
tell,secretary,1,61,3009,0.00033233632436025255
tell,berta,1,62,3009,0.00033233632436025255
tell,andy,1,63,3009,0.00033233632436025255
tell,abba,1,64,3009,0.00033233632436025255
tell,judy,1,65,3009,0.00033233632436025255
tell,man,1,66,3009,0.00033233632436025255
tell,hasta,1,67,3009,0.00033233632436025255
tell,oliver,1,68,3009,0.00033233632436025255
tell,godmother,1,69,3009,0.00033233632436025255
tell,wendy,1,70,3009,0.00033233632436025255
tell,claude,1,71,3009,0.00033233632436025255
tell,mouse,1,72,3009,0.00033233632436025255
tell,arlo,1,73,3009,0.00033233632436025255
tell,youall,1,74,3009,0.00033233632436025255
tell,paula,1,75,3009,0.00033233632436025255
tell,grm,1,76,3009,0.00033233632436025255
tell,nobody,1,77,3009,0.00033233632436025255
tell,sabato,1,78,3009,0.00033233632436025255
tell,nicky,1,79,3009,0.00033233632436025255
tell,mot,1,80,3009,0.00033233632436025255
tell,raggedy,1,81,3009,0.00033233632436025255
tell,bunny,1,82,3009,0.00033233632436025255
tell,owl,1,83,3009,0.00033233632436025255
tell,pascal,1,84,3009,0.00033233632436025255
tell,betty,1,85,3009,0.00033233632436025255
tell,jill,1,86,3009,0.00033233632436025255
tell,matthew,1,87,3009,0.00033233632436025255
tell,sis,1,88,3009,0.00033233632436025255
tell,denise,1,89,3009,0.00033233632436025255
tell,commercial,1,90,3009,0.00033233632436025255
tell,barb,1,91,3009,0.00033233632436025255
tell,olsen,1,92,3009,0.00033233632436025255
tell,naomi,1,93,3009,0.00033233632436025255
tell,nomi,1,94,3009,0.00033233632436025255
tell,map,1,95,3009,0.00033233632436025255
tell,boo,1,96,3009,0.00033233632436025255
tell,work,1,97,3009,0.00033233632436025255
tell,roman,1,98,3009,0.00033233632436025255
tell,this,1,99,3009,0.00033233632436025255
tell,computer,1,100,3009,0.00033233632436025255
tell,jordan,1,101,3009,0.00033233632436025255
tell,maggie,1,102,3009,0.00033233632436025255
tell,both,1,103,3009,0.00033233632436025255
tell,johnny,1,104,3009,0.00033233632436025255
tell,first,1,105,3009,0.00033233632436025255
tell,all,1,106,3009,0.00033233632436025255
tell,angeline,1,107,3009,0.00033233632436025255
tell,misterfollis,1,108,3009,0.00033233632436025255
tell,stuart,1,109,3009,0.00033233632436025255
tell,missusplatford,1,110,3009,0.00033233632436025255
tell,linda,1,111,3009,0.00033233632436025255
tell,rachel,1,112,3009,0.00033233632436025255
tell,lady,1,113,3009,0.00033233632436025255
tell,lisa,1,114,3009,0.00033233632436025255
tell,mummie,1,115,3009,0.00033233632436025255
tell,elephant,1,116,3009,0.00033233632436025255
tell,train,1,117,3009,0.00033233632436025255
tell,loo,1,118,3009,0.00033233632436025255
tell,rapunzel,1,119,3009,0.00033233632436025255
tell,cool,1,120,3009,0.00033233632436025255
tell,your,1,121,3009,0.00033233632436025255
tell,some,1,122,3009,0.00033233632436025255
tell,next,1,123,3009,0.00033233632436025255
tell,person,1,124,3009,0.00033233632436025255
tell,grandma,1,125,3009,0.00033233632436025255
tell,childsname,1,126,3009,0.00033233632436025255
tell,house,1,127,3009,0.00033233632436025255
tell,much,1,128,3009,0.00033233632436025255
tell,name,1,129,3009,0.00033233632436025255
tell,brother,1,130,3009,0.00033233632436025255
tell,sailormoon,1,131,3009,0.00033233632436025255
tell,cal,1,132,3009,0.00033233632436025255
tell,story,1,133,3009,0.00033233632436025255
tell,bob,1,134,3009,0.00033233632436025255
tell,do,1,135,3009,0.00033233632436025255
tell,gary,1,136,3009,0.00033233632436025255
tell,ohboy,1,137,3009,0.00033233632436025255
tell,maisie,1,138,3009,0.00033233632436025255
tell,monkey,1,139,3009,0.00033233632436025255
tell,job,1,140,3009,0.00033233632436025255
tell,doctor,1,141,3009,0.00033233632436025255
tell,tongue,1,142,3009,0.00033233632436025255
tell,light,1,143,3009,0.00033233632436025255
tell,chris,1,144,3009,0.00033233632436025255
tell,bobby,1,145,3009,0.00033233632436025255
tell,clock,1,146,3009,0.00033233632436025255
tell,douwie,1,147,3009,0.00033233632436025255
tell,paul,1,148,3009,0.00033233632436025255
tell,kevie,1,149,3009,0.00033233632436025255
make,you,1122,1,2874,0.3903966597077244
make,i,364,2,2874,0.1266527487821851
make,we,281,3,2874,0.09777313848295059
make,it,170,4,2874,0.05915100904662491
make,they,165,5,2874,0.05741127348643006
make,that,151,6,2874,0.05254001391788448
make,he,101,7,2874,0.03514265831593598
make,she,83,8,2874,0.028879610299234516
make,who,52,9,2874,0.018093249826026444
make,what,49,10,2874,0.017049408489909535
make,this,21,11,2874,0.007306889352818371
make,mommy,14,12,2874,0.0048712595685455815
make,mom,13,13,2874,0.004523312456506611
make,somebody,11,14,2874,0.003827418232428671
make,daddy,9,15,2874,0.003131524008350731
make,guy,7,16,2874,0.0024356297842727907
make,one,7,17,2874,0.0024356297842727907
make,useta,7,18,2874,0.0024356297842727907
make,dad,6,19,2874,0.0020876826722338203
make,chi,6,20,2874,0.0020876826722338203
make,duck,6,21,2874,0.0020876826722338203
make,needta,5,22,2874,0.0017397355601948504
make,pig,5,23,2874,0.0017397355601948504
make,mummy,5,24,2874,0.0017397355601948504
make,child,3,25,2874,0.0010438413361169101
make,elephant,3,26,2874,0.0010438413361169101
make,sarah,3,27,2874,0.0010438413361169101
make,rabbit,3,28,2874,0.0010438413361169101
make,mother,3,29,2874,0.0010438413361169101
make,name,3,30,2874,0.0010438413361169101
make,all,3,31,2874,0.0010438413361169101
make,word,2,32,2874,0.0006958942240779402
make,thing,2,33,2874,0.0006958942240779402
make,robin,2,34,2874,0.0006958942240779402
make,father,2,35,2874,0.0006958942240779402
make,class,2,36,2874,0.0006958942240779402
make,dog,2,37,2874,0.0006958942240779402
make,cat,2,38,2874,0.0006958942240779402
make,side,2,39,2874,0.0006958942240779402
make,leslie,2,40,2874,0.0006958942240779402
make,mamma,2,41,2874,0.0006958942240779402
make,minnie,2,42,2874,0.0006958942240779402
make,plant,2,43,2874,0.0006958942240779402
make,grass,2,44,2874,0.0006958942240779402
make,necklace,2,45,2874,0.0006958942240779402
make,mark,2,46,2874,0.0006958942240779402
make,person,2,47,2874,0.0006958942240779402
make,nobody,2,48,2874,0.0006958942240779402
make,boy,2,49,2874,0.0006958942240779402
make,spider,2,50,2874,0.0006958942240779402
make,kid,2,51,2874,0.0006958942240779402
make,bill,2,52,2874,0.0006958942240779402
make,mummie,2,53,2874,0.0006958942240779402
make,man,2,54,2874,0.0006958942240779402
make,train,2,55,2874,0.0006958942240779402
make,mum,2,56,2874,0.0006958942240779402
make,water,2,57,2874,0.0006958942240779402
make,wheel,2,58,2874,0.0006958942240779402
make,thomas,2,59,2874,0.0006958942240779402
make,cullin,2,60,2874,0.0006958942240779402
make,bear,2,61,2874,0.0006958942240779402
make,poo,1,62,2874,0.0003479471120389701
make,bowl,1,63,2874,0.0003479471120389701
make,good,1,64,2874,0.0003479471120389701
make,santa,1,65,2874,0.0003479471120389701
make,jwww,1,66,2874,0.0003479471120389701
make,sothat,1,67,2874,0.0003479471120389701
make,president,1,68,2874,0.0003479471120389701
make,mrs,1,69,2874,0.0003479471120389701
make,spell,1,70,2874,0.0003479471120389701
make,crisscross,1,71,2874,0.0003479471120389701
make,melissa,1,72,2874,0.0003479471120389701
make,yellow,1,73,2874,0.0003479471120389701
make,half,1,74,2874,0.0003479471120389701
make,cmon,1,75,2874,0.0003479471120389701
make,two,1,76,2874,0.0003479471120389701
make,five,1,77,2874,0.0003479471120389701
make,line,1,78,2874,0.0003479471120389701
make,elve,1,79,2874,0.0003479471120389701
make,tear,1,80,2874,0.0003479471120389701
make,queen,1,81,2874,0.0003479471120389701
make,movie,1,82,2874,0.0003479471120389701
make,kangaroo,1,83,2874,0.0003479471120389701
make,lemonade,1,84,2874,0.0003479471120389701
make,sis,1,85,2874,0.0003479471120389701
make,fozzie,1,86,2874,0.0003479471120389701
make,percy,1,87,2874,0.0003479471120389701
make,witch,1,88,2874,0.0003479471120389701
make,caterpillar,1,89,2874,0.0003479471120389701
make,jill,1,90,2874,0.0003479471120389701
make,worry,1,91,2874,0.0003479471120389701
make,reason,1,92,2874,0.0003479471120389701
make,paddington,1,93,2874,0.0003479471120389701
make,zoo,1,94,2874,0.0003479471120389701
make,candy,1,95,2874,0.0003479471120389701
make,air,1,96,2874,0.0003479471120389701
make,broccoli,1,97,2874,0.0003479471120389701
make,howabout,1,98,2874,0.0003479471120389701
make,ma,1,99,2874,0.0003479471120389701
make,something,1,100,2874,0.0003479471120389701
make,truck,1,101,2874,0.0003479471120389701
make,laugh,1,102,2874,0.0003479471120389701
make,hair,1,103,2874,0.0003479471120389701
make,yoda,1,104,2874,0.0003479471120389701
make,ross,1,105,2874,0.0003479471120389701
make,marky,1,106,2874,0.0003479471120389701
make,flower,1,107,2874,0.0003479471120389701
make,parent,1,108,2874,0.0003479471120389701
make,anything,1,109,2874,0.0003479471120389701
make,sound,1,110,2874,0.0003479471120389701
make,zero,1,111,2874,0.0003479471120389701
make,andrew,1,112,2874,0.0003479471120389701
make,animal,1,113,2874,0.0003479471120389701
make,ryan,1,114,2874,0.0003479471120389701
make,auntdenise,1,115,2874,0.0003479471120389701
make,someone,1,116,2874,0.0003479471120389701
make,baby,1,117,2874,0.0003479471120389701
make,brian,1,118,2874,0.0003479471120389701
make,prize,1,119,2874,0.0003479471120389701
make,your,1,120,2874,0.0003479471120389701
make,fairy,1,121,2874,0.0003479471120389701
make,experience,1,122,2874,0.0003479471120389701
make,woman,1,123,2874,0.0003479471120389701
make,conor,1,124,2874,0.0003479471120389701
make,cathy,1,125,2874,0.0003479471120389701
make,magazine,1,126,2874,0.0003479471120389701
make,sylvia,1,127,2874,0.0003479471120389701
make,rita,1,128,2874,0.0003479471120389701
make,material,1,129,2874,0.0003479471120389701
make,girl,1,130,2874,0.0003479471120389701
make,granny,1,131,2874,0.0003479471120389701
make,lionel,1,132,2874,0.0003479471120389701
make,tesco,1,133,2874,0.0003479471120389701
make,insect,1,134,2874,0.0003479471120389701
make,nursery,1,135,2874,0.0003479471120389701
make,penny,1,136,2874,0.0003479471120389701
make,machine,1,137,2874,0.0003479471120389701
make,coin,1,138,2874,0.0003479471120389701
make,egg,1,139,2874,0.0003479471120389701
make,pingu,1,140,2874,0.0003479471120389701
make,lot,1,141,2874,0.0003479471120389701
make,mummys,1,142,2874,0.0003479471120389701
make,heel,1,143,2874,0.0003479471120389701
make,plane,1,144,2874,0.0003479471120389701
make,nan,1,145,2874,0.0003479471120389701
make,quarter,1,146,2874,0.0003479471120389701
make,everything,1,147,2874,0.0003479471120389701
make,piece,1,148,2874,0.0003479471120389701
make,scoop,1,149,2874,0.0003479471120389701
make,unclejohn,1,150,2874,0.0003479471120389701
make,purdie,1,151,2874,0.0003479471120389701
make,the,1,152,2874,0.0003479471120389701
make,steadyeddie,1,153,2874,0.0003479471120389701
make,shop,1,154,2874,0.0003479471120389701
make,hasta,1,155,2874,0.0003479471120389701
make,shopman,1,156,2874,0.0003479471120389701
make,nanabealby,1,157,2874,0.0003479471120389701
make,story,1,158,2874,0.0003479471120389701
make,biff,1,159,2874,0.0003479471120389701
make,dream,1,160,2874,0.0003479471120389701
make,other,1,161,2874,0.0003479471120389701
make,hand,1,162,2874,0.0003479471120389701
make,maker,1,163,2874,0.0003479471120389701
make,blue,1,164,2874,0.0003479471120389701
make,my,1,165,2874,0.0003479471120389701
make,doctor,1,166,2874,0.0003479471120389701
make,horse,1,167,2874,0.0003479471120389701
make,cupboard,1,168,2874,0.0003479471120389701
make,sister,1,169,2874,0.0003479471120389701
make,ambulance,1,170,2874,0.0003479471120389701
make,sauce,1,171,2874,0.0003479471120389701
make,cow,1,172,2874,0.0003479471120389701
make,chicken,1,173,2874,0.0003479471120389701
make,jeffrey,1,174,2874,0.0003479471120389701
make,battery,1,175,2874,0.0003479471120389701
make,helen,1,176,2874,0.0003479471120389701
make,dragon,1,177,2874,0.0003479471120389701
make,art,1,178,2874,0.0003479471120389701
make,her,1,179,2874,0.0003479471120389701
make,bed,1,180,2874,0.0003479471120389701
make,pj,1,181,2874,0.0003479471120389701
make,misterwilloby,1,182,2874,0.0003479471120389701
make,pg,1,183,2874,0.0003479471120389701
make,kisse,1,184,2874,0.0003479471120389701
make,anthony,1,185,2874,0.0003479471120389701
make,size,1,186,2874,0.0003479471120389701
make,way,1,187,2874,0.0003479471120389701
make,peter,1,188,2874,0.0003479471120389701
make,store,1,189,2874,0.0003479471120389701
make,car,1,190,2874,0.0003479471120389701
make,some,1,191,2874,0.0003479471120389701
make,matt,1,192,2874,0.0003479471120389701
make,farmer,1,193,2874,0.0003479471120389701
make,jon,1,194,2874,0.0003479471120389701
eat,he,913,1,2552,0.3577586206896552
eat,you,808,2,2552,0.3166144200626959
eat,i,212,3,2552,0.08307210031347963
eat,we,116,4,2552,0.045454545454545456
eat,caterpillar,94,5,2552,0.03683385579937304
eat,they,89,6,2552,0.03487460815047022
eat,she,70,7,2552,0.0274294670846395
eat,who,25,8,2552,0.009796238244514107
eat,chi,13,9,2552,0.005094043887147335
eat,it,12,10,2552,0.004702194357366771
eat,that,8,11,2552,0.003134796238244514
eat,animal,8,12,2552,0.003134796238244514
eat,somebody,7,13,2552,0.00274294670846395
eat,monster,5,14,2552,0.001959247648902821
eat,bird,5,15,2552,0.001959247648902821
eat,person,5,16,2552,0.001959247648902821
eat,dinosaur,5,17,2552,0.001959247648902821
eat,cow,4,18,2552,0.001567398119122257
eat,cat,4,19,2552,0.001567398119122257
eat,what,4,20,2552,0.001567398119122257
eat,dog,4,21,2552,0.001567398119122257
eat,daddy,3,22,2552,0.0011755485893416929
eat,duck,3,23,2552,0.0011755485893416929
eat,mommy,3,24,2552,0.0011755485893416929
eat,seahorse,3,25,2552,0.0011755485893416929
eat,honey,3,26,2552,0.0011755485893416929
eat,bill,3,27,2552,0.0011755485893416929
eat,lion,3,28,2552,0.0011755485893416929
eat,horse,3,29,2552,0.0011755485893416929
eat,bear,3,30,2552,0.0011755485893416929
eat,mouse,2,31,2552,0.0007836990595611285
eat,everybody,2,32,2552,0.0007836990595611285
eat,anyone,2,33,2552,0.0007836990595611285
eat,kid,2,34,2552,0.0007836990595611285
eat,the,2,35,2552,0.0007836990595611285
eat,this,2,36,2552,0.0007836990595611285
eat,one,2,37,2552,0.0007836990595611285
eat,baby,2,38,2552,0.0007836990595611285
eat,fish,2,39,2552,0.0007836990595611285
eat,dad,2,40,2552,0.0007836990595611285
eat,bro,2,41,2552,0.0007836990595611285
eat,snail,2,42,2552,0.0007836990595611285
eat,giant,2,43,2552,0.0007836990595611285
eat,nobody,2,44,2552,0.0007836990595611285
eat,fox,2,45,2552,0.0007836990595611285
eat,woman,2,46,2552,0.0007836990595611285
eat,purdie,2,47,2552,0.0007836990595611285
eat,julie,2,48,2552,0.0007836990595611285
eat,sal,2,49,2552,0.0007836990595611285
eat,elephant,2,50,2552,0.0007836990595611285
eat,laura,1,51,2552,0.00039184952978056425
eat,jwww,1,52,2552,0.00039184952978056425
eat,husband,1,53,2552,0.00039184952978056425
eat,seal,1,54,2552,0.00039184952978056425
eat,sarah,1,55,2552,0.00039184952978056425
eat,bradley,1,56,2552,0.00039184952978056425
eat,uncle,1,57,2552,0.00039184952978056425
eat,worm,1,58,2552,0.00039184952978056425
eat,three,1,59,2552,0.00039184952978056425
eat,kind,1,60,2552,0.00039184952978056425
eat,bug,1,61,2552,0.00039184952978056425
eat,turkey,1,62,2552,0.00039184952978056425
eat,momma,1,63,2552,0.00039184952978056425
eat,corn,1,64,2552,0.00039184952978056425
eat,ryan,1,65,2552,0.00039184952978056425
eat,youse,1,66,2552,0.00039184952978056425
eat,grammy,1,67,2552,0.00039184952978056425
eat,shark,1,68,2552,0.00039184952978056425
eat,tarci,1,69,2552,0.00039184952978056425
eat,nicky,1,70,2552,0.00039184952978056425
eat,youall,1,71,2552,0.00039184952978056425
eat,hansel,1,72,2552,0.00039184952978056425
eat,groundhog,1,73,2552,0.00039184952978056425
eat,skunk,1,74,2552,0.00039184952978056425
eat,bunny,1,75,2552,0.00039184952978056425
eat,zzz,1,76,2552,0.00039184952978056425
eat,grover,1,77,2552,0.00039184952978056425
eat,penguin,1,78,2552,0.00039184952978056425
eat,mom,1,79,2552,0.00039184952978056425
eat,someone,1,80,2552,0.00039184952978056425
eat,kelly,1,81,2552,0.00039184952978056425
eat,dan,1,82,2552,0.00039184952978056425
eat,everything,1,83,2552,0.00039184952978056425
eat,thing,1,84,2552,0.00039184952978056425
eat,kathy,1,85,2552,0.00039184952978056425
eat,inorderto,1,86,2552,0.00039184952978056425
eat,dragon,1,87,2552,0.00039184952978056425
eat,abe,1,88,2552,0.00039184952978056425
eat,marky,1,89,2552,0.00039184952978056425
eat,flower,1,90,2552,0.00039184952978056425
eat,floor,1,91,2552,0.00039184952978056425
eat,scorpion,1,92,2552,0.00039184952978056425
eat,conor,1,93,2552,0.00039184952978056425
eat,none,1,94,2552,0.00039184952978056425
eat,paddy,1,95,2552,0.00039184952978056425
eat,crocodile,1,96,2552,0.00039184952978056425
eat,man,1,97,2552,0.00039184952978056425
eat,mum,1,98,2552,0.00039184952978056425
eat,thomas,1,99,2552,0.00039184952978056425
eat,nothing,1,100,2552,0.00039184952978056425
eat,slug,1,101,2552,0.00039184952978056425
eat,white,1,102,2552,0.00039184952978056425
eat,nemo,1,103,2552,0.00039184952978056425
eat,bet,1,104,2552,0.00039184952978056425
eat,gorilla,1,105,2552,0.00039184952978056425
eat,mommie,1,106,2552,0.00039184952978056425
eat,everyone,1,107,2552,0.00039184952978056425
eat,useta,1,108,2552,0.00039184952978056425
eat,squirrel,1,109,2552,0.00039184952978056425
eat,monkie,1,110,2552,0.00039184952978056425
eat,nan,1,111,2552,0.00039184952978056425
eat,sister,1,112,2552,0.00039184952978056425
eat,snoopy,1,113,2552,0.00039184952978056425
eat,cookiemonster,1,114,2552,0.00039184952978056425
eat,hand,1,115,2552,0.00039184952978056425
eat,cullin,1,116,2552,0.00039184952978056425
eat,goldilocks,1,117,2552,0.00039184952978056425
eat,pj,1,118,2552,0.00039184952978056425
eat,son,1,119,2552,0.00039184952978056425
eat,name,1,120,2552,0.00039184952978056425
eat,cookie,1,121,2552,0.00039184952978056425
eat,employee,1,122,2552,0.00039184952978056425
eat,giraffe,1,123,2552,0.00039184952978056425
eat,dixie,1,124,2552,0.00039184952978056425
play,you,1289,1,2301,0.5601912212081703
play,we,366,2,2301,0.1590612777053455
play,i,112,3,2301,0.048674489352455455
play,he,112,4,2301,0.048674489352455455
play,they,96,5,2301,0.041720990873533245
play,she,67,6,2301,0.029117774880486745
play,who,48,7,2301,0.020860495436766623
play,kid,24,8,2301,0.010430247718383311
play,it,18,9,2301,0.007822685788787484
play,person,11,10,2301,0.0047805302042590175
play,that,9,11,2301,0.003911342894393742
play,guy,8,12,2301,0.003476749239461104
play,tom,8,13,2301,0.003476749239461104
play,boy,7,14,2301,0.003042155584528466
play,mom,7,15,2301,0.003042155584528466
play,girl,5,16,2301,0.0021729682746631897
play,one,4,17,2301,0.001738374619730552
play,child,4,18,2301,0.001738374619730552
play,chi,4,19,2301,0.001738374619730552
play,baby,4,20,2301,0.001738374619730552
play,paul,3,21,2301,0.001303780964797914
play,daddy,3,22,2301,0.001303780964797914
play,all,3,23,2301,0.001303780964797914
play,ryan,3,24,2301,0.001303780964797914
play,sophie,3,25,2301,0.001303780964797914
play,what,3,26,2301,0.001303780964797914
play,man,2,27,2301,0.000869187309865276
play,adam,2,28,2301,0.000869187309865276
play,nobody,2,29,2301,0.000869187309865276
play,anybody,2,30,2301,0.000869187309865276
play,firstname,2,31,2301,0.000869187309865276
play,johnny,2,32,2301,0.000869187309865276
play,mummy,2,33,2301,0.000869187309865276
play,lot,2,34,2301,0.000869187309865276
play,andrew,2,35,2301,0.000869187309865276
play,no–one,1,36,2301,0.000434593654932638
play,tape,1,37,2301,0.000434593654932638
play,diandra,1,38,2301,0.000434593654932638
play,patty,1,39,2301,0.000434593654932638
play,mark,1,40,2301,0.000434593654932638
play,sarah,1,41,2301,0.000434593654932638
play,jacob,1,42,2301,0.000434593654932638
play,mommy,1,43,2301,0.000434593654932638
play,adult,1,44,2301,0.000434593654932638
play,everybody,1,45,2301,0.000434593654932638
play,jenny,1,46,2301,0.000434593654932638
play,jennifer,1,47,2301,0.000434593654932638
play,janet,1,48,2301,0.000434593654932638
play,cat,1,49,2301,0.000434593654932638
play,grandson,1,50,2301,0.000434593654932638
play,reindeer,1,51,2301,0.000434593654932638
play,rudolf,1,52,2301,0.000434593654932638
play,train,1,53,2301,0.000434593654932638
play,another,1,54,2301,0.000434593654932638
play,kim,1,55,2301,0.000434593654932638
play,jasonhas,1,56,2301,0.000434593654932638
play,larry,1,57,2301,0.000434593654932638
play,sox,1,58,2301,0.000434593654932638
play,cinderella,1,59,2301,0.000434593654932638
play,doll,1,60,2301,0.000434593654932638
play,soldier,1,61,2301,0.000434593654932638
play,betty,1,62,2301,0.000434593654932638
play,jason,1,63,2301,0.000434593654932638
play,nicky,1,64,2301,0.000434593654932638
play,game,1,65,2301,0.000434593654932638
play,brian,1,66,2301,0.000434593654932638
play,rockstar,1,67,2301,0.000434593654932638
play,monster,1,68,2301,0.000434593654932638
play,matthew,1,69,2301,0.000434593654932638
play,jack,1,70,2301,0.000434593654932638
play,bill,1,71,2301,0.000434593654932638
play,jess,1,72,2301,0.000434593654932638
play,isobel,1,73,2301,0.000434593654932638
play,grandad,1,74,2301,0.000434593654932638
play,thomas,1,75,2301,0.000434593654932638
play,piano,1,76,2301,0.000434593654932638
play,police,1,77,2301,0.000434593654932638
play,watch,1,78,2301,0.000434593654932638
play,nativity,1,79,2301,0.000434593654932638
play,useta,1,80,2301,0.000434593654932638
play,both,1,81,2301,0.000434593654932638
play,tubbies,1,82,2301,0.000434593654932638
play,harry,1,83,2301,0.000434593654932638
play,alot,1,84,2301,0.000434593654932638
play,jamie,1,85,2301,0.000434593654932638
play,your,1,86,2301,0.000434593654932638
play,name,1,87,2301,0.000434593654932638
play,sister,1,88,2301,0.000434593654932638
play,some,1,89,2301,0.000434593654932638
play,grandma,1,90,2301,0.000434593654932638
play,somebody,1,91,2301,0.000434593654932638
play,animal,1,92,2301,0.000434593654932638
play,kitten,1,93,2301,0.000434593654932638
play,kitty,1,94,2301,0.000434593654932638
play,someone,1,95,2301,0.000434593654932638
play,bobby,1,96,2301,0.000434593654932638
play,eddy,1,97,2301,0.000434593654932638
take,you,620,1,1957,0.3168114460909555
take,i,373,2,1957,0.19059785385794584
take,we,220,3,1957,0.11241696474195197
take,she,132,4,1957,0.06745017884517118
take,he,115,5,1957,0.058763413387838526
take,they,83,6,1957,0.04241185487991824
take,it,80,7,1957,0.040878896269800714
take,who,31,8,1957,0.015840572304547777
take,daddy,29,9,1957,0.01481859989780276
take,that,21,10,1957,0.010730710270822688
take,mom,14,11,1957,0.007153806847215125
take,person,10,12,1957,0.005109862033725089
take,somebody,7,13,1957,0.0035769034236075624
take,man,7,14,1957,0.0035769034236075624
take,bro,5,15,1957,0.0025549310168625446
take,bill,5,16,1957,0.0025549310168625446
take,mummy,5,17,1957,0.0025549310168625446
take,what,4,18,1957,0.002043944813490036
take,mum,4,19,1957,0.002043944813490036
take,nelligan,4,20,1957,0.002043944813490036
take,paul,3,21,1957,0.0015329586101175269
take,baby,3,22,1957,0.0015329586101175269
take,mother,3,23,1957,0.0015329586101175269
take,firstname,3,24,1957,0.0015329586101175269
take,mommy,3,25,1957,0.0015329586101175269
take,cat,3,26,1957,0.0015329586101175269
take,bear,3,27,1957,0.0015329586101175269
take,dog,3,28,1957,0.0015329586101175269
take,mama,3,29,1957,0.0015329586101175269
take,kid,3,30,1957,0.0015329586101175269
take,dad,3,31,1957,0.0015329586101175269
take,police,3,32,1957,0.0015329586101175269
take,truck,3,33,1957,0.0015329586101175269
take,suki,3,34,1957,0.0015329586101175269
take,someone,2,35,1957,0.001021972406745018
take,uncle,2,36,1957,0.001021972406745018
take,world,2,37,1957,0.001021972406745018
take,nana,2,38,1957,0.001021972406745018
take,hasta,2,39,1957,0.001021972406745018
take,six,2,40,1957,0.001021972406745018
take,boy,2,41,1957,0.001021972406745018
take,hansel,2,42,1957,0.001021972406745018
take,airplane,2,43,1957,0.001021972406745018
take,guy,2,44,1957,0.001021972406745018
take,dope,2,45,1957,0.001021972406745018
take,tummy,2,46,1957,0.001021972406745018
take,your,2,47,1957,0.001021972406745018
take,maggie,2,48,1957,0.001021972406745018
take,cathy,2,49,1957,0.001021972406745018
take,needta,2,50,1957,0.001021972406745018
take,purdie,2,51,1957,0.001021972406745018
take,thomas,2,52,1957,0.001021972406745018
take,teacher,2,53,1957,0.001021972406745018
take,player,2,54,1957,0.001021972406745018
take,family,2,55,1957,0.001021972406745018
take,artichoke,1,56,1957,0.000510986203372509
take,fifteen,1,57,1957,0.000510986203372509
take,bull,1,58,1957,0.000510986203372509
take,nurse,1,59,1957,0.000510986203372509
take,ursula,1,60,1957,0.000510986203372509
take,sarah,1,61,1957,0.000510986203372509
take,cousin,1,62,1957,0.000510986203372509
take,modesty,1,63,1957,0.000510986203372509
take,lorraine,1,64,1957,0.000510986203372509
take,girlfriend,1,65,1957,0.000510986203372509
take,night,1,66,1957,0.000510986203372509
take,betty,1,67,1957,0.000510986203372509
take,bozo,1,68,1957,0.000510986203372509
take,judy,1,69,1957,0.000510986203372509
take,five,1,70,1957,0.000510986203372509
take,girl,1,71,1957,0.000510986203372509
take,cheryl,1,72,1957,0.000510986203372509
take,messenger,1,73,1957,0.000510986203372509
take,peter,1,74,1957,0.000510986203372509
take,frosty,1,75,1957,0.000510986203372509
take,gryphon,1,76,1957,0.000510986203372509
take,marie,1,77,1957,0.000510986203372509
take,anna,1,78,1957,0.000510986203372509
take,sabato,1,79,1957,0.000510986203372509
take,tanya,1,80,1957,0.000510986203372509
take,minnie,1,81,1957,0.000510986203372509
take,imagination,1,82,1957,0.000510986203372509
take,mickey,1,83,1957,0.000510986203372509
take,mrs,1,84,1957,0.000510986203372509
take,pascal,1,85,1957,0.000510986203372509
take,christopher,1,86,1957,0.000510986203372509
take,sister,1,87,1957,0.000510986203372509
take,grizzly,1,88,1957,0.000510986203372509
take,broom,1,89,1957,0.000510986203372509
take,parrot,1,90,1957,0.000510986203372509
take,piggy,1,91,1957,0.000510986203372509
take,ma,1,92,1957,0.000510986203372509
take,good,1,93,1957,0.000510986203372509
take,father,1,94,1957,0.000510986203372509
take,chi,1,95,1957,0.000510986203372509
take,grandma,1,96,1957,0.000510986203372509
take,everyone,1,97,1957,0.000510986203372509
take,chopwood,1,98,1957,0.000510986203372509
take,four,1,99,1957,0.000510986203372509
take,aspirin,1,100,1957,0.000510986203372509
take,marky,1,101,1957,0.000510986203372509
take,pig,1,102,1957,0.000510986203372509
take,carrot,1,103,1957,0.000510986203372509
take,emma,1,104,1957,0.000510986203372509
take,babysitter,1,105,1957,0.000510986203372509
take,hafta,1,106,1957,0.000510986203372509
take,dentist,1,107,1957,0.000510986203372509
take,mummie,1,108,1957,0.000510986203372509
take,aunty,1,109,1957,0.000510986203372509
take,granny,1,110,1957,0.000510986203372509
take,one,1,111,1957,0.000510986203372509
take,matthew,1,112,1957,0.000510986203372509
take,ankle,1,113,1957,0.000510986203372509
take,kathryn,1,114,1957,0.000510986203372509
take,grannykenny,1,115,1957,0.000510986203372509
take,mouse,1,116,1957,0.000510986203372509
take,monkey,1,117,1957,0.000510986203372509
take,helicopter,1,118,1957,0.000510986203372509
take,driver,1,119,1957,0.000510986203372509
take,microphoning,1,120,1957,0.000510986203372509
take,steadyeddie,1,121,1957,0.000510986203372509
take,van,1,122,1957,0.000510986203372509
take,everybody,1,123,1957,0.000510986203372509
take,anyone,1,124,1957,0.000510986203372509
take,anybody,1,125,1957,0.000510986203372509
take,shop,1,126,1957,0.000510986203372509
take,ayisha,1,127,1957,0.000510986203372509
take,sixteen,1,128,1957,0.000510986203372509
take,this,1,129,1957,0.000510986203372509
take,hat,1,130,1957,0.000510986203372509
take,bonnie,1,131,1957,0.000510986203372509
take,kate,1,132,1957,0.000510986203372509
take,workmen,1,133,1957,0.000510986203372509
take,ambulance,1,134,1957,0.000510986203372509
take,lady,1,135,1957,0.000510986203372509
take,cord,1,136,1957,0.000510986203372509
take,which,1,137,1957,0.000510986203372509
take,brother,1,138,1957,0.000510986203372509
take,grandpa,1,139,1957,0.000510986203372509
take,firefighter,1,140,1957,0.000510986203372509
take,a,1,141,1957,0.000510986203372509
take,animal,1,142,1957,0.000510986203372509
take,grant,1,143,1957,0.000510986203372509
take,edw,1,144,1957,0.000510986203372509
take,cullin,1,145,1957,0.000510986203372509
take,josh,1,146,1957,0.000510986203372509
take,card,1,147,1957,0.000510986203372509
take,bus,1,148,1957,0.000510986203372509
take,plane,1,149,1957,0.000510986203372509
take,clifford,1,150,1957,0.000510986203372509
take,rabbit,1,151,1957,0.000510986203372509
take,anthony,1,152,1957,0.000510986203372509
take,small,1,153,1957,0.000510986203372509
take,let,1,154,1957,0.000510986203372509
take,boat,1,155,1957,0.000510986203372509
take,ernie,1,156,1957,0.000510986203372509
take,gregory,1,157,1957,0.000510986203372509
take,policeman,1,158,1957,0.000510986203372509
take,all,1,159,1957,0.000510986203372509
happen,what,1525,1,1778,0.8577052868391452
happen,that,141,2,1778,0.07930258717660292
happen,it,32,3,1778,0.01799775028121485
happen,something,23,4,1778,0.012935883014623173
happen,this,9,5,1778,0.005061867266591676
happen,nothing,8,6,1778,0.0044994375703037125
happen,thing,6,7,1778,0.003374578177727784
happen,anything,4,8,1778,0.0022497187851518562
happen,sposta,2,9,1778,0.0011248593925759281
happen,we,2,10,1778,0.0011248593925759281
happen,you,2,11,1778,0.0011248593925759281
happen,sort,2,12,1778,0.0011248593925759281
happen,i,2,13,1778,0.0011248593925759281
happen,they,2,14,1778,0.0011248593925759281
happen,everything,1,15,1778,0.0005624296962879641
happen,rebel,1,16,1778,0.0005624296962879641
happen,eve,1,17,1778,0.0005624296962879641
happen,who,1,18,1778,0.0005624296962879641
happen,friend,1,19,1778,0.0005624296962879641
happen,abe,1,20,1778,0.0005624296962879641
happen,one,1,21,1778,0.0005624296962879641
happen,stuff,1,22,1778,0.0005624296962879641
happen,her,1,23,1778,0.0005624296962879641
happen,he,1,24,1778,0.0005624296962879641
happen,incident,1,25,1778,0.0005624296962879641
happen,useta,1,26,1778,0.0005624296962879641
happen,which,1,27,1778,0.0005624296962879641
happen,lot,1,28,1778,0.0005624296962879641
happen,mat,1,29,1778,0.0005624296962879641
happen,mec,1,30,1778,0.0005624296962879641
happen,mouse,1,31,1778,0.0005624296962879641
happen,guy,1,32,1778,0.0005624296962879641
need,you,524,1,1648,0.3179611650485437
need,we,344,2,1648,0.2087378640776699
need,i,307,3,1648,0.1862864077669903
need,he,109,4,1648,0.06614077669902912
need,they,91,5,1648,0.05521844660194175
need,it,61,6,1648,0.037014563106796114
need,she,51,7,1648,0.030946601941747573
need,that,21,8,1648,0.012742718446601941
need,man,8,9,1648,0.0048543689320388345
need,baby,6,10,1648,0.0036407766990291263
need,person,6,11,1648,0.0036407766990291263
need,this,5,12,1648,0.003033980582524272
need,somebody,5,13,1648,0.003033980582524272
need,someone,5,14,1648,0.003033980582524272
need,who,4,15,1648,0.0024271844660194173
need,mom,4,16,1648,0.0024271844660194173
need,nose,3,17,1648,0.0018203883495145632
need,child,3,18,1648,0.0018203883495145632
need,one,3,19,1648,0.0018203883495145632
need,daddy,3,20,1648,0.0018203883495145632
need,mommy,2,21,1648,0.0012135922330097086
need,car,2,22,1648,0.0012135922330097086
need,all,2,23,1648,0.0012135922330097086
need,anyone,2,24,1648,0.0012135922330097086
need,bottle,2,25,1648,0.0012135922330097086
need,farmer,2,26,1648,0.0012135922330097086
need,neck,2,27,1648,0.0012135922330097086
need,doctor,2,28,1648,0.0012135922330097086
need,ambulance,2,29,1648,0.0012135922330097086
need,firetruck,2,30,1648,0.0012135922330097086
need,firemen,2,31,1648,0.0012135922330097086
need,what,2,32,1648,0.0012135922330097086
need,policeman,2,33,1648,0.0012135922330097086
need,helen,2,34,1648,0.0012135922330097086
need,mouth,2,35,1648,0.0012135922330097086
need,danny,1,36,1648,0.0006067961165048543
need,laura,1,37,1648,0.0006067961165048543
need,paul,1,38,1648,0.0006067961165048543
need,airplane,1,39,1648,0.0006067961165048543
need,nurse,1,40,1648,0.0006067961165048543
need,donny,1,41,1648,0.0006067961165048543
need,playdoh,1,42,1648,0.0006067961165048543
need,state,1,43,1648,0.0006067961165048543
need,hair,1,44,1648,0.0006067961165048543
need,kitten,1,45,1648,0.0006067961165048543
need,anybody,1,46,1648,0.0006067961165048543
need,chili,1,47,1648,0.0006067961165048543
need,marky,1,48,1648,0.0006067961165048543
need,tooth,1,49,1648,0.0006067961165048543
need,sister,1,50,1648,0.0006067961165048543
need,puppy,1,51,1648,0.0006067961165048543
need,dinosaur,1,52,1648,0.0006067961165048543
need,abraham,1,53,1648,0.0006067961165048543
need,graveyard,1,54,1648,0.0006067961165048543
need,cathy,1,55,1648,0.0006067961165048543
need,purdie,1,56,1648,0.0006067961165048543
need,shop,1,57,1648,0.0006067961165048543
need,which,1,58,1648,0.0006067961165048543
need,teddy,1,59,1648,0.0006067961165048543
need,mummy,1,60,1648,0.0006067961165048543
need,shed,1,61,1648,0.0006067961165048543
need,eddie,1,62,1648,0.0006067961165048543
need,van,1,63,1648,0.0006067961165048543
need,hand,1,64,1648,0.0006067961165048543
need,cream,1,65,1648,0.0006067961165048543
need,scoop,1,66,1648,0.0006067961165048543
need,buffer,1,67,1648,0.0006067961165048543
need,battery,1,68,1648,0.0006067961165048543
need,set,1,69,1648,0.0006067961165048543
need,wendy,1,70,1648,0.0006067961165048543
need,jeannine,1,71,1648,0.0006067961165048543
need,cat,1,72,1648,0.0006067961165048543
need,microphone,1,73,1648,0.0006067961165048543
need,done,1,74,1648,0.0006067961165048543
need,boy,1,75,1648,0.0006067961165048543
need,kate,1,76,1648,0.0006067961165048543
need,night,1,77,1648,0.0006067961165048543
need,lady,1,78,1648,0.0006067961165048543
need,office,1,79,1648,0.0006067961165048543
need,room,1,80,1648,0.0006067961165048543
need,patty,1,81,1648,0.0006067961165048543
need,therese,1,82,1648,0.0006067961165048543
need,snowman,1,83,1648,0.0006067961165048543
need,uncle,1,84,1648,0.0006067961165048543
need,lisa,1,85,1648,0.0006067961165048543
need,‡,1,86,1648,0.0006067961165048543
need,grandmom,1,87,1648,0.0006067961165048543
need,incase,1,88,1648,0.0006067961165048543
need,monkey,1,89,1648,0.0006067961165048543
need,barber,1,90,1648,0.0006067961165048543
mean,you,559,1,1517,0.3684904416611734
mean,i,435,2,1517,0.2867501647989453
mean,that,210,3,1517,0.13843111404087013
mean,it,162,4,1517,0.10678971654581411
mean,he,16,5,1517,0.01054713249835201
mean,which,10,6,1517,0.0065919578114700065
mean,light,9,7,1517,0.005932762030323006
mean,this,7,8,1517,0.004614370468029005
mean,they,7,9,1517,0.004614370468029005
mean,she,6,10,1517,0.003955174686882004
mean,word,6,11,1517,0.003955174686882004
mean,time,3,12,1517,0.001977587343441002
mean,posh,3,13,1517,0.001977587343441002
mean,green,3,14,1517,0.001977587343441002
mean,birthday,2,15,1517,0.0013183915622940012
mean,silly,2,16,1517,0.0013183915622940012
mean,fold,2,17,1517,0.0013183915622940012
mean,noise,2,18,1517,0.0013183915622940012
mean,what,2,19,1517,0.0013183915622940012
mean,all,2,20,1517,0.0013183915622940012
mean,mark,2,21,1517,0.0013183915622940012
mean,one,2,22,1517,0.0013183915622940012
mean,color,2,23,1517,0.0013183915622940012
mean,headed,2,24,1517,0.0013183915622940012
mean,alarm,2,25,1517,0.0013183915622940012
mean,kind,1,26,1517,0.0006591957811470006
mean,difficult,1,27,1517,0.0006591957811470006
mean,thing,1,28,1517,0.0006591957811470006
mean,grouch,1,29,1517,0.0006591957811470006
mean,marvelous,1,30,1517,0.0006591957811470006
mean,brain,1,31,1517,0.0006591957811470006
mean,pout,1,32,1517,0.0006591957811470006
mean,three,1,33,1517,0.0006591957811470006
mean,sposta,1,34,1517,0.0006591957811470006
mean,kidnap,1,35,1517,0.0006591957811470006
mean,fresh,1,36,1517,0.0006591957811470006
mean,clobber,1,37,1517,0.0006591957811470006
mean,homely,1,38,1517,0.0006591957811470006
mean,seamstress,1,39,1517,0.0006591957811470006
mean,dollar,1,40,1517,0.0006591957811470006
mean,sign,1,41,1517,0.0006591957811470006
mean,name,1,42,1517,0.0006591957811470006
mean,zzz,1,43,1517,0.0006591957811470006
mean,message,1,44,1517,0.0006591957811470006
mean,lady,1,45,1517,0.0006591957811470006
mean,sothat,1,46,1517,0.0006591957811470006
mean,kitty,1,47,1517,0.0006591957811470006
mean,hope,1,48,1517,0.0006591957811470006
mean,grampa,1,49,1517,0.0006591957811470006
mean,salugo,1,50,1517,0.0006591957811470006
mean,cuffed,1,51,1517,0.0006591957811470006
mean,ahhah,1,52,1517,0.0006591957811470006
mean,eater,1,53,1517,0.0006591957811470006
mean,slope,1,54,1517,0.0006591957811470006
mean,knowledge,1,55,1517,0.0006591957811470006
mean,four,1,56,1517,0.0006591957811470006
mean,strain,1,57,1517,0.0006591957811470006
mean,fishy,1,58,1517,0.0006591957811470006
mean,hola,1,59,1517,0.0006591957811470006
mean,smile,1,60,1517,0.0006591957811470006
mean,worm,1,61,1517,0.0006591957811470006
mean,scorpion,1,62,1517,0.0006591957811470006
mean,shy,1,63,1517,0.0006591957811470006
mean,cathy,1,64,1517,0.0006591957811470006
mean,bear,1,65,1517,0.0006591957811470006
mean,we,1,66,1517,0.0006591957811470006
mean,mute,1,67,1517,0.0006591957811470006
mean,bashful,1,68,1517,0.0006591957811470006
mean,person,1,69,1517,0.0006591957811470006
mean,amber,1,70,1517,0.0006591957811470006
mean,assistance,1,71,1517,0.0006591957811470006
mean,access,1,72,1517,0.0006591957811470006
mean,stress,1,73,1517,0.0006591957811470006
mean,day,1,74,1517,0.0006591957811470006
mean,battery,1,75,1517,0.0006591957811470006
mean,dot,1,76,1517,0.0006591957811470006
mean,bread,1,77,1517,0.0006591957811470006
mean,red,1,78,1517,0.0006591957811470006
mean,rein,1,79,1517,0.0006591957811470006
mean,bell,1,80,1517,0.0006591957811470006
mean,bean,1,81,1517,0.0006591957811470006
mean,clifford,1,82,1517,0.0006591957811470006
mean,yellow,1,83,1517,0.0006591957811470006
mean,late,1,84,1517,0.0006591957811470006
find,you,475,1,1325,0.3584905660377358
find,i,322,2,1325,0.24301886792452831
find,we,214,3,1325,0.16150943396226414
find,he,109,4,1325,0.08226415094339623
find,bear,57,5,1325,0.0430188679245283
find,they,39,6,1325,0.02943396226415094
find,she,28,7,1325,0.021132075471698115
find,baby,13,8,1325,0.009811320754716982
find,it,7,9,1325,0.005283018867924529
find,youngster,3,10,1325,0.0022641509433962265
find,who,3,11,1325,0.0022641509433962265
find,moon,3,12,1325,0.0022641509433962265
find,daddy,2,13,1325,0.0015094339622641509
find,anybody,2,14,1325,0.0015094339622641509
find,nobody,2,15,1325,0.0015094339622641509
find,mickey,2,16,1325,0.0015094339622641509
find,jill,2,17,1325,0.0015094339622641509
find,man,2,18,1325,0.0015094339622641509
find,boy,2,19,1325,0.0015094339622641509
find,mummy,2,20,1325,0.0015094339622641509
find,guy,2,21,1325,0.0015094339622641509
find,laura,1,22,1325,0.0007547169811320754
find,sarah,1,23,1325,0.0007547169811320754
find,elana,1,24,1325,0.0007547169811320754
find,husband,1,25,1325,0.0007547169811320754
find,lizard,1,26,1325,0.0007547169811320754
find,jack,1,27,1325,0.0007547169811320754
find,king,1,28,1325,0.0007547169811320754
find,monster,1,29,1325,0.0007547169811320754
find,fang,1,30,1325,0.0007547169811320754
find,sally,1,31,1325,0.0007547169811320754
find,billy,1,32,1325,0.0007547169811320754
find,alice,1,33,1325,0.0007547169811320754
find,somebody,1,34,1325,0.0007547169811320754
find,raggedy,1,35,1325,0.0007547169811320754
find,explorer,1,36,1325,0.0007547169811320754
find,kitty,1,37,1325,0.0007547169811320754
find,chi,1,38,1325,0.0007547169811320754
find,carol,1,39,1325,0.0007547169811320754
find,mother,1,40,1325,0.0007547169811320754
find,sophie,1,41,1325,0.0007547169811320754
find,steadyeddie,1,42,1325,0.0007547169811320754
find,bird,1,43,1325,0.0007547169811320754
find,zebra,1,44,1325,0.0007547169811320754
find,prince,1,45,1325,0.0007547169811320754
find,video,1,46,1325,0.0007547169811320754
find,kate,1,47,1325,0.0007547169811320754
find,betcha,1,48,1325,0.0007547169811320754
find,rabbit,1,49,1325,0.0007547169811320754
find,bunny,1,50,1325,0.0007547169811320754
find,peter,1,51,1325,0.0007547169811320754
find,cat,1,52,1325,0.0007547169811320754
find,zzz,1,53,1325,0.0007547169811320754
find,mommy,1,54,1325,0.0007547169811320754
find,mammy,1,55,1325,0.0007547169811320754
remember,you,941,1,1299,0.7244033872209392
remember,i,286,2,1299,0.2201693610469592
remember,we,12,3,1299,0.009237875288683603
remember,he,11,4,1299,0.008468052347959968
remember,she,7,5,1299,0.005388760585065435
remember,that,3,6,1299,0.0023094688221709007
remember,one,3,7,1299,0.0023094688221709007
remember,they,3,8,1299,0.0023094688221709007
remember,chi,3,9,1299,0.0023094688221709007
remember,it,2,10,1299,0.001539645881447267
remember,matty,2,11,1299,0.001539645881447267
remember,saturday,2,12,1299,0.001539645881447267
remember,arlo,1,13,1299,0.0007698229407236335
remember,daddy,1,14,1299,0.0007698229407236335
remember,haddock,1,15,1299,0.0007698229407236335
remember,tanya,1,16,1299,0.0007698229407236335
remember,what,1,17,1299,0.0007698229407236335
remember,gonzo,1,18,1299,0.0007698229407236335
remember,piggy,1,19,1299,0.0007698229407236335
remember,dana,1,20,1299,0.0007698229407236335
remember,fat,1,21,1299,0.0007698229407236335
remember,sis,1,22,1299,0.0007698229407236335
remember,man,1,23,1299,0.0007698229407236335
remember,salugo,1,24,1299,0.0007698229407236335
remember,nomi,1,25,1299,0.0007698229407236335
remember,bill,1,26,1299,0.0007698229407236335
remember,cathy,1,27,1299,0.0007698229407236335
remember,hafta,1,28,1299,0.0007698229407236335
remember,boy,1,29,1299,0.0007698229407236335
remember,youall,1,30,1299,0.0007698229407236335
remember,china,1,31,1299,0.0007698229407236335
remember,thomas,1,32,1299,0.0007698229407236335
remember,howard,1,33,1299,0.0007698229407236335
remember,mouth,1,34,1299,0.0007698229407236335
remember,kieran,1,35,1299,0.0007698229407236335
remember,huh,1,36,1299,0.0007698229407236335
give,you,302,1,1056,0.2859848484848485
give,i,293,2,1056,0.2774621212121212
give,we,92,3,1056,0.08712121212121213
give,they,61,4,1056,0.05776515151515151
give,he,48,5,1056,0.045454545454545456
give,she,45,6,1056,0.04261363636363636
give,who,25,7,1056,0.023674242424242424
give,it,15,8,1056,0.014204545454545454
give,that,10,9,1056,0.00946969696969697
give,daddy,6,10,1056,0.005681818181818182
give,mommy,6,11,1056,0.005681818181818182
give,mrsplattford,6,12,1056,0.005681818181818182
give,man,5,13,1056,0.004734848484848485
give,guy,4,14,1056,0.003787878787878788
give,one,4,15,1056,0.003787878787878788
give,somebody,4,16,1056,0.003787878787878788
give,useta,3,17,1056,0.002840909090909091
give,mother,3,18,1056,0.002840909090909091
give,mummy,3,19,1056,0.002840909090909091
give,grandma,3,20,1056,0.002840909090909091
give,laura,2,21,1056,0.001893939393939394
give,adam,2,22,1056,0.001893939393939394
give,robin,2,23,1056,0.001893939393939394
give,grampy,2,24,1056,0.001893939393939394
give,person,2,25,1056,0.001893939393939394
give,wife,2,26,1056,0.001893939393939394
give,bunny,2,27,1056,0.001893939393939394
give,doctor,2,28,1056,0.001893939393939394
give,nurse,2,29,1056,0.001893939393939394
give,paddington,2,30,1056,0.001893939393939394
give,chi,2,31,1056,0.001893939393939394
give,mom,2,32,1056,0.001893939393939394
give,someone,2,33,1056,0.001893939393939394
give,roman,2,34,1056,0.001893939393939394
give,teacher,2,35,1056,0.001893939393939394
give,dad,2,36,1056,0.001893939393939394
give,lynne,2,37,1056,0.001893939393939394
give,nana,2,38,1056,0.001893939393939394
give,elephant,2,39,1056,0.001893939393939394
give,gramma,2,40,1056,0.001893939393939394
give,cecelia,1,41,1056,0.000946969696969697
give,diandra,1,42,1056,0.000946969696969697
give,auntie,1,43,1056,0.000946969696969697
give,ronnie,1,44,1056,0.000946969696969697
give,anyone,1,45,1056,0.000946969696969697
give,girlfriend,1,46,1056,0.000946969696969697
give,annmarie,1,47,1056,0.000946969696969697
give,sheryl,1,48,1056,0.000946969696969697
give,sarah,1,49,1056,0.000946969696969697
give,my,1,50,1056,0.000946969696969697
give,daughter,1,51,1056,0.000946969696969697
give,tricia,1,52,1056,0.000946969696969697
give,cousin,1,53,1056,0.000946969696969697
give,king,1,54,1056,0.000946969696969697
give,cinderella,1,55,1056,0.000946969696969697
give,santa,1,56,1056,0.000946969696969697
give,sally,1,57,1056,0.000946969696969697
give,sticker,1,58,1056,0.000946969696969697
give,god,1,59,1056,0.000946969696969697
give,chocolate,1,60,1056,0.000946969696969697
give,spinach,1,61,1056,0.000946969696969697
give,food,1,62,1056,0.000946969696969697
give,mamma,1,63,1056,0.000946969696969697
give,momma,1,64,1056,0.000946969696969697
give,state,1,65,1056,0.000946969696969697
give,none,1,66,1056,0.000946969696969697
give,what,1,67,1056,0.000946969696969697
give,sharon,1,68,1056,0.000946969696969697
give,minnie,1,69,1056,0.000946969696969697
give,ear,1,70,1056,0.000946969696969697
give,gretel,1,71,1056,0.000946969696969697
give,zzz,1,72,1056,0.000946969696969697
give,peter,1,73,1056,0.000946969696969697
give,uncle,1,74,1056,0.000946969696969697
give,family,1,75,1056,0.000946969696969697
give,parent,1,76,1056,0.000946969696969697
give,grannyhas,1,77,1056,0.000946969696969697
give,makeup,1,78,1056,0.000946969696969697
give,pete,1,79,1056,0.000946969696969697
give,barbara,1,80,1056,0.000946969696969697
give,chris,1,81,1056,0.000946969696969697
give,keith,1,82,1056,0.000946969696969697
give,mark,1,83,1056,0.000946969696969697
give,your,1,84,1056,0.000946969696969697
give,nobody,1,85,1056,0.000946969696969697
give,lettuce,1,86,1056,0.000946969696969697
give,kind,1,87,1056,0.000946969696969697
give,boy,1,88,1056,0.000946969696969697
give,whale,1,89,1056,0.000946969696969697
give,gillian,1,90,1056,0.000946969696969697
give,chemist,1,91,1056,0.000946969696969697
give,money,1,92,1056,0.000946969696969697
give,jennifer,1,93,1056,0.000946969696969697
give,directory,1,94,1056,0.000946969696969697
give,neil,1,95,1056,0.000946969696969697
give,machine,1,96,1056,0.000946969696969697
give,thomas,1,97,1056,0.000946969696969697
give,needta,1,98,1056,0.000946969696969697
give,lann,1,99,1056,0.000946969696969697
give,antony,1,100,1056,0.000946969696969697
give,bethany,1,101,1056,0.000946969696969697
give,holly,1,102,1056,0.000946969696969697
give,liam,1,103,1056,0.000946969696969697
give,mum,1,104,1056,0.000946969696969697
give,fta,1,105,1056,0.000946969696969697
give,auntielesley,1,106,1056,0.000946969696969697
give,jeannine,1,107,1056,0.000946969696969697
give,alligator,1,108,1056,0.000946969696969697
give,monkey,1,109,1056,0.000946969696969697
give,david,1,110,1056,0.000946969696969697
give,vet,1,111,1056,0.000946969696969697
give,lynn,1,112,1056,0.000946969696969697
give,rhino,1,113,1056,0.000946969696969697
give,lily,1,114,1056,0.000946969696969697
give,girl,1,115,1056,0.000946969696969697
give,dentist,1,116,1056,0.000946969696969697
give,celia,1,117,1056,0.000946969696969697
give,policeman,1,118,1056,0.000946969696969697
can,you,476,1,997,0.477432296890672
can,i,199,2,997,0.1995987963891675
can,we,92,3,997,0.09227683049147442
can,he,58,4,997,0.058174523570712136
can,they,38,5,997,0.03811434302908726
can,she,30,6,997,0.03009027081243731
can,it,25,7,997,0.025075225677031094
can,who,15,8,997,0.015045135406218655
can,that,8,9,997,0.00802407221664995
can,boy,4,10,997,0.004012036108324975
can,mommy,3,11,997,0.003009027081243731
can,girl,3,12,997,0.003009027081243731
can,dog,2,13,997,0.0020060180541624875
can,neither,2,14,997,0.0020060180541624875
can,this,2,15,997,0.0020060180541624875
can,one,2,16,997,0.0020060180541624875
can,month,1,17,997,0.0010030090270812437
can,daddy,1,18,997,0.0010030090270812437
can,linda,1,19,997,0.0010030090270812437
can,blueberry,1,20,997,0.0010030090270812437
can,child,1,21,997,0.0010030090270812437
can,gramma,1,22,997,0.0010030090270812437
can,grownup,1,23,997,0.0010030090270812437
can,what,1,24,997,0.0010030090270812437
can,nothing,1,25,997,0.0010030090270812437
can,cat,1,26,997,0.0010030090270812437
can,oil,1,27,997,0.0010030090270812437
can,chi,1,28,997,0.0010030090270812437
can,dad,1,29,997,0.0010030090270812437
can,imom,1,30,997,0.0010030090270812437
can,ride,1,31,997,0.0010030090270812437
can,guy,1,32,997,0.0010030090270812437
can,anything,1,33,997,0.0010030090270812437
can,jibo,1,34,997,0.0010030090270812437
can,room,1,35,997,0.0010030090270812437
can,two,1,36,997,0.0010030090270812437
can,purdie,1,37,997,0.0010030090270812437
can,centimetre,1,38,997,0.0010030090270812437
can,man,1,39,997,0.0010030090270812437
can,web,1,40,997,0.0010030090270812437
can,apple,1,41,997,0.0010030090270812437
can,depot,1,42,997,0.0010030090270812437
can,mummy,1,43,997,0.0010030090270812437
can,bridge,1,44,997,0.0010030090270812437
can,bedroom,1,45,997,0.0010030090270812437
can,shopping,1,46,997,0.0010030090270812437
can,tom,1,47,997,0.0010030090270812437
can,way,1,48,997,0.0010030090270812437
can,all,1,49,997,0.0010030090270812437
can,harry,1,50,997,0.0010030090270812437
can,back,1,51,997,0.0010030090270812437
can,boat,1,52,997,0.0010030090270812437
can,truck,1,53,997,0.0010030090270812437
can,heart,1,54,997,0.0010030090270812437
use,you,505,1,971,0.5200823892893924
use,we,150,2,971,0.15447991761071062
use,i,129,3,971,0.13285272914521112
use,they,48,4,971,0.04943357363542739
use,he,36,5,971,0.037075180226570546
use,she,13,6,971,0.013388259526261586
use,who,8,7,971,0.008238928939237899
use,it,7,8,971,0.007209062821833162
use,mommy,6,9,971,0.006179196704428424
use,person,5,10,971,0.005149330587023687
use,daddy,5,11,971,0.005149330587023687
use,fireman,4,12,971,0.004119464469618949
use,doctor,3,13,971,0.003089598352214212
use,macwhinney,3,14,971,0.003089598352214212
use,firemen,3,15,971,0.003089598352214212
use,kid,2,16,971,0.0020597322348094747
use,baby,2,17,971,0.0020597322348094747
use,hadta,2,18,971,0.0020597322348094747
use,useta,2,19,971,0.0020597322348094747
use,cheeky,1,20,971,0.0010298661174047373
use,robin,1,21,971,0.0010298661174047373
use,everyone,1,22,971,0.0010298661174047373
use,nobody,1,23,971,0.0010298661174047373
use,someone,1,24,971,0.0010298661174047373
use,that,1,25,971,0.0010298661174047373
use,house,1,26,971,0.0010298661174047373
use,hair,1,27,971,0.0010298661174047373
use,theresa,1,28,971,0.0010298661174047373
use,auntie,1,29,971,0.0010298661174047373
use,store,1,30,971,0.0010298661174047373
use,uncle,1,31,971,0.0010298661174047373
use,everything,1,32,971,0.0010298661174047373
use,honey,1,33,971,0.0010298661174047373
use,many,1,34,971,0.0010298661174047373
use,elephant,1,35,971,0.0010298661174047373
use,man,1,36,971,0.0010298661174047373
use,debbie,1,37,971,0.0010298661174047373
use,jedis,1,38,971,0.0010298661174047373
use,yoda,1,39,971,0.0010298661174047373
use,mark,1,40,971,0.0010298661174047373
use,osh,1,41,971,0.0010298661174047373
use,mom,1,42,971,0.0010298661174047373
use,parent,1,43,971,0.0010298661174047373
use,howabout,1,44,971,0.0010298661174047373
use,plane,1,45,971,0.0010298661174047373
use,mummy,1,46,971,0.0010298661174047373
use,somebody,1,47,971,0.0010298661174047373
use,biff,1,48,971,0.0010298661174047373
use,one,1,49,971,0.0010298661174047373
use,firefighter,1,50,971,0.0010298661174047373
use,teddybear,1,51,971,0.0010298661174047373
use,dad,1,52,971,0.0010298661174047373
use,bro,1,53,971,0.0010298661174047373
use,color,1,54,971,0.0010298661174047373
use,her,1,55,971,0.0010298661174047373
use,this,1,56,971,0.0010298661174047373
use,irving,1,57,971,0.0010298661174047373
sit,you,302,1,909,0.33223322332233224
sit,i,137,2,909,0.15071507150715072
sit,he,98,3,909,0.1078107810781078
sit,she,61,4,909,0.0671067106710671
sit,they,50,5,909,0.05500550055005501
sit,we,41,6,909,0.045104510451045104
sit,it,18,7,909,0.019801980198019802
sit,who,12,8,909,0.013201320132013201
sit,person,10,9,909,0.011001100110011002
sit,useta,9,10,909,0.009900990099009901
sit,man,9,11,909,0.009900990099009901
sit,chi,7,12,909,0.007700770077007701
sit,that,7,13,909,0.007700770077007701
sit,boy,5,14,909,0.005500550055005501
sit,monkey,5,15,909,0.005500550055005501
sit,everybody,4,16,909,0.0044004400440044
sit,matthew,4,17,909,0.0044004400440044
sit,bill,4,18,909,0.0044004400440044
sit,somebody,4,19,909,0.0044004400440044
sit,mummy,4,20,909,0.0044004400440044
sit,bird,3,21,909,0.0033003300330033004
sit,bear,3,22,909,0.0033003300330033004
sit,lady,3,23,909,0.0033003300330033004
sit,pg,3,24,909,0.0033003300330033004
sit,bonnie,3,25,909,0.0033003300330033004
sit,mother,2,26,909,0.0022002200220022
sit,wendy,2,27,909,0.0022002200220022
sit,humpty,2,28,909,0.0022002200220022
sit,mom,2,29,909,0.0022002200220022
sit,clown,2,30,909,0.0022002200220022
sit,peter,2,31,909,0.0022002200220022
sit,mommy,2,32,909,0.0022002200220022
sit,cathy,2,33,909,0.0022002200220022
sit,thomas,2,34,909,0.0022002200220022
sit,box,2,35,909,0.0022002200220022
sit,purdie,2,36,909,0.0022002200220022
sit,mister,2,37,909,0.0022002200220022
sit,rider,2,38,909,0.0022002200220022
sit,daddy,2,39,909,0.0022002200220022
sit,girl,2,40,909,0.0022002200220022
sit,someone,2,41,909,0.0022002200220022
sit,dog,2,42,909,0.0022002200220022
sit,cheeky,1,43,909,0.0011001100110011
sit,adam,1,44,909,0.0011001100110011
sit,melissa,1,45,909,0.0011001100110011
sit,chantilly,1,46,909,0.0011001100110011
sit,ann,1,47,909,0.0011001100110011
sit,jakey,1,48,909,0.0011001100110011
sit,theresa,1,49,909,0.0011001100110011
sit,sissy,1,50,909,0.0011001100110011
sit,titch,1,51,909,0.0011001100110011
sit,mrs,1,52,909,0.0011001100110011
sit,mr,1,53,909,0.0011001100110011
sit,pilot,1,54,909,0.0011001100110011
sit,rosamund,1,55,909,0.0011001100110011
sit,jenny,1,56,909,0.0011001100110011
sit,sweetheart,1,57,909,0.0011001100110011
sit,honey,1,58,909,0.0011001100110011
sit,johnny,1,59,909,0.0011001100110011
sit,nicky,1,60,909,0.0011001100110011
sit,crow,1,61,909,0.0011001100110011
sit,sister,1,62,909,0.0011001100110011
sit,niece,1,63,909,0.0011001100110011
sit,bubble,1,64,909,0.0011001100110011
sit,doll,1,65,909,0.0011001100110011
sit,rabbit,1,66,909,0.0011001100110011
sit,marcella,1,67,909,0.0011001100110011
sit,cal,1,68,909,0.0011001100110011
sit,winnie,1,69,909,0.0011001100110011
sit,bee,1,70,909,0.0011001100110011
sit,youall,1,71,909,0.0011001100110011
sit,hunter,1,72,909,0.0011001100110011
sit,kid,1,73,909,0.0011001100110011
sit,buddy,1,74,909,0.0011001100110011
sit,sandy,1,75,909,0.0011001100110011
sit,matty,1,76,909,0.0011001100110011
sit,maggie,1,77,909,0.0011001100110011
sit,laura,1,78,909,0.0011001100110011
sit,her,1,79,909,0.0011001100110011
sit,everyone,1,80,909,0.0011001100110011
sit,david,1,81,909,0.0011001100110011
sit,kathryn,1,82,909,0.0011001100110011
sit,duck,1,83,909,0.0011001100110011
sit,mary,1,84,909,0.0011001100110011
sit,santa,1,85,909,0.0011001100110011
sit,aeroplane,1,86,909,0.0011001100110011
sit,fireman,1,87,909,0.0011001100110011
sit,cat,1,88,909,0.0011001100110011
sit,thing,1,89,909,0.0011001100110011
sit,bob,1,90,909,0.0011001100110011
sit,dragon,1,91,909,0.0011001100110011
sit,biff,1,92,909,0.0011001100110011
sit,trampy,1,93,909,0.0011001100110011
sit,jeannine,1,94,909,0.0011001100110011
sit,shed,1,95,909,0.0011001100110011
sit,pooh,1,96,909,0.0011001100110011
sit,elephant,1,97,909,0.0011001100110011
sit,truck,1,98,909,0.0011001100110011
sit,two,1,99,909,0.0011001100110011
sit,justin,1,100,909,0.0011001100110011
sit,baby,1,101,909,0.0011001100110011
sit,goldilocks,1,102,909,0.0011001100110011
sit,husband,1,103,909,0.0011001100110011
sit,name,1,104,909,0.0011001100110011
sit,sal,1,105,909,0.0011001100110011
sit,dumpty,1,106,909,0.0011001100110011
sit,grandma,1,107,909,0.0011001100110011
sit,nobody,1,108,909,0.0011001100110011
sit,anna,1,109,909,0.0011001100110011
sit,this,1,110,909,0.0011001100110011
sit,bunch,1,111,909,0.0011001100110011
hear,i,402,1,903,0.44518272425249167
hear,you,226,2,903,0.2502768549280177
hear,we,57,3,903,0.06312292358803986
hear,he,48,4,903,0.053156146179401995
hear,she,44,5,903,0.048726467331118496
hear,they,27,6,903,0.029900332225913623
hear,it,23,7,903,0.02547065337763012
hear,person,7,8,903,0.007751937984496124
hear,taperecorder,6,9,903,0.006644518272425249
hear,daddy,6,10,903,0.006644518272425249
hear,mommy,4,11,903,0.004429678848283499
hear,microphone,4,12,903,0.004429678848283499
hear,dog,3,13,903,0.0033222591362126247
hear,everyone,3,14,903,0.0033222591362126247
hear,mom,3,15,903,0.0033222591362126247
hear,piggie,2,16,903,0.0022148394241417496
hear,few,2,17,903,0.0022148394241417496
hear,assoonas,2,18,903,0.0022148394241417496
hear,everybody,2,19,903,0.0022148394241417496
hear,ipad,2,20,903,0.0022148394241417496
hear,hasta,2,21,903,0.0022148394241417496
hear,mother,2,22,903,0.0022148394241417496
hear,laura,1,23,903,0.0011074197120708748
hear,no–one,1,24,903,0.0011074197120708748
hear,ursula,1,25,903,0.0011074197120708748
hear,mrs,1,26,903,0.0011074197120708748
hear,oliver,1,27,903,0.0011074197120708748
hear,cinderella,1,28,903,0.0011074197120708748
hear,rudolf,1,29,903,0.0011074197120708748
hear,chi,1,30,903,0.0011074197120708748
hear,all,1,31,903,0.0011074197120708748
hear,hansel,1,32,903,0.0011074197120708748
hear,cow,1,33,903,0.0011074197120708748
hear,one,1,34,903,0.0011074197120708748
hear,who,1,35,903,0.0011074197120708748
hear,god,1,36,903,0.0011074197120708748
hear,man,1,37,903,0.0011074197120708748
hear,purdie,1,38,903,0.0011074197120708748
hear,somebody,1,39,903,0.0011074197120708748
hear,biff,1,40,903,0.0011074197120708748
hear,useta,1,41,903,0.0011074197120708748
hear,lady,1,42,903,0.0011074197120708748
hear,friend,1,43,903,0.0011074197120708748
hear,name,1,44,903,0.0011074197120708748
hear,sugar,1,45,903,0.0011074197120708748
hear,recorder,1,46,903,0.0011074197120708748
hear,pg,1,47,903,0.0011074197120708748
hear,sean,1,48,903,0.0011074197120708748
start,you,207,1,874,0.23684210526315788
start,he,115,2,874,0.13157894736842105
start,story,90,3,874,0.10297482837528604
start,we,89,4,874,0.10183066361556065
start,i,71,5,874,0.08123569794050343
start,it,67,6,874,0.07665903890160183
start,that,54,7,874,0.06178489702517163
start,she,30,8,874,0.034324942791762014
start,they,25,9,874,0.028604118993135013
start,what,9,10,874,0.010297482837528604
start,one,5,11,874,0.005720823798627002
start,who,4,12,874,0.004576659038901602
start,somebody,3,13,874,0.003432494279176201
start,person,3,14,874,0.003432494279176201
start,thomas,3,15,874,0.003432494279176201
start,fire,3,16,874,0.003432494279176201
start,rush,2,17,874,0.002288329519450801
start,cat,2,18,874,0.002288329519450801
start,rain,2,19,874,0.002288329519450801
start,leaf,2,20,874,0.002288329519450801
start,sauce,2,21,874,0.002288329519450801
start,juice,2,22,874,0.002288329519450801
start,table,2,23,874,0.002288329519450801
start,vacuum,2,24,874,0.002288329519450801
start,apple,2,25,874,0.002288329519450801
start,zebra,2,26,874,0.002288329519450801
start,hasta,2,27,874,0.002288329519450801
start,kathryn,2,28,874,0.002288329519450801
start,this,2,29,874,0.002288329519450801
start,danny,1,30,874,0.0011441647597254005
start,robin,1,31,874,0.0011441647597254005
start,name,1,32,874,0.0011441647597254005
start,book,1,33,874,0.0011441647597254005
start,kent,1,34,874,0.0011441647597254005
start,sarah,1,35,874,0.0011441647597254005
start,everything,1,36,874,0.0011441647597254005
start,grampy,1,37,874,0.0011441647597254005
start,show,1,38,874,0.0011441647597254005
start,peter,1,39,874,0.0011441647597254005
start,snow,1,40,874,0.0011441647597254005
start,sun,1,41,874,0.0011441647597254005
start,gus,1,42,874,0.0011441647597254005
start,prince,1,43,874,0.0011441647597254005
start,adventure,1,44,874,0.0011441647597254005
start,trial,1,45,874,0.0011441647597254005
start,jamie,1,46,874,0.0011441647597254005
start,everybody,1,47,874,0.0011441647597254005
start,summer,1,48,874,0.0011441647597254005
start,honey,1,49,874,0.0011441647597254005
start,butterfly,1,50,874,0.0011441647597254005
start,raggedy,1,51,874,0.0011441647597254005
start,brother,1,52,874,0.0011441647597254005
start,papa,1,53,874,0.0011441647597254005
start,chi,1,54,874,0.0011441647597254005
start,oven,1,55,874,0.0011441647597254005
start,freddy,1,56,874,0.0011441647597254005
start,swim,1,57,874,0.0011441647597254005
start,air,1,58,874,0.0011441647597254005
start,guy,1,59,874,0.0011441647597254005
start,color,1,60,874,0.0011441647597254005
start,ice,1,61,874,0.0011441647597254005
start,letter,1,62,874,0.0011441647597254005
start,nose,1,63,874,0.0011441647597254005
start,duck,1,64,874,0.0011441647597254005
start,fish,1,65,874,0.0011441647597254005
start,key,1,66,874,0.0011441647597254005
start,orange,1,67,874,0.0011441647597254005
start,plate,1,68,874,0.0011441647597254005
start,red,1,69,874,0.0011441647597254005
start,spider,1,70,874,0.0011441647597254005
start,umbrella,1,71,874,0.0011441647597254005
start,watch,1,72,874,0.0011441647597254005
start,yogurt,1,73,874,0.0011441647597254005
start,word,1,74,874,0.0011441647597254005
start,cookie,1,75,874,0.0011441647597254005
start,baby,1,76,874,0.0011441647597254005
start,card,1,77,874,0.0011441647597254005
start,weight,1,78,874,0.0011441647597254005
start,woman,1,79,874,0.0011441647597254005
start,man,1,80,874,0.0011441647597254005
start,mary,1,81,874,0.0011441647597254005
start,hair,1,82,874,0.0011441647597254005
start,school,1,83,874,0.0011441647597254005
start,spicey,1,84,874,0.0011441647597254005
start,everyone,1,85,874,0.0011441647597254005
start,party,1,86,874,0.0011441647597254005
start,teletubby,1,87,874,0.0011441647597254005
start,someone,1,88,874,0.0011441647597254005
start,noise,1,89,874,0.0011441647597254005
start,matthew,1,90,874,0.0011441647597254005
start,term,1,91,874,0.0011441647597254005
start,tummy,1,92,874,0.0011441647597254005
start,shift,1,93,874,0.0011441647597254005
start,building,1,94,874,0.0011441647597254005
start,darren,1,95,874,0.0011441647597254005
start,bell,1,96,874,0.0011441647597254005
start,harry,1,97,874,0.0011441647597254005
start,auto,1,98,874,0.0011441647597254005
start,circus,1,99,874,0.0011441647597254005
fall,he,161,1,874,0.18421052631578946
fall,it,117,2,874,0.13386727688787187
fall,you,84,3,874,0.09610983981693363
fall,they,83,4,874,0.09496567505720824
fall,she,62,5,874,0.07093821510297482
fall,who,41,6,874,0.04691075514874142
fall,that,19,7,874,0.021739130434782608
fall,one,17,8,874,0.019450800915331808
fall,i,14,9,874,0.016018306636155607
fall,what,9,10,874,0.010297482837528604
fall,policeman,8,11,874,0.009153318077803204
fall,something,7,12,874,0.008009153318077803
fall,everything,7,13,874,0.008009153318077803
fall,daddy,6,14,874,0.006864988558352402
fall,tree,5,15,874,0.005720823798627002
fall,sky,5,16,874,0.005720823798627002
fall,person,5,17,874,0.005720823798627002
fall,door,5,18,874,0.005720823798627002
fall,car,4,19,874,0.004576659038901602
fall,boy,4,20,874,0.004576659038901602
fall,piece,4,21,874,0.004576659038901602
fall,dog,4,22,874,0.004576659038901602
fall,tooth,4,23,874,0.004576659038901602
fall,my,4,24,874,0.004576659038901602
fall,all,4,25,874,0.004576659038901602
fall,blanket,4,26,874,0.004576659038901602
fall,roof,4,27,874,0.004576659038901602
fall,cat,3,28,874,0.003432494279176201
fall,we,3,29,874,0.003432494279176201
fall,wall,3,30,874,0.003432494279176201
fall,this,3,31,874,0.003432494279176201
fall,thing,3,32,874,0.003432494279176201
fall,lot,3,33,874,0.003432494279176201
fall,man,3,34,874,0.003432494279176201
fall,oop,3,35,874,0.003432494279176201
fall,baby,3,36,874,0.003432494279176201
fall,cup,2,37,874,0.002288329519450801
fall,shoe,2,38,874,0.002288329519450801
fall,leave,2,39,874,0.002288329519450801
fall,whistle,2,40,874,0.002288329519450801
fall,oliver,2,41,874,0.002288329519450801
fall,night,2,42,874,0.002288329519450801
fall,food,2,43,874,0.002288329519450801
fall,horse,2,44,874,0.002288329519450801
fall,dough,2,45,874,0.002288329519450801
fall,train,2,46,874,0.002288329519450801
fall,apple,2,47,874,0.002288329519450801
fall,bridge,2,48,874,0.002288329519450801
fall,pump,2,49,874,0.002288329519450801
fall,ball,2,50,874,0.002288329519450801
fall,head,2,51,874,0.002288329519450801
fall,land,2,52,874,0.002288329519450801
fall,giraffe,2,53,874,0.002288329519450801
fall,mummy,2,54,874,0.002288329519450801
fall,handle,2,55,874,0.002288329519450801
fall,whoop,2,56,874,0.002288329519450801
fall,mail,2,57,874,0.002288329519450801
fall,motorcycle,2,58,874,0.002288329519450801
fall,house,1,59,874,0.0011441647597254005
fall,teacher,1,60,874,0.0011441647597254005
fall,scab,1,61,874,0.0011441647597254005
fall,both,1,62,874,0.0011441647597254005
fall,peter,1,63,874,0.0011441647597254005
fall,hat,1,64,874,0.0011441647597254005
fall,jack,1,65,874,0.0011441647597254005
fall,acorn,1,66,874,0.0011441647597254005
fall,gum,1,67,874,0.0011441647597254005
fall,snow,1,68,874,0.0011441647597254005
fall,heap,1,69,874,0.0011441647597254005
fall,alice,1,70,874,0.0011441647597254005
fall,ryan,1,71,874,0.0011441647597254005
fall,fingernail,1,72,874,0.0011441647597254005
fall,your,1,73,874,0.0011441647597254005
fall,hen,1,74,874,0.0011441647597254005
fall,raggedy,1,75,874,0.0011441647597254005
fall,helmet,1,76,874,0.0011441647597254005
fall,donald,1,77,874,0.0011441647597254005
fall,stand,1,78,874,0.0011441647597254005
fall,floor,1,79,874,0.0011441647597254005
fall,deal,1,80,874,0.0011441647597254005
fall,kid,1,81,874,0.0011441647597254005
fall,speck,1,82,874,0.0011441647597254005
fall,tower,1,83,874,0.0011441647597254005
fall,block,1,84,874,0.0011441647597254005
fall,department,1,85,874,0.0011441647597254005
fall,cover,1,86,874,0.0011441647597254005
fall,coffee,1,87,874,0.0011441647597254005
fall,place,1,88,874,0.0011441647597254005
fall,mountain,1,89,874,0.0011441647597254005
fall,abe,1,90,874,0.0011441647597254005
fall,ceiling,1,91,874,0.0011441647597254005
fall,his,1,92,874,0.0011441647597254005
fall,darth,1,93,874,0.0011441647597254005
fall,marky,1,94,874,0.0011441647597254005
fall,jibo,1,95,874,0.0011441647597254005
fall,wallpaper,1,96,874,0.0011441647597254005
fall,patient,1,97,874,0.0011441647597254005
fall,chair,1,98,874,0.0011441647597254005
fall,farmer,1,99,874,0.0011441647597254005
fall,some,1,100,874,0.0011441647597254005
fall,alligator,1,101,874,0.0011441647597254005
fall,amount,1,102,874,0.0011441647597254005
fall,crayon,1,103,874,0.0011441647597254005
fall,light,1,104,874,0.0011441647597254005
fall,trousers,1,105,874,0.0011441647597254005
fall,suitcase,1,106,874,0.0011441647597254005
fall,stock,1,107,874,0.0011441647597254005
fall,pot,1,108,874,0.0011441647597254005
fall,kiera,1,109,874,0.0011441647597254005
fall,arm,1,110,874,0.0011441647597254005
fall,screw,1,111,874,0.0011441647597254005
fall,glasses,1,112,874,0.0011441647597254005
fall,keyboard,1,113,874,0.0011441647597254005
fall,liquid,1,114,874,0.0011441647597254005
fall,lala,1,115,874,0.0011441647597254005
fall,nose,1,116,874,0.0011441647597254005
fall,bucket,1,117,874,0.0011441647597254005
fall,many,1,118,874,0.0011441647597254005
fall,pancake,1,119,874,0.0011441647597254005
fall,barrier,1,120,874,0.0011441647597254005
fall,driver,1,121,874,0.0011441647597254005
fall,our,1,122,874,0.0011441647597254005
fall,trolley,1,123,874,0.0011441647597254005
fall,gate,1,124,874,0.0011441647597254005
fall,nothing,1,125,874,0.0011441647597254005
fall,skin,1,126,874,0.0011441647597254005
fall,cloud,1,127,874,0.0011441647597254005
fall,lightbulb,1,128,874,0.0011441647597254005
fall,fly,1,129,874,0.0011441647597254005
fall,wood,1,130,874,0.0011441647597254005
fall,microphone,1,131,874,0.0011441647597254005
fall,tiger,1,132,874,0.0011441647597254005
fall,bin,1,133,874,0.0011441647597254005
fall,ahhah,1,134,874,0.0011441647597254005
fall,hair,1,135,874,0.0011441647597254005
fall,umbrella,1,136,874,0.0011441647597254005
fall,woman,1,137,874,0.0011441647597254005
fall,two,1,138,874,0.0011441647597254005
fall,drop,1,139,874,0.0011441647597254005
fall,siren,1,140,874,0.0011441647597254005
fall,lady,1,141,874,0.0011441647597254005
fall,flower,1,142,874,0.0011441647597254005
fall,drawer,1,143,874,0.0011441647597254005
fall,alot,1,144,874,0.0011441647597254005
fall,saw,1,145,874,0.0011441647597254005
fall,bag,1,146,874,0.0011441647597254005
fall,chicken,1,147,874,0.0011441647597254005
fall,animal,1,148,874,0.0011441647597254005
fall,banana,1,149,874,0.0011441647597254005
fall,penguin,1,150,874,0.0011441647597254005
fall,ash,1,151,874,0.0011441647597254005
fall,somebody,1,152,874,0.0011441647597254005
fall,wolf,1,153,874,0.0011441647597254005
fall,grocery,1,154,874,0.0011441647597254005
fall,angie,1,155,874,0.0011441647597254005
fall,grandma,1,156,874,0.0011441647597254005
fall,plant,1,157,874,0.0011441647597254005
fall,dirt,1,158,874,0.0011441647597254005
fall,bone,1,159,874,0.0011441647597254005
fall,truck,1,160,874,0.0011441647597254005
fall,ohmygoodness,1,161,874,0.0011441647597254005
fall,jimmy,1,162,874,0.0011441647597254005
fall,policewoman,1,163,874,0.0011441647597254005
fall,mayor,1,164,874,0.0011441647597254005
fall,bear,1,165,874,0.0011441647597254005
fall,letter,1,166,874,0.0011441647597254005
fall,ladder,1,167,874,0.0011441647597254005
fall,ear,1,168,874,0.0011441647597254005
fall,topsy,1,169,874,0.0011441647597254005
fall,fish,1,170,874,0.0011441647597254005
try,you,272,1,851,0.3196239717978848
try,i,225,2,851,0.26439482961222094
try,we,105,3,851,0.12338425381903642
try,he,78,4,851,0.09165687426556991
try,they,50,5,851,0.05875440658049354
try,she,38,6,851,0.04465334900117509
try,daddy,4,7,851,0.004700352526439483
try,who,3,8,851,0.0035252643948296123
try,one,3,9,851,0.0035252643948296123
try,it,3,10,851,0.0035252643948296123
try,anybody,2,11,851,0.0023501762632197414
try,policeman,2,12,851,0.0023501762632197414
try,dog,2,13,851,0.0023501762632197414
try,bunny,2,14,851,0.0023501762632197414
try,mommy,2,15,851,0.0023501762632197414
try,balloon,2,16,851,0.0023501762632197414
try,marky,2,17,851,0.0023501762632197414
try,let,2,18,851,0.0023501762632197414
try,guy,2,19,851,0.0023501762632197414
try,baby,2,20,851,0.0023501762632197414
try,girl,1,21,851,0.0011750881316098707
try,your,1,22,851,0.0011750881316098707
try,kiki,1,23,851,0.0011750881316098707
try,paul,1,24,851,0.0011750881316098707
try,sarah,1,25,851,0.0011750881316098707
try,somebody,1,26,851,0.0011750881316098707
try,chucky,1,27,851,0.0011750881316098707
try,peter,1,28,851,0.0011750881316098707
try,mary,1,29,851,0.0011750881316098707
try,someone,1,30,851,0.0011750881316098707
try,prince,1,31,851,0.0011750881316098707
try,cinderella,1,32,851,0.0011750881316098707
try,tanya,1,33,851,0.0011750881316098707
try,some,1,34,851,0.0011750881316098707
try,groundhog,1,35,851,0.0011750881316098707
try,pascal,1,36,851,0.0011750881316098707
try,raggedy,1,37,851,0.0011750881316098707
try,tim,1,38,851,0.0011750881316098707
try,soldier,1,39,851,0.0011750881316098707
try,bambi,1,40,851,0.0011750881316098707
try,oliver,1,41,851,0.0011750881316098707
try,gonzo,1,42,851,0.0011750881316098707
try,lady,1,43,851,0.0011750881316098707
try,uncle,1,44,851,0.0011750881316098707
try,bat,1,45,851,0.0011750881316098707
try,bird,1,46,851,0.0011750881316098707
try,james,1,47,851,0.0011750881316098707
try,kid,1,48,851,0.0011750881316098707
try,lincoln,1,49,851,0.0011750881316098707
try,honey,1,50,851,0.0011750881316098707
try,gillian,1,51,851,0.0011750881316098707
try,bag,1,52,851,0.0011750881316098707
try,elephant,1,53,851,0.0011750881316098707
try,littleredridinghood,1,54,851,0.0011750881316098707
try,train,1,55,851,0.0011750881316098707
try,robber,1,56,851,0.0011750881316098707
try,plane,1,57,851,0.0011750881316098707
try,that,1,58,851,0.0011750881316098707
try,trouble,1,59,851,0.0011750881316098707
try,person,1,60,851,0.0011750881316098707
try,parrot,1,61,851,0.0011750881316098707
try,tom,1,62,851,0.0011750881316098707
try,mummy,1,63,851,0.0011750881316098707
try,man,1,64,851,0.0011750881316098707
try,mec,1,65,851,0.0011750881316098707
try,spot,1,66,851,0.0011750881316098707
try,duck,1,67,851,0.0011750881316098707
try,doctor,1,68,851,0.0011750881316098707
try,all,1,69,851,0.0011750881316098707
try,avi,1,70,851,0.0011750881316098707
talk,you,326,1,789,0.4131812420785805
talk,we,158,2,789,0.2002534854245881
talk,i,97,3,789,0.1229404309252218
talk,she,46,4,789,0.058301647655259824
talk,he,45,5,789,0.057034220532319393
talk,they,35,6,789,0.044359949302915085
talk,who,9,7,789,0.011406844106463879
talk,that,5,8,789,0.0063371356147021544
talk,chi,5,9,789,0.0063371356147021544
talk,brother,4,10,789,0.005069708491761723
talk,it,4,11,789,0.005069708491761723
talk,baby,3,12,789,0.0038022813688212928
talk,sarah,3,13,789,0.0038022813688212928
talk,person,3,14,789,0.0038022813688212928
talk,cathy,3,15,789,0.0038022813688212928
talk,two,3,16,789,0.0038022813688212928
talk,linda,3,17,789,0.0038022813688212928
talk,one,2,18,789,0.0025348542458808617
talk,dog,2,19,789,0.0025348542458808617
talk,child,1,20,789,0.0012674271229404308
talk,adam,1,21,789,0.0012674271229404308
talk,chantilly,1,22,789,0.0012674271229404308
talk,melissa,1,23,789,0.0012674271229404308
talk,patty,1,24,789,0.0012674271229404308
talk,ssh,1,25,789,0.0012674271229404308
talk,andy,1,26,789,0.0012674271229404308
talk,mom,1,27,789,0.0012674271229404308
talk,this,1,28,789,0.0012674271229404308
talk,car,1,29,789,0.0012674271229404308
talk,debbie,1,30,789,0.0012674271229404308
talk,bro,1,31,789,0.0012674271229404308
talk,mot,1,32,789,0.0012674271229404308
talk,bomb,1,33,789,0.0012674271229404308
talk,woman,1,34,789,0.0012674271229404308
talk,darthvader,1,35,789,0.0012674271229404308
talk,chewbacca,1,36,789,0.0012674271229404308
talk,father,1,37,789,0.0012674271229404308
talk,jibo,1,38,789,0.0012674271229404308
talk,worm,1,39,789,0.0012674271229404308
talk,girl,1,40,789,0.0012674271229404308
talk,what,1,41,789,0.0012674271229404308
talk,someone,1,42,789,0.0012674271229404308
talk,policeman,1,43,789,0.0012674271229404308
talk,daddy,1,44,789,0.0012674271229404308
talk,either,1,45,789,0.0012674271229404308
talk,thomas,1,46,789,0.0012674271229404308
talk,freddie,1,47,789,0.0012674271229404308
talk,guy,1,48,789,0.0012674271229404308
talk,monkey,1,49,789,0.0012674271229404308
talk,chicken,1,50,789,0.0012674271229404308
talk,nan,1,51,789,0.0012674271229404308
talk,name,1,52,789,0.0012674271229404308
call,you,283,1,678,0.4174041297935103
call,we,108,2,678,0.1592920353982301
call,i,83,3,678,0.1224188790560472
call,they,50,4,678,0.07374631268436578
call,he,38,5,678,0.05604719764011799
call,she,34,6,678,0.05014749262536873
call,who,8,7,678,0.011799410029498525
call,boy,3,8,678,0.004424778761061947
call,girl,3,9,678,0.004424778761061947
call,daddy,3,10,678,0.004424778761061947
call,that,3,11,678,0.004424778761061947
call,uncle,2,12,678,0.0029498525073746312
call,useta,2,13,678,0.0029498525073746312
call,person,2,14,678,0.0029498525073746312
call,mother,2,15,678,0.0029498525073746312
call,it,2,16,678,0.0029498525073746312
call,carol,2,17,678,0.0029498525073746312
call,one,2,18,678,0.0029498525073746312
call,somebody,2,19,678,0.0029498525073746312
call,teacher,2,20,678,0.0029498525073746312
call,sylvia,2,21,678,0.0029498525073746312
call,anyone,1,22,678,0.0014749262536873156
call,bunzybee,1,23,678,0.0014749262536873156
call,nana,1,24,678,0.0014749262536873156
call,sarah,1,25,678,0.0014749262536873156
call,mommy,1,26,678,0.0014749262536873156
call,lennie,1,27,678,0.0014749262536873156
call,tricia,1,28,678,0.0014749262536873156
call,honk,1,29,678,0.0014749262536873156
call,friend,1,30,678,0.0014749262536873156
call,cinderella,1,31,678,0.0014749262536873156
call,missus,1,32,678,0.0014749262536873156
call,anybody,1,33,678,0.0014749262536873156
call,manager,1,34,678,0.0014749262536873156
call,leon,1,35,678,0.0014749262536873156
call,lady,1,36,678,0.0014749262536873156
call,sir,1,37,678,0.0014749262536873156
call,giant,1,38,678,0.0014749262536873156
call,harp,1,39,678,0.0014749262536873156
call,bubble,1,40,678,0.0014749262536873156
call,rabbit,1,41,678,0.0014749262536873156
call,bambi,1,42,678,0.0014749262536873156
call,madame,1,43,678,0.0014749262536873156
call,feather,1,44,678,0.0014749262536873156
call,nobody,1,45,678,0.0014749262536873156
call,cecelia,1,46,678,0.0014749262536873156
call,dad,1,47,678,0.0014749262536873156
call,judy,1,48,678,0.0014749262536873156
call,grandpa,1,49,678,0.0014749262536873156
call,steve,1,50,678,0.0014749262536873156
call,marky,1,51,678,0.0014749262536873156
call,body,1,52,678,0.0014749262536873156
call,bill,1,53,678,0.0014749262536873156
call,mummie,1,54,678,0.0014749262536873156
call,kid,1,55,678,0.0014749262536873156
call,mum,1,56,678,0.0014749262536873156
call,uppity,1,57,678,0.0014749262536873156
call,ben,1,58,678,0.0014749262536873156
call,man,1,59,678,0.0014749262536873156
call,station,1,60,678,0.0014749262536873156
call,the,1,61,678,0.0014749262536873156
call,everyone,1,62,678,0.0014749262536873156
call,strega,1,63,678,0.0014749262536873156
work,it,188,1,630,0.2984126984126984
work,you,70,2,630,0.1111111111111111
work,that,68,3,630,0.10793650793650794
work,i,51,4,630,0.08095238095238096
work,he,32,5,630,0.050793650793650794
work,she,28,6,630,0.044444444444444446
work,they,25,7,630,0.03968253968253968
work,this,16,8,630,0.025396825396825397
work,one,13,9,630,0.020634920634920634
work,we,12,10,630,0.01904761904761905
work,dad,11,11,630,0.01746031746031746
work,who,9,12,630,0.014285714285714285
work,mom,9,13,630,0.014285714285714285
work,father,8,14,630,0.012698412698412698
work,thing,6,15,630,0.009523809523809525
work,mummy,6,16,630,0.009523809523809525
work,light,5,17,630,0.007936507936507936
work,daddy,5,18,630,0.007936507936507936
work,machine,4,19,630,0.006349206349206349
work,game,3,20,630,0.004761904761904762
work,person,3,21,630,0.004761904761904762
work,everything,3,22,630,0.004761904761904762
work,microphone,3,23,630,0.004761904761904762
work,guy,2,24,630,0.0031746031746031746
work,cameron,2,25,630,0.0031746031746031746
work,your,2,26,630,0.0031746031746031746
work,bit,2,27,630,0.0031746031746031746
work,scale,2,28,630,0.0031746031746031746
work,santa,1,29,630,0.0015873015873015873
work,car,1,30,630,0.0015873015873015873
work,donny,1,31,630,0.0015873015873015873
work,burner,1,32,630,0.0015873015873015873
work,what,1,33,630,0.0015873015873015873
work,both,1,34,630,0.0015873015873015873
work,child,1,35,630,0.0015873015873015873
work,fire,1,36,630,0.0015873015873015873
work,husband,1,37,630,0.0015873015873015873
work,magic,1,38,630,0.0015873015873015873
work,mommy,1,39,630,0.0015873015873015873
work,therapy,1,40,630,0.0015873015873015873
work,plan,1,41,630,0.0015873015873015873
work,mind,1,42,630,0.0015873015873015873
work,papa,1,43,630,0.0015873015873015873
work,any,1,44,630,0.0015873015873015873
work,food,1,45,630,0.0015873015873015873
work,dinosaur,1,46,630,0.0015873015873015873
work,marker,1,47,630,0.0015873015873015873
work,trick,1,48,630,0.0015873015873015873
work,aerial,1,49,630,0.0015873015873015873
work,tape,1,50,630,0.0015873015873015873
work,job,1,51,630,0.0015873015873015873
work,my,1,52,630,0.0015873015873015873
work,battery,1,53,630,0.0015873015873015873
work,thomas,1,54,630,0.0015873015873015873
work,binocular,1,55,630,0.0015873015873015873
work,gap,1,56,630,0.0015873015873015873
work,sewage,1,57,630,0.0015873015873015873
work,most,1,58,630,0.0015873015873015873
work,radio,1,59,630,0.0015873015873015873
work,bulldozer,1,60,630,0.0015873015873015873
work,teddy,1,61,630,0.0015873015873015873
work,nan,1,62,630,0.0015873015873015873
work,fastener,1,63,630,0.0015873015873015873
work,harry,1,64,630,0.0015873015873015873
work,lot,1,65,630,0.0015873015873015873
work,truck,1,66,630,0.0015873015873015873
work,poster,1,67,630,0.0015873015873015873
work,doc,1,68,630,0.0015873015873015873
work,dog,1,69,630,0.0015873015873015873
work,man,1,70,630,0.0015873015873015873
sound,that,389,1,625,0.6224
sound,it,125,2,625,0.2
sound,you,31,3,625,0.0496
sound,he,21,4,625,0.0336
sound,this,7,5,625,0.0112
sound,she,7,6,625,0.0112
sound,they,6,7,625,0.0096
sound,i,3,8,625,0.0048
sound,voice,3,9,625,0.0048
sound,dingdong,2,10,625,0.0032
sound,we,2,11,625,0.0032
sound,what,2,12,625,0.0032
sound,car,2,13,625,0.0032
sound,uncle,1,14,625,0.0016
sound,next,1,15,625,0.0016
sound,which,1,16,625,0.0016
sound,war,1,17,625,0.0016
sound,one,1,18,625,0.0016
sound,speaker,1,19,625,0.0016
sound,guy,1,20,625,0.0016
sound,tornado,1,21,625,0.0016
sound,rover,1,22,625,0.0016
sound,truck,1,23,625,0.0016
sound,throat,1,24,625,0.0016
sound,cook,1,25,625,0.0016
sound,daddy,1,26,625,0.0016
sound,woodpecker,1,27,625,0.0016
sound,apple,1,28,625,0.0016
sound,purdie,1,29,625,0.0016
sound,cool,1,30,625,0.0016
sound,powerranger,1,31,625,0.0016
sound,beach,1,32,625,0.0016
sound,brother,1,33,625,0.0016
sound,train,1,34,625,0.0016
sound,mom,1,35,625,0.0016
sound,mm,1,36,625,0.0016
sound,airplane,1,37,625,0.0016
sound,all,1,38,625,0.0016
help,you,224,1,611,0.36661211129296234
help,i,157,2,611,0.2569558101472995
help,that,35,3,611,0.057283142389525366
help,he,26,4,611,0.0425531914893617
help,who,26,5,611,0.0425531914893617
help,it,25,6,611,0.04091653027823241
help,she,13,7,611,0.02127659574468085
help,they,13,8,611,0.02127659574468085
help,daddy,5,9,611,0.008183306055646482
help,mom,5,10,611,0.008183306055646482
help,we,5,11,611,0.008183306055646482
help,mommy,4,12,611,0.006546644844517185
help,mama,3,13,611,0.004909983633387889
help,god,3,14,611,0.004909983633387889
help,octopus,3,15,611,0.004909983633387889
help,firstname,2,16,611,0.0032733224222585926
help,policeman,2,17,611,0.0032733224222585926
help,teddy,2,18,611,0.0032733224222585926
help,dad,2,19,611,0.0032733224222585926
help,someone,2,20,611,0.0032733224222585926
help,mum,2,21,611,0.0032733224222585926
help,lot,2,22,611,0.0032733224222585926
help,one,2,23,611,0.0032733224222585926
help,heaven,1,24,611,0.0016366612111292963
help,everybody,1,25,611,0.0016366612111292963
help,chuckie,1,26,611,0.0016366612111292963
help,policewoman,1,27,611,0.0016366612111292963
help,reindeer,1,28,611,0.0016366612111292963
help,frosty,1,29,611,0.0016366612111292963
help,girl,1,30,611,0.0016366612111292963
help,mamma,1,31,611,0.0016366612111292963
help,rug,1,32,611,0.0016366612111292963
help,morty,1,33,611,0.0016366612111292963
help,wing,1,34,611,0.0016366612111292963
help,muff,1,35,611,0.0016366612111292963
help,parachute,1,36,611,0.0016366612111292963
help,suit,1,37,611,0.0016366612111292963
help,fawn,1,38,611,0.0016366612111292963
help,claw,1,39,611,0.0016366612111292963
help,minneapolis,1,40,611,0.0016366612111292963
help,man,1,41,611,0.0016366612111292963
help,auntie,1,42,611,0.0016366612111292963
help,milk,1,43,611,0.0016366612111292963
help,anyone,1,44,611,0.0016366612111292963
help,dog,1,45,611,0.0016366612111292963
help,parent,1,46,611,0.0016366612111292963
help,angel,1,47,611,0.0016366612111292963
help,what,1,48,611,0.0016366612111292963
help,weather,1,49,611,0.0016366612111292963
help,lightyear,1,50,611,0.0016366612111292963
help,penny,1,51,611,0.0016366612111292963
help,driver,1,52,611,0.0016366612111292963
help,porter,1,53,611,0.0016366612111292963
help,which,1,54,611,0.0016366612111292963
help,thomas,1,55,611,0.0016366612111292963
help,misterfixit,1,56,611,0.0016366612111292963
help,mummy,1,57,611,0.0016366612111292963
help,lady,1,58,611,0.0016366612111292963
help,officer,1,59,611,0.0016366612111292963
help,fireman,1,60,611,0.0016366612111292963
help,doctor,1,61,611,0.0016366612111292963
help,bro,1,62,611,0.0016366612111292963
help,farmer,1,63,611,0.0016366612111292963
help,mother,1,64,611,0.0016366612111292963
help,boy,1,65,611,0.0016366612111292963
help,this,1,66,611,0.0016366612111292963
help,sail,1,67,611,0.0016366612111292963
help,mr,1,68,611,0.0016366612111292963
help,bear,1,69,611,0.0016366612111292963
help,policemen,1,70,611,0.0016366612111292963
help,all,1,71,611,0.0016366612111292963
bring,i,180,1,609,0.2955665024630542
bring,you,138,2,609,0.22660098522167488
bring,we,75,3,609,0.12315270935960591
bring,she,36,4,609,0.059113300492610835
bring,they,33,5,609,0.054187192118226604
bring,he,28,6,609,0.04597701149425287
bring,santa,17,7,609,0.027914614121510674
bring,man,5,8,609,0.008210180623973728
bring,who,5,9,609,0.008210180623973728
bring,daddy,5,10,609,0.008210180623973728
bring,mailman,4,11,609,0.006568144499178982
bring,mommy,3,12,609,0.0049261083743842365
bring,mom,3,13,609,0.0049261083743842365
bring,person,3,14,609,0.0049261083743842365
bring,it,3,15,609,0.0049261083743842365
bring,postman,3,16,609,0.0049261083743842365
bring,useta,2,17,609,0.003284072249589491
bring,chi,2,18,609,0.003284072249589491
bring,somebody,2,19,609,0.003284072249589491
bring,mummy,2,20,609,0.003284072249589491
bring,granny,2,21,609,0.003284072249589491
bring,sposta,2,22,609,0.003284072249589491
bring,that,2,23,609,0.003284072249589491
bring,waiter,2,24,609,0.003284072249589491
bring,firstname,1,25,609,0.0016420361247947454
bring,sled,1,26,609,0.0016420361247947454
bring,hafta,1,27,609,0.0016420361247947454
bring,ursula,1,28,609,0.0016420361247947454
bring,sarah,1,29,609,0.0016420361247947454
bring,gail,1,30,609,0.0016420361247947454
bring,donny,1,31,609,0.0016420361247947454
bring,howabout,1,32,609,0.0016420361247947454
bring,ellie,1,33,609,0.0016420361247947454
bring,david,1,34,609,0.0016420361247947454
bring,mr,1,35,609,0.0016420361247947454
bring,mrs,1,36,609,0.0016420361247947454
bring,alex,1,37,609,0.0016420361247947454
bring,teddy,1,38,609,0.0016420361247947454
bring,someone,1,39,609,0.0016420361247947454
bring,tommy,1,40,609,0.0016420361247947454
bring,joe,1,41,609,0.0016420361247947454
bring,adam,1,42,609,0.0016420361247947454
bring,dad,1,43,609,0.0016420361247947454
bring,everybody,1,44,609,0.0016420361247947454
bring,morty,1,45,609,0.0016420361247947454
bring,bowl,1,46,609,0.0016420361247947454
bring,animal,1,47,609,0.0016420361247947454
bring,father,1,48,609,0.0016420361247947454
bring,christopher,1,49,609,0.0016420361247947454
bring,grandma,1,50,609,0.0016420361247947454
bring,boy,1,51,609,0.0016420361247947454
bring,barbara,1,52,609,0.0016420361247947454
bring,linda,1,53,609,0.0016420361247947454
bring,bunny,1,54,609,0.0016420361247947454
bring,aunt,1,55,609,0.0016420361247947454
bring,jessica,1,56,609,0.0016420361247947454
bring,kid,1,57,609,0.0016420361247947454
bring,helga,1,58,609,0.0016420361247947454
bring,bill,1,59,609,0.0016420361247947454
bring,puppy,1,60,609,0.0016420361247947454
bring,steven,1,61,609,0.0016420361247947454
bring,lot,1,62,609,0.0016420361247947454
bring,sneezing,1,63,609,0.0016420361247947454
bring,percivil,1,64,609,0.0016420361247947454
bring,nana,1,65,609,0.0016420361247947454
bring,driver,1,66,609,0.0016420361247947454
bring,biff,1,67,609,0.0016420361247947454
bring,oughta,1,68,609,0.0016420361247947454
bring,lady,1,69,609,0.0016420361247947454
bring,kate,1,70,609,0.0016420361247947454
bring,one,1,71,609,0.0016420361247947454
bring,santaclaus,1,72,609,0.0016420361247947454
bring,auntkathy,1,73,609,0.0016420361247947454
bring,helen,1,74,609,0.0016420361247947454
bring,sal,1,75,609,0.0016420361247947454
bring,mother,1,76,609,0.0016420361247947454
buy,i,202,1,605,0.3338842975206612
buy,you,127,2,605,0.20991735537190082
buy,we,110,3,605,0.18181818181818182
buy,she,27,4,605,0.04462809917355372
buy,who,20,5,605,0.03305785123966942
buy,they,18,6,605,0.02975206611570248
buy,he,15,7,605,0.024793388429752067
buy,daddy,13,8,605,0.021487603305785124
buy,nana,7,9,605,0.011570247933884297
buy,grandma,5,10,605,0.008264462809917356
buy,person,4,11,605,0.006611570247933884
buy,somebody,4,12,605,0.006611570247933884
buy,mummy,3,13,605,0.0049586776859504135
buy,mummie,3,14,605,0.0049586776859504135
buy,mary,3,15,605,0.0049586776859504135
buy,lady,3,16,605,0.0049586776859504135
buy,purdie,3,17,605,0.0049586776859504135
buy,mom,2,18,605,0.003305785123966942
buy,mother,2,19,605,0.003305785123966942
buy,everybody,2,20,605,0.003305785123966942
buy,mommy,2,21,605,0.003305785123966942
buy,grandad,2,22,605,0.003305785123966942
buy,dimitra,2,23,605,0.003305785123966942
buy,jeannine,2,24,605,0.003305785123966942
buy,girl,1,25,605,0.001652892561983471
buy,cousin,1,26,605,0.001652892561983471
buy,uncle,1,27,605,0.001652892561983471
buy,mama,1,28,605,0.001652892561983471
buy,milk,1,29,605,0.001652892561983471
buy,james,1,30,605,0.001652892561983471
buy,nobody,1,31,605,0.001652892561983471
buy,sister,1,32,605,0.001652892561983471
buy,anybody,1,33,605,0.001652892561983471
buy,that,1,34,605,0.001652892561983471
buy,brian,1,35,605,0.001652892561983471
buy,jamie,1,36,605,0.001652892561983471
buy,holly,1,37,605,0.001652892561983471
buy,father,1,38,605,0.001652892561983471
buy,mrsplattford,1,39,605,0.001652892561983471
buy,dad,1,40,605,0.001652892561983471
buy,nanabilby,1,41,605,0.001652892561983471
buy,uncledavid,1,42,605,0.001652892561983471
buy,boy,1,43,605,0.001652892561983471
buy,hadta,1,44,605,0.001652892561983471
buy,man,1,45,605,0.001652892561983471
buy,everyone,1,46,605,0.001652892561983471
buy,giraffe,1,47,605,0.001652892561983471
buy,small,1,48,605,0.001652892561983471
love,i,297,1,602,0.49335548172757476
love,you,97,2,602,0.1611295681063123
love,he,48,3,602,0.07973421926910298
love,she,36,4,602,0.059800664451827246
love,we,16,5,602,0.026578073089700997
love,they,12,6,602,0.019933554817275746
love,god,5,7,602,0.008305647840531562
love,who,4,8,602,0.006644518272425249
love,it,4,9,602,0.006644518272425249
love,chi,3,10,602,0.0049833887043189366
love,mother,3,11,602,0.0049833887043189366
love,everybody,3,12,602,0.0049833887043189366
love,mommy,3,13,602,0.0049833887043189366
love,two,3,14,602,0.0049833887043189366
love,mummy,3,15,602,0.0049833887043189366
love,one,3,16,602,0.0049833887043189366
love,useta,2,17,602,0.0033222591362126247
love,child,2,18,602,0.0033222591362126247
love,baby,2,19,602,0.0033222591362126247
love,everyone,2,20,602,0.0033222591362126247
love,brother,2,21,602,0.0033222591362126247
love,person,2,22,602,0.0033222591362126247
love,och,2,23,602,0.0033222591362126247
love,jack,2,24,602,0.0033222591362126247
love,dear,2,25,602,0.0033222591362126247
love,kathryn,2,26,602,0.0033222591362126247
love,adam,2,27,602,0.0033222591362126247
love,boy,2,28,602,0.0033222591362126247
love,mum,2,29,602,0.0033222591362126247
love,nobody,2,30,602,0.0033222591362126247
love,derek,2,31,602,0.0033222591362126247
love,derrick,2,32,602,0.0033222591362126247
love,cheeky,1,33,602,0.0016611295681063123
love,kiki,1,34,602,0.0016611295681063123
love,huh,1,35,602,0.0016611295681063123
love,girl,1,36,602,0.0016611295681063123
love,kitten,1,37,602,0.0016611295681063123
love,mouse,1,38,602,0.0016611295681063123
love,lamb,1,39,602,0.0016611295681063123
love,mary,1,40,602,0.0016611295681063123
love,tim,1,41,602,0.0016611295681063123
love,tarci,1,42,602,0.0016611295681063123
love,squirrel,1,43,602,0.0016611295681063123
love,horse,1,44,602,0.0016611295681063123
love,attic,1,45,602,0.0016611295681063123
love,marcella,1,46,602,0.0016611295681063123
love,ancestor,1,47,602,0.0016611295681063123
love,most,1,48,602,0.0016611295681063123
love,marky,1,49,602,0.0016611295681063123
love,whatabout,1,50,602,0.0016611295681063123
love,puppy,1,51,602,0.0016611295681063123
love,doctor,1,52,602,0.0016611295681063123
love,thankyou,1,53,602,0.0016611295681063123
love,jesus,1,54,602,0.0016611295681063123
love,jeannine,1,55,602,0.0016611295681063123
love,thomas,1,56,602,0.0016611295681063123
love,purdie,1,57,602,0.0016611295681063123
love,mom,1,58,602,0.0016611295681063123
love,kid,1,59,602,0.0016611295681063123
love,max,1,60,602,0.0016611295681063123
love,reindeer,1,61,602,0.0016611295681063123
love,that,1,62,602,0.0016611295681063123
guess,i,337,1,594,0.5673400673400674
guess,tina,71,2,594,0.11952861952861953
guess,vinny,68,3,594,0.11447811447811448
guess,jim,67,4,594,0.1127946127946128
guess,you,33,5,594,0.05555555555555555
guess,we,3,6,594,0.005050505050505051
guess,abe,2,7,594,0.003367003367003367
guess,she,2,8,594,0.003367003367003367
guess,everything,1,9,594,0.0016835016835016834
guess,what,1,10,594,0.0016835016835016834
guess,one,1,11,594,0.0016835016835016834
guess,daddy,1,12,594,0.0016835016835016834
guess,karen,1,13,594,0.0016835016835016834
guess,friend,1,14,594,0.0016835016835016834
guess,they,1,15,594,0.0016835016835016834
guess,he,1,16,594,0.0016835016835016834
guess,mum,1,17,594,0.0016835016835016834
guess,childsname,1,18,594,0.0016835016835016834
guess,it,1,19,594,0.0016835016835016834
walk,who,156,1,576,0.2708333333333333
walk,friend,81,2,576,0.140625
walk,you,79,3,576,0.1371527777777778
walk,i,59,4,576,0.10243055555555555
walk,he,57,5,576,0.09895833333333333
walk,we,38,6,576,0.06597222222222222
walk,they,26,7,576,0.04513888888888889
walk,she,24,8,576,0.041666666666666664
walk,it,6,9,576,0.010416666666666666
walk,that,4,10,576,0.006944444444444444
walk,useta,4,11,576,0.006944444444444444
walk,sludge,3,12,576,0.005208333333333333
walk,franklin,3,13,576,0.005208333333333333
walk,person,3,14,576,0.005208333333333333
walk,cat,2,15,576,0.003472222222222222
walk,girl,2,16,576,0.003472222222222222
walk,mother,2,17,576,0.003472222222222222
walk,bird,2,18,576,0.003472222222222222
walk,child,2,19,576,0.003472222222222222
walk,purdie,2,20,576,0.003472222222222222
walk,man,2,21,576,0.003472222222222222
walk,boy,2,22,576,0.003472222222222222
walk,school,1,23,576,0.001736111111111111
walk,zebras,1,24,576,0.001736111111111111
walk,dog,1,25,576,0.001736111111111111
walk,hadta,1,26,576,0.001736111111111111
walk,christopher,1,27,576,0.001736111111111111
walk,mommy,1,28,576,0.001736111111111111
walk,baby,1,29,576,0.001736111111111111
walk,ladybird,1,30,576,0.001736111111111111
walk,queen,1,31,576,0.001736111111111111
walk,the,1,32,576,0.001736111111111111
walk,squirrel,1,33,576,0.001736111111111111
walk,harry,1,34,576,0.001736111111111111
walk,somebody,1,35,576,0.001736111111111111
walk,penguin,1,36,576,0.001736111111111111
walk,mom,1,37,576,0.001736111111111111
walk,finger,1,38,576,0.001736111111111111
walk,clifford,1,39,576,0.001736111111111111
read,you,210,1,575,0.3652173913043478
read,i,131,2,575,0.22782608695652173
read,we,124,3,575,0.21565217391304348
read,she,22,4,575,0.03826086956521739
read,he,14,5,575,0.02434782608695652
read,who,11,6,575,0.019130434782608695
read,they,10,7,575,0.017391304347826087
read,mom,9,8,575,0.01565217391304348
read,daddy,7,9,575,0.01217391304347826
read,karen,3,10,575,0.0052173913043478265
read,teacher,3,11,575,0.0052173913043478265
read,that,3,12,575,0.0052173913043478265
read,mother,3,13,575,0.0052173913043478265
read,robin,2,14,575,0.0034782608695652175
read,mama,2,15,575,0.0034782608695652175
read,all,2,16,575,0.0034782608695652175
read,god,1,17,575,0.0017391304347826088
read,miss,1,18,575,0.0017391304347826088
read,chi,1,19,575,0.0017391304347826088
read,what,1,20,575,0.0017391304347826088
read,kalin,1,21,575,0.0017391304347826088
read,it,1,22,575,0.0017391304347826088
read,elizabeth,1,23,575,0.0017391304347826088
read,mummie,1,24,575,0.0017391304347826088
read,bill,1,25,575,0.0017391304347826088
read,old,1,26,575,0.0017391304347826088
read,grandad,1,27,575,0.0017391304347826088
read,purdie,1,28,575,0.0017391304347826088
read,which,1,29,575,0.0017391304347826088
read,mummy,1,30,575,0.0017391304347826088
read,thomas,1,31,575,0.0017391304347826088
read,somebody,1,32,575,0.0017391304347826088
read,mommy,1,33,575,0.0017391304347826088
read,granddad,1,34,575,0.0017391304347826088
read,animal,1,35,575,0.0017391304347826088
feel,you,146,1,554,0.26353790613718414
feel,he,130,2,554,0.23465703971119134
feel,i,105,3,554,0.18953068592057762
feel,it,51,4,554,0.09205776173285199
feel,that,21,5,554,0.03790613718411552
feel,she,19,6,554,0.03429602888086643
feel,they,14,7,554,0.02527075812274368
feel,we,8,8,554,0.01444043321299639
feel,tummy,4,9,554,0.007220216606498195
feel,daddy,2,10,554,0.0036101083032490976
feel,chair,2,11,554,0.0036101083032490976
feel,everybody,2,12,554,0.0036101083032490976
feel,giant,2,13,554,0.0036101083032490976
feel,grandmother,2,14,554,0.0036101083032490976
feel,ear,2,15,554,0.0036101083032490976
feel,head,2,16,554,0.0036101083032490976
feel,cathy,2,17,554,0.0036101083032490976
feel,ethan,2,18,554,0.0036101083032490976
feel,car,2,19,554,0.0036101083032490976
feel,who,2,20,554,0.0036101083032490976
feel,jwww,1,21,554,0.0018050541516245488
feel,part,1,22,554,0.0018050541516245488
feel,bozo,1,23,554,0.0018050541516245488
feel,cat,1,24,554,0.0018050541516245488
feel,rat,1,25,554,0.0018050541516245488
feel,alice,1,26,554,0.0018050541516245488
feel,skin,1,27,554,0.0018050541516245488
feel,tarce,1,28,554,0.0018050541516245488
feel,mama,1,29,554,0.0018050541516245488
feel,piggie,1,30,554,0.0018050541516245488
feel,bunny,1,31,554,0.0018050541516245488
feel,doll,1,32,554,0.0018050541516245488
feel,wolf,1,33,554,0.0018050541516245488
feel,paddington,1,34,554,0.0018050541516245488
feel,stomach,1,35,554,0.0018050541516245488
feel,matter,1,36,554,0.0018050541516245488
feel,person,1,37,554,0.0018050541516245488
feel,your,1,38,554,0.0018050541516245488
feel,half,1,39,554,0.0018050541516245488
feel,aye,1,40,554,0.0018050541516245488
feel,her,1,41,554,0.0018050541516245488
feel,what,1,42,554,0.0018050541516245488
feel,glasses,1,43,554,0.0018050541516245488
feel,throat,1,44,554,0.0018050541516245488
feel,nail,1,45,554,0.0018050541516245488
feel,shoe,1,46,554,0.0018050541516245488
feel,girl,1,47,554,0.0018050541516245488
feel,boy,1,48,554,0.0018050541516245488
feel,gorilla,1,49,554,0.0018050541516245488
feel,brother,1,50,554,0.0018050541516245488
feel,shampoo,1,51,554,0.0018050541516245488
feel,this,1,52,554,0.0018050541516245488
feel,eye,1,53,554,0.0018050541516245488
feel,beast,1,54,554,0.0018050541516245488
keep,you,194,1,550,0.3527272727272727
keep,i,82,2,550,0.14909090909090908
keep,we,81,3,550,0.14727272727272728
keep,he,33,4,550,0.06
keep,they,29,5,550,0.05272727272727273
keep,it,23,6,550,0.04181818181818182
keep,she,19,7,550,0.034545454545454546
keep,that,8,8,550,0.014545454545454545
keep,who,7,9,550,0.012727272727272728
keep,person,4,10,550,0.007272727272727273
keep,one,3,11,550,0.005454545454545455
keep,pot,3,12,550,0.005454545454545455
keep,mommy,2,13,550,0.0036363636363636364
keep,daddy,2,14,550,0.0036363636363636364
keep,water,2,15,550,0.0036363636363636364
keep,everything,2,16,550,0.0036363636363636364
keep,what,2,17,550,0.0036363636363636364
keep,boy,2,18,550,0.0036363636363636364
keep,light,2,19,550,0.0036363636363636364
keep,world,2,20,550,0.0036363636363636364
keep,branch,2,21,550,0.0036363636363636364
keep,pasta,2,22,550,0.0036363636363636364
keep,awww,1,23,550,0.0018181818181818182
keep,trouble,1,24,550,0.0018181818181818182
keep,sarah,1,25,550,0.0018181818181818182
keep,jenny,1,26,550,0.0018181818181818182
keep,papa,1,27,550,0.0018181818181818182
keep,mammal,1,28,550,0.0018181818181818182
keep,ice,1,29,550,0.0018181818181818182
keep,owl,1,30,550,0.0018181818181818182
keep,fur,1,31,550,0.0018181818181818182
keep,god,1,32,550,0.0018181818181818182
keep,everybody,1,33,550,0.0018181818181818182
keep,lady,1,34,550,0.0018181818181818182
keep,bro,1,35,550,0.0018181818181818182
keep,somebody,1,36,550,0.0018181818181818182
keep,cell,1,37,550,0.0018181818181818182
keep,japan,1,38,550,0.0018181818181818182
keep,russia,1,39,550,0.0018181818181818182
keep,jibo,1,40,550,0.0018181818181818182
keep,matty,1,41,550,0.0018181818181818182
keep,guy,1,42,550,0.0018181818181818182
keep,farmer,1,43,550,0.0018181818181818182
keep,period,1,44,550,0.0018181818181818182
keep,matthew,1,45,550,0.0018181818181818182
keep,kathryn,1,46,550,0.0018181818181818182
keep,mother,1,47,550,0.0018181818181818182
keep,nan,1,48,550,0.0018181818181818182
keep,aerial,1,49,550,0.0018181818181818182
keep,hat,1,50,550,0.0018181818181818182
keep,bedroom,1,51,550,0.0018181818181818182
keep,foot,1,52,550,0.0018181818181818182
keep,lake,1,53,550,0.0018181818181818182
keep,wendy,1,54,550,0.0018181818181818182
keep,everyone,1,55,550,0.0018181818181818182
keep,betty,1,56,550,0.0018181818181818182
keep,bud,1,57,550,0.0018181818181818182
keep,horse,1,58,550,0.0018181818181818182
keep,ambulance,1,59,550,0.0018181818181818182
keep,thing,1,60,550,0.0018181818181818182
keep,firemen,1,61,550,0.0018181818181818182
keep,wheel,1,62,550,0.0018181818181818182
keep,animal,1,63,550,0.0018181818181818182
keep,this,1,64,550,0.0018181818181818182
keep,clifford,1,65,550,0.0018181818181818182
keep,small,1,66,550,0.0018181818181818182
turn,you,211,1,529,0.3988657844990548
turn,i,79,2,529,0.14933837429111532
turn,we,56,3,529,0.10586011342155009
turn,he,40,4,529,0.07561436672967864
turn,it,36,5,529,0.06805293005671077
turn,she,17,6,529,0.03213610586011342
turn,they,17,7,529,0.03213610586011342
turn,caterpillar,13,8,529,0.024574669187145556
turn,that,7,9,529,0.013232514177693762
turn,mother,2,10,529,0.003780718336483932
turn,who,2,11,529,0.003780718336483932
turn,your,2,12,529,0.003780718336483932
turn,person,2,13,529,0.003780718336483932
turn,felix,2,14,529,0.003780718336483932
turn,needta,2,15,529,0.003780718336483932
turn,baby,2,16,529,0.003780718336483932
turn,mommy,2,17,529,0.003780718336483932
turn,conversation,1,18,529,0.001890359168241966
turn,leave,1,19,529,0.001890359168241966
turn,gus,1,20,529,0.001890359168241966
turn,horse,1,21,529,0.001890359168241966
turn,monster,1,22,529,0.001890359168241966
turn,teacher,1,23,529,0.001890359168241966
turn,chi,1,24,529,0.001890359168241966
turn,everything,1,25,529,0.001890359168241966
turn,turtle,1,26,529,0.001890359168241966
turn,raggedy,1,27,529,0.001890359168241966
turn,pascal,1,28,529,0.001890359168241966
turn,assoonas,1,29,529,0.001890359168241966
turn,donald,1,30,529,0.001890359168241966
turn,one,1,31,529,0.001890359168241966
turn,ross,1,32,529,0.001890359168241966
turn,cake,1,33,529,0.001890359168241966
turn,tape,1,34,529,0.001890359168241966
turn,dad,1,35,529,0.001890359168241966
turn,bird,1,36,529,0.001890359168241966
turn,man,1,37,529,0.001890359168241966
turn,adam,1,38,529,0.001890359168241966
turn,michelle,1,39,529,0.001890359168241966
turn,button,1,40,529,0.001890359168241966
turn,dinosaur,1,41,529,0.001890359168241966
turn,voice,1,42,529,0.001890359168241966
turn,what,1,43,529,0.001890359168241966
turn,crack,1,44,529,0.001890359168241966
turn,ian,1,45,529,0.001890359168241966
turn,sergeant,1,46,529,0.001890359168241966
turn,river,1,47,529,0.001890359168241966
turn,turn,1,48,529,0.001890359168241966
turn,oop,1,49,529,0.001890359168241966
turn,crutch,1,50,529,0.001890359168241966
turn,arm,1,51,529,0.001890359168241966
turn,merry–go–round,1,52,529,0.001890359168241966
turn,mag,1,53,529,0.001890359168241966
turn,policeman,1,54,529,0.001890359168241966
run,who,91,1,525,0.17333333333333334
run,rabbit,71,2,525,0.13523809523809524
run,he,68,3,525,0.1295238095238095
run,you,53,4,525,0.10095238095238095
run,i,38,5,525,0.07238095238095238
run,she,31,6,525,0.05904761904761905
run,they,27,7,525,0.05142857142857143
run,it,27,8,525,0.05142857142857143
run,we,21,9,525,0.04
run,cat,10,10,525,0.01904761904761905
run,that,6,11,525,0.011428571428571429
run,dog,5,12,525,0.009523809523809525
run,battery,4,13,525,0.007619047619047619
run,kitty,4,14,525,0.007619047619047619
run,car,3,15,525,0.005714285714285714
run,mouse,3,16,525,0.005714285714285714
run,man,3,17,525,0.005714285714285714
run,train,3,18,525,0.005714285714285714
run,nose,2,19,525,0.0038095238095238095
run,dish,2,20,525,0.0038095238095238095
run,pascal,2,21,525,0.0038095238095238095
run,water,2,22,525,0.0038095238095238095
run,person,2,23,525,0.0038095238095238095
run,most,1,24,525,0.0019047619047619048
run,elana,1,25,525,0.0019047619047619048
run,oliver,1,26,525,0.0019047619047619048
run,monster,1,27,525,0.0019047619047619048
run,wee,1,28,525,0.0019047619047619048
run,willy,1,29,525,0.0019047619047619048
run,billy,1,30,525,0.0019047619047619048
run,chipmunk,1,31,525,0.0019047619047619048
run,four,1,32,525,0.0019047619047619048
run,sister,1,33,525,0.0019047619047619048
run,giant,1,34,525,0.0019047619047619048
run,marcella,1,35,525,0.0019047619047619048
run,foal,1,36,525,0.0019047619047619048
run,rover,1,37,525,0.0019047619047619048
run,guy,1,38,525,0.0019047619047619048
run,june,1,39,525,0.0019047619047619048
run,bus,1,40,525,0.0019047619047619048
run,conor,1,41,525,0.0019047619047619048
run,cathy,1,42,525,0.0019047619047619048
run,stacie,1,43,525,0.0019047619047619048
run,kid,1,44,525,0.0019047619047619048
run,part,1,45,525,0.0019047619047619048
run,which,1,46,525,0.0019047619047619048
run,pat,1,47,525,0.0019047619047619048
run,robber,1,48,525,0.0019047619047619048
run,biscuit,1,49,525,0.0019047619047619048
run,jamie,1,50,525,0.0019047619047619048
run,boy,1,51,525,0.0019047619047619048
run,pippin,1,52,525,0.0019047619047619048
run,firemen,1,53,525,0.0019047619047619048
run,horse,1,54,525,0.0019047619047619048
run,blood,1,55,525,0.0019047619047619048
run,her,1,56,525,0.0019047619047619048
run,money,1,57,525,0.0019047619047619048
run,grey,1,58,525,0.0019047619047619048
run,monkey,1,59,525,0.0019047619047619048
run,railway,1,60,525,0.0019047619047619048
run,animal,1,61,525,0.0019047619047619048
run,wife,1,62,525,0.0019047619047619048
run,uhhuh,1,63,525,0.0019047619047619048
run,ball,1,64,525,0.0019047619047619048
run,mister,1,65,525,0.0019047619047619048
run,pg,1,66,525,0.0019047619047619048
run,time,1,67,525,0.0019047619047619048
run,georgie,1,68,525,0.0019047619047619048
run,jack,1,69,525,0.0019047619047619048
run,mommy,1,70,525,0.0019047619047619048
wonder,i,490,1,525,0.9333333333333333
wonder,you,8,2,525,0.015238095238095238
wonder,she,7,3,525,0.013333333333333334
wonder,he,5,4,525,0.009523809523809525
wonder,we,5,5,525,0.009523809523809525
wonder,cow,2,6,525,0.0038095238095238095
wonder,sarah,1,7,525,0.0019047619047619048
wonder,everyone,1,8,525,0.0019047619047619048
wonder,alice,1,9,525,0.0019047619047619048
wonder,they,1,10,525,0.0019047619047619048
wonder,doctor,1,11,525,0.0019047619047619048
wonder,mummy,1,12,525,0.0019047619047619048
wonder,man,1,13,525,0.0019047619047619048
wonder,dad,1,14,525,0.0019047619047619048
will,i,158,1,511,0.30919765166340507
will,you,92,2,511,0.18003913894324852
will,it,70,3,511,0.136986301369863
will,we,62,4,511,0.12133072407045009
will,he,41,5,511,0.08023483365949119
will,she,30,6,511,0.05870841487279843
will,they,22,7,511,0.043052837573385516
will,that,4,8,511,0.007827788649706457
will,person,2,9,511,0.003913894324853229
will,one,2,10,511,0.003913894324853229
will,thing,1,11,511,0.0019569471624266144
will,ballerina,1,12,511,0.0019569471624266144
will,my,1,13,511,0.0019569471624266144
will,sandy,1,14,511,0.0019569471624266144
will,branch,1,15,511,0.0019569471624266144
will,mommy,1,16,511,0.0019569471624266144
will,bus,1,17,511,0.0019569471624266144
will,mother,1,18,511,0.0019569471624266144
will,daddy,1,19,511,0.0019569471624266144
will,anybody,1,20,511,0.0019569471624266144
will,who,1,21,511,0.0019569471624266144
will,bill,1,22,511,0.0019569471624266144
will,conor,1,23,511,0.0019569471624266144
will,good,1,24,511,0.0019569471624266144
will,lot,1,25,511,0.0019569471624266144
will,other,1,26,511,0.0019569471624266144
will,pyjamas,1,27,511,0.0019569471624266144
will,chair,1,28,511,0.0019569471624266144
will,tom,1,29,511,0.0019569471624266144
will,jeannine,1,30,511,0.0019569471624266144
will,jonathan,1,31,511,0.0019569471624266144
will,rabbit,1,32,511,0.0019569471624266144
will,book,1,33,511,0.0019569471624266144
will,your,1,34,511,0.0019569471624266144
will,some,1,35,511,0.0019569471624266144
will,harry,1,36,511,0.0019569471624266144
will,wrapper,1,37,511,0.0019569471624266144
will,kittycat,1,38,511,0.0019569471624266144
show,you,185,1,502,0.36852589641434264
show,i,163,2,502,0.3247011952191235
show,that,40,3,502,0.0796812749003984
show,it,21,4,502,0.04183266932270916
show,they,16,5,502,0.03187250996015936
show,he,13,6,502,0.025896414342629483
show,we,12,7,502,0.02390438247011952
show,she,10,8,502,0.0199203187250996
show,sarah,2,9,502,0.00398406374501992
show,who,2,10,502,0.00398406374501992
show,this,2,11,502,0.00398406374501992
show,betty,2,12,502,0.00398406374501992
show,one,2,13,502,0.00398406374501992
show,box,2,14,502,0.00398406374501992
show,man,1,15,502,0.00199203187250996
show,person,1,16,502,0.00199203187250996
show,adam,1,17,502,0.00199203187250996
show,brother,1,18,502,0.00199203187250996
show,robin,1,19,502,0.00199203187250996
show,laura,1,20,502,0.00199203187250996
show,dave,1,21,502,0.00199203187250996
show,nose,1,22,502,0.00199203187250996
show,claude,1,23,502,0.00199203187250996
show,daddy,1,24,502,0.00199203187250996
show,mickey,1,25,502,0.00199203187250996
show,fozzie,1,26,502,0.00199203187250996
show,raggedy,1,27,502,0.00199203187250996
show,jonathan,1,28,502,0.00199203187250996
show,chi,1,29,502,0.00199203187250996
show,oxygen,1,30,502,0.00199203187250996
show,michelle,1,31,502,0.00199203187250996
show,what,1,32,502,0.00199203187250996
show,och,1,33,502,0.00199203187250996
show,symptom,1,34,502,0.00199203187250996
show,jackie,1,35,502,0.00199203187250996
show,maggie,1,36,502,0.00199203187250996
show,thomas,1,37,502,0.00199203187250996
show,ms,1,38,502,0.00199203187250996
show,bridge,1,39,502,0.00199203187250996
show,mommy,1,40,502,0.00199203187250996
show,edw,1,41,502,0.00199203187250996
show,picture,1,42,502,0.00199203187250996
show,ellen,1,43,502,0.00199203187250996
show,amy,1,44,502,0.00199203187250996
leave,you,146,1,473,0.3086680761099366
leave,we,96,2,473,0.2029598308668076
leave,i,81,3,473,0.17124735729386892
leave,he,34,4,473,0.07188160676532769
leave,she,20,5,473,0.042283298097251586
leave,they,14,6,473,0.02959830866807611
leave,person,5,7,473,0.010570824524312896
leave,somebody,4,8,473,0.008456659619450317
leave,it,3,9,473,0.006342494714587738
leave,fairy,2,10,473,0.004228329809725159
leave,who,2,11,473,0.004228329809725159
leave,teacher,2,12,473,0.004228329809725159
leave,mother,2,13,473,0.004228329809725159
leave,child,2,14,473,0.004228329809725159
leave,cathy,2,15,473,0.004228329809725159
leave,sylvia,2,16,473,0.004228329809725159
leave,kathryn,2,17,473,0.004228329809725159
leave,power,2,18,473,0.004228329809725159
leave,thomas,2,19,473,0.004228329809725159
leave,santa,2,20,473,0.004228329809725159
leave,megan,2,21,473,0.004228329809725159
leave,that,2,22,473,0.004228329809725159
leave,nanny,1,23,473,0.0021141649048625794
leave,nobody,1,24,473,0.0021141649048625794
leave,melissa,1,25,473,0.0021141649048625794
leave,carol,1,26,473,0.0021141649048625794
leave,george,1,27,473,0.0021141649048625794
leave,everybody,1,28,473,0.0021141649048625794
leave,junior,1,29,473,0.0021141649048625794
leave,cinderella,1,30,473,0.0021141649048625794
leave,daddy,1,31,473,0.0021141649048625794
leave,debra,1,32,473,0.0021141649048625794
leave,jake,1,33,473,0.0021141649048625794
leave,farmer,1,34,473,0.0021141649048625794
leave,stepmother,1,35,473,0.0021141649048625794
leave,cutter,1,36,473,0.0021141649048625794
leave,hansel,1,37,473,0.0021141649048625794
leave,pascal,1,38,473,0.0021141649048625794
leave,some,1,39,473,0.0021141649048625794
leave,hood,1,40,473,0.0021141649048625794
leave,this,1,41,473,0.0021141649048625794
leave,carnival,1,42,473,0.0021141649048625794
leave,shannon,1,43,473,0.0021141649048625794
leave,parent,1,44,473,0.0021141649048625794
leave,mckayla,1,45,473,0.0021141649048625794
leave,matthew,1,46,473,0.0021141649048625794
leave,maggie,1,47,473,0.0021141649048625794
leave,och,1,48,473,0.0021141649048625794
leave,mommy,1,49,473,0.0021141649048625794
leave,doctor,1,50,473,0.0021141649048625794
leave,jim,1,51,473,0.0021141649048625794
leave,michelle,1,52,473,0.0021141649048625794
leave,boy,1,53,473,0.0021141649048625794
leave,holly,1,54,473,0.0021141649048625794
leave,useta,1,55,473,0.0021141649048625794
leave,darren,1,56,473,0.0021141649048625794
leave,michael,1,57,473,0.0021141649048625794
leave,mike,1,58,473,0.0021141649048625794
leave,meghan,1,59,473,0.0021141649048625794
leave,meaghan,1,60,473,0.0021141649048625794
leave,none,1,61,473,0.0021141649048625794
leave,father,1,62,473,0.0021141649048625794
leave,guy,1,63,473,0.0021141649048625794
leave,mat,1,64,473,0.0021141649048625794
leave,one,1,65,473,0.0021141649048625794
leave,lady,1,66,473,0.0021141649048625794
ask,i,149,1,470,0.3170212765957447
ask,you,141,2,470,0.3
ask,he,37,3,470,0.07872340425531915
ask,she,31,4,470,0.06595744680851064
ask,we,30,5,470,0.06382978723404255
ask,they,9,6,470,0.019148936170212766
ask,it,5,7,470,0.010638297872340425
ask,roman,4,8,470,0.00851063829787234
ask,mother,3,9,470,0.006382978723404255
ask,claude,3,10,470,0.006382978723404255
ask,tam,3,11,470,0.006382978723404255
ask,who,2,12,470,0.00425531914893617
ask,someone,2,13,470,0.00425531914893617
ask,nobody,2,14,470,0.00425531914893617
ask,baby,2,15,470,0.00425531914893617
ask,karen,2,16,470,0.00425531914893617
ask,bill,2,17,470,0.00425531914893617
ask,somebody,1,18,470,0.002127659574468085
ask,melissa,1,19,470,0.002127659574468085
ask,owl,1,20,470,0.002127659574468085
ask,teacher,1,21,470,0.002127659574468085
ask,guy,1,22,470,0.002127659574468085
ask,miss,1,23,470,0.002127659574468085
ask,charles,1,24,470,0.002127659574468085
ask,official,1,25,470,0.002127659574468085
ask,lunch,1,26,470,0.002127659574468085
ask,rosamund,1,27,470,0.002127659574468085
ask,alice,1,28,470,0.002127659574468085
ask,one,1,29,470,0.002127659574468085
ask,hasta,1,30,470,0.002127659574468085
ask,sister,1,31,470,0.002127659574468085
ask,everything,1,32,470,0.002127659574468085
ask,whisper,1,33,470,0.002127659574468085
ask,peter,1,34,470,0.002127659574468085
ask,pascal,1,35,470,0.002127659574468085
ask,rabbit,1,36,470,0.002127659574468085
ask,that,1,37,470,0.002127659574468085
ask,donald,1,38,470,0.002127659574468085
ask,mommy,1,39,470,0.002127659574468085
ask,what,1,40,470,0.002127659574468085
ask,wolf,1,41,470,0.002127659574468085
ask,two,1,42,470,0.002127659574468085
ask,dusty,1,43,470,0.002127659574468085
ask,brohas,1,44,470,0.002127659574468085
ask,chi,1,45,470,0.002127659574468085
ask,bro,1,46,470,0.002127659574468085
ask,ross,1,47,470,0.002127659574468085
ask,rossy,1,48,470,0.002127659574468085
ask,james,1,49,470,0.002127659574468085
ask,sophie,1,50,470,0.002127659574468085
ask,maggie,1,51,470,0.002127659574468085
ask,mum,1,52,470,0.002127659574468085
ask,customer,1,53,470,0.002127659574468085
ask,daddy,1,54,470,0.002127659574468085
ask,missuswilson,1,55,470,0.002127659574468085
ask,page,1,56,470,0.002127659574468085
ask,mummy,1,57,470,0.002127659574468085
ask,heidi,1,58,470,0.002127659574468085
ask,hin,1,59,470,0.002127659574468085
ask,question,1,60,470,0.002127659574468085
stay,you,122,1,468,0.2606837606837607
stay,he,121,2,468,0.25854700854700857
stay,it,49,3,468,0.1047008547008547
stay,i,26,4,468,0.05555555555555555
stay,they,26,5,468,0.05555555555555555
stay,we,24,6,468,0.05128205128205128
stay,she,18,7,468,0.038461538461538464
stay,that,13,8,468,0.027777777777777776
stay,sarah,3,9,468,0.00641025641025641
stay,person,3,10,468,0.00641025641025641
stay,one,3,11,468,0.00641025641025641
stay,hat,3,12,468,0.00641025641025641
stay,hair,2,13,468,0.004273504273504274
stay,what,2,14,468,0.004273504273504274
stay,dog,2,15,468,0.004273504273504274
stay,this,2,16,468,0.004273504273504274
stay,man,2,17,468,0.004273504273504274
stay,mom,2,18,468,0.004273504273504274
stay,guy,2,19,468,0.004273504273504274
stay,santaclaus,1,20,468,0.002136752136752137
stay,teacher,1,21,468,0.002136752136752137
stay,plant,1,22,468,0.002136752136752137
stay,daddy,1,23,468,0.002136752136752137
stay,cat,1,24,468,0.002136752136752137
stay,child,1,25,468,0.002136752136752137
stay,conner,1,26,468,0.002136752136752137
stay,chi,1,27,468,0.002136752136752137
stay,dolphin,1,28,468,0.002136752136752137
stay,sugar,1,29,468,0.002136752136752137
stay,balloon,1,30,468,0.002136752136752137
stay,donald,1,31,468,0.002136752136752137
stay,boy,1,32,468,0.002136752136752137
stay,cocoon,1,33,468,0.002136752136752137
stay,boot,1,34,468,0.002136752136752137
stay,book,1,35,468,0.002136752136752137
stay,tail,1,36,468,0.002136752136752137
stay,koda,1,37,468,0.002136752136752137
stay,grandpa,1,38,468,0.002136752136752137
stay,baby,1,39,468,0.002136752136752137
stay,kathryn,1,40,468,0.002136752136752137
stay,och,1,41,468,0.002136752136752137
stay,cristopher,1,42,468,0.002136752136752137
stay,mummie,1,43,468,0.002136752136752137
stay,bell,1,44,468,0.002136752136752137
stay,aerial,1,45,468,0.002136752136752137
stay,bum,1,46,468,0.002136752136752137
stay,sposta,1,47,468,0.002136752136752137
stay,submarine,1,48,468,0.002136752136752137
stay,block,1,49,468,0.002136752136752137
stay,mummy,1,50,468,0.002136752136752137
stay,helicopter,1,51,468,0.002136752136752137
stay,blanket,1,52,468,0.002136752136752137
stay,kate,1,53,468,0.002136752136752137
stay,hasta,1,54,468,0.002136752136752137
stay,light,1,55,468,0.002136752136752137
stay,clothes,1,56,468,0.002136752136752137
stay,monkey,1,57,468,0.002136752136752137
stay,diaper,1,58,468,0.002136752136752137
stay,ladder,1,59,468,0.002136752136752137
stay,circle,1,60,468,0.002136752136752137
stay,side,1,61,468,0.002136752136752137
stay,roof,1,62,468,0.002136752136752137
bet,i,446,1,456,0.9780701754385965
bet,you,7,2,456,0.015350877192982455
bet,he,1,3,456,0.0021929824561403508
bet,they,1,4,456,0.0021929824561403508
bet,this,1,5,456,0.0021929824561403508
wear,you,127,1,445,0.2853932584269663
wear,he,107,2,445,0.24044943820224718
wear,i,38,3,445,0.0853932584269663
wear,boy,34,4,445,0.07640449438202247
wear,she,29,5,445,0.0651685393258427
wear,they,24,6,445,0.05393258426966292
wear,who,20,7,445,0.0449438202247191
wear,jasmine,6,8,445,0.01348314606741573
wear,we,4,9,445,0.008988764044943821
wear,daddy,3,10,445,0.006741573033707865
wear,mommy,3,11,445,0.006741573033707865
wear,it,3,12,445,0.006741573033707865
wear,girl,3,13,445,0.006741573033707865
wear,driver,3,14,445,0.006741573033707865
wear,dog,2,15,445,0.0044943820224719105
wear,bozo,2,16,445,0.0044943820224719105
wear,that,2,17,445,0.0044943820224719105
wear,policeman,2,18,445,0.0044943820224719105
wear,firemen,2,19,445,0.0044943820224719105
wear,person,2,20,445,0.0044943820224719105
wear,somebody,1,21,445,0.0022471910112359553
wear,tj,1,22,445,0.0022471910112359553
wear,guy,1,23,445,0.0022471910112359553
wear,ballerina,1,24,445,0.0022471910112359553
wear,mother,1,25,445,0.0022471910112359553
wear,type,1,26,445,0.0022471910112359553
wear,uncle,1,27,445,0.0022471910112359553
wear,frog,1,28,445,0.0022471910112359553
wear,one,1,29,445,0.0022471910112359553
wear,flopsie,1,30,445,0.0022471910112359553
wear,everybody,1,31,445,0.0022471910112359553
wear,kathryn,1,32,445,0.0022471910112359553
wear,useta,1,33,445,0.0022471910112359553
wear,jo,1,34,445,0.0022471910112359553
wear,robber,1,35,445,0.0022471910112359553
wear,purdie,1,36,445,0.0022471910112359553
wear,some,1,37,445,0.0022471910112359553
wear,bone,1,38,445,0.0022471910112359553
wear,fireman,1,39,445,0.0022471910112359553
wear,queen,1,40,445,0.0022471910112359553
wear,mummy,1,41,445,0.0022471910112359553
wear,king,1,42,445,0.0022471910112359553
wear,mummie,1,43,445,0.0022471910112359553
wear,jasmie,1,44,445,0.0022471910112359553
wear,baby,1,45,445,0.0022471910112359553
wear,helen,1,46,445,0.0022471910112359553
wear,grandmas,1,47,445,0.0022471910112359553
wear,mailman,1,48,445,0.0022471910112359553
wear,johnny,1,49,445,0.0022471910112359553
let,you,128,1,435,0.2942528735632184
let,i,100,2,435,0.22988505747126436
let,we,45,3,435,0.10344827586206896
let,he,19,4,435,0.04367816091954023
let,they,16,5,435,0.0367816091954023
let,she,12,6,435,0.027586206896551724
let,what,9,7,435,0.020689655172413793
let,it,8,8,435,0.01839080459770115
let,adam,6,9,435,0.013793103448275862
let,that,5,10,435,0.011494252873563218
let,honey,3,11,435,0.006896551724137931
let,mum,3,12,435,0.006896551724137931
let,sarah,2,13,435,0.004597701149425287
let,mommy,2,14,435,0.004597701149425287
let,sam,2,15,435,0.004597701149425287
let,chi,2,16,435,0.004597701149425287
let,man,2,17,435,0.004597701149425287
let,ross,2,18,435,0.004597701149425287
let,teacher,2,19,435,0.004597701149425287
let,gillian,2,20,435,0.004597701149425287
let,mummy,2,21,435,0.004597701149425287
let,mom,2,22,435,0.004597701149425287
let,kiki,1,23,435,0.0022988505747126436
let,paul,1,24,435,0.0022988505747126436
let,peter,1,25,435,0.0022988505747126436
let,nana,1,26,435,0.0022988505747126436
let,lenny,1,27,435,0.0022988505747126436
let,table,1,28,435,0.0022988505747126436
let,pascal,1,29,435,0.0022988505747126436
let,christopher,1,30,435,0.0022988505747126436
let,doctor,1,31,435,0.0022988505747126436
let,grizzly,1,32,435,0.0022988505747126436
let,betty,1,33,435,0.0022988505747126436
let,mother,1,34,435,0.0022988505747126436
let,trout,1,35,435,0.0022988505747126436
let,bro,1,36,435,0.0022988505747126436
let,nicky,1,37,435,0.0022988505747126436
let,abe,1,38,435,0.0022988505747126436
let,miss,1,39,435,0.0022988505747126436
let,howabout,1,40,435,0.0022988505747126436
let,daddy,1,41,435,0.0022988505747126436
let,lizard,1,42,435,0.0022988505747126436
let,green,1,43,435,0.0022988505747126436
let,question,1,44,435,0.0022988505747126436
let,roman,1,45,435,0.0022988505747126436
let,auntjune,1,46,435,0.0022988505747126436
let,hadta,1,47,435,0.0022988505747126436
let,conor,1,48,435,0.0022988505747126436
let,greta,1,49,435,0.0022988505747126436
let,who,1,50,435,0.0022988505747126436
let,purdie,1,51,435,0.0022988505747126436
let,machine,1,52,435,0.0022988505747126436
let,house,1,53,435,0.0022988505747126436
let,police,1,54,435,0.0022988505747126436
let,train,1,55,435,0.0022988505747126436
let,red,1,56,435,0.0022988505747126436
let,pink,1,57,435,0.0022988505747126436
let,talking,1,58,435,0.0022988505747126436
let,good,1,59,435,0.0022988505747126436
let,toot,1,60,435,0.0022988505747126436
let,many,1,61,435,0.0022988505747126436
let,zebra,1,62,435,0.0022988505747126436
let,friend,1,63,435,0.0022988505747126436
let,bonnie,1,64,435,0.0022988505747126436
let,darling,1,65,435,0.0022988505747126436
let,one,1,66,435,0.0022988505747126436
let,father,1,67,435,0.0022988505747126436
let,harry,1,68,435,0.0022988505747126436
let,this,1,69,435,0.0022988505747126436
let,cool,1,70,435,0.0022988505747126436
let,something,1,71,435,0.0022988505747126436
let,neat,1,72,435,0.0022988505747126436
let,papap,1,73,435,0.0022988505747126436
let,any,1,74,435,0.0022988505747126436
let,mag,1,75,435,0.0022988505747126436
let,sullivan,1,76,435,0.0022988505747126436
let,indian,1,77,435,0.0022988505747126436
let,all,1,78,435,0.0022988505747126436
let,person,1,79,435,0.0022988505747126436
let,toy,1,80,435,0.0022988505747126436
let,palmer,1,81,435,0.0022988505747126436
let,sean,1,82,435,0.0022988505747126436
let,chris,1,83,435,0.0022988505747126436
fit,it,135,1,429,0.3146853146853147
fit,they,77,2,429,0.1794871794871795
fit,that,46,3,429,0.10722610722610723
fit,he,31,4,429,0.07226107226107226
fit,she,16,5,429,0.037296037296037296
fit,this,15,6,429,0.03496503496503497
fit,you,14,7,429,0.03263403263403263
fit,one,10,8,429,0.023310023310023312
fit,we,8,9,429,0.018648018648018648
fit,i,7,10,429,0.016317016317016316
fit,car,5,11,429,0.011655011655011656
fit,useta,4,12,429,0.009324009324009324
fit,person,3,13,429,0.006993006993006993
fit,what,2,14,429,0.004662004662004662
fit,everything,2,15,429,0.004662004662004662
fit,nothing,2,16,429,0.004662004662004662
fit,bit,2,17,429,0.004662004662004662
fit,man,2,18,429,0.004662004662004662
fit,baby,2,19,429,0.004662004662004662
fit,hand,2,20,429,0.004662004662004662
fit,two,2,21,429,0.004662004662004662
fit,most,1,22,429,0.002331002331002331
fit,outfit,1,23,429,0.002331002331002331
fit,tire,1,24,429,0.002331002331002331
fit,nobody,1,25,429,0.002331002331002331
fit,clothes,1,26,429,0.002331002331002331
fit,piece,1,27,429,0.002331002331002331
fit,head,1,28,429,0.002331002331002331
fit,bus,1,29,429,0.002331002331002331
fit,chi,1,30,429,0.002331002331002331
fit,glasses,1,31,429,0.002331002331002331
fit,coat,1,32,429,0.002331002331002331
fit,both,1,33,429,0.002331002331002331
fit,leg,1,34,429,0.002331002331002331
fit,key,1,35,429,0.002331002331002331
fit,uniform,1,36,429,0.002331002331002331
fit,joseph,1,37,429,0.002331002331002331
fit,anything,1,38,429,0.002331002331002331
fit,foot,1,39,429,0.002331002331002331
fit,annie,1,40,429,0.002331002331002331
fit,brick,1,41,429,0.002331002331002331
fit,window,1,42,429,0.002331002331002331
fit,ken,1,43,429,0.002331002331002331
fit,chair,1,44,429,0.002331002331002331
fit,hmhunh,1,45,429,0.002331002331002331
fit,kid,1,46,429,0.002331002331002331
fit,thing,1,47,429,0.002331002331002331
fit,boy,1,48,429,0.002331002331002331
fit,some,1,49,429,0.002331002331002331
fit,fireextingusher,1,50,429,0.002331002331002331
fit,cycle,1,51,429,0.002331002331002331
fit,square,1,52,429,0.002331002331002331
fit,punishment,1,53,429,0.002331002331002331
fit,track,1,54,429,0.002331002331002331
fit,umbrella,1,55,429,0.002331002331002331
fit,bucket,1,56,429,0.002331002331002331
fit,trapeze,1,57,429,0.002331002331002331
fit,neck,1,58,429,0.002331002331002331
fit,giraffe,1,59,429,0.002331002331002331
fit,lion,1,60,429,0.002331002331002331
fit,ladder,1,61,429,0.002331002331002331
fit,bike,1,62,429,0.002331002331002331
fit,ring,1,63,429,0.002331002331002331
forget,i,227,1,429,0.5291375291375291
forget,you,122,2,429,0.28438228438228436
forget,we,38,3,429,0.08857808857808858
forget,she,8,4,429,0.018648018648018648
forget,they,8,5,429,0.018648018648018648
forget,he,7,6,429,0.016317016317016316
forget,tyler,4,7,429,0.009324009324009324
forget,parent,1,8,429,0.002331002331002331
forget,alice,1,9,429,0.002331002331002331
forget,madame,1,10,429,0.002331002331002331
forget,hood,1,11,429,0.002331002331002331
forget,daughter,1,12,429,0.002331002331002331
forget,heughie,1,13,429,0.002331002331002331
forget,somebody,1,14,429,0.002331002331002331
forget,everybody,1,15,429,0.002331002331002331
forget,daddy,1,16,429,0.002331002331002331
forget,cathy,1,17,429,0.002331002331002331
forget,mummy,1,18,429,0.002331002331002331
forget,mum,1,19,429,0.002331002331002331
forget,bit,1,20,429,0.002331002331002331
forget,what,1,21,429,0.002331002331002331
forget,tay,1,22,429,0.002331002331002331
hurt,it,113,1,426,0.2652582159624413
hurt,you,75,2,426,0.176056338028169
hurt,he,48,3,426,0.11267605633802817
hurt,that,41,4,426,0.09624413145539906
hurt,they,26,5,426,0.06103286384976526
hurt,she,24,6,426,0.056338028169014086
hurt,i,16,7,426,0.03755868544600939
hurt,belly,6,8,426,0.014084507042253521
hurt,tummy,5,9,426,0.011737089201877934
hurt,throat,4,10,426,0.009389671361502348
hurt,ear,4,11,426,0.009389671361502348
hurt,tooth,3,12,426,0.007042253521126761
hurt,monkey,3,13,426,0.007042253521126761
hurt,head,3,14,426,0.007042253521126761
hurt,foot,3,15,426,0.007042253521126761
hurt,boy,3,16,426,0.007042253521126761
hurt,what,2,17,426,0.004694835680751174
hurt,stomach,2,18,426,0.004694835680751174
hurt,momma,2,19,426,0.004694835680751174
hurt,person,2,20,426,0.004694835680751174
hurt,we,2,21,426,0.004694835680751174
hurt,eye,2,22,426,0.004694835680751174
hurt,someone,2,23,426,0.004694835680751174
hurt,tongue,1,24,426,0.002347417840375587
hurt,ribbon,1,25,426,0.002347417840375587
hurt,something,1,26,426,0.002347417840375587
hurt,natalie,1,27,426,0.002347417840375587
hurt,sis,1,28,426,0.002347417840375587
hurt,whatchamacallit,1,29,426,0.002347417840375587
hurt,electricity,1,30,426,0.002347417840375587
hurt,jewel,1,31,426,0.002347417840375587
hurt,bull,1,32,426,0.002347417840375587
hurt,mouth,1,33,426,0.002347417840375587
hurt,one,1,34,426,0.002347417840375587
hurt,sugar,1,35,426,0.002347417840375587
hurt,my,1,36,426,0.002347417840375587
hurt,your,1,37,426,0.002347417840375587
hurt,back,1,38,426,0.002347417840375587
hurt,useta,1,39,426,0.002347417840375587
hurt,mender,1,40,426,0.002347417840375587
hurt,snip,1,41,426,0.002347417840375587
hurt,snake,1,42,426,0.002347417840375587
hurt,finger,1,43,426,0.002347417840375587
hurt,nose,1,44,426,0.002347417840375587
hurt,thing,1,45,426,0.002347417840375587
hurt,needle,1,46,426,0.002347417840375587
hurt,bottom,1,47,426,0.002347417840375587
hurt,elbow,1,48,426,0.002347417840375587
hurt,microphone,1,49,426,0.002347417840375587
hurt,breath,1,50,426,0.002347417840375587
hurt,lady,1,51,426,0.002347417840375587
hurt,player,1,52,426,0.002347417840375587
hurt,thunderstorm,1,53,426,0.002347417840375587
hurt,daddy,1,54,426,0.002347417840375587
hurt,ankle,1,55,426,0.002347417840375587
hurt,sun,1,56,426,0.002347417840375587
hurt,noise,1,57,426,0.002347417840375587
hurt,lion,1,58,426,0.002347417840375587
live,they,46,1,425,0.10823529411764705
live,he,45,2,425,0.10588235294117647
live,she,43,3,425,0.1011764705882353
live,who,42,4,425,0.0988235294117647
live,you,37,5,425,0.08705882352941176
live,i,37,6,425,0.08705882352941176
live,we,28,7,425,0.06588235294117648
live,that,14,8,425,0.03294117647058824
live,person,10,9,425,0.023529411764705882
live,it,5,10,425,0.011764705882352941
live,monkie,5,11,425,0.011764705882352941
live,useta,4,12,425,0.009411764705882352
live,dinosaur,4,13,425,0.009411764705882352
live,thing,3,14,425,0.007058823529411765
live,animal,3,15,425,0.007058823529411765
live,grandma,3,16,425,0.007058823529411765
live,andrew,3,17,425,0.007058823529411765
live,family,3,18,425,0.007058823529411765
live,nana,3,19,425,0.007058823529411765
live,man,2,20,425,0.004705882352941176
live,santa,2,21,425,0.004705882352941176
live,sister,2,22,425,0.004705882352941176
live,sort,2,23,425,0.004705882352941176
live,lady,2,24,425,0.004705882352941176
live,owl,2,25,425,0.004705882352941176
live,daddy,2,26,425,0.004705882352941176
live,mummy,2,27,425,0.004705882352941176
live,delila,2,28,425,0.004705882352941176
live,farmer,2,29,425,0.004705882352941176
live,timothy,1,30,425,0.002352941176470588
live,whale,1,31,425,0.002352941176470588
live,skunk,1,32,425,0.002352941176470588
live,girlfriend,1,33,425,0.002352941176470588
live,girl,1,34,425,0.002352941176470588
live,fish,1,35,425,0.002352941176470588
live,dog,1,36,425,0.002352941176470588
live,giant,1,37,425,0.002352941176470588
live,sis,1,38,425,0.002352941176470588
live,winnie,1,39,425,0.002352941176470588
live,witch,1,40,425,0.002352941176470588
live,grandmother,1,41,425,0.002352941176470588
live,god,1,42,425,0.002352941176470588
live,jason,1,43,425,0.002352941176470588
live,mind,1,44,425,0.002352941176470588
live,ross,1,45,425,0.002352941176470588
live,lion,1,46,425,0.002352941176470588
live,parent,1,47,425,0.002352941176470588
live,needta,1,48,425,0.002352941176470588
live,woebegone,1,49,425,0.002352941176470588
live,bear,1,50,425,0.002352941176470588
live,clifford,1,51,425,0.002352941176470588
live,tracey,1,52,425,0.002352941176470588
live,hannah,1,53,425,0.002352941176470588
live,tommy,1,54,425,0.002352941176470588
live,mother,1,55,425,0.002352941176470588
live,bikermice,1,56,425,0.002352941176470588
live,mike,1,57,425,0.002352941176470588
live,jack,1,58,425,0.002352941176470588
live,purdie,1,59,425,0.002352941176470588
live,nan,1,60,425,0.002352941176470588
live,somebody,1,61,425,0.002352941176470588
live,jeannine,1,62,425,0.002352941176470588
live,any,1,63,425,0.002352941176470588
live,jona,1,64,425,0.002352941176470588
live,jessie,1,65,425,0.002352941176470588
live,ruth,1,66,425,0.002352941176470588
live,browniethedog,1,67,425,0.002352941176470588
live,auntysharon,1,68,425,0.002352941176470588
live,fox,1,69,425,0.002352941176470588
live,bus,1,70,425,0.002352941176470588
live,adam,1,71,425,0.002352941176470588
live,cat,1,72,425,0.002352941176470588
live,truck,1,73,425,0.002352941176470588
live,lynne,1,74,425,0.002352941176470588
live,pilchard,1,75,425,0.002352941176470588
live,tom,1,76,425,0.002352941176470588
live,kick,1,77,425,0.002352941176470588
live,shark,1,78,425,0.002352941176470588
live,someone,1,79,425,0.002352941176470588
live,grandpasname,1,80,425,0.002352941176470588
live,cousin,1,81,425,0.002352941176470588
live,monkey,1,82,425,0.002352941176470588
live,don,1,83,425,0.002352941176470588
live,indian,1,84,425,0.002352941176470588
live,snake,1,85,425,0.002352941176470588
live,pig,1,86,425,0.002352941176470588
live,boy,1,87,425,0.002352941176470588
live,everybody,1,88,425,0.002352941176470588
live,neighbor,1,89,425,0.002352941176470588
live,ranger,1,90,425,0.002352941176470588
live,president,1,91,425,0.002352941176470588
live,monster,1,92,425,0.002352941176470588
live,hermit,1,93,425,0.002352941176470588
live,giraffe,1,94,425,0.002352941176470588
live,anybody,1,95,425,0.002352941176470588
live,aunt,1,96,425,0.002352941176470588
finish,you,211,1,410,0.5146341463414634
finish,we,81,2,410,0.1975609756097561
finish,i,54,3,410,0.13170731707317074
finish,he,18,4,410,0.04390243902439024
finish,she,8,5,410,0.01951219512195122
finish,all,7,6,410,0.01707317073170732
finish,they,7,7,410,0.01707317073170732
finish,who,2,8,410,0.004878048780487805
finish,guy,2,9,410,0.004878048780487805
finish,it,2,10,410,0.004878048780487805
finish,marie,1,11,410,0.0024390243902439024
finish,mother,1,12,410,0.0024390243902439024
finish,andy,1,13,410,0.0024390243902439024
finish,wife,1,14,410,0.0024390243902439024
finish,anna,1,15,410,0.0024390243902439024
finish,chi,1,16,410,0.0024390243902439024
finish,sis,1,17,410,0.0024390243902439024
finish,youall,1,18,410,0.0024390243902439024
finish,dress,1,19,410,0.0024390243902439024
finish,school,1,20,410,0.0024390243902439024
finish,abe,1,21,410,0.0024390243902439024
finish,what,1,22,410,0.0024390243902439024
finish,sophie,1,23,410,0.0024390243902439024
finish,youse,1,24,410,0.0024390243902439024
finish,adam,1,25,410,0.0024390243902439024
finish,that,1,26,410,0.0024390243902439024
finish,mister,1,27,410,0.0024390243902439024
finish,helen,1,28,410,0.0024390243902439024
watch,you,173,1,403,0.4292803970223325
watch,we,49,2,403,0.12158808933002481
watch,i,44,3,403,0.10918114143920596
watch,who,36,4,403,0.08933002481389578
watch,they,16,5,403,0.03970223325062035
watch,she,13,6,403,0.03225806451612903
watch,he,13,7,403,0.03225806451612903
watch,cat,5,8,403,0.01240694789081886
watch,daddy,3,9,403,0.007444168734491315
watch,camera,2,10,403,0.004962779156327543
watch,kitty,2,11,403,0.004962779156327543
watch,animal,2,12,403,0.004962779156327543
watch,piggy,2,13,403,0.004962779156327543
watch,person,2,14,403,0.004962779156327543
watch,guy,2,15,403,0.004962779156327543
watch,it,2,16,403,0.004962779156327543
watch,tom,2,17,403,0.004962779156327543
watch,mom,2,18,403,0.004962779156327543
watch,baby,2,19,403,0.004962779156327543
watch,paul,1,20,403,0.0024813895781637717
watch,bob,1,21,403,0.0024813895781637717
watch,chi,1,22,403,0.0024813895781637717
watch,tanya,1,23,403,0.0024813895781637717
watch,two,1,24,403,0.0024813895781637717
watch,mouse,1,25,403,0.0024813895781637717
watch,guest,1,26,403,0.0024813895781637717
watch,kitten,1,27,403,0.0024813895781637717
watch,nobody,1,28,403,0.0024813895781637717
watch,donald,1,29,403,0.0024813895781637717
watch,bunny,1,30,403,0.0024813895781637717
watch,ross,1,31,403,0.0024813895781637717
watch,marky,1,32,403,0.0024813895781637717
watch,god,1,33,403,0.0024813895781637717
watch,horse,1,34,403,0.0024813895781637717
watch,kathryn,1,35,403,0.0024813895781637717
watch,somebody,1,36,403,0.0024813895781637717
watch,anybody,1,37,403,0.0024813895781637717
watch,purdie,1,38,403,0.0024813895781637717
watch,admirer,1,39,403,0.0024813895781637717
watch,girl,1,40,403,0.0024813895781637717
watch,mummy,1,41,403,0.0024813895781637717
watch,this,1,42,403,0.0024813895781637717
watch,dad,1,43,403,0.0024813895781637717
watch,daughter,1,44,403,0.0024813895781637717
watch,bear,1,45,403,0.0024813895781637717
watch,duckie,1,46,403,0.0024813895781637717
watch,teddy,1,47,403,0.0024813895781637717
watch,mother,1,48,403,0.0024813895781637717
watch,lady,1,49,403,0.0024813895781637717
watch,timmy,1,50,403,0.0024813895781637717
drive,you,92,1,403,0.228287841191067
drive,i,68,2,403,0.1687344913151365
drive,he,44,3,403,0.10918114143920596
drive,who,40,4,403,0.09925558312655088
drive,we,30,5,403,0.07444168734491315
drive,they,20,6,403,0.04962779156327544
drive,she,20,7,403,0.04962779156327544
drive,that,11,8,403,0.02729528535980149
drive,it,5,9,403,0.01240694789081886
drive,dog,4,10,403,0.009925558312655087
drive,useta,4,11,403,0.009925558312655087
drive,daddy,3,12,403,0.007444168734491315
drive,mommy,2,13,403,0.004962779156327543
drive,person,2,14,403,0.004962779156327543
drive,someone,2,15,403,0.004962779156327543
drive,truck,2,16,403,0.004962779156327543
drive,clown,2,17,403,0.004962779156327543
drive,boy,2,18,403,0.004962779156327543
drive,man,2,19,403,0.004962779156327543
drive,one,2,20,403,0.004962779156327543
drive,mummy,2,21,403,0.004962779156327543
drive,car,2,22,403,0.004962779156327543
drive,girl,2,23,403,0.004962779156327543
drive,bear,2,24,403,0.004962779156327543
drive,needta,2,25,403,0.004962779156327543
drive,duck,1,26,403,0.0024813895781637717
drive,child,1,27,403,0.0024813895781637717
drive,firstname,1,28,403,0.0024813895781637717
drive,kid,1,29,403,0.0024813895781637717
drive,stranger,1,30,403,0.0024813895781637717
drive,conor,1,31,403,0.0024813895781637717
drive,chauffeur,1,32,403,0.0024813895781637717
drive,baby,1,33,403,0.0024813895781637717
drive,cat,1,34,403,0.0024813895781637717
drive,purdie,1,35,403,0.0024813895781637717
drive,driver,1,36,403,0.0024813895781637717
drive,sam,1,37,403,0.0024813895781637717
drive,grandad,1,38,403,0.0024813895781637717
drive,motorcyclist,1,39,403,0.0024813895781637717
drive,unclesid,1,40,403,0.0024813895781637717
drive,train,1,41,403,0.0024813895781637717
drive,van,1,42,403,0.0024813895781637717
drive,nick,1,43,403,0.0024813895781637717
drive,hairdresser,1,44,403,0.0024813895781637717
drive,dad,1,45,403,0.0024813895781637717
drive,guy,1,46,403,0.0024813895781637717
drive,firetruck,1,47,403,0.0024813895781637717
drive,xman,1,48,403,0.0024813895781637717
drive,doctor,1,49,403,0.0024813895781637717
drive,somebody,1,50,403,0.0024813895781637717
drive,roadblock,1,51,403,0.0024813895781637717
drive,small,1,52,403,0.0024813895781637717
drive,granny,1,53,403,0.0024813895781637717
drive,captain,1,54,403,0.0024813895781637717
drive,dinosaur,1,55,403,0.0024813895781637717
drive,anybody,1,56,403,0.0024813895781637717
drive,doggie,1,57,403,0.0024813895781637717
drive,hasta,1,58,403,0.0024813895781637717
drive,uncle,1,59,403,0.0024813895781637717
drive,momma,1,60,403,0.0024813895781637717
drive,what,1,61,403,0.0024813895781637717
pick,you,146,1,400,0.365
pick,i,76,2,400,0.19
pick,they,43,3,400,0.1075
pick,he,29,4,400,0.0725
pick,we,27,5,400,0.0675
pick,she,18,6,400,0.045
pick,who,12,7,400,0.03
pick,it,8,8,400,0.02
pick,boy,4,9,400,0.01
pick,chi,4,10,400,0.01
pick,girl,3,11,400,0.0075
pick,that,2,12,400,0.005
pick,sal,2,13,400,0.005
pick,mic,1,14,400,0.0025
pick,bozo,1,15,400,0.0025
pick,anyone,1,16,400,0.0025
pick,firstname,1,17,400,0.0025
pick,somebody,1,18,400,0.0025
pick,honey,1,19,400,0.0025
pick,giant,1,20,400,0.0025
pick,baby,1,21,400,0.0025
pick,youall,1,22,400,0.0025
pick,kid,1,23,400,0.0025
pick,bud,1,24,400,0.0025
pick,bus,1,25,400,0.0025
pick,child,1,26,400,0.0025
pick,machine,1,27,400,0.0025
pick,cement,1,28,400,0.0025
pick,daddy,1,29,400,0.0025
pick,thomas,1,30,400,0.0025
pick,one,1,31,400,0.0025
pick,nana,1,32,400,0.0025
pick,lynne,1,33,400,0.0025
pick,ipad,1,34,400,0.0025
pick,bonnie,1,35,400,0.0025
pick,turn,1,36,400,0.0025
pick,mommy,1,37,400,0.0025
pick,bill,1,38,400,0.0025
pick,elephant,1,39,400,0.0025
would,you,145,1,395,0.3670886075949367
would,it,73,2,395,0.1848101265822785
would,i,45,3,395,0.11392405063291139
would,they,32,4,395,0.0810126582278481
would,he,27,5,395,0.06835443037974684
would,she,24,6,395,0.060759493670886074
would,we,12,7,395,0.030379746835443037
would,that,9,8,395,0.02278481012658228
would,one,3,9,395,0.007594936708860759
would,baby,3,10,395,0.007594936708860759
would,thing,2,11,395,0.005063291139240506
would,go,2,12,395,0.005063291139240506
would,cupcake,1,13,395,0.002531645569620253
would,uncle,1,14,395,0.002531645569620253
would,my,1,15,395,0.002531645569620253
would,bill,1,16,395,0.002531645569620253
would,child,1,17,395,0.002531645569620253
would,jackie,1,18,395,0.002531645569620253
would,windmill,1,19,395,0.002531645569620253
would,person,1,20,395,0.002531645569620253
would,what,1,21,395,0.002531645569620253
would,fox,1,22,395,0.002531645569620253
would,type,1,23,395,0.002531645569620253
would,sticker,1,24,395,0.002531645569620253
would,myself,1,25,395,0.002531645569620253
would,nathan,1,26,395,0.002531645569620253
would,shampoo,1,27,395,0.002531645569620253
would,kevie,1,28,395,0.002531645569620253
would,work,1,29,395,0.002531645569620253
would,who,1,30,395,0.002531645569620253
fly,they,81,1,388,0.20876288659793815
fly,i,61,2,388,0.15721649484536082
fly,owl,60,3,388,0.15463917525773196
fly,he,43,4,388,0.11082474226804123
fly,airplane,31,5,388,0.07989690721649484
fly,it,27,6,388,0.06958762886597938
fly,you,26,7,388,0.06701030927835051
fly,that,14,8,388,0.03608247422680412
fly,balloon,5,9,388,0.01288659793814433
fly,bird,3,10,388,0.007731958762886598
fly,buzz,3,11,388,0.007731958762886598
fly,kitchen,2,12,388,0.005154639175257732
fly,bee,2,13,388,0.005154639175257732
fly,who,2,14,388,0.005154639175257732
fly,broom,2,15,388,0.005154639175257732
fly,she,2,16,388,0.005154639175257732
fly,plane,2,17,388,0.005154639175257732
fly,mean,1,18,388,0.002577319587628866
fly,eagle,1,19,388,0.002577319587628866
fly,santa,1,20,388,0.002577319587628866
fly,we,1,21,388,0.002577319587628866
fly,butterfly,1,22,388,0.002577319587628866
fly,two,1,23,388,0.002577319587628866
fly,baby,1,24,388,0.002577319587628866
fly,heart,1,25,388,0.002577319587628866
fly,tree,1,26,388,0.002577319587628866
fly,vehicle,1,27,388,0.002577319587628866
fly,car,1,28,388,0.002577319587628866
fly,lotof,1,29,388,0.002577319587628866
fly,house,1,30,388,0.002577319587628866
fly,trousers,1,31,388,0.002577319587628866
fly,water,1,32,388,0.002577319587628866
fly,one,1,33,388,0.002577319587628866
fly,girl,1,34,388,0.002577319587628866
fly,what,1,35,388,0.002577319587628866
fly,bunny,1,36,388,0.002577319587628866
fly,boat,1,37,388,0.002577319587628866
fly,flag,1,38,388,0.002577319587628866
fly,sparrow,1,39,388,0.002577319587628866
break,you,90,1,370,0.24324324324324326
break,it,58,2,370,0.15675675675675677
break,he,36,3,370,0.0972972972972973
break,i,33,4,370,0.0891891891891892
break,they,28,5,370,0.07567567567567568
break,that,12,6,370,0.032432432432432434
break,she,10,7,370,0.02702702702702703
break,who,9,8,370,0.024324324324324326
break,one,8,9,370,0.021621621621621623
break,branch,6,10,370,0.016216216216216217
break,we,4,11,370,0.010810810810810811
break,glass,4,12,370,0.010810810810810811
break,landrover,4,13,370,0.010810810810810811
break,careful,3,14,370,0.008108108108108109
break,bone,3,15,370,0.008108108108108109
break,your,3,16,370,0.008108108108108109
break,girl,3,17,370,0.008108108108108109
break,what,2,18,370,0.005405405405405406
break,car,2,19,370,0.005405405405405406
break,everything,2,20,370,0.005405405405405406
break,ayisha,2,21,370,0.005405405405405406
break,ambulance,2,22,370,0.005405405405405406
break,adam,1,23,370,0.002702702702702703
break,nobody,1,24,370,0.002702702702702703
break,vessel,1,25,370,0.002702702702702703
break,teacher,1,26,370,0.002702702702702703
break,bill,1,27,370,0.002702702702702703
break,sarah,1,28,370,0.002702702702702703
break,lot,1,29,370,0.002702702702702703
break,whistle,1,30,370,0.002702702702702703
break,limb,1,31,370,0.002702702702702703
break,sabato,1,32,370,0.002702702702702703
break,chi,1,33,370,0.002702702702702703
break,nothing,1,34,370,0.002702702702702703
break,marky,1,35,370,0.002702702702702703
break,speeder,1,36,370,0.002702702702702703
break,playdough,1,37,370,0.002702702702702703
break,camera,1,38,370,0.002702702702702703
break,end,1,39,370,0.002702702702702703
break,sticker,1,40,370,0.002702702702702703
break,bridge,1,41,370,0.002702702702702703
break,cathy,1,42,370,0.002702702702702703
break,tooth,1,43,370,0.002702702702702703
break,tv,1,44,370,0.002702702702702703
break,noddy,1,45,370,0.002702702702702703
break,train,1,46,370,0.002702702702702703
break,some,1,47,370,0.002702702702702703
break,bag,1,48,370,0.002702702702702703
break,blind,1,49,370,0.002702702702702703
break,glasses,1,50,370,0.002702702702702703
break,handle,1,51,370,0.002702702702702703
break,sponge,1,52,370,0.002702702702702703
break,truck,1,53,370,0.002702702702702703
break,someone,1,54,370,0.002702702702702703
break,coffee,1,55,370,0.002702702702702703
break,friend,1,56,370,0.002702702702702703
break,box,1,57,370,0.002702702702702703
break,person,1,58,370,0.002702702702702703
break,oop,1,59,370,0.002702702702702703
break,tom,1,60,370,0.002702702702702703
break,harry,1,61,370,0.002702702702702703
break,this,1,62,370,0.002702702702702703
break,hose,1,63,370,0.002702702702702703
break,pepper,1,64,370,0.002702702702702703
break,engine,1,65,370,0.002702702702702703
break,chair,1,66,370,0.002702702702702703
break,dish,1,67,370,0.002702702702702703
break,toy,1,68,370,0.002702702702702703
move,you,102,1,354,0.288135593220339
move,i,63,2,354,0.17796610169491525
move,we,60,3,354,0.1694915254237288
move,it,24,4,354,0.06779661016949153
move,he,17,5,354,0.0480225988700565
move,they,14,6,354,0.03954802259887006
move,she,10,7,354,0.02824858757062147
move,that,9,8,354,0.025423728813559324
move,somebody,4,9,354,0.011299435028248588
move,car,3,10,354,0.00847457627118644
move,thing,2,11,354,0.005649717514124294
move,purdie,2,12,354,0.005649717514124294
move,girl,1,13,354,0.002824858757062147
move,sister,1,14,354,0.002824858757062147
move,chi,1,15,354,0.002824858757062147
move,neighbor,1,16,354,0.002824858757062147
move,person,1,17,354,0.002824858757062147
move,chrissy,1,18,354,0.002824858757062147
move,everything,1,19,354,0.002824858757062147
move,cousin,1,20,354,0.002824858757062147
move,lisa,1,21,354,0.002824858757062147
move,air,1,22,354,0.002824858757062147
move,cloud,1,23,354,0.002824858757062147
move,guy,1,24,354,0.002824858757062147
move,this,1,25,354,0.002824858757062147
move,cathy,1,26,354,0.002824858757062147
move,everybody,1,27,354,0.002824858757062147
move,wheel,1,28,354,0.002824858757062147
move,motorcyclist,1,29,354,0.002824858757062147
move,hasta,1,30,354,0.002824858757062147
move,bag,1,31,354,0.002824858757062147
move,eye,1,32,354,0.002824858757062147
move,plane,1,33,354,0.002824858757062147
move,policeman,1,34,354,0.002824858757062147
move,taxi,1,35,354,0.002824858757062147
move,thomas,1,36,354,0.002824858757062147
move,bus,1,37,354,0.002824858757062147
move,hafta,1,38,354,0.002824858757062147
move,bird,1,39,354,0.002824858757062147
move,joshua,1,40,354,0.002824858757062147
move,bonnie,1,41,354,0.002824858757062147
move,head,1,42,354,0.002824858757062147
move,train,1,43,354,0.002824858757062147
move,part,1,44,354,0.002824858757062147
move,caley,1,45,354,0.002824858757062147
move,ambulance,1,46,354,0.002824858757062147
move,ear,1,47,354,0.002824858757062147
move,truck,1,48,354,0.002824858757062147
move,one,1,49,354,0.002824858757062147
move,tail,1,50,354,0.002824858757062147
move,seat,1,51,354,0.002824858757062147
move,hand,1,52,354,0.002824858757062147
move,door,1,53,354,0.002824858757062147
move,fire,1,54,354,0.002824858757062147
move,leg,1,55,354,0.002824858757062147
move,mom,1,56,354,0.002824858757062147
build,he,119,1,350,0.34
build,you,105,2,350,0.3
build,we,48,3,350,0.13714285714285715
build,i,26,4,350,0.07428571428571429
build,they,22,5,350,0.06285714285714286
build,she,3,6,350,0.008571428571428572
build,daddy,3,7,350,0.008571428571428572
build,dad,3,8,350,0.008571428571428572
build,who,2,9,350,0.005714285714285714
build,pg,2,10,350,0.005714285714285714
build,katie,1,11,350,0.002857142857142857
build,mamma,1,12,350,0.002857142857142857
build,rich,1,13,350,0.002857142857142857
build,world,1,14,350,0.002857142857142857
build,dog,1,15,350,0.002857142857142857
build,father,1,16,350,0.002857142857142857
build,someone,1,17,350,0.002857142857142857
build,policeman,1,18,350,0.002857142857142857
build,clown,1,19,350,0.002857142857142857
build,grammy,1,20,350,0.002857142857142857
build,worker,1,21,350,0.002857142857142857
build,that,1,22,350,0.002857142857142857
build,bob,1,23,350,0.002857142857142857
build,house,1,24,350,0.002857142857142857
build,boy,1,25,350,0.002857142857142857
build,parent,1,26,350,0.002857142857142857
build,farmer,1,27,350,0.002857142857142857
hold,you,110,1,343,0.3206997084548105
hold,i,75,2,343,0.21865889212827988
hold,he,38,3,343,0.11078717201166181
hold,she,21,4,343,0.061224489795918366
hold,they,21,5,343,0.061224489795918366
hold,it,11,6,343,0.03206997084548105
hold,that,11,7,343,0.03206997084548105
hold,we,11,8,343,0.03206997084548105
hold,what,4,9,343,0.011661807580174927
hold,who,2,10,343,0.0058309037900874635
hold,doll,2,11,343,0.0058309037900874635
hold,daddy,2,12,343,0.0058309037900874635
hold,octopus,2,13,343,0.0058309037900874635
hold,lady,2,14,343,0.0058309037900874635
hold,girl,2,15,343,0.0058309037900874635
hold,sarah,1,16,343,0.0029154518950437317
hold,donny,1,17,343,0.0029154518950437317
hold,helmet,1,18,343,0.0029154518950437317
hold,theresa,1,19,343,0.0029154518950437317
hold,which,1,20,343,0.0029154518950437317
hold,rudolf,1,21,343,0.0029154518950437317
hold,christopher,1,22,343,0.0029154518950437317
hold,bear,1,23,343,0.0029154518950437317
hold,yo,1,24,343,0.0029154518950437317
hold,winniethepooh,1,25,343,0.0029154518950437317
hold,man,1,26,343,0.0029154518950437317
hold,louise,1,27,343,0.0029154518950437317
hold,guy,1,28,343,0.0029154518950437317
hold,dog,1,29,343,0.0029154518950437317
hold,baby,1,30,343,0.0029154518950437317
hold,greta,1,31,343,0.0029154518950437317
hold,kid,1,32,343,0.0029154518950437317
hold,mummie,1,33,343,0.0029154518950437317
hold,repair,1,34,343,0.0029154518950437317
hold,digger,1,35,343,0.0029154518950437317
hold,my,1,36,343,0.0029154518950437317
hold,this,1,37,343,0.0029154518950437317
hold,child,1,38,343,0.0029154518950437317
hold,soldier,1,39,343,0.0029154518950437317
hold,person,1,40,343,0.0029154518950437317
hold,nan,1,41,343,0.0029154518950437317
hold,tree,1,42,343,0.0029154518950437317
hold,anyone,1,43,343,0.0029154518950437317
hold,somebody,1,44,343,0.0029154518950437317
open,you,98,1,339,0.2890855457227139
open,i,55,2,339,0.16224188790560473
open,we,39,3,339,0.11504424778761062
open,it,27,4,339,0.07964601769911504
open,he,18,5,339,0.05309734513274336
open,that,12,6,339,0.035398230088495575
open,door,11,7,339,0.032448377581120944
open,they,10,8,339,0.029498525073746312
open,she,9,9,339,0.02654867256637168
open,this,4,10,339,0.011799410029498525
open,one,4,11,339,0.011799410029498525
open,eye,3,12,339,0.008849557522123894
open,drawer,2,13,339,0.0058997050147492625
open,key,2,14,339,0.0058997050147492625
open,pascal,2,15,339,0.0058997050147492625
open,conor,2,16,339,0.0058997050147492625
open,lady,2,17,339,0.0058997050147492625
open,baker,2,18,339,0.0058997050147492625
open,garage,2,19,339,0.0058997050147492625
open,paul,1,20,339,0.0029498525073746312
open,mrs,1,21,339,0.0029498525073746312
open,mother,1,22,339,0.0029498525073746312
open,justin,1,23,339,0.0029498525073746312
open,curtain,1,24,339,0.0029498525073746312
open,junior,1,25,339,0.0029498525073746312
open,cinderella,1,26,339,0.0029498525073746312
open,which,1,27,339,0.0029498525073746312
open,rosamund,1,28,339,0.0029498525073746312
open,chi,1,29,339,0.0029498525073746312
open,daddy,1,30,339,0.0029498525073746312
open,minnie,1,31,339,0.0029498525073746312
open,giant,1,32,339,0.0029498525073746312
open,greta,1,33,339,0.0029498525073746312
open,rabbit,1,34,339,0.0029498525073746312
open,snake,1,35,339,0.0029498525073746312
open,sis,1,36,339,0.0029498525073746312
open,flower,1,37,339,0.0029498525073746312
open,somebody,1,38,339,0.0029498525073746312
open,seat,1,39,339,0.0029498525073746312
open,briefcase,1,40,339,0.0029498525073746312
open,mouth,1,41,339,0.0029498525073746312
open,nobody,1,42,339,0.0029498525073746312
open,bakery,1,43,339,0.0029498525073746312
open,gate,1,44,339,0.0029498525073746312
open,back,1,45,339,0.0029498525073746312
open,someone,1,46,339,0.0029498525073746312
open,part,1,47,339,0.0029498525073746312
open,trunk,1,48,339,0.0029498525073746312
open,penny,1,49,339,0.0029498525073746312
open,refrigerator,1,50,339,0.0029498525073746312
open,freezer,1,51,339,0.0029498525073746312
open,roof,1,52,339,0.0029498525073746312
open,trash,1,53,339,0.0029498525073746312
open,who,1,54,339,0.0029498525073746312
wait,you,79,1,313,0.2523961661341853
wait,i,65,2,313,0.20766773162939298
wait,we,51,3,313,0.16293929712460065
wait,he,25,4,313,0.07987220447284345
wait,she,15,5,313,0.04792332268370607
wait,they,14,6,313,0.04472843450479233
wait,chi,6,7,313,0.019169329073482427
wait,it,4,8,313,0.012779552715654952
wait,cathy,3,9,313,0.009584664536741214
wait,person,3,10,313,0.009584664536741214
wait,boy,2,11,313,0.006389776357827476
wait,friend,2,12,313,0.006389776357827476
wait,who,2,13,313,0.006389776357827476
wait,goldfish,2,14,313,0.006389776357827476
wait,och,2,15,313,0.006389776357827476
wait,letter,2,16,313,0.006389776357827476
wait,bird,1,17,313,0.003194888178913738
wait,breakfast,1,18,313,0.003194888178913738
wait,whoop,1,19,313,0.003194888178913738
wait,what,1,20,313,0.003194888178913738
wait,everybody,1,21,313,0.003194888178913738
wait,mr,1,22,313,0.003194888178913738
wait,john,1,23,313,0.003194888178913738
wait,creature,1,24,313,0.003194888178913738
wait,purple,1,25,313,0.003194888178913738
wait,piggie,1,26,313,0.003194888178913738
wait,bubble,1,27,313,0.003194888178913738
wait,mommy,1,28,313,0.003194888178913738
wait,ssh,1,29,313,0.003194888178913738
wait,this,1,30,313,0.003194888178913738
wait,adam,1,31,313,0.003194888178913738
wait,sylvia,1,32,313,0.003194888178913738
wait,johnny,1,33,313,0.003194888178913738
wait,cat,1,34,313,0.003194888178913738
wait,captain,1,35,313,0.003194888178913738
wait,bertie,1,36,313,0.003194888178913738
wait,all,1,37,313,0.003194888178913738
wait,apple,1,38,313,0.003194888178913738
wait,king,1,39,313,0.003194888178913738
wait,mummy,1,40,313,0.003194888178913738
wait,dog,1,41,313,0.003194888178913738
wait,mom,1,42,313,0.003194888178913738
wait,doctor,1,43,313,0.003194888178913738
wait,first,1,44,313,0.003194888178913738
wait,goldilocks,1,45,313,0.003194888178913738
wait,present,1,46,313,0.003194888178913738
wait,teddy,1,47,313,0.003194888178913738
wait,jamie,1,48,313,0.003194888178913738
wait,brian,1,49,313,0.003194888178913738
wait,dentist,1,50,313,0.003194888178913738
wait,kurt,1,51,313,0.003194888178913738
wait,huh,1,52,313,0.003194888178913738
stop,you,65,1,312,0.20833333333333334
stop,it,36,2,312,0.11538461538461539
stop,means,33,3,312,0.10576923076923077
stop,i,29,4,312,0.09294871794871795
stop,we,29,5,312,0.09294871794871795
stop,he,14,6,312,0.04487179487179487
stop,they,13,7,312,0.041666666666666664
stop,that,7,8,312,0.022435897435897436
stop,chi,6,9,312,0.019230769230769232
stop,she,5,10,312,0.016025641025641024
stop,car,4,11,312,0.01282051282051282
stop,paul,3,12,312,0.009615384615384616
stop,thomas,3,13,312,0.009615384615384616
stop,sarah,2,14,312,0.00641025641025641
stop,monster,2,15,312,0.00641025641025641
stop,bird,2,16,312,0.00641025641025641
stop,boat,2,17,312,0.00641025641025641
stop,plane,2,18,312,0.00641025641025641
stop,brian,2,19,312,0.00641025641025641
stop,nothing,2,20,312,0.00641025641025641
stop,kiki,1,21,312,0.003205128205128205
stop,father,1,22,312,0.003205128205128205
stop,boy,1,23,312,0.003205128205128205
stop,two,1,24,312,0.003205128205128205
stop,who,1,25,312,0.003205128205128205
stop,girl,1,26,312,0.003205128205128205
stop,anna,1,27,312,0.003205128205128205
stop,cookie,1,28,312,0.003205128205128205
stop,junior,1,29,312,0.003205128205128205
stop,troop,1,30,312,0.003205128205128205
stop,bell,1,31,312,0.003205128205128205
stop,guest,1,32,312,0.003205128205128205
stop,bubble,1,33,312,0.003205128205128205
stop,brenda,1,34,312,0.003205128205128205
stop,horse,1,35,312,0.003205128205128205
stop,peter,1,36,312,0.003205128205128205
stop,bus,1,37,312,0.003205128205128205
stop,pascal,1,38,312,0.003205128205128205
stop,everyone,1,39,312,0.003205128205128205
stop,bunny,1,40,312,0.003205128205128205
stop,anyone,1,41,312,0.003205128205128205
stop,bro,1,42,312,0.003205128205128205
stop,phone,1,43,312,0.003205128205128205
stop,abe,1,44,312,0.003205128205128205
stop,brain,1,45,312,0.003205128205128205
stop,ross,1,46,312,0.003205128205128205
stop,kathryn,1,47,312,0.003205128205128205
stop,tape,1,48,312,0.003205128205128205
stop,man,1,49,312,0.003205128205128205
stop,something,1,50,312,0.003205128205128205
stop,clock,1,51,312,0.003205128205128205
stop,production,1,52,312,0.003205128205128205
stop,tesco,1,53,312,0.003205128205128205
stop,video,1,54,312,0.003205128205128205
stop,hiccup,1,55,312,0.003205128205128205
stop,daddy,1,56,312,0.003205128205128205
stop,buck,1,57,312,0.003205128205128205
stop,trampy,1,58,312,0.003205128205128205
stop,heart,1,59,312,0.003205128205128205
stop,jonathan,1,60,312,0.003205128205128205
stop,tom,1,61,312,0.003205128205128205
stop,bonnie,1,62,312,0.003205128205128205
stop,harry,1,63,312,0.003205128205128205
stop,jam,1,64,312,0.003205128205128205
stop,pasta,1,65,312,0.003205128205128205
stop,pot,1,66,312,0.003205128205128205
stop,auto,1,67,312,0.003205128205128205
stop,mother,1,68,312,0.003205128205128205
stop,bear,1,69,312,0.003205128205128205
stop,sean,1,70,312,0.003205128205128205
stop,lady,1,71,312,0.003205128205128205
jump,you,62,1,301,0.2059800664451827
jump,he,57,2,301,0.1893687707641196
jump,who,51,3,301,0.16943521594684385
jump,cat,17,4,301,0.05647840531561462
jump,they,17,5,301,0.05647840531561462
jump,i,16,6,301,0.053156146179401995
jump,she,13,7,301,0.04318936877076412
jump,dog,7,8,301,0.023255813953488372
jump,monkey,5,9,301,0.016611295681063124
jump,egg,4,10,301,0.013289036544850499
jump,dinosaur,4,11,301,0.013289036544850499
jump,it,3,12,301,0.009966777408637873
jump,cow,3,13,301,0.009966777408637873
jump,mickey,3,14,301,0.009966777408637873
jump,that,2,15,301,0.006644518272425249
jump,lion,2,16,301,0.006644518272425249
jump,wolf,2,17,301,0.006644518272425249
jump,what,2,18,301,0.006644518272425249
jump,animal,2,19,301,0.006644518272425249
jump,man,1,20,301,0.0033222591362126247
jump,all,1,21,301,0.0033222591362126247
jump,jakey,1,22,301,0.0033222591362126247
jump,jack,1,23,301,0.0033222591362126247
jump,doggie,1,24,301,0.0033222591362126247
jump,kangaroo,1,25,301,0.0033222591362126247
jump,friend,1,26,301,0.0033222591362126247
jump,bunny,1,27,301,0.0033222591362126247
jump,jack–in–the–box,1,28,301,0.0033222591362126247
jump,mat,1,29,301,0.0033222591362126247
jump,sis,1,30,301,0.0033222591362126247
jump,chi,1,31,301,0.0033222591362126247
jump,tiger,1,32,301,0.0033222591362126247
jump,we,1,33,301,0.0033222591362126247
jump,person,1,34,301,0.0033222591362126247
jump,bong,1,35,301,0.0033222591362126247
jump,judy,1,36,301,0.0033222591362126247
jump,nobody,1,37,301,0.0033222591362126247
jump,fish,1,38,301,0.0033222591362126247
jump,purdie,1,39,301,0.0033222591362126247
jump,po,1,40,301,0.0033222591362126247
jump,panda,1,41,301,0.0033222591362126247
jump,elephant,1,42,301,0.0033222591362126247
jump,one,1,43,301,0.0033222591362126247
jump,frog,1,44,301,0.0033222591362126247
jump,boy,1,45,301,0.0033222591362126247
jump,rabbit,1,46,301,0.0033222591362126247
jump,firstname,1,47,301,0.0033222591362126247
jump,indian,1,48,301,0.0033222591362126247
pretend,we,108,1,299,0.3612040133779264
pretend,you,104,2,299,0.34782608695652173
pretend,i,25,3,299,0.08361204013377926
pretend,he,21,4,299,0.07023411371237458
pretend,it,12,5,299,0.04013377926421405
pretend,she,8,6,299,0.026755852842809364
pretend,they,6,7,299,0.020066889632107024
pretend,that,5,8,299,0.016722408026755852
pretend,this,2,9,299,0.006688963210702341
pretend,ellie,1,10,299,0.0033444816053511705
pretend,something,1,11,299,0.0033444816053511705
pretend,rocket,1,12,299,0.0033444816053511705
pretend,boy,1,13,299,0.0033444816053511705
pretend,name,1,14,299,0.0033444816053511705
pretend,house,1,15,299,0.0033444816053511705
pretend,who,1,16,299,0.0033444816053511705
pretend,childsname,1,17,299,0.0033444816053511705
sleep,you,91,1,291,0.3127147766323024
sleep,he,50,2,291,0.1718213058419244
sleep,they,35,3,291,0.12027491408934708
sleep,she,27,4,291,0.09278350515463918
sleep,i,16,5,291,0.054982817869415807
sleep,we,9,6,291,0.030927835051546393
sleep,who,7,7,291,0.024054982817869417
sleep,baby,5,8,291,0.01718213058419244
sleep,biff,3,9,291,0.010309278350515464
sleep,somebody,3,10,291,0.010309278350515464
sleep,that,2,11,291,0.006872852233676976
sleep,boy,2,12,291,0.006872852233676976
sleep,shari,2,13,291,0.006872852233676976
sleep,grover,2,14,291,0.006872852233676976
sleep,child,2,15,291,0.006872852233676976
sleep,guy,2,16,291,0.006872852233676976
sleep,it,2,17,291,0.006872852233676976
sleep,bear,2,18,291,0.006872852233676976
sleep,person,1,19,291,0.003436426116838488
sleep,paul,1,20,291,0.003436426116838488
sleep,sharon,1,21,291,0.003436426116838488
sleep,rest,1,22,291,0.003436426116838488
sleep,chi,1,23,291,0.003436426116838488
sleep,dog,1,24,291,0.003436426116838488
sleep,bee,1,25,291,0.003436426116838488
sleep,animal,1,26,291,0.003436426116838488
sleep,calve,1,27,291,0.003436426116838488
sleep,mother,1,28,291,0.003436426116838488
sleep,brother,1,29,291,0.003436426116838488
sleep,both,1,30,291,0.003436426116838488
sleep,dinosaur,1,31,291,0.003436426116838488
sleep,daddy,1,32,291,0.003436426116838488
sleep,train,1,33,291,0.003436426116838488
sleep,aircraft,1,34,291,0.003436426116838488
sleep,bus,1,35,291,0.003436426116838488
sleep,car,1,36,291,0.003436426116838488
sleep,purdie,1,37,291,0.003436426116838488
sleep,goat,1,38,291,0.003436426116838488
sleep,girl,1,39,291,0.003436426116838488
sleep,firemen,1,40,291,0.003436426116838488
sleep,indian,1,41,291,0.003436426116838488
sleep,bunny,1,42,291,0.003436426116838488
sleep,one,1,43,291,0.003436426116838488
sleep,pj,1,44,291,0.003436426116838488
sleep,mommy,1,45,291,0.003436426116838488
sleep,mom,1,46,291,0.003436426116838488
sleep,lion,1,47,291,0.003436426116838488
lose,you,108,1,275,0.3927272727272727
lose,i,45,2,275,0.16363636363636364
lose,we,38,3,275,0.13818181818181818
lose,he,30,4,275,0.10909090909090909
lose,she,15,5,275,0.05454545454545454
lose,they,6,6,275,0.02181818181818182
lose,who,4,7,275,0.014545454545454545
lose,it,4,8,275,0.014545454545454545
lose,all,2,9,275,0.007272727272727273
lose,claude,2,10,275,0.007272727272727273
lose,everybody,2,11,275,0.007272727272727273
lose,one,2,12,275,0.007272727272727273
lose,mummy,2,13,275,0.007272727272727273
lose,that,1,14,275,0.0036363636363636364
lose,man,1,15,275,0.0036363636363636364
lose,somebody,1,16,275,0.0036363636363636364
lose,peter,1,17,275,0.0036363636363636364
lose,kid,1,18,275,0.0036363636363636364
lose,superman,1,19,275,0.0036363636363636364
lose,chicken,1,20,275,0.0036363636363636364
lose,parent,1,21,275,0.0036363636363636364
lose,nobody,1,22,275,0.0036363636363636364
lose,cathy,1,23,275,0.0036363636363636364
lose,kimberley,1,24,275,0.0036363636363636364
lose,postmanpat,1,25,275,0.0036363636363636364
lose,littlebopeep,1,26,275,0.0036363636363636364
lose,purdie,1,27,275,0.0036363636363636364
lose,guy,1,28,275,0.0036363636363636364
draw,you,186,1,266,0.6992481203007519
draw,i,30,2,266,0.11278195488721804
draw,we,19,3,266,0.07142857142857142
draw,he,7,4,266,0.02631578947368421
draw,mommy,3,5,266,0.011278195488721804
draw,they,2,6,266,0.007518796992481203
draw,she,2,7,266,0.007518796992481203
draw,who,2,8,266,0.007518796992481203
draw,guy,1,9,266,0.0037593984962406013
draw,buggie,1,10,266,0.0037593984962406013
draw,sister,1,11,266,0.0037593984962406013
draw,someone,1,12,266,0.0037593984962406013
draw,thing,1,13,266,0.0037593984962406013
draw,prize,1,14,266,0.0037593984962406013
draw,somebody,1,15,266,0.0037593984962406013
draw,kindof,1,16,266,0.0037593984962406013
draw,sophie,1,17,266,0.0037593984962406013
draw,daddy,1,18,266,0.0037593984962406013
draw,that,1,19,266,0.0037593984962406013
draw,don,1,20,266,0.0037593984962406013
draw,edw,1,21,266,0.0037593984962406013
draw,beast,1,22,266,0.0037593984962406013
draw,horse,1,23,266,0.0037593984962406013
write,you,138,1,266,0.518796992481203
write,i,46,2,266,0.17293233082706766
write,we,18,3,266,0.06766917293233082
write,she,18,4,266,0.06766917293233082
write,he,9,5,266,0.03383458646616541
write,who,6,6,266,0.022556390977443608
write,they,5,7,266,0.018796992481203006
write,it,3,8,266,0.011278195488721804
write,that,3,9,266,0.011278195488721804
write,somebody,3,10,266,0.011278195488721804
write,langston,2,11,266,0.007518796992481203
write,this,1,12,266,0.0037593984962406013
write,pencil,1,13,266,0.0037593984962406013
write,pen,1,14,266,0.0037593984962406013
write,elf,1,15,266,0.0037593984962406013
write,eric,1,16,266,0.0037593984962406013
write,sister,1,17,266,0.0037593984962406013
write,paula,1,18,266,0.0037593984962406013
write,computer,1,19,266,0.0037593984962406013
write,doctor,1,20,266,0.0037593984962406013
write,geoffrey,1,21,266,0.0037593984962406013
write,courtney,1,22,266,0.0037593984962406013
write,dimitra,1,23,266,0.0037593984962406013
write,mrswilsedon,1,24,266,0.0037593984962406013
write,man,1,25,266,0.0037593984962406013
write,anybody,1,26,266,0.0037593984962406013
could,you,83,1,258,0.32170542635658916
could,we,48,2,258,0.18604651162790697
could,it,33,3,258,0.12790697674418605
could,i,32,4,258,0.12403100775193798
could,he,15,5,258,0.05813953488372093
could,they,14,6,258,0.05426356589147287
could,she,7,7,258,0.027131782945736434
could,firstname,2,8,258,0.007751937984496124
could,who,2,9,258,0.007751937984496124
could,charley,2,10,258,0.007751937984496124
could,that,2,11,258,0.007751937984496124
could,cookie,1,12,258,0.003875968992248062
could,anybody,1,13,258,0.003875968992248062
could,teenager,1,14,258,0.003875968992248062
could,kid,1,15,258,0.003875968992248062
could,kate,1,16,258,0.003875968992248062
could,coyote,1,17,258,0.003875968992248062
could,this,1,18,258,0.003875968992248062
could,story,1,19,258,0.003875968992248062
could,anyone,1,20,258,0.003875968992248062
could,someone,1,21,258,0.003875968992248062
could,icing,1,22,258,0.003875968992248062
could,noo,1,23,258,0.003875968992248062
could,kim,1,24,258,0.003875968992248062
could,market,1,25,258,0.003875968992248062
could,plate,1,26,258,0.003875968992248062
could,tummy,1,27,258,0.003875968992248062
could,peter,1,28,258,0.003875968992248062
could,mammy,1,29,258,0.003875968992248062
stand,you,53,1,242,0.2190082644628099
stand,he,49,2,242,0.2024793388429752
stand,i,31,3,242,0.128099173553719
stand,they,23,4,242,0.09504132231404959
stand,she,14,5,242,0.05785123966942149
stand,it,13,6,242,0.05371900826446281
stand,that,8,7,242,0.03305785123966942
stand,we,7,8,242,0.028925619834710745
stand,who,3,9,242,0.012396694214876033
stand,one,3,10,242,0.012396694214876033
stand,person,2,11,242,0.008264462809917356
stand,elephant,2,12,242,0.008264462809917356
stand,bear,2,13,242,0.008264462809917356
stand,tree,2,14,242,0.008264462809917356
stand,house,2,15,242,0.008264462809917356
stand,flower,2,16,242,0.008264462809917356
stand,doll,1,17,242,0.004132231404958678
stand,tiger,1,18,242,0.004132231404958678
stand,shop,1,19,242,0.004132231404958678
stand,crossing,1,20,242,0.004132231404958678
stand,some,1,21,242,0.004132231404958678
stand,world,1,22,242,0.004132231404958678
stand,what,1,23,242,0.004132231404958678
stand,pair,1,24,242,0.004132231404958678
stand,pants,1,25,242,0.004132231404958678
stand,oliver,1,26,242,0.004132231404958678
stand,darthvader,1,27,242,0.004132231404958678
stand,maggie,1,28,242,0.004132231404958678
stand,cathy,1,29,242,0.004132231404958678
stand,evan,1,30,242,0.004132231404958678
stand,bottle,1,31,242,0.004132231404958678
stand,b,1,32,242,0.004132231404958678
stand,canister,1,33,242,0.004132231404958678
stand,box,1,34,242,0.004132231404958678
stand,dragon,1,35,242,0.004132231404958678
stand,sposta,1,36,242,0.004132231404958678
stand,firemen,1,37,242,0.004132231404958678
stand,crowd,1,38,242,0.004132231404958678
stand,monster,1,39,242,0.004132231404958678
stand,hermit,1,40,242,0.004132231404958678
stand,watchman,1,41,242,0.004132231404958678
stand,ball,1,42,242,0.004132231404958678
hope,i,219,1,238,0.9201680672268907
hope,you,7,2,238,0.029411764705882353
hope,we,6,3,238,0.025210084033613446
hope,they,2,4,238,0.008403361344537815
hope,who,1,5,238,0.004201680672268907
hope,bear,1,6,238,0.004201680672268907
hope,thomas,1,7,238,0.004201680672268907
hope,he,1,8,238,0.004201680672268907
cry,he,50,1,238,0.21008403361344538
cry,you,47,2,238,0.19747899159663865
cry,she,46,3,238,0.19327731092436976
cry,i,15,4,238,0.06302521008403361
cry,they,11,5,238,0.046218487394957986
cry,who,5,6,238,0.02100840336134454
cry,child,5,7,238,0.02100840336134454
cry,baby,4,8,238,0.01680672268907563
cry,person,3,9,238,0.012605042016806723
cry,it,3,10,238,0.012605042016806723
cry,one,3,11,238,0.012605042016806723
cry,dearie,2,12,238,0.008403361344537815
cry,something,2,13,238,0.008403361344537815
cry,curtis,2,14,238,0.008403361344537815
cry,bean,2,15,238,0.008403361344537815
cry,paul,1,16,238,0.004201680672268907
cry,elaine,1,17,238,0.004201680672268907
cry,don,1,18,238,0.004201680672268907
cry,mommy,1,19,238,0.004201680672268907
cry,birthday,1,20,238,0.004201680672268907
cry,oliver,1,21,238,0.004201680672268907
cry,someone,1,22,238,0.004201680672268907
cry,policeman,1,23,238,0.004201680672268907
cry,joe,1,24,238,0.004201680672268907
cry,hen,1,25,238,0.004201680672268907
cry,harp,1,26,238,0.004201680672268907
cry,bunny,1,27,238,0.004201680672268907
cry,that,1,28,238,0.004201680672268907
cry,pascal,1,29,238,0.004201680672268907
cry,day,1,30,238,0.004201680672268907
cry,everyone,1,31,238,0.004201680672268907
cry,good,1,32,238,0.004201680672268907
cry,house,1,33,238,0.004201680672268907
cry,piggy,1,34,238,0.004201680672268907
cry,chi,1,35,238,0.004201680672268907
cry,we,1,36,238,0.004201680672268907
cry,billy,1,37,238,0.004201680672268907
cry,register,1,38,238,0.004201680672268907
cry,money,1,39,238,0.004201680672268907
cry,greta,1,40,238,0.004201680672268907
cry,dina,1,41,238,0.004201680672268907
cry,jennifer,1,42,238,0.004201680672268907
cry,spicey,1,43,238,0.004201680672268907
cry,julie,1,44,238,0.004201680672268907
cry,thomas,1,45,238,0.004201680672268907
cry,lady,1,46,238,0.004201680672268907
cry,james,1,47,238,0.004201680672268907
cry,elephant,1,48,238,0.004201680672268907
cry,hannah,1,49,238,0.004201680672268907
cry,bear,1,50,238,0.004201680672268907
cry,misterwilloby,1,51,238,0.004201680672268907
cry,afar,1,52,238,0.004201680672268907
cry,bryan,1,53,238,0.004201680672268907
drink,you,118,1,236,0.5
drink,i,50,2,236,0.211864406779661
drink,he,19,3,236,0.08050847457627118
drink,they,10,4,236,0.0423728813559322
drink,she,8,5,236,0.03389830508474576
drink,that,5,6,236,0.0211864406779661
drink,we,4,7,236,0.01694915254237288
drink,who,2,8,236,0.00847457627118644
drink,daddy,2,9,236,0.00847457627118644
drink,girlfriend,1,10,236,0.00423728813559322
drink,child,1,11,236,0.00423728813559322
drink,youall,1,12,236,0.00423728813559322
drink,owl,1,13,236,0.00423728813559322
drink,chi,1,14,236,0.00423728813559322
drink,kitty,1,15,236,0.00423728813559322
drink,haft,1,16,236,0.00423728813559322
drink,mom,1,17,236,0.00423728813559322
drink,mommy,1,18,236,0.00423728813559322
drink,whale,1,19,236,0.00423728813559322
drink,driver,1,20,236,0.00423728813559322
drink,baby,1,21,236,0.00423728813559322
drink,eddie,1,22,236,0.00423728813559322
drink,man,1,23,236,0.00423728813559322
drink,queen,1,24,236,0.00423728813559322
drink,king,1,25,236,0.00423728813559322
drink,dad,1,26,236,0.00423728813559322
drink,animal,1,27,236,0.00423728813559322
hit,you,128,1,235,0.5446808510638298
hit,it,19,2,235,0.08085106382978724
hit,he,18,3,235,0.07659574468085106
hit,i,13,4,235,0.05531914893617021
hit,she,12,5,235,0.05106382978723404
hit,they,7,6,235,0.029787234042553193
hit,we,5,7,235,0.02127659574468085
hit,one,4,8,235,0.01702127659574468
hit,don,2,9,235,0.00851063829787234
hit,daddy,2,10,235,0.00851063829787234
hit,nobody,2,11,235,0.00851063829787234
hit,what,1,12,235,0.00425531914893617
hit,sun,1,13,235,0.00425531914893617
hit,kim,1,14,235,0.00425531914893617
hit,car,1,15,235,0.00425531914893617
hit,someone,1,16,235,0.00425531914893617
hit,marky,1,17,235,0.00425531914893617
hit,who,1,18,235,0.00425531914893617
hit,man,1,19,235,0.00425531914893617
hit,somebody,1,20,235,0.00425531914893617
hit,job,1,21,235,0.00425531914893617
hit,lily,1,22,235,0.00425531914893617
hit,bill,1,23,235,0.00425531914893617
hit,greta,1,24,235,0.00425531914893617
hit,bomb,1,25,235,0.00425531914893617
hit,person,1,26,235,0.00425531914893617
hit,this,1,27,235,0.00425531914893617
hit,sand,1,28,235,0.00425531914893617
hit,train,1,29,235,0.00425531914893617
hit,bird,1,30,235,0.00425531914893617
hit,toe,1,31,235,0.00425531914893617
hit,truck,1,32,235,0.00425531914893617
hit,doctor,1,33,235,0.00425531914893617
hit,that,1,34,235,0.00425531914893617
pull,you,85,1,230,0.3695652173913043
pull,i,23,2,230,0.1
pull,they,21,3,230,0.09130434782608696
pull,it,19,4,230,0.08260869565217391
pull,he,16,5,230,0.06956521739130435
pull,she,12,6,230,0.05217391304347826
pull,we,9,7,230,0.0391304347826087
pull,firetruck,3,8,230,0.013043478260869565
pull,that,2,9,230,0.008695652173913044
pull,guard,2,10,230,0.008695652173913044
pull,somebody,2,11,230,0.008695652173913044
pull,mommy,1,12,230,0.004347826086956522
pull,mum,1,13,230,0.004347826086956522
pull,my,1,14,230,0.004347826086956522
pull,careful,1,15,230,0.004347826086956522
pull,sarah,1,16,230,0.004347826086956522
pull,nobody,1,17,230,0.004347826086956522
pull,mary,1,18,230,0.004347826086956522
pull,coach,1,19,230,0.004347826086956522
pull,daddy,1,20,230,0.004347826086956522
pull,someone,1,21,230,0.004347826086956522
pull,marky,1,22,230,0.004347826086956522
pull,wee,1,23,230,0.004347826086956522
pull,who,1,24,230,0.004347826086956522
pull,ghost,1,25,230,0.004347826086956522
pull,susan,1,26,230,0.004347826086956522
pull,bubble,1,27,230,0.004347826086956522
pull,current,1,28,230,0.004347826086956522
pull,boy,1,29,230,0.004347826086956522
pull,thomas,1,30,230,0.004347826086956522
pull,car,1,31,230,0.004347826086956522
pull,something,1,32,230,0.004347826086956522
pull,train,1,33,230,0.004347826086956522
pull,tractor,1,34,230,0.004347826086956522
pull,engine,1,35,230,0.004347826086956522
pull,its,1,36,230,0.004347826086956522
pull,bonnie,1,37,230,0.004347826086956522
pull,mummy,1,38,230,0.004347826086956522
pull,what,1,39,230,0.004347826086956522
pull,ambulance,1,40,230,0.004347826086956522
pull,hasta,1,41,230,0.004347826086956522
pull,truck,1,42,230,0.004347826086956522
pull,baby,1,43,230,0.004347826086956522
pull,tip,1,44,230,0.004347826086956522
pull,cat,1,45,230,0.004347826086956522
pull,this,1,46,230,0.004347826086956522
pull,one,1,47,230,0.004347826086956522
sing,you,115,1,228,0.5043859649122807
sing,we,23,2,228,0.10087719298245613
sing,he,16,3,228,0.07017543859649122
sing,she,12,4,228,0.05263157894736842
sing,they,12,5,228,0.05263157894736842
sing,i,6,6,228,0.02631578947368421
sing,chi,4,7,228,0.017543859649122806
sing,that,3,8,228,0.013157894736842105
sing,nobody,3,9,228,0.013157894736842105
sing,who,3,10,228,0.013157894736842105
sing,anthony,3,11,228,0.013157894736842105
sing,bird,2,12,228,0.008771929824561403
sing,everybody,2,13,228,0.008771929824561403
sing,aaron,2,14,228,0.008771929824561403
sing,baby,2,15,228,0.008771929824561403
sing,birdy,1,16,228,0.0043859649122807015
sing,tweet,1,17,228,0.0043859649122807015
sing,what,1,18,228,0.0043859649122807015
sing,one,1,19,228,0.0043859649122807015
sing,shayla,1,20,228,0.0043859649122807015
sing,winnie,1,21,228,0.0043859649122807015
sing,dad,1,22,228,0.0043859649122807015
sing,abe,1,23,228,0.0043859649122807015
sing,teacher,1,24,228,0.0043859649122807015
sing,this,1,25,228,0.0043859649122807015
sing,robbiewilliams,1,26,228,0.0043859649122807015
sing,word,1,27,228,0.0043859649122807015
sing,cook,1,28,228,0.0043859649122807015
sing,mummy,1,29,228,0.0043859649122807015
sing,it,1,30,228,0.0043859649122807015
sing,everyone,1,31,228,0.0043859649122807015
sing,mandy,1,32,228,0.0043859649122807015
sing,shane,1,33,228,0.0043859649122807015
sing,paul,1,34,228,0.0043859649122807015
sing,jon,1,35,228,0.0043859649122807015
cut,you,87,1,227,0.3832599118942731
cut,i,48,2,227,0.21145374449339208
cut,they,19,3,227,0.08370044052863436
cut,we,15,4,227,0.06607929515418502
cut,she,12,5,227,0.05286343612334802
cut,it,9,6,227,0.039647577092511016
cut,who,7,7,227,0.030837004405286344
cut,he,7,8,227,0.030837004405286344
cut,that,3,9,227,0.013215859030837005
cut,somebody,2,10,227,0.00881057268722467
cut,what,2,11,227,0.00881057268722467
cut,boy,1,12,227,0.004405286343612335
cut,rose,1,13,227,0.004405286343612335
cut,queen,1,14,227,0.004405286343612335
cut,govenor,1,15,227,0.004405286343612335
cut,nicky,1,16,227,0.004405286343612335
cut,minnie,1,17,227,0.004405286343612335
cut,mommy,1,18,227,0.004405286343612335
cut,sis,1,19,227,0.004405286343612335
cut,chi,1,20,227,0.004405286343612335
cut,mommyhas,1,21,227,0.004405286343612335
cut,scissors,1,22,227,0.004405286343612335
cut,one,1,23,227,0.004405286343612335
cut,center,1,24,227,0.004405286343612335
cut,middle,1,25,227,0.004405286343612335
cut,plaster,1,26,227,0.004405286343612335
cut,darling,1,27,227,0.004405286343612335
drop,it,71,1,227,0.31277533039647576
drop,you,51,2,227,0.22466960352422907
drop,i,37,3,227,0.16299559471365638
drop,he,17,4,227,0.07488986784140969
drop,she,8,5,227,0.03524229074889868
drop,we,8,6,227,0.03524229074889868
drop,they,6,7,227,0.02643171806167401
drop,somebody,3,8,227,0.013215859030837005
drop,who,2,9,227,0.00881057268722467
drop,log,2,10,227,0.00881057268722467
drop,leg,2,11,227,0.00881057268722467
drop,person,2,12,227,0.00881057268722467
drop,kwww,1,13,227,0.004405286343612335
drop,sarah,1,14,227,0.004405286343612335
drop,cat,1,15,227,0.004405286343612335
drop,guy,1,16,227,0.004405286343612335
drop,piece,1,17,227,0.004405286343612335
drop,hansel,1,18,227,0.004405286343612335
drop,rain,1,19,227,0.004405286343612335
drop,cathy,1,20,227,0.004405286343612335
drop,anything,1,21,227,0.004405286343612335
drop,engine,1,22,227,0.004405286343612335
drop,daddy,1,23,227,0.004405286343612335
drop,aerial,1,24,227,0.004405286343612335
drop,train,1,25,227,0.004405286343612335
drop,driver,1,26,227,0.004405286343612335
drop,handle,1,27,227,0.004405286343612335
drop,reindeer,1,28,227,0.004405286343612335
drop,christmas,1,29,227,0.004405286343612335
drop,ambulance,1,30,227,0.004405286343612335
catch,you,77,1,222,0.34684684684684686
catch,i,34,2,222,0.15315315315315314
catch,he,22,3,222,0.0990990990990991
catch,they,20,4,222,0.09009009009009009
catch,who,15,5,222,0.06756756756756757
catch,she,5,6,222,0.02252252252252252
catch,we,4,7,222,0.018018018018018018
catch,it,4,8,222,0.018018018018018018
catch,boy,4,9,222,0.018018018018018018
catch,one,3,10,222,0.013513513513513514
catch,daddy,3,11,222,0.013513513513513514
catch,gail,2,12,222,0.009009009009009009
catch,grownup,2,13,222,0.009009009009009009
catch,girl,2,14,222,0.009009009009009009
catch,titch,2,15,222,0.009009009009009009
catch,carpet,2,16,222,0.009009009009009009
catch,machine,2,17,222,0.009009009009009009
catch,man,2,18,222,0.009009009009009009
catch,fisherman,1,19,222,0.0045045045045045045
catch,firstname,1,20,222,0.0045045045045045045
catch,peter,1,21,222,0.0045045045045045045
catch,mother,1,22,222,0.0045045045045045045
catch,cat,1,23,222,0.0045045045045045045
catch,eye,1,24,222,0.0045045045045045045
catch,dog,1,25,222,0.0045045045045045045
catch,mr,1,26,222,0.0045045045045045045
catch,spider,1,27,222,0.0045045045045045045
catch,plane,1,28,222,0.0045045045045045045
catch,mummy,1,29,222,0.0045045045045045045
catch,teddy,1,30,222,0.0045045045045045045
catch,lady,1,31,222,0.0045045045045045045
catch,doggy,1,32,222,0.0045045045045045045
catch,top,1,33,222,0.0045045045045045045
catch,auto,1,34,222,0.0045045045045045045
catch,wind,1,35,222,0.0045045045045045045
haft,you,114,1,214,0.5327102803738317
haft,i,40,2,214,0.18691588785046728
haft,we,38,3,214,0.17757009345794392
haft,they,13,4,214,0.06074766355140187
haft,he,3,5,214,0.014018691588785047
haft,she,3,6,214,0.014018691588785047
haft,person,1,7,214,0.004672897196261682
haft,police,1,8,214,0.004672897196261682
haft,who,1,9,214,0.004672897196261682
throw,you,89,1,212,0.419811320754717
throw,i,24,2,212,0.11320754716981132
throw,we,20,3,212,0.09433962264150944
throw,he,19,4,212,0.08962264150943396
throw,they,14,5,212,0.0660377358490566
throw,she,10,6,212,0.04716981132075472
throw,person,6,7,212,0.02830188679245283
throw,somebody,5,8,212,0.02358490566037736
throw,who,3,9,212,0.014150943396226415
throw,someone,3,10,212,0.014150943396226415
throw,chucky,1,11,212,0.0047169811320754715
throw,cinderella,1,12,212,0.0047169811320754715
throw,dog,1,13,212,0.0047169811320754715
throw,paddington,1,14,212,0.0047169811320754715
throw,kitty,1,15,212,0.0047169811320754715
throw,rick,1,16,212,0.0047169811320754715
throw,what,1,17,212,0.0047169811320754715
throw,matthew,1,18,212,0.0047169811320754715
throw,conor,1,19,212,0.0047169811320754715
throw,cathy,1,20,212,0.0047169811320754715
throw,granny,1,21,212,0.0047169811320754715
throw,thomas,1,22,212,0.0047169811320754715
throw,some,1,23,212,0.0047169811320754715
throw,everybody,1,24,212,0.0047169811320754715
throw,it,1,25,212,0.0047169811320754715
throw,bonnie,1,26,212,0.0047169811320754715
throw,man,1,27,212,0.0047169811320754715
throw,mommy,1,28,212,0.0047169811320754715
throw,sean,1,29,212,0.0047169811320754715
learn,you,135,1,205,0.6585365853658537
learn,i,20,2,205,0.0975609756097561
learn,they,11,3,205,0.05365853658536585
learn,he,9,4,205,0.04390243902439024
learn,we,7,5,205,0.03414634146341464
learn,she,5,6,205,0.024390243902439025
learn,child,2,7,205,0.00975609756097561
learn,ross,2,8,205,0.00975609756097561
learn,person,1,9,205,0.004878048780487805
learn,kiki,1,10,205,0.004878048780487805
learn,fish,1,11,205,0.004878048780487805
learn,sarah,1,12,205,0.004878048780487805
learn,father,1,13,205,0.004878048780487805
learn,bears,1,14,205,0.004878048780487805
learn,anyone,1,15,205,0.004878048780487805
learn,who,1,16,205,0.004878048780487805
learn,prudence,1,17,205,0.004878048780487805
learn,trick,1,18,205,0.004878048780487805
learn,this,1,19,205,0.004878048780487805
learn,job,1,20,205,0.004878048780487805
learn,boy,1,21,205,0.004878048780487805
learn,goldilocks,1,22,205,0.004878048780487805
win,you,82,1,200,0.41
win,i,57,2,200,0.285
win,who,19,3,200,0.095
win,we,6,4,200,0.03
win,he,4,5,200,0.02
win,she,3,6,200,0.015
win,somebody,3,7,200,0.015
win,dad,2,8,200,0.01
win,uncle,2,9,200,0.01
win,dinosaur,2,10,200,0.01
win,they,2,11,200,0.01
win,kathy,1,12,200,0.005
win,person,1,13,200,0.005
win,jimmy,1,14,200,0.005
win,everybody,1,15,200,0.005
win,my,1,16,200,0.005
win,abe,1,17,200,0.005
win,neither,1,18,200,0.005
win,dallas,1,19,200,0.005
win,it,1,20,200,0.005
win,guy,1,21,200,0.005
win,violence,1,22,200,0.005
win,whoever,1,23,200,0.005
win,paul,1,24,200,0.005
win,number,1,25,200,0.005
win,betty,1,26,200,0.005
win,cow,1,27,200,0.005
win,one,1,28,200,0.005
win,lion,1,29,200,0.005
fix,you,62,1,197,0.3147208121827411
fix,i,49,2,197,0.24873096446700507
fix,we,26,3,197,0.1319796954314721
fix,he,12,4,197,0.06091370558375635
fix,they,9,5,197,0.04568527918781726
fix,who,7,6,197,0.03553299492385787
fix,she,7,7,197,0.03553299492385787
fix,it,4,8,197,0.02030456852791878
fix,daddy,3,9,197,0.015228426395939087
fix,dad,2,10,197,0.01015228426395939
fix,that,2,11,197,0.01015228426395939
fix,mama,2,12,197,0.01015228426395939
fix,firstname,1,13,197,0.005076142131979695
fix,member,1,14,197,0.005076142131979695
fix,one,1,15,197,0.005076142131979695
fix,chi,1,16,197,0.005076142131979695
fix,nana,1,17,197,0.005076142131979695
fix,body,1,18,197,0.005076142131979695
fix,two,1,19,197,0.005076142131979695
fix,mummie,1,20,197,0.005076142131979695
fix,man,1,21,197,0.005076142131979695
fix,workmen,1,22,197,0.005076142131979695
fix,all,1,23,197,0.005076142131979695
fix,mommy,1,24,197,0.005076142131979695
miss,you,62,1,191,0.32460732984293195
miss,we,35,2,191,0.18324607329842932
miss,i,35,3,191,0.18324607329842932
miss,he,14,4,191,0.07329842931937172
miss,they,11,5,191,0.05759162303664921
miss,she,8,6,191,0.041884816753926704
miss,that,4,7,191,0.020942408376963352
miss,it,4,8,191,0.020942408376963352
miss,guy,2,9,191,0.010471204188481676
miss,one,2,10,191,0.010471204188481676
miss,blue,2,11,191,0.010471204188481676
miss,who,2,12,191,0.010471204188481676
miss,brendan,1,13,191,0.005235602094240838
miss,jake,1,14,191,0.005235602094240838
miss,chi,1,15,191,0.005235602094240838
miss,pooh,1,16,191,0.005235602094240838
miss,hadta,1,17,191,0.005235602094240838
miss,gramma,1,18,191,0.005235602094240838
miss,seven,1,19,191,0.005235602094240838
miss,abraham,1,20,191,0.005235602094240838
miss,cathy,1,21,191,0.005235602094240838
miss,purdie,1,22,191,0.005235602094240838
push,you,97,1,187,0.5187165775401069
push,i,22,2,187,0.11764705882352941
push,he,13,3,187,0.06951871657754011
push,it,9,4,187,0.0481283422459893
push,we,8,5,187,0.0427807486631016
push,she,7,6,187,0.0374331550802139
push,they,6,7,187,0.03208556149732621
push,who,2,8,187,0.0106951871657754
push,mrs,2,9,187,0.0106951871657754
push,someone,2,10,187,0.0106951871657754
push,somebody,2,11,187,0.0106951871657754
push,mummy,2,12,187,0.0106951871657754
push,needta,1,13,187,0.0053475935828877
push,sarah,1,14,187,0.0053475935828877
push,this,1,15,187,0.0053475935828877
push,sister,1,16,187,0.0053475935828877
push,chi,1,17,187,0.0053475935828877
push,hulk,1,18,187,0.0053475935828877
push,ornament,1,19,187,0.0053475935828877
push,useta,1,20,187,0.0053475935828877
push,dog,1,21,187,0.0053475935828877
push,bird,1,22,187,0.0053475935828877
push,that,1,23,187,0.0053475935828877
push,girl,1,24,187,0.0053475935828877
push,mum,1,25,187,0.0053475935828877
push,mommy,1,26,187,0.0053475935828877
push,megan,1,27,187,0.0053475935828877
understand,i,110,1,180,0.6111111111111112
understand,you,25,2,180,0.1388888888888889
understand,he,9,3,180,0.05
understand,she,7,4,180,0.03888888888888889
understand,we,6,5,180,0.03333333333333333
understand,boy,6,6,180,0.03333333333333333
understand,they,3,7,180,0.016666666666666666
understand,it,2,8,180,0.011111111111111112
understand,mommy,2,9,180,0.011111111111111112
understand,joan,1,10,180,0.005555555555555556
understand,daddy,1,11,180,0.005555555555555556
understand,jwww,1,12,180,0.005555555555555556
understand,zzz,1,13,180,0.005555555555555556
understand,one,1,14,180,0.005555555555555556
understand,mark,1,15,180,0.005555555555555556
understand,tape,1,16,180,0.005555555555555556
understand,anybody,1,17,180,0.005555555555555556
understand,mummy,1,18,180,0.005555555555555556
understand,kid,1,19,180,0.005555555555555556
wash,you,82,1,179,0.4581005586592179
wash,i,39,2,179,0.21787709497206703
wash,we,20,3,179,0.11173184357541899
wash,she,7,4,179,0.03910614525139665
wash,he,7,5,179,0.03910614525139665
wash,it,5,6,179,0.027932960893854747
wash,they,4,7,179,0.0223463687150838
wash,this,2,8,179,0.0111731843575419
wash,purdie,2,9,179,0.0111731843575419
wash,who,2,10,179,0.0111731843575419
wash,car,2,11,179,0.0111731843575419
wash,woman,1,12,179,0.00558659217877095
wash,becky,1,13,179,0.00558659217877095
wash,kitten,1,14,179,0.00558659217877095
wash,bus,1,15,179,0.00558659217877095
wash,lot,1,16,179,0.00558659217877095
wash,that,1,17,179,0.00558659217877095
wash,needta,1,18,179,0.00558659217877095
grow,you,55,1,178,0.3089887640449438
grow,he,21,2,178,0.11797752808988764
grow,they,20,3,178,0.11235955056179775
grow,it,19,4,178,0.10674157303370786
grow,that,8,5,178,0.0449438202247191
grow,i,7,6,178,0.03932584269662921
grow,we,4,7,178,0.02247191011235955
grow,firstname,4,8,178,0.02247191011235955
grow,what,3,9,178,0.016853932584269662
grow,flower,3,10,178,0.016853932584269662
grow,she,2,11,178,0.011235955056179775
grow,who,2,12,178,0.011235955056179775
grow,one,2,13,178,0.011235955056179775
grow,hasta,1,14,178,0.0056179775280898875
grow,something,1,15,178,0.0056179775280898875
grow,plant,1,16,178,0.0056179775280898875
grow,kitten,1,17,178,0.0056179775280898875
grow,corn,1,18,178,0.0056179775280898875
grow,mammal,1,19,178,0.0056179775280898875
grow,wolf,1,20,178,0.0056179775280898875
grow,fingernail,1,21,178,0.0056179775280898875
grow,all,1,22,178,0.0056179775280898875
grow,needta,1,23,178,0.0056179775280898875
grow,vegetable,1,24,178,0.0056179775280898875
grow,bambi,1,25,178,0.0056179775280898875
grow,monster,1,26,178,0.0056179775280898875
grow,face,1,27,178,0.0056179775280898875
grow,thing,1,28,178,0.0056179775280898875
grow,thomas,1,29,178,0.0056179775280898875
grow,boy,1,30,178,0.0056179775280898875
grow,sunflower,1,31,178,0.0056179775280898875
grow,nanabilbey,1,32,178,0.0056179775280898875
grow,seed,1,33,178,0.0056179775280898875
grow,money,1,34,178,0.0056179775280898875
grow,nana,1,35,178,0.0056179775280898875
grow,apple,1,36,178,0.0056179775280898875
grow,potato,1,37,178,0.0056179775280898875
grow,pumpkin,1,38,178,0.0056179775280898875
grow,plastic,1,39,178,0.0056179775280898875
grow,stalk,1,40,178,0.0056179775280898875
grow,hair,1,41,178,0.0056179775280898875
seem,it,33,1,178,0.1853932584269663
seem,i,28,2,178,0.15730337078651685
seem,you,23,3,178,0.12921348314606743
seem,he,19,4,178,0.10674157303370786
seem,that,12,5,178,0.06741573033707865
seem,she,10,6,178,0.056179775280898875
seem,they,9,7,178,0.05056179775280899
seem,we,8,8,178,0.0449438202247191
seem,this,6,9,178,0.033707865168539325
seem,aerial,2,10,178,0.011235955056179775
seem,one,2,11,178,0.011235955056179775
seem,what,2,12,178,0.011235955056179775
seem,parent,1,13,178,0.0056179775280898875
seem,cat,1,14,178,0.0056179775280898875
seem,boot,1,15,178,0.0056179775280898875
seem,something,1,16,178,0.0056179775280898875
seem,mess,1,17,178,0.0056179775280898875
seem,chi,1,18,178,0.0056179775280898875
seem,some,1,19,178,0.0056179775280898875
seem,heat,1,20,178,0.0056179775280898875
seem,kid,1,21,178,0.0056179775280898875
seem,bit,1,22,178,0.0056179775280898875
seem,tweenies,1,23,178,0.0056179775280898875
seem,microphone,1,24,178,0.0056179775280898875
seem,who,1,25,178,0.0056179775280898875
seem,set,1,26,178,0.0056179775280898875
seem,house,1,27,178,0.0056179775280898875
seem,nose,1,28,178,0.0056179775280898875
seem,hair,1,29,178,0.0056179775280898875
seem,purdie,1,30,178,0.0056179775280898875
seem,water,1,31,178,0.0056179775280898875
seem,problem,1,32,178,0.0056179775280898875
seem,compartment,1,33,178,0.0056179775280898875
seem,tree,1,34,178,0.0056179775280898875
seem,mom,1,35,178,0.0056179775280898875
seem,baby,1,36,178,0.0056179775280898875
