verb,subject,frequency,rank,total,proportion
go,you,17396,1,52659,0.33035188666704646
go,we,7285,2,52659,0.13834292333694145
go,i,5901,3,52659,0.11206061641884578
go,it,3593,4,52659,0.0682314514138134
go,he,3097,5,52659,0.058812358761085475
go,they,2213,6,52659,0.0420251049203365
go,she,1490,7,52659,0.028295258170493172
go,us,1199,8,52659,0.02276913727947739
go,that,1090,9,52659,0.020699215708615812
go,what,628,10,52659,0.011925786665147459
go,who,518,11,52659,0.009836874988131183
go,one,498,12,52659,0.009457072865037315
go,this,489,13,52659,0.009286161909645076
go,ya,402,14,52659,0.007634022674186749
go,mommy,357,15,52659,0.0067794678972255456
go,daddy,285,16,52659,0.005412180254087621
go,wanna,239,17,52659,0.004538635370971724
go,car,164,18,52659,0.0031143774093697184
go,baby,128,19,52659,0.002430733587800756
go,people,100,20,52659,0.0018990106154693404
go,dog,93,21,52659,0.0017660798723864867
go,guy,87,22,52659,0.0016521392354583262
go,home,76,23,52659,0.0014432480677566987
go,bear,73,24,52659,0.0013862777492926186
go,cat,67,25,52659,0.0012723371123644581
go,thing,62,26,52659,0.0011773865815909912
go,ball,58,27,52659,0.0011014261569722175
go,these,56,28,52659,0.0010634459446628307
go,hasta,55,29,52659,0.0010444558385081372
go,kitty,54,30,52659,0.0010254657323534439
go,piggy,51,31,52659,0.0009684954138893636
go,train,49,32,52659,0.0009305152015799768
go,everybody,48,33,52659,0.0009115250954252834
go,wheel,46,34,52659,0.0008735448831158966
go,kid,46,35,52659,0.0008735448831158966
go,boy,44,36,52659,0.0008355646708065099
go,piece,43,37,52659,0.0008165745646518164
go,man,41,38,52659,0.0007785943523424296
go,girl,41,39,52659,0.0007785943523424296
go,truck,41,40,52659,0.0007785943523424296
go,all,40,41,52659,0.0007596042461877362
go,bunny,39,42,52659,0.0007406141400330428
go,somebody,37,43,52659,0.000702633927723656
go,cow,36,44,52659,0.0006836438215689625
go,pop,36,45,52659,0.0006836438215689625
go,horse,35,46,52659,0.0006646537154142691
go,bird,32,47,52659,0.000607683396950189
go,airplane,32,48,52659,0.000607683396950189
go,foot,32,49,52659,0.000607683396950189
go,needta,32,50,52659,0.000607683396950189
go,light,32,51,52659,0.000607683396950189
go,mama,31,52,52659,0.0005886932907954956
go,animal,31,53,52659,0.0005886932907954956
go,spider,29,54,52659,0.0005507130784861088
go,hadta,27,55,52659,0.0005127328661767219
go,chi,27,56,52659,0.0005127328661767219
go,lady,26,57,52659,0.0004937427600220285
go,sun,26,58,52659,0.0004937427600220285
go,head,25,59,52659,0.0004747526538673351
go,child,25,60,52659,0.0004747526538673351
go,hand,24,61,52659,0.0004557625477126417
go,doggie,23,62,52659,0.0004367724415579483
go,something,23,63,52659,0.0004367724415579483
go,your,23,64,52659,0.0004367724415579483
go,duck,23,65,52659,0.0004367724415579483
go,lion,23,66,52659,0.0004367724415579483
go,everything,22,67,52659,0.0004177823354032549
go,policeman,22,68,52659,0.0004177823354032549
go,those,21,69,52659,0.0003987922292485615
go,laura,21,70,52659,0.0003987922292485615
go,mouse,20,71,52659,0.0003798021230938681
go,tape,20,72,52659,0.0003798021230938681
go,elephant,20,73,52659,0.0003798021230938681
go,nina,20,74,52659,0.0003798021230938681
go,david,19,75,52659,0.0003608120169391747
go,boat,19,76,52659,0.0003608120169391747
go,hat,19,77,52659,0.0003608120169391747
go,mom,19,78,52659,0.0003608120169391747
go,fish,19,79,52659,0.0003608120169391747
go,santa_claus,18,80,52659,0.0003418219107844813
go,money,18,81,52659,0.0003418219107844813
go,bus,18,82,52659,0.0003418219107844813
go,go,17,83,52659,0.00032283180462978786
go,mother,17,84,52659,0.00032283180462978786
go,piggie,17,85,52659,0.00032283180462978786
go,water,17,86,52659,0.00032283180462978786
go,lemme,17,87,52659,0.00032283180462978786
go,toy,16,88,52659,0.0003038416984750945
go,friend,16,89,52659,0.0003038416984750945
go,mummy,16,90,52659,0.0003038416984750945
go,someone,16,91,52659,0.0003038416984750945
go,two,16,92,52659,0.0003038416984750945
go,monkey,15,93,52659,0.0002848515923204011
go,horsie,15,94,52659,0.0002848515923204011
go,plane,15,95,52659,0.0002848515923204011
go,grandma,15,96,52659,0.0002848515923204011
go,whatcha,15,97,52659,0.0002848515923204011
go,dinosaur,15,98,52659,0.0002848515923204011
go,adam,15,99,52659,0.0002848515923204011
go,some,14,100,52659,0.0002658614861657077
go,nobody,14,101,52659,0.0002658614861657077
go,book,14,102,52659,0.0002658614861657077
go,arm,14,103,52659,0.0002658614861657077
go,cup,14,104,52659,0.0002658614861657077
go,fraser,14,105,52659,0.0002658614861657077
go,nathaniel,14,106,52659,0.0002658614861657077
go,bed,13,107,52659,0.00024687138001101426
go,frog,13,108,52659,0.00024687138001101426
go,bell,13,109,52659,0.00024687138001101426
go,eve,13,110,52659,0.00024687138001101426
go,sis,13,111,52659,0.00024687138001101426
go,alarm,13,112,52659,0.00024687138001101426
go,momma,12,113,52659,0.00022788127385632085
go,table,12,114,52659,0.00022788127385632085
go,mine,12,115,52659,0.00022788127385632085
go,sarah,12,116,52659,0.00022788127385632085
go,battery,12,117,52659,0.00022788127385632085
go,food,12,118,52659,0.00022788127385632085
go,miffy,11,119,52659,0.00020889116770162746
go,block,11,120,52659,0.00020889116770162746
go,house,11,121,52659,0.00020889116770162746
go,dad,11,122,52659,0.00020889116770162746
go,sock,11,123,52659,0.00020889116770162746
go,horn,11,124,52659,0.00020889116770162746
go,shem,11,125,52659,0.00020889116770162746
go,bro,11,126,52659,0.00020889116770162746
go,voice,11,127,52659,0.00020889116770162746
go,chair,10,128,52659,0.00018990106154693405
go,hafta,10,129,52659,0.00018990106154693405
go,egg,10,130,52659,0.00018990106154693405
go,monster,10,131,52659,0.00018990106154693405
go,sposta,10,132,52659,0.00018990106154693405
go,let,10,133,52659,0.00018990106154693405
go,yours,10,134,52659,0.00018990106154693405
go,three,10,135,52659,0.00018990106154693405
go,part,10,136,52659,0.00018990106154693405
go,flower,10,137,52659,0.00018990106154693405
go,henry,10,138,52659,0.00018990106154693405
go,leg,10,139,52659,0.00018990106154693405
go,everyone,10,140,52659,0.00018990106154693405
go,doll,10,141,52659,0.00018990106154693405
go,chicken,9,142,52659,0.00017091095539224064
go,peter,9,143,52659,0.00017091095539224064
go,lois,9,144,52659,0.00017091095539224064
go,tree,9,145,52659,0.00017091095539224064
go,tunnel,9,146,52659,0.00017091095539224064
go,weasel,9,147,52659,0.00017091095539224064
go,ernie,9,148,52659,0.00017091095539224064
go,puppy,9,149,52659,0.00017091095539224064
go,clock,9,150,52659,0.00017091095539224064
go,bubble,9,151,52659,0.00017091095539224064
go,bug,9,152,52659,0.00017091095539224064
go,eye,9,153,52659,0.00017091095539224064
go,tractor,9,154,52659,0.00017091095539224064
go,person,9,155,52659,0.00017091095539224064
go,sally,9,156,52659,0.00017091095539224064
go,theo,9,157,52659,0.00017091095539224064
go,graeme,9,158,52659,0.00017091095539224064
go,circle,8,159,52659,0.00015192084923754725
go,screw,8,160,52659,0.00015192084923754725
go,jenny,8,161,52659,0.00015192084923754725
go,whoop,8,162,52659,0.00015192084923754725
go,milk,8,163,52659,0.00015192084923754725
go,doggy,8,164,52659,0.00015192084923754725
go,michael,8,165,52659,0.00015192084923754725
go,door,8,166,52659,0.00015192084923754725
go,turtle,8,167,52659,0.00015192084923754725
go,letter,8,168,52659,0.00015192084923754725
go,spoon,8,169,52659,0.00015192084923754725
go,honey,8,170,52659,0.00015192084923754725
go,snort,8,171,52659,0.00015192084923754725
go,shoe,8,172,52659,0.00015192084923754725
go,papa,8,173,52659,0.00015192084923754725
go,number,8,174,52659,0.00015192084923754725
go,brother,8,175,52659,0.00015192084923754725
go,red,8,176,52659,0.00015192084923754725
go,fishie,8,177,52659,0.00015192084923754725
go,tiger,8,178,52659,0.00015192084923754725
go,rain,8,179,52659,0.00015192084923754725
go,box,8,180,52659,0.00015192084923754725
go,grover,8,181,52659,0.00015192084923754725
go,bobby,8,182,52659,0.00015192084923754725
go,square,7,183,52659,0.00013293074308285384
go,teacher,7,184,52659,0.00013293074308285384
go,face,7,185,52659,0.00013293074308285384
go,sheep,7,186,52659,0.00013293074308285384
go,donkey,7,187,52659,0.00013293074308285384
go,blue,7,188,52659,0.00013293074308285384
go,star,7,189,52659,0.00013293074308285384
go,swww,7,190,52659,0.00013293074308285384
go,top,7,191,52659,0.00013293074308285384
go,stuff,7,192,52659,0.00013293074308285384
go,timmy,7,193,52659,0.00013293074308285384
go,juice,7,194,52659,0.00013293074308285384
go,anybody,7,195,52659,0.00013293074308285384
go,finger,7,196,52659,0.00013293074308285384
go,rabbit,7,197,52659,0.00013293074308285384
go,tail,7,198,52659,0.00013293074308285384
go,rooster,7,199,52659,0.00013293074308285384
go,song,7,200,52659,0.00013293074308285384
go,kent,7,201,52659,0.00013293074308285384
go,snake,7,202,52659,0.00013293074308285384
go,kind,7,203,52659,0.00013293074308285384
go,doctor,7,204,52659,0.00013293074308285384
go,oliver,7,205,52659,0.00013293074308285384
go,puddy,7,206,52659,0.00013293074308285384
go,owl,7,207,52659,0.00013293074308285384
go,abe,7,208,52659,0.00013293074308285384
go,marky,7,209,52659,0.00013293074308285384
go,mormor,7,210,52659,0.00013293074308285384
go,carl,7,211,52659,0.00013293074308285384
go,kangaroo,7,212,52659,0.00013293074308285384
go,thomas,7,213,52659,0.00013293074308285384
go,amye,7,214,52659,0.00013293074308285384
go,sandy,6,215,52659,0.00011394063692816042
go,patsy,6,216,52659,0.00011394063692816042
go,bolt,6,217,52659,0.00011394063692816042
go,bag,6,218,52659,0.00011394063692816042
go,bridge,6,219,52659,0.00011394063692816042
go,key,6,220,52659,0.00011394063692816042
go,dwww,6,221,52659,0.00011394063692816042
go,name,6,222,52659,0.00011394063692816042
go,christopher,6,223,52659,0.00011394063692816042
go,clothe,6,224,52659,0.00011394063692816042
go,both,6,225,52659,0.00011394063692816042
go,end,6,226,52659,0.00011394063692816042
go,balloon,6,227,52659,0.00011394063692816042
go,pant,6,228,52659,0.00011394063692816042
go,crayon,6,229,52659,0.00011394063692816042
go,big_bird,6,230,52659,0.00011394063692816042
go,which,6,231,52659,0.00011394063692816042
go,tv,6,232,52659,0.00011394063692816042
go,no,6,233,52659,0.00011394063692816042
go,mary,6,234,52659,0.00011394063692816042
go,sweater,6,235,52659,0.00011394063692816042
go,investigator,6,236,52659,0.00011394063692816042
go,erin,6,237,52659,0.00011394063692816042
go,mia,6,238,52659,0.00011394063692816042
go,froggy,6,239,52659,0.00011394063692816042
go,button,5,240,52659,9.495053077346702e-05
go,eric,5,241,52659,9.495053077346702e-05
go,machine,5,242,52659,9.495053077346702e-05
go,jennifer,5,243,52659,9.495053077346702e-05
go,family,5,244,52659,9.495053077346702e-05
go,anything,5,245,52659,9.495053077346702e-05
go,ear,5,246,52659,9.495053077346702e-05
go,tool,5,247,52659,9.495053077346702e-05
go,jack,5,248,52659,9.495053077346702e-05
go,mickey,5,249,52659,9.495053077346702e-05
go,rat,5,250,52659,9.495053077346702e-05
go,time,5,251,52659,9.495053077346702e-05
go,butter,5,252,52659,9.495053077346702e-05
go,kitty+cat,5,253,52659,9.495053077346702e-05
go,moon,5,254,52659,9.495053077346702e-05
go,wiper,5,255,52659,9.495053077346702e-05
go,duckie,5,256,52659,9.495053077346702e-05
go,dakota,5,257,52659,9.495053077346702e-05
go,bert,5,258,52659,9.495053077346702e-05
go,kim,5,259,52659,9.495053077346702e-05
go,parent,5,260,52659,9.495053077346702e-05
go,paul,5,261,52659,9.495053077346702e-05
go,four,5,262,52659,9.495053077346702e-05
go,robin,5,263,52659,9.495053077346702e-05
go,its,5,264,52659,9.495053077346702e-05
go,string,5,265,52659,9.495053077346702e-05
go,story,5,266,52659,9.495053077346702e-05
go,merry,5,267,52659,9.495053077346702e-05
go,useta,5,268,52659,9.495053077346702e-05
go,ryan,5,269,52659,9.495053077346702e-05
go,gramma,5,270,52659,9.495053077346702e-05
go,matthew,5,271,52659,9.495053077346702e-05
go,donald,5,272,52659,9.495053077346702e-05
go,elizabeth,5,273,52659,9.495053077346702e-05
go,annie,5,274,52659,9.495053077346702e-05
go,cinderella,5,275,52659,9.495053077346702e-05
go,sludge,5,276,52659,9.495053077346702e-05
go,music,5,277,52659,9.495053077346702e-05
go,brian,5,278,52659,9.495053077346702e-05
go,bottle,5,279,52659,9.495053077346702e-05
go,snow,5,280,52659,9.495053077346702e-05
go,lexy,5,281,52659,9.495053077346702e-05
go,pig,5,282,52659,9.495053077346702e-05
go,james,5,283,52659,9.495053077346702e-05
go,roland,5,284,52659,9.495053077346702e-05
go,barbecue,4,285,52659,7.596042461877363e-05
go,anyone,4,286,52659,7.596042461877363e-05
go,dragon,4,287,52659,7.596042461877363e-05
go,susie,4,288,52659,7.596042461877363e-05
go,engine,4,289,52659,7.596042461877363e-05
go,other,4,290,52659,7.596042461877363e-05
go,pencil,4,291,52659,7.596042461877363e-05
go,game,4,292,52659,7.596042461877363e-05
go,andy,4,293,52659,7.596042461877363e-05
go,cookie,4,294,52659,7.596042461877363e-05
go,grandpa,4,295,52659,7.596042461877363e-05
go,brisco,4,296,52659,7.596042461877363e-05
go,elmo,4,297,52659,7.596042461877363e-05
go,goose,4,298,52659,7.596042461877363e-05
go,tooth,4,299,52659,7.596042461877363e-05
go,brush,4,300,52659,7.596042461877363e-05
go,chickie,4,301,52659,7.596042461877363e-05
go,pear,4,302,52659,7.596042461877363e-05
go,seat,4,303,52659,7.596042461877363e-05
go,sailboat,4,304,52659,7.596042461877363e-05
go,shirt,4,305,52659,7.596042461877363e-05
go,ladder,4,306,52659,7.596042461877363e-05
go,mitten,4,307,52659,7.596042461877363e-05
go,ship,4,308,52659,7.596042461877363e-05
go,mail,4,309,52659,7.596042461877363e-05
go,paper,4,310,52659,7.596042461877363e-05
go,father,4,311,52659,7.596042461877363e-05
go,melissa,4,312,52659,7.596042461877363e-05
go,betty,4,313,52659,7.596042461877363e-05
go,em,4,314,52659,7.596042461877363e-05
go,road,4,315,52659,7.596042461877363e-05
go,motor,4,316,52659,7.596042461877363e-05
go,noise,4,317,52659,7.596042461877363e-05
go,many,4,318,52659,7.596042461877363e-05
go,helicopter,4,319,52659,7.596042461877363e-05
go,driver,4,320,52659,7.596042461877363e-05
go,nut,4,321,52659,7.596042461877363e-05
go,hole,4,322,52659,7.596042461877363e-05
go,color,4,323,52659,7.596042461877363e-05
go,caterpillar,4,324,52659,7.596042461877363e-05
go,school,4,325,52659,7.596042461877363e-05
go,farmer,4,326,52659,7.596042461877363e-05
go,parrot,4,327,52659,7.596042461877363e-05
go,nose,4,328,52659,7.596042461877363e-05
go,brittany,4,329,52659,7.596042461877363e-05
go,pony,4,330,52659,7.596042461877363e-05
go,nomi,4,331,52659,7.596042461877363e-05
go,nonna,4,332,52659,7.596042461877363e-05
go,chimney,4,333,52659,7.596042461877363e-05
go,roof,4,334,52659,7.596042461877363e-05
go,motorcycle,4,335,52659,7.596042461877363e-05
go,sticker,4,336,52659,7.596042461877363e-05
go,buzz,4,337,52659,7.596042461877363e-05
go,tisha,4,338,52659,7.596042461877363e-05
go,robbie,4,339,52659,7.596042461877363e-05
go,zoe,4,340,52659,7.596042461877363e-05
go,frank,3,341,52659,5.697031846408021e-05
go,five,3,342,52659,5.697031846408021e-05
go,marie,3,343,52659,5.697031846408021e-05
go,pen,3,344,52659,5.697031846408021e-05
go,screwdriver,3,345,52659,5.697031846408021e-05
go,barrel,3,346,52659,5.697031846408021e-05
go,wagon,3,347,52659,5.697031846408021e-05
go,kite,3,348,52659,5.697031846408021e-05
go,elevator,3,349,52659,5.697031846408021e-05
go,track,3,350,52659,5.697031846408021e-05
go,side,3,351,52659,5.697031846408021e-05
go,popsicle,3,352,52659,5.697031846408021e-05
go,clown,3,353,52659,5.697031846408021e-05
go,nat,3,354,52659,5.697031846408021e-05
go,nana,3,355,52659,5.697031846408021e-05
go,bowl,3,356,52659,5.697031846408021e-05
go,recorder,3,357,52659,5.697031846408021e-05
go,cereal,3,358,52659,5.697031846408021e-05
go,pepper,3,359,52659,5.697031846408021e-05
go,sister,3,360,52659,5.697031846408021e-05
go,orange,3,361,52659,5.697031846408021e-05
go,triangle,3,362,52659,5.697031846408021e-05
go,window,3,363,52659,5.697031846408021e-05
go,butterfly,3,364,52659,5.697031846408021e-05
go,froggie,3,365,52659,5.697031846408021e-05
go,timer,3,366,52659,5.697031846408021e-05
go,look,3,367,52659,5.697031846408021e-05
go,hair,3,368,52659,5.697031846408021e-05
go,plate,3,369,52659,5.697031846408021e-05
go,jane,3,370,52659,5.697031846408021e-05
go,neighbor,3,371,52659,5.697031846408021e-05
go,nine,3,372,52659,5.697031846408021e-05
go,apple,3,373,52659,5.697031846408021e-05
go,phone,3,374,52659,5.697031846408021e-05
go,binkie,3,375,52659,5.697031846408021e-05
go,shepherd,3,376,52659,5.697031846408021e-05
go,maggie,3,377,52659,5.697031846408021e-05
go,ursula,3,378,52659,5.697031846408021e-05
go,microphone,3,379,52659,5.697031846408021e-05
go,thumb,3,380,52659,5.697031846408021e-05
go,nothing,3,381,52659,5.697031846408021e-05
go,wing,3,382,52659,5.697031846408021e-05
go,cream,3,383,52659,5.697031846408021e-05
go,mike,3,384,52659,5.697031846408021e-05
go,sandra,3,385,52659,5.697031846408021e-05
go,chip,3,386,52659,5.697031846408021e-05
go,richard,3,387,52659,5.697031846408021e-05
go,seal,3,388,52659,5.697031846408021e-05
go,bicycle,3,389,52659,5.697031846408021e-05
go,sink,3,390,52659,5.697031846408021e-05
go,snail,3,391,52659,5.697031846408021e-05
go,air,3,392,52659,5.697031846408021e-05
go,ana,3,393,52659,5.697031846408021e-05
go,janet,3,394,52659,5.697031846408021e-05
go,oop,3,395,52659,5.697031846408021e-05
go,firstname,3,396,52659,5.697031846408021e-05
go,ant,3,397,52659,5.697031846408021e-05
go,katie,3,398,52659,5.697031846408021e-05
go,tire,3,399,52659,5.697031846408021e-05
go,tupty,3,400,52659,5.697031846408021e-05
go,woman,3,401,52659,5.697031846408021e-05
go,the,3,402,52659,5.697031846408021e-05
go,charlie,3,403,52659,5.697031846408021e-05
go,week,3,404,52659,5.697031846408021e-05
go,tweet,3,405,52659,5.697031846408021e-05
go,ice,3,406,52659,5.697031846408021e-05
go,debbie,3,407,52659,5.697031846408021e-05
go,fire,3,408,52659,5.697031846408021e-05
go,yellow,3,409,52659,5.697031846408021e-05
go,patrick,3,410,52659,5.697031846408021e-05
go,cou,3,411,52659,5.697031846408021e-05
go,johnny,3,412,52659,5.697031846408021e-05
go,zweiback,3,413,52659,5.697031846408021e-05
go,chris,3,414,52659,5.697031846408021e-05
go,rest,3,415,52659,5.697031846408021e-05
go,uhhuh,3,416,52659,5.697031846408021e-05
go,doctor_foster,3,417,52659,5.697031846408021e-05
go,uhhum,3,418,52659,5.697031846408021e-05
go,goat,3,419,52659,5.697031846408021e-05
go,boot,3,420,52659,5.697031846408021e-05
go,ross,3,421,52659,5.697031846408021e-05
go,witch,3,422,52659,5.697031846408021e-05
go,hulk,3,423,52659,5.697031846408021e-05
go,john,3,424,52659,5.697031846408021e-05
go,chick,3,425,52659,5.697031846408021e-05
go,eddie,3,426,52659,5.697031846408021e-05
go,megan,3,427,52659,5.697031846408021e-05
go,larry,3,428,52659,5.697031846408021e-05
go,kalie,3,429,52659,5.697031846408021e-05
go,body,3,430,52659,5.697031846408021e-05
go,dolly,3,431,52659,5.697031846408021e-05
go,lamb,3,432,52659,5.697031846408021e-05
go,taki,3,433,52659,5.697031846408021e-05
go,dingo,3,434,52659,5.697031846408021e-05
go,slipper,3,435,52659,5.697031846408021e-05
go,baaee,3,436,52659,5.697031846408021e-05
go,jill,3,437,52659,5.697031846408021e-05
go,day,3,438,52659,5.697031846408021e-05
go,soap,3,439,52659,5.697031846408021e-05
go,hook,3,440,52659,5.697031846408021e-05
go,jp,3,441,52659,5.697031846408021e-05
go,santa,3,442,52659,5.697031846408021e-05
go,joey,3,443,52659,5.697031846408021e-05
go,matty,3,444,52659,5.697031846408021e-05
go,boo,3,445,52659,5.697031846408021e-05
go,eater,3,446,52659,5.697031846408021e-05
go,jason,3,447,52659,5.697031846408021e-05
go,weist,3,448,52659,5.697031846408021e-05
go,sophie,3,449,52659,5.697031846408021e-05
go,roman,3,450,52659,5.697031846408021e-05
go,tracy,3,451,52659,5.697031846408021e-05
go,needle,3,452,52659,5.697031846408021e-05
go,remi,3,453,52659,5.697031846408021e-05
go,fly,3,454,52659,5.697031846408021e-05
go,derwood,3,455,52659,5.697031846408021e-05
go,bernice,3,456,52659,5.697031846408021e-05
go,gerbil,3,457,52659,5.697031846408021e-05
go,tony,3,458,52659,5.697031846408021e-05
go,asher,3,459,52659,5.697031846408021e-05
go,kayode,3,460,52659,5.697031846408021e-05
go,mack,2,461,52659,3.798021230938681e-05
go,marco,2,462,52659,3.798021230938681e-05
go,pocketbook,2,463,52659,3.798021230938681e-05
go,thank_you,2,464,52659,3.798021230938681e-05
go,record,2,465,52659,3.798021230938681e-05
go,lynn,2,466,52659,3.798021230938681e-05
go,george,2,467,52659,3.798021230938681e-05
go,pwww,2,468,52659,3.798021230938681e-05
go,jwww,2,469,52659,3.798021230938681e-05
go,awww,2,470,52659,3.798021230938681e-05
go,deedee,2,471,52659,3.798021230938681e-05
go,picture,2,472,52659,3.798021230938681e-05
go,beard,2,473,52659,3.798021230938681e-05
go,purse,2,474,52659,3.798021230938681e-05
go,sean,2,475,52659,3.798021230938681e-05
go,max,2,476,52659,3.798021230938681e-05
go,morgan,2,477,52659,3.798021230938681e-05
go,dada,2,478,52659,3.798021230938681e-05
go,much,2,479,52659,3.798021230938681e-05
go,spud,2,480,52659,3.798021230938681e-05
go,noah,2,481,52659,3.798021230938681e-05
go,sammy,2,482,52659,3.798021230938681e-05
go,rider,2,483,52659,3.798021230938681e-05
go,banana,2,484,52659,3.798021230938681e-05
go,uhoh,2,485,52659,3.798021230938681e-05
go,tom,2,486,52659,3.798021230938681e-05
go,yankee_doodle,2,487,52659,3.798021230938681e-05
go,o,2,488,52659,3.798021230938681e-05
go,blanket,2,489,52659,3.798021230938681e-05
go,pokemon,2,490,52659,3.798021230938681e-05
go,ring,2,491,52659,3.798021230938681e-05
go,yay,2,492,52659,3.798021230938681e-05
go,bead,2,493,52659,3.798021230938681e-05
go,joe,2,494,52659,3.798021230938681e-05
go,telephone,2,495,52659,3.798021230938681e-05
go,tabitha,2,496,52659,3.798021230938681e-05
go,card,2,497,52659,3.798021230938681e-05
go,ribbon,2,498,52659,3.798021230938681e-05
go,ben,2,499,52659,3.798021230938681e-05
go,clifford,2,500,52659,3.798021230938681e-05
go,bee,2,501,52659,3.798021230938681e-05
go,w,2,502,52659,3.798021230938681e-05
go,y,2,503,52659,3.798021230938681e-05
go,allen,2,504,52659,3.798021230938681e-05
go,oatmeal,2,505,52659,3.798021230938681e-05
go,carrot,2,506,52659,3.798021230938681e-05
go,cheeto,2,507,52659,3.798021230938681e-05
go,silverware,2,508,52659,3.798021230938681e-05
go,lid,2,509,52659,3.798021230938681e-05
go,barney,2,510,52659,3.798021230938681e-05
go,yaya,2,511,52659,3.798021230938681e-05
go,dryer,2,512,52659,3.798021230938681e-05
go,dyeisha,2,513,52659,3.798021230938681e-05
go,glove,2,514,52659,3.798021230938681e-05
go,radio,2,515,52659,3.798021230938681e-05
go,grandmother,2,516,52659,3.798021230938681e-05
go,can,2,517,52659,3.798021230938681e-05
go,cromer,2,518,52659,3.798021230938681e-05
go,dollie,2,519,52659,3.798021230938681e-05
go,donna,2,520,52659,3.798021230938681e-05
go,a,2,521,52659,3.798021230938681e-05
go,v,2,522,52659,3.798021230938681e-05
go,elaine,2,523,52659,3.798021230938681e-05
go,tear,2,524,52659,3.798021230938681e-05
go,t,2,525,52659,3.798021230938681e-05
go,flag,2,526,52659,3.798021230938681e-05
go,candy,2,527,52659,3.798021230938681e-05
go,scar,2,528,52659,3.798021230938681e-05
go,o'clock,2,529,52659,3.798021230938681e-05
go,whoa,2,530,52659,3.798021230938681e-05
go,tongue,2,531,52659,3.798021230938681e-05
go,curtain,2,532,52659,3.798021230938681e-05
go,movie,2,533,52659,3.798021230938681e-05
go,biscuit,2,534,52659,3.798021230938681e-05
go,mean,2,535,52659,3.798021230938681e-05
go,glass,2,536,52659,3.798021230938681e-05
go,spot,2,537,52659,3.798021230938681e-05
go,anna,2,538,52659,3.798021230938681e-05
go,calf,2,539,52659,3.798021230938681e-05
go,katy,2,540,52659,3.798021230938681e-05
go,paint,2,541,52659,3.798021230938681e-05
go,suitcase,2,542,52659,3.798021230938681e-05
go,way,2,543,52659,3.798021230938681e-05
go,their,2,544,52659,3.798021230938681e-05
go,bill,2,545,52659,3.798021230938681e-05
go,gwen,2,546,52659,3.798021230938681e-05
go,marty,2,547,52659,3.798021230938681e-05
go,zuggle,2,548,52659,3.798021230938681e-05
go,sound,2,549,52659,3.798021230938681e-05
go,tower,2,550,52659,3.798021230938681e-05
go,pot,2,551,52659,3.798021230938681e-05
go,gobble,2,552,52659,3.798021230938681e-05
go,kathy,2,553,52659,3.798021230938681e-05
go,rachi,2,554,52659,3.798021230938681e-05
go,dish,2,555,52659,3.798021230938681e-05
go,higgens,2,556,52659,3.798021230938681e-05
go,trick,2,557,52659,3.798021230938681e-05
go,cheese,2,558,52659,3.798021230938681e-05
go,oughta,2,559,52659,3.798021230938681e-05
go,pipe,2,560,52659,3.798021230938681e-05
go,kitten,2,561,52659,3.798021230938681e-05
go,so_that,2,562,52659,3.798021230938681e-05
go,nickel,2,563,52659,3.798021230938681e-05
go,googey,2,564,52659,3.798021230938681e-05
go,green,2,565,52659,3.798021230938681e-05
go,junior,2,566,52659,3.798021230938681e-05
go,bambi,2,567,52659,3.798021230938681e-05
go,fang,2,568,52659,3.798021230938681e-05
go,frosty,2,569,52659,3.798021230938681e-05
go,crane,2,570,52659,3.798021230938681e-05
go,do,2,571,52659,3.798021230938681e-05
go,trumpet,2,572,52659,3.798021230938681e-05
go,uncle,2,573,52659,3.798021230938681e-05
go,sugar,2,574,52659,3.798021230938681e-05
go,melissi,2,575,52659,3.798021230938681e-05
go,dollar,2,576,52659,3.798021230938681e-05
go,puzzle,2,577,52659,3.798021230938681e-05
go,cover,2,578,52659,3.798021230938681e-05
go,miles,2,579,52659,3.798021230938681e-05
go,minnie,2,580,52659,3.798021230938681e-05
go,hawk,2,581,52659,3.798021230938681e-05
go,broom,2,582,52659,3.798021230938681e-05
go,hour,2,583,52659,3.798021230938681e-05
go,swish,2,584,52659,3.798021230938681e-05
go,bang,2,585,52659,3.798021230938681e-05
go,dana,2,586,52659,3.798021230938681e-05
go,ma,2,587,52659,3.798021230938681e-05
go,mikey,2,588,52659,3.798021230938681e-05
go,napkin,2,589,52659,3.798021230938681e-05
go,emmy,2,590,52659,3.798021230938681e-05
go,amanda,2,591,52659,3.798021230938681e-05
go,medicine,2,592,52659,3.798021230938681e-05
go,good,2,593,52659,3.798021230938681e-05
go,camp,2,594,52659,3.798021230938681e-05
go,jean,2,595,52659,3.798021230938681e-05
go,camera,2,596,52659,3.798021230938681e-05
go,mouth,2,597,52659,3.798021230938681e-05
go,hood,2,598,52659,3.798021230938681e-05
go,jiminy,2,599,52659,3.798021230938681e-05
go,zebra,2,600,52659,3.798021230938681e-05
go,hippo,2,601,52659,3.798021230938681e-05
go,leslie,2,602,52659,3.798021230938681e-05
go,line,2,603,52659,3.798021230938681e-05
go,lou,2,604,52659,3.798021230938681e-05
go,ghost,2,605,52659,3.798021230938681e-05
go,snoopy,2,606,52659,3.798021230938681e-05
go,old_mother_hubbard,2,607,52659,3.798021230938681e-05
go,emily,2,608,52659,3.798021230938681e-05
go,rachel,2,609,52659,3.798021230938681e-05
go,christina,2,610,52659,3.798021230938681e-05
go,birdie,2,611,52659,3.798021230938681e-05
go,daniel,2,612,52659,3.798021230938681e-05
go,steamer,2,613,52659,3.798021230938681e-05
go,lip,2,614,52659,3.798021230938681e-05
go,skirt,2,615,52659,3.798021230938681e-05
go,tummy,2,616,52659,3.798021230938681e-05
go,buddy,2,617,52659,3.798021230938681e-05
go,danny,2,618,52659,3.798021230938681e-05
go,woof,2,619,52659,3.798021230938681e-05
go,firetruck,2,620,52659,3.798021230938681e-05
go,tie,2,621,52659,3.798021230938681e-05
go,rex,2,622,52659,3.798021230938681e-05
go,travis,2,623,52659,3.798021230938681e-05
go,gammy,2,624,52659,3.798021230938681e-05
go,naomi,2,625,52659,3.798021230938681e-05
go,baum,2,626,52659,3.798021230938681e-05
go,renee,2,627,52659,3.798021230938681e-05
go,tent,2,628,52659,3.798021230938681e-05
go,joseph,2,629,52659,3.798021230938681e-05
go,fishy,2,630,52659,3.798021230938681e-05
go,bob,2,631,52659,3.798021230938681e-05
go,miriam,2,632,52659,3.798021230938681e-05
go,becca,2,633,52659,3.798021230938681e-05
go,justin,2,634,52659,3.798021230938681e-05
go,nonno,2,635,52659,3.798021230938681e-05
go,betta,2,636,52659,3.798021230938681e-05
go,diaper,2,637,52659,3.798021230938681e-05
go,coffee,2,638,52659,3.798021230938681e-05
go,dough,2,639,52659,3.798021230938681e-05
go,indian,2,640,52659,3.798021230938681e-05
go,barbara,2,641,52659,3.798021230938681e-05
go,cricket,2,642,52659,3.798021230938681e-05
go,panty,2,643,52659,3.798021230938681e-05
go,julia,2,644,52659,3.798021230938681e-05
go,any,2,645,52659,3.798021230938681e-05
go,observer,2,646,52659,3.798021230938681e-05
go,corky,2,647,52659,3.798021230938681e-05
go,aunt_carey,2,648,52659,3.798021230938681e-05
go,emma,2,649,52659,3.798021230938681e-05
go,jillian,2,650,52659,3.798021230938681e-05
go,sword,2,651,52659,3.798021230938681e-05
go,nemo,2,652,52659,3.798021230938681e-05
go,jenell,2,653,52659,3.798021230938681e-05
go,wind,2,654,52659,3.798021230938681e-05
go,job,2,655,52659,3.798021230938681e-05
go,dexter,2,656,52659,3.798021230938681e-05
go,show,2,657,52659,3.798021230938681e-05
go,alicia,2,658,52659,3.798021230938681e-05
go,ames,2,659,52659,3.798021230938681e-05
go,jeffery,2,660,52659,3.798021230938681e-05
go,period,2,661,52659,3.798021230938681e-05
go,pro,2,662,52659,3.798021230938681e-05
go,year,2,663,52659,3.798021230938681e-05
go,vanessa,2,664,52659,3.798021230938681e-05
go,robert,2,665,52659,3.798021230938681e-05
go,barry,2,666,52659,3.798021230938681e-05
go,stephanie,2,667,52659,3.798021230938681e-05
go,steven,2,668,52659,3.798021230938681e-05
go,tone,2,669,52659,3.798021230938681e-05
go,lisa,2,670,52659,3.798021230938681e-05
go,quack,2,671,52659,3.798021230938681e-05
go,jackie,2,672,52659,3.798021230938681e-05
go,dumbo,2,673,52659,3.798021230938681e-05
go,jj,2,674,52659,3.798021230938681e-05
go,margie,1,675,52659,1.8990106154693406e-05
go,puff,1,676,52659,1.8990106154693406e-05
go,bar,1,677,52659,1.8990106154693406e-05
go,snack,1,678,52659,1.8990106154693406e-05
go,teddy,1,679,52659,1.8990106154693406e-05
go,whoosh,1,680,52659,1.8990106154693406e-05
go,sissie,1,681,52659,1.8990106154693406e-05
go,fork,1,682,52659,1.8990106154693406e-05
go,claus,1,683,52659,1.8990106154693406e-05
go,seesaw,1,684,52659,1.8990106154693406e-05
go,pat,1,685,52659,1.8990106154693406e-05
go,smoke,1,686,52659,1.8990106154693406e-05
go,ocean,1,687,52659,1.8990106154693406e-05
go,pete,1,688,52659,1.8990106154693406e-05
go,spray,1,689,52659,1.8990106154693406e-05
go,accuracy,1,690,52659,1.8990106154693406e-05
go,refrigerator,1,691,52659,1.8990106154693406e-05
go,kinda,1,692,52659,1.8990106154693406e-05
go,bax,1,693,52659,1.8990106154693406e-05
go,birthday,1,694,52659,1.8990106154693406e-05
go,sara,1,695,52659,1.8990106154693406e-05
go,angela,1,696,52659,1.8990106154693406e-05
go,lolo,1,697,52659,1.8990106154693406e-05
go,dope,1,698,52659,1.8990106154693406e-05
go,tickle,1,699,52659,1.8990106154693406e-05
go,baby_picture,1,700,52659,1.8990106154693406e-05
go,none,1,701,52659,1.8990106154693406e-05
go,carton,1,702,52659,1.8990106154693406e-05
go,sue,1,703,52659,1.8990106154693406e-05
go,jody,1,704,52659,1.8990106154693406e-05
go,joanna,1,705,52659,1.8990106154693406e-05
go,tofu,1,706,52659,1.8990106154693406e-05
go,deebee,1,707,52659,1.8990106154693406e-05
go,cwww,1,708,52659,1.8990106154693406e-05
go,bwww,1,709,52659,1.8990106154693406e-05
go,meatloaf,1,710,52659,1.8990106154693406e-05
go,baby_michael,1,711,52659,1.8990106154693406e-05
go,hamster,1,712,52659,1.8990106154693406e-05
go,bread,1,713,52659,1.8990106154693406e-05
go,ethan,1,714,52659,1.8990106154693406e-05
go,loudspeaker,1,715,52659,1.8990106154693406e-05
go,tippy,1,716,52659,1.8990106154693406e-05
go,penis,1,717,52659,1.8990106154693406e-05
go,splash,1,718,52659,1.8990106154693406e-05
go,goo,1,719,52659,1.8990106154693406e-05
go,gi,1,720,52659,1.8990106154693406e-05
go,got_ga_go,1,721,52659,1.8990106154693406e-05
go,squeak,1,722,52659,1.8990106154693406e-05
go,morgie,1,723,52659,1.8990106154693406e-05
go,pop+bead,1,724,52659,1.8990106154693406e-05
go,mandy,1,725,52659,1.8990106154693406e-05
go,roo,1,726,52659,1.8990106154693406e-05
go,washcloth,1,727,52659,1.8990106154693406e-05
go,hannah,1,728,52659,1.8990106154693406e-05
go,plum,1,729,52659,1.8990106154693406e-05
go,maid,1,730,52659,1.8990106154693406e-05
go,project,1,731,52659,1.8990106154693406e-05
go,mister,1,732,52659,1.8990106154693406e-05
go,bean,1,733,52659,1.8990106154693406e-05
go,stew,1,734,52659,1.8990106154693406e-05
go,tray,1,735,52659,1.8990106154693406e-05
go,p,1,736,52659,1.8990106154693406e-05
go,m,1,737,52659,1.8990106154693406e-05
go,hose,1,738,52659,1.8990106154693406e-05
go,sheet,1,739,52659,1.8990106154693406e-05
go,poopie,1,740,52659,1.8990106154693406e-05
go,pamper,1,741,52659,1.8990106154693406e-05
go,baby_donald,1,742,52659,1.8990106154693406e-05
go,beater,1,743,52659,1.8990106154693406e-05
go,ding,1,744,52659,1.8990106154693406e-05
go,tim,1,745,52659,1.8990106154693406e-05
go,twiddle_bug,1,746,52659,1.8990106154693406e-05
go,shoesie,1,747,52659,1.8990106154693406e-05
go,oink,1,748,52659,1.8990106154693406e-05
go,fence,1,749,52659,1.8990106154693406e-05
go,propeller,1,750,52659,1.8990106154693406e-05
go,weensie,1,751,52659,1.8990106154693406e-05
go,pooh_bear,1,752,52659,1.8990106154693406e-05
go,meow,1,753,52659,1.8990106154693406e-05
go,zipper,1,754,52659,1.8990106154693406e-05
go,q,1,755,52659,1.8990106154693406e-05
go,blankie,1,756,52659,1.8990106154693406e-05
go,each,1,757,52659,1.8990106154693406e-05
go,beep,1,758,52659,1.8990106154693406e-05
go,answer,1,759,52659,1.8990106154693406e-05
go,cards,1,760,52659,1.8990106154693406e-05
go,xavier,1,761,52659,1.8990106154693406e-05
go,slink,1,762,52659,1.8990106154693406e-05
go,cheerios,1,763,52659,1.8990106154693406e-05
go,load,1,764,52659,1.8990106154693406e-05
go,trash,1,765,52659,1.8990106154693406e-05
go,vas,1,766,52659,1.8990106154693406e-05
go,little,1,767,52659,1.8990106154693406e-05
go,barbie,1,768,52659,1.8990106154693406e-05
go,granny,1,769,52659,1.8990106154693406e-05
go,gear,1,770,52659,1.8990106154693406e-05
go,brocovich,1,771,52659,1.8990106154693406e-05
go,donald_duck,1,772,52659,1.8990106154693406e-05
go,racket,1,773,52659,1.8990106154693406e-05
go,perro,1,774,52659,1.8990106154693406e-05
go,pine,1,775,52659,1.8990106154693406e-05
go,bulldozer,1,776,52659,1.8990106154693406e-05
go,scissor,1,777,52659,1.8990106154693406e-05
go,rocket,1,778,52659,1.8990106154693406e-05
go,barn,1,779,52659,1.8990106154693406e-05
go,cowboy,1,780,52659,1.8990106154693406e-05
go,windmill,1,781,52659,1.8990106154693406e-05
go,cecelia,1,782,52659,1.8990106154693406e-05
go,sewing,1,783,52659,1.8990106154693406e-05
go,bozo,1,784,52659,1.8990106154693406e-05
go,model,1,785,52659,1.8990106154693406e-05
go,channel,1,786,52659,1.8990106154693406e-05
go,ax,1,787,52659,1.8990106154693406e-05
go,kris,1,788,52659,1.8990106154693406e-05
go,grain,1,789,52659,1.8990106154693406e-05
go,neil,1,790,52659,1.8990106154693406e-05
go,frosty_the_snowman,1,791,52659,1.8990106154693406e-05
go,fraser'll,1,792,52659,1.8990106154693406e-05
go,rick,1,793,52659,1.8990106154693406e-05
go,tuba,1,794,52659,1.8990106154693406e-05
go,ann_marie,1,795,52659,1.8990106154693406e-05
go,blanche,1,796,52659,1.8990106154693406e-05
go,tramps,1,797,52659,1.8990106154693406e-05
go,jinx,1,798,52659,1.8990106154693406e-05
go,courtney,1,799,52659,1.8990106154693406e-05
go,pebble,1,800,52659,1.8990106154693406e-05
go,rudolph,1,801,52659,1.8990106154693406e-05
go,flintstones,1,802,52659,1.8990106154693406e-05
go,express,1,803,52659,1.8990106154693406e-05
go,furnace,1,804,52659,1.8990106154693406e-05
go,humpty_dumpty,1,805,52659,1.8990106154693406e-05
go,inky,1,806,52659,1.8990106154693406e-05
go,uncle_pat,1,807,52659,1.8990106154693406e-05
go,norm,1,808,52659,1.8990106154693406e-05
go,grampy,1,809,52659,1.8990106154693406e-05
go,pigeon,1,810,52659,1.8990106154693406e-05
go,dime,1,811,52659,1.8990106154693406e-05
go,auntie_shirley,1,812,52659,1.8990106154693406e-05
go,husband,1,813,52659,1.8990106154693406e-05
go,joan,1,814,52659,1.8990106154693406e-05
go,toenail,1,815,52659,1.8990106154693406e-05
go,read,1,816,52659,1.8990106154693406e-05
go,transmission,1,817,52659,1.8990106154693406e-05
go,fine,1,818,52659,1.8990106154693406e-05
go,electricity,1,819,52659,1.8990106154693406e-05
go,dickie,1,820,52659,1.8990106154693406e-05
go,vaccination,1,821,52659,1.8990106154693406e-05
go,place,1,822,52659,1.8990106154693406e-05
go,summer,1,823,52659,1.8990106154693406e-05
go,judy,1,824,52659,1.8990106154693406e-05
go,old_lady,1,825,52659,1.8990106154693406e-05
go,dirty,1,826,52659,1.8990106154693406e-05
go,cheek,1,827,52659,1.8990106154693406e-05
go,department,1,828,52659,1.8990106154693406e-05
go,coaster,1,829,52659,1.8990106154693406e-05
go,fox,1,830,52659,1.8990106154693406e-05
go,push,1,831,52659,1.8990106154693406e-05
go,ana'll,1,832,52659,1.8990106154693406e-05
go,bite,1,833,52659,1.8990106154693406e-05
go,bettina,1,834,52659,1.8990106154693406e-05
go,arrow,1,835,52659,1.8990106154693406e-05
go,hen,1,836,52659,1.8990106154693406e-05
go,pancake,1,837,52659,1.8990106154693406e-05
go,cricter,1,838,52659,1.8990106154693406e-05
go,transcriber,1,839,52659,1.8990106154693406e-05
go,pedal,1,840,52659,1.8990106154693406e-05
go,moo,1,841,52659,1.8990106154693406e-05
go,coal,1,842,52659,1.8990106154693406e-05
go,harriet,1,843,52659,1.8990106154693406e-05
go,wonderful,1,844,52659,1.8990106154693406e-05
go,traveler,1,845,52659,1.8990106154693406e-05
go,mask,1,846,52659,1.8990106154693406e-05
go,muffin,1,847,52659,1.8990106154693406e-05
go,arthur,1,848,52659,1.8990106154693406e-05
go,hubbard,1,849,52659,1.8990106154693406e-05
go,fiddler,1,850,52659,1.8990106154693406e-05
go,tweedeedledeedeedledee,1,851,52659,1.8990106154693406e-05
go,booklet,1,852,52659,1.8990106154693406e-05
go,lick,1,853,52659,1.8990106154693406e-05
go,spider'll,1,854,52659,1.8990106154693406e-05
go,smell,1,855,52659,1.8990106154693406e-05
go,trevor,1,856,52659,1.8990106154693406e-05
go,hand'll,1,857,52659,1.8990106154693406e-05
go,up,1,858,52659,1.8990106154693406e-05
go,indians,1,859,52659,1.8990106154693406e-05
go,silver,1,860,52659,1.8990106154693406e-05
go,carrie,1,861,52659,1.8990106154693406e-05
go,riva,1,862,52659,1.8990106154693406e-05
go,glean,1,863,52659,1.8990106154693406e-05
go,reva,1,864,52659,1.8990106154693406e-05
go,gina,1,865,52659,1.8990106154693406e-05
go,hammer,1,866,52659,1.8990106154693406e-05
go,whose,1,867,52659,1.8990106154693406e-05
go,stewardess,1,868,52659,1.8990106154693406e-05
go,davis,1,869,52659,1.8990106154693406e-05
go,harlow,1,870,52659,1.8990106154693406e-05
go,mmmm,1,871,52659,1.8990106154693406e-05
go,ambulance,1,872,52659,1.8990106154693406e-05
go,turpin,1,873,52659,1.8990106154693406e-05
go,step,1,874,52659,1.8990106154693406e-05
go,stefan,1,875,52659,1.8990106154693406e-05
go,badji,1,876,52659,1.8990106154693406e-05
go,guga,1,877,52659,1.8990106154693406e-05
go,safe,1,878,52659,1.8990106154693406e-05
go,anteater,1,879,52659,1.8990106154693406e-05
go,crab,1,880,52659,1.8990106154693406e-05
go,bat,1,881,52659,1.8990106154693406e-05
go,eel,1,882,52659,1.8990106154693406e-05
go,sailor,1,883,52659,1.8990106154693406e-05
go,firefighter,1,884,52659,1.8990106154693406e-05
go,tide,1,885,52659,1.8990106154693406e-05
go,progeny,1,886,52659,1.8990106154693406e-05
go,brad,1,887,52659,1.8990106154693406e-05
go,colette,1,888,52659,1.8990106154693406e-05
go,brake,1,889,52659,1.8990106154693406e-05
go,martin,1,890,52659,1.8990106154693406e-05
go,barnes,1,891,52659,1.8990106154693406e-05
go,chocolate,1,892,52659,1.8990106154693406e-05
go,nanette,1,893,52659,1.8990106154693406e-05
go,resident,1,894,52659,1.8990106154693406e-05
go,broccoli,1,895,52659,1.8990106154693406e-05
go,bacteria,1,896,52659,1.8990106154693406e-05
go,rocky,1,897,52659,1.8990106154693406e-05
go,his,1,898,52659,1.8990106154693406e-05
go,because_of,1,899,52659,1.8990106154693406e-05
go,liz,1,900,52659,1.8990106154693406e-05
go,elana,1,901,52659,1.8990106154693406e-05
go,fellow,1,902,52659,1.8990106154693406e-05
go,officer,1,903,52659,1.8990106154693406e-05
go,bumper,1,904,52659,1.8990106154693406e-05
go,plier,1,905,52659,1.8990106154693406e-05
go,wrench,1,906,52659,1.8990106154693406e-05
go,chick_duck,1,907,52659,1.8990106154693406e-05
go,nice,1,908,52659,1.8990106154693406e-05
go,f,1,909,52659,1.8990106154693406e-05
go,peggy,1,910,52659,1.8990106154693406e-05
go,hoo,1,911,52659,1.8990106154693406e-05
go,tumpty,1,912,52659,1.8990106154693406e-05
go,mathilda,1,913,52659,1.8990106154693406e-05
go,rectangle,1,914,52659,1.8990106154693406e-05
go,courage,1,915,52659,1.8990106154693406e-05
go,mariana,1,916,52659,1.8990106154693406e-05
go,wan,1,917,52659,1.8990106154693406e-05
go,mr,1,918,52659,1.8990106154693406e-05
go,knight,1,919,52659,1.8990106154693406e-05
go,melanie,1,920,52659,1.8990106154693406e-05
go,throat,1,921,52659,1.8990106154693406e-05
go,goldilocks,1,922,52659,1.8990106154693406e-05
go,great,1,923,52659,1.8990106154693406e-05
go,snowman,1,924,52659,1.8990106154693406e-05
go,kimberly,1,925,52659,1.8990106154693406e-05
go,dawna,1,926,52659,1.8990106154693406e-05
go,tala,1,927,52659,1.8990106154693406e-05
go,kyle,1,928,52659,1.8990106154693406e-05
go,detector,1,929,52659,1.8990106154693406e-05
go,kay,1,930,52659,1.8990106154693406e-05
go,steak,1,931,52659,1.8990106154693406e-05
go,muscle,1,932,52659,1.8990106154693406e-05
go,trombone,1,933,52659,1.8990106154693406e-05
go,come,1,934,52659,1.8990106154693406e-05
go,site,1,935,52659,1.8990106154693406e-05
go,blueberry,1,936,52659,1.8990106154693406e-05
go,richie,1,937,52659,1.8990106154693406e-05
go,peanut,1,938,52659,1.8990106154693406e-05
go,nicky,1,939,52659,1.8990106154693406e-05
go,vitamin,1,940,52659,1.8990106154693406e-05
go,spinach,1,941,52659,1.8990106154693406e-05
go,barrier,1,942,52659,1.8990106154693406e-05
go,cop,1,943,52659,1.8990106154693406e-05
go,april,1,944,52659,1.8990106154693406e-05
go,helmet,1,945,52659,1.8990106154693406e-05
go,huey,1,946,52659,1.8990106154693406e-05
go,rush,1,947,52659,1.8990106154693406e-05
go,franklin,1,948,52659,1.8990106154693406e-05
go,marcella,1,949,52659,1.8990106154693406e-05
go,pirate,1,950,52659,1.8990106154693406e-05
go,mammal,1,951,52659,1.8990106154693406e-05
go,pooh,1,952,52659,1.8990106154693406e-05
go,winnie,1,953,52659,1.8990106154693406e-05
go,tam,1,954,52659,1.8990106154693406e-05
go,bears,1,955,52659,1.8990106154693406e-05
go,wolf,1,956,52659,1.8990106154693406e-05
go,hunter,1,957,52659,1.8990106154693406e-05
go,esmerelda,1,958,52659,1.8990106154693406e-05
go,giselle,1,959,52659,1.8990106154693406e-05
go,humm,1,960,52659,1.8990106154693406e-05
go,nanny,1,961,52659,1.8990106154693406e-05
go,inv,1,962,52659,1.8990106154693406e-05
go,most,1,963,52659,1.8990106154693406e-05
go,han,1,964,52659,1.8990106154693406e-05
go,dude,1,965,52659,1.8990106154693406e-05
go,costume,1,966,52659,1.8990106154693406e-05
go,beverly,1,967,52659,1.8990106154693406e-05
go,damion,1,968,52659,1.8990106154693406e-05
go,tonic,1,969,52659,1.8990106154693406e-05
go,tweeny,1,970,52659,1.8990106154693406e-05
go,dream,1,971,52659,1.8990106154693406e-05
go,toast,1,972,52659,1.8990106154693406e-05
go,giggling,1,973,52659,1.8990106154693406e-05
go,scratch,1,974,52659,1.8990106154693406e-05
go,wee,1,975,52659,1.8990106154693406e-05
go,ramp,1,976,52659,1.8990106154693406e-05
go,cathy,1,977,52659,1.8990106154693406e-05
go,page,1,978,52659,1.8990106154693406e-05
go,fireplace,1,979,52659,1.8990106154693406e-05
go,janaye,1,980,52659,1.8990106154693406e-05
go,metal,1,981,52659,1.8990106154693406e-05
go,shark,1,982,52659,1.8990106154693406e-05
go,heck,1,983,52659,1.8990106154693406e-05
go,tommy,1,984,52659,1.8990106154693406e-05
go,tight,1,985,52659,1.8990106154693406e-05
go,eyebrow,1,986,52659,1.8990106154693406e-05
go,windshield,1,987,52659,1.8990106154693406e-05
go,breath,1,988,52659,1.8990106154693406e-05
go,month,1,989,52659,1.8990106154693406e-05
go,hippos,1,990,52659,1.8990106154693406e-05
go,sentence,1,991,52659,1.8990106154693406e-05
go,j,1,992,52659,1.8990106154693406e-05
go,male,1,993,52659,1.8990106154693406e-05
go,brain,1,994,52659,1.8990106154693406e-05
go,gopher,1,995,52659,1.8990106154693406e-05
go,feivel,1,996,52659,1.8990106154693406e-05
go,doughty,1,997,52659,1.8990106154693406e-05
go,adult,1,998,52659,1.8990106154693406e-05
go,earth,1,999,52659,1.8990106154693406e-05
go,digger,1,1000,52659,1.8990106154693406e-05
go,another,1,1001,52659,1.8990106154693406e-05
go,crunch,1,1002,52659,1.8990106154693406e-05
go,gyp,1,1003,52659,1.8990106154693406e-05
go,gypsy,1,1004,52659,1.8990106154693406e-05
go,susan,1,1005,52659,1.8990106154693406e-05
go,santas,1,1006,52659,1.8990106154693406e-05
go,ham,1,1007,52659,1.8990106154693406e-05
go,study,1,1008,52659,1.8990106154693406e-05
go,knob,1,1009,52659,1.8990106154693406e-05
go,come_on,1,1010,52659,1.8990106154693406e-05
go,mister_potatohead,1,1011,52659,1.8990106154693406e-05
go,pinocchio,1,1012,52659,1.8990106154693406e-05
go,shape,1,1013,52659,1.8990106154693406e-05
go,camel,1,1014,52659,1.8990106154693406e-05
go,monkey'll,1,1015,52659,1.8990106154693406e-05
go,keith,1,1016,52659,1.8990106154693406e-05
go,ninny,1,1017,52659,1.8990106154693406e-05
go,onion,1,1018,52659,1.8990106154693406e-05
go,taco,1,1019,52659,1.8990106154693406e-05
go,weather,1,1020,52659,1.8990106154693406e-05
go,king,1,1021,52659,1.8990106154693406e-05
go,glue,1,1022,52659,1.8990106154693406e-05
go,pink,1,1023,52659,1.8990106154693406e-05
go,alligator,1,1024,52659,1.8990106154693406e-05
go,dumptruck,1,1025,52659,1.8990106154693406e-05
go,poison,1,1026,52659,1.8990106154693406e-05
go,surprise,1,1027,52659,1.8990106154693406e-05
go,tugboat,1,1028,52659,1.8990106154693406e-05
go,scab,1,1029,52659,1.8990106154693406e-05
go,tom_pinkerton,1,1030,52659,1.8990106154693406e-05
go,carol,1,1031,52659,1.8990106154693406e-05
go,spear,1,1032,52659,1.8990106154693406e-05
go,counter,1,1033,52659,1.8990106154693406e-05
go,circus,1,1034,52659,1.8990106154693406e-05
go,miss_lastname,1,1035,52659,1.8990106154693406e-05
go,gentleman,1,1036,52659,1.8990106154693406e-05
go,walker,1,1037,52659,1.8990106154693406e-05
go,black,1,1038,52659,1.8990106154693406e-05
go,trooper,1,1039,52659,1.8990106154693406e-05
go,uncle_dennis,1,1040,52659,1.8990106154693406e-05
go,raisin,1,1041,52659,1.8990106154693406e-05
go,cookie_monster,1,1042,52659,1.8990106154693406e-05
go,stephen,1,1043,52659,1.8990106154693406e-05
go,tomorrow,1,1044,52659,1.8990106154693406e-05
go,sunday,1,1045,52659,1.8990106154693406e-05
go,norman,1,1046,52659,1.8990106154693406e-05
go,ema,1,1047,52659,1.8990106154693406e-05
go,towel,1,1048,52659,1.8990106154693406e-05
go,squeak_squeak_squeak,1,1049,52659,1.8990106154693406e-05
go,colin,1,1050,52659,1.8990106154693406e-05
go,oink_oink,1,1051,52659,1.8990106154693406e-05
go,hoppity_hoppity_hop,1,1052,52659,1.8990106154693406e-05
go,nathan,1,1053,52659,1.8990106154693406e-05
go,chrissie,1,1054,52659,1.8990106154693406e-05
go,siren,1,1055,52659,1.8990106154693406e-05
go,kitchen,1,1056,52659,1.8990106154693406e-05
go,lobster,1,1057,52659,1.8990106154693406e-05
go,beaver,1,1058,52659,1.8990106154693406e-05
go,penguin,1,1059,52659,1.8990106154693406e-05
go,haha,1,1060,52659,1.8990106154693406e-05
go,citizen,1,1061,52659,1.8990106154693406e-05
go,student,1,1062,52659,1.8990106154693406e-05
go,weener,1,1063,52659,1.8990106154693406e-05
go,rock,1,1064,52659,1.8990106154693406e-05
go,awning,1,1065,52659,1.8990106154693406e-05
go,grandaddy,1,1066,52659,1.8990106154693406e-05
go,glenn,1,1067,52659,1.8990106154693406e-05
go,doorbell,1,1068,52659,1.8990106154693406e-05
go,nancy,1,1069,52659,1.8990106154693406e-05
go,shower,1,1070,52659,1.8990106154693406e-05
go,connie,1,1071,52659,1.8990106154693406e-05
go,daddy'll,1,1072,52659,1.8990106154693406e-05
go,diy,1,1073,52659,1.8990106154693406e-05
go,microwave,1,1074,52659,1.8990106154693406e-05
go,dumpty,1,1075,52659,1.8990106154693406e-05
go,need,1,1076,52659,1.8990106154693406e-05
go,ours,1,1077,52659,1.8990106154693406e-05
go,choo_choos,1,1078,52659,1.8990106154693406e-05
go,nope,1,1079,52659,1.8990106154693406e-05
go,hers,1,1080,52659,1.8990106154693406e-05
go,ashton,1,1081,52659,1.8990106154693406e-05
go,doghouse,1,1082,52659,1.8990106154693406e-05
go,yoyo,1,1083,52659,1.8990106154693406e-05
go,salley,1,1084,52659,1.8990106154693406e-05
go,soldier,1,1085,52659,1.8990106154693406e-05
go,whoo,1,1086,52659,1.8990106154693406e-05
go,clack,1,1087,52659,1.8990106154693406e-05
go,team,1,1088,52659,1.8990106154693406e-05
go,fireman,1,1089,52659,1.8990106154693406e-05
go,kermit,1,1090,52659,1.8990106154693406e-05
go,peter_point,1,1091,52659,1.8990106154693406e-05
go,lillie_long,1,1092,52659,1.8990106154693406e-05
go,mrs,1,1093,52659,1.8990106154693406e-05
go,colt,1,1094,52659,1.8990106154693406e-05
go,georgie,1,1095,52659,1.8990106154693406e-05
go,shampoo,1,1096,52659,1.8990106154693406e-05
go,raggedy_ann,1,1097,52659,1.8990106154693406e-05
go,scott,1,1098,52659,1.8990106154693406e-05
go,fever,1,1099,52659,1.8990106154693406e-05
go,leah,1,1100,52659,1.8990106154693406e-05
go,giraffe,1,1101,52659,1.8990106154693406e-05
go,mummie,1,1102,52659,1.8990106154693406e-05
go,freight,1,1103,52659,1.8990106154693406e-05
go,yogurt,1,1104,52659,1.8990106154693406e-05
go,granola,1,1105,52659,1.8990106154693406e-05
go,couple,1,1106,52659,1.8990106154693406e-05
go,word,1,1107,52659,1.8990106154693406e-05
go,sail,1,1108,52659,1.8990106154693406e-05
go,giddy,1,1109,52659,1.8990106154693406e-05
go,abigail,1,1110,52659,1.8990106154693406e-05
go,bow,1,1111,52659,1.8990106154693406e-05
go,pacifier,1,1112,52659,1.8990106154693406e-05
go,bib,1,1113,52659,1.8990106154693406e-05
go,catherine,1,1114,52659,1.8990106154693406e-05
go,gate,1,1115,52659,1.8990106154693406e-05
go,leia,1,1116,52659,1.8990106154693406e-05
go,pup,1,1117,52659,1.8990106154693406e-05
go,toe,1,1118,52659,1.8990106154693406e-05
go,ladybug,1,1119,52659,1.8990106154693406e-05
go,town,1,1120,52659,1.8990106154693406e-05
go,ray,1,1121,52659,1.8990106154693406e-05
go,cooky,1,1122,52659,1.8990106154693406e-05
go,neck,1,1123,52659,1.8990106154693406e-05
go,slack,1,1124,52659,1.8990106154693406e-05
go,jacket,1,1125,52659,1.8990106154693406e-05
go,cage,1,1126,52659,1.8990106154693406e-05
go,popeye,1,1127,52659,1.8990106154693406e-05
go,crumb,1,1128,52659,1.8990106154693406e-05
go,cloud,1,1129,52659,1.8990106154693406e-05
go,slide,1,1130,52659,1.8990106154693406e-05
go,ari,1,1131,52659,1.8990106154693406e-05
go,franky,1,1132,52659,1.8990106154693406e-05
go,poor,1,1133,52659,1.8990106154693406e-05
go,piano,1,1134,52659,1.8990106154693406e-05
go,meat,1,1135,52659,1.8990106154693406e-05
go,gorilla,1,1136,52659,1.8990106154693406e-05
go,chimpanzee,1,1137,52659,1.8990106154693406e-05
go,cheerio,1,1138,52659,1.8990106154693406e-05
go,couch,1,1139,52659,1.8990106154693406e-05
go,spaghetti,1,1140,52659,1.8990106154693406e-05
go,puppet,1,1141,52659,1.8990106154693406e-05
go,nurse,1,1142,52659,1.8990106154693406e-05
go,wood,1,1143,52659,1.8990106154693406e-05
go,chalk'll,1,1144,52659,1.8990106154693406e-05
go,princess,1,1145,52659,1.8990106154693406e-05
go,aid,1,1146,52659,1.8990106154693406e-05
go,ribbit,1,1147,52659,1.8990106154693406e-05
go,hop,1,1148,52659,1.8990106154693406e-05
go,mooo,1,1149,52659,1.8990106154693406e-05
go,antenna,1,1150,52659,1.8990106154693406e-05
go,hedgehog,1,1151,52659,1.8990106154693406e-05
go,poodles,1,1152,52659,1.8990106154693406e-05
go,shuttle,1,1153,52659,1.8990106154693406e-05
go,porcupine,1,1154,52659,1.8990106154693406e-05
go,investigator_one,1,1155,52659,1.8990106154693406e-05
go,jamie,1,1156,52659,1.8990106154693406e-05
go,squeaker,1,1157,52659,1.8990106154693406e-05
go,coby,1,1158,52659,1.8990106154693406e-05
go,dial,1,1159,52659,1.8990106154693406e-05
go,jeep,1,1160,52659,1.8990106154693406e-05
go,machinery,1,1161,52659,1.8990106154693406e-05
go,cement,1,1162,52659,1.8990106154693406e-05
go,popple,1,1163,52659,1.8990106154693406e-05
go,poppins,1,1164,52659,1.8990106154693406e-05
go,chin,1,1165,52659,1.8990106154693406e-05
go,dress,1,1166,52659,1.8990106154693406e-05
go,ride,1,1167,52659,1.8990106154693406e-05
go,kev_kev,1,1168,52659,1.8990106154693406e-05
go,amy,1,1169,52659,1.8990106154693406e-05
go,pea,1,1170,52659,1.8990106154693406e-05
go,scramble,1,1171,52659,1.8990106154693406e-05
go,skate,1,1172,52659,1.8990106154693406e-05
go,maa,1,1173,52659,1.8990106154693406e-05
go,kindra,1,1174,52659,1.8990106154693406e-05
go,santaclaus,1,1175,52659,1.8990106154693406e-05
go,bracelet,1,1176,52659,1.8990106154693406e-05
go,belly,1,1177,52659,1.8990106154693406e-05
go,ya'll,1,1178,52659,1.8990106154693406e-05
go,noyden,1,1179,52659,1.8990106154693406e-05
go,tock,1,1180,52659,1.8990106154693406e-05
go,worm,1,1181,52659,1.8990106154693406e-05
go,pizza,1,1182,52659,1.8990106154693406e-05
go,quincy,1,1183,52659,1.8990106154693406e-05
go,janitor,1,1184,52659,1.8990106154693406e-05
go,nick,1,1185,52659,1.8990106154693406e-05
go,taylor,1,1186,52659,1.8990106154693406e-05
go,lindsey,1,1187,52659,1.8990106154693406e-05
go,rolley,1,1188,52659,1.8990106154693406e-05
go,eyeball,1,1189,52659,1.8990106154693406e-05
go,jessica,1,1190,52659,1.8990106154693406e-05
go,avril,1,1191,52659,1.8990106154693406e-05
go,candle,1,1192,52659,1.8990106154693406e-05
go,pail,1,1193,52659,1.8990106154693406e-05
go,be,1,1194,52659,1.8990106154693406e-05
go,party,1,1195,52659,1.8990106154693406e-05
go,schoolbus,1,1196,52659,1.8990106154693406e-05
go,ink,1,1197,52659,1.8990106154693406e-05
go,alex,1,1198,52659,1.8990106154693406e-05
go,sweetie,1,1199,52659,1.8990106154693406e-05
go,stepmother,1,1200,52659,1.8990106154693406e-05
go,sand,1,1201,52659,1.8990106154693406e-05
go,godmother,1,1202,52659,1.8990106154693406e-05
go,coin,1,1203,52659,1.8990106154693406e-05
go,scotty,1,1204,52659,1.8990106154693406e-05
go,troll,1,1205,52659,1.8990106154693406e-05
go,flick,1,1206,52659,1.8990106154693406e-05
go,d,1,1207,52659,1.8990106154693406e-05
go,cheetah,1,1208,52659,1.8990106154693406e-05
go,daisy,1,1209,52659,1.8990106154693406e-05
go,voldemorte,1,1210,52659,1.8990106154693406e-05
go,store,1,1211,52659,1.8990106154693406e-05
go,simba,1,1212,52659,1.8990106154693406e-05
go,city,1,1213,52659,1.8990106154693406e-05
go,toilet,1,1214,52659,1.8990106154693406e-05
go,cody,1,1215,52659,1.8990106154693406e-05
go,soccer,1,1216,52659,1.8990106154693406e-05
go,irene,1,1217,52659,1.8990106154693406e-05
go,tortoise,1,1218,52659,1.8990106154693406e-05
go,ketchup,1,1219,52659,1.8990106154693406e-05
go,spiderman,1,1220,52659,1.8990106154693406e-05
go,blow,1,1221,52659,1.8990106154693406e-05
go,doctor_weist,1,1222,52659,1.8990106154693406e-05
go,brachiosaurus,1,1223,52659,1.8990106154693406e-05
go,wife,1,1224,52659,1.8990106154693406e-05
go,hum,1,1225,52659,1.8990106154693406e-05
go,barber,1,1226,52659,1.8990106154693406e-05
go,undie,1,1227,52659,1.8990106154693406e-05
go,trunk,1,1228,52659,1.8990106154693406e-05
go,stair,1,1229,52659,1.8990106154693406e-05
go,player,1,1230,52659,1.8990106154693406e-05
go,vacuum,1,1231,52659,1.8990106154693406e-05
go,stripe,1,1232,52659,1.8990106154693406e-05
go,mop,1,1233,52659,1.8990106154693406e-05
go,yvonne,1,1234,52659,1.8990106154693406e-05
go,march,1,1235,52659,1.8990106154693406e-05
go,knife,1,1236,52659,1.8990106154693406e-05
go,michele,1,1237,52659,1.8990106154693406e-05
go,lollipop,1,1238,52659,1.8990106154693406e-05
go,world,1,1239,52659,1.8990106154693406e-05
go,signal,1,1240,52659,1.8990106154693406e-05
go,yonkers,1,1241,52659,1.8990106154693406e-05
go,johnathan,1,1242,52659,1.8990106154693406e-05
go,salt,1,1243,52659,1.8990106154693406e-05
go,matilda,1,1244,52659,1.8990106154693406e-05
go,macdonald,1,1245,52659,1.8990106154693406e-05
go,grime,1,1246,52659,1.8990106154693406e-05
go,squish,1,1247,52659,1.8990106154693406e-05
go,passer,1,1248,52659,1.8990106154693406e-05
go,laurie,1,1249,52659,1.8990106154693406e-05
go,bunch,1,1250,52659,1.8990106154693406e-05
go,research,1,1251,52659,1.8990106154693406e-05
go,hello,1,1252,52659,1.8990106154693406e-05
go,anthony,1,1253,52659,1.8990106154693406e-05
go,dag,1,1254,52659,1.8990106154693406e-05
go,hawkins,1,1255,52659,1.8990106154693406e-05
go,aaron,1,1256,52659,1.8990106154693406e-05
go,cap,1,1257,52659,1.8990106154693406e-05
go,kneecap,1,1258,52659,1.8990106154693406e-05
go,yawl,1,1259,52659,1.8990106154693406e-05
go,voom,1,1260,52659,1.8990106154693406e-05
go,lead,1,1261,52659,1.8990106154693406e-05
go,rafael,1,1262,52659,1.8990106154693406e-05
go,cruz,1,1263,52659,1.8990106154693406e-05
go,homework,1,1264,52659,1.8990106154693406e-05
go,luckie,1,1265,52659,1.8990106154693406e-05
go,bernard,1,1266,52659,1.8990106154693406e-05
go,blasingame,1,1267,52659,1.8990106154693406e-05
go,adrienne,1,1268,52659,1.8990106154693406e-05
go,tub,1,1269,52659,1.8990106154693406e-05
go,son,1,1270,52659,1.8990106154693406e-05
go,lettuce,1,1271,52659,1.8990106154693406e-05
go,crate,1,1272,52659,1.8990106154693406e-05
go,band,1,1273,52659,1.8990106154693406e-05
go,lennie,1,1274,52659,1.8990106154693406e-05
go,gerbils,1,1275,52659,1.8990106154693406e-05
go,tomasina,1,1276,52659,1.8990106154693406e-05
go,lenita,1,1277,52659,1.8990106154693406e-05
go,highway,1,1278,52659,1.8990106154693406e-05
go,present,1,1279,52659,1.8990106154693406e-05
go,winter,1,1280,52659,1.8990106154693406e-05
go,crack,1,1281,52659,1.8990106154693406e-05
go,same,1,1282,52659,1.8990106154693406e-05
go,jerry,1,1283,52659,1.8990106154693406e-05
go,cart,1,1284,52659,1.8990106154693406e-05
go,meike,1,1285,52659,1.8990106154693406e-05
go,perri,1,1286,52659,1.8990106154693406e-05
go,alice,1,1287,52659,1.8990106154693406e-05
go,wrapper,1,1288,52659,1.8990106154693406e-05
go,crying,1,1289,52659,1.8990106154693406e-05
go,wire,1,1290,52659,1.8990106154693406e-05
go,giant,1,1291,52659,1.8990106154693406e-05
go,plant,1,1292,52659,1.8990106154693406e-05
go,lance,1,1293,52659,1.8990106154693406e-05
go,class,1,1294,52659,1.8990106154693406e-05
go,todd,1,1295,52659,1.8990106154693406e-05
go,gabe,1,1296,52659,1.8990106154693406e-05
go,in_order_to,1,1297,52659,1.8990106154693406e-05
go,few,1,1298,52659,1.8990106154693406e-05
go,tod,1,1299,52659,1.8990106154693406e-05
go,perry,1,1300,52659,1.8990106154693406e-05
go,burrow,1,1301,52659,1.8990106154693406e-05
go,mark,1,1302,52659,1.8990106154693406e-05
go,jimmy,1,1303,52659,1.8990106154693406e-05
go,dan,1,1304,52659,1.8990106154693406e-05
go,transmitter,1,1305,52659,1.8990106154693406e-05
go,salad,1,1306,52659,1.8990106154693406e-05
go,breakfast,1,1307,52659,1.8990106154693406e-05
go,joanne,1,1308,52659,1.8990106154693406e-05
go,bobber,1,1309,52659,1.8990106154693406e-05
go,hundred,1,1310,52659,1.8990106154693406e-05
go,karen,1,1311,52659,1.8990106154693406e-05
go,suzanne,1,1312,52659,1.8990106154693406e-05
go,address,1,1313,52659,1.8990106154693406e-05
go,shawn,1,1314,52659,1.8990106154693406e-05
go,yodi,1,1315,52659,1.8990106154693406e-05
go,pimple,1,1316,52659,1.8990106154693406e-05
go,honk,1,1317,52659,1.8990106154693406e-05
go,harold,1,1318,52659,1.8990106154693406e-05
go,zero,1,1319,52659,1.8990106154693406e-05
go,topsie,1,1320,52659,1.8990106154693406e-05
go,samantha,1,1321,52659,1.8990106154693406e-05
go,brodie,1,1322,52659,1.8990106154693406e-05
go,foil,1,1323,52659,1.8990106154693406e-05
go,size,1,1324,52659,1.8990106154693406e-05
go,phillipe,1,1325,52659,1.8990106154693406e-05
go,steve,1,1326,52659,1.8990106154693406e-05
go,dollys,1,1327,52659,1.8990106154693406e-05
go,lorraine,1,1328,52659,1.8990106154693406e-05
go,easter_bunny,1,1329,52659,1.8990106154693406e-05
go,oscar,1,1330,52659,1.8990106154693406e-05
go,grammy,1,1331,52659,1.8990106154693406e-05
go,mailman,1,1332,52659,1.8990106154693406e-05
go,babys,1,1333,52659,1.8990106154693406e-05
do,you,15683,1,36983,0.4240597031068329
do,i,3724,2,36983,0.10069491387934996
do,he,3088,3,36983,0.08349782332423006
do,we,2641,4,36983,0.07141118892464104
do,they,1805,5,36983,0.0488062082578482
do,it,1715,6,36983,0.04637265770759538
do,she,1615,7,36983,0.043668712651758916
do,what,509,8,36983,0.013763080334207608
do,who,395,9,36983,0.01068058297055404
do,mommy,341,10,36983,0.009220452640402346
do,us,291,11,36983,0.007868480112484115
do,wanna,217,12,36983,0.00586756077116513
do,ya,203,13,36983,0.005489008463348025
do,that,189,14,36983,0.00511045615553092
do,daddy,140,15,36983,0.0037855230781710515
do,one,108,16,36983,0.0029202606603033828
do,baby,106,17,36983,0.0028661817591866534
do,boy,98,18,36983,0.002649866154719736
do,guy,88,19,36983,0.0023794716491360897
do,people,83,20,36983,0.002244274396344266
do,girl,79,21,36983,0.002136116594110808
do,whatcha,78,22,36983,0.002109077143552443
do,man,69,23,36983,0.001865722088527161
do,this,67,24,36983,0.0018116431874104317
do,cat,61,25,36983,0.0016494064840602439
do,dog,57,26,36983,0.0015412486818267852
do,lady,49,27,36983,0.001324933077359868
do,bear,47,28,36983,0.0012708541762431387
do,mama,41,29,36983,0.0011086174728929508
do,kid,40,30,36983,0.0010815780223345861
do,kitty,40,31,36983,0.0010815780223345861
do,horse,38,32,36983,0.0010274991212178568
do,rabbit,36,33,36983,0.0009734202201011276
do,everybody,34,34,36983,0.0009193413189843982
do,cow,34,35,36983,0.0009193413189843982
do,bird,32,36,36983,0.000865262417867669
do,bunny,32,37,36983,0.000865262417867669
do,child,30,38,36983,0.0008111835167509396
do,all,28,39,36983,0.0007571046156342104
do,mom,28,40,36983,0.0007571046156342104
do,go,27,41,36983,0.0007300651650758457
do,chi,27,42,36983,0.0007300651650758457
do,truck,26,43,36983,0.000703025714517481
do,mummy,26,44,36983,0.000703025714517481
do,nina,26,45,36983,0.000703025714517481
do,mouse,25,46,36983,0.0006759862639591163
do,fish,24,47,36983,0.0006489468134007517
do,sarah,24,48,36983,0.0006489468134007517
do,rachel,24,49,36983,0.0006489468134007517
do,thing,23,50,36983,0.000621907362842387
do,dad,23,51,36983,0.000621907362842387
do,elephant,23,52,36983,0.000621907362842387
do,somebody,23,53,36983,0.000621907362842387
do,henry,23,54,36983,0.000621907362842387
do,brown,22,55,36983,0.0005948679122840224
do,hasta,21,56,36983,0.0005678284617256577
do,monkey,21,57,36983,0.0005678284617256577
do,duck,21,58,36983,0.0005678284617256577
do,car,20,59,36983,0.0005407890111672931
do,your,20,60,36983,0.0005407890111672931
do,some,19,61,36983,0.0005137495606089284
do,firstname,19,62,36983,0.0005137495606089284
do,miffy,17,63,36983,0.0004596706594921991
do,doctor,17,64,36983,0.0004596706594921991
do,dinosaur,16,65,36983,0.0004326312089338345
do,eric,15,66,36983,0.0004055917583754698
do,laura,15,67,36983,0.0004055917583754698
do,doggie,15,68,36983,0.0004055917583754698
do,lion,15,69,36983,0.0004055917583754698
do,kind,15,70,36983,0.0004055917583754698
do,mother,14,71,36983,0.0003785523078171052
do,adam,14,72,36983,0.0003785523078171052
do,horsie,14,73,36983,0.0003785523078171052
do,patsy,13,74,36983,0.0003515128572587405
do,train,13,75,36983,0.0003515128572587405
do,frog,13,76,36983,0.0003515128572587405
do,hair,12,77,36983,0.00032447340670037583
do,sister,12,78,36983,0.00032447340670037583
do,michael,12,79,36983,0.00032447340670037583
do,person,12,80,36983,0.00032447340670037583
do,mine,11,81,36983,0.0002974339561420112
do,button,11,82,36983,0.0002974339561420112
do,bug,11,83,36983,0.0002974339561420112
do,anybody,11,84,36983,0.0002974339561420112
do,bro,11,85,36983,0.0002974339561420112
do,nomi,11,86,36983,0.0002974339561420112
do,doggy,10,87,36983,0.00027039450558364654
do,machine,10,88,36983,0.00027039450558364654
do,wheel,10,89,36983,0.00027039450558364654
do,ball,10,90,36983,0.00027039450558364654
do,caterpillar,10,91,36983,0.00027039450558364654
do,needta,10,92,36983,0.00027039450558364654
do,nobody,10,93,36983,0.00027039450558364654
do,policeman,10,94,36983,0.00027039450558364654
do,animal,10,95,36983,0.00027039450558364654
do,birdie,9,96,36983,0.0002433550550252819
do,those,9,97,36983,0.0002433550550252819
do,matty,9,98,36983,0.0002433550550252819
do,book,9,99,36983,0.0002433550550252819
do,cromer,9,100,36983,0.0002433550550252819
do,puppy,9,101,36983,0.0002433550550252819
do,papa,9,102,36983,0.0002433550550252819
do,courtney,9,103,36983,0.0002433550550252819
do,chicken,9,104,36983,0.0002433550550252819
do,clown,8,105,36983,0.00021631560446691724
do,the,8,106,36983,0.00021631560446691724
do,grandma,8,107,36983,0.00021631560446691724
do,johnny,8,108,36983,0.00021631560446691724
do,lemme,8,109,36983,0.00021631560446691724
do,seal,8,110,36983,0.00021631560446691724
do,shem,8,111,36983,0.00021631560446691724
do,brother,8,112,36983,0.00021631560446691724
do,sally,8,113,36983,0.00021631560446691724
do,james,8,114,36983,0.00021631560446691724
do,roman,8,115,36983,0.00021631560446691724
do,fireman,7,116,36983,0.0001892761539085526
do,these,7,117,36983,0.0001892761539085526
do,airplane,7,118,36983,0.0001892761539085526
do,father,7,119,36983,0.0001892761539085526
do,momma,7,120,36983,0.0001892761539085526
do,tickle,7,121,36983,0.0001892761539085526
do,piggie,7,122,36983,0.0001892761539085526
do,piggy,7,123,36983,0.0001892761539085526
do,eve,7,124,36983,0.0001892761539085526
do,mike,7,125,36983,0.0001892761539085526
do,everything,7,126,36983,0.0001892761539085526
do,both,7,127,36983,0.0001892761539085526
do,owl,7,128,36983,0.0001892761539085526
do,monster,7,129,36983,0.0001892761539085526
do,matthew,7,130,36983,0.0001892761539085526
do,teacher,7,131,36983,0.0001892761539085526
do,movie,7,132,36983,0.0001892761539085526
do,megan,7,133,36983,0.0001892761539085526
do,travis,7,134,36983,0.0001892761539085526
do,georgie,7,135,36983,0.0001892761539085526
do,baaee,7,136,36983,0.0001892761539085526
do,nathaniel,7,137,36983,0.0001892761539085526
do,dingo,7,138,36983,0.0001892761539085526
do,work,6,139,36983,0.00016223670335018792
do,ring,6,140,36983,0.00016223670335018792
do,many,6,141,36983,0.00016223670335018792
do,peter,6,142,36983,0.00016223670335018792
do,honey,6,143,36983,0.00016223670335018792
do,sound,6,144,36983,0.00016223670335018792
do,swww,6,145,36983,0.00016223670335018792
do,friend,6,146,36983,0.00016223670335018792
do,santa,6,147,36983,0.00016223670335018792
do,froggie,6,148,36983,0.00016223670335018792
do,letter,6,149,36983,0.00016223670335018792
do,woman,6,150,36983,0.00016223670335018792
do,cowboy,6,151,36983,0.00016223670335018792
do,ursula,6,152,36983,0.00016223670335018792
do,david,6,153,36983,0.00016223670335018792
do,anything,6,154,36983,0.00016223670335018792
do,fraser,6,155,36983,0.00016223670335018792
do,raccoon,6,156,36983,0.00016223670335018792
do,donna,6,157,36983,0.00016223670335018792
do,butterfly,6,158,36983,0.00016223670335018792
do,dolphin,6,159,36983,0.00016223670335018792
do,spiderman,6,160,36983,0.00016223670335018792
do,steve,6,161,36983,0.00016223670335018792
do,king,6,162,36983,0.00016223670335018792
do,ross,6,163,36983,0.00016223670335018792
do,marky,6,164,36983,0.00016223670335018792
do,kalie,6,165,36983,0.00016223670335018792
do,ari,6,166,36983,0.00016223670335018792
do,spider,6,167,36983,0.00016223670335018792
do,carl,6,168,36983,0.00016223670335018792
do,eye,5,169,36983,0.00013519725279182327
do,bunny+rabbit,5,170,36983,0.00013519725279182327
do,hafta,5,171,36983,0.00013519725279182327
do,paul,5,172,36983,0.00013519725279182327
do,yours,5,173,36983,0.00013519725279182327
do,lois,5,174,36983,0.00013519725279182327
do,doll,5,175,36983,0.00013519725279182327
do,milk,5,176,36983,0.00013519725279182327
do,peanut,5,177,36983,0.00013519725279182327
do,love,5,178,36983,0.00013519725279182327
do,lot,5,179,36983,0.00013519725279182327
do,timmy,5,180,36983,0.00013519725279182327
do,santa_claus,5,181,36983,0.00013519725279182327
do,sammy,5,182,36983,0.00013519725279182327
do,rock,5,183,36983,0.00013519725279182327
do,dillon,5,184,36983,0.00013519725279182327
do,dakota,5,185,36983,0.00013519725279182327
do,kangaroo,5,186,36983,0.00013519725279182327
do,crayon,5,187,36983,0.00013519725279182327
do,color,5,188,36983,0.00013519725279182327
do,turtle,5,189,36983,0.00013519725279182327
do,leg,5,190,36983,0.00013519725279182327
do,snake,5,191,36983,0.00013519725279182327
do,shark,5,192,36983,0.00013519725279182327
do,aaron,5,193,36983,0.00013519725279182327
do,much,5,194,36983,0.00013519725279182327
do,cost,5,195,36983,0.00013519725279182327
do,someone,5,196,36983,0.00013519725279182327
do,sandy,5,197,36983,0.00013519725279182327
do,wan,5,198,36983,0.00013519725279182327
do,two,5,199,36983,0.00013519725279182327
do,linda,5,200,36983,0.00013519725279182327
do,grandpa,5,201,36983,0.00013519725279182327
do,krystal,5,202,36983,0.00013519725279182327
do,lewis,5,203,36983,0.00013519725279182327
do,hadta,5,204,36983,0.00013519725279182327
do,joseph,5,205,36983,0.00013519725279182327
do,investigator,5,206,36983,0.00013519725279182327
do,flip,5,207,36983,0.00013519725279182327
do,foot,4,208,36983,0.00010815780223345862
do,dragon,4,209,36983,0.00010815780223345862
do,jennifer,4,210,36983,0.00010815780223345862
do,plane,4,211,36983,0.00010815780223345862
do,music,4,212,36983,0.00010815780223345862
do,otto,4,213,36983,0.00010815780223345862
do,blue,4,214,36983,0.00010815780223345862
do,donkey,4,215,36983,0.00010815780223345862
do,sean,4,216,36983,0.00010815780223345862
do,glass,4,217,36983,0.00010815780223345862
do,water,4,218,36983,0.00010815780223345862
do,which,4,219,36983,0.00010815780223345862
do,magnet,4,220,36983,0.00010815780223345862
do,rooster,4,221,36983,0.00010815780223345862
do,ernie,4,222,36983,0.00010815780223345862
do,bee,4,223,36983,0.00010815780223345862
do,battery,4,224,36983,0.00010815780223345862
do,no,4,225,36983,0.00010815780223345862
do,phone,4,226,36983,0.00010815780223345862
do,catherine,4,227,36983,0.00010815780223345862
do,robin,4,228,36983,0.00010815780223345862
do,tractor,4,229,36983,0.00010815780223345862
do,piece,4,230,36983,0.00010815780223345862
do,fred,4,231,36983,0.00010815780223345862
do,alligator,4,232,36983,0.00010815780223345862
do,cricter,4,233,36983,0.00010815780223345862
do,pig,4,234,36983,0.00010815780223345862
do,frank,4,235,36983,0.00010815780223345862
do,worker,4,236,36983,0.00010815780223345862
do,house,4,237,36983,0.00010815780223345862
do,snoopy,4,238,36983,0.00010815780223345862
do,nicky,4,239,36983,0.00010815780223345862
do,pan,4,240,36983,0.00010815780223345862
do,nothing,4,241,36983,0.00010815780223345862
do,giraffe,4,242,36983,0.00010815780223345862
do,name,4,243,36983,0.00010815780223345862
do,cinderella,4,244,36983,0.00010815780223345862
do,jerry,4,245,36983,0.00010815780223345862
do,pinocchio,4,246,36983,0.00010815780223345862
do,goat,4,247,36983,0.00010815780223345862
do,abe,4,248,36983,0.00010815780223345862
do,circle,4,249,36983,0.00010815780223345862
do,leo,4,250,36983,0.00010815780223345862
do,octopus,4,251,36983,0.00010815780223345862
do,sposta,4,252,36983,0.00010815780223345862
do,thomas,4,253,36983,0.00010815780223345862
do,penguin,4,254,36983,0.00010815780223345862
do,nonna,4,255,36983,0.00010815780223345862
do,jesse,4,256,36983,0.00010815780223345862
do,lindsey,4,257,36983,0.00010815780223345862
do,tiki,4,258,36983,0.00010815780223345862
do,bobby,4,259,36983,0.00010815780223345862
do,roland,4,260,36983,0.00010815780223345862
do,cracker,3,261,36983,8.111835167509396e-05
do,telephone,3,262,36983,8.111835167509396e-05
do,microphone,3,263,36983,8.111835167509396e-05
do,yo,3,264,36983,8.111835167509396e-05
do,lamb,3,265,36983,8.111835167509396e-05
do,recorder,3,266,36983,8.111835167509396e-05
do,lucy,3,267,36983,8.111835167509396e-05
do,lynn,3,268,36983,8.111835167509396e-05
do,egg,3,269,36983,8.111835167509396e-05
do,george,3,270,36983,8.111835167509396e-05
do,balloon,3,271,36983,8.111835167509396e-05
do,cake,3,272,36983,8.111835167509396e-05
do,harry,3,273,36983,8.111835167509396e-05
do,family,3,274,36983,8.111835167509396e-05
do,useta,3,275,36983,8.111835167509396e-05
do,karen,3,276,36983,8.111835167509396e-05
do,god,3,277,36983,8.111835167509396e-05
do,piglet,3,278,36983,8.111835167509396e-05
do,tigger,3,279,36983,8.111835167509396e-05
do,mess,3,280,36983,8.111835167509396e-05
do,most,3,281,36983,8.111835167509396e-05
do,top,3,282,36983,8.111835167509396e-05
do,arm,3,283,36983,8.111835167509396e-05
do,stick,3,284,36983,8.111835167509396e-05
do,door,3,285,36983,8.111835167509396e-05
do,maggie,3,286,36983,8.111835167509396e-05
do,nuhhuh,3,287,36983,8.111835167509396e-05
do,bulldozer,3,288,36983,8.111835167509396e-05
do,rocket,3,289,36983,8.111835167509396e-05
do,lassie,3,290,36983,8.111835167509396e-05
do,cathy,3,291,36983,8.111835167509396e-05
do,humm,3,292,36983,8.111835167509396e-05
do,bone,3,293,36983,8.111835167509396e-05
do,coffee,3,294,36983,8.111835167509396e-05
do,craig,3,295,36983,8.111835167509396e-05
do,eat,3,296,36983,8.111835167509396e-05
do,hammer,3,297,36983,8.111835167509396e-05
do,heidi,3,298,36983,8.111835167509396e-05
do,shoe,3,299,36983,8.111835167509396e-05
do,crab,3,300,36983,8.111835167509396e-05
do,hand,3,301,36983,8.111835167509396e-05
do,dust,3,302,36983,8.111835167509396e-05
do,titch,3,303,36983,8.111835167509396e-05
do,daniel,3,304,36983,8.111835167509396e-05
do,anyone,3,305,36983,8.111835167509396e-05
do,mickey,3,306,36983,8.111835167509396e-05
do,everyone,3,307,36983,8.111835167509396e-05
do,side,3,308,36983,8.111835167509396e-05
do,time,3,309,36983,8.111835167509396e-05
do,grammy,3,310,36983,8.111835167509396e-05
do,pilgrims,3,311,36983,8.111835167509396e-05
do,oughta,3,312,36983,8.111835167509396e-05
do,yeh,3,313,36983,8.111835167509396e-05
do,part,3,314,36983,8.111835167509396e-05
do,flower,3,315,36983,8.111835167509396e-05
do,sheep,3,316,36983,8.111835167509396e-05
do,lisa,3,317,36983,8.111835167509396e-05
do,jason,3,318,36983,8.111835167509396e-05
do,hulk,3,319,36983,8.111835167509396e-05
do,witch,3,320,36983,8.111835167509396e-05
do,wolf,3,321,36983,8.111835167509396e-05
do,hop,3,322,36983,8.111835167509396e-05
do,puppet,3,323,36983,8.111835167509396e-05
do,tree,3,324,36983,8.111835167509396e-05
do,swing,3,325,36983,8.111835167509396e-05
do,toy,3,326,36983,8.111835167509396e-05
do,melissa,3,327,36983,8.111835167509396e-05
do,noise,3,328,36983,8.111835167509396e-05
do,ant,3,329,36983,8.111835167509396e-05
do,hat,3,330,36983,8.111835167509396e-05
do,picture,3,331,36983,8.111835167509396e-05
do,wood,3,332,36983,8.111835167509396e-05
do,hooper,3,333,36983,8.111835167509396e-05
do,neighbor,3,334,36983,8.111835167509396e-05
do,uncle_ryan,3,335,36983,8.111835167509396e-05
do,pumbaa,3,336,36983,8.111835167509396e-05
do,rolley,3,337,36983,8.111835167509396e-05
do,jillian,3,338,36983,8.111835167509396e-05
do,randall,3,339,36983,8.111835167509396e-05
do,tortoise,3,340,36983,8.111835167509396e-05
do,dawson,3,341,36983,8.111835167509396e-05
do,sophie,3,342,36983,8.111835167509396e-05
do,let,3,343,36983,8.111835167509396e-05
do,debbie,3,344,36983,8.111835167509396e-05
do,mia,3,345,36983,8.111835167509396e-05
do,vanessa,3,346,36983,8.111835167509396e-05
do,samantha,3,347,36983,8.111835167509396e-05
do,farmer,2,348,36983,5.407890111672931e-05
do,ivy,2,349,36983,5.407890111672931e-05
do,teddy,2,350,36983,5.407890111672931e-05
do,bite,2,351,36983,5.407890111672931e-05
do,face,2,352,36983,5.407890111672931e-05
do,ear,2,353,36983,5.407890111672931e-05
do,tisha,2,354,36983,5.407890111672931e-05
do,box,2,355,36983,5.407890111672931e-05
do,pen,2,356,36983,5.407890111672931e-05
do,chair,2,357,36983,5.407890111672931e-05
do,mouth,2,358,36983,5.407890111672931e-05
do,bike,2,359,36983,5.407890111672931e-05
do,bill,2,360,36983,5.407890111672931e-05
do,nana,2,361,36983,5.407890111672931e-05
do,dwww,2,362,36983,5.407890111672931e-05
do,bedroom,2,363,36983,5.407890111672931e-05
do,rwww,2,364,36983,5.407890111672931e-05
do,gumby,2,365,36983,5.407890111672931e-05
do,pwww,2,366,36983,5.407890111672931e-05
do,hurt,2,367,36983,5.407890111672931e-05
do,jwww,2,368,36983,5.407890111672931e-05
do,mushroom,2,369,36983,5.407890111672931e-05
do,shaun,2,370,36983,5.407890111672931e-05
do,andy,2,371,36983,5.407890111672931e-05
do,way,2,372,36983,5.407890111672931e-05
do,help,2,373,36983,5.407890111672931e-05
do,bean,2,374,36983,5.407890111672931e-05
do,jacob,2,375,36983,5.407890111672931e-05
do,wind,2,376,36983,5.407890111672931e-05
do,a,2,377,36983,5.407890111672931e-05
do,cheese,2,378,36983,5.407890111672931e-05
do,hiccup,2,379,36983,5.407890111672931e-05
do,elmo,2,380,36983,5.407890111672931e-05
do,choo_choo,2,381,36983,5.407890111672931e-05
do,mi,2,382,36983,5.407890111672931e-05
do,bus,2,383,36983,5.407890111672931e-05
do,allen,2,384,36983,5.407890111672931e-05
do,minnie,2,385,36983,5.407890111672931e-05
do,yuli,2,386,36983,5.407890111672931e-05
do,dyeisha,2,387,36983,5.407890111672931e-05
do,shadow,2,388,36983,5.407890111672931e-05
do,scissor,2,389,36983,5.407890111672931e-05
do,drop,2,390,36983,5.407890111672931e-05
do,gun,2,391,36983,5.407890111672931e-05
do,sponge,2,392,36983,5.407890111672931e-05
do,boo_boo,2,393,36983,5.407890111672931e-05
do,gloria,2,394,36983,5.407890111672931e-05
do,tiger,2,395,36983,5.407890111672931e-05
do,h,2,396,36983,5.407890111672931e-05
do,millisandy,2,397,36983,5.407890111672931e-05
do,f,2,398,36983,5.407890111672931e-05
do,tail,2,399,36983,5.407890111672931e-05
do,pam,2,400,36983,5.407890111672931e-05
do,sam,2,401,36983,5.407890111672931e-05
do,ana,2,402,36983,5.407890111672931e-05
do,jack,2,403,36983,5.407890111672931e-05
do,kevin,2,404,36983,5.407890111672931e-05
do,half,2,405,36983,5.407890111672931e-05
do,spoon,2,406,36983,5.407890111672931e-05
do,boat,2,407,36983,5.407890111672931e-05
do,granny,2,408,36983,5.407890111672931e-05
do,finger,2,409,36983,5.407890111672931e-05
do,grampa,2,410,36983,5.407890111672931e-05
do,cindy,2,411,36983,5.407890111672931e-05
do,oliver,2,412,36983,5.407890111672931e-05
do,crash,2,413,36983,5.407890111672931e-05
do,bert,2,414,36983,5.407890111672931e-05
do,trevor,2,415,36983,5.407890111672931e-05
do,uhoh,2,416,36983,5.407890111672931e-05
do,worm,2,417,36983,5.407890111672931e-05
do,zoo,2,418,36983,5.407890111672931e-05
do,goose,2,419,36983,5.407890111672931e-05
do,cheerleader,2,420,36983,5.407890111672931e-05
do,grownup,2,421,36983,5.407890111672931e-05
do,kathy,2,422,36983,5.407890111672931e-05
do,gramma,2,423,36983,5.407890111672931e-05
do,carrot,2,424,36983,5.407890111672931e-05
do,emma,2,425,36983,5.407890111672931e-05
do,brian,2,426,36983,5.407890111672931e-05
do,william,2,427,36983,5.407890111672931e-05
do,rover,2,428,36983,5.407890111672931e-05
do,puddy,2,429,36983,5.407890111672931e-05
do,mary,2,430,36983,5.407890111672931e-05
do,fit,2,431,36983,5.407890111672931e-05
do,tool,2,432,36983,5.407890111672931e-05
do,duckie,2,433,36983,5.407890111672931e-05
do,class,2,434,36983,5.407890111672931e-05
do,kitten,2,435,36983,5.407890111672931e-05
do,jimmy,2,436,36983,5.407890111672931e-05
do,word,2,437,36983,5.407890111672931e-05
do,day,2,438,36983,5.407890111672931e-05
do,donald,2,439,36983,5.407890111672931e-05
do,mot,2,440,36983,5.407890111672931e-05
do,room,2,441,36983,5.407890111672931e-05
do,lesson,2,442,36983,5.407890111672931e-05
do,something,2,443,36983,5.407890111672931e-05
do,breath,2,444,36983,5.407890111672931e-05
do,elbow,2,445,36983,5.407890111672931e-05
do,parent,2,446,36983,5.407890111672931e-05
do,tape,2,447,36983,5.407890111672931e-05
do,oscar,2,448,36983,5.407890111672931e-05
do,cookie_monster,2,449,36983,5.407890111672931e-05
do,fox,2,450,36983,5.407890111672931e-05
do,orangutan,2,451,36983,5.407890111672931e-05
do,hippo,2,452,36983,5.407890111672931e-05
do,whose,2,453,36983,5.407890111672931e-05
do,edna,2,454,36983,5.407890111672931e-05
do,throat,2,455,36983,5.407890111672931e-05
do,whale,2,456,36983,5.407890111672931e-05
do,canoe,2,457,36983,5.407890111672931e-05
do,trick,2,458,36983,5.407890111672931e-05
do,dumbo,2,459,36983,5.407890111672931e-05
do,mark,2,460,36983,5.407890111672931e-05
do,cousin,2,461,36983,5.407890111672931e-05
do,luke,2,462,36983,5.407890111672931e-05
do,men,2,463,36983,5.407890111672931e-05
do,joey,2,464,36983,5.407890111672931e-05
do,cheerios,2,465,36983,5.407890111672931e-05
do,our,2,466,36983,5.407890111672931e-05
do,light,2,467,36983,5.407890111672931e-05
do,diaper,2,468,36983,5.407890111672931e-05
do,toot,2,469,36983,5.407890111672931e-05
do,nancy,2,470,36983,5.407890111672931e-05
do,other,2,471,36983,5.407890111672931e-05
do,abby,2,472,36983,5.407890111672931e-05
do,chef,2,473,36983,5.407890111672931e-05
do,hunhunh,2,474,36983,5.407890111672931e-05
do,coco,2,475,36983,5.407890111672931e-05
do,agra,2,476,36983,5.407890111672931e-05
do,bailey,2,477,36983,5.407890111672931e-05
do,hilda,2,478,36983,5.407890111672931e-05
do,jenna,2,479,36983,5.407890111672931e-05
do,renee,2,480,36983,5.407890111672931e-05
do,tongue,2,481,36983,5.407890111672931e-05
do,hook,2,482,36983,5.407890111672931e-05
do,squirrel,2,483,36983,5.407890111672931e-05
do,leila,2,484,36983,5.407890111672931e-05
do,pilot,2,485,36983,5.407890111672931e-05
do,babar,2,486,36983,5.407890111672931e-05
do,dotty,2,487,36983,5.407890111672931e-05
do,poy,2,488,36983,5.407890111672931e-05
do,tooth,2,489,36983,5.407890111672931e-05
do,cocoa,2,490,36983,5.407890111672931e-05
do,cricket,2,491,36983,5.407890111672931e-05
do,observer,2,492,36983,5.407890111672931e-05
do,clock,2,493,36983,5.407890111672931e-05
do,brenda,2,494,36983,5.407890111672931e-05
do,t_rex,2,495,36983,5.407890111672931e-05
do,poppa,2,496,36983,5.407890111672931e-05
do,winnie_the_pooh,2,497,36983,5.407890111672931e-05
do,candy,2,498,36983,5.407890111672931e-05
do,captain,2,499,36983,5.407890111672931e-05
do,stethoscope,2,500,36983,5.407890111672931e-05
do,fairy,2,501,36983,5.407890111672931e-05
do,stepsister,2,502,36983,5.407890111672931e-05
do,rope,2,503,36983,5.407890111672931e-05
do,bat,2,504,36983,5.407890111672931e-05
do,potter,2,505,36983,5.407890111672931e-05
do,sesame,2,506,36983,5.407890111672931e-05
do,pinchie,2,507,36983,5.407890111672931e-05
do,oh_my_goodness,2,508,36983,5.407890111672931e-05
do,jordan,2,509,36983,5.407890111672931e-05
do,johnathan,2,510,36983,5.407890111672931e-05
do,remi,2,511,36983,5.407890111672931e-05
do,bernice,2,512,36983,5.407890111672931e-05
do,steven,2,513,36983,5.407890111672931e-05
do,gabe,2,514,36983,5.407890111672931e-05
do,tony,2,515,36983,5.407890111672931e-05
do,asher,2,516,36983,5.407890111672931e-05
do,hank,1,517,36983,2.7039450558364655e-05
do,bootie,1,518,36983,2.7039450558364655e-05
do,three,1,519,36983,2.7039450558364655e-05
do,key,1,520,36983,2.7039450558364655e-05
do,sugar,1,521,36983,2.7039450558364655e-05
do,laugh,1,522,36983,2.7039450558364655e-05
do,judy,1,523,36983,2.7039450558364655e-05
do,oop,1,524,36983,2.7039450558364655e-05
do,slipper,1,525,36983,2.7039450558364655e-05
do,jenny,1,526,36983,2.7039450558364655e-05
do,envelope,1,527,36983,2.7039450558364655e-05
do,skate,1,528,36983,2.7039450558364655e-05
do,o'clock,1,529,36983,2.7039450558364655e-05
do,thundercats,1,530,36983,2.7039450558364655e-05
do,weedeater,1,531,36983,2.7039450558364655e-05
do,nat,1,532,36983,2.7039450558364655e-05
do,count,1,533,36983,2.7039450558364655e-05
do,friskie,1,534,36983,2.7039450558364655e-05
do,deedee,1,535,36983,2.7039450558364655e-05
do,burp,1,536,36983,2.7039450558364655e-05
do,oigan,1,537,36983,2.7039450558364655e-05
do,sylvia,1,538,36983,2.7039450558364655e-05
do,sue,1,539,36983,2.7039450558364655e-05
do,rain,1,540,36983,2.7039450558364655e-05
do,fork,1,541,36983,2.7039450558364655e-05
do,tummy,1,542,36983,2.7039450558364655e-05
do,each,1,543,36983,2.7039450558364655e-05
do,jo,1,544,36983,2.7039450558364655e-05
do,jeremy,1,545,36983,2.7039450558364655e-05
do,kwww,1,546,36983,2.7039450558364655e-05
do,propeller,1,547,36983,2.7039450558364655e-05
do,vagina,1,548,36983,2.7039450558364655e-05
do,residence,1,549,36983,2.7039450558364655e-05
do,shaunathon,1,550,36983,2.7039450558364655e-05
do,mum,1,551,36983,2.7039450558364655e-05
do,awww,1,552,36983,2.7039450558364655e-05
do,chase,1,553,36983,2.7039450558364655e-05
do,pokky,1,554,36983,2.7039450558364655e-05
do,amina,1,555,36983,2.7039450558364655e-05
do,package,1,556,36983,2.7039450558364655e-05
do,good,1,557,36983,2.7039450558364655e-05
do,joni,1,558,36983,2.7039450558364655e-05
do,brisco,1,559,36983,2.7039450558364655e-05
do,creek,1,560,36983,2.7039450558364655e-05
do,morgie,1,561,36983,2.7039450558364655e-05
do,morgan,1,562,36983,2.7039450558364655e-05
do,marino,1,563,36983,2.7039450558364655e-05
do,mandy,1,564,36983,2.7039450558364655e-05
do,sneeze,1,565,36983,2.7039450558364655e-05
do,uncle,1,566,36983,2.7039450558364655e-05
do,clothe,1,567,36983,2.7039450558364655e-05
do,noodle,1,568,36983,2.7039450558364655e-05
do,lord,1,569,36983,2.7039450558364655e-05
do,ty,1,570,36983,2.7039450558364655e-05
do,whee,1,571,36983,2.7039450558364655e-05
do,timothy,1,572,36983,2.7039450558364655e-05
do,fan,1,573,36983,2.7039450558364655e-05
do,bump,1,574,36983,2.7039450558364655e-05
do,ti,1,575,36983,2.7039450558364655e-05
do,kitty+cat,1,576,36983,2.7039450558364655e-05
do,grinch,1,577,36983,2.7039450558364655e-05
do,hog,1,578,36983,2.7039450558364655e-05
do,smackerel,1,579,36983,2.7039450558364655e-05
do,sweetie,1,580,36983,2.7039450558364655e-05
do,woody,1,581,36983,2.7039450558364655e-05
do,martha,1,582,36983,2.7039450558364655e-05
do,combing,1,583,36983,2.7039450558364655e-05
do,hot_wheel,1,584,36983,2.7039450558364655e-05
do,study,1,585,36983,2.7039450558364655e-05
do,walter,1,586,36983,2.7039450558364655e-05
do,bambi,1,587,36983,2.7039450558364655e-05
do,label,1,588,36983,2.7039450558364655e-05
do,broom,1,589,36983,2.7039450558364655e-05
do,knife,1,590,36983,2.7039450558364655e-05
do,fire,1,591,36983,2.7039450558364655e-05
do,pencil,1,592,36983,2.7039450558364655e-05
do,band,1,593,36983,2.7039450558364655e-05
do,jesus,1,594,36983,2.7039450558364655e-05
do,trailer,1,595,36983,2.7039450558364655e-05
do,rusty,1,596,36983,2.7039450558364655e-05
do,shadow_gay,1,597,36983,2.7039450558364655e-05
do,chocolate,1,598,36983,2.7039450558364655e-05
do,twinkles,1,599,36983,2.7039450558364655e-05
do,roll,1,600,36983,2.7039450558364655e-05
do,line,1,601,36983,2.7039450558364655e-05
do,wizard,1,602,36983,2.7039450558364655e-05
do,jeep,1,603,36983,2.7039450558364655e-05
do,program,1,604,36983,2.7039450558364655e-05
do,carpenter,1,605,36983,2.7039450558364655e-05
do,goldilock,1,606,36983,2.7039450558364655e-05
do,cabbage,1,607,36983,2.7039450558364655e-05
do,wiper,1,608,36983,2.7039450558364655e-05
do,diandra,1,609,36983,2.7039450558364655e-05
do,bullet,1,610,36983,2.7039450558364655e-05
do,undershirt,1,611,36983,2.7039450558364655e-05
do,wait,1,612,36983,2.7039450558364655e-05
do,diver,1,613,36983,2.7039450558364655e-05
do,adamy,1,614,36983,2.7039450558364655e-05
do,tapioca,1,615,36983,2.7039450558364655e-05
do,old_macdonald,1,616,36983,2.7039450558364655e-05
do,rocking+chair,1,617,36983,2.7039450558364655e-05
do,becky,1,618,36983,2.7039450558364655e-05
do,jim,1,619,36983,2.7039450558364655e-05
do,chirp,1,620,36983,2.7039450558364655e-05
do,pop'll,1,621,36983,2.7039450558364655e-05
do,colin,1,622,36983,2.7039450558364655e-05
do,supper,1,623,36983,2.7039450558364655e-05
do,chatty_baby,1,624,36983,2.7039450558364655e-05
do,tickle_baby,1,625,36983,2.7039450558364655e-05
do,mumma,1,626,36983,2.7039450558364655e-05
do,bobo,1,627,36983,2.7039450558364655e-05
do,santie_claus,1,628,36983,2.7039450558364655e-05
do,sandra,1,629,36983,2.7039450558364655e-05
do,bim_bam,1,630,36983,2.7039450558364655e-05
do,bam_bam,1,631,36983,2.7039450558364655e-05
do,pebble,1,632,36983,2.7039450558364655e-05
do,hopperoo,1,633,36983,2.7039450558364655e-05
do,block,1,634,36983,2.7039450558364655e-05
do,donny,1,635,36983,2.7039450558364655e-05
do,nitch,1,636,36983,2.7039450558364655e-05
do,none,1,637,36983,2.7039450558364655e-05
do,barney,1,638,36983,2.7039450558364655e-05
do,housework,1,639,36983,2.7039450558364655e-05
do,costume,1,640,36983,2.7039450558364655e-05
do,elaine,1,641,36983,2.7039450558364655e-05
do,announcement,1,642,36983,2.7039450558364655e-05
do,thank_you,1,643,36983,2.7039450558364655e-05
do,dickie,1,644,36983,2.7039450558364655e-05
do,cotton,1,645,36983,2.7039450558364655e-05
do,grandmother,1,646,36983,2.7039450558364655e-05
do,tracy,1,647,36983,2.7039450558364655e-05
do,gigi,1,648,36983,2.7039450558364655e-05
do,baking,1,649,36983,2.7039450558364655e-05
do,bozo,1,650,36983,2.7039450558364655e-05
do,hose,1,651,36983,2.7039450558364655e-05
do,baboon,1,652,36983,2.7039450558364655e-05
do,betty,1,653,36983,2.7039450558364655e-05
do,batman,1,654,36983,2.7039450558364655e-05
do,dentist,1,655,36983,2.7039450558364655e-05
do,dance,1,656,36983,2.7039450558364655e-05
do,gail,1,657,36983,2.7039450558364655e-05
do,toby,1,658,36983,2.7039450558364655e-05
do,bettina,1,659,36983,2.7039450558364655e-05
do,building,1,660,36983,2.7039450558364655e-05
do,gopher,1,661,36983,2.7039450558364655e-05
do,moose,1,662,36983,2.7039450558364655e-05
do,cuckoo+clock,1,663,36983,2.7039450558364655e-05
do,needle,1,664,36983,2.7039450558364655e-05
do,cream'll,1,665,36983,2.7039450558364655e-05
do,leanne,1,666,36983,2.7039450558364655e-05
do,same,1,667,36983,2.7039450558364655e-05
do,gum,1,668,36983,2.7039450558364655e-05
do,yup,1,669,36983,2.7039450558364655e-05
do,mixer,1,670,36983,2.7039450558364655e-05
do,sparky,1,671,36983,2.7039450558364655e-05
do,keeper,1,672,36983,2.7039450558364655e-05
do,labell,1,673,36983,2.7039450558364655e-05
do,labelle,1,674,36983,2.7039450558364655e-05
do,inez,1,675,36983,2.7039450558364655e-05
do,tippy,1,676,36983,2.7039450558364655e-05
do,firetruck,1,677,36983,2.7039450558364655e-05
do,ann,1,678,36983,2.7039450558364655e-05
do,sabrina,1,679,36983,2.7039450558364655e-05
do,eel,1,680,36983,2.7039450558364655e-05
do,hoop,1,681,36983,2.7039450558364655e-05
do,rascal,1,682,36983,2.7039450558364655e-05
do,lobster,1,683,36983,2.7039450558364655e-05
do,anteater,1,684,36983,2.7039450558364655e-05
do,shelf,1,685,36983,2.7039450558364655e-05
do,shh,1,686,36983,2.7039450558364655e-05
do,breast,1,687,36983,2.7039450558364655e-05
do,feather,1,688,36983,2.7039450558364655e-05
do,firefighter,1,689,36983,2.7039450558364655e-05
do,paint,1,690,36983,2.7039450558364655e-05
do,adult,1,691,36983,2.7039450558364655e-05
do,newspaper,1,692,36983,2.7039450558364655e-05
do,mulan,1,693,36983,2.7039450558364655e-05
do,university,1,694,36983,2.7039450558364655e-05
do,seamstress,1,695,36983,2.7039450558364655e-05
do,comic,1,696,36983,2.7039450558364655e-05
do,scoop,1,697,36983,2.7039450558364655e-05
do,cleveland,1,698,36983,2.7039450558364655e-05
do,nadine,1,699,36983,2.7039450558364655e-05
do,answer,1,700,36983,2.7039450558364655e-05
do,morris,1,701,36983,2.7039450558364655e-05
do,katie,1,702,36983,2.7039450558364655e-05
do,patricia,1,703,36983,2.7039450558364655e-05
do,em,1,704,36983,2.7039450558364655e-05
do,sharon,1,705,36983,2.7039450558364655e-05
do,theresa,1,706,36983,2.7039450558364655e-05
do,holder,1,707,36983,2.7039450558364655e-05
do,chuckie,1,708,36983,2.7039450558364655e-05
do,cash,1,709,36983,2.7039450558364655e-05
do,abba,1,710,36983,2.7039450558364655e-05
do,engine,1,711,36983,2.7039450558364655e-05
do,andrea,1,712,36983,2.7039450558364655e-05
do,typewriter,1,713,36983,2.7039450558364655e-05
do,bubby,1,714,36983,2.7039450558364655e-05
do,cashier,1,715,36983,2.7039450558364655e-05
do,courage,1,716,36983,2.7039450558364655e-05
do,mariana,1,717,36983,2.7039450558364655e-05
do,brad,1,718,36983,2.7039450558364655e-05
do,million,1,719,36983,2.7039450558364655e-05
do,wonder,1,720,36983,2.7039450558364655e-05
do,malcolm,1,721,36983,2.7039450558364655e-05
do,prince,1,722,36983,2.7039450558364655e-05
do,bumper,1,723,36983,2.7039450558364655e-05
do,plumber,1,724,36983,2.7039450558364655e-05
do,reindeer,1,725,36983,2.7039450558364655e-05
do,christine,1,726,36983,2.7039450558364655e-05
do,shala,1,727,36983,2.7039450558364655e-05
do,d'ya,1,728,36983,2.7039450558364655e-05
do,d'you,1,729,36983,2.7039450558364655e-05
do,stop,1,730,36983,2.7039450558364655e-05
do,flashlight,1,731,36983,2.7039450558364655e-05
do,tinkerbell,1,732,36983,2.7039450558364655e-05
do,sara,1,733,36983,2.7039450558364655e-05
do,michele,1,734,36983,2.7039450558364655e-05
do,tarci,1,735,36983,2.7039450558364655e-05
do,corn,1,736,36983,2.7039450558364655e-05
do,alissa,1,737,36983,2.7039450558364655e-05
do,curly,1,738,36983,2.7039450558364655e-05
do,plug,1,739,36983,2.7039450558364655e-05
do,whoosh,1,740,36983,2.7039450558364655e-05
do,present,1,741,36983,2.7039450558364655e-05
do,pluto,1,742,36983,2.7039450558364655e-05
do,huey,1,743,36983,2.7039450558364655e-05
do,postman,1,744,36983,2.7039450558364655e-05
do,food,1,745,36983,2.7039450558364655e-05
do,tam,1,746,36983,2.7039450558364655e-05
do,helicopter,1,747,36983,2.7039450558364655e-05
do,uno,1,748,36983,2.7039450558364655e-05
do,pedito,1,749,36983,2.7039450558364655e-05
do,giant,1,750,36983,2.7039450558364655e-05
do,hypnotist,1,751,36983,2.7039450558364655e-05
do,diana,1,752,36983,2.7039450558364655e-05
do,jessica,1,753,36983,2.7039450558364655e-05
do,beverly,1,754,36983,2.7039450558364655e-05
do,colleen,1,755,36983,2.7039450558364655e-05
do,store,1,756,36983,2.7039450558364655e-05
do,sis,1,757,36983,2.7039450558364655e-05
do,number,1,758,36983,2.7039450558364655e-05
do,denice,1,759,36983,2.7039450558364655e-05
do,few,1,760,36983,2.7039450558364655e-05
do,fri,1,761,36983,2.7039450558364655e-05
do,dollar,1,762,36983,2.7039450558364655e-05
do,auntie,1,763,36983,2.7039450558364655e-05
do,penny,1,764,36983,2.7039450558364655e-05
do,erika,1,765,36983,2.7039450558364655e-05
do,yes,1,766,36983,2.7039450558364655e-05
do,dinner,1,767,36983,2.7039450558364655e-05
do,ryan,1,768,36983,2.7039450558364655e-05
do,emmy,1,769,36983,2.7039450558364655e-05
do,teenager,1,770,36983,2.7039450558364655e-05
do,richard,1,771,36983,2.7039450558364655e-05
do,mistake,1,772,36983,2.7039450558364655e-05
do,grandfather,1,773,36983,2.7039450558364655e-05
do,carrie,1,774,36983,2.7039450558364655e-05
do,saleem,1,775,36983,2.7039450558364655e-05
do,boxer,1,776,36983,2.7039450558364655e-05
do,dish,1,777,36983,2.7039450558364655e-05
do,umbrella,1,778,36983,2.7039450558364655e-05
do,ew,1,779,36983,2.7039450558364655e-05
do,moon,1,780,36983,2.7039450558364655e-05
do,casey,1,781,36983,2.7039450558364655e-05
do,talk,1,782,36983,2.7039450558364655e-05
do,school,1,783,36983,2.7039450558364655e-05
do,washer,1,784,36983,2.7039450558364655e-05
do,plate,1,785,36983,2.7039450558364655e-05
do,april,1,786,36983,2.7039450558364655e-05
do,mollie,1,787,36983,2.7039450558364655e-05
do,doctor_foster,1,788,36983,2.7039450558364655e-05
do,kobi,1,789,36983,2.7039450558364655e-05
do,godmother,1,790,36983,2.7039450558364655e-05
do,boo,1,791,36983,2.7039450558364655e-05
do,tom,1,792,36983,2.7039450558364655e-05
do,moo,1,793,36983,2.7039450558364655e-05
do,crawl,1,794,36983,2.7039450558364655e-05
do,potatohead,1,795,36983,2.7039450558364655e-05
do,hen,1,796,36983,2.7039450558364655e-05
do,queen,1,797,36983,2.7039450558364655e-05
do,baba,1,798,36983,2.7039450558364655e-05
do,echo,1,799,36983,2.7039450558364655e-05
do,hippos,1,800,36983,2.7039450558364655e-05
do,sentence,1,801,36983,2.7039450558364655e-05
do,mailman,1,802,36983,2.7039450558364655e-05
do,al,1,803,36983,2.7039450558364655e-05
do,shopping,1,804,36983,2.7039450558364655e-05
do,sherri,1,805,36983,2.7039450558364655e-05
do,rhino,1,806,36983,2.7039450558364655e-05
do,claudia,1,807,36983,2.7039450558364655e-05
do,monskue,1,808,36983,2.7039450558364655e-05
do,ship,1,809,36983,2.7039450558364655e-05
do,hawk,1,810,36983,2.7039450558364655e-05
do,party,1,811,36983,2.7039450558364655e-05
do,nightmare,1,812,36983,2.7039450558364655e-05
do,kit,1,813,36983,2.7039450558364655e-05
do,snow,1,814,36983,2.7039450558364655e-05
do,self,1,815,36983,2.7039450558364655e-05
do,chop_wood,1,816,36983,2.7039450558364655e-05
do,robber,1,817,36983,2.7039450558364655e-05
do,backfire,1,818,36983,2.7039450558364655e-05
do,cord,1,819,36983,2.7039450558364655e-05
do,quinn,1,820,36983,2.7039450558364655e-05
do,come_on,1,821,36983,2.7039450558364655e-05
do,andy_candy,1,822,36983,2.7039450558364655e-05
do,ghost,1,823,36983,2.7039450558364655e-05
do,anderson,1,824,36983,2.7039450558364655e-05
do,any,1,825,36983,2.7039450558364655e-05
do,spring,1,826,36983,2.7039450558364655e-05
do,ya_ya,1,827,36983,2.7039450558364655e-05
do,jawas,1,828,36983,2.7039450558364655e-05
do,computer,1,829,36983,2.7039450558364655e-05
do,vader,1,830,36983,2.7039450558364655e-05
do,john,1,831,36983,2.7039450558364655e-05
do,tuck,1,832,36983,2.7039450558364655e-05
do,mom'll,1,833,36983,2.7039450558364655e-05
do,graham+cracker,1,834,36983,2.7039450558364655e-05
do,evan,1,835,36983,2.7039450558364655e-05
do,brandon,1,836,36983,2.7039450558364655e-05
do,chrystal,1,837,36983,2.7039450558364655e-05
do,juice,1,838,36983,2.7039450558364655e-05
do,mirror,1,839,36983,2.7039450558364655e-05
do,ema,1,840,36983,2.7039450558364655e-05
do,davidal,1,841,36983,2.7039450558364655e-05
do,puppys,1,842,36983,2.7039450558364655e-05
do,ab,1,843,36983,2.7039450558364655e-05
do,christina,1,844,36983,2.7039450558364655e-05
do,wiggle,1,845,36983,2.7039450558364655e-05
do,in_order_to,1,846,36983,2.7039450558364655e-05
do,abbie,1,847,36983,2.7039450558364655e-05
do,beetle,1,848,36983,2.7039450558364655e-05
do,prissy,1,849,36983,2.7039450558364655e-05
do,bark,1,850,36983,2.7039450558364655e-05
do,buggie,1,851,36983,2.7039450558364655e-05
do,gold_bug,1,852,36983,2.7039450558364655e-05
do,bed,1,853,36983,2.7039450558364655e-05
do,grass,1,854,36983,2.7039450558364655e-05
do,routine,1,855,36983,2.7039450558364655e-05
do,raisin,1,856,36983,2.7039450558364655e-05
do,snap,1,857,36983,2.7039450558364655e-05
do,anns,1,858,36983,2.7039450558364655e-05
do,salley,1,859,36983,2.7039450558364655e-05
do,pocket,1,860,36983,2.7039450558364655e-05
do,back,1,861,36983,2.7039450558364655e-05
do,whoop,1,862,36983,2.7039450558364655e-05
do,four,1,863,36983,2.7039450558364655e-05
do,stewardess,1,864,36983,2.7039450558364655e-05
do,fly,1,865,36983,2.7039450558364655e-05
do,diamond,1,866,36983,2.7039450558364655e-05
do,transformer,1,867,36983,2.7039450558364655e-05
do,pocahontas,1,868,36983,2.7039450558364655e-05
do,scott,1,869,36983,2.7039450558364655e-05
do,basket,1,870,36983,2.7039450558364655e-05
do,katie'll,1,871,36983,2.7039450558364655e-05
do,pee_pee,1,872,36983,2.7039450558364655e-05
do,crow,1,873,36983,2.7039450558364655e-05
do,brambles,1,874,36983,2.7039450558364655e-05
do,ladybug,1,875,36983,2.7039450558364655e-05
do,wire,1,876,36983,2.7039450558364655e-05
do,aboobooboo,1,877,36983,2.7039450558364655e-05
do,sticker,1,878,36983,2.7039450558364655e-05
do,job,1,879,36983,2.7039450558364655e-05
do,fishie,1,880,36983,2.7039450558364655e-05
do,tadah,1,881,36983,2.7039450558364655e-05
do,uguh,1,882,36983,2.7039450558364655e-05
do,crown,1,883,36983,2.7039450558364655e-05
do,ocean,1,884,36983,2.7039450558364655e-05
do,hartzell,1,885,36983,2.7039450558364655e-05
do,justin,1,886,36983,2.7039450558364655e-05
do,becca,1,887,36983,2.7039450558364655e-05
do,break,1,888,36983,2.7039450558364655e-05
do,swan,1,889,36983,2.7039450558364655e-05
do,deer,1,890,36983,2.7039450558364655e-05
do,calf,1,891,36983,2.7039450558364655e-05
do,pea,1,892,36983,2.7039450558364655e-05
do,fall,1,893,36983,2.7039450558364655e-05
do,punch,1,894,36983,2.7039450558364655e-05
do,moth,1,895,36983,2.7039450558364655e-05
do,where,1,896,36983,2.7039450558364655e-05
do,bob,1,897,36983,2.7039450558364655e-05
do,chimpanzee,1,898,36983,2.7039450558364655e-05
do,nurse,1,899,36983,2.7039450558364655e-05
do,halloween,1,900,36983,2.7039450558364655e-05
do,jar,1,901,36983,2.7039450558364655e-05
do,minoru,1,902,36983,2.7039450558364655e-05
do,pierre,1,903,36983,2.7039450558364655e-05
do,lizard,1,904,36983,2.7039450558364655e-05
do,gorilla,1,905,36983,2.7039450558364655e-05
do,kirsten,1,906,36983,2.7039450558364655e-05
do,damage,1,907,36983,2.7039450558364655e-05
do,nanu,1,908,36983,2.7039450558364655e-05
do,motorcycle,1,909,36983,2.7039450558364655e-05
do,julia,1,910,36983,2.7039450558364655e-05
do,write,1,911,36983,2.7039450558364655e-05
do,noisie,1,912,36983,2.7039450558364655e-05
do,noah,1,913,36983,2.7039450558364655e-05
do,dennis,1,914,36983,2.7039450558364655e-05
do,flatbe,1,915,36983,2.7039450558364655e-05
do,nest,1,916,36983,2.7039450558364655e-05
do,amy,1,917,36983,2.7039450558364655e-05
do,edith,1,918,36983,2.7039450558364655e-05
do,my_goodness,1,919,36983,2.7039450558364655e-05
do,bruce,1,920,36983,2.7039450558364655e-05
do,vicky,1,921,36983,2.7039450558364655e-05
do,karl,1,922,36983,2.7039450558364655e-05
do,margot,1,923,36983,2.7039450558364655e-05
do,cry,1,924,36983,2.7039450558364655e-05
do,popple,1,925,36983,2.7039450558364655e-05
do,andrew,1,926,36983,2.7039450558364655e-05
do,player,1,927,36983,2.7039450558364655e-05
do,biddy,1,928,36983,2.7039450558364655e-05
do,bang,1,929,36983,2.7039450558364655e-05
do,knob,1,930,36983,2.7039450558364655e-05
do,address,1,931,36983,2.7039450558364655e-05
do,lala,1,932,36983,2.7039450558364655e-05
do,dick,1,933,36983,2.7039450558364655e-05
do,legos,1,934,36983,2.7039450558364655e-05
do,mommy'll,1,935,36983,2.7039450558364655e-05
do,panty,1,936,36983,2.7039450558364655e-05
do,santaclaus,1,937,36983,2.7039450558364655e-05
do,mimi,1,938,36983,2.7039450558364655e-05
do,can,1,939,36983,2.7039450558364655e-05
do,ya'll,1,940,36983,2.7039450558364655e-05
do,daddy'll,1,941,36983,2.7039450558364655e-05
do,ansley,1,942,36983,2.7039450558364655e-05
do,elizah,1,943,36983,2.7039450558364655e-05
do,marsha,1,944,36983,2.7039450558364655e-05
do,thirty,1,945,36983,2.7039450558364655e-05
do,sniffle,1,946,36983,2.7039450558364655e-05
do,joel,1,947,36983,2.7039450558364655e-05
do,susan,1,948,36983,2.7039450558364655e-05
do,rich,1,949,36983,2.7039450558364655e-05
do,madaline,1,950,36983,2.7039450558364655e-05
do,rat,1,951,36983,2.7039450558364655e-05
do,mamam,1,952,36983,2.7039450558364655e-05
do,superman,1,953,36983,2.7039450558364655e-05
do,hunter,1,954,36983,2.7039450558364655e-05
do,zoey,1,955,36983,2.7039450558364655e-05
do,aunt_mary,1,956,36983,2.7039450558364655e-05
do,uncle_david,1,957,36983,2.7039450558364655e-05
do,noo_noo,1,958,36983,2.7039450558364655e-05
do,carey,1,959,36983,2.7039450558364655e-05
do,captain_rick,1,960,36983,2.7039450558364655e-05
do,grocery,1,961,36983,2.7039450558364655e-05
do,aunt_niece,1,962,36983,2.7039450558364655e-05
do,stuart_little,1,963,36983,2.7039450558364655e-05
do,snowball,1,964,36983,2.7039450558364655e-05
do,wiggles,1,965,36983,2.7039450558364655e-05
do,dora,1,966,36983,2.7039450558364655e-05
do,apple,1,967,36983,2.7039450558364655e-05
do,photographer,1,968,36983,2.7039450558364655e-05
do,container,1,969,36983,2.7039450558364655e-05
do,leaf,1,970,36983,2.7039450558364655e-05
do,sun,1,971,36983,2.7039450558364655e-05
do,patchy,1,972,36983,2.7039450558364655e-05
do,lip,1,973,36983,2.7039450558364655e-05
do,drench,1,974,36983,2.7039450558364655e-05
do,aunt_carey,1,975,36983,2.7039450558364655e-05
do,campfire,1,976,36983,2.7039450558364655e-05
do,sadie,1,977,36983,2.7039450558364655e-05
do,owner,1,978,36983,2.7039450558364655e-05
do,sock,1,979,36983,2.7039450558364655e-05
do,corner,1,980,36983,2.7039450558364655e-05
do,nap,1,981,36983,2.7039450558364655e-05
do,swimming,1,982,36983,2.7039450558364655e-05
do,jeanie,1,983,36983,2.7039450558364655e-05
do,monica,1,984,36983,2.7039450558364655e-05
do,kite,1,985,36983,2.7039450558364655e-05
do,ostrich,1,986,36983,2.7039450558364655e-05
do,michelle,1,987,36983,2.7039450558364655e-05
do,nope,1,988,36983,2.7039450558364655e-05
do,cat_in_the_hat,1,989,36983,2.7039450558364655e-05
do,switch,1,990,36983,2.7039450558364655e-05
do,twin,1,991,36983,2.7039450558364655e-05
do,story,1,992,36983,2.7039450558364655e-05
do,aladar,1,993,36983,2.7039450558364655e-05
do,fence,1,994,36983,2.7039450558364655e-05
do,brain,1,995,36983,2.7039450558364655e-05
do,dada,1,996,36983,2.7039450558364655e-05
do,bandaid,1,997,36983,2.7039450558364655e-05
do,rochelle,1,998,36983,2.7039450558364655e-05
do,troll,1,999,36983,2.7039450558364655e-05
do,mathew,1,1000,36983,2.7039450558364655e-05
do,pumpkin,1,1001,36983,2.7039450558364655e-05
do,erin,1,1002,36983,2.7039450558364655e-05
do,scotty,1,1003,36983,2.7039450558364655e-05
do,vinnie,1,1004,36983,2.7039450558364655e-05
do,zurg,1,1005,36983,2.7039450558364655e-05
do,p,1,1006,36983,2.7039450558364655e-05
do,c,1,1007,36983,2.7039450558364655e-05
do,weist,1,1008,36983,2.7039450558364655e-05
do,gordy,1,1009,36983,2.7039450558364655e-05
do,belle,1,1010,36983,2.7039450558364655e-05
do,peatry,1,1011,36983,2.7039450558364655e-05
do,duncan,1,1012,36983,2.7039450558364655e-05
do,pad,1,1013,36983,2.7039450558364655e-05
do,angie,1,1014,36983,2.7039450558364655e-05
do,shuttle,1,1015,36983,2.7039450558364655e-05
do,zamboni,1,1016,36983,2.7039450558364655e-05
do,rest,1,1017,36983,2.7039450558364655e-05
do,green,1,1018,36983,2.7039450558364655e-05
do,mckayla,1,1019,36983,2.7039450558364655e-05
do,lumpas,1,1020,36983,2.7039450558364655e-05
do,microscope,1,1021,36983,2.7039450558364655e-05
do,hold,1,1022,36983,2.7039450558364655e-05
do,president,1,1023,36983,2.7039450558364655e-05
do,rocky,1,1024,36983,2.7039450558364655e-05
do,log,1,1025,36983,2.7039450558364655e-05
do,jellyfish,1,1026,36983,2.7039450558364655e-05
do,inc,1,1027,36983,2.7039450558364655e-05
do,toilet,1,1028,36983,2.7039450558364655e-05
do,police,1,1029,36983,2.7039450558364655e-05
do,nemo,1,1030,36983,2.7039450558364655e-05
do,wrench,1,1031,36983,2.7039450558364655e-05
do,efrom,1,1032,36983,2.7039450558364655e-05
do,brett,1,1033,36983,2.7039450558364655e-05
do,brucey,1,1034,36983,2.7039450558364655e-05
do,operator,1,1035,36983,2.7039450558364655e-05
do,ash,1,1036,36983,2.7039450558364655e-05
do,simon,1,1037,36983,2.7039450558364655e-05
do,decky,1,1038,36983,2.7039450558364655e-05
do,equipment,1,1039,36983,2.7039450558364655e-05
do,jonathan,1,1040,36983,2.7039450558364655e-05
do,industry,1,1041,36983,2.7039450558364655e-05
do,moe,1,1042,36983,2.7039450558364655e-05
do,coke,1,1043,36983,2.7039450558364655e-05
do,darling,1,1044,36983,2.7039450558364655e-05
do,jeffery,1,1045,36983,2.7039450558364655e-05
do,derek,1,1046,36983,2.7039450558364655e-05
do,folk,1,1047,36983,2.7039450558364655e-05
do,oil,1,1048,36983,2.7039450558364655e-05
do,yourself,1,1049,36983,2.7039450558364655e-05
do,point,1,1050,36983,2.7039450558364655e-05
do,kneecap,1,1051,36983,2.7039450558364655e-05
do,anthony,1,1052,36983,2.7039450558364655e-05
do,steak,1,1053,36983,2.7039450558364655e-05
do,keisha,1,1054,36983,2.7039450558364655e-05
do,alvin,1,1055,36983,2.7039450558364655e-05
do,jones,1,1056,36983,2.7039450558364655e-05
do,freddy,1,1057,36983,2.7039450558364655e-05
do,joyce,1,1058,36983,2.7039450558364655e-05
do,shawn,1,1059,36983,2.7039450558364655e-05
do,devil,1,1060,36983,2.7039450558364655e-05
do,run,1,1061,36983,2.7039450558364655e-05
do,crinkle,1,1062,36983,2.7039450558364655e-05
do,christopher,1,1063,36983,2.7039450558364655e-05
do,adrienne,1,1064,36983,2.7039450558364655e-05
do,seymore,1,1065,36983,2.7039450558364655e-05
do,act,1,1066,36983,2.7039450558364655e-05
do,gabriella,1,1067,36983,2.7039450558364655e-05
do,gerbil,1,1068,36983,2.7039450558364655e-05
do,julie,1,1069,36983,2.7039450558364655e-05
do,friction,1,1070,36983,2.7039450558364655e-05
do,gabriel,1,1071,36983,2.7039450558364655e-05
do,favorite,1,1072,36983,2.7039450558364655e-05
do,sherine,1,1073,36983,2.7039450558364655e-05
do,coyote,1,1074,36983,2.7039450558364655e-05
do,need,1,1075,36983,2.7039450558364655e-05
do,robbie,1,1076,36983,2.7039450558364655e-05
do,minute,1,1077,36983,2.7039450558364655e-05
do,push,1,1078,36983,2.7039450558364655e-05
do,todd,1,1079,36983,2.7039450558364655e-05
do,perri,1,1080,36983,2.7039450558364655e-05
do,curse,1,1081,36983,2.7039450558364655e-05
do,driver,1,1082,36983,2.7039450558364655e-05
do,little,1,1083,36983,2.7039450558364655e-05
do,robert,1,1084,36983,2.7039450558364655e-05
do,justina,1,1085,36983,2.7039450558364655e-05
do,putty,1,1086,36983,2.7039450558364655e-05
do,clay,1,1087,36983,2.7039450558364655e-05
do,tv,1,1088,36983,2.7039450558364655e-05
do,thy,1,1089,36983,2.7039450558364655e-05
do,harold,1,1090,36983,2.7039450558364655e-05
do,be,1,1091,36983,2.7039450558364655e-05
do,clifford,1,1092,36983,2.7039450558364655e-05
do,daughter,1,1093,36983,2.7039450558364655e-05
do,beautiful,1,1094,36983,2.7039450558364655e-05
do,bottom,1,1095,36983,2.7039450558364655e-05
do,mosquito,1,1096,36983,2.7039450558364655e-05
do,bottle,1,1097,36983,2.7039450558364655e-05
do,bloomingdale,1,1098,36983,2.7039450558364655e-05
do,graeme,1,1099,36983,2.7039450558364655e-05
do,wayne,1,1100,36983,2.7039450558364655e-05
do,summer,1,1101,36983,2.7039450558364655e-05
do,anne,1,1102,36983,2.7039450558364655e-05
do,pompom,1,1103,36983,2.7039450558364655e-05
do,shirt,1,1104,36983,2.7039450558364655e-05
do,comb,1,1105,36983,2.7039450558364655e-05
do,squeak,1,1106,36983,2.7039450558364655e-05
do,patrick,1,1107,36983,2.7039450558364655e-05
have,you,8547,1,24979,0.342167420633332
have,i,4140,2,24979,0.1657392209455943
have,we,3198,3,24979,0.12802754313623443
have,he,1776,4,24979,0.07109972376796508
have,they,1359,5,24979,0.05440570078866248
have,she,1114,6,24979,0.0445974618679691
have,it,739,7,24979,0.02958485127507106
have,mommy,276,8,24979,0.011049281396372953
have,who,198,9,24979,0.007926658393050161
have,that,195,10,24979,0.007806557508306978
have,one,152,11,24979,0.00608511149365467
have,daddy,133,12,24979,0.005324472556947836
have,us,100,13,24979,0.004003362824772809
have,baby,70,14,24979,0.0028023539773409665
have,elephant,64,15,24979,0.002562152207854598
have,ya,52,16,24979,0.002081748668881861
have,bear,52,17,24979,0.002081748668881861
have,this,44,18,24979,0.001761479642900036
have,piggy,43,19,24979,0.001721446014652308
have,guy,41,20,24979,0.0016413787581568517
have,everybody,38,21,24979,0.0015212778734136675
have,girl,34,22,24979,0.0013611433604227552
have,wanna,32,23,24979,0.001281076103927299
have,boy,31,24,24979,0.0012410424756795707
have,car,31,25,24979,0.0012410424756795707
have,cow,30,26,24979,0.0012010088474318427
have,dog,29,27,24979,0.0011609752191841147
have,people,28,28,24979,0.0011209415909363865
have,what,28,29,24979,0.0011209415909363865
have,mother,26,30,24979,0.0010408743344409305
have,kitty,26,31,24979,0.0010408743344409305
have,macdonald,26,32,24979,0.0010408743344409305
have,somebody,25,33,24979,0.0010008407061932022
have,nina,24,34,24979,0.0009608070779454742
have,go,22,35,24979,0.000880739821450018
have,sarah,22,36,24979,0.000880739821450018
have,mama,21,37,24979,0.0008407061932022899
have,piggie,21,38,24979,0.0008407061932022899
have,man,20,39,24979,0.0008006725649545619
have,child,19,40,24979,0.0007606389367068337
have,cat,19,41,24979,0.0007606389367068337
have,hasta,19,42,24979,0.0007606389367068337
have,lemme,19,43,24979,0.0007606389367068337
have,female,18,44,24979,0.0007206053084591056
have,nathaniel,18,45,24979,0.0007206053084591056
have,book,17,46,24979,0.0006805716802113776
have,chi,17,47,24979,0.0006805716802113776
have,mom,15,48,24979,0.0006005044237159214
have,firstname,15,49,24979,0.0006005044237159214
have,dinosaur,15,50,24979,0.0006005044237159214
have,jenny,14,51,24979,0.0005604707954681932
have,some,14,52,24979,0.0005604707954681932
have,baaee,14,53,24979,0.0005604707954681932
have,bird,13,54,24979,0.0005204371672204652
have,house,13,55,24979,0.0005204371672204652
have,needta,13,56,24979,0.0005204371672204652
have,paul,13,57,24979,0.0005204371672204652
have,papa,13,58,24979,0.0005204371672204652
have,kid,13,59,24979,0.0005204371672204652
have,grandma,13,60,24979,0.0005204371672204652
have,travis,13,61,24979,0.0005204371672204652
have,yours,12,62,24979,0.0004804035389727371
have,truck,12,63,24979,0.0004804035389727371
have,horse,12,64,24979,0.0004804035389727371
have,sister,12,65,24979,0.0004804035389727371
have,someone,12,66,24979,0.0004804035389727371
have,fish,12,67,24979,0.0004804035389727371
have,adam,12,68,24979,0.0004804035389727371
have,eve,12,69,24979,0.0004804035389727371
have,person,12,70,24979,0.0004804035389727371
have,laura,11,71,24979,0.000440369910725009
have,everyone,11,72,24979,0.000440369910725009
have,fraser,11,73,24979,0.000440369910725009
have,duck,11,74,24979,0.000440369910725009
have,peter,10,75,24979,0.00040033628247728093
have,lois,10,76,24979,0.00040033628247728093
have,sheep,10,77,24979,0.00040033628247728093
have,david,10,78,24979,0.00040033628247728093
have,rabbit,10,79,24979,0.00040033628247728093
have,michael,10,80,24979,0.00040033628247728093
have,shem,10,81,24979,0.00040033628247728093
have,the,9,82,24979,0.0003603026542295528
have,doggie,9,83,24979,0.0003603026542295528
have,jwww,9,84,24979,0.0003603026542295528
have,lady,9,85,24979,0.0003603026542295528
have,old_macdonald,9,86,24979,0.0003603026542295528
have,cromer,9,87,24979,0.0003603026542295528
have,all,9,88,24979,0.0003603026542295528
have,joseph,9,89,24979,0.0003603026542295528
have,anybody,8,90,24979,0.00032026902598182474
have,tree,8,91,24979,0.00032026902598182474
have,kitten,8,92,24979,0.00032026902598182474
have,robin,8,93,24979,0.00032026902598182474
have,mary,8,94,24979,0.00032026902598182474
have,nana,7,95,24979,0.0002802353977340966
have,these,7,96,24979,0.0002802353977340966
have,mummy,7,97,24979,0.0002802353977340966
have,useta,7,98,24979,0.0002802353977340966
have,friend,7,99,24979,0.0002802353977340966
have,grandpa,7,100,24979,0.0002802353977340966
have,tony,7,101,24979,0.0002802353977340966
have,gail,7,102,24979,0.0002802353977340966
have,matthew,7,103,24979,0.0002802353977340966
have,marky,7,104,24979,0.0002802353977340966
have,rachel,7,105,24979,0.0002802353977340966
have,kalie,7,106,24979,0.0002802353977340966
have,dingo,7,107,24979,0.0002802353977340966
have,thomas,7,108,24979,0.0002802353977340966
have,leila,7,109,24979,0.0002802353977340966
have,justin,7,110,24979,0.0002802353977340966
have,investigator,7,111,24979,0.0002802353977340966
have,observer,7,112,24979,0.0002802353977340966
have,shoe,6,113,24979,0.00024020176948636856
have,dumpty,6,114,24979,0.00024020176948636856
have,bunny,6,115,24979,0.00024020176948636856
have,nobody,6,116,24979,0.00024020176948636856
have,mouse,6,117,24979,0.00024020176948636856
have,dad,6,118,24979,0.00024020176948636856
have,thing,6,119,24979,0.00024020176948636856
have,maggie,6,120,24979,0.00024020176948636856
have,ursula,6,121,24979,0.00024020176948636856
have,mine,6,122,24979,0.00024020176948636856
have,momma,6,123,24979,0.00024020176948636856
have,kind,6,124,24979,0.00024020176948636856
have,goat,6,125,24979,0.00024020176948636856
have,usher,6,126,24979,0.00024020176948636856
have,brother,6,127,24979,0.00024020176948636856
have,snoopy,6,128,24979,0.00024020176948636856
have,bobby,6,129,24979,0.00024020176948636856
have,patsy,5,130,24979,0.00020016814123864046
have,family,5,131,24979,0.00020016814123864046
have,pencil,5,132,24979,0.00020016814123864046
have,lynn,5,133,24979,0.00020016814123864046
have,monkey,5,134,24979,0.00020016814123864046
have,recorder,5,135,24979,0.00020016814123864046
have,glass,5,136,24979,0.00020016814123864046
have,cup,5,137,24979,0.00020016814123864046
have,turtle,5,138,24979,0.00020016814123864046
have,timmy,5,139,24979,0.00020016814123864046
have,doll,5,140,24979,0.00020016814123864046
have,bug,5,141,24979,0.00020016814123864046
have,end,5,142,24979,0.00020016814123864046
have,animal,5,143,24979,0.00020016814123864046
have,katie,5,144,24979,0.00020016814123864046
have,crane,5,145,24979,0.00020016814123864046
have,store,5,146,24979,0.00020016814123864046
have,sis,5,147,24979,0.00020016814123864046
have,joey,5,148,24979,0.00020016814123864046
have,bro,5,149,24979,0.00020016814123864046
have,lou,5,150,24979,0.00020016814123864046
have,lisa,5,151,24979,0.00020016814123864046
have,tiger,5,152,24979,0.00020016814123864046
have,roy,5,153,24979,0.00020016814123864046
have,octopus,5,154,24979,0.00020016814123864046
have,melissa,5,155,24979,0.00020016814123864046
have,doggy,5,156,24979,0.00020016814123864046
have,remi,5,157,24979,0.00020016814123864046
have,eric,4,158,24979,0.00016013451299091237
have,two,4,159,24979,0.00016013451299091237
have,balloon,4,160,24979,0.00016013451299091237
have,helicopter,4,161,24979,0.00016013451299091237
have,wendy,4,162,24979,0.00016013451299091237
have,dwww,4,163,24979,0.00016013451299091237
have,puppet,4,164,24979,0.00016013451299091237
have,rwww,4,165,24979,0.00016013451299091237
have,jane,4,166,24979,0.00016013451299091237
have,mommy'll,4,167,24979,0.00016013451299091237
have,baba,4,168,24979,0.00016013451299091237
have,pokemon,4,169,24979,0.00016013451299091237
have,butterfly,4,170,24979,0.00016013451299091237
have,horsie,4,171,24979,0.00016013451299091237
have,finger,4,172,24979,0.00016013451299091237
have,father,4,173,24979,0.00016013451299091237
have,giraffe,4,174,24979,0.00016013451299091237
have,tractor,4,175,24979,0.00016013451299091237
have,sky,4,176,24979,0.00016013451299091237
have,each,4,177,24979,0.00016013451299091237
have,susan,4,178,24979,0.00016013451299091237
have,any,4,179,24979,0.00016013451299091237
have,cinderella,4,180,24979,0.00016013451299091237
have,train,4,181,24979,0.00016013451299091237
have,box,4,182,24979,0.00016013451299091237
have,ma,4,183,24979,0.00016013451299091237
have,karen,4,184,24979,0.00016013451299091237
have,leopard,4,185,24979,0.00016013451299091237
have,abe,4,186,24979,0.00016013451299091237
have,pony,4,187,24979,0.00016013451299091237
have,megan,4,188,24979,0.00016013451299091237
have,brittany,4,189,24979,0.00016013451299091237
have,frog,4,190,24979,0.00016013451299091237
have,linda,4,191,24979,0.00016013451299091237
have,sophie,4,192,24979,0.00016013451299091237
have,spider,4,193,24979,0.00016013451299091237
have,patrick,3,194,24979,0.00012010088474318428
have,thank_you,3,195,24979,0.00012010088474318428
have,cindy,3,196,24979,0.00012010088474318428
have,most,3,197,24979,0.00012010088474318428
have,jack,3,198,24979,0.00012010088474318428
have,monster,3,199,24979,0.00012010088474318428
have,airplane,3,200,24979,0.00012010088474318428
have,whoop,3,201,24979,0.00012010088474318428
have,anyone,3,202,24979,0.00012010088474318428
have,swww,3,203,24979,0.00012010088474318428
have,mwww,3,204,24979,0.00012010088474318428
have,plane,3,205,24979,0.00012010088474318428
have,cheese,3,206,24979,0.00012010088474318428
have,piece,3,207,24979,0.00012010088474318428
have,both,3,208,24979,0.00012010088474318428
have,morgan,3,209,24979,0.00012010088474318428
have,mcdonald,3,210,24979,0.00012010088474318428
have,alexander,3,211,24979,0.00012010088474318428
have,winnie_the_pooh,3,212,24979,0.00012010088474318428
have,lord,3,213,24979,0.00012010088474318428
have,buddy,3,214,24979,0.00012010088474318428
have,elmo,3,215,24979,0.00012010088474318428
have,ten,3,216,24979,0.00012010088474318428
have,hadta,3,217,24979,0.00012010088474318428
have,henry,3,218,24979,0.00012010088474318428
have,other,3,219,24979,0.00012010088474318428
have,farmer,3,220,24979,0.00012010088474318428
have,hippopotamus,3,221,24979,0.00012010088474318428
have,squirrel,3,222,24979,0.00012010088474318428
have,eye,3,223,24979,0.00012010088474318428
have,head,3,224,24979,0.00012010088474318428
have,toy,3,225,24979,0.00012010088474318428
have,inky,3,226,24979,0.00012010088474318428
have,cousin,3,227,24979,0.00012010088474318428
have,a,3,228,24979,0.00012010088474318428
have,laurie,3,229,24979,0.00012010088474318428
have,moon,3,230,24979,0.00012010088474318428
have,pancake,3,231,24979,0.00012010088474318428
have,cricter,3,232,24979,0.00012010088474318428
have,paper,3,233,24979,0.00012010088474318428
have,grampa,3,234,24979,0.00012010088474318428
have,gramma,3,235,24979,0.00012010088474318428
have,walrus,3,236,24979,0.00012010088474318428
have,grammy,3,237,24979,0.00012010088474318428
have,denise,3,238,24979,0.00012010088474318428
have,tom,3,239,24979,0.00012010088474318428
have,policeman,3,240,24979,0.00012010088474318428
have,tape,3,241,24979,0.00012010088474318428
have,school,3,242,24979,0.00012010088474318428
have,clown,3,243,24979,0.00012010088474318428
have,city,3,244,24979,0.00012010088474318428
have,leaf,3,245,24979,0.00012010088474318428
have,none,3,246,24979,0.00012010088474318428
have,zebra,3,247,24979,0.00012010088474318428
have,lucy,3,248,24979,0.00012010088474318428
have,ernie,3,249,24979,0.00012010088474318428
have,grandmother,3,250,24979,0.00012010088474318428
have,honey,3,251,24979,0.00012010088474318428
have,bert,3,252,24979,0.00012010088474318428
have,nomi,3,253,24979,0.00012010088474318428
have,parent,3,254,24979,0.00012010088474318428
have,renee,3,255,24979,0.00012010088474318428
have,catherine,3,256,24979,0.00012010088474318428
have,nicholas,3,257,24979,0.00012010088474318428
have,julia,3,258,24979,0.00012010088474318428
have,amy,3,259,24979,0.00012010088474318428
have,ryan,3,260,24979,0.00012010088474318428
have,ours,3,261,24979,0.00012010088474318428
have,roman,3,262,24979,0.00012010088474318428
have,scorpion,3,263,24979,0.00012010088474318428
have,jerry,3,264,24979,0.00012010088474318428
have,graeme,3,265,24979,0.00012010088474318428
have,zoe,3,266,24979,0.00012010088474318428
have,steven,3,267,24979,0.00012010088474318428
have,bunny+rabbit,2,268,24979,8.006725649545619e-05
have,snowman,2,269,24979,8.006725649545619e-05
have,susie,2,270,24979,8.006725649545619e-05
have,digby,2,271,24979,8.006725649545619e-05
have,face,2,272,24979,8.006725649545619e-05
have,kristin,2,273,24979,8.006725649545619e-05
have,jean,2,274,24979,8.006725649545619e-05
have,jennifer,2,275,24979,8.006725649545619e-05
have,pen,2,276,24979,8.006725649545619e-05
have,hole,2,277,24979,8.006725649545619e-05
have,no,2,278,24979,8.006725649545619e-05
have,basketball,2,279,24979,8.006725649545619e-05
have,husband,2,280,24979,8.006725649545619e-05
have,god,2,281,24979,8.006725649545619e-05
have,gwww,2,282,24979,8.006725649545619e-05
have,joanna,2,283,24979,8.006725649545619e-05
have,rest,2,284,24979,8.006725649545619e-05
have,anne,2,285,24979,8.006725649545619e-05
have,morgie,2,286,24979,8.006725649545619e-05
have,mandy,2,287,24979,8.006725649545619e-05
have,tummy,2,288,24979,8.006725649545619e-05
have,those,2,289,24979,8.006725649545619e-05
have,mopsy,2,290,24979,8.006725649545619e-05
have,water,2,291,24979,8.006725649545619e-05
have,dyeisha,2,292,24979,8.006725649545619e-05
have,claus,2,293,24979,8.006725649545619e-05
have,lamb,2,294,24979,8.006725649545619e-05
have,bobo,2,295,24979,8.006725649545619e-05
have,boat,2,296,24979,8.006725649545619e-05
have,bob,2,297,24979,8.006725649545619e-05
have,bus,2,298,24979,8.006725649545619e-05
have,bike,2,299,24979,8.006725649545619e-05
have,umbrella,2,300,24979,8.006725649545619e-05
have,diandra,2,301,24979,8.006725649545619e-05
have,indians,2,302,24979,8.006725649545619e-05
have,rocky,2,303,24979,8.006725649545619e-05
have,becky,2,304,24979,8.006725649545619e-05
have,carriage,2,305,24979,8.006725649545619e-05
have,johnny,2,306,24979,8.006725649545619e-05
have,b,2,307,24979,8.006725649545619e-05
have,r,2,308,24979,8.006725649545619e-05
have,oughta,2,309,24979,8.006725649545619e-05
have,kent,2,310,24979,8.006725649545619e-05
have,arthur,2,311,24979,8.006725649545619e-05
have,e,2,312,24979,8.006725649545619e-05
have,apple,2,313,24979,8.006725649545619e-05
have,teacher,2,314,24979,8.006725649545619e-05
have,george,2,315,24979,8.006725649545619e-05
have,juice,2,316,24979,8.006725649545619e-05
have,lion,2,317,24979,8.006725649545619e-05
have,door,2,318,24979,8.006725649545619e-05
have,library,2,319,24979,8.006725649545619e-05
have,a_lot_of,2,320,24979,8.006725649545619e-05
have,bed,2,321,24979,8.006725649545619e-05
have,wife,2,322,24979,8.006725649545619e-05
have,eater,2,323,24979,8.006725649545619e-05
have,place,2,324,24979,8.006725649545619e-05
have,cowboy,2,325,24979,8.006725649545619e-05
have,oliver,2,326,24979,8.006725649545619e-05
have,hankey,2,327,24979,8.006725649545619e-05
have,everything,2,328,24979,8.006725649545619e-05
have,seal,2,329,24979,8.006725649545619e-05
have,count,2,330,24979,8.006725649545619e-05
have,rooster,2,331,24979,8.006725649545619e-05
have,janet,2,332,24979,8.006725649545619e-05
have,jill,2,333,24979,8.006725649545619e-05
have,martin,2,334,24979,8.006725649545619e-05
have,patricia,2,335,24979,8.006725649545619e-05
have,stuff,2,336,24979,8.006725649545619e-05
have,wheel,2,337,24979,8.006725649545619e-05
have,emma,2,338,24979,8.006725649545619e-05
have,abba,2,339,24979,8.006725649545619e-05
have,name,2,340,24979,8.006725649545619e-05
have,mathilda,2,341,24979,8.006725649545619e-05
have,sun,2,342,24979,8.006725649545619e-05
have,bull,2,343,24979,8.006725649545619e-05
have,reindeer,2,344,24979,8.006725649545619e-05
have,caterpillar,2,345,24979,8.006725649545619e-05
have,orange,2,346,24979,8.006725649545619e-05
have,d'you,2,347,24979,8.006725649545619e-05
have,potato,2,348,24979,8.006725649545619e-05
have,farm,2,349,24979,8.006725649545619e-05
have,uncle,2,350,24979,8.006725649545619e-05
have,van,2,351,24979,8.006725649545619e-05
have,owl,2,352,24979,8.006725649545619e-05
have,plant,2,353,24979,8.006725649545619e-05
have,tam,2,354,24979,8.006725649545619e-05
have,ball,2,355,24979,8.006725649545619e-05
have,erika,2,356,24979,8.006725649545619e-05
have,cathy,2,357,24979,8.006725649545619e-05
have,carol,2,358,24979,8.006725649545619e-05
have,lot,2,359,24979,8.006725649545619e-05
have,sposta,2,360,24979,8.006725649545619e-05
have,word,2,361,24979,8.006725649545619e-05
have,jeremy,2,362,24979,8.006725649545619e-05
have,allen,2,363,24979,8.006725649545619e-05
have,camel,2,364,24979,8.006725649545619e-05
have,robin_hood,2,365,24979,8.006725649545619e-05
have,hood,2,366,24979,8.006725649545619e-05
have,frannie,2,367,24979,8.006725649545619e-05
have,hon,2,368,24979,8.006725649545619e-05
have,kangaroo,2,369,24979,8.006725649545619e-05
have,ema,2,370,24979,8.006725649545619e-05
have,picture,2,371,24979,8.006725649545619e-05
have,cricket,2,372,24979,8.006725649545619e-05
have,stone,2,373,24979,8.006725649545619e-05
have,our,2,374,24979,8.006725649545619e-05
have,mickey,2,375,24979,8.006725649545619e-05
have,puzzle,2,376,24979,8.006725649545619e-05
have,sally,2,377,24979,8.006725649545619e-05
have,your,2,378,24979,8.006725649545619e-05
have,jenko,2,379,24979,8.006725649545619e-05
have,agra,2,380,24979,8.006725649545619e-05
have,woman,2,381,24979,8.006725649545619e-05
have,little,2,382,24979,8.006725649545619e-05
have,tooth,2,383,24979,8.006725649545619e-05
have,leah,2,384,24979,8.006725649545619e-05
have,mummie,2,385,24979,8.006725649545619e-05
have,kaaee,2,386,24979,8.006725649545619e-05
have,ik,2,387,24979,8.006725649545619e-05
have,pot,2,388,24979,8.006725649545619e-05
have,wood,2,389,24979,8.006725649545619e-05
have,gilly,2,390,24979,8.006725649545619e-05
have,spencer,2,391,24979,8.006725649545619e-05
have,christine,2,392,24979,8.006725649545619e-05
have,shirt,2,393,24979,8.006725649545619e-05
have,simon,2,394,24979,8.006725649545619e-05
have,john,2,395,24979,8.006725649545619e-05
have,matty,2,396,24979,8.006725649545619e-05
have,boo,2,397,24979,8.006725649545619e-05
have,ericka,2,398,24979,8.006725649545619e-05
have,shark,2,399,24979,8.006725649545619e-05
have,fly,2,400,24979,8.006725649545619e-05
have,granddaddy,2,401,24979,8.006725649545619e-05
have,harry,2,402,24979,8.006725649545619e-05
have,johnathan,2,403,24979,8.006725649545619e-05
have,chip,2,404,24979,8.006725649545619e-05
have,carl,2,405,24979,8.006725649545619e-05
have,park,2,406,24979,8.006725649545619e-05
have,group,2,407,24979,8.006725649545619e-05
have,anthony,2,408,24979,8.006725649545619e-05
have,radio,2,409,24979,8.006725649545619e-05
have,roland,2,410,24979,8.006725649545619e-05
have,gabriel,2,411,24979,8.006725649545619e-05
have,joe,2,412,24979,8.006725649545619e-05
have,danny,2,413,24979,8.006725649545619e-05
have,samantha,2,414,24979,8.006725649545619e-05
have,noah,1,415,24979,4.003362824772809e-05
have,miffy,1,416,24979,4.003362824772809e-05
have,dragon,1,417,24979,4.003362824772809e-05
have,scoob,1,418,24979,4.003362824772809e-05
have,sweater,1,419,24979,4.003362824772809e-05
have,maura,1,420,24979,4.003362824772809e-05
have,vehicle,1,421,24979,4.003362824772809e-05
have,pete,1,422,24979,4.003362824772809e-05
have,engine,1,423,24979,4.003362824772809e-05
have,security,1,424,24979,4.003362824772809e-05
have,kite,1,425,24979,4.003362824772809e-05
have,pat,1,426,24979,4.003362824772809e-05
have,foremen,1,427,24979,4.003362824772809e-05
have,robbin,1,428,24979,4.003362824772809e-05
have,ew,1,429,24979,4.003362824772809e-05
have,nanny,1,430,24979,4.003362824772809e-05
have,uncle_mwww,1,431,24979,4.003362824772809e-05
have,mrs_gwww,1,432,24979,4.003362824772809e-05
have,owww,1,433,24979,4.003362824772809e-05
have,strawberry,1,434,24979,4.003362824772809e-05
have,waffle,1,435,24979,4.003362824772809e-05
have,granda,1,436,24979,4.003362824772809e-05
have,hwww,1,437,24979,4.003362824772809e-05
have,corny,1,438,24979,4.003362824772809e-05
have,mrs_awww,1,439,24979,4.003362824772809e-05
have,ewww,1,440,24979,4.003362824772809e-05
have,something,1,441,24979,4.003362824772809e-05
have,lwww,1,442,24979,4.003362824772809e-05
have,cara,1,443,24979,4.003362824772809e-05
have,suzanna,1,444,24979,4.003362824772809e-05
have,letter,1,445,24979,4.003362824772809e-05
have,sean,1,446,24979,4.003362824772809e-05
have,zeren,1,447,24979,4.003362824772809e-05
have,sandman,1,448,24979,4.003362824772809e-05
have,laura'll,1,449,24979,4.003362824772809e-05
have,max,1,450,24979,4.003362824772809e-05
have,cj,1,451,24979,4.003362824772809e-05
have,big_bird,1,452,24979,4.003362824772809e-05
have,squirrelie,1,453,24979,4.003362824772809e-05
have,son,1,454,24979,4.003362824772809e-05
have,wolf,1,455,24979,4.003362824772809e-05
have,do,1,456,24979,4.003362824772809e-05
have,sandal,1,457,24979,4.003362824772809e-05
have,beef,1,458,24979,4.003362824772809e-05
have,terry,1,459,24979,4.003362824772809e-05
have,puppy,1,460,24979,4.003362824772809e-05
have,tabitha,1,461,24979,4.003362824772809e-05
have,moose,1,462,24979,4.003362824772809e-05
have,number,1,463,24979,4.003362824772809e-05
have,genie,1,464,24979,4.003362824772809e-05
have,pooh,1,465,24979,4.003362824772809e-05
have,mom_mom,1,466,24979,4.003362824772809e-05
have,mirror_boy,1,467,24979,4.003362824772809e-05
have,xavier,1,468,24979,4.003362824772809e-05
have,rainbow,1,469,24979,4.003362824772809e-05
have,corduroy,1,470,24979,4.003362824772809e-05
have,yulibobs,1,471,24979,4.003362824772809e-05
have,egg,1,472,24979,4.003362824772809e-05
have,rin_tin_tin,1,473,24979,4.003362824772809e-05
have,rusty,1,474,24979,4.003362824772809e-05
have,jiminy_cricket,1,475,24979,4.003362824772809e-05
have,lobster,1,476,24979,4.003362824772809e-05
have,joshua,1,477,24979,4.003362824772809e-05
have,drum,1,478,24979,4.003362824772809e-05
have,pilot,1,479,24979,4.003362824772809e-05
have,harvey,1,480,24979,4.003362824772809e-05
have,bag,1,481,24979,4.003362824772809e-05
have,tricycle,1,482,24979,4.003362824772809e-05
have,church,1,483,24979,4.003362824772809e-05
have,rangy,1,484,24979,4.003362824772809e-05
have,taffy,1,485,24979,4.003362824772809e-05
have,humm,1,486,24979,4.003362824772809e-05
have,blouse,1,487,24979,4.003362824772809e-05
have,poodle,1,488,24979,4.003362824772809e-05
have,motorcycle,1,489,24979,4.003362824772809e-05
have,money,1,490,24979,4.003362824772809e-05
have,geranium,1,491,24979,4.003362824772809e-05
have,marion,1,492,24979,4.003362824772809e-05
have,marie,1,493,24979,4.003362824772809e-05
have,bird'll,1,494,24979,4.003362824772809e-05
have,carter,1,495,24979,4.003362824772809e-05
have,chrissie,1,496,24979,4.003362824772809e-05
have,wence,1,497,24979,4.003362824772809e-05
have,emory,1,498,24979,4.003362824772809e-05
have,oldz_macdonald,1,499,24979,4.003362824772809e-05
have,beatle,1,500,24979,4.003362824772809e-05
have,eleanor,1,501,24979,4.003362824772809e-05
have,patty,1,502,24979,4.003362824772809e-05
have,line,1,503,24979,4.003362824772809e-05
have,snake,1,504,24979,4.003362824772809e-05
have,bozo,1,505,24979,4.003362824772809e-05
have,auntie_marilyn,1,506,24979,4.003362824772809e-05
have,bee,1,507,24979,4.003362824772809e-05
have,crayon,1,508,24979,4.003362824772809e-05
have,cracker,1,509,24979,4.003362824772809e-05
have,elaine,1,510,24979,4.003362824772809e-05
have,ann_marie,1,511,24979,4.003362824772809e-05
have,esther,1,512,24979,4.003362824772809e-05
have,pajama,1,513,24979,4.003362824772809e-05
have,penny,1,514,24979,4.003362824772809e-05
have,clock,1,515,24979,4.003362824772809e-05
have,len,1,516,24979,4.003362824772809e-05
have,ana,1,517,24979,4.003362824772809e-05
have,pant,1,518,24979,4.003362824772809e-05
have,pump,1,519,24979,4.003362824772809e-05
have,ma_dog,1,520,24979,4.003362824772809e-05
have,tangerine,1,521,24979,4.003362824772809e-05
have,flora,1,522,24979,4.003362824772809e-05
have,spoon,1,523,24979,4.003362824772809e-05
have,sack,1,524,24979,4.003362824772809e-05
have,mommys,1,525,24979,4.003362824772809e-05
have,bar,1,526,24979,4.003362824772809e-05
have,kenny,1,527,24979,4.003362824772809e-05
have,dessert,1,528,24979,4.003362824772809e-05
have,santa,1,529,24979,4.003362824772809e-05
have,davis,1,530,24979,4.003362824772809e-05
have,leg,1,531,24979,4.003362824772809e-05
have,clifford,1,532,24979,4.003362824772809e-05
have,aggie,1,533,24979,4.003362824772809e-05
have,bomber,1,534,24979,4.003362824772809e-05
have,engineer,1,535,24979,4.003362824772809e-05
have,trevor,1,536,24979,4.003362824772809e-05
have,bat,1,537,24979,4.003362824772809e-05
have,show,1,538,24979,4.003362824772809e-05
have,rogers,1,539,24979,4.003362824772809e-05
have,chipmunk,1,540,24979,4.003362824772809e-05
have,hi,1,541,24979,4.003362824772809e-05
have,goose,1,542,24979,4.003362824772809e-05
have,hog,1,543,24979,4.003362824772809e-05
have,bicycle,1,544,24979,4.003362824772809e-05
have,boise_and_blanket,1,545,24979,4.003362824772809e-05
have,frank,1,546,24979,4.003362824772809e-05
have,guard,1,547,24979,4.003362824772809e-05
have,helen,1,548,24979,4.003362824772809e-05
have,maryann,1,549,24979,4.003362824772809e-05
have,muffin,1,550,24979,4.003362824772809e-05
have,white,1,551,24979,4.003362824772809e-05
have,allison,1,552,24979,4.003362824772809e-05
have,ush,1,553,24979,4.003362824772809e-05
have,billy,1,554,24979,4.003362824772809e-05
have,hafta,1,555,24979,4.003362824772809e-05
have,ear,1,556,24979,4.003362824772809e-05
have,screw,1,557,24979,4.003362824772809e-05
have,ticket,1,558,24979,4.003362824772809e-05
have,trunk,1,559,24979,4.003362824772809e-05
have,stag,1,560,24979,4.003362824772809e-05
have,floor,1,561,24979,4.003362824772809e-05
have,hospital,1,562,24979,4.003362824772809e-05
have,malcolm,1,563,24979,4.003362824772809e-05
have,stepmother,1,564,24979,4.003362824772809e-05
have,prince,1,565,24979,4.003362824772809e-05
have,alexis,1,566,24979,4.003362824772809e-05
have,goldilock,1,567,24979,4.003362824772809e-05
have,fang,1,568,24979,4.003362824772809e-05
have,claude,1,569,24979,4.003362824772809e-05
have,great,1,570,24979,4.003362824772809e-05
have,which,1,571,24979,4.003362824772809e-05
have,alice,1,572,24979,4.003362824772809e-05
have,queen,1,573,24979,4.003362824772809e-05
have,nikki,1,574,24979,4.003362824772809e-05
have,wes,1,575,24979,4.003362824772809e-05
have,oyou,1,576,24979,4.003362824772809e-05
have,jesse,1,577,24979,4.003362824772809e-05
have,placement,1,578,24979,4.003362824772809e-05
have,mexico,1,579,24979,4.003362824772809e-05
have,hungary,1,580,24979,4.003362824772809e-05
have,ireland,1,581,24979,4.003362824772809e-05
have,cereal,1,582,24979,4.003362824772809e-05
have,jeffery,1,583,24979,4.003362824772809e-05
have,heather,1,584,24979,4.003362824772809e-05
have,tarci,1,585,24979,4.003362824772809e-05
have,wom,1,586,24979,4.003362824772809e-05
have,drink,1,587,24979,4.003362824772809e-05
have,hbo,1,588,24979,4.003362824772809e-05
have,miles,1,589,24979,4.003362824772809e-05
have,mm,1,590,24979,4.003362824772809e-05
have,hansel,1,591,24979,4.003362824772809e-05
have,start,1,592,24979,4.003362824772809e-05
have,mayor,1,593,24979,4.003362824772809e-05
have,cook,1,594,24979,4.003362824772809e-05
have,skin,1,595,24979,4.003362824772809e-05
have,dinotherium,1,596,24979,4.003362824772809e-05
have,helmet,1,597,24979,4.003362824772809e-05
have,leave,1,598,24979,4.003362824772809e-05
have,pascal,1,599,24979,4.003362824772809e-05
have,luck,1,600,24979,4.003362824772809e-05
have,fox,1,601,24979,4.003362824772809e-05
have,salad,1,602,24979,4.003362824772809e-05
have,robot,1,603,24979,4.003362824772809e-05
have,chef,1,604,24979,4.003362824772809e-05
have,bonnie,1,605,24979,4.003362824772809e-05
have,brian,1,606,24979,4.003362824772809e-05
have,auntie,1,607,24979,4.003362824772809e-05
have,earl,1,608,24979,4.003362824772809e-05
have,fire+engine,1,609,24979,4.003362824772809e-05
have,tea,1,610,24979,4.003362824772809e-05
have,ken,1,611,24979,4.003362824772809e-05
have,dee,1,612,24979,4.003362824772809e-05
have,herd,1,613,24979,4.003362824772809e-05
have,neighbor,1,614,24979,4.003362824772809e-05
have,lindsay,1,615,24979,4.003362824772809e-05
have,mot,1,616,24979,4.003362824772809e-05
have,nikky,1,617,24979,4.003362824772809e-05
have,judy,1,618,24979,4.003362824772809e-05
have,clothe,1,619,24979,4.003362824772809e-05
have,heel,1,620,24979,4.003362824772809e-05
have,kerri'has,1,621,24979,4.003362824772809e-05
have,nice,1,622,24979,4.003362824772809e-05
have,month,1,623,24979,4.003362824772809e-05
have,thirty,1,624,24979,4.003362824772809e-05
have,football,1,625,24979,4.003362824772809e-05
have,hippo,1,626,24979,4.003362824772809e-05
have,nanna,1,627,24979,4.003362824772809e-05
have,folk,1,628,24979,4.003362824772809e-05
have,british,1,629,24979,4.003362824772809e-05
have,trailor,1,630,24979,4.003362824772809e-05
have,butch,1,631,24979,4.003362824772809e-05
have,administration,1,632,24979,4.003362824772809e-05
have,steamboat,1,633,24979,4.003362824772809e-05
have,class,1,634,24979,4.003362824772809e-05
have,third,1,635,24979,4.003362824772809e-05
have,moo,1,636,24979,4.003362824772809e-05
have,vis,1,637,24979,4.003362824772809e-05
have,missy,1,638,24979,4.003362824772809e-05
have,hat,1,639,24979,4.003362824772809e-05
have,amanda,1,640,24979,4.003362824772809e-05
have,shirley,1,641,24979,4.003362824772809e-05
have,burt,1,642,24979,4.003362824772809e-05
have,donald,1,643,24979,4.003362824772809e-05
have,griggs,1,644,24979,4.003362824772809e-05
have,yeh,1,645,24979,4.003362824772809e-05
have,pinocchio,1,646,24979,4.003362824772809e-05
have,panty,1,647,24979,4.003362824772809e-05
have,abe_duncan,1,648,24979,4.003362824772809e-05
have,ninny,1,649,24979,4.003362824772809e-05
have,knight,1,650,24979,4.003362824772809e-05
have,keith,1,651,24979,4.003362824772809e-05
have,g_i_joe,1,652,24979,4.003362824772809e-05
have,mark,1,653,24979,4.003362824772809e-05
have,bottle,1,654,24979,4.003362824772809e-05
have,sock,1,655,24979,4.003362824772809e-05
have,pumpkin,1,656,24979,4.003362824772809e-05
have,spidey,1,657,24979,4.003362824772809e-05
have,boot,1,658,24979,4.003362824772809e-05
have,bye,1,659,24979,4.003362824772809e-05
have,his,1,660,24979,4.003362824772809e-05
have,trooper,1,661,24979,4.003362824772809e-05
have,benu,1,662,24979,4.003362824772809e-05
have,mom'll,1,663,24979,4.003362824772809e-05
have,chrystal,1,664,24979,4.003362824772809e-05
have,robert,1,665,24979,4.003362824772809e-05
have,seth,1,666,24979,4.003362824772809e-05
have,care_bear,1,667,24979,4.003362824772809e-05
have,old_mac_donald,1,668,24979,4.003362824772809e-05
have,circus,1,669,24979,4.003362824772809e-05
have,sweetie,1,670,24979,4.003362824772809e-05
have,marsen,1,671,24979,4.003362824772809e-05
have,stephen,1,672,24979,4.003362824772809e-05
have,caitlyn,1,673,24979,4.003362824772809e-05
have,jamie,1,674,24979,4.003362824772809e-05
have,norman,1,675,24979,4.003362824772809e-05
have,calf,1,676,24979,4.003362824772809e-05
have,uba,1,677,24979,4.003362824772809e-05
have,ady,1,678,24979,4.003362824772809e-05
have,cookie_monster,1,679,24979,4.003362824772809e-05
have,franny,1,680,24979,4.003362824772809e-05
have,room,1,681,24979,4.003362824772809e-05
have,soup,1,682,24979,4.003362824772809e-05
have,piglet,1,683,24979,4.003362824772809e-05
have,neva,1,684,24979,4.003362824772809e-05
have,costello,1,685,24979,4.003362824772809e-05
have,kokowk,1,686,24979,4.003362824772809e-05
have,bite,1,687,24979,4.003362824772809e-05
have,swing,1,688,24979,4.003362824772809e-05
have,ben,1,689,24979,4.003362824772809e-05
have,song,1,690,24979,4.003362824772809e-05
have,milk,1,691,24979,4.003362824772809e-05
have,lyle,1,692,24979,4.003362824772809e-05
have,kathy,1,693,24979,4.003362824772809e-05
have,minnie,1,694,24979,4.003362824772809e-05
have,larry,1,695,24979,4.003362824772809e-05
have,goofy,1,696,24979,4.003362824772809e-05
have,wall,1,697,24979,4.003362824772809e-05
have,part,1,698,24979,4.003362824772809e-05
have,sticky,1,699,24979,4.003362824772809e-05
have,georgie,1,700,24979,4.003362824772809e-05
have,dolly,1,701,24979,4.003362824772809e-05
have,kimmy,1,702,24979,4.003362824772809e-05
have,raggedy_ann,1,703,24979,4.003362824772809e-05
have,stripe,1,704,24979,4.003362824772809e-05
have,doctor_horton,1,705,24979,4.003362824772809e-05
have,horton,1,706,24979,4.003362824772809e-05
have,comb,1,707,24979,4.003362824772809e-05
have,dau_au,1,708,24979,4.003362824772809e-05
have,slipper,1,709,24979,4.003362824772809e-05
have,lia,1,710,24979,4.003362824772809e-05
have,breakfast,1,711,24979,4.003362824772809e-05
have,ostrich,1,712,24979,4.003362824772809e-05
have,klm,1,713,24979,4.003362824772809e-05
have,elena,1,714,24979,4.003362824772809e-05
have,thea,1,715,24979,4.003362824772809e-05
have,bad,1,716,24979,4.003362824772809e-05
have,sandy,1,717,24979,4.003362824772809e-05
have,track,1,718,24979,4.003362824772809e-05
have,rug,1,719,24979,4.003362824772809e-05
have,greg,1,720,24979,4.003362824772809e-05
have,crow,1,721,24979,4.003362824772809e-05
have,crocodile,1,722,24979,4.003362824772809e-05
have,body,1,723,24979,4.003362824772809e-05
have,mr,1,724,24979,4.003362824772809e-05
have,bruce,1,725,24979,4.003362824772809e-05
have,glove,1,726,24979,4.003362824772809e-05
have,heehaw,1,727,24979,4.003362824772809e-05
have,wave,1,728,24979,4.003362824772809e-05
have,hilda,1,729,24979,4.003362824772809e-05
have,camera,1,730,24979,4.003362824772809e-05
have,miss_lucy,1,731,24979,4.003362824772809e-05
have,slate,1,732,24979,4.003362824772809e-05
have,nonno,1,733,24979,4.003362824772809e-05
have,annette,1,734,24979,4.003362824772809e-05
have,santa_claus,1,735,24979,4.003362824772809e-05
have,heidi,1,736,24979,4.003362824772809e-05
have,betta,1,737,24979,4.003362824772809e-05
have,erin,1,738,24979,4.003362824772809e-05
have,flower,1,739,24979,4.003362824772809e-05
have,barbara,1,740,24979,4.003362824772809e-05
have,punch,1,741,24979,4.003362824772809e-05
have,kirsten,1,742,24979,4.003362824772809e-05
have,gary,1,743,24979,4.003362824772809e-05
have,hand,1,744,24979,4.003362824772809e-05
have,bud,1,745,24979,4.003362824772809e-05
have,phone,1,746,24979,4.003362824772809e-05
have,duncan,1,747,24979,4.003362824772809e-05
have,ion,1,748,24979,4.003362824772809e-05
have,zack,1,749,24979,4.003362824772809e-05
have,time,1,750,24979,4.003362824772809e-05
have,sara,1,751,24979,4.003362824772809e-05
have,marco,1,752,24979,4.003362824772809e-05
have,doctor,1,753,24979,4.003362824772809e-05
have,yaya,1,754,24979,4.003362824772809e-05
have,buster,1,755,24979,4.003362824772809e-05
have,broom,1,756,24979,4.003362824772809e-05
have,potatohead,1,757,24979,4.003362824772809e-05
have,porcupine,1,758,24979,4.003362824772809e-05
have,poopsky,1,759,24979,4.003362824772809e-05
have,margot,1,760,24979,4.003362824772809e-05
have,goldilocks,1,761,24979,4.003362824772809e-05
have,beebee,1,762,24979,4.003362824772809e-05
have,alexandra,1,763,24979,4.003362824772809e-05
have,daughter,1,764,24979,4.003362824772809e-05
have,koolaid,1,765,24979,4.003362824772809e-05
have,cake,1,766,24979,4.003362824772809e-05
have,tracy,1,767,24979,4.003362824772809e-05
have,santaclaus,1,768,24979,4.003362824772809e-05
have,sidewalk,1,769,24979,4.003362824772809e-05
have,island,1,770,24979,4.003362824772809e-05
have,four,1,771,24979,4.003362824772809e-05
have,christopher,1,772,24979,4.003362824772809e-05
have,doctor_weist,1,773,24979,4.003362824772809e-05
have,zoo,1,774,24979,4.003362824772809e-05
have,cassandra,1,775,24979,4.003362824772809e-05
have,emily,1,776,24979,4.003362824772809e-05
have,kelly,1,777,24979,4.003362824772809e-05
have,james,1,778,24979,4.003362824772809e-05
have,mustache,1,779,24979,4.003362824772809e-05
have,kevin,1,780,24979,4.003362824772809e-05
have,up,1,781,24979,4.003362824772809e-05
have,toby,1,782,24979,4.003362824772809e-05
have,jessica,1,783,24979,4.003362824772809e-05
have,teddy,1,784,24979,4.003362824772809e-05
have,register,1,785,24979,4.003362824772809e-05
have,shopkeeper,1,786,24979,4.003362824772809e-05
have,basket,1,787,24979,4.003362824772809e-05
have,jenell,1,788,24979,4.003362824772809e-05
have,page,1,789,24979,4.003362824772809e-05
have,doctor_perise,1,790,24979,4.003362824772809e-05
have,beach,1,791,24979,4.003362824772809e-05
have,jillian,1,792,24979,4.003362824772809e-05
have,sulley,1,793,24979,4.003362824772809e-05
have,dadda,1,794,24979,4.003362824772809e-05
have,sammy,1,795,24979,4.003362824772809e-05
have,stool,1,796,24979,4.003362824772809e-05
have,duckey,1,797,24979,4.003362824772809e-05
have,chillberg,1,798,24979,4.003362824772809e-05
have,student,1,799,24979,4.003362824772809e-05
have,foot,1,800,24979,4.003362824772809e-05
have,nine,1,801,24979,4.003362824772809e-05
have,pterodactyl,1,802,24979,4.003362824772809e-05
have,tortoise,1,803,24979,4.003362824772809e-05
have,card,1,804,24979,4.003362824772809e-05
have,jellyfish,1,805,24979,4.003362824772809e-05
have,nancy,1,806,24979,4.003362824772809e-05
have,diver,1,807,24979,4.003362824772809e-05
have,whale,1,808,24979,4.003362824772809e-05
have,mouth,1,809,24979,4.003362824772809e-05
have,efrom,1,810,24979,4.003362824772809e-05
have,bess,1,811,24979,4.003362824772809e-05
have,funky,1,812,24979,4.003362824772809e-05
have,february,1,813,24979,4.003362824772809e-05
have,freddy,1,814,24979,4.003362824772809e-05
have,erica,1,815,24979,4.003362824772809e-05
have,brett,1,816,24979,4.003362824772809e-05
have,decky,1,817,24979,4.003362824772809e-05
have,jason,1,818,24979,4.003362824772809e-05
have,planter,1,819,24979,4.003362824772809e-05
have,transmitter,1,820,24979,4.003362824772809e-05
have,light,1,821,24979,4.003362824772809e-05
have,grief,1,822,24979,4.003362824772809e-05
have,charlie,1,823,24979,4.003362824772809e-05
have,mia,1,824,24979,4.003362824772809e-05
have,o'clock,1,825,24979,4.003362824772809e-05
have,deidre,1,826,24979,4.003362824772809e-05
have,my,1,827,24979,4.003362824772809e-05
have,company,1,828,24979,4.003362824772809e-05
have,goodbye,1,829,24979,4.003362824772809e-05
have,toyo,1,830,24979,4.003362824772809e-05
have,plastic,1,831,24979,4.003362824772809e-05
have,schulman,1,832,24979,4.003362824772809e-05
have,beckerman,1,833,24979,4.003362824772809e-05
have,many,1,834,24979,4.003362824772809e-05
have,von,1,835,24979,4.003362824772809e-05
have,zulu,1,836,24979,4.003362824772809e-05
have,phillip,1,837,24979,4.003362824772809e-05
have,derwood,1,838,24979,4.003362824772809e-05
have,jones,1,839,24979,4.003362824772809e-05
have,kim,1,840,24979,4.003362824772809e-05
have,lynette,1,841,24979,4.003362824772809e-05
have,dushon,1,842,24979,4.003362824772809e-05
have,adrienne,1,843,24979,4.003362824772809e-05
have,square,1,844,24979,4.003362824772809e-05
have,three,1,845,24979,4.003362824772809e-05
have,channel,1,846,24979,4.003362824772809e-05
have,trina,1,847,24979,4.003362824772809e-05
have,doreen,1,848,24979,4.003362824772809e-05
have,bernice,1,849,24979,4.003362824772809e-05
have,driver,1,850,24979,4.003362824772809e-05
have,giant,1,851,24979,4.003362824772809e-05
have,perri,1,852,24979,4.003362824772809e-05
have,asher,1,853,24979,4.003362824772809e-05
have,steve,1,854,24979,4.003362824772809e-05
have,gerbil,1,855,24979,4.003362824772809e-05
have,daniel,1,856,24979,4.003362824772809e-05
have,dancer,1,857,24979,4.003362824772809e-05
have,bambi,1,858,24979,4.003362824772809e-05
have,bucket,1,859,24979,4.003362824772809e-05
have,crabs,1,860,24979,4.003362824772809e-05
have,michaels,1,861,24979,4.003362824772809e-05
have,heller,1,862,24979,4.003362824772809e-05
have,aekee,1,863,24979,4.003362824772809e-05
have,whoever,1,864,24979,4.003362824772809e-05
have,willem,1,865,24979,4.003362824772809e-05
have,be,1,866,24979,4.003362824772809e-05
have,dollar,1,867,24979,4.003362824772809e-05
have,beck,1,868,24979,4.003362824772809e-05
have,dixon,1,869,24979,4.003362824772809e-05
have,edison,1,870,24979,4.003362824772809e-05
have,dom,1,871,24979,4.003362824772809e-05
have,monopoly,1,872,24979,4.003362824772809e-05
have,side,1,873,24979,4.003362824772809e-05
have,angel,1,874,24979,4.003362824772809e-05
have,suzanne,1,875,24979,4.003362824772809e-05
have,william,1,876,24979,4.003362824772809e-05
have,jimmy,1,877,24979,4.003362824772809e-05
have,ellen,1,878,24979,4.003362824772809e-05
have,kayode,1,879,24979,4.003362824772809e-05
have,stomach,1,880,24979,4.003362824772809e-05
have,yvette,1,881,24979,4.003362824772809e-05
have,night,1,882,24979,4.003362824772809e-05
have,rivka,1,883,24979,4.003362824772809e-05
have,oscar,1,884,24979,4.003362824772809e-05
have,jj,1,885,24979,4.003362824772809e-05
have,shelley,1,886,24979,4.003362824772809e-05
have,jeep,1,887,24979,4.003362824772809e-05
get,you,9468,1,23291,0.40650895195569103
get,i,4683,2,23291,0.2010647889742819
get,we,2604,3,23291,0.1118028422996007
get,he,1073,4,23291,0.04606929715340689
get,it,644,5,23291,0.02765016529990125
get,she,634,6,23291,0.02722081490704564
get,they,614,7,23291,0.02636211412133442
get,us,456,8,23291,0.01957837791421579
get,mommy,306,9,23291,0.01313812202138165
get,ya,206,10,23291,0.008844618092825555
get,daddy,143,11,23291,0.006139710617835215
get,wanna,121,12,23291,0.005195139753552874
get,who,104,13,23291,0.004465244085698338
get,owl,69,14,23291,0.002962517710703705
get,that,60,15,23291,0.0025761023571336567
get,mama,52,16,23291,0.002232622042849169
get,everybody,46,17,23291,0.0019750118071358035
get,whatcha,43,18,23291,0.0018462066892791207
get,one,42,19,23291,0.0018032716499935598
get,lemme,40,20,23291,0.001717401571422438
get,this,40,21,23291,0.001717401571422438
get,people,39,22,23291,0.001674466532136877
get,baby,34,23,23291,0.001459791335709072
get,go,29,24,23291,0.0012451161392812674
get,dog,28,25,23291,0.0012021810999957065
get,boy,26,26,23291,0.0011163110214245846
get,guy,25,27,23291,0.0010733759821390236
get,cat,24,28,23291,0.0010304409428534627
get,elephant,20,29,23291,0.000858700785711219
get,chi,20,30,23291,0.000858700785711219
get,somebody,19,31,23291,0.000815765746425658
get,hasta,17,32,23291,0.000729895667854536
get,mom,17,33,23291,0.000729895667854536
get,hand,16,34,23291,0.0006869606285689751
get,kitty,16,35,23291,0.0006869606285689751
get,mother,15,36,23291,0.0006440255892834142
get,nobody,15,37,23291,0.0006440255892834142
get,kid,15,38,23291,0.0006440255892834142
get,girl,14,39,23291,0.0006010905499978532
get,water,14,40,23291,0.0006010905499978532
get,child,14,41,23291,0.0006010905499978532
get,what,13,42,23291,0.0005581555107122923
get,sally,13,43,23291,0.0005581555107122923
get,dad,12,44,23291,0.0005152204714267314
get,foot,12,45,23291,0.0005152204714267314
get,no,12,46,23291,0.0005152204714267314
get,sis,12,47,23291,0.0005152204714267314
get,rabbit,11,48,23291,0.0004722854321411704
get,laura,11,49,23291,0.0004722854321411704
get,bird,11,50,23291,0.0004722854321411704
get,bear,11,51,23291,0.0004722854321411704
get,sarah,11,52,23291,0.0004722854321411704
get,bro,11,53,23291,0.0004722854321411704
get,megan,11,54,23291,0.0004722854321411704
get,thing,10,55,23291,0.0004293503928556095
get,needta,10,56,23291,0.0004293503928556095
get,ball,10,57,23291,0.0004293503928556095
get,its,10,58,23291,0.0004293503928556095
get,doggie,9,59,23291,0.00038641535357004854
get,mommy'll,9,60,23291,0.00038641535357004854
get,finger,9,61,23291,0.00038641535357004854
get,hair,9,62,23291,0.00038641535357004854
get,grandma,9,63,23291,0.00038641535357004854
get,everyone,9,64,23291,0.00038641535357004854
get,bobby,9,65,23291,0.00038641535357004854
get,jenny,8,66,23291,0.00034348031428448755
get,anybody,8,67,23291,0.00034348031428448755
get,mummy,8,68,23291,0.00034348031428448755
get,your,8,69,23291,0.00034348031428448755
get,lady,8,70,23291,0.00034348031428448755
get,those,8,71,23291,0.00034348031428448755
get,ernie,8,72,23291,0.00034348031428448755
get,monster,8,73,23291,0.00034348031428448755
get,tiger,8,74,23291,0.00034348031428448755
get,horse,7,75,23291,0.0003005452749989266
get,hadta,7,76,23291,0.0003005452749989266
get,michael,7,77,23291,0.0003005452749989266
get,man,7,78,23291,0.0003005452749989266
get,nina,7,79,23291,0.0003005452749989266
get,observer,7,80,23291,0.0003005452749989266
get,car,6,81,23291,0.0002576102357133657
get,brother,6,82,23291,0.0002576102357133657
get,friend,6,83,23291,0.0002576102357133657
get,bunny,6,84,23291,0.0002576102357133657
get,paul,6,85,23291,0.0002576102357133657
get,eve,6,86,23291,0.0002576102357133657
get,momma,6,87,23291,0.0002576102357133657
get,house,6,88,23291,0.0002576102357133657
get,marky,6,89,23291,0.0002576102357133657
get,nathaniel,6,90,23291,0.0002576102357133657
get,whoever,5,91,23291,0.00021467519642780474
get,jwww,5,92,23291,0.00021467519642780474
get,toe,5,93,23291,0.00021467519642780474
get,something,5,94,23291,0.00021467519642780474
get,dinosaur,5,95,23291,0.00021467519642780474
get,sister,5,96,23291,0.00021467519642780474
get,face,5,97,23291,0.00021467519642780474
get,shem,5,98,23291,0.00021467519642780474
get,ana,5,99,23291,0.00021467519642780474
get,these,5,100,23291,0.00021467519642780474
get,truck,5,101,23291,0.00021467519642780474
get,food,5,102,23291,0.00021467519642780474
get,lisa,5,103,23291,0.00021467519642780474
get,danny,5,104,23291,0.00021467519642780474
get,rachel,5,105,23291,0.00021467519642780474
get,kalie,5,106,23291,0.00021467519642780474
get,nomi,5,107,23291,0.00021467519642780474
get,joseph,5,108,23291,0.00021467519642780474
get,ryan,5,109,23291,0.00021467519642780474
get,matthew,5,110,23291,0.00021467519642780474
get,carl,5,111,23291,0.00021467519642780474
get,anyone,4,112,23291,0.00017174015714224378
get,peter,4,113,23291,0.00017174015714224378
get,dwww,4,114,23291,0.00017174015714224378
get,sean,4,115,23291,0.00017174015714224378
get,morgan,4,116,23291,0.00017174015714224378
get,animal,4,117,23291,0.00017174015714224378
get,cold,4,118,23291,0.00017174015714224378
get,dakota,4,119,23291,0.00017174015714224378
get,henry,4,120,23291,0.00017174015714224378
get,clothe,4,121,23291,0.00017174015714224378
get,some,4,122,23291,0.00017174015714224378
get,hole,4,123,23291,0.00017174015714224378
get,goose,4,124,23291,0.00017174015714224378
get,bob,4,125,23291,0.00017174015714224378
get,policeman,4,126,23291,0.00017174015714224378
get,kitten,4,127,23291,0.00017174015714224378
get,jason,4,128,23291,0.00017174015714224378
get,abe,4,129,23291,0.00017174015714224378
get,daddy'll,4,130,23291,0.00017174015714224378
get,spencer,4,131,23291,0.00017174015714224378
get,wheel,3,132,23291,0.00012880511785668284
get,cow,3,133,23291,0.00012880511785668284
get,rest,3,134,23291,0.00012880511785668284
get,mandy,3,135,23291,0.00012880511785668284
get,mamma,3,136,23291,0.00012880511785668284
get,uhoh,3,137,23291,0.00012880511785668284
get,timmy,3,138,23291,0.00012880511785668284
get,stuff,3,139,23291,0.00012880511785668284
get,book,3,140,23291,0.00012880511785668284
get,elmo,3,141,23291,0.00012880511785668284
get,nana,3,142,23291,0.00012880511785668284
get,shoe,3,143,23291,0.00012880511785668284
get,pilot,3,144,23291,0.00012880511785668284
get,bug,3,145,23291,0.00012880511785668284
get,head,3,146,23291,0.00012880511785668284
get,mom'll,3,147,23291,0.00012880511785668284
get,papa,3,148,23291,0.00012880511785668284
get,yours,3,149,23291,0.00012880511785668284
get,everything,3,150,23291,0.00012880511785668284
get,battery,3,151,23291,0.00012880511785668284
get,melissa,3,152,23291,0.00012880511785668284
get,turtle,3,153,23291,0.00012880511785668284
get,frog,3,154,23291,0.00012880511785668284
get,chicken,3,155,23291,0.00012880511785668284
get,elliot,3,156,23291,0.00012880511785668284
get,flower,3,157,23291,0.00012880511785668284
get,napkin,3,158,23291,0.00012880511785668284
get,annie,3,159,23291,0.00012880511785668284
get,mouse,3,160,23291,0.00012880511785668284
get,ear,3,161,23291,0.00012880511785668284
get,jean,3,162,23291,0.00012880511785668284
get,honey,3,163,23291,0.00012880511785668284
get,wolf,3,164,23291,0.00012880511785668284
get,weather,3,165,23291,0.00012880511785668284
get,eddie,3,166,23291,0.00012880511785668284
get,ant,3,167,23291,0.00012880511785668284
get,any,3,168,23291,0.00012880511785668284
get,sun,3,169,23291,0.00012880511785668284
get,twin,3,170,23291,0.00012880511785668284
get,catherine,3,171,23291,0.00012880511785668284
get,becca,3,172,23291,0.00012880511785668284
get,linda,3,173,23291,0.00012880511785668284
get,someone,3,174,23291,0.00012880511785668284
get,sand,3,175,23291,0.00012880511785668284
get,erin,3,176,23291,0.00012880511785668284
get,let,3,177,23291,0.00012880511785668284
get,joey,3,178,23291,0.00012880511785668284
get,gabriel,3,179,23291,0.00012880511785668284
get,eric,3,180,23291,0.00012880511785668284
get,david,3,181,23291,0.00012880511785668284
get,chair,2,182,23291,8.587007857112189e-05
get,bus,2,183,23291,8.587007857112189e-05
get,toy,2,184,23291,8.587007857112189e-05
get,lucy,2,185,23291,8.587007857112189e-05
get,mailman,2,186,23291,8.587007857112189e-05
get,be,2,187,23291,8.587007857112189e-05
get,clown,2,188,23291,8.587007857112189e-05
get,bike,2,189,23291,8.587007857112189e-05
get,mwww,2,190,23291,8.587007857112189e-05
get,person,2,191,23291,8.587007857112189e-05
get,sue,2,192,23291,8.587007857112189e-05
get,shaun,2,193,23291,8.587007857112189e-05
get,andrew,2,194,23291,8.587007857112189e-05
get,morgie,2,195,23291,8.587007857112189e-05
get,doctor,2,196,23291,8.587007857112189e-05
get,puppy,2,197,23291,8.587007857112189e-05
get,horsie,2,198,23291,8.587007857112189e-05
get,piggy,2,199,23291,8.587007857112189e-05
get,brooklyn,2,200,23291,8.587007857112189e-05
get,place,2,201,23291,8.587007857112189e-05
get,froggie,2,202,23291,8.587007857112189e-05
get,door,2,203,23291,8.587007857112189e-05
get,bert,2,204,23291,8.587007857112189e-05
get,spoon,2,205,23291,8.587007857112189e-05
get,chickie,2,206,23291,8.587007857112189e-05
get,feetie,2,207,23291,8.587007857112189e-05
get,adam,2,208,23291,8.587007857112189e-05
get,celia,2,209,23291,8.587007857112189e-05
get,bozo,2,210,23291,8.587007857112189e-05
get,all,2,211,23291,8.587007857112189e-05
get,fraser,2,212,23291,8.587007857112189e-05
get,ann_marie,2,213,23291,8.587007857112189e-05
get,hedda,2,214,23291,8.587007857112189e-05
get,leg,2,215,23291,8.587007857112189e-05
get,auntie,2,216,23291,8.587007857112189e-05
get,arthur,2,217,23291,8.587007857112189e-05
get,two,2,218,23291,8.587007857112189e-05
get,police,2,219,23291,8.587007857112189e-05
get,sock,2,220,23291,8.587007857112189e-05
get,cat'll,2,221,23291,8.587007857112189e-05
get,juice,2,222,23291,8.587007857112189e-05
get,anna,2,223,23291,8.587007857112189e-05
get,giraffe,2,224,23291,8.587007857112189e-05
get,oop,2,225,23291,8.587007857112189e-05
get,get,2,226,23291,8.587007857112189e-05
get,whoop,2,227,23291,8.587007857112189e-05
get,sky,2,228,23291,8.587007857112189e-05
get,firstname,2,229,23291,8.587007857112189e-05
get,jimmy,2,230,23291,8.587007857112189e-05
get,corn,2,231,23291,8.587007857112189e-05
get,tupty,2,232,23291,8.587007857112189e-05
get,junior,2,233,23291,8.587007857112189e-05
get,pig,2,234,23291,8.587007857112189e-05
get,nicky,2,235,23291,8.587007857112189e-05
get,blacky,2,236,23291,8.587007857112189e-05
get,body,2,237,23291,8.587007857112189e-05
get,troy,2,238,23291,8.587007857112189e-05
get,bottle,2,239,23291,8.587007857112189e-05
get,balloon,2,240,23291,8.587007857112189e-05
get,bambi,2,241,23291,8.587007857112189e-05
get,jenna,2,242,23291,8.587007857112189e-05
get,muscle,2,243,23291,8.587007857112189e-05
get,cou,2,244,23291,8.587007857112189e-05
get,mine,2,245,23291,8.587007857112189e-05
get,old,2,246,23291,8.587007857112189e-05
get,samantha,2,247,23291,8.587007857112189e-05
get,chi'has,2,248,23291,8.587007857112189e-05
get,mama'ha,2,249,23291,8.587007857112189e-05
get,lion,2,250,23291,8.587007857112189e-05
get,metal,2,251,23291,8.587007857112189e-05
get,tomorrow,2,252,23291,8.587007857112189e-05
get,mike,2,253,23291,8.587007857112189e-05
get,time,2,254,23291,8.587007857112189e-05
get,john,2,255,23291,8.587007857112189e-05
get,mama'll,2,256,23291,8.587007857112189e-05
get,nail,2,257,23291,8.587007857112189e-05
get,lissa,2,258,23291,8.587007857112189e-05
get,pant,2,259,23291,8.587007857112189e-05
get,brittany,2,260,23291,8.587007857112189e-05
get,way,2,261,23291,8.587007857112189e-05
get,plate,2,262,23291,8.587007857112189e-05
get,fish,2,263,23291,8.587007857112189e-05
get,passenger,2,264,23291,8.587007857112189e-05
get,renee,2,265,23291,8.587007857112189e-05
get,nonno,2,266,23291,8.587007857112189e-05
get,miriam,2,267,23291,8.587007857112189e-05
get,hat,2,268,23291,8.587007857112189e-05
get,justin,2,269,23291,8.587007857112189e-05
get,karen,2,270,23291,8.587007857112189e-05
get,mel,2,271,23291,8.587007857112189e-05
get,part,2,272,23291,8.587007857112189e-05
get,train,2,273,23291,8.587007857112189e-05
get,julia,2,274,23291,8.587007857112189e-05
get,jp,2,275,23291,8.587007857112189e-05
get,cristine,2,276,23291,8.587007857112189e-05
get,lip,2,277,23291,8.587007857112189e-05
get,parent,2,278,23291,8.587007857112189e-05
get,grammy,2,279,23291,8.587007857112189e-05
get,matty,2,280,23291,8.587007857112189e-05
get,eater,2,281,23291,8.587007857112189e-05
get,roman,2,282,23291,8.587007857112189e-05
get,tornado,2,283,23291,8.587007857112189e-05
get,dawson,2,284,23291,8.587007857112189e-05
get,chris,2,285,23291,8.587007857112189e-05
get,rice,2,286,23291,8.587007857112189e-05
get,sween,2,287,23291,8.587007857112189e-05
get,mia,2,288,23291,8.587007857112189e-05
get,tunde,2,289,23291,8.587007857112189e-05
get,toyo,2,290,23291,8.587007857112189e-05
get,barry,2,291,23291,8.587007857112189e-05
get,cmon,2,292,23291,8.587007857112189e-05
get,derwood,2,293,23291,8.587007857112189e-05
get,monique,2,294,23291,8.587007857112189e-05
get,joe,2,295,23291,8.587007857112189e-05
get,gabe,2,296,23291,8.587007857112189e-05
get,rawley,2,297,23291,8.587007857112189e-05
get,debbie,2,298,23291,8.587007857112189e-05
get,richard,2,299,23291,8.587007857112189e-05
get,graeme,2,300,23291,8.587007857112189e-05
get,cocoa,2,301,23291,8.587007857112189e-05
get,bret,1,302,23291,4.2935039285560944e-05
get,feather,1,303,23291,4.2935039285560944e-05
get,kissing,1,304,23291,4.2935039285560944e-05
get,maura,1,305,23291,4.2935039285560944e-05
get,cookbook,1,306,23291,4.2935039285560944e-05
get,family,1,307,23291,4.2935039285560944e-05
get,lois,1,308,23291,4.2935039285560944e-05
get,paper,1,309,23291,4.2935039285560944e-05
get,uhhuh,1,310,23291,4.2935039285560944e-05
get,a_lot_of,1,311,23291,4.2935039285560944e-05
get,lynn,1,312,23291,4.2935039285560944e-05
get,hurry,1,313,23291,4.2935039285560944e-05
get,patsy,1,314,23291,4.2935039285560944e-05
get,mail,1,315,23291,4.2935039285560944e-05
get,bax,1,316,23291,4.2935039285560944e-05
get,as_soon_as,1,317,23291,4.2935039285560944e-05
get,eyebrow,1,318,23291,4.2935039285560944e-05
get,kitty+cat,1,319,23291,4.2935039285560944e-05
get,ruth,1,320,23291,4.2935039285560944e-05
get,zwww,1,321,23291,4.2935039285560944e-05
get,rwww,1,322,23291,4.2935039285560944e-05
get,knee,1,323,23291,4.2935039285560944e-05
get,up,1,324,23291,4.2935039285560944e-05
get,doll,1,325,23291,4.2935039285560944e-05
get,noone,1,326,23291,4.2935039285560944e-05
get,brian,1,327,23291,4.2935039285560944e-05
get,cereal,1,328,23291,4.2935039285560944e-05
get,chain,1,329,23291,4.2935039285560944e-05
get,knot,1,330,23291,4.2935039285560944e-05
get,zeren,1,331,23291,4.2935039285560944e-05
get,wilbur,1,332,23291,4.2935039285560944e-05
get,kwww,1,333,23291,4.2935039285560944e-05
get,awww,1,334,23291,4.2935039285560944e-05
get,breakfast,1,335,23291,4.2935039285560944e-05
get,pizza,1,336,23291,4.2935039285560944e-05
get,voice,1,337,23291,4.2935039285560944e-05
get,brittney,1,338,23291,4.2935039285560944e-05
get,liz,1,339,23291,4.2935039285560944e-05
get,rinse,1,340,23291,4.2935039285560944e-05
get,hill,1,341,23291,4.2935039285560944e-05
get,truth,1,342,23291,4.2935039285560944e-05
get,dillon,1,343,23291,4.2935039285560944e-05
get,bummie,1,344,23291,4.2935039285560944e-05
get,bum,1,345,23291,4.2935039285560944e-05
get,garden,1,346,23291,4.2935039285560944e-05
get,cracker,1,347,23291,4.2935039285560944e-05
get,skin,1,348,23291,4.2935039285560944e-05
get,nope,1,349,23291,4.2935039285560944e-05
get,tims,1,350,23291,4.2935039285560944e-05
get,shoelace,1,351,23291,4.2935039285560944e-05
get,feet'll,1,352,23291,4.2935039285560944e-05
get,block,1,353,23291,4.2935039285560944e-05
get,eeyore,1,354,23291,4.2935039285560944e-05
get,clifford,1,355,23291,4.2935039285560944e-05
get,seven,1,356,23291,4.2935039285560944e-05
get,fido,1,357,23291,4.2935039285560944e-05
get,xavier,1,358,23291,4.2935039285560944e-05
get,fuss,1,359,23291,4.2935039285560944e-05
get,andy,1,360,23291,4.2935039285560944e-05
get,woody,1,361,23291,4.2935039285560944e-05
get,grams,1,362,23291,4.2935039285560944e-05
get,maggie,1,363,23291,4.2935039285560944e-05
get,weepee,1,364,23291,4.2935039285560944e-05
get,mammy,1,365,23291,4.2935039285560944e-05
get,crap,1,366,23291,4.2935039285560944e-05
get,pampers,1,367,23291,4.2935039285560944e-05
get,vas,1,368,23291,4.2935039285560944e-05
get,vasie,1,369,23291,4.2935039285560944e-05
get,dyeisha,1,370,23291,4.2935039285560944e-05
get,shrimp,1,371,23291,4.2935039285560944e-05
get,grandaddy,1,372,23291,4.2935039285560944e-05
get,fool,1,373,23291,4.2935039285560944e-05
get,shoulda,1,374,23291,4.2935039285560944e-05
get,baebae,1,375,23291,4.2935039285560944e-05
get,cowboy,1,376,23291,4.2935039285560944e-05
get,monkey,1,377,23291,4.2935039285560944e-05
get,doughnut,1,378,23291,4.2935039285560944e-05
get,grandmother,1,379,23291,4.2935039285560944e-05
get,ursula,1,380,23291,4.2935039285560944e-05
get,f,1,381,23291,4.2935039285560944e-05
get,ladder,1,382,23291,4.2935039285560944e-05
get,douglas,1,383,23291,4.2935039285560944e-05
get,sandwich,1,384,23291,4.2935039285560944e-05
get,eve'll,1,385,23291,4.2935039285560944e-05
get,tapioca,1,386,23291,4.2935039285560944e-05
get,noodle,1,387,23291,4.2935039285560944e-05
get,donna,1,388,23291,4.2935039285560944e-05
get,huckleberry,1,389,23291,4.2935039285560944e-05
get,elsie,1,390,23291,4.2935039285560944e-05
get,tickle,1,391,23291,4.2935039285560944e-05
get,seal,1,392,23291,4.2935039285560944e-05
get,courtney'll,1,393,23291,4.2935039285560944e-05
get,cup,1,394,23291,4.2935039285560944e-05
get,bam_bam,1,395,23291,4.2935039285560944e-05
get,hopperoo,1,396,23291,4.2935039285560944e-05
get,marion,1,397,23291,4.2935039285560944e-05
get,cheek,1,398,23291,4.2935039285560944e-05
get,dust,1,399,23291,4.2935039285560944e-05
get,auntie_shirley,1,400,23291,4.2935039285560944e-05
get,donny,1,401,23291,4.2935039285560944e-05
get,gleason,1,402,23291,4.2935039285560944e-05
get,borax,1,403,23291,4.2935039285560944e-05
get,school,1,404,23291,4.2935039285560944e-05
get,whale,1,405,23291,4.2935039285560944e-05
get,darleen,1,406,23291,4.2935039285560944e-05
get,pat,1,407,23291,4.2935039285560944e-05
get,wollensak,1,408,23291,4.2935039285560944e-05
get,all_gone,1,409,23291,4.2935039285560944e-05
get,move,1,410,23291,4.2935039285560944e-05
get,fly,1,411,23291,4.2935039285560944e-05
get,umbrella,1,412,23291,4.2935039285560944e-05
get,miss,1,413,23291,4.2935039285560944e-05
get,carol,1,414,23291,4.2935039285560944e-05
get,crocodile,1,415,23291,4.2935039285560944e-05
get,tangerine,1,416,23291,4.2935039285560944e-05
get,cindy,1,417,23291,4.2935039285560944e-05
get,george,1,418,23291,4.2935039285560944e-05
get,marianne,1,419,23291,4.2935039285560944e-05
get,jeremy,1,420,23291,4.2935039285560944e-05
get,hang,1,421,23291,4.2935039285560944e-05
get,cord,1,422,23291,4.2935039285560944e-05
get,anne,1,423,23291,4.2935039285560944e-05
get,secret,1,424,23291,4.2935039285560944e-05
get,indian,1,425,23291,4.2935039285560944e-05
get,bandaid,1,426,23291,4.2935039285560944e-05
get,baldy,1,427,23291,4.2935039285560944e-05
get,hook,1,428,23291,4.2935039285560944e-05
get,oliver,1,429,23291,4.2935039285560944e-05
get,garage,1,430,23291,4.2935039285560944e-05
get,trevor,1,431,23291,4.2935039285560944e-05
get,racoon,1,432,23291,4.2935039285560944e-05
get,donkey,1,433,23291,4.2935039285560944e-05
get,freezer,1,434,23291,4.2935039285560944e-05
get,m,1,435,23291,4.2935039285560944e-05
get,usher,1,436,23291,4.2935039285560944e-05
get,oughta,1,437,23291,4.2935039285560944e-05
get,vegetable,1,438,23291,4.2935039285560944e-05
get,poppa,1,439,23291,4.2935039285560944e-05
get,engine,1,440,23291,4.2935039285560944e-05
get,tramp,1,441,23291,4.2935039285560944e-05
get,laurie,1,442,23291,4.2935039285560944e-05
get,wendy,1,443,23291,4.2935039285560944e-05
get,betty,1,444,23291,4.2935039285560944e-05
get,sandy,1,445,23291,4.2935039285560944e-05
get,googey,1,446,23291,4.2935039285560944e-05
get,milk,1,447,23291,4.2935039285560944e-05
get,box,1,448,23291,4.2935039285560944e-05
get,tree,1,449,23291,4.2935039285560944e-05
get,mat,1,450,23291,4.2935039285560944e-05
get,surgeon,1,451,23291,4.2935039285560944e-05
get,blanket,1,452,23291,4.2935039285560944e-05
get,pan,1,453,23291,4.2935039285560944e-05
get,hen,1,454,23291,4.2935039285560944e-05
get,stepmother,1,455,23291,4.2935039285560944e-05
get,maria'ha,1,456,23291,4.2935039285560944e-05
get,bumper,1,457,23291,4.2935039285560944e-05
get,sludge,1,458,23291,4.2935039285560944e-05
get,fang,1,459,23291,4.2935039285560944e-05
get,snake,1,460,23291,4.2935039285560944e-05
get,cathernie,1,461,23291,4.2935039285560944e-05
get,mad,1,462,23291,4.2935039285560944e-05
get,thaw,1,463,23291,4.2935039285560944e-05
get,dad'has,1,464,23291,4.2935039285560944e-05
get,nelson,1,465,23291,4.2935039285560944e-05
get,melissi,1,466,23291,4.2935039285560944e-05
get,aimee,1,467,23291,4.2935039285560944e-05
get,brad,1,468,23291,4.2935039285560944e-05
get,leader,1,469,23291,4.2935039285560944e-05
get,eye,1,470,23291,4.2935039285560944e-05
get,oh_my_goodness,1,471,23291,4.2935039285560944e-05
get,three,1,472,23291,4.2935039285560944e-05
get,mickey,1,473,23291,4.2935039285560944e-05
get,caterpillar,1,474,23291,4.2935039285560944e-05
get,woman,1,475,23291,4.2935039285560944e-05
get,jack,1,476,23291,4.2935039285560944e-05
get,cow'has,1,477,23291,4.2935039285560944e-05
get,helmet,1,478,23291,4.2935039285560944e-05
get,pascal,1,479,23291,4.2935039285560944e-05
get,marcella,1,480,23291,4.2935039285560944e-05
get,robin,1,481,23291,4.2935039285560944e-05
get,cub,1,482,23291,4.2935039285560944e-05
get,page,1,483,23291,4.2935039285560944e-05
get,smile,1,484,23291,4.2935039285560944e-05
get,thief,1,485,23291,4.2935039285560944e-05
get,jonah,1,486,23291,4.2935039285560944e-05
get,brewster'has,1,487,23291,4.2935039285560944e-05
get,makeup,1,488,23291,4.2935039285560944e-05
get,ham,1,489,23291,4.2935039285560944e-05
get,chief,1,490,23291,4.2935039285560944e-05
get,bag,1,491,23291,4.2935039285560944e-05
get,coffee,1,492,23291,4.2935039285560944e-05
get,asians,1,493,23291,4.2935039285560944e-05
get,boot,1,494,23291,4.2935039285560944e-05
get,grocery,1,495,23291,4.2935039285560944e-05
get,ambulance,1,496,23291,4.2935039285560944e-05
get,b,1,497,23291,4.2935039285560944e-05
get,penny,1,498,23291,4.2935039285560944e-05
get,cousin,1,499,23291,4.2935039285560944e-05
get,father,1,500,23291,4.2935039285560944e-05
get,ravioli,1,501,23291,4.2935039285560944e-05
get,lassie,1,502,23291,4.2935039285560944e-05
get,chicky,1,503,23291,4.2935039285560944e-05
get,peach,1,504,23291,4.2935039285560944e-05
get,nanny,1,505,23291,4.2935039285560944e-05
get,pool,1,506,23291,4.2935039285560944e-05
get,richard'has,1,507,23291,4.2935039285560944e-05
get,zebra,1,508,23291,4.2935039285560944e-05
get,hippo,1,509,23291,4.2935039285560944e-05
get,bridge,1,510,23291,4.2935039285560944e-05
get,shh,1,511,23291,4.2935039285560944e-05
get,purse,1,512,23291,4.2935039285560944e-05
get,pam'has,1,513,23291,4.2935039285560944e-05
get,winner,1,514,23291,4.2935039285560944e-05
get,mud,1,515,23291,4.2935039285560944e-05
get,chili,1,516,23291,4.2935039285560944e-05
get,tom,1,517,23291,4.2935039285560944e-05
get,kobi,1,518,23291,4.2935039285560944e-05
get,care_bear,1,519,23291,4.2935039285560944e-05
get,nose,1,520,23291,4.2935039285560944e-05
get,zooming,1,521,23291,4.2935039285560944e-05
get,tomato,1,522,23291,4.2935039285560944e-05
get,gorilla,1,523,23291,4.2935039285560944e-05
get,cheese,1,524,23291,4.2935039285560944e-05
get,santa_claus,1,525,23291,4.2935039285560944e-05
get,peppermint_patty,1,526,23291,4.2935039285560944e-05
get,gun,1,527,23291,4.2935039285560944e-05
get,eddy,1,528,23291,4.2935039285560944e-05
get,snow,1,529,23291,4.2935039285560944e-05
get,inside,1,530,23291,4.2935039285560944e-05
get,ninny,1,531,23291,4.2935039285560944e-05
get,light,1,532,23291,4.2935039285560944e-05
get,bone,1,533,23291,4.2935039285560944e-05
get,lava,1,534,23291,4.2935039285560944e-05
get,rufus,1,535,23291,4.2935039285560944e-05
get,around,1,536,23291,4.2935039285560944e-05
get,good,1,537,23291,4.2935039285560944e-05
get,mark,1,538,23291,4.2935039285560944e-05
get,teacher,1,539,23291,4.2935039285560944e-05
get,tummy,1,540,23291,4.2935039285560944e-05
get,rossy,1,541,23291,4.2935039285560944e-05
get,ross,1,542,23291,4.2935039285560944e-05
get,walker,1,543,23291,4.2935039285560944e-05
get,seat,1,544,23291,4.2935039285560944e-05
get,chocolate+chip,1,545,23291,4.2935039285560944e-05
get,desi,1,546,23291,4.2935039285560944e-05
get,brandon,1,547,23291,4.2935039285560944e-05
get,stephen,1,548,23291,4.2935039285560944e-05
get,his,1,549,23291,4.2935039285560944e-05
get,bite,1,550,23291,4.2935039285560944e-05
get,weener,1,551,23291,4.2935039285560944e-05
get,chichi,1,552,23291,4.2935039285560944e-05
get,diaper,1,553,23291,4.2935039285560944e-05
get,turkey,1,554,23291,4.2935039285560944e-05
get,wawawa,1,555,23291,4.2935039285560944e-05
get,barbara,1,556,23291,4.2935039285560944e-05
get,hyena,1,557,23291,4.2935039285560944e-05
get,arm,1,558,23291,4.2935039285560944e-05
get,bib,1,559,23291,4.2935039285560944e-05
get,yellow,1,560,23291,4.2935039285560944e-05
get,larry,1,561,23291,4.2935039285560944e-05
get,drawer,1,562,23291,4.2935039285560944e-05
get,kathy,1,563,23291,4.2935039285560944e-05
get,yall've,1,564,23291,4.2935039285560944e-05
get,ashton,1,565,23291,4.2935039285560944e-05
get,pinocchio,1,566,23291,4.2935039285560944e-05
get,ouch,1,567,23291,4.2935039285560944e-05
get,post,1,568,23291,4.2935039285560944e-05
get,p,1,569,23291,4.2935039285560944e-05
get,rat,1,570,23291,4.2935039285560944e-05
get,bell,1,571,23291,4.2935039285560944e-05
get,rex,1,572,23291,4.2935039285560944e-05
get,transformer,1,573,23291,4.2935039285560944e-05
get,squirrel,1,574,23291,4.2935039285560944e-05
get,pony,1,575,23291,4.2935039285560944e-05
get,naomi,1,576,23291,4.2935039285560944e-05
get,georgie,1,577,23291,4.2935039285560944e-05
get,sponge,1,578,23291,4.2935039285560944e-05
get,baaee,1,579,23291,4.2935039285560944e-05
get,mummie,1,580,23291,4.2935039285560944e-05
get,dingo,1,581,23291,4.2935039285560944e-05
get,somebody'll,1,582,23291,4.2935039285560944e-05
get,bed,1,583,23291,4.2935039285560944e-05
get,doodledoo,1,584,23291,4.2935039285560944e-05
get,henny,1,585,23291,4.2935039285560944e-05
get,day,1,586,23291,4.2935039285560944e-05
get,tea,1,587,23291,4.2935039285560944e-05
get,quieter,1,588,23291,4.2935039285560944e-05
get,charlie,1,589,23291,4.2935039285560944e-05
get,becky,1,590,23291,4.2935039285560944e-05
get,goat,1,591,23291,4.2935039285560944e-05
get,snoopy,1,592,23291,4.2935039285560944e-05
get,clock,1,593,23291,4.2935039285560944e-05
get,nonna,1,594,23291,4.2935039285560944e-05
get,boat,1,595,23291,4.2935039285560944e-05
get,dolly,1,596,23291,4.2935039285560944e-05
get,cloth,1,597,23291,4.2935039285560944e-05
get,manager,1,598,23291,4.2935039285560944e-05
get,sheep,1,599,23291,4.2935039285560944e-05
get,zoom,1,600,23291,4.2935039285560944e-05
get,mosquito,1,601,23291,4.2935039285560944e-05
get,whose,1,602,23291,4.2935039285560944e-05
get,sara,1,603,23291,4.2935039285560944e-05
get,marco,1,604,23291,4.2935039285560944e-05
get,jill,1,605,23291,4.2935039285560944e-05
get,chuck,1,606,23291,4.2935039285560944e-05
get,amy,1,607,23291,4.2935039285560944e-05
get,study,1,608,23291,4.2935039285560944e-05
get,rash,1,609,23291,4.2935039285560944e-05
get,mcgregor,1,610,23291,4.2935039285560944e-05
get,ice,1,611,23291,4.2935039285560944e-05
get,cleaner,1,612,23291,4.2935039285560944e-05
get,popples,1,613,23291,4.2935039285560944e-05
get,investigator,1,614,23291,4.2935039285560944e-05
get,end,1,615,23291,4.2935039285560944e-05
get,graham,1,616,23291,4.2935039285560944e-05
get,todd,1,617,23291,4.2935039285560944e-05
get,benjamin,1,618,23291,4.2935039285560944e-05
get,wes,1,619,23291,4.2935039285560944e-05
get,useta,1,620,23291,4.2935039285560944e-05
get,susie,1,621,23291,4.2935039285560944e-05
get,grandpa,1,622,23291,4.2935039285560944e-05
get,james,1,623,23291,4.2935039285560944e-05
get,bailey,1,624,23291,4.2935039285560944e-05
get,aunt_carey,1,625,23291,4.2935039285560944e-05
get,video,1,626,23291,4.2935039285560944e-05
get,mufasa,1,627,23291,4.2935039285560944e-05
get,tinkerbell,1,628,23291,4.2935039285560944e-05
get,lauren,1,629,23291,4.2935039285560944e-05
get,slippery,1,630,23291,4.2935039285560944e-05
get,boo,1,631,23291,4.2935039285560944e-05
get,play_doh,1,632,23291,4.2935039285560944e-05
get,lake,1,633,23291,4.2935039285560944e-05
get,hold,1,634,23291,4.2935039285560944e-05
get,buddy,1,635,23291,4.2935039285560944e-05
get,katie,1,636,23291,4.2935039285560944e-05
get,sticker,1,637,23291,4.2935039285560944e-05
get,pooh,1,638,23291,4.2935039285560944e-05
get,doggy,1,639,23291,4.2935039285560944e-05
get,potter,1,640,23291,4.2935039285560944e-05
get,peatry,1,641,23291,4.2935039285560944e-05
get,smoke,1,642,23291,4.2935039285560944e-05
get,santa,1,643,23291,4.2935039285560944e-05
get,fry,1,644,23291,4.2935039285560944e-05
get,aladar,1,645,23291,4.2935039285560944e-05
get,cody,1,646,23291,4.2935039285560944e-05
get,spiderman,1,647,23291,4.2935039285560944e-05
get,lincoln,1,648,23291,4.2935039285560944e-05
get,team,1,649,23291,4.2935039285560944e-05
get,tractor,1,650,23291,4.2935039285560944e-05
get,spider,1,651,23291,4.2935039285560944e-05
get,sophie,1,652,23291,4.2935039285560944e-05
get,mcdonalds,1,653,23291,4.2935039285560944e-05
get,yourself,1,654,23291,4.2935039285560944e-05
get,rosey,1,655,23291,4.2935039285560944e-05
get,vanessa,1,656,23291,4.2935039285560944e-05
get,tank,1,657,23291,4.2935039285560944e-05
get,room,1,658,23291,4.2935039285560944e-05
get,operator,1,659,23291,4.2935039285560944e-05
get,both,1,660,23291,4.2935039285560944e-05
get,poop,1,661,23291,4.2935039285560944e-05
get,cough,1,662,23291,4.2935039285560944e-05
get,dinner,1,663,23291,4.2935039285560944e-05
get,dexter,1,664,23291,4.2935039285560944e-05
get,deck,1,665,23291,4.2935039285560944e-05
get,johnny,1,666,23291,4.2935039285560944e-05
get,reggie,1,667,23291,4.2935039285560944e-05
get,bee,1,668,23291,4.2935039285560944e-05
get,kip,1,669,23291,4.2935039285560944e-05
get,ford,1,670,23291,4.2935039285560944e-05
get,chevel,1,671,23291,4.2935039285560944e-05
get,elizabeth,1,672,23291,4.2935039285560944e-05
get,gray,1,673,23291,4.2935039285560944e-05
get,earth,1,674,23291,4.2935039285560944e-05
get,hut,1,675,23291,4.2935039285560944e-05
get,ben,1,676,23291,4.2935039285560944e-05
get,as_well_a,1,677,23291,4.2935039285560944e-05
get,kevin,1,678,23291,4.2935039285560944e-05
get,cruz,1,679,23291,4.2935039285560944e-05
get,anthony,1,680,23291,4.2935039285560944e-05
get,jerry,1,681,23291,4.2935039285560944e-05
get,mann,1,682,23291,4.2935039285560944e-05
get,flight,1,683,23291,4.2935039285560944e-05
get,wanda,1,684,23291,4.2935039285560944e-05
get,ink,1,685,23291,4.2935039285560944e-05
get,junkie,1,686,23291,4.2935039285560944e-05
get,alvin,1,687,23291,4.2935039285560944e-05
get,torrence,1,688,23291,4.2935039285560944e-05
get,anything,1,689,23291,4.2935039285560944e-05
get,talk,1,690,23291,4.2935039285560944e-05
get,husband,1,691,23291,4.2935039285560944e-05
get,blasingame,1,692,23291,4.2935039285560944e-05
get,ronnie,1,693,23291,4.2935039285560944e-05
get,lynette,1,694,23291,4.2935039285560944e-05
get,color,1,695,23291,4.2935039285560944e-05
get,fire,1,696,23291,4.2935039285560944e-05
get,emmitt,1,697,23291,4.2935039285560944e-05
get,gabriella,1,698,23291,4.2935039285560944e-05
get,alan,1,699,23291,4.2935039285560944e-05
get,robbie,1,700,23291,4.2935039285560944e-05
get,lance,1,701,23291,4.2935039285560944e-05
get,asher,1,702,23291,4.2935039285560944e-05
get,player,1,703,23291,4.2935039285560944e-05
get,second,1,704,23291,4.2935039285560944e-05
get,marie,1,705,23291,4.2935039285560944e-05
get,shot,1,706,23291,4.2935039285560944e-05
get,bobby_lastname,1,707,23291,4.2935039285560944e-05
get,forguarda,1,708,23291,4.2935039285560944e-05
get,dominick,1,709,23291,4.2935039285560944e-05
get,robert,1,710,23291,4.2935039285560944e-05
get,diana,1,711,23291,4.2935039285560944e-05
get,kayode,1,712,23291,4.2935039285560944e-05
get,sneaker,1,713,23291,4.2935039285560944e-05
get,elevator,1,714,23291,4.2935039285560944e-05
get,babe,1,715,23291,4.2935039285560944e-05
get,waster,1,716,23291,4.2935039285560944e-05
get,lester,1,717,23291,4.2935039285560944e-05
get,fairy,1,718,23291,4.2935039285560944e-05
get,steve,1,719,23291,4.2935039285560944e-05
get,piece,1,720,23291,4.2935039285560944e-05
get,steven,1,721,23291,4.2935039285560944e-05
get,iron,1,722,23291,4.2935039285560944e-05
get,four,1,723,23291,4.2935039285560944e-05
get,patrick,1,724,23291,4.2935039285560944e-05
know,you,11058,1,21979,0.5031166113107967
know,i,9148,2,21979,0.4162154784112107
know,she,369,3,21979,0.01678875290049593
know,he,323,4,21979,0.014695846034851448
know,we,252,5,21979,0.011465489785704537
know,ya,133,6,21979,0.00605123072023295
know,they,87,7,21979,0.003958323854588471
know,wanna,45,8,21979,0.0020474088903043816
know,who,36,9,21979,0.0016379271122435052
know,mommy,32,10,21979,0.0014559352108831157
know,ryan,29,11,21979,0.0013194412848628236
know,nobody,19,12,21979,0.00086446153146185
know,daddy,17,13,21979,0.0007734655807816552
know,it,16,14,21979,0.0007279676054415578
know,sally,11,15,21979,0.000500477728741071
know,guy,10,16,21979,0.00045497975340097366
know,baaee,10,17,21979,0.00045497975340097366
know,one,9,18,21979,0.0004094817780608763
know,that,9,19,21979,0.0004094817780608763
know,baby,8,20,21979,0.0003639838027207789
know,anybody,8,21,21979,0.0003639838027207789
know,mummy,8,22,21979,0.0003639838027207789
know,carl,8,23,21979,0.0003639838027207789
know,anyone,7,24,21979,0.00031848582738068157
know,needta,7,25,21979,0.00031848582738068157
know,everybody,7,26,21979,0.00031848582738068157
know,mother,7,27,21979,0.00031848582738068157
know,erin,7,28,21979,0.00031848582738068157
know,god,6,29,21979,0.00027298785204058417
know,people,6,30,21979,0.00027298785204058417
know,ericka,6,31,21979,0.00027298785204058417
know,kent,5,32,21979,0.00022748987670048683
know,mom,5,33,21979,0.00022748987670048683
know,boy,5,34,21979,0.00022748987670048683
know,ross,5,35,21979,0.00022748987670048683
know,leslie,5,36,21979,0.00022748987670048683
know,helga,5,37,21979,0.00022748987670048683
know,girl,4,38,21979,0.00018199190136038946
know,dad,4,39,21979,0.00018199190136038946
know,sister,4,40,21979,0.00018199190136038946
know,bear,4,41,21979,0.00018199190136038946
know,grandma,4,42,21979,0.00018199190136038946
know,horse,4,43,21979,0.00018199190136038946
know,teacher,4,44,21979,0.00018199190136038946
know,everyone,3,45,21979,0.00013649392602029209
know,panther,3,46,21979,0.00013649392602029209
know,elephant,3,47,21979,0.00013649392602029209
know,mama,3,48,21979,0.00013649392602029209
know,adam,3,49,21979,0.00013649392602029209
know,elmo,3,50,21979,0.00013649392602029209
know,oughta,3,51,21979,0.00013649392602029209
know,monkey,3,52,21979,0.00013649392602029209
know,kid,3,53,21979,0.00013649392602029209
know,nathaniel,3,54,21979,0.00013649392602029209
know,investigator,3,55,21979,0.00013649392602029209
know,tape,3,56,21979,0.00013649392602029209
know,graeme,3,57,21979,0.00013649392602029209
know,patsy,2,58,21979,9.099595068019473e-05
know,andrew,2,59,21979,9.099595068019473e-05
know,rabbit,2,60,21979,9.099595068019473e-05
know,paul,2,61,21979,9.099595068019473e-05
know,alligator,2,62,21979,9.099595068019473e-05
know,shem,2,63,21979,9.099595068019473e-05
know,cat,2,64,21979,9.099595068019473e-05
know,tree,2,65,21979,9.099595068019473e-05
know,this,2,66,21979,9.099595068019473e-05
know,momma,2,67,21979,9.099595068019473e-05
know,firstname,2,68,21979,9.099595068019473e-05
know,doctor,2,69,21979,9.099595068019473e-05
know,fox,2,70,21979,9.099595068019473e-05
know,hafta,2,71,21979,9.099595068019473e-05
know,his,2,72,21979,9.099595068019473e-05
know,dean,2,73,21979,9.099595068019473e-05
know,titus,2,74,21979,9.099595068019473e-05
know,melissa,2,75,21979,9.099595068019473e-05
know,pig,2,76,21979,9.099595068019473e-05
know,joseph,2,77,21979,9.099595068019473e-05
know,nina,2,78,21979,9.099595068019473e-05
know,observer,2,79,21979,9.099595068019473e-05
know,weist,2,80,21979,9.099595068019473e-05
know,anthony,2,81,21979,9.099595068019473e-05
know,karen,2,82,21979,9.099595068019473e-05
know,steven,2,83,21979,9.099595068019473e-05
know,dog,1,84,21979,4.5497975340097364e-05
know,amelia,1,85,21979,4.5497975340097364e-05
know,lena,1,86,21979,4.5497975340097364e-05
know,part,1,87,21979,4.5497975340097364e-05
know,eric,1,88,21979,4.5497975340097364e-05
know,toy,1,89,21979,4.5497975340097364e-05
know,thank_you,1,90,21979,4.5497975340097364e-05
know,juice,1,91,21979,4.5497975340097364e-05
know,security,1,92,21979,4.5497975340097364e-05
know,lucy,1,93,21979,4.5497975340097364e-05
know,jenny,1,94,21979,4.5497975340097364e-05
know,laura,1,95,21979,4.5497975340097364e-05
know,chicken,1,96,21979,4.5497975340097364e-05
know,gwww,1,97,21979,4.5497975340097364e-05
know,jwww,1,98,21979,4.5497975340097364e-05
know,santa_claus,1,99,21979,4.5497975340097364e-05
know,santa,1,100,21979,4.5497975340097364e-05
know,brisco,1,101,21979,4.5497975340097364e-05
know,marni,1,102,21979,4.5497975340097364e-05
know,timmy,1,103,21979,4.5497975340097364e-05
know,dakota,1,104,21979,4.5497975340097364e-05
know,woody,1,105,21979,4.5497975340097364e-05
know,vas,1,106,21979,4.5497975340097364e-05
know,book,1,107,21979,4.5497975340097364e-05
know,booboo,1,108,21979,4.5497975340097364e-05
know,ursula,1,109,21979,4.5497975340097364e-05
know,fraser,1,110,21979,4.5497975340097364e-05
know,don,1,111,21979,4.5497975340097364e-05
know,age,1,112,21979,4.5497975340097364e-05
know,ears,1,113,21979,4.5497975340097364e-05
know,bug,1,114,21979,4.5497975340097364e-05
know,chatty_baby,1,115,21979,4.5497975340097364e-05
know,art,1,116,21979,4.5497975340097364e-05
know,boat,1,117,21979,4.5497975340097364e-05
know,uncle_buster,1,118,21979,4.5497975340097364e-05
know,nobody'll,1,119,21979,4.5497975340097364e-05
know,sarah,1,120,21979,4.5497975340097364e-05
know,press,1,121,21979,4.5497975340097364e-05
know,sam,1,122,21979,4.5497975340097364e-05
know,huckle,1,123,21979,4.5497975340097364e-05
know,cindy,1,124,21979,4.5497975340097364e-05
know,arthur,1,125,21979,4.5497975340097364e-05
know,bunny,1,126,21979,4.5497975340097364e-05
know,hasta,1,127,21979,4.5497975340097364e-05
know,woman,1,128,21979,4.5497975340097364e-05
know,father,1,129,21979,4.5497975340097364e-05
know,susan,1,130,21979,4.5497975340097364e-05
know,sara,1,131,21979,4.5497975340097364e-05
know,up,1,132,21979,4.5497975340097364e-05
know,neighbor,1,133,21979,4.5497975340097364e-05
know,mathilda,1,134,21979,4.5497975340097364e-05
know,wanda,1,135,21979,4.5497975340097364e-05
know,great,1,136,21979,4.5497975340097364e-05
know,hen,1,137,21979,4.5497975340097364e-05
know,huntsman,1,138,21979,4.5497975340097364e-05
know,time,1,139,21979,4.5497975340097364e-05
know,tarci,1,140,21979,4.5497975340097364e-05
know,silly,1,141,21979,4.5497975340097364e-05
know,franklin,1,142,21979,4.5497975340097364e-05
know,chipmunk,1,143,21979,4.5497975340097364e-05
know,sound,1,144,21979,4.5497975340097364e-05
know,conductor,1,145,21979,4.5497975340097364e-05
know,bee,1,146,21979,4.5497975340097364e-05
know,slice,1,147,21979,4.5497975340097364e-05
know,m,1,148,21979,4.5497975340097364e-05
know,dusty,1,149,21979,4.5497975340097364e-05
know,grandpa,1,150,21979,4.5497975340097364e-05
know,max,1,151,21979,4.5497975340097364e-05
know,amber,1,152,21979,4.5497975340097364e-05
know,honey,1,153,21979,4.5497975340097364e-05
know,bro,1,154,21979,4.5497975340097364e-05
know,any,1,155,21979,4.5497975340097364e-05
know,harry,1,156,21979,4.5497975340097364e-05
know,jay,1,157,21979,4.5497975340097364e-05
know,sposta,1,158,21979,4.5497975340097364e-05
know,brother,1,159,21979,4.5497975340097364e-05
know,chi,1,160,21979,4.5497975340097364e-05
know,turtle,1,161,21979,4.5497975340097364e-05
know,yuppy,1,162,21979,4.5497975340097364e-05
know,rob,1,163,21979,4.5497975340097364e-05
know,chris,1,164,21979,4.5497975340097364e-05
know,nick,1,165,21979,4.5497975340097364e-05
know,what,1,166,21979,4.5497975340097364e-05
know,merry,1,167,21979,4.5497975340097364e-05
know,kathy,1,168,21979,4.5497975340097364e-05
know,mouse,1,169,21979,4.5497975340097364e-05
know,puppy,1,170,21979,4.5497975340097364e-05
know,snort,1,171,21979,4.5497975340097364e-05
know,travis,1,172,21979,4.5497975340097364e-05
know,idont,1,173,21979,4.5497975340097364e-05
know,all,1,174,21979,4.5497975340097364e-05
know,nomi,1,175,21979,4.5497975340097364e-05
know,mummie,1,176,21979,4.5497975340097364e-05
know,lord,1,177,21979,4.5497975340097364e-05
know,blitzen,1,178,21979,4.5497975340097364e-05
know,howard,1,179,21979,4.5497975340097364e-05
know,alison,1,180,21979,4.5497975340097364e-05
know,tracy,1,181,21979,4.5497975340097364e-05
know,aunt_carey,1,182,21979,4.5497975340097364e-05
know,mommy'll,1,183,21979,4.5497975340097364e-05
know,jessica,1,184,21979,4.5497975340097364e-05
know,cathy,1,185,21979,4.5497975340097364e-05
know,map,1,186,21979,4.5497975340097364e-05
know,marissa,1,187,21979,4.5497975340097364e-05
know,slinkie,1,188,21979,4.5497975340097364e-05
know,doctor_weist,1,189,21979,4.5497975340097364e-05
know,anything,1,190,21979,4.5497975340097364e-05
know,carey,1,191,21979,4.5497975340097364e-05
know,brett,1,192,21979,4.5497975340097364e-05
know,parent,1,193,21979,4.5497975340097364e-05
know,stephanie,1,194,21979,4.5497975340097364e-05
know,muehler,1,195,21979,4.5497975340097364e-05
know,decky,1,196,21979,4.5497975340097364e-05
know,soro,1,197,21979,4.5497975340097364e-05
know,tiger,1,198,21979,4.5497975340097364e-05
know,purina,1,199,21979,4.5497975340097364e-05
know,man,1,200,21979,4.5497975340097364e-05
know,fly,1,201,21979,4.5497975340097364e-05
know,frog,1,202,21979,4.5497975340097364e-05
know,rosetta,1,203,21979,4.5497975340097364e-05
know,son,1,204,21979,4.5497975340097364e-05
know,freddy,1,205,21979,4.5497975340097364e-05
know,patrick,1,206,21979,4.5497975340097364e-05
know,roland,1,207,21979,4.5497975340097364e-05
know,adrienne,1,208,21979,4.5497975340097364e-05
know,today,1,209,21979,4.5497975340097364e-05
know,gerbil,1,210,21979,4.5497975340097364e-05
know,jason,1,211,21979,4.5497975340097364e-05
know,debbie,1,212,21979,4.5497975340097364e-05
know,jimmy,1,213,21979,4.5497975340097364e-05
know,morning,1,214,21979,4.5497975340097364e-05
know,three,1,215,21979,4.5497975340097364e-05
see,i,6636,1,18924,0.35066582117945466
see,you,5519,2,18924,0.2916402451912915
see,us,3545,3,18924,0.1873282604100613
see,we,1374,4,18924,0.07260621433100824
see,he,285,5,18924,0.015060240963855422
see,lemme,239,6,18924,0.012629465229338407
see,she,230,7,18924,0.012153878672585078
see,wanna,196,8,18924,0.0103572183470725
see,they,134,9,18924,0.0070809554005495665
see,ya,53,10,18924,0.002800676389769605
see,let,43,11,18924,0.0022722468822659056
see,mommy,42,12,18924,0.0022194039315155357
see,it,38,13,18924,0.002008032128514056
see,mama,18,14,18924,0.0009511731135066582
see,daddy,16,15,18924,0.0008454872120059184
see,one,13,16,18924,0.0006869583597548087
see,who,11,17,18924,0.0005812724582540689
see,that,11,18,18924,0.0005812724582540689
see,bird,9,19,18924,0.0004755865567533291
see,erin,9,20,18924,0.0004755865567533291
see,ryan,9,21,18924,0.0004755865567533291
see,baby,8,22,18924,0.0004227436060029592
see,needta,8,23,18924,0.0004227436060029592
see,paul,8,24,18924,0.0004227436060029592
see,people,8,25,18924,0.0004227436060029592
see,see,7,26,18924,0.0003699006552525893
see,sister,7,27,18924,0.0003699006552525893
see,rachel,7,28,18924,0.0003699006552525893
see,sarah,6,29,18924,0.0003170577045022194
see,mother,6,30,18924,0.0003170577045022194
see,sally,6,31,18924,0.0003170577045022194
see,everybody,6,32,18924,0.0003170577045022194
see,anybody,5,33,18924,0.0002642147537518495
see,nobody,5,34,18924,0.0002642147537518495
see,mickey,5,35,18924,0.0002642147537518495
see,lois,4,36,18924,0.0002113718030014796
see,boy,4,37,18924,0.0002113718030014796
see,melissa,4,38,18924,0.0002113718030014796
see,hen,4,39,18924,0.0002113718030014796
see,everyone,4,40,18924,0.0002113718030014796
see,bear,4,41,18924,0.0002113718030014796
see,tape,4,42,18924,0.0002113718030014796
see,roman,4,43,18924,0.0002113718030014796
see,byebye,3,44,18924,0.0001585288522511097
see,peter,3,45,18924,0.0001585288522511097
see,lady,3,46,18924,0.0001585288522511097
see,man,3,47,18924,0.0001585288522511097
see,whatcha,3,48,18924,0.0001585288522511097
see,baby_mickey,3,49,18924,0.0001585288522511097
see,elephant,3,50,18924,0.0001585288522511097
see,fraser,3,51,18924,0.0001585288522511097
see,mom,3,52,18924,0.0001585288522511097
see,kent,3,53,18924,0.0001585288522511097
see,eye,3,54,18924,0.0001585288522511097
see,tree,3,55,18924,0.0001585288522511097
see,bambi,3,56,18924,0.0001585288522511097
see,monster,3,57,18924,0.0001585288522511097
see,santa,3,58,18924,0.0001585288522511097
see,piggy,3,59,18924,0.0001585288522511097
see,car,3,60,18924,0.0001585288522511097
see,ma,3,61,18924,0.0001585288522511097
see,monkey,3,62,18924,0.0001585288522511097
see,anyone,3,63,18924,0.0001585288522511097
see,abe,3,64,18924,0.0001585288522511097
see,fish,3,65,18924,0.0001585288522511097
see,joseph,3,66,18924,0.0001585288522511097
see,linda,3,67,18924,0.0001585288522511097
see,observer,3,68,18924,0.0001585288522511097
see,parent,3,69,18924,0.0001585288522511097
see,girl,3,70,18924,0.0001585288522511097
see,ernie,3,71,18924,0.0001585288522511097
see,hand,2,72,18924,0.0001056859015007398
see,seesaw,2,73,18924,0.0001056859015007398
see,patsy,2,74,18924,0.0001056859015007398
see,nope,2,75,18924,0.0001056859015007398
see,pete,2,76,18924,0.0001056859015007398
see,whee,2,77,18924,0.0001056859015007398
see,rabbit,2,78,18924,0.0001056859015007398
see,laura,2,79,18924,0.0001056859015007398
see,moon,2,80,18924,0.0001056859015007398
see,henry,2,81,18924,0.0001056859015007398
see,adam,2,82,18924,0.0001056859015007398
see,ursula,2,83,18924,0.0001056859015007398
see,jack,2,84,18924,0.0001056859015007398
see,picture,2,85,18924,0.0001056859015007398
see,doggie,2,86,18924,0.0001056859015007398
see,chicken,2,87,18924,0.0001056859015007398
see,dog,2,88,18924,0.0001056859015007398
see,knot,2,89,18924,0.0001056859015007398
see,guy,2,90,18924,0.0001056859015007398
see,this,2,91,18924,0.0001056859015007398
see,firstname,2,92,18924,0.0001056859015007398
see,david,2,93,18924,0.0001056859015007398
see,policeman,2,94,18924,0.0001056859015007398
see,camera,2,95,18924,0.0001056859015007398
see,nelson,2,96,18924,0.0001056859015007398
see,lot,2,97,18924,0.0001056859015007398
see,white,2,98,18924,0.0001056859015007398
see,christopher,2,99,18924,0.0001056859015007398
see,bunny,2,100,18924,0.0001056859015007398
see,bee,2,101,18924,0.0001056859015007398
see,lisa,2,102,18924,0.0001056859015007398
see,ball,2,103,18924,0.0001056859015007398
see,kathy,2,104,18924,0.0001056859015007398
see,cow,2,105,18924,0.0001056859015007398
see,play,2,106,18924,0.0001056859015007398
see,thing,2,107,18924,0.0001056859015007398
see,brittany,2,108,18924,0.0001056859015007398
see,travis,2,109,18924,0.0001056859015007398
see,nina,2,110,18924,0.0001056859015007398
see,doll,2,111,18924,0.0001056859015007398
see,teacher,2,112,18924,0.0001056859015007398
see,patrick,2,113,18924,0.0001056859015007398
see,inge,1,114,18924,5.28429507503699e-05
see,miffy,1,115,18924,5.28429507503699e-05
see,puppet,1,116,18924,5.28429507503699e-05
see,eric,1,117,18924,5.28429507503699e-05
see,airplane,1,118,18924,5.28429507503699e-05
see,bus,1,119,18924,5.28429507503699e-05
see,pump,1,120,18924,5.28429507503699e-05
see,rest,1,121,18924,5.28429507503699e-05
see,patsy'll,1,122,18924,5.28429507503699e-05
see,george,1,123,18924,5.28429507503699e-05
see,hasta,1,124,18924,5.28429507503699e-05
see,morgan,1,125,18924,5.28429507503699e-05
see,angel,1,126,18924,5.28429507503699e-05
see,nala,1,127,18924,5.28429507503699e-05
see,simba,1,128,18924,5.28429507503699e-05
see,fuzzy_tail_lamb,1,129,18924,5.28429507503699e-05
see,lamb,1,130,18924,5.28429507503699e-05
see,dakota,1,131,18924,5.28429507503699e-05
see,aladin,1,132,18924,5.28429507503699e-05
see,basket,1,133,18924,5.28429507503699e-05
see,somebody,1,134,18924,5.28429507503699e-05
see,limit,1,135,18924,5.28429507503699e-05
see,bengy,1,136,18924,5.28429507503699e-05
see,whoever,1,137,18924,5.28429507503699e-05
see,animal,1,138,18924,5.28429507503699e-05
see,diandra,1,139,18924,5.28429507503699e-05
see,mummy,1,140,18924,5.28429507503699e-05
see,abcs,1,141,18924,5.28429507503699e-05
see,foot,1,142,18924,5.28429507503699e-05
see,auntie_marilyn,1,143,18924,5.28429507503699e-05
see,someone,1,144,18924,5.28429507503699e-05
see,finger,1,145,18924,5.28429507503699e-05
see,bread,1,146,18924,5.28429507503699e-05
see,gail,1,147,18924,5.28429507503699e-05
see,gop,1,148,18924,5.28429507503699e-05
see,cindy,1,149,18924,5.28429507503699e-05
see,shem,1,150,18924,5.28429507503699e-05
see,ana,1,151,18924,5.28429507503699e-05
see,umbrella,1,152,18924,5.28429507503699e-05
see,slipper,1,153,18924,5.28429507503699e-05
see,cmon,1,154,18924,5.28429507503699e-05
see,move,1,155,18924,5.28429507503699e-05
see,jar,1,156,18924,5.28429507503699e-05
see,moose,1,157,18924,5.28429507503699e-05
see,boom,1,158,18924,5.28429507503699e-05
see,blue,1,159,18924,5.28429507503699e-05
see,head,1,160,18924,5.28429507503699e-05
see,cricter,1,161,18924,5.28429507503699e-05
see,number,1,162,18924,5.28429507503699e-05
see,leg,1,163,18924,5.28429507503699e-05
see,prettiest,1,164,18924,5.28429507503699e-05
see,driver,1,165,18924,5.28429507503699e-05
see,go,1,166,18924,5.28429507503699e-05
see,money,1,167,18924,5.28429507503699e-05
see,bat,1,168,18924,5.28429507503699e-05
see,goat,1,169,18924,5.28429507503699e-05
see,wife,1,170,18924,5.28429507503699e-05
see,tupty,1,171,18924,5.28429507503699e-05
see,dad,1,172,18924,5.28429507503699e-05
see,frank,1,173,18924,5.28429507503699e-05
see,antler,1,174,18924,5.28429507503699e-05
see,annie,1,175,18924,5.28429507503699e-05
see,child,1,176,18924,5.28429507503699e-05
see,world,1,177,18924,5.28429507503699e-05
see,cinderella,1,178,18924,5.28429507503699e-05
see,gus,1,179,18924,5.28429507503699e-05
see,alice,1,180,18924,5.28429507503699e-05
see,brad,1,181,18924,5.28429507503699e-05
see,sandy,1,182,18924,5.28429507503699e-05
see,father,1,183,18924,5.28429507503699e-05
see,yum,1,184,18924,5.28429507503699e-05
see,fly,1,185,18924,5.28429507503699e-05
see,block,1,186,18924,5.28429507503699e-05
see,mot,1,187,18924,5.28429507503699e-05
see,squirrel,1,188,18924,5.28429507503699e-05
see,balloon,1,189,18924,5.28429507503699e-05
see,pascal,1,190,18924,5.28429507503699e-05
see,boat,1,191,18924,5.28429507503699e-05
see,robin,1,192,18924,5.28429507503699e-05
see,duey,1,193,18924,5.28429507503699e-05
see,hunter,1,194,18924,5.28429507503699e-05
see,prince,1,195,18924,5.28429507503699e-05
see,cluck,1,196,18924,5.28429507503699e-05
see,debbie,1,197,18924,5.28429507503699e-05
see,bug,1,198,18924,5.28429507503699e-05
see,chi,1,199,18924,5.28429507503699e-05
see,stick,1,200,18924,5.28429507503699e-05
see,sis,1,201,18924,5.28429507503699e-05
see,woman,1,202,18924,5.28429507503699e-05
see,shoulda,1,203,18924,5.28429507503699e-05
see,charlie,1,204,18924,5.28429507503699e-05
see,scene,1,205,18924,5.28429507503699e-05
see,poo,1,206,18924,5.28429507503699e-05
see,rhyme,1,207,18924,5.28429507503699e-05
see,sweetie,1,208,18924,5.28429507503699e-05
see,mommy'll,1,209,18924,5.28429507503699e-05
see,whoop,1,210,18924,5.28429507503699e-05
see,john,1,211,18924,5.28429507503699e-05
see,power,1,212,18924,5.28429507503699e-05
see,tower,1,213,18924,5.28429507503699e-05
see,your,1,214,18924,5.28429507503699e-05
see,puppy,1,215,18924,5.28429507503699e-05
see,woo,1,216,18924,5.28429507503699e-05
see,shovel,1,217,18924,5.28429507503699e-05
see,megan,1,218,18924,5.28429507503699e-05
see,make,1,219,18924,5.28429507503699e-05
see,g,1,220,18924,5.28429507503699e-05
see,hole,1,221,18924,5.28429507503699e-05
see,lookee,1,222,18924,5.28429507503699e-05
see,triangle,1,223,18924,5.28429507503699e-05
see,book,1,224,18924,5.28429507503699e-05
see,truck,1,225,18924,5.28429507503699e-05
see,thumb,1,226,18924,5.28429507503699e-05
see,egg,1,227,18924,5.28429507503699e-05
see,hunhunh,1,228,18924,5.28429507503699e-05
see,buggy,1,229,18924,5.28429507503699e-05
see,candy,1,230,18924,5.28429507503699e-05
see,ahhah,1,231,18924,5.28429507503699e-05
see,stuff,1,232,18924,5.28429507503699e-05
see,square,1,233,18924,5.28429507503699e-05
see,ten,1,234,18924,5.28429507503699e-05
see,swing,1,235,18924,5.28429507503699e-05
see,uhhum,1,236,18924,5.28429507503699e-05
see,kalie,1,237,18924,5.28429507503699e-05
see,duck,1,238,18924,5.28429507503699e-05
see,mouse,1,239,18924,5.28429507503699e-05
see,ladder,1,240,18924,5.28429507503699e-05
see,hat,1,241,18924,5.28429507503699e-05
see,helmet,1,242,18924,5.28429507503699e-05
see,fireman,1,243,18924,5.28429507503699e-05
see,nomi,1,244,18924,5.28429507503699e-05
see,honey,1,245,18924,5.28429507503699e-05
see,connecticut,1,246,18924,5.28429507503699e-05
see,sun,1,247,18924,5.28429507503699e-05
see,apple,1,248,18924,5.28429507503699e-05
see,nathaniel,1,249,18924,5.28429507503699e-05
see,love,1,250,18924,5.28429507503699e-05
see,polka+dot,1,251,18924,5.28429507503699e-05
see,job,1,252,18924,5.28429507503699e-05
see,joe,1,253,18924,5.28429507503699e-05
see,snoopy,1,254,18924,5.28429507503699e-05
see,moo,1,255,18924,5.28429507503699e-05
see,uhoh,1,256,18924,5.28429507503699e-05
see,duchess,1,257,18924,5.28429507503699e-05
see,investigator,1,258,18924,5.28429507503699e-05
see,juice,1,259,18924,5.28429507503699e-05
see,chair,1,260,18924,5.28429507503699e-05
see,blow,1,261,18924,5.28429507503699e-05
see,ya'll,1,262,18924,5.28429507503699e-05
see,katiei,1,263,18924,5.28429507503699e-05
see,globe,1,264,18924,5.28429507503699e-05
see,farmer,1,265,18924,5.28429507503699e-05
see,deer,1,266,18924,5.28429507503699e-05
see,sweetheart,1,267,18924,5.28429507503699e-05
see,matty,1,268,18924,5.28429507503699e-05
see,horn,1,269,18924,5.28429507503699e-05
see,sticker,1,270,18924,5.28429507503699e-05
see,crack,1,271,18924,5.28429507503699e-05
see,part,1,272,18924,5.28429507503699e-05
see,yo,1,273,18924,5.28429507503699e-05
see,cross,1,274,18924,5.28429507503699e-05
see,birthday,1,275,18924,5.28429507503699e-05
see,grandma,1,276,18924,5.28429507503699e-05
see,magazine,1,277,18924,5.28429507503699e-05
see,leslie,1,278,18924,5.28429507503699e-05
see,helga,1,279,18924,5.28429507503699e-05
see,cat,1,280,18924,5.28429507503699e-05
see,something,1,281,18924,5.28429507503699e-05
see,haha,1,282,18924,5.28429507503699e-05
see,program,1,283,18924,5.28429507503699e-05
see,center,1,284,18924,5.28429507503699e-05
see,dexter,1,285,18924,5.28429507503699e-05
see,harry,1,286,18924,5.28429507503699e-05
see,zach,1,287,18924,5.28429507503699e-05
see,some,1,288,18924,5.28429507503699e-05
see,kid,1,289,18924,5.28429507503699e-05
see,mark,1,290,18924,5.28429507503699e-05
see,derek,1,291,18924,5.28429507503699e-05
see,renita,1,292,18924,5.28429507503699e-05
see,jamar,1,293,18924,5.28429507503699e-05
see,thank_you,1,294,18924,5.28429507503699e-05
see,carl,1,295,18924,5.28429507503699e-05
see,stephanie,1,296,18924,5.28429507503699e-05
see,artist,1,297,18924,5.28429507503699e-05
see,joey,1,298,18924,5.28429507503699e-05
see,julia,1,299,18924,5.28429507503699e-05
see,emmitt,1,300,18924,5.28429507503699e-05
see,sherine,1,301,18924,5.28429507503699e-05
see,tony,1,302,18924,5.28429507503699e-05
see,bobby,1,303,18924,5.28429507503699e-05
see,karen,1,304,18924,5.28429507503699e-05
see,william,1,305,18924,5.28429507503699e-05
see,mallard,1,306,18924,5.28429507503699e-05
see,grandpa,1,307,18924,5.28429507503699e-05
see,call,1,308,18924,5.28429507503699e-05
see,mike,1,309,18924,5.28429507503699e-05
see,joy,1,310,18924,5.28429507503699e-05
see,toy,1,311,18924,5.28429507503699e-05
see,problem,1,312,18924,5.28429507503699e-05
see,marie,1,313,18924,5.28429507503699e-05
see,summer,1,314,18924,5.28429507503699e-05
see,oscar,1,315,18924,5.28429507503699e-05
think,i,10713,1,16937,0.6325205172108401
think,you,5455,2,16937,0.322075928440692
think,he,175,3,16937,0.01033240833677747
think,she,135,4,16937,0.007970715002656906
think,we,91,5,16937,0.005372852335124284
think,ya,56,6,16937,0.0033063706677687902
think,they,55,7,16937,0.003247328334415776
think,us,14,8,16937,0.0008265926669421976
think,who,14,9,16937,0.0008265926669421976
think,mommy,14,10,16937,0.0008265926669421976
think,people,7,11,16937,0.0004132963334710988
think,monkey,6,12,16937,0.00035425400011808466
think,what,6,13,16937,0.00035425400011808466
think,some,6,14,16937,0.00035425400011808466
think,that,5,15,16937,0.00029521166676507054
think,daddy,5,16,16937,0.00029521166676507054
think,whatcha,5,17,16937,0.00029521166676507054
think,joy,5,18,16937,0.00029521166676507054
think,it,5,19,16937,0.00029521166676507054
think,everybody,5,20,16937,0.00029521166676507054
think,kid,5,21,16937,0.00029521166676507054
think,anybody,5,22,16937,0.00029521166676507054
think,one,4,23,16937,0.00023616933341205645
think,sarah,4,24,16937,0.00023616933341205645
think,boy,3,25,16937,0.00017712700005904233
think,yourself,3,26,16937,0.00017712700005904233
think,somebody,3,27,16937,0.00017712700005904233
think,kitty,3,28,16937,0.00017712700005904233
think,chi,3,29,16937,0.00017712700005904233
think,lot,3,30,16937,0.00017712700005904233
think,joseph,3,31,16937,0.00017712700005904233
think,man,2,32,16937,0.00011808466670602822
think,mama,2,33,16937,0.00011808466670602822
think,lemme,2,34,16937,0.00011808466670602822
think,baby,2,35,16937,0.00011808466670602822
think,adam,2,36,16937,0.00011808466670602822
think,cat,2,37,16937,0.00011808466670602822
think,bird,2,38,16937,0.00011808466670602822
think,zzz,2,39,16937,0.00011808466670602822
think,ernie,2,40,16937,0.00011808466670602822
think,brother,2,41,16937,0.00011808466670602822
think,mind,2,42,16937,0.00011808466670602822
think,most,2,43,16937,0.00011808466670602822
think,bag,2,44,16937,0.00011808466670602822
think,myself,2,45,16937,0.00011808466670602822
think,story,1,46,16937,5.904233335301411e-05
think,doggie,1,47,16937,5.904233335301411e-05
think,a,1,48,16937,5.904233335301411e-05
think,mummy,1,49,16937,5.904233335301411e-05
think,swww,1,50,16937,5.904233335301411e-05
think,laura,1,51,16937,5.904233335301411e-05
think,kiki,1,52,16937,5.904233335301411e-05
think,mm,1,53,16937,5.904233335301411e-05
think,pig,1,54,16937,5.904233335301411e-05
think,yoda,1,55,16937,5.904233335301411e-05
think,toy,1,56,16937,5.904233335301411e-05
think,granny,1,57,16937,5.904233335301411e-05
think,suspender,1,58,16937,5.904233335301411e-05
think,ourselves,1,59,16937,5.904233335301411e-05
think,sara,1,60,16937,5.904233335301411e-05
think,business,1,61,16937,5.904233335301411e-05
think,potato,1,62,16937,5.904233335301411e-05
think,shem,1,63,16937,5.904233335301411e-05
think,sam,1,64,16937,5.904233335301411e-05
think,ana,1,65,16937,5.904233335301411e-05
think,huckle,1,66,16937,5.904233335301411e-05
think,firstname,1,67,16937,5.904233335301411e-05
think,woman,1,68,16937,5.904233335301411e-05
think,wanda,1,69,16937,5.904233335301411e-05
think,sherry,1,70,16937,5.904233335301411e-05
think,pussycat,1,71,16937,5.904233335301411e-05
think,craig,1,72,16937,5.904233335301411e-05
think,grover,1,73,16937,5.904233335301411e-05
think,doctor,1,74,16937,5.904233335301411e-05
think,malcolm,1,75,16937,5.904233335301411e-05
think,kitten,1,76,16937,5.904233335301411e-05
think,crow,1,77,16937,5.904233335301411e-05
think,fanny,1,78,16937,5.904233335301411e-05
think,sammy,1,79,16937,5.904233335301411e-05
think,white,1,80,16937,5.904233335301411e-05
think,felicia,1,81,16937,5.904233335301411e-05
think,guy,1,82,16937,5.904233335301411e-05
think,peter,1,83,16937,5.904233335301411e-05
think,pascal,1,84,16937,5.904233335301411e-05
think,winnie,1,85,16937,5.904233335301411e-05
think,tam,1,86,16937,5.904233335301411e-05
think,purple,1,87,16937,5.904233335301411e-05
think,caterpillar,1,88,16937,5.904233335301411e-05
think,event,1,89,16937,5.904233335301411e-05
think,nothing,1,90,16937,5.904233335301411e-05
think,this,1,91,16937,5.904233335301411e-05
think,lassie,1,92,16937,5.904233335301411e-05
think,oughta,1,93,16937,5.904233335301411e-05
think,teacher,1,94,16937,5.904233335301411e-05
think,needta,1,95,16937,5.904233335301411e-05
think,whaddya,1,96,16937,5.904233335301411e-05
think,saifi,1,97,16937,5.904233335301411e-05
think,hood,1,98,16937,5.904233335301411e-05
think,potatohead,1,99,16937,5.904233335301411e-05
think,bunny,1,100,16937,5.904233335301411e-05
think,useta,1,101,16937,5.904233335301411e-05
think,turtle,1,102,16937,5.904233335301411e-05
think,dinosaur,1,103,16937,5.904233335301411e-05
think,rufus,1,104,16937,5.904233335301411e-05
think,god,1,105,16937,5.904233335301411e-05
think,abe,1,106,16937,5.904233335301411e-05
think,mary,1,107,16937,5.904233335301411e-05
think,brian,1,108,16937,5.904233335301411e-05
think,marky,1,109,16937,5.904233335301411e-05
think,whatever,1,110,16937,5.904233335301411e-05
think,melissa,1,111,16937,5.904233335301411e-05
think,green,1,112,16937,5.904233335301411e-05
think,whoop,1,113,16937,5.904233335301411e-05
think,yo,1,114,16937,5.904233335301411e-05
think,mom,1,115,16937,5.904233335301411e-05
think,farmer,1,116,16937,5.904233335301411e-05
think,hadta,1,117,16937,5.904233335301411e-05
think,momma,1,118,16937,5.904233335301411e-05
think,fishie,1,119,16937,5.904233335301411e-05
think,hum,1,120,16937,5.904233335301411e-05
think,leslie,1,121,16937,5.904233335301411e-05
think,long_neck,1,122,16937,5.904233335301411e-05
think,helga,1,123,16937,5.904233335301411e-05
think,wanna,1,124,16937,5.904233335301411e-05
think,harry,1,125,16937,5.904233335301411e-05
think,jason,1,126,16937,5.904233335301411e-05
think,mia,1,127,16937,5.904233335301411e-05
think,vanessa,1,128,16937,5.904233335301411e-05
think,ma,1,129,16937,5.904233335301411e-05
think,trina,1,130,16937,5.904233335301411e-05
think,joey,1,131,16937,5.904233335301411e-05
think,elliot,1,132,16937,5.904233335301411e-05
think,daniel,1,133,16937,5.904233335301411e-05
think,thumper,1,134,16937,5.904233335301411e-05
think,david,1,135,16937,5.904233335301411e-05
think,william,1,136,16937,5.904233335301411e-05
think,mother,1,137,16937,5.904233335301411e-05
think,graeme,1,138,16937,5.904233335301411e-05
want,you,11320,1,16870,0.6710136336692353
want,i,2652,2,16870,0.15720213396561944
want,he,726,3,16870,0.04303497332542976
want,she,580,4,16870,0.03438055720213397
want,we,199,5,16870,0.011796087729697688
want,they,157,6,16870,0.00930646117368109
want,who,154,7,16870,0.009128630705394191
want,ya,112,8,16870,0.006639004149377593
want,mommy,107,9,16870,0.006342620035566094
want,daddy,67,10,16870,0.003971547125074096
want,anybody,36,11,16870,0.0021339656194427977
want,it,26,12,16870,0.0015411973918197984
want,mama,18,13,16870,0.0010669828097213988
want,baby,18,14,16870,0.0010669828097213988
want,whatcha,16,15,16870,0.000948429164196799
want,one,15,16,16870,0.0008891523414344991
want,that,14,17,16870,0.0008298755186721991
want,chi,14,18,16870,0.0008298755186721991
want,laura,12,19,16870,0.0007113218731475993
want,people,11,20,16870,0.0006520450503852993
want,guy,11,21,16870,0.0006520450503852993
want,kitty,11,22,16870,0.0006520450503852993
want,elmo,11,23,16870,0.0006520450503852993
want,mom,11,24,16870,0.0006520450503852993
want,doggie,10,25,16870,0.0005927682276229994
want,nobody,10,26,16870,0.0005927682276229994
want,boy,8,27,16870,0.0004742145820983995
want,mother,8,28,16870,0.0004742145820983995
want,oliver,8,29,16870,0.0004742145820983995
want,camel,8,30,16870,0.0004742145820983995
want,everybody,7,31,16870,0.0004149377593360996
want,somebody,6,32,16870,0.00035566093657379963
want,dog,6,33,16870,0.00035566093657379963
want,lady,6,34,16870,0.00035566093657379963
want,friend,6,35,16870,0.00035566093657379963
want,cow,6,36,16870,0.00035566093657379963
want,abe,6,37,16870,0.00035566093657379963
want,nomi,6,38,16870,0.00035566093657379963
want,peter,5,39,16870,0.0002963841138114997
want,patsy,5,40,16870,0.0002963841138114997
want,jenny,5,41,16870,0.0002963841138114997
want,horse,5,42,16870,0.0002963841138114997
want,jaylen,5,43,16870,0.0002963841138114997
want,adam,5,44,16870,0.0002963841138114997
want,eve,5,45,16870,0.0002963841138114997
want,bro,5,46,16870,0.0002963841138114997
want,anyone,5,47,16870,0.0002963841138114997
want,carl,5,48,16870,0.0002963841138114997
want,nana,4,49,16870,0.00023710729104919976
want,cat,4,50,16870,0.00023710729104919976
want,someone,4,51,16870,0.00023710729104919976
want,shem,4,52,16870,0.00023710729104919976
want,elephant,4,53,16870,0.00023710729104919976
want,usher,4,54,16870,0.00023710729104919976
want,dad,4,55,16870,0.00023710729104919976
want,joe,4,56,16870,0.00023710729104919976
want,donkey,4,57,16870,0.00023710729104919976
want,pony,4,58,16870,0.00023710729104919976
want,joseph,4,59,16870,0.00023710729104919976
want,kid,3,60,16870,0.00017783046828689981
want,gail,3,61,16870,0.00017783046828689981
want,man,3,62,16870,0.00017783046828689981
want,alligator,3,63,16870,0.00017783046828689981
want,pete,3,64,16870,0.00017783046828689981
want,girl,3,65,16870,0.00017783046828689981
want,what,3,66,16870,0.00017783046828689981
want,monkey,3,67,16870,0.00017783046828689981
want,jwww,3,68,16870,0.00017783046828689981
want,mummy,3,69,16870,0.00017783046828689981
want,mandy,3,70,16870,0.00017783046828689981
want,bear,3,71,16870,0.00017783046828689981
want,horsie,3,72,16870,0.00017783046828689981
want,henry,3,73,16870,0.00017783046828689981
want,lion,3,74,16870,0.00017783046828689981
want,paul,3,75,16870,0.00017783046828689981
want,fraser,3,76,16870,0.00017783046828689981
want,truck,3,77,16870,0.00017783046828689981
want,marty,3,78,16870,0.00017783046828689981
want,donald,3,79,16870,0.00017783046828689981
want,firstname,3,80,16870,0.00017783046828689981
want,andy,3,81,16870,0.00017783046828689981
want,johnny,3,82,16870,0.00017783046828689981
want,momma,3,83,16870,0.00017783046828689981
want,bunny,3,84,16870,0.00017783046828689981
want,the,3,85,16870,0.00017783046828689981
want,hippo,3,86,16870,0.00017783046828689981
want,bird,3,87,16870,0.00017783046828689981
want,duck,3,88,16870,0.00017783046828689981
want,katy,3,89,16870,0.00017783046828689981
want,digger,3,90,16870,0.00017783046828689981
want,graeme,3,91,16870,0.00017783046828689981
want,teddy,2,92,16870,0.00011855364552459988
want,dragon,2,93,16870,0.00011855364552459988
want,puppet,2,94,16870,0.00011855364552459988
want,sister,2,95,16870,0.00011855364552459988
want,whoever,2,96,16870,0.00011855364552459988
want,timmy,2,97,16870,0.00011855364552459988
want,kitty+cat,2,98,16870,0.00011855364552459988
want,piggy,2,99,16870,0.00011855364552459988
want,puppy,2,100,16870,0.00011855364552459988
want,tabitha,2,101,16870,0.00011855364552459988
want,robin,2,102,16870,0.00011855364552459988
want,oop,2,103,16870,0.00011855364552459988
want,sarah,2,104,16870,0.00011855364552459988
want,don,2,105,16870,0.00011855364552459988
want,both,2,106,16870,0.00011855364552459988
want,oscar,2,107,16870,0.00011855364552459988
want,ana,2,108,16870,0.00011855364552459988
want,daughter,2,109,16870,0.00011855364552459988
want,teacher,2,110,16870,0.00011855364552459988
want,andrea,2,111,16870,0.00011855364552459988
want,nicky,2,112,16870,0.00011855364552459988
want,owl,2,113,16870,0.00011855364552459988
want,car,2,114,16870,0.00011855364552459988
want,brother,2,115,16870,0.00011855364552459988
want,albert,2,116,16870,0.00011855364552459988
want,goat,2,117,16870,0.00011855364552459988
want,karen,2,118,16870,0.00011855364552459988
want,mary,2,119,16870,0.00011855364552459988
want,sheep,2,120,16870,0.00011855364552459988
want,chrissy,2,121,16870,0.00011855364552459988
want,jane,2,122,16870,0.00011855364552459988
want,tom,2,123,16870,0.00011855364552459988
want,lamb,2,124,16870,0.00011855364552459988
want,nurse,2,125,16870,0.00011855364552459988
want,investigator,2,126,16870,0.00011855364552459988
want,biddy,2,127,16870,0.00011855364552459988
want,tape,2,128,16870,0.00011855364552459988
want,scotty,2,129,16870,0.00011855364552459988
want,ryan,2,130,16870,0.00011855364552459988
want,grandma,2,131,16870,0.00011855364552459988
want,danny,2,132,16870,0.00011855364552459988
want,julia,2,133,16870,0.00011855364552459988
want,steven,2,134,16870,0.00011855364552459988
want,nan,1,135,16870,5.927682276229994e-05
want,rouse,1,136,16870,5.927682276229994e-05
want,bunny+rabbit,1,137,16870,5.927682276229994e-05
want,dada,1,138,16870,5.927682276229994e-05
want,flower,1,139,16870,5.927682276229994e-05
want,wagon,1,140,16870,5.927682276229994e-05
want,lois,1,141,16870,5.927682276229994e-05
want,jennifer,1,142,16870,5.927682276229994e-05
want,jen,1,143,16870,5.927682276229994e-05
want,wolf,1,144,16870,5.927682276229994e-05
want,clown,1,145,16870,5.927682276229994e-05
want,noell,1,146,16870,5.927682276229994e-05
want,dwww,1,147,16870,5.927682276229994e-05
want,ahoh,1,148,16870,5.927682276229994e-05
want,swww,1,149,16870,5.927682276229994e-05
want,any,1,150,16870,5.927682276229994e-05
want,eighth,1,151,16870,5.927682276229994e-05
want,nanny_twww,1,152,16870,5.927682276229994e-05
want,linda,1,153,16870,5.927682276229994e-05
want,mr_white,1,154,16870,5.927682276229994e-05
want,pwww,1,155,16870,5.927682276229994e-05
want,most,1,156,16870,5.927682276229994e-05
want,awww,1,157,16870,5.927682276229994e-05
want,mrs_jwww,1,158,16870,5.927682276229994e-05
want,nap,1,159,16870,5.927682276229994e-05
want,roo,1,160,16870,5.927682276229994e-05
want,simba,1,161,16870,5.927682276229994e-05
want,ty,1,162,16870,5.927682276229994e-05
want,megan,1,163,16870,5.927682276229994e-05
want,dakota,1,164,16870,5.927682276229994e-05
want,picachu,1,165,16870,5.927682276229994e-05
want,fisher,1,166,16870,5.927682276229994e-05
want,woody,1,167,16870,5.927682276229994e-05
want,baebae,1,168,16870,5.927682276229994e-05
want,suitcase,1,169,16870,5.927682276229994e-05
want,wanna,1,170,16870,5.927682276229994e-05
want,rusty,1,171,16870,5.927682276229994e-05
want,whale,1,172,16870,5.927682276229994e-05
want,kathy,1,173,16870,5.927682276229994e-05
want,papa,1,174,16870,5.927682276229994e-05
want,cromer,1,175,16870,5.927682276229994e-05
want,marion,1,176,16870,5.927682276229994e-05
want,chantilly,1,177,16870,5.927682276229994e-05
want,chief,1,178,16870,5.927682276229994e-05
want,grampy,1,179,16870,5.927682276229994e-05
want,sandwich,1,180,16870,5.927682276229994e-05
want,jump,1,181,16870,5.927682276229994e-05
want,rabbit,1,182,16870,5.927682276229994e-05
want,binky,1,183,16870,5.927682276229994e-05
want,anything,1,184,16870,5.927682276229994e-05
want,anna,1,185,16870,5.927682276229994e-05
want,harriet,1,186,16870,5.927682276229994e-05
want,gambler,1,187,16870,5.927682276229994e-05
want,microphone,1,188,16870,5.927682276229994e-05
want,trevor,1,189,16870,5.927682276229994e-05
want,chris,1,190,16870,5.927682276229994e-05
want,stefan,1,191,16870,5.927682276229994e-05
want,eric,1,192,16870,5.927682276229994e-05
want,martin,1,193,16870,5.927682276229994e-05
want,olivia,1,194,16870,5.927682276229994e-05
want,house,1,195,16870,5.927682276229994e-05
want,everyone,1,196,16870,5.927682276229994e-05
want,bert,1,197,16870,5.927682276229994e-05
want,bonnie,1,198,16870,5.927682276229994e-05
want,oyou,1,199,16870,5.927682276229994e-05
want,ellen,1,200,16870,5.927682276229994e-05
want,brad,1,201,16870,5.927682276229994e-05
want,nikki,1,202,16870,5.927682276229994e-05
want,anne,1,203,16870,5.927682276229994e-05
want,susan,1,204,16870,5.927682276229994e-05
want,felicia,1,205,16870,5.927682276229994e-05
want,pascal,1,206,16870,5.927682276229994e-05
want,crew,1,207,16870,5.927682276229994e-05
want,chi'll,1,208,16870,5.927682276229994e-05
want,cola,1,209,16870,5.927682276229994e-05
want,christine,1,210,16870,5.927682276229994e-05
want,barbara,1,211,16870,5.927682276229994e-05
want,whatchou,1,212,16870,5.927682276229994e-05
want,mikey,1,213,16870,5.927682276229994e-05
want,cuddle,1,214,16870,5.927682276229994e-05
want,either,1,215,16870,5.927682276229994e-05
want,sis,1,216,16870,5.927682276229994e-05
want,fishie,1,217,16870,5.927682276229994e-05
want,lou,1,218,16870,5.927682276229994e-05
want,luis,1,219,16870,5.927682276229994e-05
want,thank_you,1,220,16870,5.927682276229994e-05
want,yeh,1,221,16870,5.927682276229994e-05
want,cinderella,1,222,16870,5.927682276229994e-05
want,bug,1,223,16870,5.927682276229994e-05
want,terry,1,224,16870,5.927682276229994e-05
want,erine,1,225,16870,5.927682276229994e-05
want,ross,1,226,16870,5.927682276229994e-05
want,rossy,1,227,16870,5.927682276229994e-05
want,peepish,1,228,16870,5.927682276229994e-05
want,cathy,1,229,16870,5.927682276229994e-05
want,honey,1,230,16870,5.927682276229994e-05
want,sue,1,231,16870,5.927682276229994e-05
want,whoa,1,232,16870,5.927682276229994e-05
want,care_bear,1,233,16870,5.927682276229994e-05
want,dino,1,234,16870,5.927682276229994e-05
want,rachel,1,235,16870,5.927682276229994e-05
want,kitten,1,236,16870,5.927682276229994e-05
want,nathan,1,237,16870,5.927682276229994e-05
want,cookie_monster,1,238,16870,5.927682276229994e-05
want,zach,1,239,16870,5.927682276229994e-05
want,oil,1,240,16870,5.927682276229994e-05
want,chicken,1,241,16870,5.927682276229994e-05
want,melissa,1,242,16870,5.927682276229994e-05
want,chicken'll,1,243,16870,5.927682276229994e-05
want,bonk,1,244,16870,5.927682276229994e-05
want,katie,1,245,16870,5.927682276229994e-05
want,pal,1,246,16870,5.927682276229994e-05
want,yep,1,247,16870,5.927682276229994e-05
want,brittany,1,248,16870,5.927682276229994e-05
want,sally,1,249,16870,5.927682276229994e-05
want,train,1,250,16870,5.927682276229994e-05
want,kalie,1,251,16870,5.927682276229994e-05
want,beach,1,252,16870,5.927682276229994e-05
want,which,1,253,16870,5.927682276229994e-05
want,goldie,1,254,16870,5.927682276229994e-05
want,kangaroo,1,255,16870,5.927682276229994e-05
want,beanice,1,256,16870,5.927682276229994e-05
want,kim,1,257,16870,5.927682276229994e-05
want,whatever,1,258,16870,5.927682276229994e-05
want,nathaniel,1,259,16870,5.927682276229994e-05
want,baaee,1,260,16870,5.927682276229994e-05
want,renee,1,261,16870,5.927682276229994e-05
want,nina,1,262,16870,5.927682276229994e-05
want,snoopy,1,263,16870,5.927682276229994e-05
want,doll,1,264,16870,5.927682276229994e-05
want,story,1,265,16870,5.927682276229994e-05
want,our,1,266,16870,5.927682276229994e-05
want,poy,1,267,16870,5.927682276229994e-05
want,mouse,1,268,16870,5.927682276229994e-05
want,baba,1,269,16870,5.927682276229994e-05
want,grammy,1,270,16870,5.927682276229994e-05
want,parent,1,271,16870,5.927682276229994e-05
want,gumby,1,272,16870,5.927682276229994e-05
want,simon,1,273,16870,5.927682276229994e-05
want,alexandra,1,274,16870,5.927682276229994e-05
want,sara,1,275,16870,5.927682276229994e-05
want,andrew,1,276,16870,5.927682276229994e-05
want,matter,1,277,16870,5.927682276229994e-05
want,amye,1,278,16870,5.927682276229994e-05
want,aunt_carey,1,279,16870,5.927682276229994e-05
want,patchy,1,280,16870,5.927682276229994e-05
want,emma,1,281,16870,5.927682276229994e-05
want,avril,1,282,16870,5.927682276229994e-05
want,jenell,1,283,16870,5.927682276229994e-05
want,pie,1,284,16870,5.927682276229994e-05
want,buddy,1,285,16870,5.927682276229994e-05
want,yo,1,286,16870,5.927682276229994e-05
want,sammy,1,287,16870,5.927682276229994e-05
want,matty,1,288,16870,5.927682276229994e-05
want,dinosaur,1,289,16870,5.927682276229994e-05
want,custodian,1,290,16870,5.927682276229994e-05
want,kind_of,1,291,16870,5.927682276229994e-05
want,brett,1,292,16870,5.927682276229994e-05
want,michele,1,293,16870,5.927682276229994e-05
want,heart,1,294,16870,5.927682276229994e-05
want,tony,1,295,16870,5.927682276229994e-05
want,john,1,296,16870,5.927682276229994e-05
want,colette,1,297,16870,5.927682276229994e-05
want,maurice,1,298,16870,5.927682276229994e-05
want,jeffery,1,299,16870,5.927682276229994e-05
want,remi,1,300,16870,5.927682276229994e-05
want,tunde,1,301,16870,5.927682276229994e-05
want,jones,1,302,16870,5.927682276229994e-05
want,uncle,1,303,16870,5.927682276229994e-05
want,edward,1,304,16870,5.927682276229994e-05
want,herbie,1,305,16870,5.927682276229994e-05
want,trina,1,306,16870,5.927682276229994e-05
want,gab,1,307,16870,5.927682276229994e-05
want,bernstein,1,308,16870,5.927682276229994e-05
want,joey,1,309,16870,5.927682276229994e-05
want,gabriel,1,310,16870,5.927682276229994e-05
want,daniel,1,311,16870,5.927682276229994e-05
want,bambi,1,312,16870,5.927682276229994e-05
want,beast,1,313,16870,5.927682276229994e-05
want,robbie,1,314,16870,5.927682276229994e-05
want,pola,1,315,16870,5.927682276229994e-05
want,dom,1,316,16870,5.927682276229994e-05
want,ronny,1,317,16870,5.927682276229994e-05
want,michael,1,318,16870,5.927682276229994e-05
want,lena,1,319,16870,5.927682276229994e-05
want,marie,1,320,16870,5.927682276229994e-05
want,angel,1,321,16870,5.927682276229994e-05
want,fred,1,322,16870,5.927682276229994e-05
want,freddy,1,323,16870,5.927682276229994e-05
want,bite,1,324,16870,5.927682276229994e-05
want,aislinn,1,325,16870,5.927682276229994e-05
want,santa_claus,1,326,16870,5.927682276229994e-05
want,rah,1,327,16870,5.927682276229994e-05
want,rue,1,328,16870,5.927682276229994e-05
want,david,1,329,16870,5.927682276229994e-05
say,you,4339,1,14734,0.29448893715216506
say,i,1605,2,14734,0.10893172254649111
say,he,1577,3,14734,0.10703135604723768
say,she,1081,4,14734,0.07336772091760554
say,it,841,5,14734,0.05707886520971902
say,they,326,6,14734,0.02212569566987919
say,that,261,7,14734,0.01771413058232659
say,we,191,8,14734,0.012963214334193023
say,who,176,9,14734,0.011945160852450116
say,mommy,167,10,14734,0.01133432876340437
say,bear,155,11,14734,0.010519885978010044
say,this,120,12,14734,0.00814442785394326
say,cow,99,13,14734,0.00671915297950319
say,duck,88,14,14734,0.005972580426225058
say,idea,87,15,14734,0.005904710194108864
say,daddy,86,16,14734,0.00583683996199267
say,my,77,17,14734,0.005226007872946925
say,mother,66,18,14734,0.0044794353196687935
say,kitty,65,19,14734,0.0044115650875526
say,cat,63,20,14734,0.0042758246233202115
say,one,62,21,14734,0.004207954391204018
say,mama,61,22,14734,0.004140084159087824
say,us,58,23,14734,0.003936473462739243
say,doggie,56,24,14734,0.0038007329985068547
say,bird,52,25,14734,0.0035292520700420794
say,owl,49,26,14734,0.003325641373693498
say,wanna,45,27,14734,0.0030541604452287226
say,nomi,43,28,14734,0.002918419980996335
say,nobody,41,29,14734,0.0027826795167639473
say,mom,38,30,14734,0.0025790688204153658
say,horsie,34,31,14734,0.0023075878919505905
say,simple_simon,32,32,14734,0.0021718474277182026
say,dog,28,33,14734,0.0019003664992534273
say,lion,28,34,14734,0.0019003664992534273
say,sheep,27,35,14734,0.0018324962671372336
say,ya,26,36,14734,0.0017646260350210397
say,kitty+cat,26,37,14734,0.0017646260350210397
say,laura,26,38,14734,0.0017646260350210397
say,rabbit,25,39,14734,0.001696755802904846
say,horse,25,40,14734,0.001696755802904846
say,lady,25,41,14734,0.001696755802904846
say,fish,25,42,14734,0.001696755802904846
say,rooster,24,43,14734,0.001628885570788652
say,pig,23,44,14734,0.0015610153386724584
say,teacher,23,45,14734,0.0015610153386724584
say,what,22,46,14734,0.0014931451065562644
say,ross,22,47,14734,0.0014931451065562644
say,girl,21,48,14734,0.0014252748744400705
say,baby,20,49,14734,0.0013574046423238768
say,man,20,50,14734,0.0013574046423238768
say,ernie,20,51,14734,0.0013574046423238768
say,no,20,52,14734,0.0013574046423238768
say,dad,20,53,14734,0.0013574046423238768
say,chicken,19,54,14734,0.0012895344102076829
say,doctor,19,55,14734,0.0012895344102076829
say,grover,19,56,14734,0.0012895344102076829
say,book,18,57,14734,0.0012216641780914892
say,geese,18,58,14734,0.0012216641780914892
say,adam,18,59,14734,0.0012216641780914892
say,boy,17,60,14734,0.0011537939459752952
say,people,17,61,14734,0.0011537939459752952
say,piggy,17,62,14734,0.0011537939459752952
say,hyena,17,63,14734,0.0011537939459752952
say,animal,17,64,14734,0.0011537939459752952
say,frog,17,65,14734,0.0011537939459752952
say,turkey,16,66,14734,0.0010859237138591013
say,bunny,16,67,14734,0.0010859237138591013
say,lewis,16,68,14734,0.0010859237138591013
say,kid,15,69,14734,0.0010180534817429076
say,grandma,15,70,14734,0.0010180534817429076
say,donkey,15,71,14734,0.0010180534817429076
say,bert,15,72,14734,0.0010180534817429076
say,pooh,14,73,14734,0.0009501832496267137
say,sister,14,74,14734,0.0009501832496267137
say,lamb,13,75,14734,0.0008823130175105199
say,robin,13,76,14734,0.0008823130175105199
say,birdie,13,77,14734,0.0008823130175105199
say,nana,13,78,14734,0.0008823130175105199
say,elephant,13,79,14734,0.0008823130175105199
say,policeman,13,80,14734,0.0008823130175105199
say,kit,13,81,14734,0.0008823130175105199
say,sarah,12,82,14734,0.000814442785394326
say,donald,12,83,14734,0.000814442785394326
say,doggy,11,84,14734,0.0007465725532781322
say,goat,11,85,14734,0.0007465725532781322
say,mouse,11,86,14734,0.0007465725532781322
say,everybody,11,87,14734,0.0007465725532781322
say,meow,10,88,14734,0.0006787023211619384
say,woof,10,89,14734,0.0006787023211619384
say,driver,10,90,14734,0.0006787023211619384
say,joseph,10,91,14734,0.0006787023211619384
say,snake,10,92,14734,0.0006787023211619384
say,word,10,93,14734,0.0006787023211619384
say,chi,10,94,14734,0.0006787023211619384
say,grandpa,10,95,14734,0.0006787023211619384
say,piggie,9,96,14734,0.0006108320890457446
say,turtle,9,97,14734,0.0006108320890457446
say,monkey,9,98,14734,0.0006108320890457446
say,father,9,99,14734,0.0006108320890457446
say,claude,9,100,14734,0.0006108320890457446
say,rosamund,9,101,14734,0.0006108320890457446
say,peter,8,102,14734,0.0005429618569295507
say,somebody,8,103,14734,0.0005429618569295507
say,brisco,8,104,14734,0.0005429618569295507
say,moo,8,105,14734,0.0005429618569295507
say,duckie,8,106,14734,0.0005429618569295507
say,giraffe,8,107,14734,0.0005429618569295507
say,jack,8,108,14734,0.0005429618569295507
say,maria,8,109,14734,0.0005429618569295507
say,cinderella,8,110,14734,0.0005429618569295507
say,guy,8,111,14734,0.0005429618569295507
say,crocodile,8,112,14734,0.0005429618569295507
say,thing,7,113,14734,0.00047509162481335684
say,train,7,114,14734,0.00047509162481335684
say,car,7,115,14734,0.00047509162481335684
say,simon,7,116,14734,0.00047509162481335684
say,morgan,7,117,14734,0.00047509162481335684
say,goose,7,118,14734,0.00047509162481335684
say,sign,7,119,14734,0.00047509162481335684
say,dear,7,120,14734,0.00047509162481335684
say,farmer,7,121,14734,0.00047509162481335684
say,max,7,122,14734,0.00047509162481335684
say,ann,7,123,14734,0.00047509162481335684
say,fox,7,124,14734,0.00047509162481335684
say,michael,7,125,14734,0.00047509162481335684
say,hasta,7,126,14734,0.00047509162481335684
say,momma,6,127,14734,0.000407221392697163
say,dada,6,128,14734,0.000407221392697163
say,squawky,6,129,14734,0.000407221392697163
say,mandy,6,130,14734,0.000407221392697163
say,wolf,6,131,14734,0.000407221392697163
say,god,6,132,14734,0.000407221392697163
say,bee,6,133,14734,0.000407221392697163
say,cookie_monster,6,134,14734,0.000407221392697163
say,woman,6,135,14734,0.000407221392697163
say,bug,6,136,14734,0.000407221392697163
say,millisandy,6,137,14734,0.000407221392697163
say,shirt,6,138,14734,0.000407221392697163
say,something,6,139,14734,0.000407221392697163
say,bambi,6,140,14734,0.000407221392697163
say,spinner,6,141,14734,0.000407221392697163
say,wait,6,142,14734,0.000407221392697163
say,franklin,6,143,14734,0.000407221392697163
say,kristen,6,144,14734,0.000407221392697163
say,carl,6,145,14734,0.000407221392697163
say,camel,5,146,14734,0.0003393511605809692
say,paul,5,147,14734,0.0003393511605809692
say,anyone,5,148,14734,0.0003393511605809692
say,mummy,5,149,14734,0.0003393511605809692
say,child,5,150,14734,0.0003393511605809692
say,neigh,5,151,14734,0.0003393511605809692
say,truck,5,152,14734,0.0003393511605809692
say,mickey,5,153,14734,0.0003393511605809692
say,timmy,5,154,14734,0.0003393511605809692
say,chickie,5,155,14734,0.0003393511605809692
say,dyeisha,5,156,14734,0.0003393511605809692
say,hello,5,157,14734,0.0003393511605809692
say,story,5,158,14734,0.0003393511605809692
say,clock,5,159,14734,0.0003393511605809692
say,donny,5,160,14734,0.0003393511605809692
say,page,5,161,14734,0.0003393511605809692
say,nothing,5,162,14734,0.0003393511605809692
say,house,5,163,14734,0.0003393511605809692
say,anybody,5,164,14734,0.0003393511605809692
say,mary,5,165,14734,0.0003393511605809692
say,nelson,5,166,14734,0.0003393511605809692
say,ma,5,167,14734,0.0003393511605809692
say,bro,5,168,14734,0.0003393511605809692
say,time,5,169,14734,0.0003393511605809692
say,kermit,5,170,14734,0.0003393511605809692
say,papa,5,171,14734,0.0003393511605809692
say,andy,5,172,14734,0.0003393511605809692
say,nancy,5,173,14734,0.0003393511605809692
say,katie,5,174,14734,0.0003393511605809692
say,georgie,5,175,14734,0.0003393511605809692
say,catherine,5,176,14734,0.0003393511605809692
say,roland,5,177,14734,0.0003393511605809692
say,everyone,4,178,14734,0.00027148092846477533
say,clown,4,179,14734,0.00027148092846477533
say,chick,4,180,14734,0.00027148092846477533
say,eyeore,4,181,14734,0.00027148092846477533
say,woody,4,182,14734,0.00027148092846477533
say,maggie,4,183,14734,0.00027148092846477533
say,these,4,184,14734,0.00027148092846477533
say,hen,4,185,14734,0.00027148092846477533
say,sally,4,186,14734,0.00027148092846477533
say,b,4,187,14734,0.00027148092846477533
say,fear,4,188,14734,0.00027148092846477533
say,your,4,189,14734,0.00027148092846477533
say,indian,4,190,14734,0.00027148092846477533
say,parrot,4,191,14734,0.00027148092846477533
say,charlie,4,192,14734,0.00027148092846477533
say,myself,4,193,14734,0.00027148092846477533
say,yuck,4,194,14734,0.00027148092846477533
say,hm,4,195,14734,0.00027148092846477533
say,monster,4,196,14734,0.00027148092846477533
say,swamp,4,197,14734,0.00027148092846477533
say,name,4,198,14734,0.00027148092846477533
say,bean,4,199,14734,0.00027148092846477533
say,christopher,4,200,14734,0.00027148092846477533
say,lou,4,201,14734,0.00027148092846477533
say,tom,4,202,14734,0.00027148092846477533
say,pinocchio,4,203,14734,0.00027148092846477533
say,stromboli,4,204,14734,0.00027148092846477533
say,marky,4,205,14734,0.00027148092846477533
say,useta,4,206,14734,0.00027148092846477533
say,debbie,4,207,14734,0.00027148092846477533
say,wife,4,208,14734,0.00027148092846477533
say,tweet,4,209,14734,0.00027148092846477533
say,dinosaur,4,210,14734,0.00027148092846477533
say,engine,4,211,14734,0.00027148092846477533
say,bobby,4,212,14734,0.00027148092846477533
say,remi,4,213,14734,0.00027148092846477533
say,someone,3,214,14734,0.0002036106963485815
say,which,3,215,14734,0.0002036106963485815
say,jenny,3,216,14734,0.0002036106963485815
say,gwww,3,217,14734,0.0002036106963485815
say,recorder,3,218,14734,0.0002036106963485815
say,puppet,3,219,14734,0.0002036106963485815
say,danny,3,220,14734,0.0002036106963485815
say,noah,3,221,14734,0.0002036106963485815
say,sammy,3,222,14734,0.0002036106963485815
say,shoe,3,223,14734,0.0002036106963485815
say,dillon,3,224,14734,0.0002036106963485815
say,cock_a_doodle_doo,3,225,14734,0.0002036106963485815
say,elmo,3,226,14734,0.0002036106963485815
say,bus,3,227,14734,0.0002036106963485815
say,choo,3,228,14734,0.0002036106963485815
say,whatcha,3,229,14734,0.0002036106963485815
say,baebae,3,230,14734,0.0002036106963485815
say,giant,3,231,14734,0.0002036106963485815
say,mine,3,232,14734,0.0002036106963485815
say,johnny,3,233,14734,0.0002036106963485815
say,eleanor,3,234,14734,0.0002036106963485815
say,lot,3,235,14734,0.0002036106963485815
say,marty,3,236,14734,0.0002036106963485815
say,oliver,3,237,14734,0.0002036106963485815
say,song,3,238,14734,0.0002036106963485815
say,box,3,239,14734,0.0002036106963485815
say,sandy,3,240,14734,0.0002036106963485815
say,mathilda,3,241,14734,0.0002036106963485815
say,come,3,242,14734,0.0002036106963485815
say,dress,3,243,14734,0.0002036106963485815
say,annie,3,244,14734,0.0002036106963485815
say,cindy,3,245,14734,0.0002036106963485815
say,baa,3,246,14734,0.0002036106963485815
say,day,3,247,14734,0.0002036106963485815
say,worm,3,248,14734,0.0002036106963485815
say,hood,3,249,14734,0.0002036106963485815
say,judy,3,250,14734,0.0002036106963485815
say,stepmother,3,251,14734,0.0002036106963485815
say,michelle,3,252,14734,0.0002036106963485815
say,brian,3,253,14734,0.0002036106963485815
say,king,3,254,14734,0.0002036106963485815
say,maura,3,255,14734,0.0002036106963485815
say,puppy,3,256,14734,0.0002036106963485815
say,hafta,3,257,14734,0.0002036106963485815
say,nathaniel,3,258,14734,0.0002036106963485815
say,nina,3,259,14734,0.0002036106963485815
say,james,3,260,14734,0.0002036106963485815
say,eric,3,261,14734,0.0002036106963485815
say,luke,3,262,14734,0.0002036106963485815
say,kim,3,263,14734,0.0002036106963485815
say,keisha,3,264,14734,0.0002036106963485815
say,graeme,3,265,14734,0.0002036106963485815
say,emmitt,3,266,14734,0.0002036106963485815
say,david,3,267,14734,0.0002036106963485815
say,cracker,2,268,14734,0.00013574046423238766
say,squirrel,2,269,14734,0.00013574046423238766
say,chico,2,270,14734,0.00013574046423238766
say,stranger,2,271,14734,0.00013574046423238766
say,friend,2,272,14734,0.00013574046423238766
say,bill,2,273,14734,0.00013574046423238766
say,bell,2,274,14734,0.00013574046423238766
say,cheese,2,275,14734,0.00013574046423238766
say,swww,2,276,14734,0.00013574046423238766
say,jwww,2,277,14734,0.00013574046423238766
say,rwww,2,278,14734,0.00013574046423238766
say,honk,2,279,14734,0.00013574046423238766
say,quack,2,280,14734,0.00013574046423238766
say,kanga,2,281,14734,0.00013574046423238766
say,juice,2,282,14734,0.00013574046423238766
say,dollie,2,283,14734,0.00013574046423238766
say,needta,2,284,14734,0.00013574046423238766
say,pony,2,285,14734,0.00013574046423238766
say,duckling,2,286,14734,0.00013574046423238766
say,brooklyn,2,287,14734,0.00013574046423238766
say,whoop,2,288,14734,0.00013574046423238766
say,puppy+dog,2,289,14734,0.00013574046423238766
say,circle,2,290,14734,0.00013574046423238766
say,squeaky,2,291,14734,0.00013574046423238766
say,joe,2,292,14734,0.00013574046423238766
say,clifford,2,293,14734,0.00013574046423238766
say,ladybug,2,294,14734,0.00013574046423238766
say,alex,2,295,14734,0.00013574046423238766
say,cheeto,2,296,14734,0.00013574046423238766
say,eve,2,297,14734,0.00013574046423238766
say,bible,2,298,14734,0.00013574046423238766
say,dictionary,2,299,14734,0.00013574046423238766
say,bobo,2,300,14734,0.00013574046423238766
say,cup,2,301,14734,0.00013574046423238766
say,ursula,2,302,14734,0.00013574046423238766
say,dentist,2,303,14734,0.00013574046423238766
say,cookie,2,304,14734,0.00013574046423238766
say,church,2,305,14734,0.00013574046423238766
say,blanche,2,306,14734,0.00013574046423238766
say,valentine,2,307,14734,0.00013574046423238766
say,brother,2,308,14734,0.00013574046423238766
say,shem,2,309,14734,0.00013574046423238766
say,doll,2,310,14734,0.00013574046423238766
say,door,2,311,14734,0.00013574046423238766
say,trick,2,312,14734,0.00013574046423238766
say,claus,2,313,14734,0.00013574046423238766
say,chris,2,314,14734,0.00013574046423238766
say,heidi,2,315,14734,0.00013574046423238766
say,picture,2,316,14734,0.00013574046423238766
say,firstname,2,317,14734,0.00013574046423238766
say,any,2,318,14734,0.00013574046423238766
say,guard,2,319,14734,0.00013574046423238766
say,sharon,2,320,14734,0.00013574046423238766
say,knight,2,321,14734,0.00013574046423238766
say,problem,2,322,14734,0.00013574046423238766
say,bonnet,2,323,14734,0.00013574046423238766
say,egg,2,324,14734,0.00013574046423238766
say,flower,2,325,14734,0.00013574046423238766
say,bed,2,326,14734,0.00013574046423238766
say,refrigerator,2,327,14734,0.00013574046423238766
say,blandsworth,2,328,14734,0.00013574046423238766
say,mm,2,329,14734,0.00013574046423238766
say,ahhah,2,330,14734,0.00013574046423238766
say,cluck,2,331,14734,0.00013574046423238766
say,jones,2,332,14734,0.00013574046423238766
say,snowman,2,333,14734,0.00013574046423238766
say,caterpillar,2,334,14734,0.00013574046423238766
say,santa,2,335,14734,0.00013574046423238766
say,oughta,2,336,14734,0.00013574046423238766
say,don,2,337,14734,0.00013574046423238766
say,billy,2,338,14734,0.00013574046423238766
say,white,2,339,14734,0.00013574046423238766
say,witch,2,340,14734,0.00013574046423238766
say,anne,2,341,14734,0.00013574046423238766
say,yours,2,342,14734,0.00013574046423238766
say,minnie,2,343,14734,0.00013574046423238766
say,birthday,2,344,14734,0.00013574046423238766
say,apple,2,345,14734,0.00013574046423238766
say,gold,2,346,14734,0.00013574046423238766
say,thank,2,347,14734,0.00013574046423238766
say,mitchell,2,348,14734,0.00013574046423238766
say,good,2,349,14734,0.00013574046423238766
say,tam,2,350,14734,0.00013574046423238766
say,garden,2,351,14734,0.00013574046423238766
say,two,2,352,14734,0.00013574046423238766
say,gonzo,2,353,14734,0.00013574046423238766
say,martha,2,354,14734,0.00013574046423238766
say,jamie,2,355,14734,0.00013574046423238766
say,marcie,2,356,14734,0.00013574046423238766
say,jean,2,357,14734,0.00013574046423238766
say,mark,2,358,14734,0.00013574046423238766
say,all,2,359,14734,0.00013574046423238766
say,inv,2,360,14734,0.00013574046423238766
say,foot,2,361,14734,0.00013574046423238766
say,e,2,362,14734,0.00013574046423238766
say,cou,2,363,14734,0.00013574046423238766
say,tony,2,364,14734,0.00013574046423238766
say,some,2,365,14734,0.00013574046423238766
say,linda,2,366,14734,0.00013574046423238766
say,jiminy,2,367,14734,0.00013574046423238766
say,gita,2,368,14734,0.00013574046423238766
say,lisa,2,369,14734,0.00013574046423238766
say,popeye,2,370,14734,0.00013574046423238766
say,kitten,2,371,14734,0.00013574046423238766
say,tiger,2,372,14734,0.00013574046423238766
say,puppys,2,373,14734,0.00013574046423238766
say,piggys,2,374,14734,0.00013574046423238766
say,freddy,2,375,14734,0.00013574046423238766
say,kikuyus,2,376,14734,0.00013574046423238766
say,gobble,2,377,14734,0.00013574046423238766
say,travis,2,378,14734,0.00013574046423238766
say,uhhuh,2,379,14734,0.00013574046423238766
say,honey,2,380,14734,0.00013574046423238766
say,gammy,2,381,14734,0.00013574046423238766
say,peekaboo,2,382,14734,0.00013574046423238766
say,nurse,2,383,14734,0.00013574046423238766
say,wood,2,384,14734,0.00013574046423238766
say,hartzell,2,385,14734,0.00013574046423238766
say,mel,2,386,14734,0.00013574046423238766
say,gary,2,387,14734,0.00013574046423238766
say,motorcycle,2,388,14734,0.00013574046423238766
say,butterfly,2,389,14734,0.00013574046423238766
say,julia,2,390,14734,0.00013574046423238766
say,spock,2,391,14734,0.00013574046423238766
say,jill,2,392,14734,0.00013574046423238766
say,snowball,2,393,14734,0.00013574046423238766
say,spider,2,394,14734,0.00013574046423238766
say,button,2,395,14734,0.00013574046423238766
say,buzz,2,396,14734,0.00013574046423238766
say,let,2,397,14734,0.00013574046423238766
say,president,2,398,14734,0.00013574046423238766
say,shark,2,399,14734,0.00013574046423238766
say,bruce,2,400,14734,0.00013574046423238766
say,von,2,401,14734,0.00013574046423238766
say,beth,2,402,14734,0.00013574046423238766
say,barry,2,403,14734,0.00013574046423238766
say,vivian,2,404,14734,0.00013574046423238766
say,carson,2,405,14734,0.00013574046423238766
say,daniel,2,406,14734,0.00013574046423238766
say,mallard,2,407,14734,0.00013574046423238766
say,kan,2,408,14734,0.00013574046423238766
say,dog_dog,1,409,14734,6.787023211619383e-05
say,missus_rabbit,1,410,14734,6.787023211619383e-05
say,block,1,411,14734,6.787023211619383e-05
say,loren,1,412,14734,6.787023211619383e-05
say,alice,1,413,14734,6.787023211619383e-05
say,mimi,1,414,14734,6.787023211619383e-05
say,pepe,1,415,14734,6.787023211619383e-05
say,way,1,416,14734,6.787023211619383e-05
say,parent,1,417,14734,6.787023211619383e-05
say,yo,1,418,14734,6.787023211619383e-05
say,imitate,1,419,14734,6.787023211619383e-05
say,jennifer,1,420,14734,6.787023211619383e-05
say,dong,1,421,14734,6.787023211619383e-05
say,toy,1,422,14734,6.787023211619383e-05
say,patsy,1,423,14734,6.787023211619383e-05
say,harvey,1,424,14734,6.787023211619383e-05
say,dirt,1,425,14734,6.787023211619383e-05
say,hippie,1,426,14734,6.787023211619383e-05
say,ewww,1,427,14734,6.787023211619383e-05
say,mrs_gwww,1,428,14734,6.787023211619383e-05
say,dwww,1,429,14734,6.787023211619383e-05
say,mrs_evans,1,430,14734,6.787023211619383e-05
say,amy,1,431,14734,6.787023211619383e-05
say,cheque,1,432,14734,6.787023211619383e-05
say,oop,1,433,14734,6.787023211619383e-05
say,zeren,1,434,14734,6.787023211619383e-05
say,mum,1,435,14734,6.787023211619383e-05
say,rule,1,436,14734,6.787023211619383e-05
say,awww,1,437,14734,6.787023211619383e-05
say,mrs_hen,1,438,14734,6.787023211619383e-05
say,miaow,1,439,14734,6.787023211619383e-05
say,beep,1,440,14734,6.787023211619383e-05
say,mrs_elephant,1,441,14734,6.787023211619383e-05
say,hiccup,1,442,14734,6.787023211619383e-05
say,mrs_rhinocero,1,443,14734,6.787023211619383e-05
say,baaa,1,444,14734,6.787023211619383e-05
say,noise,1,445,14734,6.787023211619383e-05
say,person,1,446,14734,6.787023211619383e-05
say,susie,1,447,14734,6.787023211619383e-05
say,poppy,1,448,14734,6.787023211619383e-05
say,squawky_the_parrot,1,449,14734,6.787023211619383e-05
say,suzy,1,450,14734,6.787023211619383e-05
say,tigger,1,451,14734,6.787023211619383e-05
say,cakes,1,452,14734,6.787023211619383e-05
say,gatorade,1,453,14734,6.787023211619383e-05
say,chart,1,454,14734,6.787023211619383e-05
say,katy,1,455,14734,6.787023211619383e-05
say,angel,1,456,14734,6.787023211619383e-05
say,piglet,1,457,14734,6.787023211619383e-05
say,tweedledum,1,458,14734,6.787023211619383e-05
say,ear,1,459,14734,6.787023211619383e-05
say,toddler,1,460,14734,6.787023211619383e-05
say,peep,1,461,14734,6.787023211619383e-05
say,little_bounder,1,462,14734,6.787023211619383e-05
say,alexander,1,463,14734,6.787023211619383e-05
say,vroom,1,464,14734,6.787023211619383e-05
say,poop,1,465,14734,6.787023211619383e-05
say,yogurt,1,466,14734,6.787023211619383e-05
say,family_name,1,467,14734,6.787023211619383e-05
say,matt,1,468,14734,6.787023211619383e-05
say,timmer,1,469,14734,6.787023211619383e-05
say,sudsie,1,470,14734,6.787023211619383e-05
say,bang,1,471,14734,6.787023211619383e-05
say,spaghettios,1,472,14734,6.787023211619383e-05
say,tippietoe,1,473,14734,6.787023211619383e-05
say,matthew,1,474,14734,6.787023211619383e-05
say,brush,1,475,14734,6.787023211619383e-05
say,kitty+cats,1,476,14734,6.787023211619383e-05
say,dennis,1,477,14734,6.787023211619383e-05
say,froggie,1,478,14734,6.787023211619383e-05
say,dakota,1,479,14734,6.787023211619383e-05
say,winnie_the_pooh,1,480,14734,6.787023211619383e-05
say,keeper,1,481,14734,6.787023211619383e-05
say,henry,1,482,14734,6.787023211619383e-05
say,tortoise,1,483,14734,6.787023211619383e-05
say,see_and_say,1,484,14734,6.787023211619383e-05
say,xavier,1,485,14734,6.787023211619383e-05
say,byebye,1,486,14734,6.787023211619383e-05
say,snort,1,487,14734,6.787023211619383e-05
say,aggie,1,488,14734,6.787023211619383e-05
say,mag,1,489,14734,6.787023211619383e-05
say,big_bird,1,490,14734,6.787023211619383e-05
say,grandmother,1,491,14734,6.787023211619383e-05
say,gibberish,1,492,14734,6.787023211619383e-05
say,l,1,493,14734,6.787023211619383e-05
say,chair,1,494,14734,6.787023211619383e-05
say,airplane,1,495,14734,6.787023211619383e-05
say,twinkle,1,496,14734,6.787023211619383e-05
say,bulldozer,1,497,14734,6.787023211619383e-05
say,cromer,1,498,14734,6.787023211619383e-05
say,celia,1,499,14734,6.787023211619383e-05
say,smith,1,500,14734,6.787023211619383e-05
say,puzzle,1,501,14734,6.787023211619383e-05
say,carpenter,1,502,14734,6.787023211619383e-05
say,diandra,1,503,14734,6.787023211619383e-05
say,pencil,1,504,14734,6.787023211619383e-05
say,becky,1,505,14734,6.787023211619383e-05
say,sara,1,506,14734,6.787023211619383e-05
say,grass,1,507,14734,6.787023211619383e-05
say,head,1,508,14734,6.787023211619383e-05
say,bushel,1,509,14734,6.787023211619383e-05
say,tickle_baby,1,510,14734,6.787023211619383e-05
say,mumma,1,511,14734,6.787023211619383e-05
say,wollensak,1,512,14734,6.787023211619383e-05
say,chatty_baby,1,513,14734,6.787023211619383e-05
say,ears,1,514,14734,6.787023211619383e-05
say,drowsy,1,515,14734,6.787023211619383e-05
say,whoo,1,516,14734,6.787023211619383e-05
say,matron,1,517,14734,6.787023211619383e-05
say,mary_poppins,1,518,14734,6.787023211619383e-05
say,aunt_dot,1,519,14734,6.787023211619383e-05
say,taperecorder,1,520,14734,6.787023211619383e-05
say,doody,1,521,14734,6.787023211619383e-05
say,plate,1,522,14734,6.787023211619383e-05
say,miller,1,523,14734,6.787023211619383e-05
say,dudley,1,524,14734,6.787023211619383e-05
say,sam_potatoe,1,525,14734,6.787023211619383e-05
say,sam,1,526,14734,6.787023211619383e-05
say,thief,1,527,14734,6.787023211619383e-05
say,ma_dog,1,528,14734,6.787023211619383e-05
say,noisy,1,529,14734,6.787023211619383e-05
say,dewell,1,530,14734,6.787023211619383e-05
say,note,1,531,14734,6.787023211619383e-05
say,mouth,1,532,14734,6.787023211619383e-05
say,bob,1,533,14734,6.787023211619383e-05
say,hey,1,534,14734,6.787023211619383e-05
say,brett,1,535,14734,6.787023211619383e-05
say,barbara,1,536,14734,6.787023211619383e-05
say,trevor,1,537,14734,6.787023211619383e-05
say,watch,1,538,14734,6.787023211619383e-05
say,koala,1,539,14734,6.787023211619383e-05
say,mcdonald,1,540,14734,6.787023211619383e-05
say,ollie,1,541,14734,6.787023211619383e-05
say,dinger,1,542,14734,6.787023211619383e-05
say,whistle,1,543,14734,6.787023211619383e-05
say,choo_choo,1,544,14734,6.787023211619383e-05
say,sock,1,545,14734,6.787023211619383e-05
say,ss,1,546,14734,6.787023211619383e-05
say,pat,1,547,14734,6.787023211619383e-05
say,lee,1,548,14734,6.787023211619383e-05
say,carter,1,549,14734,6.787023211619383e-05
say,lonnie,1,550,14734,6.787023211619383e-05
say,usher,1,551,14734,6.787023211619383e-05
say,elana,1,552,14734,6.787023211619383e-05
say,perlow,1,553,14734,6.787023211619383e-05
say,machine,1,554,14734,6.787023211619383e-05
say,zero,1,555,14734,6.787023211619383e-05
say,pussy,1,556,14734,6.787023211619383e-05
say,nadine,1,557,14734,6.787023211619383e-05
say,martin,1,558,14734,6.787023211619383e-05
say,as_if,1,559,14734,6.787023211619383e-05
say,janet,1,560,14734,6.787023211619383e-05
say,the_great_cat_chase,1,561,14734,6.787023211619383e-05
say,courage,1,562,14734,6.787023211619383e-05
say,alissa,1,563,14734,6.787023211619383e-05
say,pal,1,564,14734,6.787023211619383e-05
say,alright,1,565,14734,6.787023211619383e-05
say,matter,1,566,14734,6.787023211619383e-05
say,spirit,1,567,14734,6.787023211619383e-05
say,porcelena,1,568,14734,6.787023211619383e-05
say,kermelot,1,569,14734,6.787023211619383e-05
say,lesson,1,570,14734,6.787023211619383e-05
say,look,1,571,14734,6.787023211619383e-05
say,follow,1,572,14734,6.787023211619383e-05
say,snow,1,573,14734,6.787023211619383e-05
say,ice,1,574,14734,6.787023211619383e-05
say,thumper,1,575,14734,6.787023211619383e-05
say,buck,1,576,14734,6.787023211619383e-05
say,oh_my_goodness,1,577,14734,6.787023211619383e-05
say,unhunh,1,578,14734,6.787023211619383e-05
say,clothe,1,579,14734,6.787023211619383e-05
say,can,1,580,14734,6.787023211619383e-05
say,rag,1,581,14734,6.787023211619383e-05
say,pillow,1,582,14734,6.787023211619383e-05
say,stuff,1,583,14734,6.787023211619383e-05
say,principal,1,584,14734,6.787023211619383e-05
say,pipe,1,585,14734,6.787023211619383e-05
say,awoh,1,586,14734,6.787023211619383e-05
say,everything,1,587,14734,6.787023211619383e-05
say,keet,1,588,14734,6.787023211619383e-05
say,room,1,589,14734,6.787023211619383e-05
say,jane,1,590,14734,6.787023211619383e-05
say,o'clock,1,591,14734,6.787023211619383e-05
say,crow,1,592,14734,6.787023211619383e-05
say,fanny,1,593,14734,6.787023211619383e-05
say,beautiful,1,594,14734,6.787023211619383e-05
say,dancing,1,595,14734,6.787023211619383e-05
say,remember,1,596,14734,6.787023211619383e-05
say,messenger,1,597,14734,6.787023211619383e-05
say,hurry,1,598,14734,6.787023211619383e-05
say,prancer,1,599,14734,6.787023211619383e-05
say,rudolf,1,600,14734,6.787023211619383e-05
say,place,1,601,14734,6.787023211619383e-05
say,step,1,602,14734,6.787023211619383e-05
say,ern,1,603,14734,6.787023211619383e-05
say,bumper,1,604,14734,6.787023211619383e-05
say,money,1,605,14734,6.787023211619383e-05
say,great,1,606,14734,6.787023211619383e-05
say,uhoh,1,607,14734,6.787023211619383e-05
say,hat,1,608,14734,6.787023211619383e-05
say,magic,1,609,14734,6.787023211619383e-05
say,ghost,1,610,14734,6.787023211619383e-05
say,jeanine,1,611,14734,6.787023211619383e-05
say,mom'd,1,612,14734,6.787023211619383e-05
say,mandi,1,613,14734,6.787023211619383e-05
say,dragon,1,614,14734,6.787023211619383e-05
say,his,1,615,14734,6.787023211619383e-05
say,paula,1,616,14734,6.787023211619383e-05
say,nanna,1,617,14734,6.787023211619383e-05
say,zzz,1,618,14734,6.787023211619383e-05
say,porcinella,1,619,14734,6.787023211619383e-05
say,kermalot,1,620,14734,6.787023211619383e-05
say,message,1,621,14734,6.787023211619383e-05
say,job,1,622,14734,6.787023211619383e-05
say,morty,1,623,14734,6.787023211619383e-05
say,sort,1,624,14734,6.787023211619383e-05
say,applesauce,1,625,14734,6.787023211619383e-05
say,speak,1,626,14734,6.787023211619383e-05
say,fozzie,1,627,14734,6.787023211619383e-05
say,nah,1,628,14734,6.787023211619383e-05
say,guess,1,629,14734,6.787023211619383e-05
say,percy,1,630,14734,6.787023211619383e-05
say,work,1,631,14734,6.787023211619383e-05
say,greta,1,632,14734,6.787023211619383e-05
say,use,1,633,14734,6.787023211619383e-05
say,bubble,1,634,14734,6.787023211619383e-05
say,tick,1,635,14734,6.787023211619383e-05
say,test,1,636,14734,6.787023211619383e-05
say,rocket,1,637,14734,6.787023211619383e-05
say,shape,1,638,14734,6.787023211619383e-05
say,chipmunk,1,639,14734,6.787023211619383e-05
say,pickle,1,640,14734,6.787023211619383e-05
say,porcupine,1,641,14734,6.787023211619383e-05
say,pirate,1,642,14734,6.787023211619383e-05
say,hoot,1,643,14734,6.787023211619383e-05
say,marcella,1,644,14734,6.787023211619383e-05
say,move,1,645,14734,6.787023211619383e-05
say,help,1,646,14734,6.787023211619383e-05
say,balloon,1,647,14734,6.787023211619383e-05
say,ow,1,648,14734,6.787023211619383e-05
say,miss,1,649,14734,6.787023211619383e-05
say,wet,1,650,14734,6.787023211619383e-05
say,carle,1,651,14734,6.787023211619383e-05
say,road,1,652,14734,6.787023211619383e-05
say,cub,1,653,14734,6.787023211619383e-05
say,rat,1,654,14734,6.787023211619383e-05
say,m,1,655,14734,6.787023211619383e-05
say,poultry,1,656,14734,6.787023211619383e-05
say,hunter,1,657,14734,6.787023211619383e-05
say,moon,1,658,14734,6.787023211619383e-05
say,jonathan,1,659,14734,6.787023211619383e-05
say,squawk,1,660,14734,6.787023211619383e-05
say,nerve,1,661,14734,6.787023211619383e-05
say,paddington,1,662,14734,6.787023211619383e-05
say,cinderellie,1,663,14734,6.787023211619383e-05
say,sash,1,664,14734,6.787023211619383e-05
say,bead,1,665,14734,6.787023211619383e-05
say,stepsister,1,666,14734,6.787023211619383e-05
say,prince,1,667,14734,6.787023211619383e-05
say,run,1,668,14734,6.787023211619383e-05
say,grace,1,669,14734,6.787023211619383e-05
say,scripture,1,670,14734,6.787023211619383e-05
say,go,1,671,14734,6.787023211619383e-05
say,stuart,1,672,14734,6.787023211619383e-05
say,elizabeth,1,673,14734,6.787023211619383e-05
say,massachusetts,1,674,14734,6.787023211619383e-05
say,joey,1,675,14734,6.787023211619383e-05
say,wee,1,676,14734,6.787023211619383e-05
say,carol,1,677,14734,6.787023211619383e-05
say,lori,1,678,14734,6.787023211619383e-05
say,magnet,1,679,14734,6.787023211619383e-05
say,colline,1,680,14734,6.787023211619383e-05
say,spokesman,1,681,14734,6.787023211619383e-05
say,justin,1,682,14734,6.787023211619383e-05
say,speedy,1,683,14734,6.787023211619383e-05
say,gibbons,1,684,14734,6.787023211619383e-05
say,diane,1,685,14734,6.787023211619383e-05
say,footprint,1,686,14734,6.787023211619383e-05
say,number,1,687,14734,6.787023211619383e-05
say,robot,1,688,14734,6.787023211619383e-05
say,o,1,689,14734,6.787023211619383e-05
say,fixer,1,690,14734,6.787023211619383e-05
say,shuck,1,691,14734,6.787023211619383e-05
say,carrot,1,692,14734,6.787023211619383e-05
say,u,1,693,14734,6.787023211619383e-05
say,y,1,694,14734,6.787023211619383e-05
say,lordon,1,695,14734,6.787023211619383e-05
say,female,1,696,14734,6.787023211619383e-05
say,family,1,697,14734,6.787023211619383e-05
say,chimney,1,698,14734,6.787023211619383e-05
say,laurie,1,699,14734,6.787023211619383e-05
say,lenny,1,700,14734,6.787023211619383e-05
say,sis,1,701,14734,6.787023211619383e-05
say,tommy,1,702,14734,6.787023211619383e-05
say,gum,1,703,14734,6.787023211619383e-05
say,kristine,1,704,14734,6.787023211619383e-05
say,camera,1,705,14734,6.787023211619383e-05
say,burt,1,706,14734,6.787023211619383e-05
say,ahem,1,707,14734,6.787023211619383e-05
say,dewey,1,708,14734,6.787023211619383e-05
say,mister_potatohead,1,709,14734,6.787023211619383e-05
say,letter,1,710,14734,6.787023211619383e-05
say,lampwick,1,711,14734,6.787023211619383e-05
say,cricket,1,712,14734,6.787023211619383e-05
say,gepetto,1,713,14734,6.787023211619383e-05
say,gun,1,714,14734,6.787023211619383e-05
say,instruction,1,715,14734,6.787023211619383e-05
say,abe,1,716,14734,6.787023211619383e-05
say,announcer,1,717,14734,6.787023211619383e-05
say,cowboy,1,718,14734,6.787023211619383e-05
say,rufus,1,719,14734,6.787023211619383e-05
say,lovey,1,720,14734,6.787023211619383e-05
say,greggy,1,721,14734,6.787023211619383e-05
say,fisherman,1,722,14734,6.787023211619383e-05
say,mooze,1,723,14734,6.787023211619383e-05
say,hawk,1,724,14734,6.787023211619383e-05
say,ape,1,725,14734,6.787023211619383e-05
say,bomb,1,726,14734,6.787023211619383e-05
say,battery,1,727,14734,6.787023211619383e-05
say,nose,1,728,14734,6.787023211619383e-05
say,street,1,729,14734,6.787023211619383e-05
say,sort_of,1,730,14734,6.787023211619383e-05
say,miss_lastname,1,731,14734,6.787023211619383e-05
say,hulk,1,732,14734,6.787023211619383e-05
say,label,1,733,14734,6.787023211619383e-05
say,macwhinney,1,734,14734,6.787023211619383e-05
say,card,1,735,14734,6.787023211619383e-05
say,titus,1,736,14734,6.787023211619383e-05
say,beard,1,737,14734,6.787023211619383e-05
say,rover,1,738,14734,6.787023211619383e-05
say,computer,1,739,14734,6.787023211619383e-05
say,hennessy,1,740,14734,6.787023211619383e-05
say,han,1,741,14734,6.787023211619383e-05
say,wan,1,742,14734,6.787023211619383e-05
say,fred_flinstone,1,743,14734,6.787023211619383e-05
say,see,1,744,14734,6.787023211619383e-05
say,mormor,1,745,14734,6.787023211619383e-05
say,squeak_squeak,1,746,14734,6.787023211619383e-05
say,opossum,1,747,14734,6.787023211619383e-05
say,zack,1,748,14734,6.787023211619383e-05
say,ema,1,749,14734,6.787023211619383e-05
say,meow_meow,1,750,14734,6.787023211619383e-05
say,harold,1,751,14734,6.787023211619383e-05
say,cockadoodledoo,1,752,14734,6.787023211619383e-05
say,betty,1,753,14734,6.787023211619383e-05
say,tikatika,1,754,14734,6.787023211619383e-05
say,stork,1,755,14734,6.787023211619383e-05
say,thirsty,1,756,14734,6.787023211619383e-05
say,granma,1,757,14734,6.787023211619383e-05
say,glenn,1,758,14734,6.787023211619383e-05
say,weener,1,759,14734,6.787023211619383e-05
say,peanut+butter,1,760,14734,6.787023211619383e-05
say,prayer,1,761,14734,6.787023211619383e-05
say,bonk,1,762,14734,6.787023211619383e-05
say,dabee,1,763,14734,6.787023211619383e-05
say,gobble_gobble,1,764,14734,6.787023211619383e-05
say,gramma,1,765,14734,6.787023211619383e-05
say,four,1,766,14734,6.787023211619383e-05
say,abby,1,767,14734,6.787023211619383e-05
say,cera,1,768,14734,6.787023211619383e-05
say,bike,1,769,14734,6.787023211619383e-05
say,race,1,770,14734,6.787023211619383e-05
say,melissa,1,771,14734,6.787023211619383e-05
say,brittany,1,772,14734,6.787023211619383e-05
say,biddy,1,773,14734,6.787023211619383e-05
say,unicorn,1,774,14734,6.787023211619383e-05
say,firetruck,1,775,14734,6.787023211619383e-05
say,snoopy,1,776,14734,6.787023211619383e-05
say,rubber,1,777,14734,6.787023211619383e-05
say,naomi,1,778,14734,6.787023211619383e-05
say,pottie,1,779,14734,6.787023211619383e-05
say,backin,1,780,14734,6.787023211619383e-05
say,kangaroo,1,781,14734,6.787023211619383e-05
say,taki,1,782,14734,6.787023211619383e-05
say,jacqueline,1,783,14734,6.787023211619383e-05
say,hotel,1,784,14734,6.787023211619383e-05
say,abcdefghijklmnopqrstuvwxyz,1,785,14734,6.787023211619383e-05
say,squigley,1,786,14734,6.787023211619383e-05
say,madeleine,1,787,14734,6.787023211619383e-05
say,thomas,1,788,14734,6.787023211619383e-05
say,light,1,789,14734,6.787023211619383e-05
say,smile,1,790,14734,6.787023211619383e-05
say,article,1,791,14734,6.787023211619383e-05
say,dadadada,1,792,14734,6.787023211619383e-05
say,swim,1,793,14734,6.787023211619383e-05
say,louise,1,794,14734,6.787023211619383e-05
say,nonna,1,795,14734,6.787023211619383e-05
say,jesse,1,796,14734,6.787023211619383e-05
say,mymy,1,797,14734,6.787023211619383e-05
say,tree,1,798,14734,6.787023211619383e-05
say,violin,1,799,14734,6.787023211619383e-05
say,ring,1,800,14734,6.787023211619383e-05
say,buster,1,801,14734,6.787023211619383e-05
say,dan,1,802,14734,6.787023211619383e-05
say,investigator,1,803,14734,6.787023211619383e-05
say,hedgehog,1,804,14734,6.787023211619383e-05
say,boss,1,805,14734,6.787023211619383e-05
say,adult,1,806,14734,6.787023211619383e-05
say,amye,1,807,14734,6.787023211619383e-05
say,clavell,1,808,14734,6.787023211619383e-05
say,t_rex,1,809,14734,6.787023211619383e-05
say,nance,1,810,14734,6.787023211619383e-05
say,zee,1,811,14734,6.787023211619383e-05
say,pin,1,812,14734,6.787023211619383e-05
say,sparky,1,813,14734,6.787023211619383e-05
say,gavin,1,814,14734,6.787023211619383e-05
say,emma,1,815,14734,6.787023211619383e-05
say,wool,1,816,14734,6.787023211619383e-05
say,sun,1,817,14734,6.787023211619383e-05
say,jilly,1,818,14734,6.787023211619383e-05
say,sticker,1,819,14734,6.787023211619383e-05
say,brain,1,820,14734,6.787023211619383e-05
say,yep,1,821,14734,6.787023211619383e-05
say,mister_potato,1,822,14734,6.787023211619383e-05
say,jesus,1,823,14734,6.787023211619383e-05
say,momm,1,824,14734,6.787023211619383e-05
say,cheetah,1,825,14734,6.787023211619383e-05
say,kaylia,1,826,14734,6.787023211619383e-05
say,beast,1,827,14734,6.787023211619383e-05
say,george,1,828,14734,6.787023211619383e-05
say,duckey,1,829,14734,6.787023211619383e-05
say,vader,1,830,14734,6.787023211619383e-05
say,ryan,1,831,14734,6.787023211619383e-05
say,marissa,1,832,14734,6.787023211619383e-05
say,chin,1,833,14734,6.787023211619383e-05
say,finger,1,834,14734,6.787023211619383e-05
say,ron,1,835,14734,6.787023211619383e-05
say,congratulation,1,836,14734,6.787023211619383e-05
say,weezy,1,837,14734,6.787023211619383e-05
say,bowl,1,838,14734,6.787023211619383e-05
say,roman,1,839,14734,6.787023211619383e-05
say,matty,1,840,14734,6.787023211619383e-05
say,hadta,1,841,14734,6.787023211619383e-05
say,sophie,1,842,14734,6.787023211619383e-05
say,manny,1,843,14734,6.787023211619383e-05
say,potty,1,844,14734,6.787023211619383e-05
say,lightyear,1,845,14734,6.787023211619383e-05
say,platypus,1,846,14734,6.787023211619383e-05
say,uncle,1,847,14734,6.787023211619383e-05
say,erica,1,848,14734,6.787023211619383e-05
say,gray,1,849,14734,6.787023211619383e-05
say,crisis,1,850,14734,6.787023211619383e-05
say,husband,1,851,14734,6.787023211619383e-05
say,kip,1,852,14734,6.787023211619383e-05
say,a,1,853,14734,6.787023211619383e-05
say,andrena,1,854,14734,6.787023211619383e-05
say,anything,1,855,14734,6.787023211619383e-05
say,as_soon_a,1,856,14734,6.787023211619383e-05
say,tunde,1,857,14734,6.787023211619383e-05
say,stomach,1,858,14734,6.787023211619383e-05
say,susanna,1,859,14734,6.787023211619383e-05
say,fly,1,860,14734,6.787023211619383e-05
say,yourself,1,861,14734,6.787023211619383e-05
say,mousie,1,862,14734,6.787023211619383e-05
say,jerry,1,863,14734,6.787023211619383e-05
say,reason,1,864,14734,6.787023211619383e-05
say,minute,1,865,14734,6.787023211619383e-05
say,blessing,1,866,14734,6.787023211619383e-05
say,zulu,1,867,14734,6.787023211619383e-05
say,vanessa,1,868,14734,6.787023211619383e-05
say,game,1,869,14734,6.787023211619383e-05
say,joyce,1,870,14734,6.787023211619383e-05
say,philip,1,871,14734,6.787023211619383e-05
say,tribe,1,872,14734,6.787023211619383e-05
say,boman,1,873,14734,6.787023211619383e-05
say,aaron,1,874,14734,6.787023211619383e-05
say,lan,1,875,14734,6.787023211619383e-05
say,lanyard,1,876,14734,6.787023211619383e-05
say,abc,1,877,14734,6.787023211619383e-05
say,stephanie,1,878,14734,6.787023211619383e-05
say,blasingame,1,879,14734,6.787023211619383e-05
say,youger,1,880,14734,6.787023211619383e-05
say,other,1,881,14734,6.787023211619383e-05
say,kenneth,1,882,14734,6.787023211619383e-05
say,harden,1,883,14734,6.787023211619383e-05
say,sonny,1,884,14734,6.787023211619383e-05
say,perri,1,885,14734,6.787023211619383e-05
say,helene,1,886,14734,6.787023211619383e-05
say,kind,1,887,14734,6.787023211619383e-05
say,elliot,1,888,14734,6.787023211619383e-05
say,carp,1,889,14734,6.787023211619383e-05
say,clair,1,890,14734,6.787023211619383e-05
say,paint,1,891,14734,6.787023211619383e-05
say,couch,1,892,14734,6.787023211619383e-05
say,phony,1,893,14734,6.787023211619383e-05
say,stop,1,894,14734,6.787023211619383e-05
say,worry,1,895,14734,6.787023211619383e-05
say,tooth,1,896,14734,6.787023211619383e-05
say,toddy,1,897,14734,6.787023211619383e-05
say,body,1,898,14734,6.787023211619383e-05
say,green,1,899,14734,6.787023211619383e-05
say,irene,1,900,14734,6.787023211619383e-05
say,hymie,1,901,14734,6.787023211619383e-05
say,meer,1,902,14734,6.787023211619383e-05
say,william,1,903,14734,6.787023211619383e-05
say,karen,1,904,14734,6.787023211619383e-05
say,rhinoceros,1,905,14734,6.787023211619383e-05
say,cheong,1,906,14734,6.787023211619383e-05
say,wing,1,907,14734,6.787023211619383e-05
say,manager,1,908,14734,6.787023211619383e-05
say,clancey,1,909,14734,6.787023211619383e-05
say,headache,1,910,14734,6.787023211619383e-05
say,aida,1,911,14734,6.787023211619383e-05
say,rachael,1,912,14734,6.787023211619383e-05
say,grape,1,913,14734,6.787023211619383e-05
say,santa_claus,1,914,14734,6.787023211619383e-05
say,banana,1,915,14734,6.787023211619383e-05
wanna,you,11277,1,14094,0.8001277139208174
wanna,i,1973,2,14094,0.1399886476514829
wanna,we,236,3,14094,0.016744714062721724
wanna,he,170,4,14094,0.012061870299418192
wanna,they,164,5,14094,0.011636157230026962
wanna,she,86,6,14094,0.006101887327940968
wanna,ya,22,7,14094,0.0015609479211011778
wanna,guy,12,8,14094,0.0008514261387824606
wanna,it,11,9,14094,0.0007804739605505889
wanna,who,10,10,14094,0.0007095217823187171
wanna,one,8,11,14094,0.0005676174258549738
wanna,people,6,12,14094,0.0004257130693912303
wanna,shem,6,13,14094,0.0004257130693912303
wanna,turkey,5,14,14094,0.00035476089115935857
wanna,kitty,4,15,14094,0.0002838087129274869
wanna,kid,4,16,14094,0.0002838087129274869
wanna,anybody,4,17,14094,0.0002838087129274869
wanna,ross,4,18,14094,0.0002838087129274869
wanna,fraser,3,19,14094,0.00021285653469561516
wanna,go,3,20,14094,0.00021285653469561516
wanna,that,3,21,14094,0.00021285653469561516
wanna,animal,3,22,14094,0.00021285653469561516
wanna,cat,3,23,14094,0.00021285653469561516
wanna,chi,3,24,14094,0.00021285653469561516
wanna,nathan,3,25,14094,0.00021285653469561516
wanna,daddy,3,26,14094,0.00021285653469561516
wanna,man,2,27,14094,0.00014190435646374344
wanna,mommy,2,28,14094,0.00014190435646374344
wanna,train,1,29,14094,7.095217823187172e-05
wanna,jennifer,1,30,14094,7.095217823187172e-05
wanna,somebody,1,31,14094,7.095217823187172e-05
wanna,child,1,32,14094,7.095217823187172e-05
wanna,kitty+cat,1,33,14094,7.095217823187172e-05
wanna,baby,1,34,14094,7.095217823187172e-05
wanna,mandy,1,35,14094,7.095217823187172e-05
wanna,cupcake,1,36,14094,7.095217823187172e-05
wanna,cow,1,37,14094,7.095217823187172e-05
wanna,man_man,1,38,14094,7.095217823187172e-05
wanna,unicorn,1,39,14094,7.095217823187172e-05
wanna,what,1,40,14094,7.095217823187172e-05
wanna,eve,1,41,14094,7.095217823187172e-05
wanna,wheel,1,42,14094,7.095217823187172e-05
wanna,grocery,1,43,14094,7.095217823187172e-05
wanna,tractor,1,44,14094,7.095217823187172e-05
wanna,side,1,45,14094,7.095217823187172e-05
wanna,this,1,46,14094,7.095217823187172e-05
wanna,oliver,1,47,14094,7.095217823187172e-05
wanna,rooster,1,48,14094,7.095217823187172e-05
wanna,shark,1,49,14094,7.095217823187172e-05
wanna,firstname,1,50,14094,7.095217823187172e-05
wanna,son,1,51,14094,7.095217823187172e-05
wanna,kitten,1,52,14094,7.095217823187172e-05
wanna,sammy,1,53,14094,7.095217823187172e-05
wanna,pascal,1,54,14094,7.095217823187172e-05
wanna,everybody,1,55,14094,7.095217823187172e-05
wanna,lady,1,56,14094,7.095217823187172e-05
wanna,bag,1,57,14094,7.095217823187172e-05
wanna,anyone,1,58,14094,7.095217823187172e-05
wanna,inv,1,59,14094,7.095217823187172e-05
wanna,giraffe,1,60,14094,7.095217823187172e-05
wanna,pinocchio,1,61,14094,7.095217823187172e-05
wanna,abe,1,62,14094,7.095217823187172e-05
wanna,marky,1,63,14094,7.095217823187172e-05
wanna,boy,1,64,14094,7.095217823187172e-05
wanna,ernie,1,65,14094,7.095217823187172e-05
wanna,goldie,1,66,14094,7.095217823187172e-05
wanna,piggie,1,67,14094,7.095217823187172e-05
wanna,nathaniel,1,68,14094,7.095217823187172e-05
wanna,aunt,1,69,14094,7.095217823187172e-05
wanna,brother,1,70,14094,7.095217823187172e-05
wanna,horse,1,71,14094,7.095217823187172e-05
wanna,amy,1,72,14094,7.095217823187172e-05
wanna,andy,1,73,14094,7.095217823187172e-05
wanna,erin,1,74,14094,7.095217823187172e-05
wanna,ryan,1,75,14094,7.095217823187172e-05
wanna,leslie,1,76,14094,7.095217823187172e-05
wanna,sharon,1,77,14094,7.095217823187172e-05
wanna,thing,1,78,14094,7.095217823187172e-05
wanna,carl,1,79,14094,7.095217823187172e-05
wanna,love,1,80,14094,7.095217823187172e-05
wanna,perri,1,81,14094,7.095217823187172e-05
wanna,debbie,1,82,14094,7.095217823187172e-05
wanna,parent,1,83,14094,7.095217823187172e-05
wanna,gabe,1,84,14094,7.095217823187172e-05
wanna,karen,1,85,14094,7.095217823187172e-05
wanna,girl,1,86,14094,7.095217823187172e-05
wanna,david,1,87,14094,7.095217823187172e-05
wanna,michael,1,88,14094,7.095217823187172e-05
wanna,samantha,1,89,14094,7.095217823187172e-05
wanna,harold,1,90,14094,7.095217823187172e-05
wanna,grape,1,91,14094,7.095217823187172e-05
wanna,mom,1,92,14094,7.095217823187172e-05
put,you,4778,1,12283,0.38899291703981115
put,i,2261,2,12283,0.18407555157534805
put,we,2058,3,12283,0.16754864446796386
put,us,1018,4,12283,0.08287877554343401
put,wanna,347,5,12283,0.0282504274200114
put,he,257,6,12283,0.02092322722461939
put,they,215,7,12283,0.017503867133436456
put,she,189,8,12283,0.01538712041032321
put,mommy,162,9,12283,0.013188960351705609
put,daddy,83,10,12283,0.006757306846861516
put,who,75,11,12283,0.006106000162826671
put,it,38,12,12283,0.0030937067491655134
put,lemme,37,13,12283,0.0030122934136611575
put,ya,35,14,12283,0.0028494667426524466
put,needta,33,15,12283,0.0026866400716437353
put,go,17,16,12283,0.0013840267035740454
put,paul,16,17,12283,0.0013026133680696897
put,mom,16,18,12283,0.0013026133680696897
put,one,16,19,12283,0.0013026133680696897
put,mama,16,20,12283,0.0013026133680696897
put,nomi,16,21,12283,0.0013026133680696897
put,hasta,15,22,12283,0.0012212000325653343
put,that,13,23,12283,0.001058373361556623
put,boy,12,24,12283,0.0009769600260522674
put,somebody,12,25,12283,0.0009769600260522674
put,adam,10,26,12283,0.0008141333550435562
put,let,10,27,12283,0.0008141333550435562
put,abe,10,28,12283,0.0008141333550435562
put,oughta,9,29,12283,0.0007327200195392005
put,chi,9,30,12283,0.0007327200195392005
put,rachel,9,31,12283,0.0007327200195392005
put,sally,9,32,12283,0.0007327200195392005
put,people,8,33,12283,0.0006513066840348449
put,kalie,8,34,12283,0.0006513066840348449
put,peter,7,35,12283,0.0005698933485304893
put,dad,7,36,12283,0.0005698933485304893
put,lois,6,37,12283,0.0004884800130261337
put,snort,6,38,12283,0.0004884800130261337
put,eve,6,39,12283,0.0004884800130261337
put,sarah,6,40,12283,0.0004884800130261337
put,nina,6,41,12283,0.0004884800130261337
put,miffy,5,42,12283,0.0004070666775217781
put,patsy,5,43,12283,0.0004070666775217781
put,jenny,5,44,12283,0.0004070666775217781
put,honey,5,45,12283,0.0004070666775217781
put,kitten,5,46,12283,0.0004070666775217781
put,hadta,5,47,12283,0.0004070666775217781
put,michael,5,48,12283,0.0004070666775217781
put,megan,5,49,12283,0.0004070666775217781
put,melissa,5,50,12283,0.0004070666775217781
put,travis,5,51,12283,0.0004070666775217781
put,catherine,5,52,12283,0.0004070666775217781
put,brett,5,53,12283,0.0004070666775217781
put,pete,4,54,12283,0.00032565334201742243
put,jwww,4,55,12283,0.00032565334201742243
put,timmy,4,56,12283,0.00032565334201742243
put,man,4,57,12283,0.00032565334201742243
put,bro,4,58,12283,0.00032565334201742243
put,bobby,4,59,12283,0.00032565334201742243
put,momma,4,60,12283,0.00032565334201742243
put,sister,4,61,12283,0.00032565334201742243
put,katy,4,62,12283,0.00032565334201742243
put,nathaniel,4,63,12283,0.00032565334201742243
put,child,4,64,12283,0.00032565334201742243
put,david,4,65,12283,0.00032565334201742243
put,samantha,4,66,12283,0.00032565334201742243
put,uhhuh,3,67,12283,0.00024424000651306684
put,someone,3,68,12283,0.00024424000651306684
put,teacher,3,69,12283,0.00024424000651306684
put,bunny,3,70,12283,0.00024424000651306684
put,mommy'll,3,71,12283,0.00024424000651306684
put,this,3,72,12283,0.00024424000651306684
put,yeh,3,73,12283,0.00024424000651306684
put,daddy'll,3,74,12283,0.00024424000651306684
put,linda,3,75,12283,0.00024424000651306684
put,which,3,76,12283,0.00024424000651306684
put,foot,2,77,12283,0.00016282667100871122
put,a,2,78,12283,0.00016282667100871122
put,em,2,79,12283,0.00016282667100871122
put,top,2,80,12283,0.00016282667100871122
put,clothe,2,81,12283,0.00016282667100871122
put,milk,2,82,12283,0.00016282667100871122
put,toy,2,83,12283,0.00016282667100871122
put,alexander,2,84,12283,0.00016282667100871122
put,thank_you,2,85,12283,0.00016282667100871122
put,diaper,2,86,12283,0.00016282667100871122
put,shoe,2,87,12283,0.00016282667100871122
put,kid,2,88,12283,0.00016282667100871122
put,lady,2,89,12283,0.00016282667100871122
put,something,2,90,12283,0.00016282667100871122
put,mm,2,91,12283,0.00016282667100871122
put,girl,2,92,12283,0.00016282667100871122
put,stan,2,93,12283,0.00016282667100871122
put,grandma,2,94,12283,0.00016282667100871122
put,annie,2,95,12283,0.00016282667100871122
put,horse,2,96,12283,0.00016282667100871122
put,chuck,2,97,12283,0.00016282667100871122
put,mark,2,98,12283,0.00016282667100871122
put,piggy,2,99,12283,0.00016282667100871122
put,thing,2,100,12283,0.00016282667100871122
put,nobody,2,101,12283,0.00016282667100871122
put,way,2,102,12283,0.00016282667100871122
put,wan,2,103,12283,0.00016282667100871122
put,chicken,2,104,12283,0.00016282667100871122
put,some,2,105,12283,0.00016282667100871122
put,coco,2,106,12283,0.00016282667100871122
put,hetty,2,107,12283,0.00016282667100871122
put,baaee,2,108,12283,0.00016282667100871122
put,becca,2,109,12283,0.00016282667100871122
put,yep,2,110,12283,0.00016282667100871122
put,guy,2,111,12283,0.00016282667100871122
put,ronnie,2,112,12283,0.00016282667100871122
put,matthew,2,113,12283,0.00016282667100871122
put,toddy,2,114,12283,0.00016282667100871122
put,patrick,2,115,12283,0.00016282667100871122
put,sandie,1,116,12283,8.141333550435561e-05
put,hafta,1,117,12283,8.141333550435561e-05
put,lot,1,118,12283,8.141333550435561e-05
put,cow,1,119,12283,8.141333550435561e-05
put,frisbee,1,120,12283,8.141333550435561e-05
put,juice,1,121,12283,8.141333550435561e-05
put,four,1,122,12283,8.141333550435561e-05
put,bike,1,123,12283,8.141333550435561e-05
put,zebra,1,124,12283,8.141333550435561e-05
put,chapstick,1,125,12283,8.141333550435561e-05
put,bolt,1,126,12283,8.141333550435561e-05
put,petey,1,127,12283,8.141333550435561e-05
put,ssh,1,128,12283,8.141333550435561e-05
put,fireman,1,129,12283,8.141333550435561e-05
put,whoops,1,130,12283,8.141333550435561e-05
put,lynn,1,131,12283,8.141333550435561e-05
put,station,1,132,12283,8.141333550435561e-05
put,jenny'll,1,133,12283,8.141333550435561e-05
put,joanna,1,134,12283,8.141333550435561e-05
put,laura,1,135,12283,8.141333550435561e-05
put,mrs_gwww,1,136,12283,8.141333550435561e-05
put,owww,1,137,12283,8.141333550435561e-05
put,jack,1,138,12283,8.141333550435561e-05
put,beezer,1,139,12283,8.141333550435561e-05
put,mummy,1,140,12283,8.141333550435561e-05
put,mandy,1,141,12283,8.141333550435561e-05
put,kitty,1,142,12283,8.141333550435561e-05
put,tyrese,1,143,12283,8.141333550435561e-05
put,henry,1,144,12283,8.141333550435561e-05
put,carl,1,145,12283,8.141333550435561e-05
put,andy,1,146,12283,8.141333550435561e-05
put,granddaddy,1,147,12283,8.141333550435561e-05
put,robin,1,148,12283,8.141333550435561e-05
put,soakie,1,149,12283,8.141333550435561e-05
put,all_gone,1,150,12283,8.141333550435561e-05
put,color,1,151,12283,8.141333550435561e-05
put,cowboy,1,152,12283,8.141333550435561e-05
put,popsicle,1,153,12283,8.141333550435561e-05
put,mean,1,154,12283,8.141333550435561e-05
put,diandra,1,155,12283,8.141333550435561e-05
put,fraser'll,1,156,12283,8.141333550435561e-05
put,cromer,1,157,12283,8.141333550435561e-05
put,santa_claus,1,158,12283,8.141333550435561e-05
put,george,1,159,12283,8.141333550435561e-05
put,mummy'll,1,160,12283,8.141333550435561e-05
put,mumma,1,161,12283,8.141333550435561e-05
put,esther,1,162,12283,8.141333550435561e-05
put,nana,1,163,12283,8.141333550435561e-05
put,gail,1,164,12283,8.141333550435561e-05
put,baby,1,165,12283,8.141333550435561e-05
put,snap,1,166,12283,8.141333550435561e-05
put,sam,1,167,12283,8.141333550435561e-05
put,part,1,168,12283,8.141333550435561e-05
put,piggety,1,169,12283,8.141333550435561e-05
put,shem,1,170,12283,8.141333550435561e-05
put,oliver,1,171,12283,8.141333550435561e-05
put,dave,1,172,12283,8.141333550435561e-05
put,firstname,1,173,12283,8.141333550435561e-05
put,arm,1,174,12283,8.141333550435561e-05
put,firefighter,1,175,12283,8.141333550435561e-05
put,idiot,1,176,12283,8.141333550435561e-05
put,usher,1,177,12283,8.141333550435561e-05
put,elana,1,178,12283,8.141333550435561e-05
put,wheel,1,179,12283,8.141333550435561e-05
put,dad'll,1,180,12283,8.141333550435561e-05
put,oreos,1,181,12283,8.141333550435561e-05
put,josh,1,182,12283,8.141333550435561e-05
put,payer,1,183,12283,8.141333550435561e-05
put,policeman,1,184,12283,8.141333550435561e-05
put,ernie,1,185,12283,8.141333550435561e-05
put,malcom,1,186,12283,8.141333550435561e-05
put,malcolm,1,187,12283,8.141333550435561e-05
put,cinderella,1,188,12283,8.141333550435561e-05
put,reindeer,1,189,12283,8.141333550435561e-05
put,bumper,1,190,12283,8.141333550435561e-05
put,micheal,1,191,12283,8.141333550435561e-05
put,phyllis,1,192,12283,8.141333550435561e-05
put,sis,1,193,12283,8.141333550435561e-05
put,ma,1,194,12283,8.141333550435561e-05
put,tea,1,195,12283,8.141333550435561e-05
put,zzz,1,196,12283,8.141333550435561e-05
put,dewey,1,197,12283,8.141333550435561e-05
put,everyone,1,198,12283,8.141333550435561e-05
put,mother,1,199,12283,8.141333550435561e-05
put,pooh,1,200,12283,8.141333550435561e-05
put,bear,1,201,12283,8.141333550435561e-05
put,grover,1,202,12283,8.141333550435561e-05
put,racket,1,203,12283,8.141333550435561e-05
put,slap,1,204,12283,8.141333550435561e-05
put,kind,1,205,12283,8.141333550435561e-05
put,jeff,1,206,12283,8.141333550435561e-05
put,god,1,207,12283,8.141333550435561e-05
put,coulda,1,208,12283,8.141333550435561e-05
put,put,1,209,12283,8.141333550435561e-05
put,cool,1,210,12283,8.141333550435561e-05
put,andra,1,211,12283,8.141333550435561e-05
put,sandy,1,212,12283,8.141333550435561e-05
put,cook,1,213,12283,8.141333550435561e-05
put,container,1,214,12283,8.141333550435561e-05
put,brown,1,215,12283,8.141333550435561e-05
put,g,1,216,12283,8.141333550435561e-05
put,giant,1,217,12283,8.141333550435561e-05
put,doctor,1,218,12283,8.141333550435561e-05
put,santa'll,1,219,12283,8.141333550435561e-05
put,ty,1,220,12283,8.141333550435561e-05
put,goose,1,221,12283,8.141333550435561e-05
put,ema,1,222,12283,8.141333550435561e-05
put,rabbit,1,223,12283,8.141333550435561e-05
put,jamie,1,224,12283,8.141333550435561e-05
put,franny,1,225,12283,8.141333550435561e-05
put,frannie,1,226,12283,8.141333550435561e-05
put,sheep,1,227,12283,8.141333550435561e-05
put,lissa,1,228,12283,8.141333550435561e-05
put,catch,1,229,12283,8.141333550435561e-05
put,whee,1,230,12283,8.141333550435561e-05
put,those,1,231,12283,8.141333550435561e-05
put,katie,1,232,12283,8.141333550435561e-05
put,puppet,1,233,12283,8.141333550435561e-05
put,sposta,1,234,12283,8.141333550435561e-05
put,yay,1,235,12283,8.141333550435561e-05
put,sister'll,1,236,12283,8.141333550435561e-05
put,train,1,237,12283,8.141333550435561e-05
put,hunhunh,1,238,12283,8.141333550435561e-05
put,all,1,239,12283,8.141333550435561e-05
put,bib,1,240,12283,8.141333550435561e-05
put,lia,1,241,12283,8.141333550435561e-05
put,body,1,242,12283,8.141333550435561e-05
put,scarry,1,243,12283,8.141333550435561e-05
put,badger,1,244,12283,8.141333550435561e-05
put,bumble,1,245,12283,8.141333550435561e-05
put,thomas,1,246,12283,8.141333550435561e-05
put,joseph,1,247,12283,8.141333550435561e-05
put,uhoh,1,248,12283,8.141333550435561e-05
put,hold,1,249,12283,8.141333550435561e-05
put,sock,1,250,12283,8.141333550435561e-05
put,maggie,1,251,12283,8.141333550435561e-05
put,plate,1,252,12283,8.141333550435561e-05
put,debbie,1,253,12283,8.141333550435561e-05
put,pajama,1,254,12283,8.141333550435561e-05
put,marilee,1,255,12283,8.141333550435561e-05
put,santa,1,256,12283,8.141333550435561e-05
put,abba,1,257,12283,8.141333550435561e-05
put,naftali,1,258,12283,8.141333550435561e-05
put,observer,1,259,12283,8.141333550435561e-05
put,popple,1,260,12283,8.141333550435561e-05
put,claus,1,261,12283,8.141333550435561e-05
put,two,1,262,12283,8.141333550435561e-05
put,eeyores,1,263,12283,8.141333550435561e-05
put,vet,1,264,12283,8.141333550435561e-05
put,cathy,1,265,12283,8.141333550435561e-05
put,monster,1,266,12283,8.141333550435561e-05
put,tractor,1,267,12283,8.141333550435561e-05
put,hat,1,268,12283,8.141333550435561e-05
put,farmer,1,269,12283,8.141333550435561e-05
put,ryan,1,270,12283,8.141333550435561e-05
put,oh_my_goodness,1,271,12283,8.141333550435561e-05
put,roman,1,272,12283,8.141333550435561e-05
put,angela,1,273,12283,8.141333550435561e-05
put,tony,1,274,12283,8.141333550435561e-05
put,listen,1,275,12283,8.141333550435561e-05
put,christopher,1,276,12283,8.141333550435561e-05
put,o,1,277,12283,8.141333550435561e-05
put,chipper,1,278,12283,8.141333550435561e-05
put,as_soon_as,1,279,12283,8.141333550435561e-05
put,remi,1,280,12283,8.141333550435561e-05
put,head,1,281,12283,8.141333550435561e-05
put,fox,1,282,12283,8.141333550435561e-05
put,gray,1,283,12283,8.141333550435561e-05
put,jessica,1,284,12283,8.141333550435561e-05
put,letter,1,285,12283,8.141333550435561e-05
put,aaron,1,286,12283,8.141333550435561e-05
put,sutton,1,287,12283,8.141333550435561e-05
put,chemical,1,288,12283,8.141333550435561e-05
put,keisha,1,289,12283,8.141333550435561e-05
put,hand,1,290,12283,8.141333550435561e-05
put,boss,1,291,12283,8.141333550435561e-05
put,point,1,292,12283,8.141333550435561e-05
put,your,1,293,12283,8.141333550435561e-05
put,roland,1,294,12283,8.141333550435561e-05
put,norman,1,295,12283,8.141333550435561e-05
put,gregory,1,296,12283,8.141333550435561e-05
put,asher,1,297,12283,8.141333550435561e-05
put,these,1,298,12283,8.141333550435561e-05
put,blowing,1,299,12283,8.141333550435561e-05
put,piece,1,300,12283,8.141333550435561e-05
put,no,1,301,12283,8.141333550435561e-05
put,math,1,302,12283,8.141333550435561e-05
put,easy,1,303,12283,8.141333550435561e-05
put,o'clock,1,304,12283,8.141333550435561e-05
put,zoie,1,305,12283,8.141333550435561e-05
put,in_order_to,1,306,12283,8.141333550435561e-05
put,pigery,1,307,12283,8.141333550435561e-05
put,bite,1,308,12283,8.141333550435561e-05
put,kayode,1,309,12283,8.141333550435561e-05
put,dry,1,310,12283,8.141333550435561e-05
put,tommy,1,311,12283,8.141333550435561e-05
put,person,1,312,12283,8.141333550435561e-05
put,sask,1,313,12283,8.141333550435561e-05
put,wayne,1,314,12283,8.141333550435561e-05
put,trick,1,315,12283,8.141333550435561e-05
put,aislinn,1,316,12283,8.141333550435561e-05
put,monkey,1,317,12283,8.141333550435561e-05
like,you,6636,1,10869,0.6105437482749103
like,i,2132,2,10869,0.19615420001840095
like,he,541,3,10869,0.049774588278590486
like,she,340,4,10869,0.03128162664458552
like,they,252,5,10869,0.023185205630692797
like,we,127,6,10869,0.011684607599595179
like,who,70,7,10869,0.006440334897414666
like,ya,51,8,10869,0.004692243996687827
like,mommy,39,9,10869,0.0035881865857024567
like,daddy,29,10,10869,0.002668138743214647
like,baby,28,11,10869,0.0025761339589658663
like,kitty,18,12,10869,0.0016560861164780568
like,boy,17,13,10869,0.001564081332229276
like,laura,14,14,10869,0.0012880669794829332
like,people,13,15,10869,0.001196062195234152
like,it,13,16,10869,0.001196062195234152
like,chi,11,17,10869,0.0010120526267365904
like,joseph,10,18,10869,0.0009200478424878093
like,bear,9,19,10869,0.0008280430582390284
like,dog,9,20,10869,0.0008280430582390284
like,firstname,9,21,10869,0.0008280430582390284
like,duck,9,22,10869,0.0008280430582390284
like,that,8,23,10869,0.0007360382739902475
like,child,7,24,10869,0.0006440334897414666
like,paul,7,25,10869,0.0006440334897414666
like,kitten,7,26,10869,0.0006440334897414666
like,monkey,6,27,10869,0.0005520287054926856
like,one,6,28,10869,0.0005520287054926856
like,puppy,6,29,10869,0.0005520287054926856
like,guy,6,30,10869,0.0005520287054926856
like,everybody,6,31,10869,0.0005520287054926856
like,swww,6,32,10869,0.0005520287054926856
like,cat,6,33,10869,0.0005520287054926856
like,kid,6,34,10869,0.0005520287054926856
like,elmo,6,35,10869,0.0005520287054926856
like,adam,6,36,10869,0.0005520287054926856
like,bunny,6,37,10869,0.0005520287054926856
like,nina,6,38,10869,0.0005520287054926856
like,bird,5,39,10869,0.00046002392124390467
like,shem,5,40,10869,0.00046002392124390467
like,grandma,5,41,10869,0.00046002392124390467
like,mel,5,42,10869,0.00046002392124390467
like,elephant,4,43,10869,0.00036801913699512377
like,everyone,4,44,10869,0.00036801913699512377
like,nobody,4,45,10869,0.00036801913699512377
like,mama,4,46,10869,0.00036801913699512377
like,henry,4,47,10869,0.00036801913699512377
like,mickey,4,48,10869,0.00036801913699512377
like,mouse,4,49,10869,0.00036801913699512377
like,somebody,4,50,10869,0.00036801913699512377
like,momma,4,51,10869,0.00036801913699512377
like,usher,4,52,10869,0.00036801913699512377
like,mother,4,53,10869,0.00036801913699512377
like,dinosaur,4,54,10869,0.00036801913699512377
like,the,4,55,10869,0.00036801913699512377
like,popeye,4,56,10869,0.00036801913699512377
like,doggie,3,57,10869,0.0002760143527463428
like,peter,3,58,10869,0.0002760143527463428
like,anybody,3,59,10869,0.0002760143527463428
like,lynn,3,60,10869,0.0002760143527463428
like,jenny,3,61,10869,0.0002760143527463428
like,anyone,3,62,10869,0.0002760143527463428
like,alligator,3,63,10869,0.0002760143527463428
like,rabbit,3,64,10869,0.0002760143527463428
like,cow,3,65,10869,0.0002760143527463428
like,alex,3,66,10869,0.0002760143527463428
like,baby_mickey,3,67,10869,0.0002760143527463428
like,bug,3,68,10869,0.0002760143527463428
like,your,3,69,10869,0.0002760143527463428
like,dad,3,70,10869,0.0002760143527463428
like,marky,3,71,10869,0.0002760143527463428
like,lion,3,72,10869,0.0002760143527463428
like,mummy,3,73,10869,0.0002760143527463428
like,lady,3,74,10869,0.0002760143527463428
like,doll,3,75,10869,0.0002760143527463428
like,rocky,3,76,10869,0.0002760143527463428
like,erin,3,77,10869,0.0002760143527463428
like,birdie,2,78,10869,0.00018400956849756188
like,dragon,2,79,10869,0.00018400956849756188
like,lois,2,80,10869,0.00018400956849756188
like,horse,2,81,10869,0.00018400956849756188
like,father,2,82,10869,0.00018400956849756188
like,george,2,83,10869,0.00018400956849756188
like,dwww,2,84,10869,0.00018400956849756188
like,gumby,2,85,10869,0.00018400956849756188
like,andrew,2,86,10869,0.00018400956849756188
like,fuzzy_tail_lamb,2,87,10869,0.00018400956849756188
like,gorilla,2,88,10869,0.00018400956849756188
like,sister,2,89,10869,0.00018400956849756188
like,cowboy,2,90,10869,0.00018400956849756188
like,brother,2,91,10869,0.00018400956849756188
like,sarah,2,92,10869,0.00018400956849756188
like,fraser,2,93,10869,0.00018400956849756188
like,some,2,94,10869,0.00018400956849756188
like,teacher,2,95,10869,0.00018400956849756188
like,which,2,96,10869,0.00018400956849756188
like,pig,2,97,10869,0.00018400956849756188
like,thank_you,2,98,10869,0.00018400956849756188
like,junior,2,99,10869,0.00018400956849756188
like,richard,2,100,10869,0.00018400956849756188
like,monster,2,101,10869,0.00018400956849756188
like,stepmother,2,102,10869,0.00018400956849756188
like,bro,2,103,10869,0.00018400956849756188
like,cou,2,104,10869,0.00018400956849756188
like,felicia,2,105,10869,0.00018400956849756188
like,nana,2,106,10869,0.00018400956849756188
like,giraffe,2,107,10869,0.00018400956849756188
like,lot,2,108,10869,0.00018400956849756188
like,cookie_monster,2,109,10869,0.00018400956849756188
like,georgie,2,110,10869,0.00018400956849756188
like,animal,2,111,10869,0.00018400956849756188
like,dingo,2,112,10869,0.00018400956849756188
like,nonno,2,113,10869,0.00018400956849756188
like,doggy,2,114,10869,0.00018400956849756188
like,ari,2,115,10869,0.00018400956849756188
like,patrick,2,116,10869,0.00018400956849756188
like,observer,2,117,10869,0.00018400956849756188
like,bailey,2,118,10869,0.00018400956849756188
like,cinderella,2,119,10869,0.00018400956849756188
like,spider,2,120,10869,0.00018400956849756188
like,carl,2,121,10869,0.00018400956849756188
like,john,2,122,10869,0.00018400956849756188
like,gabriella,2,123,10869,0.00018400956849756188
like,joey,2,124,10869,0.00018400956849756188
like,danny,2,125,10869,0.00018400956849756188
like,steven,2,126,10869,0.00018400956849756188
like,cindy,1,127,10869,9.200478424878094e-05
like,eric,1,128,10869,9.200478424878094e-05
like,tiger,1,129,10869,9.200478424878094e-05
like,pete,1,130,10869,9.200478424878094e-05
like,winnie_the_poh,1,131,10869,9.200478424878094e-05
like,monkie,1,132,10869,9.200478424878094e-05
like,jwww,1,133,10869,9.200478424878094e-05
like,bwww,1,134,10869,9.200478424878094e-05
like,hwww,1,135,10869,9.200478424878094e-05
like,nanny,1,136,10869,9.200478424878094e-05
like,pwww,1,137,10869,9.200478424878094e-05
like,milkman,1,138,10869,9.200478424878094e-05
like,sean,1,139,10869,9.200478424878094e-05
like,old,1,140,10869,9.200478424878094e-05
like,wilbur,1,141,10869,9.200478424878094e-05
like,morgan,1,142,10869,9.200478424878094e-05
like,mandy,1,143,10869,9.200478424878094e-05
like,cousin,1,144,10869,9.200478424878094e-05
like,dada,1,145,10869,9.200478424878094e-05
like,alexander,1,146,10869,9.200478424878094e-05
like,timmy,1,147,10869,9.200478424878094e-05
like,tiggers,1,148,10869,9.200478424878094e-05
like,colt,1,149,10869,9.200478424878094e-05
like,sid,1,150,10869,9.200478424878094e-05
like,yuli,1,151,10869,9.200478424878094e-05
like,mikie,1,152,10869,9.200478424878094e-05
like,mikey,1,153,10869,9.200478424878094e-05
like,ursula,1,154,10869,9.200478424878094e-05
like,chicken,1,155,10869,9.200478424878094e-05
like,david,1,156,10869,9.200478424878094e-05
like,rangy,1,157,10869,9.200478424878094e-05
like,fraser'd,1,158,10869,9.200478424878094e-05
like,sara,1,159,10869,9.200478424878094e-05
like,bugs,1,160,10869,9.200478424878094e-05
like,spoon,1,161,10869,9.200478424878094e-05
like,boa,1,162,10869,9.200478424878094e-05
like,anna,1,163,10869,9.200478424878094e-05
like,queen,1,164,10869,9.200478424878094e-05
like,robin,1,165,10869,9.200478424878094e-05
like,council,1,166,10869,9.200478424878094e-05
like,ace,1,167,10869,9.200478424878094e-05
like,lobster,1,168,10869,9.200478424878094e-05
like,stefan,1,169,10869,9.200478424878094e-05
like,eel,1,170,10869,9.200478424878094e-05
like,bat,1,171,10869,9.200478424878094e-05
like,seal,1,172,10869,9.200478424878094e-05
like,goat,1,173,10869,9.200478424878094e-05
like,sabina,1,174,10869,9.200478424878094e-05
like,robert,1,175,10869,9.200478424878094e-05
like,daughter,1,176,10869,9.200478424878094e-05
like,a_lot_of,1,177,10869,9.200478424878094e-05
like,astra,1,178,10869,9.200478424878094e-05
like,anne,1,179,10869,9.200478424878094e-05
like,bed,1,180,10869,9.200478424878094e-05
like,toy,1,181,10869,9.200478424878094e-05
like,good,1,182,10869,9.200478424878094e-05
like,kerri,1,183,10869,9.200478424878094e-05
like,zzz,1,184,10869,9.200478424878094e-05
like,alice,1,185,10869,9.200478424878094e-05
like,brad,1,186,10869,9.200478424878094e-05
like,nelson,1,187,10869,9.200478424878094e-05
like,ben,1,188,10869,9.200478424878094e-05
like,giant,1,189,10869,9.200478424878094e-05
like,cub,1,190,10869,9.200478424878094e-05
like,teddy,1,191,10869,9.200478424878094e-05
like,grandmother,1,192,10869,9.200478424878094e-05
like,gee,1,193,10869,9.200478424878094e-05
like,barbara,1,194,10869,9.200478424878094e-05
like,bernie,1,195,10869,9.200478424878094e-05
like,honey,1,196,10869,9.200478424878094e-05
like,cuddle,1,197,10869,9.200478424878094e-05
like,side,1,198,10869,9.200478424878094e-05
like,myra,1,199,10869,9.200478424878094e-05
like,family,1,200,10869,9.200478424878094e-05
like,debbie,1,201,10869,9.200478424878094e-05
like,person,1,202,10869,9.200478424878094e-05
like,pea,1,203,10869,9.200478424878094e-05
like,cj,1,204,10869,9.200478424878094e-05
like,terry,1,205,10869,9.200478424878094e-05
like,mom,1,206,10869,9.200478424878094e-05
like,abe,1,207,10869,9.200478424878094e-05
like,snoopy,1,208,10869,9.200478424878094e-05
like,lovey,1,209,10869,9.200478424878094e-05
like,hamster,1,210,10869,9.200478424878094e-05
like,jean,1,211,10869,9.200478424878094e-05
like,lyle,1,212,10869,9.200478424878094e-05
like,ross,1,213,10869,9.200478424878094e-05
like,kacey,1,214,10869,9.200478424878094e-05
like,diane,1,215,10869,9.200478424878094e-05
like,michael,1,216,10869,9.200478424878094e-05
like,parrot,1,217,10869,9.200478424878094e-05
like,sally,1,218,10869,9.200478424878094e-05
like,megan,1,219,10869,9.200478424878094e-05
like,melissa,1,220,10869,9.200478424878094e-05
like,critter,1,221,10869,9.200478424878094e-05
like,brittany,1,222,10869,9.200478424878094e-05
like,diplodocus,1,223,10869,9.200478424878094e-05
like,rexes,1,224,10869,9.200478424878094e-05
like,piggy,1,225,10869,9.200478424878094e-05
like,transformer,1,226,10869,9.200478424878094e-05
like,sandy,1,227,10869,9.200478424878094e-05
like,penguin,1,228,10869,9.200478424878094e-05
like,nomi,1,229,10869,9.200478424878094e-05
like,jordon,1,230,10869,9.200478424878094e-05
like,betty,1,231,10869,9.200478424878094e-05
like,nathaniel,1,232,10869,9.200478424878094e-05
like,babykin,1,233,10869,9.200478424878094e-05
like,scarry,1,234,10869,9.200478424878094e-05
like,pickle,1,235,10869,9.200478424878094e-05
like,thomas,1,236,10869,9.200478424878094e-05
like,fishie,1,237,10869,9.200478424878094e-05
like,fish,1,238,10869,9.200478424878094e-05
like,cinda,1,239,10869,9.200478424878094e-05
like,walrus,1,240,10869,9.200478424878094e-05
like,kirsten,1,241,10869,9.200478424878094e-05
like,nonna,1,242,10869,9.200478424878094e-05
like,deer,1,243,10869,9.200478424878094e-05
like,cricket,1,244,10869,9.200478424878094e-05
like,bud,1,245,10869,9.200478424878094e-05
like,stripey,1,246,10869,9.200478424878094e-05
like,hedgehog,1,247,10869,9.200478424878094e-05
like,investigator,1,248,10869,9.200478424878094e-05
like,chrissy,1,249,10869,9.200478424878094e-05
like,matthew,1,250,10869,9.200478424878094e-05
like,frog,1,251,10869,9.200478424878094e-05
like,buzz,1,252,10869,9.200478424878094e-05
like,ryan,1,253,10869,9.200478424878094e-05
like,dale,1,254,10869,9.200478424878094e-05
like,roman,1,255,10869,9.200478424878094e-05
like,you_know,1,256,10869,9.200478424878094e-05
like,god,1,257,10869,9.200478424878094e-05
like,weist,1,258,10869,9.200478424878094e-05
like,player,1,259,10869,9.200478424878094e-05
like,artist,1,260,10869,9.200478424878094e-05
like,moustache,1,261,10869,9.200478424878094e-05
like,jack,1,262,10869,9.200478424878094e-05
like,jim,1,263,10869,9.200478424878094e-05
like,todd,1,264,10869,9.200478424878094e-05
like,chris,1,265,10869,9.200478424878094e-05
like,go,1,266,10869,9.200478424878094e-05
like,andy,1,267,10869,9.200478424878094e-05
like,neighborhood,1,268,10869,9.200478424878094e-05
like,shoot,1,269,10869,9.200478424878094e-05
like,tyrone,1,270,10869,9.200478424878094e-05
like,bernice,1,271,10869,9.200478424878094e-05
like,what,1,272,10869,9.200478424878094e-05
like,bambi,1,273,10869,9.200478424878094e-05
like,toddy,1,274,10869,9.200478424878094e-05
like,kate,1,275,10869,9.200478424878094e-05
like,jimmy,1,276,10869,9.200478424878094e-05
like,chantell,1,277,10869,9.200478424878094e-05
like,duckling,1,278,10869,9.200478424878094e-05
like,grover,1,279,10869,9.200478424878094e-05
like,johnny,1,280,10869,9.200478424878094e-05
look,it,1815,1,8944,0.2029293381037567
look,you,1636,2,8944,0.18291592128801432
look,that,964,3,8944,0.10778175313059034
look,he,620,4,8944,0.06932021466905187
look,i,522,5,8944,0.05836314847942755
look,they,451,6,8944,0.05042486583184257
look,we,369,7,8944,0.0412567084078712
look,us,347,8,8944,0.03879695885509839
look,she,274,9,8944,0.030635062611806797
look,this,212,10,8944,0.02370304114490161
look,wanna,106,11,8944,0.011851520572450805
look,one,79,12,8944,0.00883273703041145
look,those,45,13,8944,0.005031305903398927
look,mama,42,14,8944,0.004695885509838999
look,chi,35,15,8944,0.0039132379248658315
look,mommy,33,16,8944,0.0036896243291592128
look,baby,31,17,8944,0.003466010733452594
look,who,28,18,8944,0.0031305903398926656
look,ya,27,19,8944,0.003018783542039356
look,cat,25,20,8944,0.002795169946332737
look,group,24,21,8944,0.0026833631484794273
look,henry,17,22,8944,0.0019007155635062613
look,nina,17,23,8944,0.0019007155635062613
look,these,16,24,8944,0.0017889087656529517
look,judy,15,25,8944,0.0016771019677996421
look,boy,15,26,8944,0.0016771019677996421
look,what,15,27,8944,0.0016771019677996421
look,mom,14,28,8944,0.0015652951699463328
look,face,13,29,8944,0.0014534883720930232
look,laura,13,30,8944,0.0014534883720930232
look,guy,13,31,8944,0.0014534883720930232
look,duck,12,32,8944,0.0013416815742397137
look,thing,12,33,8944,0.0013416815742397137
look,child,12,34,8944,0.0013416815742397137
look,matthew,12,35,8944,0.0013416815742397137
look,daddy,11,36,8944,0.0012298747763864043
look,hair,11,37,8944,0.0012298747763864043
look,sally,11,38,8944,0.0012298747763864043
look,frog,10,39,8944,0.0011180679785330948
look,man,10,40,8944,0.0011180679785330948
look,whatcha,10,41,8944,0.0011180679785330948
look,alexander,10,42,8944,0.0011180679785330948
look,joseph,10,43,8944,0.0011180679785330948
look,horse,9,44,8944,0.0010062611806797854
look,mother,9,45,8944,0.0010062611806797854
look,adam,9,46,8944,0.0010062611806797854
look,dog,9,47,8944,0.0010062611806797854
look,sarah,9,48,8944,0.0010062611806797854
look,firstname,9,49,8944,0.0010062611806797854
look,everybody,9,50,8944,0.0010062611806797854
look,theo,9,51,8944,0.0010062611806797854
look,bird,8,52,8944,0.0008944543828264759
look,girl,8,53,8944,0.0008944543828264759
look,kitten,8,54,8944,0.0008944543828264759
look,mm,7,55,8944,0.0007826475849731664
look,honey,7,56,8944,0.0007826475849731664
look,nathaniel,7,57,8944,0.0007826475849731664
look,eye,7,58,8944,0.0007826475849731664
look,cow,7,59,8944,0.0007826475849731664
look,shem,7,60,8944,0.0007826475849731664
look,michael,7,61,8944,0.0007826475849731664
look,bunny,6,62,8944,0.0006708407871198568
look,nobody,6,63,8944,0.0006708407871198568
look,giant,6,64,8944,0.0006708407871198568
look,sis,6,65,8944,0.0006708407871198568
look,abe,6,66,8944,0.0006708407871198568
look,nathan,6,67,8944,0.0006708407871198568
look,travis,6,68,8944,0.0006708407871198568
look,kalie,6,69,8944,0.0006708407871198568
look,alice,5,70,8944,0.0005590339892665474
look,house,5,71,8944,0.0005590339892665474
look,morgan,5,72,8944,0.0005590339892665474
look,everything,5,73,8944,0.0005590339892665474
look,two,5,74,8944,0.0005590339892665474
look,moon,5,75,8944,0.0005590339892665474
look,ernie,5,76,8944,0.0005590339892665474
look,oh_my_goodness,5,77,8944,0.0005590339892665474
look,elephant,5,78,8944,0.0005590339892665474
look,andrew,5,79,8944,0.0005590339892665474
look,megan,5,80,8944,0.0005590339892665474
look,nomi,5,81,8944,0.0005590339892665474
look,roman,5,82,8944,0.0005590339892665474
look,david,5,83,8944,0.0005590339892665474
look,patrick,5,84,8944,0.0005590339892665474
look,brother,4,85,8944,0.0004472271914132379
look,somebody,4,86,8944,0.0004472271914132379
look,animal,4,87,8944,0.0004472271914132379
look,car,4,88,8944,0.0004472271914132379
look,peter,4,89,8944,0.0004472271914132379
look,mine,4,90,8944,0.0004472271914132379
look,lemme,4,91,8944,0.0004472271914132379
look,dillon,4,92,8944,0.0004472271914132379
look,sweetheart,4,93,8944,0.0004472271914132379
look,look,4,94,8944,0.0004472271914132379
look,ursula,4,95,8944,0.0004472271914132379
look,people,4,96,8944,0.0004472271914132379
look,tail,4,97,8944,0.0004472271914132379
look,some,4,98,8944,0.0004472271914132379
look,oliver,4,99,8944,0.0004472271914132379
look,kid,4,100,8944,0.0004472271914132379
look,leaf,4,101,8944,0.0004472271914132379
look,bro,4,102,8944,0.0004472271914132379
look,ball,4,103,8944,0.0004472271914132379
look,malik,4,104,8944,0.0004472271914132379
look,gabriella,4,105,8944,0.0004472271914132379
look,aislinn,4,106,8944,0.0004472271914132379
look,pete,3,107,8944,0.0003354203935599284
look,everyone,3,108,8944,0.0003354203935599284
look,cupcake,3,109,8944,0.0003354203935599284
look,all,3,110,8944,0.0003354203935599284
look,maggie,3,111,8944,0.0003354203935599284
look,part,3,112,8944,0.0003354203935599284
look,paul,3,113,8944,0.0003354203935599284
look,anybody,3,114,8944,0.0003354203935599284
look,yours,3,115,8944,0.0003354203935599284
look,truck,3,116,8944,0.0003354203935599284
look,kitty,3,117,8944,0.0003354203935599284
look,sun,3,118,8944,0.0003354203935599284
look,katie,3,119,8944,0.0003354203935599284
look,awoh,3,120,8944,0.0003354203935599284
look,cinderella,3,121,8944,0.0003354203935599284
look,egg,3,122,8944,0.0003354203935599284
look,bear,3,123,8944,0.0003354203935599284
look,mouse,3,124,8944,0.0003354203935599284
look,oop,3,125,8944,0.0003354203935599284
look,god,3,126,8944,0.0003354203935599284
look,momma,3,127,8944,0.0003354203935599284
look,color,3,128,8944,0.0003354203935599284
look,ross,3,129,8944,0.0003354203935599284
look,corinna,3,130,8944,0.0003354203935599284
look,jamie,3,131,8944,0.0003354203935599284
look,liam,3,132,8944,0.0003354203935599284
look,box,3,133,8944,0.0003354203935599284
look,woo,3,134,8944,0.0003354203935599284
look,owl,3,135,8944,0.0003354203935599284
look,your,3,136,8944,0.0003354203935599284
look,train,3,137,8944,0.0003354203935599284
look,catherine,3,138,8944,0.0003354203935599284
look,santa_claus,3,139,8944,0.0003354203935599284
look,giraffe,3,140,8944,0.0003354203935599284
look,deidre,3,141,8944,0.0003354203935599284
look,banner,3,142,8944,0.0003354203935599284
look,tooth,2,143,8944,0.00022361359570661896
look,kay,2,144,8944,0.00022361359570661896
look,shoe,2,145,8944,0.00022361359570661896
look,cookie,2,146,8944,0.00022361359570661896
look,bax,2,147,8944,0.00022361359570661896
look,nat,2,148,8944,0.00022361359570661896
look,father,2,149,8944,0.00022361359570661896
look,fish,2,150,8944,0.00022361359570661896
look,mandy,2,151,8944,0.00022361359570661896
look,stuff,2,152,8944,0.00022361359570661896
look,hole,2,153,8944,0.00022361359570661896
look,tabitha,2,154,8944,0.00022361359570661896
look,diaper,2,155,8944,0.00022361359570661896
look,deer,2,156,8944,0.00022361359570661896
look,seal,2,157,8944,0.00022361359570661896
look,hat,2,158,8944,0.00022361359570661896
look,whoop,2,159,8944,0.00022361359570661896
look,doggie,2,160,8944,0.00022361359570661896
look,chicken,2,161,8944,0.00022361359570661896
look,melissa,2,162,8944,0.00022361359570661896
look,sister,2,163,8944,0.00022361359570661896
look,lion,2,164,8944,0.00022361359570661896
look,cake,2,165,8944,0.00022361359570661896
look,uhoh,2,166,8944,0.00022361359570661896
look,picture,2,167,8944,0.00022361359570661896
look,tree,2,168,8944,0.00022361359570661896
look,room,2,169,8944,0.00022361359570661896
look,stefan,2,170,8944,0.00022361359570661896
look,let,2,171,8944,0.00022361359570661896
look,cooky,2,172,8944,0.00022361359570661896
look,yup,2,173,8944,0.00022361359570661896
look,charlie,2,174,8944,0.00022361359570661896
look,policeman,2,175,8944,0.00022361359570661896
look,richard,2,176,8944,0.00022361359570661896
look,red,2,177,8944,0.00022361359570661896
look,bert,2,178,8944,0.00022361359570661896
look,both,2,179,8944,0.00022361359570661896
look,annie,2,180,8944,0.00022361359570661896
look,grover,2,181,8944,0.00022361359570661896
look,eric,2,182,8944,0.00022361359570661896
look,ma,2,183,8944,0.00022361359570661896
look,sandy,2,184,8944,0.00022361359570661896
look,puzzle,2,185,8944,0.00022361359570661896
look,piece,2,186,8944,0.00022361359570661896
look,mickey,2,187,8944,0.00022361359570661896
look,doll,2,188,8944,0.00022361359570661896
look,lady,2,189,8944,0.00022361359570661896
look,monster,2,190,8944,0.00022361359570661896
look,fly,2,191,8944,0.00022361359570661896
look,beehive,2,192,8944,0.00022361359570661896
look,juice,2,193,8944,0.00022361359570661896
look,lassie,2,194,8944,0.00022361359570661896
look,timmy,2,195,8944,0.00022361359570661896
look,tommy,2,196,8944,0.00022361359570661896
look,yard,2,197,8944,0.00022361359570661896
look,zebra,2,198,8944,0.00022361359570661896
look,place,2,199,8944,0.00022361359570661896
look,word,2,200,8944,0.00022361359570661896
look,tom,2,201,8944,0.00022361359570661896
look,dad,2,202,8944,0.00022361359570661896
look,sort_of,2,203,8944,0.00022361359570661896
look,kind,2,204,8944,0.00022361359570661896
look,letter,2,205,8944,0.00022361359570661896
look,ryan,2,206,8944,0.00022361359570661896
look,plate,2,207,8944,0.00022361359570661896
look,rachel,2,208,8944,0.00022361359570661896
look,erica,2,209,8944,0.00022361359570661896
look,elana,2,210,8944,0.00022361359570661896
look,side,2,211,8944,0.00022361359570661896
look,puppy,2,212,8944,0.00022361359570661896
look,kangaroo,2,213,8944,0.00022361359570661896
look,bed,2,214,8944,0.00022361359570661896
look,white,2,215,8944,0.00022361359570661896
look,bobo,2,216,8944,0.00022361359570661896
look,my_goodness,2,217,8944,0.00022361359570661896
look,anything,2,218,8944,0.00022361359570661896
look,martin,2,219,8944,0.00022361359570661896
look,sorcerer,2,220,8944,0.00022361359570661896
look,parent,2,221,8944,0.00022361359570661896
look,tracy,2,222,8944,0.00022361359570661896
look,island,2,223,8944,0.00022361359570661896
look,heaven,2,224,8944,0.00022361359570661896
look,book,2,225,8944,0.00022361359570661896
look,woody,2,226,8944,0.00022361359570661896
look,godmother,2,227,8944,0.00022361359570661896
look,toy,2,228,8944,0.00022361359570661896
look,carl,2,229,8944,0.00022361359570661896
look,stephanie,2,230,8944,0.00022361359570661896
look,kim,2,231,8944,0.00022361359570661896
look,barry,2,232,8944,0.00022361359570661896
look,something,2,233,8944,0.00022361359570661896
look,nan,1,234,8944,0.00011180679785330948
look,gloria,1,235,8944,0.00011180679785330948
look,miffy,1,236,8944,0.00011180679785330948
look,hank,1,237,8944,0.00011180679785330948
look,mummie,1,238,8944,0.00011180679785330948
look,marie,1,239,8944,0.00011180679785330948
look,phone,1,240,8944,0.00011180679785330948
look,aimee,1,241,8944,0.00011180679785330948
look,hiccup,1,242,8944,0.00011180679785330948
look,motorcycle,1,243,8944,0.00011180679785330948
look,plant,1,244,8944,0.00011180679785330948
look,lois,1,245,8944,0.00011180679785330948
look,hook,1,246,8944,0.00011180679785330948
look,kitty+cat,1,247,8944,0.00011180679785330948
look,george,1,248,8944,0.00011180679785330948
look,grandma,1,249,8944,0.00011180679785330948
look,twin,1,250,8944,0.00011180679785330948
look,mwww,1,251,8944,0.00011180679785330948
look,coupon,1,252,8944,0.00011180679785330948
look,jwww,1,253,8944,0.00011180679785330948
look,doctor_rwww,1,254,8944,0.00011180679785330948
look,peanut,1,255,8944,0.00011180679785330948
look,california,1,256,8944,0.00011180679785330948
look,coffee,1,257,8944,0.00011180679785330948
look,v,1,258,8944,0.00011180679785330948
look,head,1,259,8944,0.00011180679785330948
look,help,1,260,8944,0.00011180679785330948
look,tippy,1,261,8944,0.00011180679785330948
look,goose,1,262,8944,0.00011180679785330948
look,lip,1,263,8944,0.00011180679785330948
look,trash,1,264,8944,0.00011180679785330948
look,path,1,265,8944,0.00011180679785330948
look,roosteen,1,266,8944,0.00011180679785330948
look,bootie,1,267,8944,0.00011180679785330948
look,thank_you,1,268,8944,0.00011180679785330948
look,grass,1,269,8944,0.00011180679785330948
look,window,1,270,8944,0.00011180679785330948
look,alex,1,271,8944,0.00011180679785330948
look,binkie_boy,1,272,8944,0.00011180679785330948
look,character,1,273,8944,0.00011180679785330948
look,dyiesha,1,274,8944,0.00011180679785330948
look,writing,1,275,8944,0.00011180679785330948
look,cliffy,1,276,8944,0.00011180679785330948
look,snow,1,277,8944,0.00011180679785330948
look,finish,1,278,8944,0.00011180679785330948
look,measle,1,279,8944,0.00011180679785330948
look,as_if,1,280,8944,0.00011180679785330948
look,hasta,1,281,8944,0.00011180679785330948
look,my,1,282,8944,0.00011180679785330948
look,snake,1,283,8944,0.00011180679785330948
look,eight,1,284,8944,0.00011180679785330948
look,shadow,1,285,8944,0.00011180679785330948
look,license,1,286,8944,0.00011180679785330948
look,eve,1,287,8944,0.00011180679785330948
look,uncle_tommy,1,288,8944,0.00011180679785330948
look,dish,1,289,8944,0.00011180679785330948
look,tickle,1,290,8944,0.00011180679785330948
look,pat,1,291,8944,0.00011180679785330948
look,bugs,1,292,8944,0.00011180679785330948
look,robin,1,293,8944,0.00011180679785330948
look,back,1,294,8944,0.00011180679785330948
look,nothing,1,295,8944,0.00011180679785330948
look,p,1,296,8944,0.00011180679785330948
look,carriage,1,297,8944,0.00011180679785330948
look,closet,1,298,8944,0.00011180679785330948
look,snowman,1,299,8944,0.00011180679785330948
look,friend,1,300,8944,0.00011180679785330948
look,pancake,1,301,8944,0.00011180679785330948
look,steal,1,302,8944,0.00011180679785330948
look,mask,1,303,8944,0.00011180679785330948
look,crocodile,1,304,8944,0.00011180679785330948
look,dudley,1,305,8944,0.00011180679785330948
look,kevin,1,306,8944,0.00011180679785330948
look,arthur,1,307,8944,0.00011180679785330948
look,ummhm,1,308,8944,0.00011180679785330948
look,oughtoh,1,309,8944,0.00011180679785330948
look,labell,1,310,8944,0.00011180679785330948
look,stripe,1,311,8944,0.00011180679785330948
look,eel,1,312,8944,0.00011180679785330948
look,battery,1,313,8944,0.00011180679785330948
look,paw,1,314,8944,0.00011180679785330948
look,skunk,1,315,8944,0.00011180679785330948
look,nose,1,316,8944,0.00011180679785330948
look,count,1,317,8944,0.00011180679785330948
look,aaah,1,318,8944,0.00011180679785330948
look,camper,1,319,8944,0.00011180679785330948
look,kinda,1,320,8944,0.00011180679785330948
look,way,1,321,8944,0.00011180679785330948
look,water,1,322,8944,0.00011180679785330948
look,person,1,323,8944,0.00011180679785330948
look,texture,1,324,8944,0.00011180679785330948
look,clothe,1,325,8944,0.00011180679785330948
look,tupty,1,326,8944,0.00011180679785330948
look,jump,1,327,8944,0.00011180679785330948
look,fawn,1,328,8944,0.00011180679785330948
look,plum,1,329,8944,0.00011180679785330948
look,street,1,330,8944,0.00011180679785330948
look,mariana,1,331,8944,0.00011180679785330948
look,doctor,1,332,8944,0.00011180679785330948
look,malcolm,1,333,8944,0.00011180679785330948
look,pattern,1,334,8944,0.00011180679785330948
look,sammy,1,335,8944,0.00011180679785330948
look,princess,1,336,8944,0.00011180679785330948
look,prince,1,337,8944,0.00011180679785330948
look,haha,1,338,8944,0.00011180679785330948
look,pig,1,339,8944,0.00011180679785330948
look,bumper,1,340,8944,0.00011180679785330948
look,boot,1,341,8944,0.00011180679785330948
look,dylan,1,342,8944,0.00011180679785330948
look,steak,1,343,8944,0.00011180679785330948
look,time,1,344,8944,0.00011180679785330948
look,jess,1,345,8944,0.00011180679785330948
look,carlos,1,346,8944,0.00011180679785330948
look,rhinoceros,1,347,8944,0.00011180679785330948
look,driver,1,348,8944,0.00011180679785330948
look,toucan,1,349,8944,0.00011180679785330948
look,lemonade,1,350,8944,0.00011180679785330948
look,kermit,1,351,8944,0.00011180679785330948
look,donald,1,352,8944,0.00011180679785330948
look,ann,1,353,8944,0.00011180679785330948
look,creature,1,354,8944,0.00011180679785330948
look,same,1,355,8944,0.00011180679785330948
look,pooh,1,356,8944,0.00011180679785330948
look,grizzly,1,357,8944,0.00011180679785330948
look,m,1,358,8944,0.00011180679785330948
look,luey,1,359,8944,0.00011180679785330948
look,wolf,1,360,8944,0.00011180679785330948
look,piggy,1,361,8944,0.00011180679785330948
look,noodle,1,362,8944,0.00011180679785330948
look,tuty,1,363,8944,0.00011180679785330948
look,nope,1,364,8944,0.00011180679785330948
look,telephone,1,365,8944,0.00011180679785330948
look,office,1,366,8944,0.00011180679785330948
look,ramp,1,367,8944,0.00011180679785330948
look,caterpillar,1,368,8944,0.00011180679785330948
look,skin,1,369,8944,0.00011180679785330948
look,mmummy,1,370,8944,0.00011180679785330948
look,lord'ha,1,371,8944,0.00011180679785330948
look,susan,1,372,8944,0.00011180679785330948
look,number,1,373,8944,0.00011180679785330948
look,pillow,1,374,8944,0.00011180679785330948
look,mark,1,375,8944,0.00011180679785330948
look,bottom,1,376,8944,0.00011180679785330948
look,bone,1,377,8944,0.00011180679785330948
look,useta,1,378,8944,0.00011180679785330948
look,santa,1,379,8944,0.00011180679785330948
look,macaroni,1,380,8944,0.00011180679785330948
look,gypsy,1,381,8944,0.00011180679785330948
look,uhhuh,1,382,8944,0.00011180679785330948
look,gepetto,1,383,8944,0.00011180679785330948
look,may,1,384,8944,0.00011180679785330948
look,hippopotamus,1,385,8944,0.00011180679785330948
look,rooster,1,386,8944,0.00011180679785330948
look,yogurt,1,387,8944,0.00011180679785330948
look,feather,1,388,8944,0.00011180679785330948
look,needta,1,389,8944,0.00011180679785330948
look,cobra,1,390,8944,0.00011180679785330948
look,show,1,391,8944,0.00011180679785330948
look,r,1,392,8944,0.00011180679785330948
look,disco,1,393,8944,0.00011180679785330948
look,luke,1,394,8944,0.00011180679785330948
look,mike,1,395,8944,0.00011180679785330948
look,cassie,1,396,8944,0.00011180679785330948
look,shell,1,397,8944,0.00011180679785330948
look,top,1,398,8944,0.00011180679785330948
look,danger,1,399,8944,0.00011180679785330948
look,boo_boo,1,400,8944,0.00011180679785330948
look,towel,1,401,8944,0.00011180679785330948
look,joanna,1,402,8944,0.00011180679785330948
look,daniel,1,403,8944,0.00011180679785330948
look,norman,1,404,8944,0.00011180679785330948
look,look_it,1,405,8944,0.00011180679785330948
look,ahhah,1,406,8944,0.00011180679785330948
look,chrissie,1,407,8944,0.00011180679785330948
look,max,1,408,8944,0.00011180679785330948
look,name,1,409,8944,0.00011180679785330948
look,horn,1,410,8944,0.00011180679785330948
look,reese,1,411,8944,0.00011180679785330948
look,goodness,1,412,8944,0.00011180679785330948
look,sela,1,413,8944,0.00011180679785330948
look,arm,1,414,8944,0.00011180679785330948
look,medicine,1,415,8944,0.00011180679785330948
look,mel,1,416,8944,0.00011180679785330948
look,floor,1,417,8944,0.00011180679785330948
look,six,1,418,8944,0.00011180679785330948
look,strawberry,1,419,8944,0.00011180679785330948
look,our,1,420,8944,0.00011180679785330948
look,lissa,1,421,8944,0.00011180679785330948
look,balloon,1,422,8944,0.00011180679785330948
look,wheel,1,423,8944,0.00011180679785330948
look,guitar,1,424,8944,0.00011180679785330948
look,indians,1,425,8944,0.00011180679785330948
look,hunhunh,1,426,8944,0.00011180679785330948
look,block,1,427,8944,0.00011180679785330948
look,brick,1,428,8944,0.00011180679785330948
look,brittany,1,429,8944,0.00011180679785330948
look,pony,1,430,8944,0.00011180679785330948
look,mash,1,431,8944,0.00011180679785330948
look,open,1,432,8944,0.00011180679785330948
look,uhhum,1,433,8944,0.00011180679785330948
look,a,1,434,8944,0.00011180679785330948
look,lamb,1,435,8944,0.00011180679785330948
look,coco,1,436,8944,0.00011180679785330948
look,play_doh,1,437,8944,0.00011180679785330948
look,no,1,438,8944,0.00011180679785330948
look,fruit,1,439,8944,0.00011180679785330948
look,ladder,1,440,8944,0.00011180679785330948
look,rug,1,441,8944,0.00011180679785330948
look,life,1,442,8944,0.00011180679785330948
look,light,1,443,8944,0.00011180679785330948
look,aguh,1,444,8944,0.00011180679785330948
look,all_done,1,445,8944,0.00011180679785330948
look,op,1,446,8944,0.00011180679785330948
look,dododododo,1,447,8944,0.00011180679785330948
look,neck,1,448,8944,0.00011180679785330948
look,abuh,1,449,8944,0.00011180679785330948
look,sheep,1,450,8944,0.00011180679785330948
look,ari,1,451,8944,0.00011180679785330948
look,squirrel,1,452,8944,0.00011180679785330948
look,dinosaur,1,453,8944,0.00011180679785330948
look,rip,1,454,8944,0.00011180679785330948
look,linda,1,455,8944,0.00011180679785330948
look,soldier,1,456,8944,0.00011180679785330948
look,lid,1,457,8944,0.00011180679785330948
look,bang,1,458,8944,0.00011180679785330948
look,turtle,1,459,8944,0.00011180679785330948
look,cheerios,1,460,8944,0.00011180679785330948
look,most,1,461,8944,0.00011180679785330948
look,snoopy,1,462,8944,0.00011180679785330948
look,headband,1,463,8944,0.00011180679785330948
look,chalk,1,464,8944,0.00011180679785330948
look,bug,1,465,8944,0.00011180679785330948
look,elizabeth,1,466,8944,0.00011180679785330948
look,jule,1,467,8944,0.00011180679785330948
look,jaylyn,1,468,8944,0.00011180679785330948
look,barney,1,469,8944,0.00011180679785330948
look,chair,1,470,8944,0.00011180679785330948
look,key,1,471,8944,0.00011180679785330948
look,hers,1,472,8944,0.00011180679785330948
look,scissor,1,473,8944,0.00011180679785330948
look,t,1,474,8944,0.00011180679785330948
look,puppet,1,475,8944,0.00011180679785330948
look,noah,1,476,8944,0.00011180679785330948
look,gonzo,1,477,8944,0.00011180679785330948
look,simon,1,478,8944,0.00011180679785330948
look,investigator,1,479,8944,0.00011180679785330948
look,slide,1,480,8944,0.00011180679785330948
look,nicky,1,481,8944,0.00011180679785330948
look,lara,1,482,8944,0.00011180679785330948
look,big,1,483,8944,0.00011180679785330948
look,oughta,1,484,8944,0.00011180679785330948
look,bicycle,1,485,8944,0.00011180679785330948
look,mikie,1,486,8944,0.00011180679785330948
look,carpet,1,487,8944,0.00011180679785330948
look,fat,1,488,8944,0.00011180679785330948
look,jessica,1,489,8944,0.00011180679785330948
look,costume,1,490,8944,0.00011180679785330948
look,boat,1,491,8944,0.00011180679785330948
look,jillian,1,492,8944,0.00011180679785330948
look,dress,1,493,8944,0.00011180679785330948
look,wing,1,494,8944,0.00011180679785330948
look,bike,1,495,8944,0.00011180679785330948
look,horsie,1,496,8944,0.00011180679785330948
look,ship,1,497,8944,0.00011180679785330948
look,bottle,1,498,8944,0.00011180679785330948
look,erin,1,499,8944,0.00011180679785330948
look,daisy,1,500,8944,0.00011180679785330948
look,hand,1,501,8944,0.00011180679785330948
look,mavis,1,502,8944,0.00011180679785330948
look,lot,1,503,8944,0.00011180679785330948
look,g,1,504,8944,0.00011180679785330948
look,sara,1,505,8944,0.00011180679785330948
look,pant,1,506,8944,0.00011180679785330948
look,pie,1,507,8944,0.00011180679785330948
look,ours,1,508,8944,0.00011180679785330948
look,matty,1,509,8944,0.00011180679785330948
look,croan,1,510,8944,0.00011180679785330948
look,page,1,511,8944,0.00011180679785330948
look,pottie,1,512,8944,0.00011180679785330948
look,pumpkin,1,513,8944,0.00011180679785330948
look,rock,1,514,8944,0.00011180679785330948
look,ooh,1,515,8944,0.00011180679785330948
look,spider,1,516,8944,0.00011180679785330948
look,drawing,1,517,8944,0.00011180679785330948
look,wall,1,518,8944,0.00011180679785330948
look,beard,1,519,8944,0.00011180679785330948
look,brett,1,520,8944,0.00011180679785330948
look,rest,1,521,8944,0.00011180679785330948
look,u,1,522,8944,0.00011180679785330948
look,body,1,523,8944,0.00011180679785330948
look,whiz,1,524,8944,0.00011180679785330948
look,oven,1,525,8944,0.00011180679785330948
look,other,1,526,8944,0.00011180679785330948
look,harry,1,527,8944,0.00011180679785330948
look,dexter,1,528,8944,0.00011180679785330948
look,johnathan,1,529,8944,0.00011180679785330948
look,mia,1,530,8944,0.00011180679785330948
look,remi,1,531,8944,0.00011180679785330948
look,cheek,1,532,8944,0.00011180679785330948
look,von,1,533,8944,0.00011180679785330948
look,jerry,1,534,8944,0.00011180679785330948
look,derwood,1,535,8944,0.00011180679785330948
look,grandfather,1,536,8944,0.00011180679785330948
look,onion,1,537,8944,0.00011180679785330948
look,moustache,1,538,8944,0.00011180679785330948
look,tunisha,1,539,8944,0.00011180679785330948
look,roland,1,540,8944,0.00011180679785330948
look,mattress,1,541,8944,0.00011180679785330948
look,jackie,1,542,8944,0.00011180679785330948
look,stye,1,543,8944,0.00011180679785330948
look,gerbil,1,544,8944,0.00011180679785330948
look,matter,1,545,8944,0.00011180679785330948
look,stroke,1,546,8944,0.00011180679785330948
look,sherina,1,547,8944,0.00011180679785330948
look,junior,1,548,8944,0.00011180679785330948
look,bob,1,549,8944,0.00011180679785330948
look,shirt,1,550,8944,0.00011180679785330948
look,ronny,1,551,8944,0.00011180679785330948
look,brodie,1,552,8944,0.00011180679785330948
look,kayode,1,553,8944,0.00011180679785330948
look,mister,1,554,8944,0.00011180679785330948
look,graeme,1,555,8944,0.00011180679785330948
look,radio,1,556,8944,0.00011180679785330948
look,samantha,1,557,8944,0.00011180679785330948
look,sand,1,558,8944,0.00011180679785330948
look,listen,1,559,8944,0.00011180679785330948
look,tape,1,560,8944,0.00011180679785330948
look,yep,1,561,8944,0.00011180679785330948
look,son,1,562,8944,0.00011180679785330948
look,olinda,1,563,8944,0.00011180679785330948
look,rachael,1,564,8944,0.00011180679785330948
look,oscar,1,565,8944,0.00011180679785330948
look,julie,1,566,8944,0.00011180679785330948
look,johnny,1,567,8944,0.00011180679785330948
come,you,1032,1,8644,0.11938917167977788
come,it,895,2,8644,0.10354002776492365
come,he,658,3,8644,0.07612216566404442
come,i,638,4,8644,0.07380842202683943
come,they,420,5,8644,0.048588616381304954
come,she,324,6,8644,0.037482646922720964
come,who,260,7,8644,0.03007866728366497
come,we,244,8,8644,0.02822767237390097
come,that,241,9,8644,0.02788061082832022
come,what,204,10,8644,0.023600185099490977
come,sun,202,11,8644,0.023368810735770476
come,bear,83,12,8644,0.00960203609440074
come,daddy,69,13,8644,0.007982415548357241
come,mommy,67,14,8644,0.007751041184636742
come,one,62,15,8644,0.0071726052753354926
come,wanna,61,16,8644,0.007056918093475243
come,chi,59,17,8644,0.0068255437297547435
come,this,55,18,8644,0.006362795002313744
come,water,40,19,8644,0.004627487274409995
come,somebody,38,20,8644,0.004396112910689496
come,rain,36,21,8644,0.0041647385469689956
come,people,34,22,8644,0.003933364183248496
come,car,33,23,8644,0.003817677001388246
come,sarah,33,24,8644,0.003817677001388246
come,animal,30,25,8644,0.0034706154558074966
come,truck,29,26,8644,0.0033549282739472465
come,man,29,27,8644,0.0033549282739472465
come,thing,28,28,8644,0.003239241092086997
come,go,26,29,8644,0.003007866728366497
come,us,26,30,8644,0.003007866728366497
come,light,25,31,8644,0.0028921795465062473
come,baby,21,32,8644,0.0024294308190652477
come,bird,21,33,8644,0.0024294308190652477
come,cat,20,34,8644,0.0023137436372049976
come,grandma,19,35,8644,0.002198056455344748
come,girl,19,36,8644,0.002198056455344748
come,someone,19,37,8644,0.002198056455344748
come,mother,19,38,8644,0.002198056455344748
come,kid,19,39,8644,0.002198056455344748
come,roman,19,40,8644,0.002198056455344748
come,smoke,18,41,8644,0.0020823692734844978
come,airplane,18,42,8644,0.0020823692734844978
come,milk,18,43,8644,0.0020823692734844978
come,child,18,44,8644,0.0020823692734844978
come,friend,18,45,8644,0.0020823692734844978
come,guy,18,46,8644,0.0020823692734844978
come,santa_claus,17,47,8644,0.001966682091624248
come,boy,17,48,8644,0.001966682091624248
come,these,17,49,8644,0.001966682091624248
come,egg,17,50,8644,0.001966682091624248
come,shoe,16,51,8644,0.0018509949097639982
come,kitty,16,52,8644,0.0018509949097639982
come,mama,15,53,8644,0.0017353077279037483
come,day,15,54,8644,0.0017353077279037483
come,dog,15,55,8644,0.0017353077279037483
come,air,14,56,8644,0.0016196205460434984
come,birthday,14,57,8644,0.0016196205460434984
come,monster,13,58,8644,0.0015039333641832485
come,wheel,13,59,8644,0.0015039333641832485
come,lady,13,60,8644,0.0015039333641832485
come,foot,12,61,8644,0.0013882461823229986
come,wolf,12,62,8644,0.0013882461823229986
come,michael,12,63,8644,0.0013882461823229986
come,melissa,12,64,8644,0.0013882461823229986
come,honey,11,65,8644,0.0012725590004627487
come,hasta,11,66,8644,0.0012725590004627487
come,nana,11,67,8644,0.0012725590004627487
come,ball,11,68,8644,0.0012725590004627487
come,head,11,69,8644,0.0012725590004627487
come,policeman,11,70,8644,0.0012725590004627487
come,spencer,11,71,8644,0.0012725590004627487
come,bobby,11,72,8644,0.0012725590004627487
come,some,10,73,8644,0.0011568718186024988
come,bus,10,74,8644,0.0011568718186024988
come,ya,10,75,8644,0.0011568718186024988
come,abe,10,76,8644,0.0011568718186024988
come,money,9,77,8644,0.0010411846367422489
come,train,9,78,8644,0.0010411846367422489
come,mouse,9,79,8644,0.0010411846367422489
come,nobody,9,80,8644,0.0010411846367422489
come,moon,9,81,8644,0.0010411846367422489
come,bug,9,82,8644,0.0010411846367422489
come,noise,9,83,8644,0.0010411846367422489
come,sally,9,84,8644,0.0010411846367422489
come,matthew,9,85,8644,0.0010411846367422489
come,travis,9,86,8644,0.0010411846367422489
come,doggie,8,87,8644,0.0009254974548819991
come,mom,8,88,8644,0.0009254974548819991
come,laura,8,89,8644,0.0009254974548819991
come,sound,8,90,8644,0.0009254974548819991
come,cromer,8,91,8644,0.0009254974548819991
come,tooth,8,92,8644,0.0009254974548819991
come,firstname,8,93,8644,0.0009254974548819991
come,marky,8,94,8644,0.0009254974548819991
come,megan,8,95,8644,0.0009254974548819991
come,kalie,8,96,8644,0.0009254974548819991
come,nomi,8,97,8644,0.0009254974548819991
come,dragon,7,98,8644,0.0008098102730217492
come,peter,7,99,8644,0.0008098102730217492
come,everyone,7,100,8644,0.0008098102730217492
come,father,7,101,8644,0.0008098102730217492
come,pete,7,102,8644,0.0008098102730217492
come,screw,7,103,8644,0.0008098102730217492
come,cow,7,104,8644,0.0008098102730217492
come,brooklyn,7,105,8644,0.0008098102730217492
come,arm,7,106,8644,0.0008098102730217492
come,something,7,107,8644,0.0008098102730217492
come,mailman,7,108,8644,0.0008098102730217492
come,hat,7,109,8644,0.0008098102730217492
come,giant,7,110,8644,0.0008098102730217492
come,hair,7,111,8644,0.0008098102730217492
come,time,7,112,8644,0.0008098102730217492
come,david,7,113,8644,0.0008098102730217492
come,anthony,7,114,8644,0.0008098102730217492
come,bro,7,115,8644,0.0008098102730217492
come,tisha,7,116,8644,0.0008098102730217492
come,no,6,117,8644,0.0006941230911614993
come,word,6,118,8644,0.0006941230911614993
come,voice,6,119,8644,0.0006941230911614993
come,tape,6,120,8644,0.0006941230911614993
come,top,6,121,8644,0.0006941230911614993
come,string,6,122,8644,0.0006941230911614993
come,fish,6,123,8644,0.0006941230911614993
come,food,6,124,8644,0.0006941230911614993
come,elephant,6,125,8644,0.0006941230911614993
come,morgan,6,126,8644,0.0006941230911614993
come,mandy,6,127,8644,0.0006941230911614993
come,clown,6,128,8644,0.0006941230911614993
come,stuff,6,129,8644,0.0006941230911614993
come,grandpa,6,130,8644,0.0006941230911614993
come,stick,6,131,8644,0.0006941230911614993
come,adam,6,132,8644,0.0006941230911614993
come,fraser,6,133,8644,0.0006941230911614993
come,hand,6,134,8644,0.0006941230911614993
come,christmas,6,135,8644,0.0006941230911614993
come,page,6,136,8644,0.0006941230911614993
come,tv,6,137,8644,0.0006941230911614993
come,sis,6,138,8644,0.0006941230911614993
come,joey,6,139,8644,0.0006941230911614993
come,brittany,6,140,8644,0.0006941230911614993
come,nonna,6,141,8644,0.0006941230911614993
come,nina,6,142,8644,0.0006941230911614993
come,patrick,6,143,8644,0.0006941230911614993
come,fireman,5,144,8644,0.0005784359093012494
come,chicken,5,145,8644,0.0005784359093012494
come,come,5,146,8644,0.0005784359093012494
come,jennifer,5,147,8644,0.0005784359093012494
come,jenny,5,148,8644,0.0005784359093012494
come,fire,5,149,8644,0.0005784359093012494
come,swww,5,150,8644,0.0005784359093012494
come,doll,5,151,8644,0.0005784359093012494
come,the,5,152,8644,0.0005784359093012494
come,brother,5,153,8644,0.0005784359093012494
come,monkey,5,154,8644,0.0005784359093012494
come,everything,5,155,8644,0.0005784359093012494
come,book,5,156,8644,0.0005784359093012494
come,snort,5,157,8644,0.0005784359093012494
come,movie,5,158,8644,0.0005784359093012494
come,spring,5,159,8644,0.0005784359093012494
come,eve,5,160,8644,0.0005784359093012494
come,papa,5,161,8644,0.0005784359093012494
come,summer,5,162,8644,0.0005784359093012494
come,shem,5,163,8644,0.0005784359093012494
come,everybody,5,164,8644,0.0005784359093012494
come,claus,5,165,8644,0.0005784359093012494
come,santa,5,166,8644,0.0005784359093012494
come,matty,5,167,8644,0.0005784359093012494
come,anybody,5,168,8644,0.0005784359093012494
come,cousin,5,169,8644,0.0005784359093012494
come,dinosaur,5,170,8644,0.0005784359093012494
come,dad,5,171,8644,0.0005784359093012494
come,brown,5,172,8644,0.0005784359093012494
come,joseph,5,173,8644,0.0005784359093012494
come,linda,5,174,8644,0.0005784359093012494
come,holiday,5,175,8644,0.0005784359093012494
come,rainbow,5,176,8644,0.0005784359093012494
come,jason,5,177,8644,0.0005784359093012494
come,lynette,5,178,8644,0.0005784359093012494
come,graeme,5,179,8644,0.0005784359093012494
come,wire,5,180,8644,0.0005784359093012494
come,momma,4,181,8644,0.00046274872744099955
come,steam,4,182,8644,0.00046274872744099955
come,nothing,4,183,8644,0.00046274872744099955
come,side,4,184,8644,0.00046274872744099955
come,road,4,185,8644,0.00046274872744099955
come,mail,4,186,8644,0.00046274872744099955
come,part,4,187,8644,0.00046274872744099955
come,horsie,4,188,8644,0.00046274872744099955
come,spider,4,189,8644,0.00046274872744099955
come,house,4,190,8644,0.00046274872744099955
come,leaf,4,191,8644,0.00046274872744099955
come,coffee,4,192,8644,0.00046274872744099955
come,diapie,4,193,8644,0.00046274872744099955
come,visitor,4,194,8644,0.00046274872744099955
come,all,4,195,8644,0.00046274872744099955
come,stuffing,4,196,8644,0.00046274872744099955
come,costume,4,197,8644,0.00046274872744099955
come,bubble,4,198,8644,0.00046274872744099955
come,police,4,199,8644,0.00046274872744099955
come,bunny,4,200,8644,0.00046274872744099955
come,oliver,4,201,8644,0.00046274872744099955
come,john,4,202,8644,0.00046274872744099955
come,sandy,4,203,8644,0.00046274872744099955
come,pop,4,204,8644,0.00046274872744099955
come,doctor,4,205,8644,0.00046274872744099955
come,kind,4,206,8644,0.00046274872744099955
come,tony,4,207,8644,0.00046274872744099955
come,which,4,208,8644,0.00046274872744099955
come,ant,4,209,8644,0.00046274872744099955
come,tornado,4,210,8644,0.00046274872744099955
come,snow,4,211,8644,0.00046274872744099955
come,carl,4,212,8644,0.00046274872744099955
come,lisa,4,213,8644,0.00046274872744099955
come,erin,4,214,8644,0.00046274872744099955
come,karen,4,215,8644,0.00046274872744099955
come,trouble,4,216,8644,0.00046274872744099955
come,sharon,4,217,8644,0.00046274872744099955
come,clothe,3,218,8644,0.00034706154558074965
come,meat,3,219,8644,0.00034706154558074965
come,patsy,3,220,8644,0.00034706154558074965
come,gorilla,3,221,8644,0.00034706154558074965
come,lucy,3,222,8644,0.00034706154558074965
come,jeep,3,223,8644,0.00034706154558074965
come,jwww,3,224,8644,0.00034706154558074965
come,nwww,3,225,8644,0.00034706154558074965
come,randy,3,226,8644,0.00034706154558074965
come,lizard,3,227,8644,0.00034706154558074965
come,robber,3,228,8644,0.00034706154558074965
come,those,3,229,8644,0.00034706154558074965
come,flower,3,230,8644,0.00034706154558074965
come,sammy,3,231,8644,0.00034706154558074965
come,diaper,3,232,8644,0.00034706154558074965
come,dream,3,233,8644,0.00034706154558074965
come,alex,3,234,8644,0.00034706154558074965
come,henry,3,235,8644,0.00034706154558074965
come,maggie,3,236,8644,0.00034706154558074965
come,turtle,3,237,8644,0.00034706154558074965
come,paper,3,238,8644,0.00034706154558074965
come,night,3,239,8644,0.00034706154558074965
come,lion,3,240,8644,0.00034706154558074965
come,wood,3,241,8644,0.00034706154558074965
come,both,3,242,8644,0.00034706154558074965
come,ernest,3,243,8644,0.00034706154558074965
come,robin,3,244,8644,0.00034706154558074965
come,sheryl,3,245,8644,0.00034706154558074965
come,blue,3,246,8644,0.00034706154558074965
come,rabbit,3,247,8644,0.00034706154558074965
come,fox,3,248,8644,0.00034706154558074965
come,bee,3,249,8644,0.00034706154558074965
come,teacher,3,250,8644,0.00034706154558074965
come,mine,3,251,8644,0.00034706154558074965
come,whoop,3,252,8644,0.00034706154558074965
come,wave,3,253,8644,0.00034706154558074965
come,janet,3,254,8644,0.00034706154558074965
come,kitten,3,255,8644,0.00034706154558074965
come,piece,3,256,8644,0.00034706154558074965
come,investigator,3,257,8644,0.00034706154558074965
come,caterpillar,3,258,8644,0.00034706154558074965
come,bambi,3,259,8644,0.00034706154558074965
come,winter,3,260,8644,0.00034706154558074965
come,star,3,261,8644,0.00034706154558074965
come,wish,3,262,8644,0.00034706154558074965
come,frosty,3,263,8644,0.00034706154558074965
come,robbie,3,264,8644,0.00034706154558074965
come,peanut,3,265,8644,0.00034706154558074965
come,letter,3,266,8644,0.00034706154558074965
come,sara,3,267,8644,0.00034706154558074965
come,ear,3,268,8644,0.00034706154558074965
come,tiger,3,269,8644,0.00034706154558074965
come,maura,3,270,8644,0.00034706154558074965
come,kate,3,271,8644,0.00034706154558074965
come,teddy,3,272,8644,0.00034706154558074965
come,bite,3,273,8644,0.00034706154558074965
come,nathaniel,3,274,8644,0.00034706154558074965
come,jill,3,275,8644,0.00034706154558074965
come,thomas,3,276,8644,0.00034706154558074965
come,nonno,3,277,8644,0.00034706154558074965
come,roof,3,278,8644,0.00034706154558074965
come,lemonade,3,279,8644,0.00034706154558074965
come,juice,3,280,8644,0.00034706154558074965
come,leah,3,281,8644,0.00034706154558074965
come,erica,3,282,8644,0.00034706154558074965
come,person,3,283,8644,0.00034706154558074965
come,jack,3,284,8644,0.00034706154558074965
come,brett,3,285,8644,0.00034706154558074965
come,box,3,286,8644,0.00034706154558074965
come,mia,3,287,8644,0.00034706154558074965
come,remi,3,288,8644,0.00034706154558074965
come,jerry,3,289,8644,0.00034706154558074965
come,trina,3,290,8644,0.00034706154558074965
come,meike,3,291,8644,0.00034706154558074965
come,hymie,3,292,8644,0.00034706154558074965
come,jj,3,293,8644,0.00034706154558074965
come,ladder,2,294,8644,0.00023137436372049977
come,tongue,2,295,8644,0.00023137436372049977
come,table,2,296,8644,0.00023137436372049977
come,soap,2,297,8644,0.00023137436372049977
come,elevator,2,298,8644,0.00023137436372049977
come,storm,2,299,8644,0.00023137436372049977
come,petes,2,300,8644,0.00023137436372049977
come,hood,2,301,8644,0.00023137436372049977
come,baxter,2,302,8644,0.00023137436372049977
come,mouth,2,303,8644,0.00023137436372049977
come,deedee,2,304,8644,0.00023137436372049977
come,dwww,2,305,8644,0.00023137436372049977
come,penny,2,306,8644,0.00023137436372049977
come,lwww,2,307,8644,0.00023137436372049977
come,your,2,308,8644,0.00023137436372049977
come,poo,2,309,8644,0.00023137436372049977
come,none,2,310,8644,0.00023137436372049977
come,number,2,311,8644,0.00023137436372049977
come,sock,2,312,8644,0.00023137436372049977
come,piglet,2,313,8644,0.00023137436372049977
come,liz,2,314,8644,0.00023137436372049977
come,dillon,2,315,8644,0.00023137436372049977
come,a_lot_of,2,316,8644,0.00023137436372049977
come,package,2,317,8644,0.00023137436372049977
come,alexander,2,318,8644,0.00023137436372049977
come,squirrelie,2,319,8644,0.00023137436372049977
come,uhoh,2,320,8644,0.00023137436372049977
come,cupcake,2,321,8644,0.00023137436372049977
come,fred,2,322,8644,0.00023137436372049977
come,out_of,2,323,8644,0.00023137436372049977
come,teethie,2,324,8644,0.00023137436372049977
come,boogie,2,325,8644,0.00023137436372049977
come,duck,2,326,8644,0.00023137436372049977
come,bert,2,327,8644,0.00023137436372049977
come,world,2,328,8644,0.00023137436372049977
come,pooh,2,329,8644,0.00023137436372049977
come,gus,2,330,8644,0.00023137436372049977
come,cutie,2,331,8644,0.00023137436372049977
come,toy,2,332,8644,0.00023137436372049977
come,baba,2,333,8644,0.00023137436372049977
come,paint,2,334,8644,0.00023137436372049977
come,pencil,2,335,8644,0.00023137436372049977
come,horn,2,336,8644,0.00023137436372049977
come,knot,2,337,8644,0.00023137436372049977
come,paul,2,338,8644,0.00023137436372049977
come,mr,2,339,8644,0.00023137436372049977
come,cheese,2,340,8644,0.00023137436372049977
come,chair,2,341,8644,0.00023137436372049977
come,gloria,2,342,8644,0.00023137436372049977
come,jackie,2,343,8644,0.00023137436372049977
come,mummy,2,344,8644,0.00023137436372049977
come,show,2,345,8644,0.00023137436372049977
come,chip,2,346,8644,0.00023137436372049977
come,bozo,2,347,8644,0.00023137436372049977
come,tommy,2,348,8644,0.00023137436372049977
come,easter_bunny,2,349,8644,0.00023137436372049977
come,kent,2,350,8644,0.00023137436372049977
come,laurie,2,351,8644,0.00023137436372049977
come,hadta,2,352,8644,0.00023137436372049977
come,brownie,2,353,8644,0.00023137436372049977
come,fairy,2,354,8644,0.00023137436372049977
come,don,2,355,8644,0.00023137436372049977
come,rest,2,356,8644,0.00023137436372049977
come,friday,2,357,8644,0.00023137436372049977
come,sergeant,2,358,8644,0.00023137436372049977
come,gail,2,359,8644,0.00023137436372049977
come,butterfly,2,360,8644,0.00023137436372049977
come,down,2,361,8644,0.00023137436372049977
come,ice+cream,2,362,8644,0.00023137436372049977
come,glass,2,363,8644,0.00023137436372049977
come,gentleman,2,364,8644,0.00023137436372049977
come,three,2,365,8644,0.00023137436372049977
come,roller,2,366,8644,0.00023137436372049977
come,wind,2,367,8644,0.00023137436372049977
come,trevor,2,368,8644,0.00023137436372049977
come,cindy,2,369,8644,0.00023137436372049977
come,hook,2,370,8644,0.00023137436372049977
come,lobster,2,371,8644,0.00023137436372049977
come,niño,2,372,8644,0.00023137436372049977
come,count,2,373,8644,0.00023137436372049977
come,bookmobile,2,374,8644,0.00023137436372049977
come,cement,2,375,8644,0.00023137436372049977
come,yoye,2,376,8644,0.00023137436372049977
come,katie,2,377,8644,0.00023137436372049977
come,usher,2,378,8644,0.00023137436372049977
come,christopher,2,379,8644,0.00023137436372049977
come,jacyntha,2,380,8644,0.00023137436372049977
come,husband,2,381,8644,0.00023137436372049977
come,steering+wheel,2,382,8644,0.00023137436372049977
come,richard,2,383,8644,0.00023137436372049977
come,nurse,2,384,8644,0.00023137436372049977
come,drummer,2,385,8644,0.00023137436372049977
come,ssh,2,386,8644,0.00023137436372049977
come,help,2,387,8644,0.00023137436372049977
come,claude,2,388,8644,0.00023137436372049977
come,brian,2,389,8644,0.00023137436372049977
come,barbara,2,390,8644,0.00023137436372049977
come,martha,2,391,8644,0.00023137436372049977
come,tanya,2,392,8644,0.00023137436372049977
come,tree,2,393,8644,0.00023137436372049977
come,needta,2,394,8644,0.00023137436372049977
come,oughta,2,395,8644,0.00023137436372049977
come,guest,2,396,8644,0.00023137436372049977
come,balloon,2,397,8644,0.00023137436372049977
come,fly,2,398,8644,0.00023137436372049977
come,owl,2,399,8644,0.00023137436372049977
come,cinderella,2,400,8644,0.00023137436372049977
come,andrew,2,401,8644,0.00023137436372049977
come,orange,2,402,8644,0.00023137436372049977
come,story,2,403,8644,0.00023137436372049977
come,engine,2,404,8644,0.00023137436372049977
come,inv,2,405,8644,0.00023137436372049977
come,carol,2,406,8644,0.00023137436372049977
come,cou,2,407,8644,0.00023137436372049977
come,neely,2,408,8644,0.00023137436372049977
come,salt,2,409,8644,0.00023137436372049977
come,yeh,2,410,8644,0.00023137436372049977
come,halloween,2,411,8644,0.00023137436372049977
come,speech,2,412,8644,0.00023137436372049977
come,seven,2,413,8644,0.00023137436372049977
come,whale,2,414,8644,0.00023137436372049977
come,scab,2,415,8644,0.00023137436372049977
come,sherry,2,416,8644,0.00023137436372049977
come,chris,2,417,8644,0.00023137436372049977
come,ross,2,418,8644,0.00023137436372049977
come,rover,2,419,8644,0.00023137436372049977
come,annie,2,420,8644,0.00023137436372049977
come,chick,2,421,8644,0.00023137436372049977
come,jane,2,422,8644,0.00023137436372049977
come,popcorn,2,423,8644,0.00023137436372049977
come,boat,2,424,8644,0.00023137436372049977
come,dabee,2,425,8644,0.00023137436372049977
come,medicine,2,426,8644,0.00023137436372049977
come,kiss,2,427,8644,0.00023137436372049977
come,eye,2,428,8644,0.00023137436372049977
come,critter,2,429,8644,0.00023137436372049977
come,grover,2,430,8644,0.00023137436372049977
come,uhhum,2,431,8644,0.00023137436372049977
come,mickey,2,432,8644,0.00023137436372049977
come,two,2,433,8644,0.00023137436372049977
come,julia,2,434,8644,0.00023137436372049977
come,baaee,2,435,8644,0.00023137436372049977
come,cab,2,436,8644,0.00023137436372049977
come,ship,2,437,8644,0.00023137436372049977
come,lia,2,438,8644,0.00023137436372049977
come,johnny,2,439,8644,0.00023137436372049977
come,bunch,2,440,8644,0.00023137436372049977
come,poop,2,441,8644,0.00023137436372049977
come,toe,2,442,8644,0.00023137436372049977
come,motorcycle,2,443,8644,0.00023137436372049977
come,birdie,2,444,8644,0.00023137436372049977
come,door,2,445,8644,0.00023137436372049977
come,kean,2,446,8644,0.00023137436372049977
come,useta,2,447,8644,0.00023137436372049977
come,chuck,2,448,8644,0.00023137436372049977
come,shannon,2,449,8644,0.00023137436372049977
come,yours,2,450,8644,0.00023137436372049977
come,munchie,2,451,8644,0.00023137436372049977
come,line,2,452,8644,0.00023137436372049977
come,face,2,453,8644,0.00023137436372049977
come,eater,2,454,8644,0.00023137436372049977
come,veve,2,455,8644,0.00023137436372049977
come,rock,2,456,8644,0.00023137436372049977
come,party,2,457,8644,0.00023137436372049977
come,matt,2,458,8644,0.00023137436372049977
come,microphone,2,459,8644,0.00023137436372049977
come,march,2,460,8644,0.00023137436372049977
come,tracy,2,461,8644,0.00023137436372049977
come,stephanie,2,462,8644,0.00023137436372049977
come,johnathan,2,463,8644,0.00023137436372049977
come,derek,2,464,8644,0.00023137436372049977
come,change,2,465,8644,0.00023137436372049977
come,deidre,2,466,8644,0.00023137436372049977
come,keisha,2,467,8644,0.00023137436372049977
come,kim,2,468,8644,0.00023137436372049977
come,asher,2,469,8644,0.00023137436372049977
come,crate,2,470,8644,0.00023137436372049977
come,vegetable,2,471,8644,0.00023137436372049977
come,perri,2,472,8644,0.00023137436372049977
come,todd,2,473,8644,0.00023137436372049977
come,maria,2,474,8644,0.00023137436372049977
come,zoie,2,475,8644,0.00023137436372049977
come,zoe,2,476,8644,0.00023137436372049977
come,turn,2,477,8644,0.00023137436372049977
come,robert,2,478,8644,0.00023137436372049977
come,eddie,2,479,8644,0.00023137436372049977
come,samantha,2,480,8644,0.00023137436372049977
come,ring,2,481,8644,0.00023137436372049977
come,steve,2,482,8644,0.00023137436372049977
come,wanda,2,483,8644,0.00023137436372049977
come,hank,1,484,8644,0.00011568718186024989
come,cheep,1,485,8644,0.00011568718186024989
come,alice,1,486,8644,0.00011568718186024989
come,peekaboo,1,487,8644,0.00011568718186024989
come,jesse,1,488,8644,0.00011568718186024989
come,woof,1,489,8644,0.00011568718186024989
come,kay,1,490,8644,0.00011568718186024989
come,pant,1,491,8644,0.00011568718186024989
come,strap,1,492,8644,0.00011568718186024989
come,allison,1,493,8644,0.00011568718186024989
come,block,1,494,8644,0.00011568718186024989
come,walk,1,495,8644,0.00011568718186024989
come,tricycle,1,496,8644,0.00011568718186024989
come,barrette,1,497,8644,0.00011568718186024989
come,soom,1,498,8644,0.00011568718186024989
come,tissue,1,499,8644,0.00011568718186024989
come,a,1,500,8644,0.00011568718186024989
come,dumpty,1,501,8644,0.00011568718186024989
come,bill,1,502,8644,0.00011568718186024989
come,lois'll,1,503,8644,0.00011568718186024989
come,pipe,1,504,8644,0.00011568718186024989
come,snowman,1,505,8644,0.00011568718186024989
come,see,1,506,8644,0.00011568718186024989
come,gwenivive,1,507,8644,0.00011568718186024989
come,nat,1,508,8644,0.00011568718186024989
come,joanna,1,509,8644,0.00011568718186024989
come,grape,1,510,8644,0.00011568718186024989
come,toto,1,511,8644,0.00011568718186024989
come,pwww,1,512,8644,0.00011568718186024989
come,awww,1,513,8644,0.00011568718186024989
come,hwww,1,514,8644,0.00011568718186024989
come,four,1,515,8644,0.00011568718186024989
come,drawing,1,516,8644,0.00011568718186024989
come,soup,1,517,8644,0.00011568718186024989
come,fee,1,518,8644,0.00011568718186024989
come,god,1,519,8644,0.00011568718186024989
come,weezer,1,520,8644,0.00011568718186024989
come,sister,1,521,8644,0.00011568718186024989
come,dubby,1,522,8644,0.00011568718186024989
come,piano,1,523,8644,0.00011568718186024989
come,tune,1,524,8644,0.00011568718186024989
come,miss_dingle,1,525,8644,0.00011568718186024989
come,sadness,1,526,8644,0.00011568718186024989
come,note,1,527,8644,0.00011568718186024989
come,brisco,1,528,8644,0.00011568718186024989
come,knock,1,529,8644,0.00011568718186024989
come,sweet_william,1,530,8644,0.00011568718186024989
come,squawky_the_parrot,1,531,8644,0.00011568718186024989
come,camel,1,532,8644,0.00011568718186024989
come,miranda,1,533,8644,0.00011568718186024989
come,tigger,1,534,8644,0.00011568718186024989
come,fishie,1,535,8644,0.00011568718186024989
come,kwanzaa,1,536,8644,0.00011568718186024989
come,wash,1,537,8644,0.00011568718186024989
come,patty,1,538,8644,0.00011568718186024989
come,applesauce,1,539,8644,0.00011568718186024989
come,russell,1,540,8644,0.00011568718186024989
come,chance,1,541,8644,0.00011568718186024989
come,bib,1,542,8644,0.00011568718186024989
come,bibbie,1,543,8644,0.00011568718186024989
come,timber,1,544,8644,0.00011568718186024989
come,bubbler,1,545,8644,0.00011568718186024989
come,poopie,1,546,8644,0.00011568718186024989
come,sheep,1,547,8644,0.00011568718186024989
come,doggy,1,548,8644,0.00011568718186024989
come,son,1,549,8644,0.00011568718186024989
come,booboo,1,550,8644,0.00011568718186024989
come,banana,1,551,8644,0.00011568718186024989
come,jaylen,1,552,8644,0.00011568718186024989
come,baby_daisy,1,553,8644,0.00011568718186024989
come,mooshas,1,554,8644,0.00011568718186024989
come,mooshaboosha,1,555,8644,0.00011568718186024989
come,moosh,1,556,8644,0.00011568718186024989
come,eensie,1,557,8644,0.00011568718186024989
come,dakota,1,558,8644,0.00011568718186024989
come,scarf,1,559,8644,0.00011568718186024989
come,kitty+cat,1,560,8644,0.00011568718186024989
come,lamb,1,561,8644,0.00011568718186024989
come,music,1,562,8644,0.00011568718186024989
come,tabitha,1,563,8644,0.00011568718186024989
come,play,1,564,8644,0.00011568718186024989
come,thank_you,1,565,8644,0.00011568718186024989
come,andy,1,566,8644,0.00011568718186024989
come,dadada,1,567,8644,0.00011568718186024989
come,yuli,1,568,8644,0.00011568718186024989
come,big_bird,1,569,8644,0.00011568718186024989
come,kelly,1,570,8644,0.00011568718186024989
come,flash,1,571,8644,0.00011568718186024989
come,dada,1,572,8644,0.00011568718186024989
come,stain,1,573,8644,0.00011568718186024989
come,back,1,574,8644,0.00011568718186024989
come,mary,1,575,8644,0.00011568718186024989
come,bag,1,576,8644,0.00011568718186024989
come,pen,1,577,8644,0.00011568718186024989
come,feather,1,578,8644,0.00011568718186024989
come,postman,1,579,8644,0.00011568718186024989
come,smith,1,580,8644,0.00011568718186024989
come,disney,1,581,8644,0.00011568718186024989
come,set,1,582,8644,0.00011568718186024989
come,short,1,583,8644,0.00011568718186024989
come,rinny,1,584,8644,0.00011568718186024989
come,diandra,1,585,8644,0.00011568718186024989
come,metal,1,586,8644,0.00011568718186024989
come,eleven,1,587,8644,0.00011568718186024989
come,choo_choo,1,588,8644,0.00011568718186024989
come,refrigerator,1,589,8644,0.00011568718186024989
come,colin,1,590,8644,0.00011568718186024989
come,swimming,1,591,8644,0.00011568718186024989
come,beach,1,592,8644,0.00011568718186024989
come,mike,1,593,8644,0.00011568718186024989
come,dollie,1,594,8644,0.00011568718186024989
come,tulip,1,595,8644,0.00011568718186024989
come,boo_boo,1,596,8644,0.00011568718186024989
come,warm,1,597,8644,0.00011568718186024989
come,bugs,1,598,8644,0.00011568718186024989
come,leak,1,599,8644,0.00011568718186024989
come,driver,1,600,8644,0.00011568718186024989
come,arthur,1,601,8644,0.00011568718186024989
come,courtney,1,602,8644,0.00011568718186024989
come,dish,1,603,8644,0.00011568718186024989
come,aunt_dot,1,604,8644,0.00011568718186024989
come,firetruck,1,605,8644,0.00011568718186024989
come,thing'll,1,606,8644,0.00011568718186024989
come,donna,1,607,8644,0.00011568718186024989
come,good,1,608,8644,0.00011568718186024989
come,matron,1,609,8644,0.00011568718186024989
come,auntie_eleanor,1,610,8644,0.00011568718186024989
come,jo_ann,1,611,8644,0.00011568718186024989
come,tablecloth,1,612,8644,0.00011568718186024989
come,tea,1,613,8644,0.00011568718186024989
come,betty,1,614,8644,0.00011568718186024989
come,martians,1,615,8644,0.00011568718186024989
come,valentine,1,616,8644,0.00011568718186024989
come,nana'll,1,617,8644,0.00011568718186024989
come,mommy'll,1,618,8644,0.00011568718186024989
come,bell,1,619,8644,0.00011568718186024989
come,melon,1,620,8644,0.00011568718186024989
come,thief,1,621,8644,0.00011568718186024989
come,ana,1,622,8644,0.00011568718186024989
come,cricter,1,623,8644,0.00011568718186024989
come,smokey,1,624,8644,0.00011568718186024989
come,plant,1,625,8644,0.00011568718186024989
come,ann,1,626,8644,0.00011568718186024989
come,taffy,1,627,8644,0.00011568718186024989
come,whey,1,628,8644,0.00011568718186024989
come,bark,1,629,8644,0.00011568718186024989
come,cottontail,1,630,8644,0.00011568718186024989
come,cord,1,631,8644,0.00011568718186024989
come,waitress,1,632,8644,0.00011568718186024989
come,sandman,1,633,8644,0.00011568718186024989
come,grampa,1,634,8644,0.00011568718186024989
come,whose,1,635,8644,0.00011568718186024989
come,harlow,1,636,8644,0.00011568718186024989
come,giraffe,1,637,8644,0.00011568718186024989
come,ambulance,1,638,8644,0.00011568718186024989
come,davis,1,639,8644,0.00011568718186024989
come,neck,1,640,8644,0.00011568718186024989
come,ellie,1,641,8644,0.00011568718186024989
come,belly,1,642,8644,0.00011568718186024989
come,squirrely,1,643,8644,0.00011568718186024989
come,squirrel,1,644,8644,0.00011568718186024989
come,acorn,1,645,8644,0.00011568718186024989
come,froggie,1,646,8644,0.00011568718186024989
come,chain,1,647,8644,0.00011568718186024989
come,boyles,1,648,8644,0.00011568718186024989
come,joshua,1,649,8644,0.00011568718186024989
come,tomato,1,650,8644,0.00011568718186024989
come,nanny,1,651,8644,0.00011568718186024989
come,spinach,1,652,8644,0.00011568718186024989
come,suki,1,653,8644,0.00011568718186024989
come,county,1,654,8644,0.00011568718186024989
come,ron,1,655,8644,0.00011568718186024989
come,olivia,1,656,8644,0.00011568718186024989
come,sherman,1,657,8644,0.00011568718186024989
come,norstrom,1,658,8644,0.00011568718186024989
come,cause,1,659,8644,0.00011568718186024989
come,weina,1,660,8644,0.00011568718186024989
come,christy,1,661,8644,0.00011568718186024989
come,drawer,1,662,8644,0.00011568718186024989
come,puddy,1,663,8644,0.00011568718186024989
come,motor,1,664,8644,0.00011568718186024989
come,pussycat,1,665,8644,0.00011568718186024989
come,pussy,1,666,8644,0.00011568718186024989
come,tire,1,667,8644,0.00011568718186024989
come,whisker,1,668,8644,0.00011568718186024989
come,oh_my_goodness,1,669,8644,0.00011568718186024989
come,windshield,1,670,8644,0.00011568718186024989
come,chocolate,1,671,8644,0.00011568718186024989
come,money'll,1,672,8644,0.00011568718186024989
come,fender,1,673,8644,0.00011568718186024989
come,board,1,674,8644,0.00011568718186024989
come,anne,1,675,8644,0.00011568718186024989
come,family,1,676,8644,0.00011568718186024989
come,callapillar,1,677,8644,0.00011568718186024989
come,mat,1,678,8644,0.00011568718186024989
come,hunter,1,679,8644,0.00011568718186024989
come,muffin,1,680,8644,0.00011568718186024989
come,tonsil,1,681,8644,0.00011568718186024989
come,fall,1,682,8644,0.00011568718186024989
come,lou,1,683,8644,0.00011568718186024989
come,silky,1,684,8644,0.00011568718186024989
come,invitation,1,685,8644,0.00011568718186024989
come,charming,1,686,8644,0.00011568718186024989
come,prediction,1,687,8644,0.00011568718186024989
come,chucky,1,688,8644,0.00011568718186024989
come,damien,1,689,8644,0.00011568718186024989
come,bumper,1,690,8644,0.00011568718186024989
come,white,1,691,8644,0.00011568718186024989
come,woman,1,692,8644,0.00011568718186024989
come,dwarf,1,693,8644,0.00011568718186024989
come,ronny,1,694,8644,0.00011568718186024989
come,wan,1,695,8644,0.00011568718186024989
come,carmen,1,696,8644,0.00011568718186024989
come,muscle,1,697,8644,0.00011568718186024989
come,conversation,1,698,8644,0.00011568718186024989
come,puzzle,1,699,8644,0.00011568718186024989
come,leshaun,1,700,8644,0.00011568718186024989
come,cloud,1,701,8644,0.00011568718186024989
come,kangaroo,1,702,8644,0.00011568718186024989
come,tiny,1,703,8644,0.00011568718186024989
come,minnie,1,704,8644,0.00011568718186024989
come,cowboy,1,705,8644,0.00011568718186024989
come,idea,1,706,8644,0.00011568718186024989
come,marcella,1,707,8644,0.00011568718186024989
come,hansel,1,708,8644,0.00011568718186024989
come,darkness,1,709,8644,0.00011568718186024989
come,pirate,1,710,8644,0.00011568718186024989
come,pascal,1,711,8644,0.00011568718186024989
come,tam,1,712,8644,0.00011568718186024989
come,poultry,1,713,8644,0.00011568718186024989
come,lurkey,1,714,8644,0.00011568718186024989
come,ticket,1,715,8644,0.00011568718186024989
come,nanas,1,716,8644,0.00011568718186024989
come,crier,1,717,8644,0.00011568718186024989
come,color,1,718,8644,0.00011568718186024989
come,training,1,719,8644,0.00011568718186024989
come,wah,1,720,8644,0.00011568718186024989
come,love,1,721,8644,0.00011568718186024989
come,eat,1,722,8644,0.00011568718186024989
come,potato,1,723,8644,0.00011568718186024989
come,five,1,724,8644,0.00011568718186024989
come,plumber,1,725,8644,0.00011568718186024989
come,department,1,726,8644,0.00011568718186024989
come,mm,1,727,8644,0.00011568718186024989
come,operator,1,728,8644,0.00011568718186024989
come,whew,1,729,8644,0.00011568718186024989
come,bicycle,1,730,8644,0.00011568718186024989
come,bolt,1,731,8644,0.00011568718186024989
come,ending,1,732,8644,0.00011568718186024989
come,judy,1,733,8644,0.00011568718186024989
come,picture,1,734,8644,0.00011568718186024989
come,guard,1,735,8644,0.00011568718186024989
come,prissy,1,736,8644,0.00011568718186024989
come,micky,1,737,8644,0.00011568718186024989
come,bowl,1,738,8644,0.00011568718186024989
come,noodle,1,739,8644,0.00011568718186024989
come,nik,1,740,8644,0.00011568718186024989
come,maxie,1,741,8644,0.00011568718186024989
come,witch,1,742,8644,0.00011568718186024989
come,teesha,1,743,8644,0.00011568718186024989
come,hippopotamus,1,744,8644,0.00011568718186024989
come,company,1,745,8644,0.00011568718186024989
come,c,1,746,8644,0.00011568718186024989
come,zach,1,747,8644,0.00011568718186024989
come,buddy,1,748,8644,0.00011568718186024989
come,royce,1,749,8644,0.00011568718186024989
come,george,1,750,8644,0.00011568718186024989
come,columbus,1,751,8644,0.00011568718186024989
come,gravy,1,752,8644,0.00011568718186024989
come,shell,1,753,8644,0.00011568718186024989
come,dust,1,754,8644,0.00011568718186024989
come,timmy,1,755,8644,0.00011568718186024989
come,easter,1,756,8644,0.00011568718186024989
come,krissy,1,757,8644,0.00011568718186024989
come,jean,1,758,8644,0.00011568718186024989
come,smurf,1,759,8644,0.00011568718186024989
come,footstep,1,760,8644,0.00011568718186024989
come,byebye,1,761,8644,0.00011568718186024989
come,crying,1,762,8644,0.00011568718186024989
come,dumbo,1,763,8644,0.00011568718186024989
come,many,1,764,8644,0.00011568718186024989
come,fisherman,1,765,8644,0.00011568718186024989
come,as_soon_as,1,766,8644,0.00011568718186024989
come,elf,1,767,8644,0.00011568718186024989
come,terry,1,768,8644,0.00011568718186024989
come,fruit,1,769,8644,0.00011568718186024989
come,greggy'll,1,770,8644,0.00011568718186024989
come,lenny'll,1,771,8644,0.00011568718186024989
come,springtime,1,772,8644,0.00011568718186024989
come,glue,1,773,8644,0.00011568718186024989
come,germ,1,774,8644,0.00011568718186024989
come,hawk,1,775,8644,0.00011568718186024989
come,anteater,1,776,8644,0.00011568718186024989
come,tentacle,1,777,8644,0.00011568718186024989
come,mosquito,1,778,8644,0.00011568718186024989
come,husk,1,779,8644,0.00011568718186024989
come,spratt,1,780,8644,0.00011568718186024989
come,celia,1,781,8644,0.00011568718186024989
come,mark,1,782,8644,0.00011568718186024989
come,groundhog,1,783,8644,0.00011568718186024989
come,mohammed,1,784,8644,0.00011568718186024989
come,shana,1,785,8644,0.00011568718186024989
come,trooper,1,786,8644,0.00011568718186024989
come,cicus,1,787,8644,0.00011568718186024989
come,lady'll,1,788,8644,0.00011568718186024989
come,sweetheart,1,789,8644,0.00011568718186024989
come,cassie,1,790,8644,0.00011568718186024989
come,valerie,1,791,8644,0.00011568718186024989
come,bubba,1,792,8644,0.00011568718186024989
come,donisha,1,793,8644,0.00011568718186024989
come,peanut+butter,1,794,8644,0.00011568718186024989
come,mormor,1,795,8644,0.00011568718186024989
come,zackary,1,796,8644,0.00011568718186024989
come,krystal,1,797,8644,0.00011568718186024989
come,duckie,1,798,8644,0.00011568718186024989
come,chickie,1,799,8644,0.00011568718186024989
come,puppet,1,800,8644,0.00011568718186024989
come,look,1,801,8644,0.00011568718186024989
come,sit,1,802,8644,0.00011568718186024989
come,mimi,1,803,8644,0.00011568718186024989
come,fae,1,804,8644,0.00011568718186024989
come,seth,1,805,8644,0.00011568718186024989
come,drain,1,806,8644,0.00011568718186024989
come,zacchariah,1,807,8644,0.00011568718186024989
come,finger,1,808,8644,0.00011568718186024989
come,fan,1,809,8644,0.00011568718186024989
come,grandaddy,1,810,8644,0.00011568718186024989
come,grandaddy'll,1,811,8644,0.00011568718186024989
come,tray,1,812,8644,0.00011568718186024989
come,daddy'll,1,813,8644,0.00011568718186024989
come,oatmeal,1,814,8644,0.00011568718186024989
come,connie,1,815,8644,0.00011568718186024989
come,dirt,1,816,8644,0.00011568718186024989
come,deal,1,817,8644,0.00011568718186024989
come,cookie,1,818,8644,0.00011568718186024989
come,stair,1,819,8644,0.00011568718186024989
come,ponytail,1,820,8644,0.00011568718186024989
come,cotton,1,821,8644,0.00011568718186024989
come,bank,1,822,8644,0.00011568718186024989
come,goofy,1,823,8644,0.00011568718186024989
come,britche,1,824,8644,0.00011568718186024989
come,poochie,1,825,8644,0.00011568718186024989
come,rail_man,1,826,8644,0.00011568718186024989
come,snoopy,1,827,8644,0.00011568718186024989
come,hunhunh,1,828,8644,0.00011568718186024989
come,raisin,1,829,8644,0.00011568718186024989
come,hamburger,1,830,8644,0.00011568718186024989
come,button,1,831,8644,0.00011568718186024989
come,yogurt,1,832,8644,0.00011568718186024989
come,naomi,1,833,8644,0.00011568718186024989
come,jen,1,834,8644,0.00011568718186024989
come,next,1,835,8644,0.00011568718186024989
come,pancake,1,836,8644,0.00011568718186024989
come,draft,1,837,8644,0.00011568718186024989
come,plane,1,838,8644,0.00011568718186024989
come,ten,1,839,8644,0.00011568718186024989
come,jenna,1,840,8644,0.00011568718186024989
come,nappie,1,841,8644,0.00011568718186024989
come,marissa,1,842,8644,0.00011568718186024989
come,indian,1,843,8644,0.00011568718186024989
come,pelican,1,844,8644,0.00011568718186024989
come,cocoa,1,845,8644,0.00011568718186024989
come,tidbit,1,846,8644,0.00011568718186024989
come,carrot,1,847,8644,0.00011568718186024989
come,name,1,848,8644,0.00011568718186024989
come,inch,1,849,8644,0.00011568718186024989
come,tummy,1,850,8644,0.00011568718186024989
come,nemo,1,851,8644,0.00011568718186024989
come,becca,1,852,8644,0.00011568718186024989
come,piggy,1,853,8644,0.00011568718186024989
come,maya,1,854,8644,0.00011568718186024989
come,aid,1,855,8644,0.00011568718186024989
come,franky,1,856,8644,0.00011568718186024989
come,pierre,1,857,8644,0.00011568718186024989
come,heron,1,858,8644,0.00011568718186024989
come,rhinoceros,1,859,8644,0.00011568718186024989
come,alligator,1,860,8644,0.00011568718186024989
come,cinda,1,861,8644,0.00011568718186024989
come,bridgette,1,862,8644,0.00011568718186024989
come,grownup,1,863,8644,0.00011568718186024989
come,minoru,1,864,8644,0.00011568718186024989
come,scratch,1,865,8644,0.00011568718186024989
come,gary,1,866,8644,0.00011568718186024989
come,gerard,1,867,8644,0.00011568718186024989
come,apron,1,868,8644,0.00011568718186024989
come,poor,1,869,8644,0.00011568718186024989
come,violin,1,870,8644,0.00011568718186024989
come,kite,1,871,8644,0.00011568718186024989
come,sorcerer,1,872,8644,0.00011568718186024989
come,frog,1,873,8644,0.00011568718186024989
come,marker,1,874,8644,0.00011568718186024989
come,trailer,1,875,8644,0.00011568718186024989
come,rogers,1,876,8644,0.00011568718186024989
come,observer,1,877,8644,0.00011568718186024989
come,clause,1,878,8644,0.00011568718186024989
come,jamie,1,879,8644,0.00011568718186024989
come,ice,1,880,8644,0.00011568718186024989
come,self,1,881,8644,0.00011568718186024989
come,bulldozer,1,882,8644,0.00011568718186024989
come,toast,1,883,8644,0.00011568718186024989
come,simon,1,884,8644,0.00011568718186024989
come,destruction,1,885,8644,0.00011568718186024989
come,eliza,1,886,8644,0.00011568718186024989
come,poppins,1,887,8644,0.00011568718186024989
come,way,1,888,8644,0.00011568718186024989
come,student,1,889,8644,0.00011568718186024989
come,band,1,890,8644,0.00011568718186024989
come,stephen,1,891,8644,0.00011568718186024989
come,horse,1,892,8644,0.00011568718186024989
come,rooster,1,893,8644,0.00011568718186024989
come,santaclaus,1,894,8644,0.00011568718186024989
come,grandmother,1,895,8644,0.00011568718186024989
come,shea,1,896,8644,0.00011568718186024989
come,furniture,1,897,8644,0.00011568718186024989
come,alicia,1,898,8644,0.00011568718186024989
come,jay,1,899,8644,0.00011568718186024989
come,tine,1,900,8644,0.00011568718186024989
come,mming,1,901,8644,0.00011568718186024989
come,tractor,1,902,8644,0.00011568718186024989
come,cape,1,903,8644,0.00011568718186024989
come,mean,1,904,8644,0.00011568718186024989
come,darth_vader,1,905,8644,0.00011568718186024989
come,sad,1,906,8644,0.00011568718186024989
come,plug,1,907,8644,0.00011568718186024989
come,uncle_ryan,1,908,8644,0.00011568718186024989
come,grammy,1,909,8644,0.00011568718186024989
come,roar,1,910,8644,0.00011568718186024989
come,peg,1,911,8644,0.00011568718186024989
come,sweety,1,912,8644,0.00011568718186024989
come,emily,1,913,8644,0.00011568718186024989
come,sparkly,1,914,8644,0.00011568718186024989
come,aunt_denise,1,915,8644,0.00011568718186024989
come,pin,1,916,8644,0.00011568718186024989
come,blindfold,1,917,8644,0.00011568718186024989
come,jillian,1,918,8644,0.00011568718186024989
come,cathy,1,919,8644,0.00011568718186024989
come,stepmother,1,920,8644,0.00011568718186024989
come,jillysaurs,1,921,8644,0.00011568718186024989
come,godmother,1,922,8644,0.00011568718186024989
come,nest,1,923,8644,0.00011568718186024989
come,play_doh,1,924,8644,0.00011568718186024989
come,scotty,1,925,8644,0.00011568718186024989
come,mom'll,1,926,8644,0.00011568718186024989
come,kaylia,1,927,8644,0.00011568718186024989
come,g,1,928,8644,0.00011568718186024989
come,n,1,929,8644,0.00011568718186024989
come,s,1,930,8644,0.00011568718186024989
come,troll,1,931,8644,0.00011568718186024989
come,b,1,932,8644,0.00011568718186024989
come,diesel,1,933,8644,0.00011568718186024989
come,sophie,1,934,8644,0.00011568718186024989
come,drink,1,935,8644,0.00011568718186024989
come,pizza,1,936,8644,0.00011568718186024989
come,alrighty,1,937,8644,0.00011568718186024989
come,meteor,1,938,8644,0.00011568718186024989
come,voldemorte,1,939,8644,0.00011568718186024989
come,harry,1,940,8644,0.00011568718186024989
come,gobbler,1,941,8644,0.00011568718186024989
come,work,1,942,8644,0.00011568718186024989
come,web,1,943,8644,0.00011568718186024989
come,mix,1,944,8644,0.00011568718186024989
come,strawberry,1,945,8644,0.00011568718186024989
come,prize,1,946,8644,0.00011568718186024989
come,james,1,947,8644,0.00011568718186024989
come,diamond,1,948,8644,0.00011568718186024989
come,cody,1,949,8644,0.00011568718186024989
come,aunt,1,950,8644,0.00011568718186024989
come,jenell,1,951,8644,0.00011568718186024989
come,tube,1,952,8644,0.00011568718186024989
come,power,1,953,8644,0.00011568718186024989
come,claw,1,954,8644,0.00011568718186024989
come,peach,1,955,8644,0.00011568718186024989
come,mop,1,956,8644,0.00011568718186024989
come,fry,1,957,8644,0.00011568718186024989
come,soda,1,958,8644,0.00011568718186024989
come,snake,1,959,8644,0.00011568718186024989
come,june,1,960,8644,0.00011568718186024989
come,kojak,1,961,8644,0.00011568718186024989
come,coulda,1,962,8644,0.00011568718186024989
come,seuss,1,963,8644,0.00011568718186024989
come,johnson,1,964,8644,0.00011568718186024989
come,anything,1,965,8644,0.00011568718186024989
come,leader,1,966,8644,0.00011568718186024989
come,calvin,1,967,8644,0.00011568718186024989
come,rutherford,1,968,8644,0.00011568718186024989
come,decky,1,969,8644,0.00011568718186024989
come,dexter,1,970,8644,0.00011568718186024989
come,mister,1,971,8644,0.00011568718186024989
come,static,1,972,8644,0.00011568718186024989
come,orlando,1,973,8644,0.00011568718186024989
come,pad,1,974,8644,0.00011568718186024989
come,zzz,1,975,8644,0.00011568718186024989
come,dinner,1,976,8644,0.00011568718186024989
come,kiddy,1,977,8644,0.00011568718186024989
come,avis,1,978,8644,0.00011568718186024989
come,haha,1,979,8644,0.00011568718186024989
come,stripe,1,980,8644,0.00011568718186024989
come,mousie,1,981,8644,0.00011568718186024989
come,luke,1,982,8644,0.00011568718186024989
come,sauce,1,983,8644,0.00011568718186024989
come,bit,1,984,8644,0.00011568718186024989
come,vanessa,1,985,8644,0.00011568718186024989
come,spot,1,986,8644,0.00011568718186024989
come,signal,1,987,8644,0.00011568718186024989
come,nephew,1,988,8644,0.00011568718186024989
come,garland,1,989,8644,0.00011568718186024989
come,ya'll,1,990,8644,0.00011568718186024989
come,project,1,991,8644,0.00011568718186024989
come,pleshette,1,992,8644,0.00011568718186024989
come,temple,1,993,8644,0.00011568718186024989
come,rookies,1,994,8644,0.00011568718186024989
come,swat,1,995,8644,0.00011568718186024989
come,aaron,1,996,8644,0.00011568718186024989
come,hunm,1,997,8644,0.00011568718186024989
come,w,1,998,8644,0.00011568718186024989
come,bernie,1,999,8644,0.00011568718186024989
come,morning,1,1000,8644,0.00011568718186024989
come,dushawn,1,1001,8644,0.00011568718186024989
come,roland,1,1002,8644,0.00011568718186024989
come,til,1,1003,8644,0.00011568718186024989
come,street,1,1004,8644,0.00011568718186024989
come,ronnie,1,1005,8644,0.00011568718186024989
come,group,1,1006,8644,0.00011568718186024989
come,renita,1,1007,8644,0.00011568718186024989
come,gabriella,1,1008,8644,0.00011568718186024989
come,ash,1,1009,8644,0.00011568718186024989
come,bon,1,1010,8644,0.00011568718186024989
come,gabe,1,1011,8644,0.00011568718186024989
come,keeper,1,1012,8644,0.00011568718186024989
come,danny,1,1013,8644,0.00011568718186024989
come,apticar,1,1014,8644,0.00011568718186024989
come,pig,1,1015,8644,0.00011568718186024989
come,tone,1,1016,8644,0.00011568718186024989
come,marilyn,1,1017,8644,0.00011568718186024989
come,half,1,1018,8644,0.00011568718186024989
come,parent,1,1019,8644,0.00011568718186024989
come,meek,1,1020,8644,0.00011568718186024989
come,h,1,1021,8644,0.00011568718186024989
come,another,1,1022,8644,0.00011568718186024989
come,gabriel,1,1023,8644,0.00011568718186024989
come,donald,1,1024,8644,0.00011568718186024989
come,cop,1,1025,8644,0.00011568718186024989
come,liela,1,1026,8644,0.00011568718186024989
come,perry,1,1027,8644,0.00011568718186024989
come,mikka,1,1028,8644,0.00011568718186024989
come,folk,1,1029,8644,0.00011568718186024989
come,lenita,1,1030,8644,0.00011568718186024989
come,apartment,1,1031,8644,0.00011568718186024989
come,dollar,1,1032,8644,0.00011568718186024989
come,bad,1,1033,8644,0.00011568718186024989
come,alfredo,1,1034,8644,0.00011568718186024989
come,jump,1,1035,8644,0.00011568718186024989
come,copper,1,1036,8644,0.00011568718186024989
come,magoo,1,1037,8644,0.00011568718186024989
come,coat,1,1038,8644,0.00011568718186024989
come,clean,1,1039,8644,0.00011568718186024989
come,sleeve,1,1040,8644,0.00011568718186024989
come,glenn,1,1041,8644,0.00011568718186024989
come,ray,1,1042,8644,0.00011568718186024989
come,donnel,1,1043,8644,0.00011568718186024989
come,pat,1,1044,8644,0.00011568718186024989
come,kayode,1,1045,8644,0.00011568718186024989
come,margie,1,1046,8644,0.00011568718186024989
come,joe,1,1047,8644,0.00011568718186024989
come,sam,1,1048,8644,0.00011568718186024989
come,spin,1,1049,8644,0.00011568718186024989
come,steven,1,1050,8644,0.00011568718186024989
come,shirt,1,1051,8644,0.00011568718186024989
come,clap,1,1052,8644,0.00011568718186024989
come,circus,1,1053,8644,0.00011568718186024989
come,crowd,1,1054,8644,0.00011568718186024989
come,old,1,1055,8644,0.00011568718186024989
come,sum,1,1056,8644,0.00011568718186024989
come,aislinn,1,1057,8644,0.00011568718186024989
come,smell,1,1058,8644,0.00011568718186024989
come,whoa,1,1059,8644,0.00011568718186024989
come,aunt_irma,1,1060,8644,0.00011568718186024989
make,you,2879,1,8264,0.34837850919651503
make,i,1118,2,8264,0.13528557599225557
make,we,882,3,8264,0.10672797676669893
make,it,489,4,8264,0.05917231364956438
make,that,411,5,8264,0.04973378509196515
make,they,331,6,8264,0.04005324298160697
make,he,293,7,8264,0.03545498547918684
make,she,215,8,8264,0.02601645692158761
make,us,213,9,8264,0.025774443368828653
make,what,144,10,8264,0.017424975798644726
make,who,125,11,8264,0.015125847047434656
make,mommy,120,12,8264,0.01452081316553727
make,daddy,65,13,8264,0.00786544046466602
make,this,57,14,8264,0.006897386253630203
make,wanna,54,15,8264,0.006534365924491772
make,one,23,16,8264,0.0027831558567279766
make,ya,19,17,8264,0.002299128751210068
make,mama,16,18,8264,0.001936108422071636
make,somebody,16,19,8264,0.001936108422071636
make,god,12,20,8264,0.001452081316553727
make,rabbit,11,21,8264,0.0013310745401742497
make,mother,10,22,8264,0.0012100677637947724
make,bug,9,23,8264,0.0010890609874152953
make,abe,9,24,8264,0.0010890609874152953
make,man,8,25,8264,0.000968054211035818
make,grandma,8,26,8264,0.000968054211035818
make,which,7,27,8264,0.0008470474346563407
make,car,7,28,8264,0.0008470474346563407
make,useta,6,29,8264,0.0007260406582768635
make,wind,6,30,8264,0.0007260406582768635
make,brown,6,31,8264,0.0007260406582768635
make,mom,6,32,8264,0.0007260406582768635
make,mummy,6,33,8264,0.0007260406582768635
make,sun,6,34,8264,0.0007260406582768635
make,someone,6,35,8264,0.0007260406582768635
make,truck,5,36,8264,0.0006050338818973862
make,bird,5,37,8264,0.0006050338818973862
make,baby,5,38,8264,0.0006050338818973862
make,medicine,5,39,8264,0.0006050338818973862
make,thing,5,40,8264,0.0006050338818973862
make,needta,5,41,8264,0.0006050338818973862
make,kitty,5,42,8264,0.0006050338818973862
make,everybody,5,43,8264,0.0006050338818973862
make,letter,5,44,8264,0.0006050338818973862
make,chi,5,45,8264,0.0006050338818973862
make,guy,5,46,8264,0.0006050338818973862
make,momma,5,47,8264,0.0006050338818973862
make,book,4,48,8264,0.000484027105517909
make,sound,4,49,8264,0.000484027105517909
make,machine,4,50,8264,0.000484027105517909
make,kind,4,51,8264,0.000484027105517909
make,harvey,4,52,8264,0.000484027105517909
make,person,4,53,8264,0.000484027105517909
make,something,4,54,8264,0.000484027105517909
make,elephant,4,55,8264,0.000484027105517909
make,baby_donald,4,56,8264,0.000484027105517909
make,bee,4,57,8264,0.000484027105517909
make,tummy,4,58,8264,0.000484027105517909
make,papa,4,59,8264,0.000484027105517909
make,noise,4,60,8264,0.000484027105517909
make,water,4,61,8264,0.000484027105517909
make,these,4,62,8264,0.000484027105517909
make,hasta,4,63,8264,0.000484027105517909
make,kid,4,64,8264,0.000484027105517909
make,michael,4,65,8264,0.000484027105517909
make,nina,4,66,8264,0.000484027105517909
make,animal,4,67,8264,0.000484027105517909
make,miffy,3,68,8264,0.00036302032913843176
make,rock,3,69,8264,0.00036302032913843176
make,train,3,70,8264,0.00036302032913843176
make,horse,3,71,8264,0.00036302032913843176
make,those,3,72,8264,0.00036302032913843176
make,air,3,73,8264,0.00036302032913843176
make,house,3,74,8264,0.00036302032913843176
make,child,3,75,8264,0.00036302032913843176
make,neighbor,3,76,8264,0.00036302032913843176
make,some,3,77,8264,0.00036302032913843176
make,doggie,3,78,8264,0.00036302032913843176
make,sheep,3,79,8264,0.00036302032913843176
make,robin,3,80,8264,0.00036302032913843176
make,piece,3,81,8264,0.00036302032913843176
make,clock,3,82,8264,0.00036302032913843176
make,chicken,3,83,8264,0.00036302032913843176
make,grampa,3,84,8264,0.00036302032913843176
make,battery,3,85,8264,0.00036302032913843176
make,duck,3,86,8264,0.00036302032913843176
make,chick,3,87,8264,0.00036302032913843176
make,class,3,88,8264,0.00036302032913843176
make,two,3,89,8264,0.00036302032913843176
make,minnie,3,90,8264,0.00036302032913843176
make,penny,3,91,8264,0.00036302032913843176
make,rachel,3,92,8264,0.00036302032913843176
make,nathaniel,3,93,8264,0.00036302032913843176
make,oughta,3,94,8264,0.00036302032913843176
make,cup,3,95,8264,0.00036302032913843176
make,catherine,3,96,8264,0.00036302032913843176
make,bear,3,97,8264,0.00036302032913843176
make,patrick,3,98,8264,0.00036302032913843176
make,bunny,2,99,8264,0.0002420135527589545
make,nose,2,100,8264,0.0002420135527589545
make,violin,2,101,8264,0.0002420135527589545
make,husband,2,102,8264,0.0002420135527589545
make,let,2,103,8264,0.0002420135527589545
make,conditioner,2,104,8264,0.0002420135527589545
make,eric,2,105,8264,0.0002420135527589545
make,mouse,2,106,8264,0.0002420135527589545
make,laura,2,107,8264,0.0002420135527589545
make,swww,2,108,8264,0.0002420135527589545
make,jwww,2,109,8264,0.0002420135527589545
make,word,2,110,8264,0.0002420135527589545
make,ball,2,111,8264,0.0002420135527589545
make,lemme,2,112,8264,0.0002420135527589545
make,nothing,2,113,8264,0.0002420135527589545
make,linda,2,114,8264,0.0002420135527589545
make,terry,2,115,8264,0.0002420135527589545
make,wool,2,116,8264,0.0002420135527589545
make,dakota,2,117,8264,0.0002420135527589545
make,reason,2,118,8264,0.0002420135527589545
make,duckie,2,119,8264,0.0002420135527589545
make,mcgregor,2,120,8264,0.0002420135527589545
make,door,2,121,8264,0.0002420135527589545
make,turtle,2,122,8264,0.0002420135527589545
make,girl,2,123,8264,0.0002420135527589545
make,honey,2,124,8264,0.0002420135527589545
make,lunch,2,125,8264,0.0002420135527589545
make,sarah,2,126,8264,0.0002420135527589545
make,white,2,127,8264,0.0002420135527589545
make,melissa,2,128,8264,0.0002420135527589545
make,dog,2,129,8264,0.0002420135527589545
make,horsie,2,130,8264,0.0002420135527589545
make,shem,2,131,8264,0.0002420135527589545
make,jason,2,132,8264,0.0002420135527589545
make,hat,2,133,8264,0.0002420135527589545
make,bump,2,134,8264,0.0002420135527589545
make,all,2,135,8264,0.0002420135527589545
make,boy,2,136,8264,0.0002420135527589545
make,a,2,137,8264,0.0002420135527589545
make,broccoli,2,138,8264,0.0002420135527589545
make,dad,2,139,8264,0.0002420135527589545
make,emma,2,140,8264,0.0002420135527589545
make,monster,2,141,8264,0.0002420135527589545
make,everyone,2,142,8264,0.0002420135527589545
make,side,2,143,8264,0.0002420135527589545
make,mamma,2,144,8264,0.0002420135527589545
make,plant,2,145,8264,0.0002420135527589545
make,caterpillar,2,146,8264,0.0002420135527589545
make,grammy,2,147,8264,0.0002420135527589545
make,candle,2,148,8264,0.0002420135527589545
make,good,2,149,8264,0.0002420135527589545
make,blank,2,150,8264,0.0002420135527589545
make,people,2,151,8264,0.0002420135527589545
make,so_that,2,152,8264,0.0002420135527589545
make,hair,2,153,8264,0.0002420135527589545
make,mark,2,154,8264,0.0002420135527589545
make,block,2,155,8264,0.0002420135527589545
make,switch,2,156,8264,0.0002420135527589545
make,button,2,157,8264,0.0002420135527589545
make,ben,2,158,8264,0.0002420135527589545
make,salley,2,159,8264,0.0002420135527589545
make,kalie,2,160,8264,0.0002420135527589545
make,popsicle,2,161,8264,0.0002420135527589545
make,body,2,162,8264,0.0002420135527589545
make,bosa,2,163,8264,0.0002420135527589545
make,blanket,2,164,8264,0.0002420135527589545
make,investigator,2,165,8264,0.0002420135527589545
make,swiss,2,166,8264,0.0002420135527589545
make,ryan,2,167,8264,0.0002420135527589545
make,heidi,2,168,8264,0.0002420135527589545
make,fairy,2,169,8264,0.0002420135527589545
make,your,2,170,8264,0.0002420135527589545
make,stephanie,2,171,8264,0.0002420135527589545
make,lion,2,172,8264,0.0002420135527589545
make,blue,2,173,8264,0.0002420135527589545
make,factory,2,174,8264,0.0002420135527589545
make,julia,2,175,8264,0.0002420135527589545
make,barbara,2,176,8264,0.0002420135527589545
make,father,2,177,8264,0.0002420135527589545
make,stick,2,178,8264,0.0002420135527589545
make,teacher,2,179,8264,0.0002420135527589545
make,nail,1,180,8264,0.00012100677637947725
make,jackie,1,181,8264,0.00012100677637947725
make,niece,1,182,8264,0.00012100677637947725
make,clean,1,183,8264,0.00012100677637947725
make,bike,1,184,8264,0.00012100677637947725
make,pool,1,185,8264,0.00012100677637947725
make,room,1,186,8264,0.00012100677637947725
make,fan,1,187,8264,0.00012100677637947725
make,patsy,1,188,8264,0.00012100677637947725
make,uhhuh,1,189,8264,0.00012100677637947725
make,lois,1,190,8264,0.00012100677637947725
make,jenny,1,191,8264,0.00012100677637947725
make,building,1,192,8264,0.00012100677637947725
make,betsy,1,193,8264,0.00012100677637947725
make,motorbike,1,194,8264,0.00012100677637947725
make,pwww,1,195,8264,0.00012100677637947725
make,vacuum,1,196,8264,0.00012100677637947725
make,jack,1,197,8264,0.00012100677637947725
make,dwww,1,198,8264,0.00012100677637947725
make,joanna,1,199,8264,0.00012100677637947725
make,crayon,1,200,8264,0.00012100677637947725
make,table,1,201,8264,0.00012100677637947725
make,peanut,1,202,8264,0.00012100677637947725
make,lwww,1,203,8264,0.00012100677637947725
make,picture,1,204,8264,0.00012100677637947725
make,poo,1,205,8264,0.00012100677637947725
make,bowl,1,206,8264,0.00012100677637947725
make,go,1,207,8264,0.00012100677637947725
make,santa_claus,1,208,8264,0.00012100677637947725
make,morgie,1,209,8264,0.00012100677637947725
make,first_years,1,210,8264,0.00012100677637947725
make,everything,1,211,8264,0.00012100677637947725
make,beet,1,212,8264,0.00012100677637947725
make,baby_daisy,1,213,8264,0.00012100677637947725
make,taxi,1,214,8264,0.00012100677637947725
make,glass,1,215,8264,0.00012100677637947725
make,elf,1,216,8264,0.00012100677637947725
make,mess,1,217,8264,0.00012100677637947725
make,snail,1,218,8264,0.00012100677637947725
make,geese,1,219,8264,0.00012100677637947725
make,henry,1,220,8264,0.00012100677637947725
make,weather,1,221,8264,0.00012100677637947725
make,jesus,1,222,8264,0.00012100677637947725
make,orioles,1,223,8264,0.00012100677637947725
make,yaya,1,224,8264,0.00012100677637947725
make,tyco,1,225,8264,0.00012100677637947725
make,dyeisha,1,226,8264,0.00012100677637947725
make,pamper,1,227,8264,0.00012100677637947725
make,elmo,1,228,8264,0.00012100677637947725
make,stuff,1,229,8264,0.00012100677637947725
make,captain_kangaroo,1,230,8264,0.00012100677637947725
make,david,1,231,8264,0.00012100677637947725
make,motor,1,232,8264,0.00012100677637947725
make,mumma,1,233,8264,0.00012100677637947725
make,tiger,1,234,8264,0.00012100677637947725
make,start,1,235,8264,0.00012100677637947725
make,baloney,1,236,8264,0.00012100677637947725
make,president,1,237,8264,0.00012100677637947725
make,s,1,238,8264,0.00012100677637947725
make,spell,1,239,8264,0.00012100677637947725
make,six,1,240,8264,0.00012100677637947725
make,juice,1,241,8264,0.00012100677637947725
make,clown,1,242,8264,0.00012100677637947725
make,bicycle,1,243,8264,0.00012100677637947725
make,pen,1,244,8264,0.00012100677637947725
make,gun,1,245,8264,0.00012100677637947725
make,ana,1,246,8264,0.00012100677637947725
make,stork,1,247,8264,0.00012100677637947725
make,coat,1,248,8264,0.00012100677637947725
make,cricter,1,249,8264,0.00012100677637947725
make,fountain,1,250,8264,0.00012100677637947725
make,leg,1,251,8264,0.00012100677637947725
make,telescope,1,252,8264,0.00012100677637947725
make,brake,1,253,8264,0.00012100677637947725
make,fireman,1,254,8264,0.00012100677637947725
make,rogers,1,255,8264,0.00012100677637947725
make,compass,1,256,8264,0.00012100677637947725
make,firstname,1,257,8264,0.00012100677637947725
make,goose,1,258,8264,0.00012100677637947725
make,move,1,259,8264,0.00012100677637947725
make,piggy,1,260,8264,0.00012100677637947725
make,lot,1,261,8264,0.00012100677637947725
make,seamstress,1,262,8264,0.00012100677637947725
make,halfs,1,263,8264,0.00012100677637947725
make,patricia,1,264,8264,0.00012100677637947725
make,engine,1,265,8264,0.00012100677637947725
make,three,1,266,8264,0.00012100677637947725
make,price,1,267,8264,0.00012100677637947725
make,dollar,1,268,8264,0.00012100677637947725
make,five,1,269,8264,0.00012100677637947725
make,line,1,270,8264,0.00012100677637947725
make,courage,1,271,8264,0.00012100677637947725
make,prince,1,272,8264,0.00012100677637947725
make,neither,1,273,8264,0.00012100677637947725
make,pansy,1,274,8264,0.00012100677637947725
make,cat'll,1,275,8264,0.00012100677637947725
make,cat,1,276,8264,0.00012100677637947725
make,tear,1,277,8264,0.00012100677637947725
make,queen,1,278,8264,0.00012100677637947725
make,scott,1,279,8264,0.00012100677637947725
make,leslie,1,280,8264,0.00012100677637947725
make,bro,1,281,8264,0.00012100677637947725
make,steak,1,282,8264,0.00012100677637947725
make,hand,1,283,8264,0.00012100677637947725
make,rand,1,284,8264,0.00012100677637947725
make,kangaroo,1,285,8264,0.00012100677637947725
make,brad,1,286,8264,0.00012100677637947725
make,boyfriend,1,287,8264,0.00012100677637947725
make,johnson,1,288,8264,0.00012100677637947725
make,teacup,1,289,8264,0.00012100677637947725
make,lemonade,1,290,8264,0.00012100677637947725
make,sis,1,291,8264,0.00012100677637947725
make,dinosaur,1,292,8264,0.00012100677637947725
make,fozzie,1,293,8264,0.00012100677637947725
make,percy,1,294,8264,0.00012100677637947725
make,murphy,1,295,8264,0.00012100677637947725
make,worry,1,296,8264,0.00012100677637947725
make,featherhead,1,297,8264,0.00012100677637947725
make,paddington,1,298,8264,0.00012100677637947725
make,nana,1,299,8264,0.00012100677637947725
make,candy,1,300,8264,0.00012100677637947725
make,myself,1,301,8264,0.00012100677637947725
make,grass,1,302,8264,0.00012100677637947725
make,be,1,303,8264,0.00012100677637947725
make,tamea,1,304,8264,0.00012100677637947725
make,way,1,305,8264,0.00012100677637947725
make,magnet,1,306,8264,0.00012100677637947725
make,ma,1,307,8264,0.00012100677637947725
make,miss,1,308,8264,0.00012100677637947725
make,foot,1,309,8264,0.00012100677637947725
make,grandmother,1,310,8264,0.00012100677637947725
make,peg,1,311,8264,0.00012100677637947725
make,hormel,1,312,8264,0.00012100677637947725
make,belushi,1,313,8264,0.00012100677637947725
make,bathrobe,1,314,8264,0.00012100677637947725
make,yeh,1,315,8264,0.00012100677637947725
make,camera,1,316,8264,0.00012100677637947725
make,seaweed,1,317,8264,0.00012100677637947725
make,gepetto,1,318,8264,0.00012100677637947725
make,pot,1,319,8264,0.00012100677637947725
make,ann,1,320,8264,0.00012100677637947725
make,elfs,1,321,8264,0.00012100677637947725
make,karen,1,322,8264,0.00012100677637947725
make,oven,1,323,8264,0.00012100677637947725
make,gas,1,324,8264,0.00012100677637947725
make,snake,1,325,8264,0.00012100677637947725
make,laugh,1,326,8264,0.00012100677637947725
make,marky,1,327,8264,0.00012100677637947725
make,whew,1,328,8264,0.00012100677637947725
make,her,1,329,8264,0.00012100677637947725
make,katie,1,330,8264,0.00012100677637947725
make,light,1,331,8264,0.00012100677637947725
make,norman,1,332,8264,0.00012100677637947725
make,fish,1,333,8264,0.00012100677637947725
make,nathan,1,334,8264,0.00012100677637947725
make,annie,1,335,8264,0.00012100677637947725
make,himself,1,336,8264,0.00012100677637947725
make,cookie_monster,1,337,8264,0.00012100677637947725
make,sock,1,338,8264,0.00012100677637947725
make,megan,1,339,8264,0.00012100677637947725
make,king,1,340,8264,0.00012100677637947725
make,t,1,341,8264,0.00012100677637947725
make,messy,1,342,8264,0.00012100677637947725
make,brush,1,343,8264,0.00012100677637947725
make,drill,1,344,8264,0.00012100677637947725
make,jerry,1,345,8264,0.00012100677637947725
make,suit,1,346,8264,0.00012100677637947725
make,nomi,1,347,8264,0.00012100677637947725
make,buffalo,1,348,8264,0.00012100677637947725
make,pail,1,349,8264,0.00012100677637947725
make,jordon,1,350,8264,0.00012100677637947725
make,pear,1,351,8264,0.00012100677637947725
make,lia,1,352,8264,0.00012100677637947725
make,renee,1,353,8264,0.00012100677637947725
make,dina,1,354,8264,0.00012100677637947725
make,music,1,355,8264,0.00012100677637947725
make,woodpecker,1,356,8264,0.00012100677637947725
make,darling,1,357,8264,0.00012100677637947725
make,match,1,358,8264,0.00012100677637947725
make,thomas,1,359,8264,0.00012100677637947725
make,toy,1,360,8264,0.00012100677637947725
make,look,1,361,8264,0.00012100677637947725
make,guitar,1,362,8264,0.00012100677637947725
make,frank,1,363,8264,0.00012100677637947725
make,maggie,1,364,8264,0.00012100677637947725
make,soap,1,365,8264,0.00012100677637947725
make,lap,1,366,8264,0.00012100677637947725
make,benton,1,367,8264,0.00012100677637947725
make,crib,1,368,8264,0.00012100677637947725
make,wagon,1,369,8264,0.00012100677637947725
make,bed,1,370,8264,0.00012100677637947725
make,dennis,1,371,8264,0.00012100677637947725
make,gumpy,1,372,8264,0.00012100677637947725
make,zebra,1,373,8264,0.00012100677637947725
make,doll,1,374,8264,0.00012100677637947725
make,sweater,1,375,8264,0.00012100677637947725
make,headband,1,376,8264,0.00012100677637947725
make,in_order_to,1,377,8264,0.00012100677637947725
make,green,1,378,8264,0.00012100677637947725
make,wheel,1,379,8264,0.00012100677637947725
make,our,1,380,8264,0.00012100677637947725
make,hedgehog,1,381,8264,0.00012100677637947725
make,birdie,1,382,8264,0.00012100677637947725
make,handle,1,383,8264,0.00012100677637947725
make,joan,1,384,8264,0.00012100677637947725
make,jet,1,385,8264,0.00012100677637947725
make,mixer,1,386,8264,0.00012100677637947725
make,helen,1,387,8264,0.00012100677637947725
make,come_on,1,388,8264,0.00012100677637947725
make,andrew,1,389,8264,0.00012100677637947725
make,koolaid,1,390,8264,0.00012100677637947725
make,brother,1,391,8264,0.00012100677637947725
make,frog,1,392,8264,0.00012100677637947725
make,the,1,393,8264,0.00012100677637947725
make,christopher,1,394,8264,0.00012100677637947725
make,zoey,1,395,8264,0.00012100677637947725
make,rain,1,396,8264,0.00012100677637947725
make,aunt_carey,1,397,8264,0.00012100677637947725
make,aunt_denise,1,398,8264,0.00012100677637947725
make,broom,1,399,8264,0.00012100677637947725
make,saw,1,400,8264,0.00012100677637947725
make,jilly,1,401,8264,0.00012100677637947725
make,tissue,1,402,8264,0.00012100677637947725
make,godmother,1,403,8264,0.00012100677637947725
make,boo,1,404,8264,0.00012100677637947725
make,erin,1,405,8264,0.00012100677637947725
make,spot,1,406,8264,0.00012100677637947725
make,matty,1,407,8264,0.00012100677637947725
make,bucket,1,408,8264,0.00012100677637947725
make,part,1,409,8264,0.00012100677637947725
make,brian,1,410,8264,0.00012100677637947725
make,prize,1,411,8264,0.00012100677637947725
make,hug,1,412,8264,0.00012100677637947725
make,sugar,1,413,8264,0.00012100677637947725
make,laser,1,414,8264,0.00012100677637947725
make,spider,1,415,8264,0.00012100677637947725
make,experience,1,416,8264,0.00012100677637947725
make,woman,1,417,8264,0.00012100677637947725
make,dinner,1,418,8264,0.00012100677637947725
make,haste,1,419,8264,0.00012100677637947725
make,huh,1,420,8264,0.00012100677637947725
make,japanese,1,421,8264,0.00012100677637947725
make,uncle,1,422,8264,0.00012100677637947725
make,cow,1,423,8264,0.00012100677637947725
make,cream,1,424,8264,0.00012100677637947725
make,carrot,1,425,8264,0.00012100677637947725
make,jeffery,1,426,8264,0.00012100677637947725
make,hippopotamus,1,427,8264,0.00012100677637947725
make,heat,1,428,8264,0.00012100677637947725
make,derwood,1,429,8264,0.00012100677637947725
make,ham,1,430,8264,0.00012100677637947725
make,yours,1,431,8264,0.00012100677637947725
make,ronald,1,432,8264,0.00012100677637947725
make,devil,1,433,8264,0.00012100677637947725
make,sean,1,434,8264,0.00012100677637947725
make,doreen,1,435,8264,0.00012100677637947725
make,butter,1,436,8264,0.00012100677637947725
make,graeme,1,437,8264,0.00012100677637947725
make,joyce,1,438,8264,0.00012100677637947725
make,quarter,1,439,8264,0.00012100677637947725
make,bambi,1,440,8264,0.00012100677637947725
make,sixteen,1,441,8264,0.00012100677637947725
make,r,1,442,8264,0.00012100677637947725
make,kitten,1,443,8264,0.00012100677637947725
make,sunshine,1,444,8264,0.00012100677637947725
make,its,1,445,8264,0.00012100677637947725
make,pop,1,446,8264,0.00012100677637947725
make,jimmy,1,447,8264,0.00012100677637947725
make,renaldo,1,448,8264,0.00012100677637947725
make,other,1,449,8264,0.00012100677637947725
make,brodie,1,450,8264,0.00012100677637947725
make,nickel,1,451,8264,0.00012100677637947725
make,liz,1,452,8264,0.00012100677637947725
make,yang,1,453,8264,0.00012100677637947725
make,lena,1,454,8264,0.00012100677637947725
make,orange,1,455,8264,0.00012100677637947725
eat,you,2705,1,7337,0.3686792967152787
eat,he,1740,2,7337,0.23715415019762845
eat,i,584,3,7337,0.0795965653536868
eat,we,405,4,7337,0.05519967289082731
eat,they,364,5,7337,0.04961155785743492
eat,she,185,6,7337,0.02521466539457544
eat,caterpillar,157,7,7337,0.02139839171323429
eat,us,84,8,7337,0.011448821044023443
eat,who,61,9,7337,0.00831402480577893
eat,daddy,39,10,7337,0.005315524056153742
eat,mommy,37,11,7337,0.005042933078915088
eat,it,35,12,7337,0.004770342101676434
eat,chi,32,13,7337,0.0043614556358184545
eat,wanna,31,14,7337,0.004225160147199127
eat,elephant,29,15,7337,0.003952569169960474
eat,that,27,16,7337,0.003679978192721821
eat,bunny,24,17,7337,0.0032710917268638407
eat,dog,24,18,7337,0.0032710917268638407
eat,cow,24,19,7337,0.0032710917268638407
eat,people,22,20,7337,0.0029985007496251873
eat,baby,16,21,7337,0.0021807278179092273
eat,kitty,15,22,7337,0.0020444323292899006
eat,everybody,14,23,7337,0.001908136840670574
eat,bird,14,24,7337,0.001908136840670574
eat,horse,13,25,7337,0.001771841352051247
eat,cat,12,26,7337,0.0016355458634319203
eat,dinosaur,12,27,7337,0.0016355458634319203
eat,one,11,28,7337,0.0014992503748125937
eat,ya,10,29,7337,0.001362954886193267
eat,somebody,10,30,7337,0.001362954886193267
eat,what,9,31,7337,0.0012266593975739403
eat,mouse,8,32,7337,0.0010903639089546136
eat,child,8,33,7337,0.0010903639089546136
eat,chicken,8,34,7337,0.0010903639089546136
eat,kid,8,35,7337,0.0010903639089546136
eat,animal,7,36,7337,0.000954068420335287
eat,pig,7,37,7337,0.000954068420335287
eat,yourself,7,38,7337,0.000954068420335287
eat,boy,6,39,7337,0.0008177729317159602
eat,fish,6,40,7337,0.0008177729317159602
eat,laura,6,41,7337,0.0008177729317159602
eat,someone,6,42,7337,0.0008177729317159602
eat,hasta,6,43,7337,0.0008177729317159602
eat,doggie,6,44,7337,0.0008177729317159602
eat,bug,6,45,7337,0.0008177729317159602
eat,anteater,6,46,7337,0.0008177729317159602
eat,monster,6,47,7337,0.0008177729317159602
eat,nobody,6,48,7337,0.0008177729317159602
eat,goat,6,49,7337,0.0008177729317159602
eat,rabbit,5,50,7337,0.0006814774430966335
eat,wolf,5,51,7337,0.0006814774430966335
eat,timmy,5,52,7337,0.0006814774430966335
eat,dakota,5,53,7337,0.0006814774430966335
eat,squirrel,5,54,7337,0.0006814774430966335
eat,lion,5,55,7337,0.0006814774430966335
eat,tiger,5,56,7337,0.0006814774430966335
eat,shark,5,57,7337,0.0006814774430966335
eat,duck,5,58,7337,0.0006814774430966335
eat,everyone,5,59,7337,0.0006814774430966335
eat,anybody,5,60,7337,0.0006814774430966335
eat,nomi,5,61,7337,0.0006814774430966335
eat,stephanie,5,62,7337,0.0006814774430966335
eat,michael,4,63,7337,0.0005451819544773068
eat,winnie_the_pooh,4,64,7337,0.0005451819544773068
eat,anyone,4,65,7337,0.0005451819544773068
eat,cowboy,4,66,7337,0.0005451819544773068
eat,marky,4,67,7337,0.0005451819544773068
eat,momma,4,68,7337,0.0005451819544773068
eat,go,4,69,7337,0.0005451819544773068
eat,guy,4,70,7337,0.0005451819544773068
eat,finish,4,71,7337,0.0005451819544773068
eat,needta,4,72,7337,0.0005451819544773068
eat,some,4,73,7337,0.0005451819544773068
eat,sis,4,74,7337,0.0005451819544773068
eat,bro,4,75,7337,0.0005451819544773068
eat,this,4,76,7337,0.0005451819544773068
eat,man,4,77,7337,0.0005451819544773068
eat,kristen,4,78,7337,0.0005451819544773068
eat,nathaniel,4,79,7337,0.0005451819544773068
eat,something,3,80,7337,0.0004088864658579801
eat,morgan,3,81,7337,0.0004088864658579801
eat,monkey,3,82,7337,0.0004088864658579801
eat,eve,3,83,7337,0.0004088864658579801
eat,girl,3,84,7337,0.0004088864658579801
eat,person,3,85,7337,0.0004088864658579801
eat,giraffe,3,86,7337,0.0004088864658579801
eat,your,3,87,7337,0.0004088864658579801
eat,cookie_monster,3,88,7337,0.0004088864658579801
eat,frog,3,89,7337,0.0004088864658579801
eat,kalie,3,90,7337,0.0004088864658579801
eat,birdie,3,91,7337,0.0004088864658579801
eat,jenko,3,92,7337,0.0004088864658579801
eat,nina,3,93,7337,0.0004088864658579801
eat,justin,3,94,7337,0.0004088864658579801
eat,food,3,95,7337,0.0004088864658579801
eat,grownup,3,96,7337,0.0004088864658579801
eat,beetle,3,97,7337,0.0004088864658579801
eat,david,3,98,7337,0.0004088864658579801
eat,steve,3,99,7337,0.0004088864658579801
eat,peter,2,100,7337,0.0002725909772386534
eat,betsy,2,101,7337,0.0002725909772386534
eat,picture,2,102,7337,0.0002725909772386534
eat,jwww,2,103,7337,0.0002725909772386534
eat,mandy,2,104,7337,0.0002725909772386534
eat,wife,2,105,7337,0.0002725909772386534
eat,dillon,2,106,7337,0.0002725909772386534
eat,mouth,2,107,7337,0.0002725909772386534
eat,adam,2,108,7337,0.0002725909772386534
eat,mommy'll,2,109,7337,0.0002725909772386534
eat,seal,2,110,7337,0.0002725909772386534
eat,bear,2,111,7337,0.0002725909772386534
eat,ears,2,112,7337,0.0002725909772386534
eat,lamb,2,113,7337,0.0002725909772386534
eat,sarah,2,114,7337,0.0002725909772386534
eat,family,2,115,7337,0.0002725909772386534
eat,shem,2,116,7337,0.0002725909772386534
eat,thing,2,117,7337,0.0002725909772386534
eat,patricia,2,118,7337,0.0002725909772386534
eat,skunk,2,119,7337,0.0002725909772386534
eat,worm,2,120,7337,0.0002725909772386534
eat,sposta,2,121,7337,0.0002725909772386534
eat,d'you,2,122,7337,0.0002725909772386534
eat,charlie,2,123,7337,0.0002725909772386534
eat,seahorse,2,124,7337,0.0002725909772386534
eat,honey,2,125,7337,0.0002725909772386534
eat,mother,2,126,7337,0.0002725909772386534
eat,mom,2,127,7337,0.0002725909772386534
eat,shoulda,2,128,7337,0.0002725909772386534
eat,hippo,2,129,7337,0.0002725909772386534
eat,camel,2,130,7337,0.0002725909772386534
eat,dragon,2,131,7337,0.0002725909772386534
eat,chris,2,132,7337,0.0002725909772386534
eat,hulk,2,133,7337,0.0002725909772386534
eat,matt,2,134,7337,0.0002725909772386534
eat,snail,2,135,7337,0.0002725909772386534
eat,eat,2,136,7337,0.0002725909772386534
eat,seat,2,137,7337,0.0002725909772386534
eat,horsie,2,138,7337,0.0002725909772386534
eat,fox,2,139,7337,0.0002725909772386534
eat,reindeer,2,140,7337,0.0002725909772386534
eat,ant,2,141,7337,0.0002725909772386534
eat,ernie,2,142,7337,0.0002725909772386534
eat,spider,2,143,7337,0.0002725909772386534
eat,all,2,144,7337,0.0002725909772386534
eat,kitten,2,145,7337,0.0002725909772386534
eat,derwood,2,146,7337,0.0002725909772386534
eat,body,2,147,7337,0.0002725909772386534
eat,roland,2,148,7337,0.0002725909772386534
eat,meek,2,149,7337,0.0002725909772386534
eat,junior,2,150,7337,0.0002725909772386534
eat,clifford,2,151,7337,0.0002725909772386534
eat,asher,2,152,7337,0.0002725909772386534
eat,steven,2,153,7337,0.0002725909772386534
eat,ivy,1,154,7337,0.0001362954886193267
eat,jenny,1,155,7337,0.0001362954886193267
eat,sandwich,1,156,7337,0.0001362954886193267
eat,joanna,1,157,7337,0.0001362954886193267
eat,swww,1,158,7337,0.0001362954886193267
eat,egg,1,159,7337,0.0001362954886193267
eat,peanut,1,160,7337,0.0001362954886193267
eat,mwww,1,161,7337,0.0001362954886193267
eat,tippy,1,162,7337,0.0001362954886193267
eat,brisco,1,163,7337,0.0001362954886193267
eat,sprat,1,164,7337,0.0001362954886193267
eat,tabitha,1,165,7337,0.0001362954886193267
eat,alex,1,166,7337,0.0001362954886193267
eat,maggie,1,167,7337,0.0001362954886193267
eat,dyeisha,1,168,7337,0.0001362954886193267
eat,tweety_birds,1,169,7337,0.0001362954886193267
eat,robin,1,170,7337,0.0001362954886193267
eat,the,1,171,7337,0.0001362954886193267
eat,seed,1,172,7337,0.0001362954886193267
eat,schroeder,1,173,7337,0.0001362954886193267
eat,jo_anne,1,174,7337,0.0001362954886193267
eat,ann_marie,1,175,7337,0.0001362954886193267
eat,husband,1,176,7337,0.0001362954886193267
eat,eating,1,177,7337,0.0001362954886193267
eat,ana,1,178,7337,0.0001362954886193267
eat,jack,1,179,7337,0.0001362954886193267
eat,raccoon,1,180,7337,0.0001362954886193267
eat,flora,1,181,7337,0.0001362954886193267
eat,spratt,1,182,7337,0.0001362954886193267
eat,grampa,1,183,7337,0.0001362954886193267
eat,turtle,1,184,7337,0.0001362954886193267
eat,firstname,1,185,7337,0.0001362954886193267
eat,aardvark,1,186,7337,0.0001362954886193267
eat,hog,1,187,7337,0.0001362954886193267
eat,hafta,1,188,7337,0.0001362954886193267
eat,laurie,1,189,7337,0.0001362954886193267
eat,nanette,1,190,7337,0.0001362954886193267
eat,theresa,1,191,7337,0.0001362954886193267
eat,willie,1,192,7337,0.0001362954886193267
eat,daniel,1,193,7337,0.0001362954886193267
eat,melanie,1,194,7337,0.0001362954886193267
eat,kind,1,195,7337,0.0001362954886193267
eat,whoa,1,196,7337,0.0001362954886193267
eat,turkey,1,197,7337,0.0001362954886193267
eat,apple,1,198,7337,0.0001362954886193267
eat,bumper,1,199,7337,0.0001362954886193267
eat,teeny,1,200,7337,0.0001362954886193267
eat,astra,1,201,7337,0.0001362954886193267
eat,ronny,1,202,7337,0.0001362954886193267
eat,vegetable,1,203,7337,0.0001362954886193267
eat,corn,1,204,7337,0.0001362954886193267
eat,much,1,205,7337,0.0001362954886193267
eat,shush,1,206,7337,0.0001362954886193267
eat,heather,1,207,7337,0.0001362954886193267
eat,brook,1,208,7337,0.0001362954886193267
eat,brother,1,209,7337,0.0001362954886193267
eat,youse,1,210,7337,0.0001362954886193267
eat,grammy,1,211,7337,0.0001362954886193267
eat,any,1,212,7337,0.0001362954886193267
eat,mosquito,1,213,7337,0.0001362954886193267
eat,tarci,1,214,7337,0.0001362954886193267
eat,nicky,1,215,7337,0.0001362954886193267
eat,joanne,1,216,7337,0.0001362954886193267
eat,hansel,1,217,7337,0.0001362954886193267
eat,weed,1,218,7337,0.0001362954886193267
eat,grover,1,219,7337,0.0001362954886193267
eat,game,1,220,7337,0.0001362954886193267
eat,dad,1,221,7337,0.0001362954886193267
eat,kelly,1,222,7337,0.0001362954886193267
eat,everything,1,223,7337,0.0001362954886193267
eat,star,1,224,7337,0.0001362954886193267
eat,kathy,1,225,7337,0.0001362954886193267
eat,eye,1,226,7337,0.0001362954886193267
eat,fireball,1,227,7337,0.0001362954886193267
eat,whatcha,1,228,7337,0.0001362954886193267
eat,sis'll,1,229,7337,0.0001362954886193267
eat,ma,1,230,7337,0.0001362954886193267
eat,termite,1,231,7337,0.0001362954886193267
eat,popeye,1,232,7337,0.0001362954886193267
eat,cos'll,1,233,7337,0.0001362954886193267
eat,ariveno,1,234,7337,0.0001362954886193267
eat,brendan,1,235,7337,0.0001362954886193267
eat,tramp,1,236,7337,0.0001362954886193267
eat,lady,1,237,7337,0.0001362954886193267
eat,roy,1,238,7337,0.0001362954886193267
eat,april,1,239,7337,0.0001362954886193267
eat,kobi,1,240,7337,0.0001362954886193267
eat,puppy,1,241,7337,0.0001362954886193267
eat,terry,1,242,7337,0.0001362954886193267
eat,sheep'll,1,243,7337,0.0001362954886193267
eat,greggy,1,244,7337,0.0001362954886193267
eat,hawk,1,245,7337,0.0001362954886193267
eat,each,1,246,7337,0.0001362954886193267
eat,abe,1,247,7337,0.0001362954886193267
eat,markie,1,248,7337,0.0001362954886193267
eat,mark,1,249,7337,0.0001362954886193267
eat,computer,1,250,7337,0.0001362954886193267
eat,rachael,1,251,7337,0.0001362954886193267
eat,andrew,1,252,7337,0.0001362954886193267
eat,somebody'll,1,253,7337,0.0001362954886193267
eat,rachel,1,254,7337,0.0001362954886193267
eat,abby,1,255,7337,0.0001362954886193267
eat,no,1,256,7337,0.0001362954886193267
eat,yep,1,257,7337,0.0001362954886193267
eat,mama,1,258,7337,0.0001362954886193267
eat,piggie,1,259,7337,0.0001362954886193267
eat,peanut+butter,1,260,7337,0.0001362954886193267
eat,agra,1,261,7337,0.0001362954886193267
eat,kimberly,1,262,7337,0.0001362954886193267
eat,babykins,1,263,7337,0.0001362954886193267
eat,alligator,1,264,7337,0.0001362954886193267
eat,member,1,265,7337,0.0001362954886193267
eat,joseph,1,266,7337,0.0001362954886193267
eat,nonna,1,267,7337,0.0001362954886193267
eat,linda,1,268,7337,0.0001362954886193267
eat,snoopy,1,269,7337,0.0001362954886193267
eat,dotty,1,270,7337,0.0001362954886193267
eat,poy,1,271,7337,0.0001362954886193267
eat,kirsten,1,272,7337,0.0001362954886193267
eat,ghost,1,273,7337,0.0001362954886193267
eat,deer,1,274,7337,0.0001362954886193267
eat,woman,1,275,7337,0.0001362954886193267
eat,scissor,1,276,7337,0.0001362954886193267
eat,pittsburg,1,277,7337,0.0001362954886193267
eat,emma,1,278,7337,0.0001362954886193267
eat,engine,1,279,7337,0.0001362954886193267
eat,zebra,1,280,7337,0.0001362954886193267
eat,howard,1,281,7337,0.0001362954886193267
eat,floor,1,282,7337,0.0001362954886193267
eat,emily,1,283,7337,0.0001362954886193267
eat,tiki,1,284,7337,0.0001362954886193267
eat,james,1,285,7337,0.0001362954886193267
eat,buzz,1,286,7337,0.0001362954886193267
eat,noodle,1,287,7337,0.0001362954886193267
eat,lilly,1,288,7337,0.0001362954886193267
eat,whale,1,289,7337,0.0001362954886193267
eat,rat,1,290,7337,0.0001362954886193267
eat,tortoise,1,291,7337,0.0001362954886193267
eat,iron_giant,1,292,7337,0.0001362954886193267
eat,ball,1,293,7337,0.0001362954886193267
eat,scorpion,1,294,7337,0.0001362954886193267
eat,bobby,1,295,7337,0.0001362954886193267
eat,oughta,1,296,7337,0.0001362954886193267
eat,dexter,1,297,7337,0.0001362954886193267
eat,johnathan,1,298,7337,0.0001362954886193267
eat,dessert,1,299,7337,0.0001362954886193267
eat,melissa,1,300,7337,0.0001362954886193267
eat,uncle,1,301,7337,0.0001362954886193267
eat,bogger,1,302,7337,0.0001362954886193267
eat,deidre,1,303,7337,0.0001362954886193267
eat,remi,1,304,7337,0.0001362954886193267
eat,cadillac,1,305,7337,0.0001362954886193267
eat,age,1,306,7337,0.0001362954886193267
eat,useta,1,307,7337,0.0001362954886193267
eat,kim,1,308,7337,0.0001362954886193267
eat,patrick,1,309,7337,0.0001362954886193267
eat,tisha,1,310,7337,0.0001362954886193267
eat,trina,1,311,7337,0.0001362954886193267
eat,gabriel,1,312,7337,0.0001362954886193267
eat,gerbil,1,313,7337,0.0001362954886193267
eat,garbage,1,314,7337,0.0001362954886193267
eat,matthew,1,315,7337,0.0001362954886193267
eat,subject,1,316,7337,0.0001362954886193267
eat,graeme,1,317,7337,0.0001362954886193267
eat,stanley,1,318,7337,0.0001362954886193267
eat,eddie,1,319,7337,0.0001362954886193267
eat,friend,1,320,7337,0.0001362954886193267
eat,robert,1,321,7337,0.0001362954886193267
eat,cockroach,1,322,7337,0.0001362954886193267
eat,flower,1,323,7337,0.0001362954886193267
eat,dumbo,1,324,7337,0.0001362954886193267
eat,johnny,1,325,7337,0.0001362954886193267
take,you,2066,1,6276,0.32919056724028045
take,i,1242,2,6276,0.19789674952198852
take,we,648,3,6276,0.10325047801147227
take,he,337,4,6276,0.05369662205226259
take,us,249,5,6276,0.039674952198852774
take,it,238,6,6276,0.03792224346717655
take,she,194,7,6276,0.030911408540471638
take,they,172,8,6276,0.027405991077119184
take,who,129,9,6276,0.02055449330783939
take,mommy,91,10,6276,0.01449968132568515
take,wanna,79,11,6276,0.01258763543658381
take,daddy,48,12,6276,0.0076481835564053535
take,that,39,13,6276,0.00621414913957935
take,picture,21,14,6276,0.0033460803059273425
take,people,16,15,6276,0.0025493945188017845
take,lemme,16,16,6276,0.0025493945188017845
take,baby,15,17,6276,0.002390057361376673
take,ya,14,18,6276,0.0022307202039515616
take,somebody,14,19,6276,0.0022307202039515616
take,man,12,20,6276,0.0019120458891013384
take,hasta,11,21,6276,0.001752708731676227
take,what,11,22,6276,0.001752708731676227
take,lady,9,23,6276,0.0014340344168260039
take,mama,9,24,6276,0.0014340344168260039
take,andrew,9,25,6276,0.0014340344168260039
take,girl,9,26,6276,0.0014340344168260039
take,needta,8,27,6276,0.0012746972594008922
take,someone,8,28,6276,0.0012746972594008922
take,boy,8,29,6276,0.0012746972594008922
take,firstname,8,30,6276,0.0012746972594008922
take,guy,8,31,6276,0.0012746972594008922
take,bro,7,32,6276,0.0011153601019757808
take,mom,7,33,6276,0.0011153601019757808
take,child,6,34,6276,0.0009560229445506692
take,go,6,35,6276,0.0009560229445506692
take,sukey,6,36,6276,0.0009560229445506692
take,one,5,37,6276,0.0007966857871255577
take,everybody,5,38,6276,0.0007966857871255577
take,grandma,5,39,6276,0.0007966857871255577
take,hadta,5,40,6276,0.0007966857871255577
take,this,5,41,6276,0.0007966857871255577
take,god,5,42,6276,0.0007966857871255577
take,mother,5,43,6276,0.0007966857871255577
take,dog,5,44,6276,0.0007966857871255577
take,father,5,45,6276,0.0007966857871255577
take,nobody,4,46,6276,0.0006373486297004461
take,dad,4,47,6276,0.0006373486297004461
take,mommy'll,4,48,6276,0.0006373486297004461
take,thing,4,49,6276,0.0006373486297004461
take,paul,4,50,6276,0.0006373486297004461
take,cat,4,51,6276,0.0006373486297004461
take,bus,4,52,6276,0.0006373486297004461
take,chi,4,53,6276,0.0006373486297004461
take,crocodile,4,54,6276,0.0006373486297004461
take,your,4,55,6276,0.0006373486297004461
take,nina,4,56,6276,0.0006373486297004461
take,let,4,57,6276,0.0006373486297004461
take,peter,3,58,6276,0.0004780114722753346
take,daddy'll,3,59,6276,0.0004780114722753346
take,laura,3,60,6276,0.0004780114722753346
take,rooster,3,61,6276,0.0004780114722753346
take,sister,3,62,6276,0.0004780114722753346
take,adam,3,63,6276,0.0004780114722753346
take,doctor,3,64,6276,0.0004780114722753346
take,jack,3,65,6276,0.0004780114722753346
take,person,3,66,6276,0.0004780114722753346
take,sarah,3,67,6276,0.0004780114722753346
take,six,3,68,6276,0.0004780114722753346
take,farmer,3,69,6276,0.0004780114722753346
take,camera,3,70,6276,0.0004780114722753346
take,david,3,71,6276,0.0004780114722753346
take,ernie,3,72,6276,0.0004780114722753346
take,bear,3,73,6276,0.0004780114722753346
take,anybody,3,74,6276,0.0004780114722753346
take,kid,3,75,6276,0.0004780114722753346
take,oughta,3,76,6276,0.0004780114722753346
take,matthew,3,77,6276,0.0004780114722753346
take,old_farmer_gile,3,78,6276,0.0004780114722753346
take,ross,3,79,6276,0.0004780114722753346
take,travis,3,80,6276,0.0004780114722753346
take,nomi,3,81,6276,0.0004780114722753346
take,joseph,3,82,6276,0.0004780114722753346
take,becca,3,83,6276,0.0004780114722753346
take,nonna,3,84,6276,0.0004780114722753346
take,pierre,3,85,6276,0.0004780114722753346
take,police,3,86,6276,0.0004780114722753346
take,jason,3,87,6276,0.0004780114722753346
take,door,2,88,6276,0.00031867431485022306
take,airplane,2,89,6276,0.00031867431485022306
take,toy,2,90,6276,0.00031867431485022306
take,lois,2,91,6276,0.00031867431485022306
take,whoop,2,92,6276,0.00031867431485022306
take,friend,2,93,6276,0.00031867431485022306
take,jenny,2,94,6276,0.00031867431485022306
take,boat,2,95,6276,0.00031867431485022306
take,conversation,2,96,6276,0.00031867431485022306
take,mrs_gwww,2,97,6276,0.00031867431485022306
take,brisco,2,98,6276,0.00031867431485022306
take,pig,2,99,6276,0.00031867431485022306
take,carl,2,100,6276,0.00031867431485022306
take,eve,2,101,6276,0.00031867431485022306
take,no,2,102,6276,0.00031867431485022306
take,doggie,2,103,6276,0.00031867431485022306
take,catherine,2,104,6276,0.00031867431485022306
take,ursula,2,105,6276,0.00031867431485022306
take,nurse,2,106,6276,0.00031867431485022306
take,michael,2,107,6276,0.00031867431485022306
take,uncle_tommy,2,108,6276,0.00031867431485022306
take,tommy,2,109,6276,0.00031867431485022306
take,mumma,2,110,6276,0.00031867431485022306
take,mummy,2,111,6276,0.00031867431485022306
take,nana,2,112,6276,0.00031867431485022306
take,rat,2,113,6276,0.00031867431485022306
take,a,2,114,6276,0.00031867431485022306
take,uncle,2,115,6276,0.00031867431485022306
take,anna,2,116,6276,0.00031867431485022306
take,cow,2,117,6276,0.00031867431485022306
take,malcolm,2,118,6276,0.00031867431485022306
take,honey,2,119,6276,0.00031867431485022306
take,hansel,2,120,6276,0.00031867431485022306
take,dope,2,121,6276,0.00031867431485022306
take,everyone,2,122,6276,0.00031867431485022306
take,policeman,2,123,6276,0.00031867431485022306
take,school,2,124,6276,0.00031867431485022306
take,plane,2,125,6276,0.00031867431485022306
take,caitlin,2,126,6276,0.00031867431485022306
take,connie,2,127,6276,0.00031867431485022306
take,titus,2,128,6276,0.00031867431485022306
take,kalie,2,129,6276,0.00031867431485022306
take,train,2,130,6276,0.00031867431485022306
take,dingo,2,131,6276,0.00031867431485022306
take,mister,2,132,6276,0.00031867431485022306
take,mr,2,133,6276,0.00031867431485022306
take,hand,2,134,6276,0.00031867431485022306
take,duck,2,135,6276,0.00031867431485022306
take,james,2,136,6276,0.00031867431485022306
take,momma,2,137,6276,0.00031867431485022306
take,erin,2,138,6276,0.00031867431485022306
take,all,2,139,6276,0.00031867431485022306
take,tony,2,140,6276,0.00031867431485022306
take,harry,2,141,6276,0.00031867431485022306
take,dexter,2,142,6276,0.00031867431485022306
take,decky,2,143,6276,0.00031867431485022306
take,two,2,144,6276,0.00031867431485022306
take,graeme,2,145,6276,0.00031867431485022306
take,screwdriver,1,146,6276,0.00015933715742511153
take,pete,1,147,6276,0.00015933715742511153
take,horsie,1,148,6276,0.00015933715742511153
take,patsy,1,149,6276,0.00015933715742511153
take,lucy,1,150,6276,0.00015933715742511153
take,balloon,1,151,6276,0.00015933715742511153
take,truck,1,152,6276,0.00015933715742511153
take,mwww,1,153,6276,0.00015933715742511153
take,swww'll,1,154,6276,0.00015933715742511153
take,joanna,1,155,6276,0.00015933715742511153
take,trudie,1,156,6276,0.00015933715742511153
take,shoe,1,157,6276,0.00015933715742511153
take,artichoke,1,158,6276,0.00015933715742511153
take,morgan,1,159,6276,0.00015933715742511153
take,mandy,1,160,6276,0.00015933715742511153
take,egg,1,161,6276,0.00015933715742511153
take,weed,1,162,6276,0.00015933715742511153
take,terry,1,163,6276,0.00015933715742511153
take,tabitha,1,164,6276,0.00015933715742511153
take,dakota,1,165,6276,0.00015933715742511153
take,aladin,1,166,6276,0.00015933715742511153
take,jafar,1,167,6276,0.00015933715742511153
take,ali,1,168,6276,0.00015933715742511153
take,carpet,1,169,6276,0.00015933715742511153
take,path,1,170,6276,0.00015933715742511153
take,henry,1,171,6276,0.00015933715742511153
take,shoulda,1,172,6276,0.00015933715742511153
take,tigger,1,173,6276,0.00015933715742511153
take,defender,1,174,6276,0.00015933715742511153
take,dyeisha,1,175,6276,0.00015933715742511153
take,man_man,1,176,6276,0.00015933715742511153
take,suit,1,177,6276,0.00015933715742511153
take,temperature,1,178,6276,0.00015933715742511153
take,cromer,1,179,6276,0.00015933715742511153
take,brother,1,180,6276,0.00015933715742511153
take,bull,1,181,6276,0.00015933715742511153
take,ssh,1,182,6276,0.00015933715742511153
take,fraser,1,183,6276,0.00015933715742511153
take,bug,1,184,6276,0.00015933715742511153
take,kent,1,185,6276,0.00015933715742511153
take,georgie,1,186,6276,0.00015933715742511153
take,the,1,187,6276,0.00015933715742511153
take,any,1,188,6276,0.00015933715742511153
take,cousin,1,189,6276,0.00015933715742511153
take,place,1,190,6276,0.00015933715742511153
take,modesty,1,191,6276,0.00015933715742511153
take,lorraine,1,192,6276,0.00015933715742511153
take,betty,1,193,6276,0.00015933715742511153
take,world,1,194,6276,0.00015933715742511153
take,bozo'll,1,195,6276,0.00015933715742511153
take,judy,1,196,6276,0.00015933715742511153
take,five,1,197,6276,0.00015933715742511153
take,donna,1,198,6276,0.00015933715742511153
take,shem,1,199,6276,0.00015933715742511153
take,thief,1,200,6276,0.00015933715742511153
take,dudley,1,201,6276,0.00015933715742511153
take,ana,1,202,6276,0.00015933715742511153
take,nelly,1,203,6276,0.00015933715742511153
take,baker,1,204,6276,0.00015933715742511153
take,air,1,205,6276,0.00015933715742511153
take,wife,1,206,6276,0.00015933715742511153
take,recipe,1,207,6276,0.00015933715742511153
take,marty,1,208,6276,0.00015933715742511153
take,oliver,1,209,6276,0.00015933715742511153
take,cheryl,1,210,6276,0.00015933715742511153
take,elise,1,211,6276,0.00015933715742511153
take,ray,1,212,6276,0.00015933715742511153
take,nanette,1,213,6276,0.00015933715742511153
take,patricia,1,214,6276,0.00015933715742511153
take,zjroop,1,215,6276,0.00015933715742511153
take,pussycat,1,216,6276,0.00015933715742511153
take,dime,1,217,6276,0.00015933715742511153
take,motor,1,218,6276,0.00015933715742511153
take,milk,1,219,6276,0.00015933715742511153
take,thumper,1,220,6276,0.00015933715742511153
take,maria,1,221,6276,0.00015933715742511153
take,snort,1,222,6276,0.00015933715742511153
take,spinner,1,223,6276,0.00015933715742511153
take,owl,1,224,6276,0.00015933715742511153
take,messenger,1,225,6276,0.00015933715742511153
take,pan,1,226,6276,0.00015933715742511153
take,bumper,1,227,6276,0.00015933715742511153
take,great,1,228,6276,0.00015933715742511153
take,frosty,1,229,6276,0.00015933715742511153
take,gryphon,1,230,6276,0.00015933715742511153
take,marie,1,231,6276,0.00015933715742511153
take,tanya,1,232,6276,0.00015933715742511153
take,sis,1,233,6276,0.00015933715742511153
take,nope,1,234,6276,0.00015933715742511153
take,minnie,1,235,6276,0.00015933715742511153
take,imagination,1,236,6276,0.00015933715742511153
take,general,1,237,6276,0.00015933715742511153
take,mickey,1,238,6276,0.00015933715742511153
take,pascal,1,239,6276,0.00015933715742511153
take,robin,1,240,6276,0.00015933715742511153
take,grizzly,1,241,6276,0.00015933715742511153
take,broom,1,242,6276,0.00015933715742511153
take,food,1,243,6276,0.00015933715742511153
take,duke,1,244,6276,0.00015933715742511153
take,piggy,1,245,6276,0.00015933715742511153
take,auntie,1,246,6276,0.00015933715742511153
take,randy,1,247,6276,0.00015933715742511153
take,good,1,248,6276,0.00015933715742511153
take,yuck,1,249,6276,0.00015933715742511153
take,emily,1,250,6276,0.00015933715742511153
take,house,1,251,6276,0.00015933715742511153
take,magnet,1,252,6276,0.00015933715742511153
take,clydette,1,253,6276,0.00015933715742511153
take,volcano,1,254,6276,0.00015933715742511153
take,maureen,1,255,6276,0.00015933715742511153
take,potato,1,256,6276,0.00015933715742511153
take,nine,1,257,6276,0.00015933715742511153
take,tom,1,258,6276,0.00015933715742511153
take,yeh,1,259,6276,0.00015933715742511153
take,car,1,260,6276,0.00015933715742511153
take,boy'll,1,261,6276,0.00015933715742511153
take,gorilla,1,262,6276,0.00015933715742511153
take,workman,1,263,6276,0.00015933715742511153
take,chop_wood,1,264,6276,0.00015933715742511153
take,mean,1,265,6276,0.00015933715742511153
take,marky,1,266,6276,0.00015933715742511153
take,bread,1,267,6276,0.00015933715742511153
take,tiger,1,268,6276,0.00015933715742511153
take,ema,1,269,6276,0.00015933715742511153
take,jane,1,270,6276,0.00015933715742511153
take,cookie_monster,1,271,6276,0.00015933715742511153
take,sally,1,272,6276,0.00015933715742511153
take,megan,1,273,6276,0.00015933715742511153
take,wolf,1,274,6276,0.00015933715742511153
take,puppy,1,275,6276,0.00015933715742511153
take,kit,1,276,6276,0.00015933715742511153
take,hers,1,277,6276,0.00015933715742511153
take,bird,1,278,6276,0.00015933715742511153
take,hafta,1,279,6276,0.00015933715742511153
take,baaee,1,280,6276,0.00015933715742511153
take,family,1,281,6276,0.00015933715742511153
take,smiley,1,282,6276,0.00015933715742511153
take,blitzen,1,283,6276,0.00015933715742511153
take,lamb,1,284,6276,0.00015933715742511153
take,horse,1,285,6276,0.00015933715742511153
take,hippopotamus,1,286,6276,0.00015933715742511153
take,leah,1,287,6276,0.00015933715742511153
take,bunny,1,288,6276,0.00015933715742511153
take,joanne,1,289,6276,0.00015933715742511153
take,noah,1,290,6276,0.00015933715742511153
take,oma,1,291,6276,0.00015933715742511153
take,husband,1,292,6276,0.00015933715742511153
take,observer,1,293,6276,0.00015933715742511153
take,teacher,1,294,6276,0.00015933715742511153
take,tooth,1,295,6276,0.00015933715742511153
take,santaclaus,1,296,6276,0.00015933715742511153
take,angela,1,297,6276,0.00015933715742511153
take,poppel,1,298,6276,0.00015933715742511153
take,phone,1,299,6276,0.00015933715742511153
take,bed,1,300,6276,0.00015933715742511153
take,useta,1,301,6276,0.00015933715742511153
take,monster,1,302,6276,0.00015933715742511153
take,emma,1,303,6276,0.00015933715742511153
take,babysitter,1,304,6276,0.00015933715742511153
take,dinosaur,1,305,6276,0.00015933715742511153
take,zurg,1,306,6276,0.00015933715742511153
take,toe,1,307,6276,0.00015933715742511153
take,island,1,308,6276,0.00015933715742511153
take,some,1,309,6276,0.00015933715742511153
take,stick,1,310,6276,0.00015933715742511153
take,roman,1,311,6276,0.00015933715742511153
take,stomach,1,312,6276,0.00015933715742511153
take,stuff,1,313,6276,0.00015933715742511153
take,brett,1,314,6276,0.00015933715742511153
take,table,1,315,6276,0.00015933715742511153
take,anything,1,316,6276,0.00015933715742511153
take,dex,1,317,6276,0.00015933715742511153
take,naw,1,318,6276,0.00015933715742511153
take,twelve,1,319,6276,0.00015933715742511153
take,johnathan,1,320,6276,0.00015933715742511153
take,mm,1,321,6276,0.00015933715742511153
take,anyone,1,322,6276,0.00015933715742511153
take,maurice,1,323,6276,0.00015933715742511153
take,remi,1,324,6276,0.00015933715742511153
take,keisha,1,325,6276,0.00015933715742511153
take,kim,1,326,6276,0.00015933715742511153
take,jones,1,327,6276,0.00015933715742511153
take,tyrone,1,328,6276,0.00015933715742511153
take,patrick,1,329,6276,0.00015933715742511153
take,barry,1,330,6276,0.00015933715742511153
take,yoyo,1,331,6276,0.00015933715742511153
take,roland,1,332,6276,0.00015933715742511153
take,daughter,1,333,6276,0.00015933715742511153
take,doreen,1,334,6276,0.00015933715742511153
take,monique,1,335,6276,0.00015933715742511153
take,three,1,336,6276,0.00015933715742511153
take,side,1,337,6276,0.00015933715742511153
take,perry,1,338,6276,0.00015933715742511153
take,tunnel,1,339,6276,0.00015933715742511153
take,bambi,1,340,6276,0.00015933715742511153
take,zoe,1,341,6276,0.00015933715742511153
take,meike,1,342,6276,0.00015933715742511153
take,asher,1,343,6276,0.00015933715742511153
take,gregory,1,344,6276,0.00015933715742511153
take,steven,1,345,6276,0.00015933715742511153
take,candle,1,346,6276,0.00015933715742511153
take,moon,1,347,6276,0.00015933715742511153
take,business,1,348,6276,0.00015933715742511153
take,karen,1,349,6276,0.00015933715742511153
take,william,1,350,6276,0.00015933715742511153
take,cockroach,1,351,6276,0.00015933715742511153
take,haha,1,352,6276,0.00015933715742511153
play,you,2244,1,5671,0.39569740786457414
play,we,800,2,5671,0.14106859460412627
play,i,398,3,5671,0.07018162581555282
play,he,328,4,5671,0.057838123787691764
play,wanna,276,5,5671,0.04866866513842356
play,us,270,6,5671,0.04761065067889261
play,they,217,7,5671,0.03826485628636925
play,she,206,8,5671,0.03632516311056251
play,who,203,9,5671,0.035796155880797036
play,it,53,10,5671,0.009345794392523364
play,guy,31,11,5671,0.0054664080409098925
play,no,27,12,5671,0.004761065067889261
play,girl,25,13,5671,0.004408393581378946
play,daddy,24,14,5671,0.004232057838123787
play,boy,23,15,5671,0.00405572209486863
play,that,22,16,5671,0.003879386351613472
play,people,17,17,5671,0.002997707635337683
play,child,16,18,5671,0.002821371892082525
play,firstname,15,19,5671,0.0026450361488273674
play,ya,13,20,5671,0.0022923646623170518
play,baby,13,21,5671,0.0022923646623170518
play,judy,11,22,5671,0.001939693175806736
play,anybody,11,23,5671,0.001939693175806736
play,mommy,11,24,5671,0.001939693175806736
play,kid,9,25,5671,0.0015870216892964204
play,somebody,8,26,5671,0.0014106859460412625
play,jenny,7,27,5671,0.0012343502027861047
play,sally,7,28,5671,0.0012343502027861047
play,nina,7,29,5671,0.0012343502027861047
play,paul,6,30,5671,0.0010580144595309468
play,mama,6,31,5671,0.0010580144595309468
play,elephant,6,32,5671,0.0010580144595309468
play,some,6,33,5671,0.0010580144595309468
play,chi,6,34,5671,0.0010580144595309468
play,someone,5,35,5671,0.0008816787162757891
play,adam,5,36,5671,0.0008816787162757891
play,brother,5,37,5671,0.0008816787162757891
play,cat,5,38,5671,0.0008816787162757891
play,kitty,4,39,5671,0.0007053429730206313
play,fiddler_cat,4,40,5671,0.0007053429730206313
play,melissa,4,41,5671,0.0007053429730206313
play,brittany,4,42,5671,0.0007053429730206313
play,kitten,3,43,5671,0.0005290072297654734
play,a_lot_of,3,44,5671,0.0005290072297654734
play,peter,3,45,5671,0.0005290072297654734
play,lois,3,46,5671,0.0005290072297654734
play,morgan,3,47,5671,0.0005290072297654734
play,one,3,48,5671,0.0005290072297654734
play,timmy,3,49,5671,0.0005290072297654734
play,sister,3,50,5671,0.0005290072297654734
play,sarah,3,51,5671,0.0005290072297654734
play,shem,3,52,5671,0.0005290072297654734
play,what,3,53,5671,0.0005290072297654734
play,let,3,54,5671,0.0005290072297654734
play,friend,3,55,5671,0.0005290072297654734
play,music,3,56,5671,0.0005290072297654734
play,puppy,3,57,5671,0.0005290072297654734
play,ross,3,58,5671,0.0005290072297654734
play,travis,3,59,5671,0.0005290072297654734
play,nomi,3,60,5671,0.0005290072297654734
play,musician,3,61,5671,0.0005290072297654734
play,sophie,3,62,5671,0.0005290072297654734
play,michael,3,63,5671,0.0005290072297654734
play,miffy,2,64,5671,0.00035267148651031563
play,toy,2,65,5671,0.00035267148651031563
play,lot,2,66,5671,0.00035267148651031563
play,pete,2,67,5671,0.00035267148651031563
play,patsy,2,68,5671,0.00035267148651031563
play,mum,2,69,5671,0.00035267148651031563
play,man,2,70,5671,0.00035267148651031563
play,hand,2,71,5671,0.00035267148651031563
play,fuzzy_tail_lamb,2,72,5671,0.00035267148651031563
play,tabitha,2,73,5671,0.00035267148651031563
play,piglet,2,74,5671,0.00035267148651031563
play,henry,2,75,5671,0.00035267148651031563
play,record,2,76,5671,0.00035267148651031563
play,tape,2,77,5671,0.00035267148651031563
play,diandra,2,78,5671,0.00035267148651031563
play,david,2,79,5671,0.00035267148651031563
play,seal,2,80,5671,0.00035267148651031563
play,lady,2,81,5671,0.00035267148651031563
play,grandma,2,82,5671,0.00035267148651031563
play,nobody,2,83,5671,0.00035267148651031563
play,everybody,2,84,5671,0.00035267148651031563
play,malcolm,2,85,5671,0.00035267148651031563
play,which,2,86,5671,0.00035267148651031563
play,honey,2,87,5671,0.00035267148651031563
play,yeh,2,88,5671,0.00035267148651031563
play,dog,2,89,5671,0.00035267148651031563
play,krystal,2,90,5671,0.00035267148651031563
play,something,2,91,5671,0.00035267148651031563
play,buddy,2,92,5671,0.00035267148651031563
play,megan,2,93,5671,0.00035267148651031563
play,katie,2,94,5671,0.00035267148651031563
play,flower,2,95,5671,0.00035267148651031563
play,band,2,96,5671,0.00035267148651031563
play,joseph,2,97,5671,0.00035267148651031563
play,spencer,2,98,5671,0.00035267148651031563
play,gary,2,99,5671,0.00035267148651031563
play,jeff,2,100,5671,0.00035267148651031563
play,shalom,2,101,5671,0.00035267148651031563
play,james,2,102,5671,0.00035267148651031563
play,monster,2,103,5671,0.00035267148651031563
play,woody,2,104,5671,0.00035267148651031563
play,useta,2,105,5671,0.00035267148651031563
play,this,2,106,5671,0.00035267148651031563
play,tony,2,107,5671,0.00035267148651031563
play,bobby,2,108,5671,0.00035267148651031563
play,samantha,2,109,5671,0.00035267148651031563
play,downstairs,1,110,5671,0.00017633574325515782
play,richard,1,111,5671,0.00017633574325515782
play,her,1,112,5671,0.00017633574325515782
play,jennifer,1,113,5671,0.00017633574325515782
play,yours,1,114,5671,0.00017633574325515782
play,lucy,1,115,5671,0.00017633574325515782
play,susie,1,116,5671,0.00017633574325515782
play,your,1,117,5671,0.00017633574325515782
play,nathaniel,1,118,5671,0.00017633574325515782
play,dwww,1,119,5671,0.00017633574325515782
play,laura,1,120,5671,0.00017633574325515782
play,peanut,1,121,5671,0.00017633574325515782
play,noone,1,122,5671,0.00017633574325515782
play,go,1,123,5671,0.00017633574325515782
play,cymbal,1,124,5671,0.00017633574325515782
play,dolphin,1,125,5671,0.00017633574325515782
play,sean,1,126,5671,0.00017633574325515782
play,pan,1,127,5671,0.00017633574325515782
play,alexander,1,128,5671,0.00017633574325515782
play,bear,1,129,5671,0.00017633574325515782
play,lamb,1,130,5671,0.00017633574325515782
play,hasta,1,131,5671,0.00017633574325515782
play,taxi,1,132,5671,0.00017633574325515782
play,roo,1,133,5671,0.00017633574325515782
play,none,1,134,5671,0.00017633574325515782
play,whatcha,1,135,5671,0.00017633574325515782
play,many,1,136,5671,0.00017633574325515782
play,kitchen,1,137,5671,0.00017633574325515782
play,doggie,1,138,5671,0.00017633574325515782
play,needta,1,139,5671,0.00017633574325515782
play,greenjeans,1,140,5671,0.00017633574325515782
play,ursula,1,141,5671,0.00017633574325515782
play,eve,1,142,5671,0.00017633574325515782
play,kent,1,143,5671,0.00017633574325515782
play,shindig,1,144,5671,0.00017633574325515782
play,patty,1,145,5671,0.00017633574325515782
play,mark,1,146,5671,0.00017633574325515782
play,school,1,147,5671,0.00017633574325515782
play,alligator,1,148,5671,0.00017633574325515782
play,game,1,149,5671,0.00017633574325515782
play,thing,1,150,5671,0.00017633574325515782
play,pom,1,151,5671,0.00017633574325515782
play,news,1,152,5671,0.00017633574325515782
play,fish,1,153,5671,0.00017633574325515782
play,nigerski,1,154,5671,0.00017633574325515782
play,trevor,1,155,5671,0.00017633574325515782
play,grampa,1,156,5671,0.00017633574325515782
play,animal,1,157,5671,0.00017633574325515782
play,raccoon,1,158,5671,0.00017633574325515782
play,papa,1,159,5671,0.00017633574325515782
play,adult,1,160,5671,0.00017633574325515782
play,all,1,161,5671,0.00017633574325515782
play,family,1,162,5671,0.00017633574325515782
play,truck,1,163,5671,0.00017633574325515782
play,andy,1,164,5671,0.00017633574325515782
play,janet,1,165,5671,0.00017633574325515782
play,matty,1,166,5671,0.00017633574325515782
play,usher,1,167,5671,0.00017633574325515782
play,rebel,1,168,5671,0.00017633574325515782
play,robbie,1,169,5671,0.00017633574325515782
play,thumper,1,170,5671,0.00017633574325515782
play,organ,1,171,5671,0.00017633574325515782
play,grandson,1,172,5671,0.00017633574325515782
play,reindeer,1,173,5671,0.00017633574325515782
play,rudolf,1,174,5671,0.00017633574325515782
play,another,1,175,5671,0.00017633574325515782
play,wes,1,176,5671,0.00017633574325515782
play,kim,1,177,5671,0.00017633574325515782
play,arlo,1,178,5671,0.00017633574325515782
play,nicholas,1,179,5671,0.00017633574325515782
play,bird,1,180,5671,0.00017633574325515782
play,sox,1,181,5671,0.00017633574325515782
play,bunch,1,182,5671,0.00017633574325515782
play,wan,1,183,5671,0.00017633574325515782
play,cinderella,1,184,5671,0.00017633574325515782
play,april,1,185,5671,0.00017633574325515782
play,doll,1,186,5671,0.00017633574325515782
play,soldier,1,187,5671,0.00017633574325515782
play,lou,1,188,5671,0.00017633574325515782
play,ghost,1,189,5671,0.00017633574325515782
play,yep,1,190,5671,0.00017633574325515782
play,ronald,1,191,5671,0.00017633574325515782
play,jason,1,192,5671,0.00017633574325515782
play,mot,1,193,5671,0.00017633574325515782
play,ellen,1,194,5671,0.00017633574325515782
play,roy'll,1,195,5671,0.00017633574325515782
play,abe,1,196,5671,0.00017633574325515782
play,dallas,1,197,5671,0.00017633574325515782
play,matt,1,198,5671,0.00017633574325515782
play,juice,1,199,5671,0.00017633574325515782
play,teddy,1,200,5671,0.00017633574325515782
play,norman,1,201,5671,0.00017633574325515782
play,terry,1,202,5671,0.00017633574325515782
play,puppys,1,203,5671,0.00017633574325515782
play,cookie,1,204,5671,0.00017633574325515782
play,matthew,1,205,5671,0.00017633574325515782
play,comb,1,206,5671,0.00017633574325515782
play,salley,1,207,5671,0.00017633574325515782
play,skunk,1,208,5671,0.00017633574325515782
play,both,1,209,5671,0.00017633574325515782
play,pig,1,210,5671,0.00017633574325515782
play,sister'll,1,211,5671,0.00017633574325515782
play,todd,1,212,5671,0.00017633574325515782
play,naomi,1,213,5671,0.00017633574325515782
play,kimberly,1,214,5671,0.00017633574325515782
play,tuba,1,215,5671,0.00017633574325515782
play,day,1,216,5671,0.00017633574325515782
play,meredith,1,217,5671,0.00017633574325515782
play,turkle,1,218,5671,0.00017633574325515782
play,catherine,1,219,5671,0.00017633574325515782
play,daddy'll,1,220,5671,0.00017633574325515782
play,op,1,221,5671,0.00017633574325515782
play,bunny,1,222,5671,0.00017633574325515782
play,rabbit,1,223,5671,0.00017633574325515782
play,owl,1,224,5671,0.00017633574325515782
play,becca,1,225,5671,0.00017633574325515782
play,leila,1,226,5671,0.00017633574325515782
play,worm,1,227,5671,0.00017633574325515782
play,becky,1,228,5671,0.00017633574325515782
play,joe,1,229,5671,0.00017633574325515782
play,miranda,1,230,5671,0.00017633574325515782
play,mouse,1,231,5671,0.00017633574325515782
play,parent,1,232,5671,0.00017633574325515782
play,poppa,1,233,5671,0.00017633574325515782
play,investigator,1,234,5671,0.00017633574325515782
play,come_on,1,235,5671,0.00017633574325515782
play,kelly,1,236,5671,0.00017633574325515782
play,jessie,1,237,5671,0.00017633574325515782
play,tracy,1,238,5671,0.00017633574325515782
play,drew,1,239,5671,0.00017633574325515782
play,wolfy,1,240,5671,0.00017633574325515782
play,uncle_david,1,241,5671,0.00017633574325515782
play,emily,1,242,5671,0.00017633574325515782
play,avril,1,243,5671,0.00017633574325515782
play,jilly,1,244,5671,0.00017633574325515782
play,erin,1,245,5671,0.00017633574325515782
play,play,1,246,5671,0.00017633574325515782
play,potter,1,247,5671,0.00017633574325515782
play,roman,1,248,5671,0.00017633574325515782
play,brett,1,249,5671,0.00017633574325515782
play,chris,1,250,5671,0.00017633574325515782
play,johnathan,1,251,5671,0.00017633574325515782
play,piano,1,252,5671,0.00017633574325515782
play,tunde,1,253,5671,0.00017633574325515782
play,renida,1,254,5671,0.00017633574325515782
play,robert,1,255,5671,0.00017633574325515782
play,knicks,1,256,5671,0.00017633574325515782
play,two,1,257,5671,0.00017633574325515782
play,patrick,1,258,5671,0.00017633574325515782
play,everyone,1,259,5671,0.00017633574325515782
play,deer,1,260,5671,0.00017633574325515782
play,gabriel,1,261,5671,0.00017633574325515782
play,brain,1,262,5671,0.00017633574325515782
play,time,1,263,5671,0.00017633574325515782
play,chair,1,264,5671,0.00017633574325515782
play,jack,1,265,5671,0.00017633574325515782
play,hymie,1,266,5671,0.00017633574325515782
play,phillipe,1,267,5671,0.00017633574325515782
tell,you,2638,1,5096,0.5176609105180534
tell,i,1207,2,5096,0.23685243328100472
tell,she,161,3,5096,0.03159340659340659
tell,he,160,4,5096,0.03139717425431711
tell,we,112,5,5096,0.02197802197802198
tell,wanna,85,6,5096,0.016679748822605967
tell,they,60,7,5096,0.011773940345368918
tell,who,53,8,5096,0.010400313971742544
tell,it,38,9,5096,0.007456828885400314
tell,mommy,30,10,5096,0.005886970172684459
tell,daddy,29,11,5096,0.005690737833594976
tell,that,18,12,5096,0.003532182103610675
tell,mother,15,13,5096,0.0029434850863422294
tell,ya,13,14,5096,0.002551020408163265
tell,somebody,12,15,5096,0.002354788069073783
tell,chi,12,16,5096,0.002354788069073783
tell,mama,10,17,5096,0.0019623233908948193
tell,mom,10,18,5096,0.0019623233908948193
tell,teacher,9,19,5096,0.0017660910518053376
tell,us,8,20,5096,0.0015698587127158557
tell,child,8,21,5096,0.0015698587127158557
tell,laura,7,22,5096,0.0013736263736263737
tell,one,7,23,5096,0.0013736263736263737
tell,bible,7,24,5096,0.0013736263736263737
tell,roman,7,25,5096,0.0013736263736263737
tell,adam,6,26,5096,0.0011773940345368916
tell,abe,6,27,5096,0.0011773940345368916
tell,nomi,6,28,5096,0.0011773940345368916
tell,anybody,5,29,5096,0.0009811616954474097
tell,girl,5,30,5096,0.0009811616954474097
tell,shem,5,31,5096,0.0009811616954474097
tell,grandma,5,32,5096,0.0009811616954474097
tell,peter,4,33,5096,0.0007849293563579278
tell,this,4,34,5096,0.0007849293563579278
tell,what,4,35,5096,0.0007849293563579278
tell,donna,4,36,5096,0.0007849293563579278
tell,john,4,37,5096,0.0007849293563579278
tell,book,4,38,5096,0.0007849293563579278
tell,laurie,4,39,5096,0.0007849293563579278
tell,nana,3,40,5096,0.0005886970172684458
tell,jesus,3,41,5096,0.0005886970172684458
tell,momma,3,42,5096,0.0005886970172684458
tell,sarah,3,43,5096,0.0005886970172684458
tell,honey,3,44,5096,0.0005886970172684458
tell,something,3,45,5096,0.0005886970172684458
tell,guy,3,46,5096,0.0005886970172684458
tell,policeman,3,47,5096,0.0005886970172684458
tell,wendy,3,48,5096,0.0005886970172684458
tell,maria,3,49,5096,0.0005886970172684458
tell,someone,3,50,5096,0.0005886970172684458
tell,anything,3,51,5096,0.0005886970172684458
tell,george,3,52,5096,0.0005886970172684458
tell,stepmother,3,53,5096,0.0005886970172684458
tell,nina,3,54,5096,0.0005886970172684458
tell,katy,3,55,5096,0.0005886970172684458
tell,matty,3,56,5096,0.0005886970172684458
tell,steven,3,57,5096,0.0005886970172684458
tell,doctor,2,58,5096,0.0003924646781789639
tell,story,2,59,5096,0.0003924646781789639
tell,buzz,2,60,5096,0.0003924646781789639
tell,fraser,2,61,5096,0.0003924646781789639
tell,mummy,2,62,5096,0.0003924646781789639
tell,ann_marie,2,63,5096,0.0003924646781789639
tell,hafta,2,64,5096,0.0003924646781789639
tell,melissa,2,65,5096,0.0003924646781789639
tell,hadta,2,66,5096,0.0003924646781789639
tell,marty,2,67,5096,0.0003924646781789639
tell,katie,2,68,5096,0.0003924646781789639
tell,ann,2,69,5096,0.0003924646781789639
tell,color,2,70,5096,0.0003924646781789639
tell,andy,2,71,5096,0.0003924646781789639
tell,michael,2,72,5096,0.0003924646781789639
tell,janet,2,73,5096,0.0003924646781789639
tell,nelson,2,74,5096,0.0003924646781789639
tell,godmother,2,75,5096,0.0003924646781789639
tell,nobody,2,76,5096,0.0003924646781789639
tell,papa,2,77,5096,0.0003924646781789639
tell,friend,2,78,5096,0.0003924646781789639
tell,cow,2,79,5096,0.0003924646781789639
tell,ernie,2,80,5096,0.0003924646781789639
tell,lou,2,81,5096,0.0003924646781789639
tell,which,2,82,5096,0.0003924646781789639
tell,boy,2,83,5096,0.0003924646781789639
tell,hon,2,84,5096,0.0003924646781789639
tell,ross,2,85,5096,0.0003924646781789639
tell,nathaniel,2,86,5096,0.0003924646781789639
tell,sign,2,87,5096,0.0003924646781789639
tell,hasta,2,88,5096,0.0003924646781789639
tell,name,2,89,5096,0.0003924646781789639
tell,maggie,2,90,5096,0.0003924646781789639
tell,nonna,2,91,5096,0.0003924646781789639
tell,barbara,2,92,5096,0.0003924646781789639
tell,father,2,93,5096,0.0003924646781789639
tell,grammy,2,94,5096,0.0003924646781789639
tell,jillian,2,95,5096,0.0003924646781789639
tell,kip,2,96,5096,0.0003924646781789639
tell,remi,2,97,5096,0.0003924646781789639
tell,derwood,2,98,5096,0.0003924646781789639
tell,abc,2,99,5096,0.0003924646781789639
tell,carp,2,100,5096,0.0003924646781789639
tell,nan,1,101,5096,0.00019623233908948196
tell,brown,1,102,5096,0.00019623233908948196
tell,patsy,1,103,5096,0.00019623233908948196
tell,baxter,1,104,5096,0.00019623233908948196
tell,yo,1,105,5096,0.00019623233908948196
tell,jwww,1,106,5096,0.00019623233908948196
tell,puppet,1,107,5096,0.00019623233908948196
tell,water,1,108,5096,0.00019623233908948196
tell,mandy,1,109,5096,0.00019623233908948196
tell,sultan,1,110,5096,0.00019623233908948196
tell,aladin,1,111,5096,0.00019623233908948196
tell,god,1,112,5096,0.00019623233908948196
tell,serpent,1,113,5096,0.00019623233908948196
tell,see,1,114,5096,0.00019623233908948196
tell,woody,1,115,5096,0.00019623233908948196
tell,shoulda,1,116,5096,0.00019623233908948196
tell,baby,1,117,5096,0.00019623233908948196
tell,whistle,1,118,5096,0.00019623233908948196
tell,statue,1,119,5096,0.00019623233908948196
tell,robin,1,120,5096,0.00019623233908948196
tell,eve,1,121,5096,0.00019623233908948196
tell,kitty,1,122,5096,0.00019623233908948196
tell,mike,1,123,5096,0.00019623233908948196
tell,tootsie+roll,1,124,5096,0.00019623233908948196
tell,bam_bam,1,125,5096,0.00019623233908948196
tell,bugs,1,126,5096,0.00019623233908948196
tell,eye,1,127,5096,0.00019623233908948196
tell,gigi,1,128,5096,0.00019623233908948196
tell,cousin,1,129,5096,0.00019623233908948196
tell,esther,1,130,5096,0.00019623233908948196
tell,black,1,131,5096,0.00019623233908948196
tell,whisker,1,132,5096,0.00019623233908948196
tell,beaudeaux,1,133,5096,0.00019623233908948196
tell,yours,1,134,5096,0.00019623233908948196
tell,oop,1,135,5096,0.00019623233908948196
tell,cookie,1,136,5096,0.00019623233908948196
tell,compass,1,137,5096,0.00019623233908948196
tell,dad,1,138,5096,0.00019623233908948196
tell,carrot,1,139,5096,0.00019623233908948196
tell,abba,1,140,5096,0.00019623233908948196
tell,hossefatt,1,141,5096,0.00019623233908948196
tell,victor,1,142,5096,0.00019623233908948196
tell,lesley,1,143,5096,0.00019623233908948196
tell,judy,1,144,5096,0.00019623233908948196
tell,courage,1,145,5096,0.00019623233908948196
tell,mariana,1,146,5096,0.00019623233908948196
tell,help,1,147,5096,0.00019623233908948196
tell,keets,1,148,5096,0.00019623233908948196
tell,oliver,1,149,5096,0.00019623233908948196
tell,monster,1,150,5096,0.00019623233908948196
tell,fairy,1,151,5096,0.00019623233908948196
tell,claude,1,152,5096,0.00019623233908948196
tell,mouse,1,153,5096,0.00019623233908948196
tell,alice,1,154,5096,0.00019623233908948196
tell,white,1,155,5096,0.00019623233908948196
tell,arlo,1,156,5096,0.00019623233908948196
tell,fish,1,157,5096,0.00019623233908948196
tell,wan,1,158,5096,0.00019623233908948196
tell,jenny,1,159,5096,0.00019623233908948196
tell,jessica,1,160,5096,0.00019623233908948196
tell,all,1,161,5096,0.00019623233908948196
tell,poppy,1,162,5096,0.00019623233908948196
tell,mary,1,163,5096,0.00019623233908948196
tell,april,1,164,5096,0.00019623233908948196
tell,people,1,165,5096,0.00019623233908948196
tell,driver,1,166,5096,0.00019623233908948196
tell,paula,1,167,5096,0.00019623233908948196
tell,grm,1,168,5096,0.00019623233908948196
tell,sabato,1,169,5096,0.00019623233908948196
tell,person,1,170,5096,0.00019623233908948196
tell,mot,1,171,5096,0.00019623233908948196
tell,owl,1,172,5096,0.00019623233908948196
tell,sailor,1,173,5096,0.00019623233908948196
tell,cheese,1,174,5096,0.00019623233908948196
tell,lady,1,175,5096,0.00019623233908948196
tell,anne,1,176,5096,0.00019623233908948196
tell,tom,1,177,5096,0.00019623233908948196
tell,david,1,178,5096,0.00019623233908948196
tell,number,1,179,5096,0.00019623233908948196
tell,bro,1,180,5096,0.00019623233908948196
tell,sis,1,181,5096,0.00019623233908948196
tell,anabella,1,182,5096,0.00019623233908948196
tell,needta,1,183,5096,0.00019623233908948196
tell,fat,1,184,5096,0.00019623233908948196
tell,talk,1,185,5096,0.00019623233908948196
tell,part,1,186,5096,0.00019623233908948196
tell,cou,1,187,5096,0.00019623233908948196
tell,people've,1,188,5096,0.00019623233908948196
tell,jerry,1,189,5096,0.00019623233908948196
tell,kathy,1,190,5096,0.00019623233908948196
tell,warden,1,191,5096,0.00019623233908948196
tell,hood,1,192,5096,0.00019623233908948196
tell,animal,1,193,5096,0.00019623233908948196
tell,instruction,1,194,5096,0.00019623233908948196
tell,mind,1,195,5096,0.00019623233908948196
tell,dog,1,196,5096,0.00019623233908948196
tell,commercial,1,197,5096,0.00019623233908948196
tell,barb,1,198,5096,0.00019623233908948196
tell,rider,1,199,5096,0.00019623233908948196
tell,jan,1,200,5096,0.00019623233908948196
tell,olsen,1,201,5096,0.00019623233908948196
tell,liam,1,202,5096,0.00019623233908948196
tell,letter,1,203,5096,0.00019623233908948196
tell,weener,1,204,5096,0.00019623233908948196
tell,go,1,205,5096,0.00019623233908948196
tell,green,1,206,5096,0.00019623233908948196
tell,brittany,1,207,5096,0.00019623233908948196
tell,kalie,1,208,5096,0.00019623233908948196
tell,scott,1,209,5096,0.00019623233908948196
tell,sweetheart,1,210,5096,0.00019623233908948196
tell,jen,1,211,5096,0.00019623233908948196
tell,naomi,1,212,5096,0.00019623233908948196
tell,kid,1,213,5096,0.00019623233908948196
tell,henry,1,214,5096,0.00019623233908948196
tell,bruce,1,215,5096,0.00019623233908948196
tell,clock,1,216,5096,0.00019623233908948196
tell,joseph,1,217,5096,0.00019623233908948196
tell,annette,1,218,5096,0.00019623233908948196
tell,linda,1,219,5096,0.00019623233908948196
tell,raggedy_ann,1,220,5096,0.00019623233908948196
tell,wood,1,221,5096,0.00019623233908948196
tell,gary,1,222,5096,0.00019623233908948196
tell,virginia,1,223,5096,0.00019623233908948196
tell,projectdirector,1,224,5096,0.00019623233908948196
tell,rogers,1,225,5096,0.00019623233908948196
tell,truck,1,226,5096,0.00019623233908948196
tell,investigator,1,227,5096,0.00019623233908948196
tell,shea,1,228,5096,0.00019623233908948196
tell,mr,1,229,5096,0.00019623233908948196
tell,susan,1,230,5096,0.00019623233908948196
tell,frog,1,231,5096,0.00019623233908948196
tell,emmy,1,232,5096,0.00019623233908948196
tell,emily,1,233,5096,0.00019623233908948196
tell,doggie,1,234,5096,0.00019623233908948196
tell,picnic,1,235,5096,0.00019623233908948196
tell,erin,1,236,5096,0.00019623233908948196
tell,vader,1,237,5096,0.00019623233908948196
tell,tarantula,1,238,5096,0.00019623233908948196
tell,joke,1,239,5096,0.00019623233908948196
tell,map,1,240,5096,0.00019623233908948196
tell,bert,1,241,5096,0.00019623233908948196
tell,matter,1,242,5096,0.00019623233908948196
tell,picture,1,243,5096,0.00019623233908948196
tell,lemon,1,244,5096,0.00019623233908948196
tell,computer,1,245,5096,0.00019623233908948196
tell,in_order_to,1,246,5096,0.00019623233908948196
tell,eddie,1,247,5096,0.00019623233908948196
tell,page,1,248,5096,0.00019623233908948196
tell,anyone,1,249,5096,0.00019623233908948196
tell,jasper,1,250,5096,0.00019623233908948196
tell,mia,1,251,5096,0.00019623233908948196
tell,watch,1,252,5096,0.00019623233908948196
tell,lashawn,1,253,5096,0.00019623233908948196
tell,kim,1,254,5096,0.00019623233908948196
tell,anthony,1,255,5096,0.00019623233908948196
tell,keisha,1,256,5096,0.00019623233908948196
tell,mann,1,257,5096,0.00019623233908948196
tell,coming,1,258,5096,0.00019623233908948196
tell,roland,1,259,5096,0.00019623233908948196
tell,let,1,260,5096,0.00019623233908948196
tell,graeme,1,261,5096,0.00019623233908948196
tell,matthew,1,262,5096,0.00019623233908948196
tell,gabriella,1,263,5096,0.00019623233908948196
tell,robbie,1,264,5096,0.00019623233908948196
tell,debbie,1,265,5096,0.00019623233908948196
tell,everybody,1,266,5096,0.00019623233908948196
tell,face,1,267,5096,0.00019623233908948196
tell,thirty,1,268,5096,0.00019623233908948196
tell,bern,1,269,5096,0.00019623233908948196
tell,micdalia,1,270,5096,0.00019623233908948196
tell,karen,1,271,5096,0.00019623233908948196
tell,chantell,1,272,5096,0.00019623233908948196
tell,margie,1,273,5096,0.00019623233908948196
tell,bapo,1,274,5096,0.00019623233908948196
happen,what,4113,1,4622,0.8898745131977499
happen,that,216,2,4622,0.04673301601038511
happen,it,92,3,4622,0.0199048031155344
happen,something,46,4,4622,0.0099524015577672
happen,nothing,28,5,4622,0.006057983556901774
happen,this,15,6,4622,0.003245348334054522
happen,anything,15,7,4622,0.003245348334054522
happen,thing,14,8,4622,0.003028991778450887
happen,i,13,9,4622,0.0028126352228472523
happen,you,7,10,4622,0.0015144958892254435
happen,all,4,11,4622,0.0008654262224145391
happen,laura,3,12,4622,0.0006490696668109044
happen,we,3,13,4622,0.0006490696668109044
happen,everything,3,14,4622,0.0006490696668109044
happen,chi,3,15,4622,0.0006490696668109044
happen,bed,2,16,4622,0.00043271311120726956
happen,honey,2,17,4622,0.00043271311120726956
happen,who,2,18,4622,0.00043271311120726956
happen,which,2,19,4622,0.00043271311120726956
happen,abe,2,20,4622,0.00043271311120726956
happen,dream,2,21,4622,0.00043271311120726956
happen,ross,2,22,4622,0.00043271311120726956
happen,so_that,2,23,4622,0.00043271311120726956
happen,whatever,2,24,4622,0.00043271311120726956
happen,more,1,25,4622,0.00021635655560363478
happen,house,1,26,4622,0.00021635655560363478
happen,bike,1,27,4622,0.00021635655560363478
happen,accident,1,28,4622,0.00021635655560363478
happen,go,1,29,4622,0.00021635655560363478
happen,screw,1,30,4622,0.00021635655560363478
happen,sposta,1,31,4622,0.00021635655560363478
happen,hasta,1,32,4622,0.00021635655560363478
happen,laurie,1,33,4622,0.00021635655560363478
happen,wanna,1,34,4622,0.00021635655560363478
happen,eve,1,35,4622,0.00021635655560363478
happen,much,1,36,4622,0.00021635655560363478
happen,friend,1,37,4622,0.00021635655560363478
happen,scary,1,38,4622,0.00021635655560363478
happen,construction,1,39,4622,0.00021635655560363478
happen,one,1,40,4622,0.00021635655560363478
happen,nomi,1,41,4622,0.00021635655560363478
happen,joseph,1,42,4622,0.00021635655560363478
happen,rachel,1,43,4622,0.00021635655560363478
happen,hadta,1,44,4622,0.00021635655560363478
happen,toto,1,45,4622,0.00021635655560363478
happen,matty,1,46,4622,0.00021635655560363478
happen,kind_of,1,47,4622,0.00021635655560363478
happen,he,1,48,4622,0.00021635655560363478
happen,some,1,49,4622,0.00021635655560363478
happen,joey,1,50,4622,0.00021635655560363478
happen,they,1,51,4622,0.00021635655560363478
happen,julie,1,52,4622,0.00021635655560363478
happen,fuck,1,53,4622,0.00021635655560363478
give,i,1135,1,3883,0.2922997682204481
give,you,985,2,3883,0.2536698429049704
give,we,254,3,3883,0.06541334020087561
give,he,208,4,3883,0.05356682977079578
give,who,181,5,3883,0.046613443214009787
give,she,174,6,3883,0.04481071336595416
give,they,90,7,3883,0.023177955189286635
give,mommy,58,8,3883,0.014936904455318053
give,us,40,9,3883,0.010301313417460727
give,wanna,35,10,3883,0.009013649240278136
give,elephant,26,11,3883,0.006695853721349472
give,it,23,12,3883,0.005923255215039918
give,daddy,22,13,3883,0.0056657223796034
give,that,22,14,3883,0.0056657223796034
give,wood,16,15,3883,0.004120525366984291
give,grandpa,14,16,3883,0.0036054596961112542
give,grandma,13,17,3883,0.003347926860674736
give,someone,11,18,3883,0.0028328611898017
give,lemme,10,19,3883,0.0025753283543651817
give,maggie,10,20,3883,0.0025753283543651817
give,doctor,8,21,3883,0.0020602626834921455
give,man,8,22,3883,0.0020602626834921455
give,nonna,8,23,3883,0.0020602626834921455
give,ellie,8,24,3883,0.0020602626834921455
give,mama,7,25,3883,0.0018027298480556271
give,somebody,7,26,3883,0.0018027298480556271
give,goat,7,27,3883,0.0018027298480556271
give,sally,7,28,3883,0.0018027298480556271
give,ya,6,29,3883,0.001545197012619109
give,santa_claus,6,30,3883,0.001545197012619109
give,leila,6,31,3883,0.001545197012619109
give,esther,5,32,3883,0.0012876641771825909
give,lady,5,33,3883,0.0012876641771825909
give,people,5,34,3883,0.0012876641771825909
give,stewardess,5,35,3883,0.0012876641771825909
give,gammy,5,36,3883,0.0012876641771825909
give,whack,5,37,3883,0.0012876641771825909
give,carl,5,38,3883,0.0012876641771825909
give,peter,4,39,3883,0.0010301313417460727
give,laura,4,40,3883,0.0010301313417460727
give,this,4,41,3883,0.0010301313417460727
give,baby,4,42,3883,0.0010301313417460727
give,needta,4,43,3883,0.0010301313417460727
give,adam,4,44,3883,0.0010301313417460727
give,mommy'll,4,45,3883,0.0010301313417460727
give,sarah,4,46,3883,0.0010301313417460727
give,jo_ann,4,47,3883,0.0010301313417460727
give,ronnie,4,48,3883,0.0010301313417460727
give,bird,4,49,3883,0.0010301313417460727
give,cow,4,50,3883,0.0010301313417460727
give,mother,4,51,3883,0.0010301313417460727
give,chi,4,52,3883,0.0010301313417460727
give,rachel,4,53,3883,0.0010301313417460727
give,jerry,4,54,3883,0.0010301313417460727
give,pierre,4,55,3883,0.0010301313417460727
give,lois,3,56,3883,0.0007725985063095545
give,one,3,57,3883,0.0007725985063095545
give,nanny,3,58,3883,0.0007725985063095545
give,all,3,59,3883,0.0007725985063095545
give,dad,3,60,3883,0.0007725985063095545
give,henry,3,61,3883,0.0007725985063095545
give,eve,3,62,3883,0.0007725985063095545
give,girl,3,63,3883,0.0007725985063095545
give,granny,3,64,3883,0.0007725985063095545
give,guy,3,65,3883,0.0007725985063095545
give,teacher,3,66,3883,0.0007725985063095545
give,king,3,67,3883,0.0007725985063095545
give,santa,3,68,3883,0.0007725985063095545
give,cookie_monster,3,69,3883,0.0007725985063095545
give,travis,3,70,3883,0.0007725985063095545
give,momma,3,71,3883,0.0007725985063095545
give,jenny,3,72,3883,0.0007725985063095545
give,nina,3,73,3883,0.0007725985063095545
give,linda,3,74,3883,0.0007725985063095545
give,karen,3,75,3883,0.0007725985063095545
give,minoru,3,76,3883,0.0007725985063095545
give,wack,3,77,3883,0.0007725985063095545
give,cory,2,78,3883,0.0005150656708730364
give,george,2,79,3883,0.0005150656708730364
give,jwww,2,80,3883,0.0005150656708730364
give,father,2,81,3883,0.0005150656708730364
give,hasta,2,82,3883,0.0005150656708730364
give,sean,2,83,3883,0.0005150656708730364
give,pooh,2,84,3883,0.0005150656708730364
give,god,2,85,3883,0.0005150656708730364
give,donkey,2,86,3883,0.0005150656708730364
give,paul,2,87,3883,0.0005150656708730364
give,robin,2,88,3883,0.0005150656708730364
give,mummy,2,89,3883,0.0005150656708730364
give,grandmother,2,90,3883,0.0005150656708730364
give,husband,2,91,3883,0.0005150656708730364
give,grampy,2,92,3883,0.0005150656708730364
give,wife,2,93,3883,0.0005150656708730364
give,easter_bunny,2,94,3883,0.0005150656708730364
give,nurse,2,95,3883,0.0005150656708730364
give,sun,2,96,3883,0.0005150656708730364
give,miller,2,97,3883,0.0005150656708730364
give,what,2,98,3883,0.0005150656708730364
give,leann,2,99,3883,0.0005150656708730364
give,katy,2,100,3883,0.0005150656708730364
give,neresh,2,101,3883,0.0005150656708730364
give,graze,2,102,3883,0.0005150656708730364
give,gramma,2,103,3883,0.0005150656708730364
give,emma,2,104,3883,0.0005150656708730364
give,cohen,2,105,3883,0.0005150656708730364
give,school,2,106,3883,0.0005150656708730364
give,maria,2,107,3883,0.0005150656708730364
give,family,2,108,3883,0.0005150656708730364
give,paddington,2,109,3883,0.0005150656708730364
give,sis,2,110,3883,0.0005150656708730364
give,ma,2,111,3883,0.0005150656708730364
give,friend,2,112,3883,0.0005150656708730364
give,honey,2,113,3883,0.0005150656708730364
give,tony,2,114,3883,0.0005150656708730364
give,jeanne,2,115,3883,0.0005150656708730364
give,mark,2,116,3883,0.0005150656708730364
give,ross,2,117,3883,0.0005150656708730364
give,ron,2,118,3883,0.0005150656708730364
give,granma,2,119,3883,0.0005150656708730364
give,larry,2,120,3883,0.0005150656708730364
give,kalie,2,121,3883,0.0005150656708730364
give,baaee,2,122,3883,0.0005150656708730364
give,nick_nack_paddy_whack,2,123,3883,0.0005150656708730364
give,hartzell,2,124,3883,0.0005150656708730364
give,miriam,2,125,3883,0.0005150656708730364
give,nonno,2,126,3883,0.0005150656708730364
give,maya,2,127,3883,0.0005150656708730364
give,spencer,2,128,3883,0.0005150656708730364
give,jimmy,2,129,3883,0.0005150656708730364
give,remy,2,130,3883,0.0005150656708730364
give,grandfather,2,131,3883,0.0005150656708730364
give,godmother,2,132,3883,0.0005150656708730364
give,roman,2,133,3883,0.0005150656708730364
give,oughta,2,134,3883,0.0005150656708730364
give,go,2,135,3883,0.0005150656708730364
give,hadta,2,136,3883,0.0005150656708730364
give,margie,2,137,3883,0.0005150656708730364
give,kinda,1,138,3883,0.0002575328354365182
give,tunnel,1,139,3883,0.0002575328354365182
give,pete,1,140,3883,0.0002575328354365182
give,patsy,1,141,3883,0.0002575328354365182
give,lynn,1,142,3883,0.0002575328354365182
give,mom'll,1,143,3883,0.0002575328354365182
give,mama'll,1,144,3883,0.0002575328354365182
give,minute,1,145,3883,0.0002575328354365182
give,claus,1,146,3883,0.0002575328354365182
give,susie,1,147,3883,0.0002575328354365182
give,laura_lastname,1,148,3883,0.0002575328354365182
give,dwww,1,149,3883,0.0002575328354365182
give,swww,1,150,3883,0.0002575328354365182
give,mwww,1,151,3883,0.0002575328354365182
give,max,1,152,3883,0.0002575328354365182
give,banana,1,153,3883,0.0002575328354365182
give,martha,1,154,3883,0.0002575328354365182
give,carol,1,155,3883,0.0002575328354365182
give,ursula,1,156,3883,0.0002575328354365182
give,sherry,1,157,3883,0.0002575328354365182
give,cecelia,1,158,3883,0.0002575328354365182
give,diandra,1,159,3883,0.0002575328354365182
give,papa,1,160,3883,0.0002575328354365182
give,margaret,1,161,3883,0.0002575328354365182
give,joanne,1,162,3883,0.0002575328354365182
give,blanche,1,163,3883,0.0002575328354365182
give,nana,1,164,3883,0.0002575328354365182
give,pebble,1,165,3883,0.0002575328354365182
give,donna,1,166,3883,0.0002575328354365182
give,arthur,1,167,3883,0.0002575328354365182
give,gloria,1,168,3883,0.0002575328354365182
give,sheehan,1,169,3883,0.0002575328354365182
give,basket,1,170,3883,0.0002575328354365182
give,grandaddy,1,171,3883,0.0002575328354365182
give,auntie_marilyn,1,172,3883,0.0002575328354365182
give,anyone,1,173,3883,0.0002575328354365182
give,ann_marie,1,174,3883,0.0002575328354365182
give,sheryl,1,175,3883,0.0002575328354365182
give,gail,1,176,3883,0.0002575328354365182
give,no,1,177,3883,0.0002575328354365182
give,dog,1,178,3883,0.0002575328354365182
give,ma_dog,1,179,3883,0.0002575328354365182
give,shem,1,180,3883,0.0002575328354365182
give,marty,1,181,3883,0.0002575328354365182
give,bull,1,182,3883,0.0002575328354365182
give,staple,1,183,3883,0.0002575328354365182
give,helen,1,184,3883,0.0002575328354365182
give,kim,1,185,3883,0.0002575328354365182
give,mcdonald,1,186,3883,0.0002575328354365182
give,donald,1,187,3883,0.0002575328354365182
give,firstname,1,188,3883,0.0002575328354365182
give,goal,1,189,3883,0.0002575328354365182
give,daughter,1,190,3883,0.0002575328354365182
give,david,1,191,3883,0.0002575328354365182
give,usher,1,192,3883,0.0002575328354365182
give,tricia,1,193,3883,0.0002575328354365182
give,bert,1,194,3883,0.0002575328354365182
give,pat,1,195,3883,0.0002575328354365182
give,anna,1,196,3883,0.0002575328354365182
give,peddler,1,197,3883,0.0002575328354365182
give,cinderella,1,198,3883,0.0002575328354365182
give,ernie,1,199,3883,0.0002575328354365182
give,bonnie,1,200,3883,0.0002575328354365182
give,huntsman,1,201,3883,0.0002575328354365182
give,soda,1,202,3883,0.0002575328354365182
give,freddy,1,203,3883,0.0002575328354365182
give,mac,1,204,3883,0.0002575328354365182
give,spinach,1,205,3883,0.0002575328354365182
give,food,1,206,3883,0.0002575328354365182
give,hug,1,207,3883,0.0002575328354365182
give,sauce,1,208,3883,0.0002575328354365182
give,sharon,1,209,3883,0.0002575328354365182
give,shakila,1,210,3883,0.0002575328354365182
give,onion,1,211,3883,0.0002575328354365182
give,pepsi,1,212,3883,0.0002575328354365182
give,minnie,1,213,3883,0.0002575328354365182
give,ear,1,214,3883,0.0002575328354365182
give,gretel,1,215,3883,0.0002575328354365182
give,uncle,1,216,3883,0.0002575328354365182
give,granny'ha,1,217,3883,0.0002575328354365182
give,mary,1,218,3883,0.0002575328354365182
give,mackie,1,219,3883,0.0002575328354365182
give,ginny,1,220,3883,0.0002575328354365182
give,barbara,1,221,3883,0.0002575328354365182
give,bro,1,222,3883,0.0002575328354365182
give,katie,1,223,3883,0.0002575328354365182
give,tree,1,224,3883,0.0002575328354365182
give,mommie,1,225,3883,0.0002575328354365182
give,abe,1,226,3883,0.0002575328354365182
give,andy,1,227,3883,0.0002575328354365182
give,chris,1,228,3883,0.0002575328354365182
give,keith,1,229,3883,0.0002575328354365182
give,mike,1,230,3883,0.0002575328354365182
give,kurt,1,231,3883,0.0002575328354365182
give,his,1,232,3883,0.0002575328354365182
give,matt,1,233,3883,0.0002575328354365182
give,princess_leia,1,234,3883,0.0002575328354365182
give,jamie,1,235,3883,0.0002575328354365182
give,toe,1,236,3883,0.0002575328354365182
give,ducky,1,237,3883,0.0002575328354365182
give,puppet,1,238,3883,0.0002575328354365182
give,monster,1,239,3883,0.0002575328354365182
give,raisin,1,240,3883,0.0002575328354365182
give,weener,1,241,3883,0.0002575328354365182
give,wong,1,242,3883,0.0002575328354365182
give,thank_you,1,243,3883,0.0002575328354365182
give,megan,1,244,3883,0.0002575328354365182
give,brittany,1,245,3883,0.0002575328354365182
give,hunhunh,1,246,3883,0.0002575328354365182
give,nomi,1,247,3883,0.0002575328354365182
give,nathaniel,1,248,3883,0.0002575328354365182
give,sera,1,249,3883,0.0002575328354365182
give,carolyn,1,250,3883,0.0002575328354365182
give,john,1,251,3883,0.0002575328354365182
give,ali,1,252,3883,0.0002575328354365182
give,pill,1,253,3883,0.0002575328354365182
give,joseph,1,254,3883,0.0002575328354365182
give,triangle,1,255,3883,0.0002575328354365182
give,job,1,256,3883,0.0002575328354365182
give,bob,1,257,3883,0.0002575328354365182
give,bicycle,1,258,3883,0.0002575328354365182
give,betta,1,259,3883,0.0002575328354365182
give,mouse,1,260,3883,0.0002575328354365182
give,boy,1,261,3883,0.0002575328354365182
give,maryse,1,262,3883,0.0002575328354365182
give,justin,1,263,3883,0.0002575328354365182
give,mel,1,264,3883,0.0002575328354365182
give,frank,1,265,3883,0.0002575328354365182
give,beatrice,1,266,3883,0.0002575328354365182
give,snoopy,1,267,3883,0.0002575328354365182
give,baker,1,268,3883,0.0002575328354365182
give,bunny,1,269,3883,0.0002575328354365182
give,person,1,270,3883,0.0002575328354365182
give,president,1,271,3883,0.0002575328354365182
give,chi_ling,1,272,3883,0.0002575328354365182
give,genie,1,273,3883,0.0002575328354365182
give,weinberger,1,274,3883,0.0002575328354365182
give,doug,1,275,3883,0.0002575328354365182
give,kristin,1,276,3883,0.0002575328354365182
give,vicky,1,277,3883,0.0002575328354365182
give,andrea,1,278,3883,0.0002575328354365182
give,ann,1,279,3883,0.0002575328354365182
give,koolade,1,280,3883,0.0002575328354365182
give,joyce,1,281,3883,0.0002575328354365182
give,rick,1,282,3883,0.0002575328354365182
give,janet,1,283,3883,0.0002575328354365182
give,nobody,1,284,3883,0.0002575328354365182
give,aunt_carey,1,285,3883,0.0002575328354365182
give,uncle_ryan,1,286,3883,0.0002575328354365182
give,doctor_weist,1,287,3883,0.0002575328354365182
give,james,1,288,3883,0.0002575328354365182
give,grammy,1,289,3883,0.0002575328354365182
give,jillian,1,290,3883,0.0002575328354365182
give,neighbor,1,291,3883,0.0002575328354365182
give,allison,1,292,3883,0.0002575328354365182
give,zevenburgen,1,293,3883,0.0002575328354365182
give,sue,1,294,3883,0.0002575328354365182
give,kind,1,295,3883,0.0002575328354365182
give,brett,1,296,3883,0.0002575328354365182
give,woman,1,297,3883,0.0002575328354365182
give,marjorie,1,298,3883,0.0002575328354365182
give,block,1,299,3883,0.0002575328354365182
give,four,1,300,3883,0.0002575328354365182
give,drink,1,301,3883,0.0002575328354365182
give,wave,1,302,3883,0.0002575328354365182
give,remi,1,303,3883,0.0002575328354365182
give,tunde,1,304,3883,0.0002575328354365182
give,von,1,305,3883,0.0002575328354365182
give,bernard,1,306,3883,0.0002575328354365182
give,thing,1,307,3883,0.0002575328354365182
give,tisha,1,308,3883,0.0002575328354365182
give,butcher,1,309,3883,0.0002575328354365182
give,clare,1,310,3883,0.0002575328354365182
give,cooky,1,311,3883,0.0002575328354365182
give,exercise,1,312,3883,0.0002575328354365182
give,morton,1,313,3883,0.0002575328354365182
give,todd,1,314,3883,0.0002575328354365182
give,gregory,1,315,3883,0.0002575328354365182
give,sherine,1,316,3883,0.0002575328354365182
give,danny,1,317,3883,0.0002575328354365182
give,everybody,1,318,3883,0.0002575328354365182
give,kayode,1,319,3883,0.0002575328354365182
give,mom,1,320,3883,0.0002575328354365182
give,junior,1,321,3883,0.0002575328354365182
give,susan,1,322,3883,0.0002575328354365182
give,jackie,1,323,3883,0.0002575328354365182
give,let,1,324,3883,0.0002575328354365182
give,nanna,1,325,3883,0.0002575328354365182
give,johnny,1,326,3883,0.0002575328354365182
need,you,1443,1,3842,0.37558563248308174
need,i,799,2,3842,0.2079646017699115
need,we,695,3,3842,0.18089536699635606
need,he,208,4,3842,0.05413846954711088
need,she,123,5,3842,0.032014575741801145
need,it,101,6,3842,0.026288391462779802
need,they,85,7,3842,0.022123893805309734
need,mommy,67,8,3842,0.017438833940655908
need,baby,24,9,3842,0.006246746486205101
need,who,21,10,3842,0.005465903175429464
need,daddy,17,11,3842,0.004424778761061947
need,that,16,12,3842,0.004164497657470068
need,ya,14,13,3842,0.003643935450286309
need,this,9,14,3842,0.002342529932326913
need,anybody,6,15,3842,0.0015616866215512754
need,what,6,16,3842,0.0015616866215512754
need,guy,6,17,3842,0.0015616866215512754
need,one,5,18,3842,0.0013014055179593961
need,child,5,19,3842,0.0013014055179593961
need,hair,5,20,3842,0.0013014055179593961
need,anyone,4,21,3842,0.001041124414367517
need,mama,4,22,3842,0.001041124414367517
need,giraffe,4,23,3842,0.001041124414367517
need,lois,3,24,3842,0.0007808433107756377
need,car,3,25,3842,0.0007808433107756377
need,boy,3,26,3842,0.0007808433107756377
need,elephant,3,27,3842,0.0007808433107756377
need,mother,3,28,3842,0.0007808433107756377
need,nobody,3,29,3842,0.0007808433107756377
need,sister,3,30,3842,0.0007808433107756377
need,family,3,31,3842,0.0007808433107756377
need,floor,3,32,3842,0.0007808433107756377
need,doggie,2,33,3842,0.0005205622071837585
need,jennifer,2,34,3842,0.0005205622071837585
need,airplane,2,35,3842,0.0005205622071837585
need,rabbit,2,36,3842,0.0005205622071837585
need,boat,2,37,3842,0.0005205622071837585
need,kitty,2,38,3842,0.0005205622071837585
need,people,2,39,3842,0.0005205622071837585
need,dog,2,40,3842,0.0005205622071837585
need,everything,2,41,3842,0.0005205622071837585
need,microphone,2,42,3842,0.0005205622071837585
need,brian,2,43,3842,0.0005205622071837585
need,chi,2,44,3842,0.0005205622071837585
need,bro,2,45,3842,0.0005205622071837585
need,hand,2,46,3842,0.0005205622071837585
need,somebody,2,47,3842,0.0005205622071837585
need,yours,2,48,3842,0.0005205622071837585
need,catherine,2,49,3842,0.0005205622071837585
need,go,2,50,3842,0.0005205622071837585
need,lion,2,51,3842,0.0005205622071837585
need,erin,2,52,3842,0.0005205622071837585
need,zoe,2,53,3842,0.0005205622071837585
need,hank,1,54,3842,0.0002602811035918792
need,activity,1,55,3842,0.0002602811035918792
need,house,1,56,3842,0.0002602811035918792
need,train,1,57,3842,0.0002602811035918792
need,truck,1,58,3842,0.0002602811035918792
need,bike,1,59,3842,0.0002602811035918792
need,patsy,1,60,3842,0.0002602811035918792
need,horse,1,61,3842,0.0002602811035918792
need,sailboat,1,62,3842,0.0002602811035918792
need,mommy'll,1,63,3842,0.0002602811035918792
need,girl,1,64,3842,0.0002602811035918792
need,jwww,1,65,3842,0.0002602811035918792
need,kid,1,66,3842,0.0002602811035918792
need,cup,1,67,3842,0.0002602811035918792
need,morgie,1,68,3842,0.0002602811035918792
need,towel,1,69,3842,0.0002602811035918792
need,someone,1,70,3842,0.0002602811035918792
need,room,1,71,3842,0.0002602811035918792
need,whatcha,1,72,3842,0.0002602811035918792
need,dyeisha,1,73,3842,0.0002602811035918792
need,ursula,1,74,3842,0.0002602811035918792
need,robin,1,75,3842,0.0002602811035918792
need,paul,1,76,3842,0.0002602811035918792
need,adam,1,77,3842,0.0002602811035918792
need,fraser,1,78,3842,0.0002602811035918792
need,dollie,1,79,3842,0.0002602811035918792
need,doll,1,80,3842,0.0002602811035918792
need,auntie_marilyn,1,81,3842,0.0002602811035918792
need,nurse,1,82,3842,0.0002602811035918792
need,mouse,1,83,3842,0.0002602811035918792
need,sam,1,84,3842,0.0002602811035918792
need,glass,1,85,3842,0.0002602811035918792
need,grampa,1,86,3842,0.0002602811035918792
need,baldy,1,87,3842,0.0002602811035918792
need,kind,1,88,3842,0.0002602811035918792
need,chair,1,89,3842,0.0002602811035918792
need,state,1,90,3842,0.0002602811035918792
need,store,1,91,3842,0.0002602811035918792
need,jonathan,1,92,3842,0.0002602811035918792
need,kitten,1,93,3842,0.0002602811035918792
need,plant,1,94,3842,0.0002602811035918792
need,dad,1,95,3842,0.0002602811035918792
need,chili,1,96,3842,0.0002602811035918792
need,gee,1,97,3842,0.0002602811035918792
need,micheal'll,1,98,3842,0.0002602811035918792
need,adult,1,99,3842,0.0002602811035918792
need,curly,1,100,3842,0.0002602811035918792
need,milk,1,101,3842,0.0002602811035918792
need,money,1,102,3842,0.0002602811035918792
need,bear,1,103,3842,0.0002602811035918792
need,everybody,1,104,3842,0.0002602811035918792
need,mister_jungdeman,1,105,3842,0.0002602811035918792
need,marky,1,106,3842,0.0002602811035918792
need,mark,1,107,3842,0.0002602811035918792
need,home,1,108,3842,0.0002602811035918792
need,crayon,1,109,3842,0.0002602811035918792
need,mouth,1,110,3842,0.0002602811035918792
need,nothing,1,111,3842,0.0002602811035918792
need,g,1,112,3842,0.0002602811035918792
need,foot,1,113,3842,0.0002602811035918792
need,kathy,1,114,3842,0.0002602811035918792
need,leg,1,115,3842,0.0002602811035918792
need,airport,1,116,3842,0.0002602811035918792
need,travis,1,117,3842,0.0002602811035918792
need,nomi,1,118,3842,0.0002602811035918792
need,christine,1,119,3842,0.0002602811035918792
need,diaper,1,120,3842,0.0002602811035918792
need,nathaniel,1,121,3842,0.0002602811035918792
need,thing,1,122,3842,0.0002602811035918792
need,look_it,1,123,3842,0.0002602811035918792
need,joseph,1,124,3842,0.0002602811035918792
need,grandma,1,125,3842,0.0002602811035918792
need,something,1,126,3842,0.0002602811035918792
need,frog,1,127,3842,0.0002602811035918792
need,which,1,128,3842,0.0002602811035918792
need,raggedy_ann,1,129,3842,0.0002602811035918792
need,bunny,1,130,3842,0.0002602811035918792
need,dolly,1,131,3842,0.0002602811035918792
need,mummy,1,132,3842,0.0002602811035918792
need,observer,1,133,3842,0.0002602811035918792
need,recorder,1,134,3842,0.0002602811035918792
need,biddy,1,135,3842,0.0002602811035918792
need,duck,1,136,3842,0.0002602811035918792
need,nose,1,137,3842,0.0002602811035918792
need,all,1,138,3842,0.0002602811035918792
need,koolaid,1,139,3842,0.0002602811035918792
need,arm,1,140,3842,0.0002602811035918792
need,any,1,141,3842,0.0002602811035918792
need,cow,1,142,3842,0.0002602811035918792
need,puppy,1,143,3842,0.0002602811035918792
need,momma,1,144,3842,0.0002602811035918792
need,abraham,1,145,3842,0.0002602811035918792
need,carl,1,146,3842,0.0002602811035918792
need,two,1,147,3842,0.0002602811035918792
need,cockroach,1,148,3842,0.0002602811035918792
need,thank_you,1,149,3842,0.0002602811035918792
need,sean,1,150,3842,0.0002602811035918792
need,julia,1,151,3842,0.0002602811035918792
need,gabriel,1,152,3842,0.0002602811035918792
need,fire,1,153,3842,0.0002602811035918792
need,lucy,1,154,3842,0.0002602811035918792
need,everyone,1,155,3842,0.0002602811035918792
need,karen,1,156,3842,0.0002602811035918792
need,kayode,1,157,3842,0.0002602811035918792
need,donnel,1,158,3842,0.0002602811035918792
need,carole,1,159,3842,0.0002602811035918792
find,you,1361,1,3353,0.40590515955860423
find,i,758,2,3353,0.226066209364748
find,we,496,3,3353,0.14792722934685357
find,us,135,4,3353,0.040262451535937965
find,he,134,5,3353,0.03996421115419028
find,they,88,6,3353,0.0262451535937966
find,bear,85,7,3353,0.025350432448553534
find,she,71,8,3353,0.021175067104085895
find,mommy,21,9,3353,0.006263048016701462
find,daddy,17,10,3353,0.005070086489710707
find,ya,7,11,3353,0.0020876826722338203
find,mama,7,12,3353,0.0020876826722338203
find,needta,7,13,3353,0.0020876826722338203
find,somebody,6,14,3353,0.001789442290486132
find,who,6,15,3353,0.001789442290486132
find,lemme,5,16,3353,0.0014912019087384432
find,kit,5,17,3353,0.0014912019087384432
find,wanna,4,18,3353,0.0011929615269907546
find,it,4,19,3353,0.0011929615269907546
find,rachel,4,20,3353,0.0011929615269907546
find,one,3,21,3353,0.000894721145243066
find,people,3,22,3353,0.000894721145243066
find,bird,3,23,3353,0.000894721145243066
find,doctor,3,24,3353,0.000894721145243066
find,youngster,3,25,3353,0.000894721145243066
find,child,3,26,3353,0.000894721145243066
find,mother,2,27,3353,0.0005964807634953773
find,timmy,2,28,3353,0.0005964807634953773
find,mcgregor,2,29,3353,0.0005964807634953773
find,peter,2,30,3353,0.0005964807634953773
find,mickey,2,31,3353,0.0005964807634953773
find,hafta,2,32,3353,0.0005964807634953773
find,sarah,2,33,3353,0.0005964807634953773
find,policeman,2,34,3353,0.0005964807634953773
find,nobody,2,35,3353,0.0005964807634953773
find,dad,2,36,3353,0.0005964807634953773
find,kitty,2,37,3353,0.0005964807634953773
find,ernie,2,38,3353,0.0005964807634953773
find,sally,2,39,3353,0.0005964807634953773
find,moon,2,40,3353,0.0005964807634953773
find,chi,2,41,3353,0.0005964807634953773
find,tommy,2,42,3353,0.0005964807634953773
find,abe,2,43,3353,0.0005964807634953773
find,sela,2,44,3353,0.0005964807634953773
find,prince,2,45,3353,0.0005964807634953773
find,ryan,2,46,3353,0.0005964807634953773
find,boy,2,47,3353,0.0005964807634953773
find,freddy,2,48,3353,0.0005964807634953773
find,lisa,2,49,3353,0.0005964807634953773
find,miffy,1,50,3353,0.00029824038174768865
find,banana,1,51,3353,0.00029824038174768865
find,mummy,1,52,3353,0.00029824038174768865
find,ewww,1,53,3353,0.00029824038174768865
find,jwww,1,54,3353,0.00029824038174768865
find,laura,1,55,3353,0.00029824038174768865
find,morgan,1,56,3353,0.00029824038174768865
find,mandy,1,57,3353,0.00029824038174768865
find,brother,1,58,3353,0.00029824038174768865
find,taxi,1,59,3353,0.00029824038174768865
find,aladin,1,60,3353,0.00029824038174768865
find,everyone,1,61,3353,0.00029824038174768865
find,andy,1,62,3353,0.00029824038174768865
find,what,1,63,3353,0.00029824038174768865
find,twinkles,1,64,3353,0.00029824038174768865
find,adam,1,65,3353,0.00029824038174768865
find,robin,1,66,3353,0.00029824038174768865
find,happiness,1,67,3353,0.00029824038174768865
find,anybody,1,68,3353,0.00029824038174768865
find,shem,1,69,3353,0.00029824038174768865
find,george,1,70,3353,0.00029824038174768865
find,dan,1,71,3353,0.00029824038174768865
find,hasta,1,72,3353,0.00029824038174768865
find,momma,1,73,3353,0.00029824038174768865
find,elana,1,74,3353,0.00029824038174768865
find,husband,1,75,3353,0.00029824038174768865
find,animal,1,76,3353,0.00029824038174768865
find,pan,1,77,3353,0.00029824038174768865
find,lizard,1,78,3353,0.00029824038174768865
find,jack,1,79,3353,0.00029824038174768865
find,monster,1,80,3353,0.00029824038174768865
find,fang,1,81,3353,0.00029824038174768865
find,hen,1,82,3353,0.00029824038174768865
find,billy,1,83,3353,0.00029824038174768865
find,alice,1,84,3353,0.00029824038174768865
find,white,1,85,3353,0.00029824038174768865
find,lover,1,86,3353,0.00029824038174768865
find,ann,1,87,3353,0.00029824038174768865
find,carol,1,88,3353,0.00029824038174768865
find,lassie,1,89,3353,0.00029824038174768865
find,sister,1,90,3353,0.00029824038174768865
find,jean,1,91,3353,0.00029824038174768865
find,cougar,1,92,3353,0.00029824038174768865
find,daddy'll,1,93,3353,0.00029824038174768865
find,roach,1,94,3353,0.00029824038174768865
find,shoe,1,95,3353,0.00029824038174768865
find,that,1,96,3353,0.00029824038174768865
find,travis,1,97,3353,0.00029824038174768865
find,nomi,1,98,3353,0.00029824038174768865
find,honey,1,99,3353,0.00029824038174768865
find,katie,1,100,3353,0.00029824038174768865
find,boat,1,101,3353,0.00029824038174768865
find,flower,1,102,3353,0.00029824038174768865
find,anything,1,103,3353,0.00029824038174768865
find,blue,1,104,3353,0.00029824038174768865
find,weist,1,105,3353,0.00029824038174768865
find,whinny,1,106,3353,0.00029824038174768865
find,luck,1,107,3353,0.00029824038174768865
find,lot,1,108,3353,0.00029824038174768865
find,roman,1,109,3353,0.00029824038174768865
find,sophie,1,110,3353,0.00029824038174768865
find,carl,1,111,3353,0.00029824038174768865
find,some,1,112,3353,0.00029824038174768865
find,sherine,1,113,3353,0.00029824038174768865
find,danny,1,114,3353,0.00029824038174768865
find,bobby_lastname,1,115,3353,0.00029824038174768865
find,graeme,1,116,3353,0.00029824038174768865
find,let,1,117,3353,0.00029824038174768865
sit,you,1207,1,3120,0.3868589743589744
sit,i,327,2,3120,0.10480769230769231
sit,he,233,3,3120,0.07467948717948718
sit,she,181,4,3120,0.058012820512820515
sit,we,138,5,3120,0.04423076923076923
sit,wanna,103,6,3120,0.033012820512820513
sit,they,99,7,3120,0.03173076923076923
sit,us,88,8,3120,0.028205128205128206
sit,who,49,9,3120,0.015705128205128205
sit,it,47,10,3120,0.015064102564102564
sit,mommy,35,11,3120,0.011217948717948718
sit,chi,31,12,3120,0.009935897435897435
sit,that,24,13,3120,0.007692307692307693
sit,man,20,14,3120,0.00641025641025641
sit,people,18,15,3120,0.0057692307692307696
sit,boy,17,16,3120,0.0054487179487179484
sit,baby,17,17,3120,0.0054487179487179484
sit,morgan,12,18,3120,0.0038461538461538464
sit,everybody,12,19,3120,0.0038461538461538464
sit,daddy,11,20,3120,0.0035256410256410257
sit,one,11,21,3120,0.0035256410256410257
sit,girl,9,22,3120,0.0028846153846153848
sit,bird,9,23,3120,0.0028846153846153848
sit,somebody,9,24,3120,0.0028846153846153848
sit,bear,8,25,3120,0.002564102564102564
sit,pat,8,26,3120,0.002564102564102564
sit,lady,7,27,3120,0.0022435897435897434
sit,bro,7,28,3120,0.0022435897435897434
sit,mom,7,29,3120,0.0022435897435897434
sit,dog,6,30,3120,0.0019230769230769232
sit,dumpty,6,31,3120,0.0019230769230769232
sit,laura,6,32,3120,0.0019230769230769232
sit,adam,6,33,3120,0.0019230769230769232
sit,lois,5,34,3120,0.0016025641025641025
sit,honey,5,35,3120,0.0016025641025641025
sit,sis,5,36,3120,0.0016025641025641025
sit,jennifer,4,37,3120,0.001282051282051282
sit,horse,4,38,3120,0.001282051282051282
sit,needta,4,39,3120,0.001282051282051282
sit,this,4,40,3120,0.001282051282051282
sit,chicken,4,41,3120,0.001282051282051282
sit,remi,4,42,3120,0.001282051282051282
sit,go,3,43,3120,0.0009615384615384616
sit,cheeky,3,44,3120,0.0009615384615384616
sit,chair,3,45,3120,0.0009615384615384616
sit,anybody,3,46,3120,0.0009615384615384616
sit,bobby,3,47,3120,0.0009615384615384616
sit,michael,3,48,3120,0.0009615384615384616
sit,mother,3,49,3120,0.0009615384615384616
sit,person,3,50,3120,0.0009615384615384616
sit,jack,3,51,3120,0.0009615384615384616
sit,what,3,52,3120,0.0009615384615384616
sit,firstname,3,53,3120,0.0009615384615384616
sit,annie,3,54,3120,0.0009615384615384616
sit,sandy,3,55,3120,0.0009615384615384616
sit,guy,3,56,3120,0.0009615384615384616
sit,doggie,3,57,3120,0.0009615384615384616
sit,nurse,3,58,3120,0.0009615384615384616
sit,carl,3,59,3120,0.0009615384615384616
sit,brett,3,60,3120,0.0009615384615384616
sit,roland,3,61,3120,0.0009615384615384616
sit,someone,2,62,3120,0.000641025641025641
sit,doll,2,63,3120,0.000641025641025641
sit,eric,2,64,3120,0.000641025641025641
sit,all,2,65,3120,0.000641025641025641
sit,hasta,2,66,3120,0.000641025641025641
sit,peter,2,67,3120,0.000641025641025641
sit,swww,2,68,3120,0.000641025641025641
sit,horner,2,69,3120,0.000641025641025641
sit,place,2,70,3120,0.000641025641025641
sit,bee,2,71,3120,0.000641025641025641
sit,driver,2,72,3120,0.000641025641025641
sit,eve,2,73,3120,0.000641025641025641
sit,neil,2,74,3120,0.000641025641025641
sit,fraser,2,75,3120,0.000641025641025641
sit,sarah,2,76,3120,0.000641025641025641
sit,cup,2,77,3120,0.000641025641025641
sit,melissa,2,78,3120,0.000641025641025641
sit,shem,2,79,3120,0.000641025641025641
sit,nobody,2,80,3120,0.000641025641025641
sit,child,2,81,3120,0.000641025641025641
sit,your,2,82,3120,0.000641025641025641
sit,andy,2,83,3120,0.000641025641025641
sit,kitty,2,84,3120,0.000641025641025641
sit,bert,2,85,3120,0.000641025641025641
sit,pillow,2,86,3120,0.000641025641025641
sit,becky,2,87,3120,0.000641025641025641
sit,heather,2,88,3120,0.000641025641025641
sit,investigator,2,89,3120,0.000641025641025641
sit,buddy,2,90,3120,0.000641025641025641
sit,doggy,2,91,3120,0.000641025641025641
sit,wan,2,92,3120,0.000641025641025641
sit,jane,2,93,3120,0.000641025641025641
sit,travis,2,94,3120,0.000641025641025641
sit,georgie,2,95,3120,0.000641025641025641
sit,baaee,2,96,3120,0.000641025641025641
sit,joseph,2,97,3120,0.000641025641025641
sit,lap,2,98,3120,0.000641025641025641
sit,mama,2,99,3120,0.000641025641025641
sit,three,2,100,3120,0.000641025641025641
sit,dad,2,101,3120,0.000641025641025641
sit,dexter,2,102,3120,0.000641025641025641
sit,tunde,2,103,3120,0.000641025641025641
sit,steven,2,104,3120,0.000641025641025641
sit,jason,2,105,3120,0.000641025641025641
sit,asher,2,106,3120,0.000641025641025641
sit,samantha,2,107,3120,0.000641025641025641
sit,dog_dog,1,108,3120,0.0003205128205128205
sit,margie,1,109,3120,0.0003205128205128205
sit,hank,1,110,3120,0.0003205128205128205
sit,peanut+butter,1,111,3120,0.0003205128205128205
sit,clean,1,112,3120,0.0003205128205128205
sit,uhhuh,1,113,3120,0.0003205128205128205
sit,barrel,1,114,3120,0.0003205128205128205
sit,brother,1,115,3120,0.0003205128205128205
sit,father,1,116,3120,0.0003205128205128205
sit,security,1,117,3120,0.0003205128205128205
sit,accident,1,118,3120,0.0003205128205128205
sit,jenny,1,119,3120,0.0003205128205128205
sit,george,1,120,3120,0.0003205128205128205
sit,anyone,1,121,3120,0.0003205128205128205
sit,laura'll,1,122,3120,0.0003205128205128205
sit,andrew,1,123,3120,0.0003205128205128205
sit,hafta,1,124,3120,0.0003205128205128205
sit,morgie,1,125,3120,0.0003205128205128205
sit,flamingo,1,126,3120,0.0003205128205128205
sit,mandy,1,127,3120,0.0003205128205128205
sit,miranda,1,128,3120,0.0003205128205128205
sit,pooh_bear,1,129,3120,0.0003205128205128205
sit,cock_a_doodle_doo,1,130,3120,0.0003205128205128205
sit,bike,1,131,3120,0.0003205128205128205
sit,bummie,1,132,3120,0.0003205128205128205
sit,little,1,133,3120,0.0003205128205128205
sit,ursula,1,134,3120,0.0003205128205128205
sit,man'll,1,135,3120,0.0003205128205128205
sit,horsie,1,136,3120,0.0003205128205128205
sit,the,1,137,3120,0.0003205128205128205
sit,mike,1,138,3120,0.0003205128205128205
sit,ya,1,139,3120,0.0003205128205128205
sit,six,1,140,3120,0.0003205128205128205
sit,ann_marie,1,141,3120,0.0003205128205128205
sit,professor_brown,1,142,3120,0.0003205128205128205
sit,picture,1,143,3120,0.0003205128205128205
sit,owl,1,144,3120,0.0003205128205128205
sit,sit,1,145,3120,0.0003205128205128205
sit,elephant,1,146,3120,0.0003205128205128205
sit,kevin,1,147,3120,0.0003205128205128205
sit,anna,1,148,3120,0.0003205128205128205
sit,arthur,1,149,3120,0.0003205128205128205
sit,muffett,1,150,3120,0.0003205128205128205
sit,shower,1,151,3120,0.0003205128205128205
sit,gambler,1,152,3120,0.0003205128205128205
sit,chief,1,153,3120,0.0003205128205128205
sit,engineer,1,154,3120,0.0003205128205128205
sit,elliot,1,155,3120,0.0003205128205128205
sit,papa,1,156,3120,0.0003205128205128205
sit,seal,1,157,3120,0.0003205128205128205
sit,dragon,1,158,3120,0.0003205128205128205
sit,log,1,159,3120,0.0003205128205128205
sit,bob,1,160,3120,0.0003205128205128205
sit,rachi,1,161,3120,0.0003205128205128205
sit,john,1,162,3120,0.0003205128205128205
sit,nanette,1,163,3120,0.0003205128205128205
sit,theresa,1,164,3120,0.0003205128205128205
sit,cat,1,165,3120,0.0003205128205128205
sit,sissy,1,166,3120,0.0003205128205128205
sit,wendy,1,167,3120,0.0003205128205128205
sit,craig,1,168,3120,0.0003205128205128205
sit,cashier,1,169,3120,0.0003205128205128205
sit,thumper,1,170,3120,0.0003205128205128205
sit,grover,1,171,3120,0.0003205128205128205
sit,nada,1,172,3120,0.0003205128205128205
sit,ernie,1,173,3120,0.0003205128205128205
sit,pilot,1,174,3120,0.0003205128205128205
sit,rosamund,1,175,3120,0.0003205128205128205
sit,queen,1,176,3120,0.0003205128205128205
sit,charlie,1,177,3120,0.0003205128205128205
sit,clown,1,178,3120,0.0003205128205128205
sit,sweetheart,1,179,3120,0.0003205128205128205
sit,johnny,1,180,3120,0.0003205128205128205
sit,nicky,1,181,3120,0.0003205128205128205
sit,sabato,1,182,3120,0.0003205128205128205
sit,crow,1,183,3120,0.0003205128205128205
sit,sister,1,184,3120,0.0003205128205128205
sit,niece,1,185,3120,0.0003205128205128205
sit,bubble,1,186,3120,0.0003205128205128205
sit,muffet,1,187,3120,0.0003205128205128205
sit,which,1,188,3120,0.0003205128205128205
sit,rabbit,1,189,3120,0.0003205128205128205
sit,marcella,1,190,3120,0.0003205128205128205
sit,cal,1,191,3120,0.0003205128205128205
sit,pooh,1,192,3120,0.0003205128205128205
sit,hunter,1,193,3120,0.0003205128205128205
sit,kid,1,194,3120,0.0003205128205128205
sit,stop,1,195,3120,0.0003205128205128205
sit,coffee,1,196,3120,0.0003205128205128205
sit,lulu,1,197,3120,0.0003205128205128205
sit,shh,1,198,3120,0.0003205128205128205
sit,ssh,1,199,3120,0.0003205128205128205
sit,smurf,1,200,3120,0.0003205128205128205
sit,roy,1,201,3120,0.0003205128205128205
sit,independent,1,202,3120,0.0003205128205128205
sit,butterfly,1,203,3120,0.0003205128205128205
sit,ross,1,204,3120,0.0003205128205128205
sit,brittany,1,205,3120,0.0003205128205128205
sit,christopher,1,206,3120,0.0003205128205128205
sit,mama'll,1,207,3120,0.0003205128205128205
sit,lamont,1,208,3120,0.0003205128205128205
sit,rachel,1,209,3120,0.0003205128205128205
sit,henry,1,210,3120,0.0003205128205128205
sit,liam,1,211,3120,0.0003205128205128205
sit,puppet,1,212,3120,0.0003205128205128205
sit,sweetie,1,213,3120,0.0003205128205128205
sit,bryan,1,214,3120,0.0003205128205128205
sit,megan,1,215,3120,0.0003205128205128205
sit,leo,1,216,3120,0.0003205128205128205
sit,kalie,1,217,3120,0.0003205128205128205
sit,little_miss_muffet,1,218,3120,0.0003205128205128205
sit,nomi,1,219,3120,0.0003205128205128205
sit,kitty+cat,1,220,3120,0.0003205128205128205
sit,lia,1,221,3120,0.0003205128205128205
sit,car,1,222,3120,0.0003205128205128205
sit,whoop,1,223,3120,0.0003205128205128205
sit,ari,1,224,3120,0.0003205128205128205
sit,linda,1,225,3120,0.0003205128205128205
sit,doctor,1,226,3120,0.0003205128205128205
sit,monkey,1,227,3120,0.0003205128205128205
sit,teddy,1,228,3120,0.0003205128205128205
sit,nina,1,229,3120,0.0003205128205128205
sit,raggedy_ann,1,230,3120,0.0003205128205128205
sit,moe,1,231,3120,0.0003205128205128205
sit,crumble,1,232,3120,0.0003205128205128205
sit,bunny,1,233,3120,0.0003205128205128205
sit,four,1,234,3120,0.0003205128205128205
sit,lion,1,235,3120,0.0003205128205128205
sit,chuck,1,236,3120,0.0003205128205128205
sit,two,1,237,3120,0.0003205128205128205
sit,sposta,1,238,3120,0.0003205128205128205
sit,sesame,1,239,3120,0.0003205128205128205
sit,matty,1,240,3120,0.0003205128205128205
sit,guy'll,1,241,3120,0.0003205128205128205
sit,randy,1,242,3120,0.0003205128205128205
sit,alicia,1,243,3120,0.0003205128205128205
sit,jeffery,1,244,3120,0.0003205128205128205
sit,mia,1,245,3120,0.0003205128205128205
sit,jonathan,1,246,3120,0.0003205128205128205
sit,dia,1,247,3120,0.0003205128205128205
sit,raining,1,248,3120,0.0003205128205128205
sit,leshawn,1,249,3120,0.0003205128205128205
sit,tisha,1,250,3120,0.0003205128205128205
sit,everyone,1,251,3120,0.0003205128205128205
sit,monique,1,252,3120,0.0003205128205128205
sit,trina,1,253,3120,0.0003205128205128205
sit,heller,1,254,3120,0.0003205128205128205
sit,emmitt,1,255,3120,0.0003205128205128205
sit,matthew,1,256,3120,0.0003205128205128205
sit,meek,1,257,3120,0.0003205128205128205
sit,robbie,1,258,3120,0.0003205128205128205
sit,lance,1,259,3120,0.0003205128205128205
sit,hand,1,260,3120,0.0003205128205128205
sit,perri,1,261,3120,0.0003205128205128205
sit,gregory,1,262,3120,0.0003205128205128205
sit,glass,1,263,3120,0.0003205128205128205
sit,eddie,1,264,3120,0.0003205128205128205
sit,karme,1,265,3120,0.0003205128205128205
sit,david,1,266,3120,0.0003205128205128205
sit,gau,1,267,3120,0.0003205128205128205
sit,nora,1,268,3120,0.0003205128205128205
sit,brian,1,269,3120,0.0003205128205128205
sit,lisa,1,270,3120,0.0003205128205128205
sit,ball,1,271,3120,0.0003205128205128205
try,you,992,1,2942,0.3371855880353501
try,i,653,2,2942,0.22195785180149558
try,we,255,3,2942,0.0866757307953773
try,us,254,4,2942,0.08633582596872875
try,he,185,5,2942,0.0628823929299796
try,wanna,138,6,2942,0.0469068660774983
try,she,98,7,2942,0.03331067301155676
try,they,74,8,2942,0.02515295717199184
try,mommy,27,9,2942,0.009177430319510536
try,it,20,10,2942,0.006798096532970768
try,ya,14,11,2942,0.004758667573079538
try,daddy,12,12,2942,0.004078857919782461
try,one,10,13,2942,0.003399048266485384
try,policeman,10,14,2942,0.003399048266485384
try,who,9,15,2942,0.0030591434398368456
try,oughta,7,16,2942,0.002379333786539769
try,lemme,6,17,2942,0.0020394289598912306
try,baby,5,18,2942,0.001699524133242692
try,someone,5,19,2942,0.001699524133242692
try,cat,4,20,2942,0.0013596193065941536
try,somebody,4,21,2942,0.0013596193065941536
try,dog,4,22,2942,0.0013596193065941536
try,chi,4,23,2942,0.0013596193065941536
try,honey,3,24,2942,0.0010197144799456153
try,paul,3,25,2942,0.0010197144799456153
try,mother,3,26,2942,0.0010197144799456153
try,boy,3,27,2942,0.0010197144799456153
try,lady,3,28,2942,0.0010197144799456153
try,people,3,29,2942,0.0010197144799456153
try,your,3,30,2942,0.0010197144799456153
try,that,3,31,2942,0.0010197144799456153
try,girl,2,32,2942,0.0006798096532970768
try,mama,2,33,2942,0.0006798096532970768
try,whatcha,2,34,2942,0.0006798096532970768
try,bird,2,35,2942,0.0006798096532970768
try,anybody,2,36,2942,0.0006798096532970768
try,ana,2,37,2942,0.0006798096532970768
try,bambi,2,38,2942,0.0006798096532970768
try,mom,2,39,2942,0.0006798096532970768
try,bunny,2,40,2942,0.0006798096532970768
try,anyone,2,41,2942,0.0006798096532970768
try,man,2,42,2942,0.0006798096532970768
try,melissa,2,43,2942,0.0006798096532970768
try,james,2,44,2942,0.0006798096532970768
try,buzz,2,45,2942,0.0006798096532970768
try,dragon,1,46,2942,0.0003399048266485384
try,jenny,1,47,2942,0.0003399048266485384
try,monkey,1,48,2942,0.0003399048266485384
try,bunny+rabbit,1,49,2942,0.0003399048266485384
try,kiki,1,50,2942,0.0003399048266485384
try,morgan,1,51,2942,0.0003399048266485384
try,babycakes,1,52,2942,0.0003399048266485384
try,thing,1,53,2942,0.0003399048266485384
try,brooklyn,1,54,2942,0.0003399048266485384
try,tabitha,1,55,2942,0.0003399048266485384
try,dakota,1,56,2942,0.0003399048266485384
try,ball,1,57,2942,0.0003399048266485384
try,kitty,1,58,2942,0.0003399048266485384
try,doggie,1,59,2942,0.0003399048266485384
try,useta,1,60,2942,0.0003399048266485384
try,being,1,61,2942,0.0003399048266485384
try,missy,1,62,2942,0.0003399048266485384
try,adam,1,63,2942,0.0003399048266485384
try,bug,1,64,2942,0.0003399048266485384
try,bee,1,65,2942,0.0003399048266485384
try,lassie,1,66,2942,0.0003399048266485384
try,ears,1,67,2942,0.0003399048266485384
try,sarah,1,68,2942,0.0003399048266485384
try,oopsie,1,69,2942,0.0003399048266485384
try,contestant,1,70,2942,0.0003399048266485384
try,good,1,71,2942,0.0003399048266485384
try,leo,1,72,2942,0.0003399048266485384
try,frog,1,73,2942,0.0003399048266485384
try,charlie,1,74,2942,0.0003399048266485384
try,agent,1,75,2942,0.0003399048266485384
try,gramma,1,76,2942,0.0003399048266485384
try,em,1,77,2942,0.0003399048266485384
try,chucky,1,78,2942,0.0003399048266485384
try,everybody,1,79,2942,0.0003399048266485384
try,child,1,80,2942,0.0003399048266485384
try,courage,1,81,2942,0.0003399048266485384
try,blandsworth,1,82,2942,0.0003399048266485384
try,prince,1,83,2942,0.0003399048266485384
try,cinderella,1,84,2942,0.0003399048266485384
try,grandma,1,85,2942,0.0003399048266485384
try,hunter,1,86,2942,0.0003399048266485384
try,one'll,1,87,2942,0.0003399048266485384
try,wan,1,88,2942,0.0003399048266485384
try,some,1,89,2942,0.0003399048266485384
try,balloon,1,90,2942,0.0003399048266485384
try,soldier,1,91,2942,0.0003399048266485384
try,drusilla,1,92,2942,0.0003399048266485384
try,anastasia,1,93,2942,0.0003399048266485384
try,gonzo,1,94,2942,0.0003399048266485384
try,eliza,1,95,2942,0.0003399048266485384
try,auntie,1,96,2942,0.0003399048266485384
try,police,1,97,2942,0.0003399048266485384
try,bob,1,98,2942,0.0003399048266485384
try,part,1,99,2942,0.0003399048266485384
try,chang,1,100,2942,0.0003399048266485384
try,duke,1,101,2942,0.0003399048266485384
try,elephant,1,102,2942,0.0003399048266485384
try,bat,1,103,2942,0.0003399048266485384
try,yourself,1,104,2942,0.0003399048266485384
try,ross,1,105,2942,0.0003399048266485384
try,marky,1,106,2942,0.0003399048266485384
try,monster,1,107,2942,0.0003399048266485384
try,nice,1,108,2942,0.0003399048266485384
try,krystal,1,109,2942,0.0003399048266485384
try,go,1,110,2942,0.0003399048266485384
try,hum,1,111,2942,0.0003399048266485384
try,kalie,1,112,2942,0.0003399048266485384
try,chick,1,113,2942,0.0003399048266485384
try,wind,1,114,2942,0.0003399048266485384
try,mummy,1,115,2942,0.0003399048266485384
try,fixit,1,116,2942,0.0003399048266485384
try,joseph,1,117,2942,0.0003399048266485384
try,uhoh,1,118,2942,0.0003399048266485384
try,bear,1,119,2942,0.0003399048266485384
try,birdie,1,120,2942,0.0003399048266485384
try,blue,1,121,2942,0.0003399048266485384
try,tom,1,122,2942,0.0003399048266485384
try,chicken,1,123,2942,0.0003399048266485384
try,keep,1,124,2942,0.0003399048266485384
try,bailey,1,125,2942,0.0003399048266485384
try,simba,1,126,2942,0.0003399048266485384
try,momma,1,127,2942,0.0003399048266485384
try,cody,1,128,2942,0.0003399048266485384
try,dinosaur,1,129,2942,0.0003399048266485384
try,eater,1,130,2942,0.0003399048266485384
try,grandpa,1,131,2942,0.0003399048266485384
try,guy,1,132,2942,0.0003399048266485384
try,brett,1,133,2942,0.0003399048266485384
try,gregory,1,134,2942,0.0003399048266485384
try,harry,1,135,2942,0.0003399048266485384
try,everyone,1,136,2942,0.0003399048266485384
try,remi,1,137,2942,0.0003399048266485384
try,hungry,1,138,2942,0.0003399048266485384
try,michael,1,139,2942,0.0003399048266485384
try,emmitt,1,140,2942,0.0003399048266485384
try,matthew,1,141,2942,0.0003399048266485384
try,ash,1,142,2942,0.0003399048266485384
try,tony,1,143,2942,0.0003399048266485384
try,let,1,144,2942,0.0003399048266485384
try,whe,1,145,2942,0.0003399048266485384
hear,i,1152,1,2839,0.4057766819302571
hear,you,1066,2,2839,0.3754843254667136
hear,we,146,3,2839,0.05142655864741106
hear,he,96,4,2839,0.03381472349418809
hear,she,61,5,2839,0.021486438886932017
hear,they,55,6,2839,0.019373018668545263
hear,us,43,7,2839,0.01514617823177175
hear,wanna,36,8,2839,0.012680521310320535
hear,it,16,9,2839,0.005635787249031349
hear,ya,14,10,2839,0.004931313842902431
hear,daddy,8,11,2839,0.0028178936245156746
hear,who,5,12,2839,0.0017611835153222965
hear,nobody,4,13,2839,0.0014089468122578373
hear,anybody,4,14,2839,0.0014089468122578373
hear,that,4,15,2839,0.0014089468122578373
hear,one,4,16,2839,0.0014089468122578373
hear,brittany,4,17,2839,0.0014089468122578373
hear,miffy,3,18,2839,0.0010567101091933778
hear,recorder,3,19,2839,0.0010567101091933778
hear,anyone,3,20,2839,0.0010567101091933778
hear,lemme,3,21,2839,0.0010567101091933778
hear,kent,3,22,2839,0.0010567101091933778
hear,mommy,3,23,2839,0.0010567101091933778
hear,horton,3,24,2839,0.0010567101091933778
hear,mother,2,25,2839,0.0007044734061289186
hear,mama,2,26,2839,0.0007044734061289186
hear,jeremy,2,27,2839,0.0007044734061289186
hear,andy,2,28,2839,0.0007044734061289186
hear,mouse,2,29,2839,0.0007044734061289186
hear,piggie,2,30,2839,0.0007044734061289186
hear,few,2,31,2839,0.0007044734061289186
hear,thing,2,32,2839,0.0007044734061289186
hear,everybody,2,33,2839,0.0007044734061289186
hear,child,2,34,2839,0.0007044734061289186
hear,ryan,2,35,2839,0.0007044734061289186
hear,brett,2,36,2839,0.0007044734061289186
hear,in_order_to,2,37,2839,0.0007044734061289186
hear,barry,2,38,2839,0.0007044734061289186
hear,mamma,1,39,2839,0.0003522367030644593
hear,patsy,1,40,2839,0.0003522367030644593
hear,jenny,1,41,2839,0.0003522367030644593
hear,guy,1,42,2839,0.0003522367030644593
hear,noone,1,43,2839,0.0003522367030644593
hear,person,1,44,2839,0.0003522367030644593
hear,elephant,1,45,2839,0.0003522367030644593
hear,noise,1,46,2839,0.0003522367030644593
hear,dakota,1,47,2839,0.0003522367030644593
hear,toy,1,48,2839,0.0003522367030644593
hear,act,1,49,2839,0.0003522367030644593
hear,adam,1,50,2839,0.0003522367030644593
hear,ursula,1,51,2839,0.0003522367030644593
hear,bobo,1,52,2839,0.0003522367030644593
hear,gloria,1,53,2839,0.0003522367030644593
hear,ear,1,54,2839,0.0003522367030644593
hear,grampy,1,55,2839,0.0003522367030644593
hear,baby,1,56,2839,0.0003522367030644593
hear,what,1,57,2839,0.0003522367030644593
hear,cindy,1,58,2839,0.0003522367030644593
hear,blister,1,59,2839,0.0003522367030644593
hear,shoulda,1,60,2839,0.0003522367030644593
hear,piggy,1,61,2839,0.0003522367030644593
hear,bird,1,62,2839,0.0003522367030644593
hear,oliver,1,63,2839,0.0003522367030644593
hear,cinderella,1,64,2839,0.0003522367030644593
hear,rudolf,1,65,2839,0.0003522367030644593
hear,pig,1,66,2839,0.0003522367030644593
hear,prince,1,67,2839,0.0003522367030644593
hear,chi,1,68,2839,0.0003522367030644593
hear,honey,1,69,2839,0.0003522367030644593
hear,kimberly,1,70,2839,0.0003522367030644593
hear,hansel,1,71,2839,0.0003522367030644593
hear,diatrima,1,72,2839,0.0003522367030644593
hear,cow,1,73,2839,0.0003522367030644593
hear,lady,1,74,2839,0.0003522367030644593
hear,god,1,75,2839,0.0003522367030644593
hear,roaring,1,76,2839,0.0003522367030644593
hear,lassie,1,77,2839,0.0003522367030644593
hear,tape,1,78,2839,0.0003522367030644593
hear,meow,1,79,2839,0.0003522367030644593
hear,oop,1,80,2839,0.0003522367030644593
hear,joseph,1,81,2839,0.0003522367030644593
hear,friend,1,82,2839,0.0003522367030644593
hear,jessica,1,83,2839,0.0003522367030644593
hear,erin,1,84,2839,0.0003522367030644593
hear,dale,1,85,2839,0.0003522367030644593
hear,initial,1,86,2839,0.0003522367030644593
hear,tyrone,1,87,2839,0.0003522367030644593
hear,yourself,1,88,2839,0.0003522367030644593
hear,seal,1,89,2839,0.0003522367030644593
hear,jason,1,90,2839,0.0003522367030644593
hear,let,1,91,2839,0.0003522367030644593
hear,remi,1,92,2839,0.0003522367030644593
hear,tunde,1,93,2839,0.0003522367030644593
hear,whoever,1,94,2839,0.0003522367030644593
hear,man,1,95,2839,0.0003522367030644593
hear,neighbor,1,96,2839,0.0003522367030644593
hear,everyone,1,97,2839,0.0003522367030644593
hear,juice,1,98,2839,0.0003522367030644593
hear,sister,1,99,2839,0.0003522367030644593
hear,gerbil,1,100,2839,0.0003522367030644593
hear,daniel,1,101,2839,0.0003522367030644593
hear,julia,1,102,2839,0.0003522367030644593
hear,all,1,103,2839,0.0003522367030644593
hear,graeme,1,104,2839,0.0003522367030644593
hear,david,1,105,2839,0.0003522367030644593
hear,machine,1,106,2839,0.0003522367030644593
hear,donnel,1,107,2839,0.0003522367030644593
hear,mallard,1,108,2839,0.0003522367030644593
hear,the,1,109,2839,0.0003522367030644593
hear,pippin,1,110,2839,0.0003522367030644593
read,you,750,1,2774,0.27036770007209804
read,i,737,2,2774,0.2656813266041817
read,we,413,3,2774,0.14888248017303532
read,wanna,234,4,2774,0.08435472242249459
read,us,137,5,2774,0.04938716654650324
read,mommy,74,6,2774,0.026676279740447006
read,he,71,7,2774,0.025594808940158614
read,she,48,8,2774,0.017303532804614274
read,daddy,40,9,2774,0.014419610670511895
read,they,24,10,2774,0.008651766402307137
read,who,23,11,2774,0.00829127613554434
read,mom,23,12,2774,0.00829127613554434
read,judy,16,13,2774,0.005767844268204758
read,mama,9,14,2774,0.0032444124008651765
read,eve,9,15,2774,0.0032444124008651765
read,one,9,16,2774,0.0032444124008651765
read,mommy'll,7,17,2774,0.0025234318673395817
read,go,6,18,2774,0.0021629416005767843
read,book,5,19,2774,0.001802451333813987
read,anybody,4,20,2774,0.0014419610670511895
read,laura,4,21,2774,0.0014419610670511895
read,needta,4,22,2774,0.0014419610670511895
read,fraser,4,23,2774,0.0014419610670511895
read,it,4,24,2774,0.0014419610670511895
read,karen,4,25,2774,0.0014419610670511895
read,guy,4,26,2774,0.0014419610670511895
read,story,4,27,2774,0.0014419610670511895
read,robin,3,28,2774,0.0010814708002883922
read,mummy,3,29,2774,0.0010814708002883922
read,teacher,3,30,2774,0.0010814708002883922
read,brother,3,31,2774,0.0010814708002883922
read,cindy,2,32,2774,0.0007209805335255948
read,people,2,33,2774,0.0007209805335255948
read,all,2,34,2774,0.0007209805335255948
read,lemme,2,35,2774,0.0007209805335255948
read,sister,2,36,2774,0.0007209805335255948
read,let,2,37,2774,0.0007209805335255948
read,mot,2,38,2774,0.0007209805335255948
read,hasta,2,39,2774,0.0007209805335255948
read,that,2,40,2774,0.0007209805335255948
read,dad,2,41,2774,0.0007209805335255948
read,michael,2,42,2774,0.0007209805335255948
read,katy,2,43,2774,0.0007209805335255948
read,lia,2,44,2774,0.0007209805335255948
read,father,2,45,2774,0.0007209805335255948
read,this,2,46,2774,0.0007209805335255948
read,nina,2,47,2774,0.0007209805335255948
read,somebody,2,48,2774,0.0007209805335255948
read,elizabeth,2,49,2774,0.0007209805335255948
read,patsy,1,50,2774,0.0003604902667627974
read,lois,1,51,2774,0.0003604902667627974
read,jennifer'is,1,52,2774,0.0003604902667627974
read,peter,1,53,2774,0.0003604902667627974
read,snoopy,1,54,2774,0.0003604902667627974
read,yours,1,55,2774,0.0003604902667627974
read,newspaper,1,56,2774,0.0003604902667627974
read,uncle,1,57,2774,0.0003604902667627974
read,finish,1,58,2774,0.0003604902667627974
read,bunny+rabbit,1,59,2774,0.0003604902667627974
read,adam,1,60,2774,0.0003604902667627974
read,ursula,1,61,2774,0.0003604902667627974
read,mouse,1,62,2774,0.0003604902667627974
read,kitty,1,63,2774,0.0003604902667627974
read,whoever,1,64,2774,0.0003604902667627974
read,fraser'll,1,65,2774,0.0003604902667627974
read,boy,1,66,2774,0.0003604902667627974
read,monkey,1,67,2774,0.0003604902667627974
read,kangaroo,1,68,2774,0.0003604902667627974
read,kevin,1,69,2774,0.0003604902667627974
read,minute,1,70,2774,0.0003604902667627974
read,momma,1,71,2774,0.0003604902667627974
read,part,1,72,2774,0.0003604902667627974
read,sabina,1,73,2774,0.0003604902667627974
read,nobody,1,74,2774,0.0003604902667627974
read,wan,1,75,2774,0.0003604902667627974
read,becky,1,76,2774,0.0003604902667627974
read,rhonda,1,77,2774,0.0003604902667627974
read,donna,1,78,2774,0.0003604902667627974
read,someone,1,79,2774,0.0003604902667627974
read,person,1,80,2774,0.0003604902667627974
read,chi,1,81,2774,0.0003604902667627974
read,sis,1,82,2774,0.0003604902667627974
read,roy,1,83,2774,0.0003604902667627974
read,stepmother,1,84,2774,0.0003604902667627974
read,rachel,1,85,2774,0.0003604902667627974
read,megan,1,86,2774,0.0003604902667627974
read,melissa,1,87,2774,0.0003604902667627974
read,reading,1,88,2774,0.0003604902667627974
read,alligator,1,89,2774,0.0003604902667627974
read,mother,1,90,2774,0.0003604902667627974
read,sposta,1,91,2774,0.0003604902667627974
read,cents,1,92,2774,0.0003604902667627974
read,catherine,1,93,2774,0.0003604902667627974
read,doll,1,94,2774,0.0003604902667627974
read,page,1,95,2774,0.0003604902667627974
read,man,1,96,2774,0.0003604902667627974
read,jill,1,97,2774,0.0003604902667627974
read,shalom,1,98,2774,0.0003604902667627974
read,hadta,1,99,2774,0.0003604902667627974
read,papa,1,100,2774,0.0003604902667627974
read,ten_little_ladybug,1,101,2774,0.0003604902667627974
read,ya,1,102,2774,0.0003604902667627974
read,word,1,103,2774,0.0003604902667627974
read,comma,1,104,2774,0.0003604902667627974
read,kitten,1,105,2774,0.0003604902667627974
read,thank_you,1,106,2774,0.0003604902667627974
read,joey,1,107,2774,0.0003604902667627974
read,as_soon_as,1,108,2774,0.0003604902667627974
mean,you,1018,1,2755,0.36950998185117967
mean,i,655,2,2755,0.23774954627949182
mean,that,563,3,2755,0.2043557168784029
mean,it,214,4,2755,0.07767695099818511
mean,he,50,5,2755,0.018148820326678767
mean,she,24,6,2755,0.008711433756805808
mean,this,17,7,2755,0.006170598911070781
mean,which,16,8,2755,0.005807622504537205
mean,word,16,9,2755,0.005807622504537205
mean,ya,16,10,2755,0.005807622504537205
mean,they,13,11,2755,0.004718693284936479
mean,light,10,12,2755,0.003629764065335753
mean,what,9,13,2755,0.003266787658802178
mean,so_that,8,14,2755,0.0029038112522686023
mean,we,4,15,2755,0.0014519056261343012
mean,one,3,16,2755,0.001088929219600726
mean,mommy,3,17,2755,0.001088929219600726
mean,some,2,18,2755,0.0007259528130671506
mean,cooperation,2,19,2755,0.0007259528130671506
mean,birthday,2,20,2755,0.0007259528130671506
mean,time,2,21,2755,0.0007259528130671506
mean,dead,2,22,2755,0.0007259528130671506
mean,exodus,2,23,2755,0.0007259528130671506
mean,tikatika,2,24,2755,0.0007259528130671506
mean,chih,2,25,2755,0.0007259528130671506
mean,nggo,2,26,2755,0.0007259528130671506
mean,green,2,27,2755,0.0007259528130671506
mean,scolding,2,28,2755,0.0007259528130671506
mean,puzzle,2,29,2755,0.0007259528130671506
mean,shobee,2,30,2755,0.0007259528130671506
mean,both,1,31,2755,0.0003629764065335753
mean,bell,1,32,2755,0.0003629764065335753
mean,notice,1,33,2755,0.0003629764065335753
mean,kaktur,1,34,2755,0.0003629764065335753
mean,uhvi,1,35,2755,0.0003629764065335753
mean,illness,1,36,2755,0.0003629764065335753
mean,ki_sue,1,37,2755,0.0003629764065335753
mean,kitty,1,38,2755,0.0003629764065335753
mean,uncle,1,39,2755,0.0003629764065335753
mean,attack,1,40,2755,0.0003629764065335753
mean,kind,1,41,2755,0.0003629764065335753
mean,ge,1,42,2755,0.0003629764065335753
mean,silly,1,43,2755,0.0003629764065335753
mean,thing,1,44,2755,0.0003629764065335753
mean,grouch,1,45,2755,0.0003629764065335753
mean,ecta,1,46,2755,0.0003629764065335753
mean,didi,1,47,2755,0.0003629764065335753
mean,clap,1,48,2755,0.0003629764065335753
mean,delf,1,49,2755,0.0003629764065335753
mean,intelligent,1,50,2755,0.0003629764065335753
mean,marvelous,1,51,2755,0.0003629764065335753
mean,brain,1,52,2755,0.0003629764065335753
mean,mummy,1,53,2755,0.0003629764065335753
mean,four,1,54,2755,0.0003629764065335753
mean,betty,1,55,2755,0.0003629764065335753
mean,block,1,56,2755,0.0003629764065335753
mean,nineteen,1,57,2755,0.0003629764065335753
mean,ring,1,58,2755,0.0003629764065335753
mean,those,1,59,2755,0.0003629764065335753
mean,nod,1,60,2755,0.0003629764065335753
mean,seamstress,1,61,2755,0.0003629764065335753
mean,ni,1,62,2755,0.0003629764065335753
mean,zero,1,63,2755,0.0003629764065335753
mean,policeman,1,64,2755,0.0003629764065335753
mean,sterile,1,65,2755,0.0003629764065335753
mean,name,1,66,2755,0.0003629764065335753
mean,message,1,67,2755,0.0003629764065335753
mean,noise,1,68,2755,0.0003629764065335753
mean,footprint,1,69,2755,0.0003629764065335753
mean,cobwebs,1,70,2755,0.0003629764065335753
mean,sound,1,71,2755,0.0003629764065335753
mean,lady,1,72,2755,0.0003629764065335753
mean,day,1,73,2755,0.0003629764065335753
mean,title,1,74,2755,0.0003629764065335753
mean,hydrogerum,1,75,2755,0.0003629764065335753
mean,tape,1,76,2755,0.0003629764065335753
mean,tight,1,77,2755,0.0003629764065335753
mean,guard,1,78,2755,0.0003629764065335753
mean,abe,1,79,2755,0.0003629764065335753
mean,faratta,1,80,2755,0.0003629764065335753
mean,pee,1,81,2755,0.0003629764065335753
mean,shoe,1,82,2755,0.0003629764065335753
mean,choo,1,83,2755,0.0003629764065335753
mean,puddy,1,84,2755,0.0003629764065335753
mean,nuff,1,85,2755,0.0003629764065335753
mean,ehe,1,86,2755,0.0003629764065335753
mean,pau,1,87,2755,0.0003629764065335753
mean,horse,1,88,2755,0.0003629764065335753
mean,nomi,1,89,2755,0.0003629764065335753
mean,horn,1,90,2755,0.0003629764065335753
mean,cookie,1,91,2755,0.0003629764065335753
mean,commermation,1,92,2755,0.0003629764065335753
mean,blue,1,93,2755,0.0003629764065335753
mean,balloon,1,94,2755,0.0003629764065335753
mean,fat,1,95,2755,0.0003629764065335753
mean,purring,1,96,2755,0.0003629764065335753
mean,meow,1,97,2755,0.0003629764065335753
mean,yuck,1,98,2755,0.0003629764065335753
mean,cassandra,1,99,2755,0.0003629764065335753
mean,fishie,1,100,2755,0.0003629764065335753
mean,smile,1,101,2755,0.0003629764065335753
mean,circle,1,102,2755,0.0003629764065335753
mean,worm,1,103,2755,0.0003629764065335753
mean,shy,1,104,2755,0.0003629764065335753
mean,check,1,105,2755,0.0003629764065335753
mean,ingredient,1,106,2755,0.0003629764065335753
mean,jason,1,107,2755,0.0003629764065335753
mean,daddy,1,108,2755,0.0003629764065335753
mean,most,1,109,2755,0.0003629764065335753
mean,love,1,110,2755,0.0003629764065335753
mean,all,1,111,2755,0.0003629764065335753
mean,anything,1,112,2755,0.0003629764065335753
mean,lack,1,113,2755,0.0003629764065335753
mean,fruit,1,114,2755,0.0003629764065335753
mean,lassie,1,115,2755,0.0003629764065335753
mean,clockwise,1,116,2755,0.0003629764065335753
mean,orange,1,117,2755,0.0003629764065335753
mean,pasa,1,118,2755,0.0003629764065335753
mean,promise,1,119,2755,0.0003629764065335753
mean,boil,1,120,2755,0.0003629764065335753
fall,you,488,1,2679,0.18215752146323255
fall,it,428,2,2679,0.1597611048898843
fall,he,371,3,2679,0.13848450914520344
fall,they,234,4,2679,0.08734602463605823
fall,she,101,5,2679,0.03770063456513625
fall,who,75,6,2679,0.027995520716685332
fall,i,52,7,2679,0.01941022769690183
fall,that,42,8,2679,0.015677491601343786
fall,one,38,9,2679,0.014184397163120567
fall,what,30,10,2679,0.011198208286674132
fall,all,27,11,2679,0.010078387458006719
fall,policeman,22,12,2679,0.008212019410227697
fall,whoop,18,13,2679,0.006718924972004479
fall,bridge,17,14,2679,0.006345651362448675
fall,thing,17,15,2679,0.006345651362448675
fall,we,16,16,2679,0.0059723777528928705
fall,man,14,17,2679,0.005225830533781261
fall,this,14,18,2679,0.005225830533781261
fall,something,14,19,2679,0.005225830533781261
fall,tower,12,20,2679,0.004479283314669653
fall,tooth,12,21,2679,0.004479283314669653
fall,boy,11,22,2679,0.004106009705113848
fall,everybody,10,23,2679,0.003732736095558044
fall,wall,10,24,2679,0.003732736095558044
fall,baby,10,25,2679,0.003732736095558044
fall,leaf,10,26,2679,0.003732736095558044
fall,hat,10,27,2679,0.003732736095558044
fall,sky,10,28,2679,0.003732736095558044
fall,people,9,29,2679,0.0033594624860022394
fall,car,9,30,2679,0.0033594624860022394
fall,cup,9,31,2679,0.0033594624860022394
fall,everything,8,32,2679,0.0029861888764464353
fall,dog,8,33,2679,0.0029861888764464353
fall,snow,7,34,2679,0.0026129152668906306
fall,shoe,7,35,2679,0.0026129152668906306
fall,head,7,36,2679,0.0026129152668906306
fall,horse,7,37,2679,0.0026129152668906306
fall,mommy,6,38,2679,0.0022396416573348264
fall,rain,6,39,2679,0.0022396416573348264
fall,daddy,6,40,2679,0.0022396416573348264
fall,book,6,41,2679,0.0022396416573348264
fall,chair,6,42,2679,0.0022396416573348264
fall,girl,5,43,2679,0.001866368047779022
fall,lady,5,44,2679,0.001866368047779022
fall,microphone,5,45,2679,0.001866368047779022
fall,jack,5,46,2679,0.001866368047779022
fall,kitty,5,47,2679,0.001866368047779022
fall,piece,5,48,2679,0.001866368047779022
fall,these,5,49,2679,0.001866368047779022
fall,mine,5,50,2679,0.001866368047779022
fall,cat,5,51,2679,0.001866368047779022
fall,uhoh,4,52,2679,0.0014930944382232176
fall,block,4,53,2679,0.0014930944382232176
fall,truck,4,54,2679,0.0014930944382232176
fall,yours,4,55,2679,0.0014930944382232176
fall,sock,4,56,2679,0.0014930944382232176
fall,top,4,57,2679,0.0014930944382232176
fall,mike,4,58,2679,0.0014930944382232176
fall,stick,4,59,2679,0.0014930944382232176
fall,bear,4,60,2679,0.0014930944382232176
fall,battery,4,61,2679,0.0014930944382232176
fall,house,4,62,2679,0.0014930944382232176
fall,lion,4,63,2679,0.0014930944382232176
fall,sister,4,64,2679,0.0014930944382232176
fall,water,4,65,2679,0.0014930944382232176
fall,night,4,66,2679,0.0014930944382232176
fall,elephant,4,67,2679,0.0014930944382232176
fall,food,4,68,2679,0.0014930944382232176
fall,ball,4,69,2679,0.0014930944382232176
fall,foot,4,70,2679,0.0014930944382232176
fall,doggie,3,71,2679,0.0011198208286674132
fall,cracker,3,72,2679,0.0011198208286674132
fall,barrel,3,73,2679,0.0011198208286674132
fall,somebody,3,74,2679,0.0011198208286674132
fall,monkey,3,75,2679,0.0011198208286674132
fall,animal,3,76,2679,0.0011198208286674132
fall,someone,3,77,2679,0.0011198208286674132
fall,some,3,78,2679,0.0011198208286674132
fall,adam,3,79,2679,0.0011198208286674132
fall,train,3,80,2679,0.0011198208286674132
fall,teacher,3,81,2679,0.0011198208286674132
fall,crayon,3,82,2679,0.0011198208286674132
fall,go,3,83,2679,0.0011198208286674132
fall,leg,3,84,2679,0.0011198208286674132
fall,oop,3,85,2679,0.0011198208286674132
fall,tree,3,86,2679,0.0011198208286674132
fall,arm,3,87,2679,0.0011198208286674132
fall,cradle,3,88,2679,0.0011198208286674132
fall,frog,3,89,2679,0.0011198208286674132
fall,lid,3,90,2679,0.0011198208286674132
fall,goldie,3,91,2679,0.0011198208286674132
fall,georgie,3,92,2679,0.0011198208286674132
fall,nina,3,93,2679,0.0011198208286674132
fall,person,3,94,2679,0.0011198208286674132
fall,oscar,3,95,2679,0.0011198208286674132
fall,ladder,2,96,2679,0.0007465472191116088
fall,chicken,2,97,2679,0.0007465472191116088
fall,pant,2,98,2679,0.0007465472191116088
fall,boom,2,99,2679,0.0007465472191116088
fall,egg,2,100,2679,0.0007465472191116088
fall,peter,2,101,2679,0.0007465472191116088
fall,horsie,2,102,2679,0.0007465472191116088
fall,milk,2,103,2679,0.0007465472191116088
fall,hair,2,104,2679,0.0007465472191116088
fall,nut,2,105,2679,0.0007465472191116088
fall,box,2,106,2679,0.0007465472191116088
fall,telephone,2,107,2679,0.0007465472191116088
fall,tear,2,108,2679,0.0007465472191116088
fall,cowboy,2,109,2679,0.0007465472191116088
fall,table,2,110,2679,0.0007465472191116088
fall,tv,2,111,2679,0.0007465472191116088
fall,card,2,112,2679,0.0007465472191116088
fall,balloon,2,113,2679,0.0007465472191116088
fall,cage,2,114,2679,0.0007465472191116088
fall,tunnel,2,115,2679,0.0007465472191116088
fall,wheel,2,116,2679,0.0007465472191116088
fall,whistle,2,117,2679,0.0007465472191116088
fall,grover,2,118,2679,0.0007465472191116088
fall,oliver,2,119,2679,0.0007465472191116088
fall,cover,2,120,2679,0.0007465472191116088
fall,meat,2,121,2679,0.0007465472191116088
fall,bunny,2,122,2679,0.0007465472191116088
fall,nose,2,123,2679,0.0007465472191116088
fall,rooster,2,124,2679,0.0007465472191116088
fall,hook,2,125,2679,0.0007465472191116088
fall,basket,2,126,2679,0.0007465472191116088
fall,marky,2,127,2679,0.0007465472191116088
fall,cookie,2,128,2679,0.0007465472191116088
fall,kangaroo,2,129,2679,0.0007465472191116088
fall,toy,2,130,2679,0.0007465472191116088
fall,apple,2,131,2679,0.0007465472191116088
fall,snoopy,2,132,2679,0.0007465472191116088
fall,brian,2,133,2679,0.0007465472191116088
fall,farmer,2,134,2679,0.0007465472191116088
fall,dough,2,135,2679,0.0007465472191116088
fall,finger,2,136,2679,0.0007465472191116088
fall,beef,2,137,2679,0.0007465472191116088
fall,miffy,1,138,2679,0.0003732736095558044
fall,timmy,1,139,2679,0.0003732736095558044
fall,rock,1,140,2679,0.0003732736095558044
fall,house'll,1,141,2679,0.0003732736095558044
fall,donkey,1,142,2679,0.0003732736095558044
fall,mouse,1,143,2679,0.0003732736095558044
fall,seesaw,1,144,2679,0.0003732736095558044
fall,furniture,1,145,2679,0.0003732736095558044
fall,sandwich,1,146,2679,0.0003732736095558044
fall,jenny,1,147,2679,0.0003732736095558044
fall,both,1,148,2679,0.0003732736095558044
fall,cow,1,149,2679,0.0003732736095558044
fall,colt,1,150,2679,0.0003732736095558044
fall,laura,1,151,2679,0.0003732736095558044
fall,little,1,152,2679,0.0003732736095558044
fall,honey,1,153,2679,0.0003732736095558044
fall,ya,1,154,2679,0.0003732736095558044
fall,simba,1,155,2679,0.0003732736095558044
fall,monitor,1,156,2679,0.0003732736095558044
fall,crumb,1,157,2679,0.0003732736095558044
fall,stuff,1,158,2679,0.0003732736095558044
fall,yellow,1,159,2679,0.0003732736095558044
fall,chickie,1,160,2679,0.0003732736095558044
fall,sausage,1,161,2679,0.0003732736095558044
fall,curtain,1,162,2679,0.0003732736095558044
fall,cheese,1,163,2679,0.0003732736095558044
fall,henry,1,164,2679,0.0003732736095558044
fall,buzz,1,165,2679,0.0003732736095558044
fall,maggie,1,166,2679,0.0003732736095558044
fall,useta,1,167,2679,0.0003732736095558044
fall,record,1,168,2679,0.0003732736095558044
fall,sun,1,169,2679,0.0003732736095558044
fall,douglas,1,170,2679,0.0003732736095558044
fall,iron,1,171,2679,0.0003732736095558044
fall,airplane,1,172,2679,0.0003732736095558044
fall,fish,1,173,2679,0.0003732736095558044
fall,clay,1,174,2679,0.0003732736095558044
fall,eve,1,175,2679,0.0003732736095558044
fall,courtney,1,176,2679,0.0003732736095558044
fall,millisandy,1,177,2679,0.0003732736095558044
fall,mummy,1,178,2679,0.0003732736095558044
fall,money,1,179,2679,0.0003732736095558044
fall,page'll,1,180,2679,0.0003732736095558044
fall,motor,1,181,2679,0.0003732736095558044
fall,shem,1,182,2679,0.0003732736095558044
fall,seed,1,183,2679,0.0003732736095558044
fall,lumber,1,184,2679,0.0003732736095558044
fall,pfth,1,185,2679,0.0003732736095558044
fall,brick,1,186,2679,0.0003732736095558044
fall,dumper,1,187,2679,0.0003732736095558044
fall,gate,1,188,2679,0.0003732736095558044
fall,wagon,1,189,2679,0.0003732736095558044
fall,acorn,1,190,2679,0.0003732736095558044
fall,bottle,1,191,2679,0.0003732736095558044
fall,gravel,1,192,2679,0.0003732736095558044
fall,doll,1,193,2679,0.0003732736095558044
fall,scab,1,194,2679,0.0003732736095558044
fall,bread,1,195,2679,0.0003732736095558044
fall,police,1,196,2679,0.0003732736095558044
fall,side,1,197,2679,0.0003732736095558044
fall,branch,1,198,2679,0.0003732736095558044
fall,tupty,1,199,2679,0.0003732736095558044
fall,googey,1,200,2679,0.0003732736095558044
fall,charlie,1,201,2679,0.0003732736095558044
fall,fender,1,202,2679,0.0003732736095558044
fall,child,1,203,2679,0.0003732736095558044
fall,bird,1,204,2679,0.0003732736095558044
fall,prince,1,205,2679,0.0003732736095558044
fall,heap,1,206,2679,0.0003732736095558044
fall,alice,1,207,2679,0.0003732736095558044
fall,drop,1,208,2679,0.0003732736095558044
fall,white,1,209,2679,0.0003732736095558044
fall,ryan,1,210,2679,0.0003732736095558044
fall,page,1,211,2679,0.0003732736095558044
fall,fingernail,1,212,2679,0.0003732736095558044
fall,barrette,1,213,2679,0.0003732736095558044
fall,hen,1,214,2679,0.0003732736095558044
fall,helmet,1,215,2679,0.0003732736095558044
fall,sound,1,216,2679,0.0003732736095558044
fall,donald,1,217,2679,0.0003732736095558044
fall,floor,1,218,2679,0.0003732736095558044
fall,anything,1,219,2679,0.0003732736095558044
fall,deal,1,220,2679,0.0003732736095558044
fall,speck,1,221,2679,0.0003732736095558044
fall,department,1,222,2679,0.0003732736095558044
fall,coffee,1,223,2679,0.0003732736095558044
fall,eyeball,1,224,2679,0.0003732736095558044
fall,bit,1,225,2679,0.0003732736095558044
fall,bro,1,226,2679,0.0003732736095558044
fall,smurf,1,227,2679,0.0003732736095558044
fall,oshka,1,228,2679,0.0003732736095558044
fall,gepetto,1,229,2679,0.0003732736095558044
fall,camel,1,230,2679,0.0003732736095558044
fall,batman,1,231,2679,0.0003732736095558044
fall,minnehaha,1,232,2679,0.0003732736095558044
fall,shirt,1,233,2679,0.0003732736095558044
fall,jar,1,234,2679,0.0003732736095558044
fall,mountain,1,235,2679,0.0003732736095558044
fall,abe,1,236,2679,0.0003732736095558044
fall,toe,1,237,2679,0.0003732736095558044
fall,luke,1,238,2679,0.0003732736095558044
fall,ceiling,1,239,2679,0.0003732736095558044
fall,his,1,240,2679,0.0003732736095558044
fall,uhhuh,1,241,2679,0.0003732736095558044
fall,chrissy,1,242,2679,0.0003732736095558044
fall,rachel,1,243,2679,0.0003732736095558044
fall,nobody,1,244,2679,0.0003732736095558044
fall,oh,1,245,2679,0.0003732736095558044
fall,lollipop,1,246,2679,0.0003732736095558044
fall,register,1,247,2679,0.0003732736095558044
fall,britche,1,248,2679,0.0003732736095558044
fall,castle,1,249,2679,0.0003732736095558044
fall,sandy,1,250,2679,0.0003732736095558044
fall,skunk,1,251,2679,0.0003732736095558044
fall,nomi,1,252,2679,0.0003732736095558044
fall,indian,1,253,2679,0.0003732736095558044
fall,world,1,254,2679,0.0003732736095558044
fall,wallpaper,1,255,2679,0.0003732736095558044
fall,patient,1,256,2679,0.0003732736095558044
fall,macaroni,1,257,2679,0.0003732736095558044
fall,newspaper,1,258,2679,0.0003732736095558044
fall,ash,1,259,2679,0.0003732736095558044
fall,nathaniel,1,260,2679,0.0003732736095558044
fall,letter,1,261,2679,0.0003732736095558044
fall,devil,1,262,2679,0.0003732736095558044
fall,aerial,1,263,2679,0.0003732736095558044
fall,plane,1,264,2679,0.0003732736095558044
fall,dress,1,265,2679,0.0003732736095558044
fall,nail,1,266,2679,0.0003732736095558044
fall,bookcase,1,267,2679,0.0003732736095558044
fall,giraffe,1,268,2679,0.0003732736095558044
fall,doctor,1,269,2679,0.0003732736095558044
fall,colby,1,270,2679,0.0003732736095558044
fall,part,1,271,2679,0.0003732736095558044
fall,engine,1,272,2679,0.0003732736095558044
fall,dish,1,273,2679,0.0003732736095558044
fall,rabbit,1,274,2679,0.0003732736095558044
fall,skirt'll,1,275,2679,0.0003732736095558044
fall,suspender,1,276,2679,0.0003732736095558044
fall,pea,1,277,2679,0.0003732736095558044
fall,karen,1,278,2679,0.0003732736095558044
fall,zoo,1,279,2679,0.0003732736095558044
fall,cereal,1,280,2679,0.0003732736095558044
fall,kind,1,281,2679,0.0003732736095558044
fall,no,1,282,2679,0.0003732736095558044
fall,tent,1,283,2679,0.0003732736095558044
fall,chuck,1,284,2679,0.0003732736095558044
fall,caboose,1,285,2679,0.0003732736095558044
fall,everyone,1,286,2679,0.0003732736095558044
fall,handle,1,287,2679,0.0003732736095558044
fall,pole,1,288,2679,0.0003732736095558044
fall,tail,1,289,2679,0.0003732736095558044
fall,rod,1,290,2679,0.0003732736095558044
fall,many,1,291,2679,0.0003732736095558044
fall,television,1,292,2679,0.0003732736095558044
fall,tractor,1,293,2679,0.0003732736095558044
fall,dad,1,294,2679,0.0003732736095558044
fall,clip,1,295,2679,0.0003732736095558044
fall,puppet,1,296,2679,0.0003732736095558044
fall,megablock,1,297,2679,0.0003732736095558044
fall,friend,1,298,2679,0.0003732736095558044
fall,pack,1,299,2679,0.0003732736095558044
fall,bull,1,300,2679,0.0003732736095558044
fall,garbage,1,301,2679,0.0003732736095558044
fall,amount,1,302,2679,0.0003732736095558044
fall,quarter,1,303,2679,0.0003732736095558044
fall,guy,1,304,2679,0.0003732736095558044
fall,spider,1,305,2679,0.0003732736095558044
fall,nothing,1,306,2679,0.0003732736095558044
fall,cube,1,307,2679,0.0003732736095558044
fall,cocoon,1,308,2679,0.0003732736095558044
fall,pick,1,309,2679,0.0003732736095558044
fall,needle,1,310,2679,0.0003732736095558044
fall,spoon,1,311,2679,0.0003732736095558044
fall,kitten,1,312,2679,0.0003732736095558044
fall,cooky,1,313,2679,0.0003732736095558044
fall,trailer,1,314,2679,0.0003732736095558044
fall,snowflake,1,315,2679,0.0003732736095558044
fall,fall,1,316,2679,0.0003732736095558044
fall,sand,1,317,2679,0.0003732736095558044
fall,few,1,318,2679,0.0003732736095558044
fall,grape,1,319,2679,0.0003732736095558044
fall,thumb,1,320,2679,0.0003732736095558044
fall,mailman,1,321,2679,0.0003732736095558044
fall,banana,1,322,2679,0.0003732736095558044
talk,you,1037,1,2550,0.4066666666666667
talk,i,347,2,2550,0.13607843137254902
talk,we,266,3,2550,0.10431372549019607
talk,he,216,4,2550,0.08470588235294117
talk,she,165,5,2550,0.06470588235294118
talk,they,96,6,2550,0.03764705882352941
talk,us,38,7,2550,0.014901960784313726
talk,it,38,8,2550,0.014901960784313726
talk,wanna,28,9,2550,0.010980392156862745
talk,who,24,10,2550,0.009411764705882352
talk,that,12,11,2550,0.004705882352941176
talk,chi,11,12,2550,0.004313725490196078
talk,daddy,8,13,2550,0.003137254901960784
talk,ya,7,14,2550,0.0027450980392156863
talk,boy,6,15,2550,0.002352941176470588
talk,baby,6,16,2550,0.002352941176470588
talk,mommy,5,17,2550,0.00196078431372549
talk,man,5,18,2550,0.00196078431372549
talk,everybody,5,19,2550,0.00196078431372549
talk,people,5,20,2550,0.00196078431372549
talk,one,4,21,2550,0.001568627450980392
talk,what,4,22,2550,0.001568627450980392
talk,ross,4,23,2550,0.001568627450980392
talk,carl,4,24,2550,0.001568627450980392
talk,somebody,3,25,2550,0.001176470588235294
talk,nobody,3,26,2550,0.001176470588235294
talk,mwww,3,27,2550,0.001176470588235294
talk,some,3,28,2550,0.001176470588235294
talk,whatcha,3,29,2550,0.001176470588235294
talk,millisandy,3,30,2550,0.001176470588235294
talk,melissa,3,31,2550,0.001176470588235294
talk,thing,3,32,2550,0.001176470588235294
talk,mother,3,33,2550,0.001176470588235294
talk,lady,3,34,2550,0.001176470588235294
talk,nomi,3,35,2550,0.001176470588235294
talk,guy,3,36,2550,0.001176470588235294
talk,brett,3,37,2550,0.001176470588235294
talk,anybody,2,38,2550,0.000784313725490196
talk,doggie,2,39,2550,0.000784313725490196
talk,jenny,2,40,2550,0.000784313725490196
talk,cow,2,41,2550,0.000784313725490196
talk,laura,2,42,2550,0.000784313725490196
talk,monkey,2,43,2550,0.000784313725490196
talk,cara,2,44,2550,0.000784313725490196
talk,child,2,45,2550,0.000784313725490196
talk,cracker,2,46,2550,0.000784313725490196
talk,adam,2,47,2550,0.000784313725490196
talk,sarah,2,48,2550,0.000784313725490196
talk,tickle,2,49,2550,0.000784313725490196
talk,kent,2,50,2550,0.000784313725490196
talk,kid,2,51,2550,0.000784313725490196
talk,anything,2,52,2550,0.000784313725490196
talk,rabbit,2,53,2550,0.000784313725490196
talk,bro,2,54,2550,0.000784313725490196
talk,brother,2,55,2550,0.000784313725490196
talk,this,2,56,2550,0.000784313725490196
talk,all,2,57,2550,0.000784313725490196
talk,person,2,58,2550,0.000784313725490196
talk,your,2,59,2550,0.000784313725490196
talk,bunny,2,60,2550,0.000784313725490196
talk,abe,2,61,2550,0.000784313725490196
talk,citus,2,62,2550,0.000784313725490196
talk,kitty,2,63,2550,0.000784313725490196
talk,snake,2,64,2550,0.000784313725490196
talk,ben,2,65,2550,0.000784313725490196
talk,momma,2,66,2550,0.000784313725490196
talk,worm,2,67,2550,0.000784313725490196
talk,patsy,1,68,2550,0.000392156862745098
talk,jennifer,1,69,2550,0.000392156862745098
talk,peter,1,70,2550,0.000392156862745098
talk,recorder,1,71,2550,0.000392156862745098
talk,ice+cream,1,72,2550,0.000392156862745098
talk,hasta,1,73,2550,0.000392156862745098
talk,swww,1,74,2550,0.000392156862745098
talk,jwww,1,75,2550,0.000392156862745098
talk,row,1,76,2550,0.000392156862745098
talk,a_lot_of,1,77,2550,0.000392156862745098
talk,timmy,1,78,2550,0.000392156862745098
talk,big_bird,1,79,2550,0.000392156862745098
talk,burt,1,80,2550,0.000392156862745098
talk,hadta,1,81,2550,0.000392156862745098
talk,bread,1,82,2550,0.000392156862745098
talk,girl,1,83,2550,0.000392156862745098
talk,husband,1,84,2550,0.000392156862745098
talk,eve,1,85,2550,0.000392156862745098
talk,bam_bam,1,86,2550,0.000392156862745098
talk,patty,1,87,2550,0.000392156862745098
talk,ssh,1,88,2550,0.000392156862745098
talk,gail,1,89,2550,0.000392156862745098
talk,ann,1,90,2550,0.000392156862745098
talk,shem,1,91,2550,0.000392156862745098
talk,yyu're,1,92,2550,0.000392156862745098
talk,anna,1,93,2550,0.000392156862745098
talk,knee,1,94,2550,0.000392156862745098
talk,donald,1,95,2550,0.000392156862745098
talk,firstname,1,96,2550,0.000392156862745098
talk,no,1,97,2550,0.000392156862745098
talk,sound,1,98,2550,0.000392156862745098
talk,william,1,99,2550,0.000392156862745098
talk,policeman,1,100,2550,0.000392156862745098
talk,courage,1,101,2550,0.000392156862745098
talk,bear,1,102,2550,0.000392156862745098
talk,arlo,1,103,2550,0.000392156862745098
talk,investigator,1,104,2550,0.000392156862745098
talk,teacher,1,105,2550,0.000392156862745098
talk,leslie,1,106,2550,0.000392156862745098
talk,father,1,107,2550,0.000392156862745098
talk,car,1,108,2550,0.000392156862745098
talk,duck,1,109,2550,0.000392156862745098
talk,debbie,1,110,2550,0.000392156862745098
talk,georgis,1,111,2550,0.000392156862745098
talk,quiet,1,112,2550,0.000392156862745098
talk,fred,1,113,2550,0.000392156862745098
talk,loyal,1,114,2550,0.000392156862745098
talk,turtle,1,115,2550,0.000392156862745098
talk,mickey_mouse,1,116,2550,0.000392156862745098
talk,sidewalk,1,117,2550,0.000392156862745098
talk,echo,1,118,2550,0.000392156862745098
talk,lion,1,119,2550,0.000392156862745098
talk,gun,1,120,2550,0.000392156862745098
talk,banner,1,121,2550,0.000392156862745098
talk,mark,1,122,2550,0.000392156862745098
talk,alisha,1,123,2550,0.000392156862745098
talk,don,1,124,2550,0.000392156862745098
talk,brittany,1,125,2550,0.000392156862745098
talk,sally,1,126,2550,0.000392156862745098
talk,bert,1,127,2550,0.000392156862745098
talk,raggedy_ann,1,128,2550,0.000392156862745098
talk,student,1,129,2550,0.000392156862745098
talk,katie,1,130,2550,0.000392156862745098
talk,mom,1,131,2550,0.000392156862745098
talk,nina,1,132,2550,0.000392156862745098
talk,horsie,1,133,2550,0.000392156862745098
talk,kangaroo,1,134,2550,0.000392156862745098
talk,elephant,1,135,2550,0.000392156862745098
talk,mouse,1,136,2550,0.000392156862745098
talk,elizabeth,1,137,2550,0.000392156862745098
talk,birdie,1,138,2550,0.000392156862745098
talk,pete,1,139,2550,0.000392156862745098
talk,parent,1,140,2550,0.000392156862745098
talk,rooster,1,141,2550,0.000392156862745098
talk,tricia,1,142,2550,0.000392156862745098
talk,ernie,1,143,2550,0.000392156862745098
talk,monster,1,144,2550,0.000392156862745098
talk,frog,1,145,2550,0.000392156862745098
talk,graham,1,146,2550,0.000392156862745098
talk,dog,1,147,2550,0.000392156862745098
talk,tiki,1,148,2550,0.000392156862745098
talk,james,1,149,2550,0.000392156862745098
talk,shh,1,150,2550,0.000392156862745098
talk,needta,1,151,2550,0.000392156862745098
talk,someone,1,152,2550,0.000392156862745098
talk,aladar,1,153,2550,0.000392156862745098
talk,dinosaur,1,154,2550,0.000392156862745098
talk,roman,1,155,2550,0.000392156862745098
talk,chalkboard,1,156,2550,0.000392156862745098
talk,tony,1,157,2550,0.000392156862745098
talk,bobby,1,158,2550,0.000392156862745098
talk,myself,1,159,2550,0.000392156862745098
talk,sister,1,160,2550,0.000392156862745098
talk,horn,1,161,2550,0.000392156862745098
talk,johnathan,1,162,2550,0.000392156862745098
talk,sharon,1,163,2550,0.000392156862745098
talk,mia,1,164,2550,0.000392156862745098
talk,school,1,165,2550,0.000392156862745098
talk,tracy,1,166,2550,0.000392156862745098
talk,derek,1,167,2550,0.000392156862745098
talk,jerry,1,168,2550,0.000392156862745098
talk,voice,1,169,2550,0.000392156862745098
talk,derwood,1,170,2550,0.000392156862745098
talk,lynette,1,171,2550,0.000392156862745098
talk,grandchild,1,172,2550,0.000392156862745098
talk,michael,1,173,2550,0.000392156862745098
talk,gabriella,1,174,2550,0.000392156862745098
talk,honey,1,175,2550,0.000392156862745098
talk,robbie,1,176,2550,0.000392156862745098
talk,david,1,177,2550,0.000392156862745098
remember,you,1805,1,2535,0.7120315581854043
remember,i,481,2,2535,0.18974358974358974
remember,she,35,3,2535,0.013806706114398421
remember,he,21,4,2535,0.008284023668639054
remember,we,20,5,2535,0.007889546351084813
remember,ya,9,6,2535,0.0035502958579881655
remember,it,8,7,2535,0.003155818540433925
remember,that,5,8,2535,0.0019723865877712033
remember,chi,5,9,2535,0.0019723865877712033
remember,mommy,4,10,2535,0.0015779092702169625
remember,daddy,4,11,2535,0.0015779092702169625
remember,one,3,12,2535,0.001183431952662722
remember,guy,3,13,2535,0.001183431952662722
remember,nomi,3,14,2535,0.001183431952662722
remember,what,3,15,2535,0.001183431952662722
remember,matty,3,16,2535,0.001183431952662722
remember,bobby,3,17,2535,0.001183431952662722
remember,shem,2,18,2535,0.0007889546351084812
remember,nobody,2,19,2535,0.0007889546351084812
remember,thing,2,20,2535,0.0007889546351084812
remember,saturday,2,21,2535,0.0007889546351084812
remember,roman,2,22,2535,0.0007889546351084812
remember,anybody,2,23,2535,0.0007889546351084812
remember,alice,1,24,2535,0.0003944773175542406
remember,ticketman,1,25,2535,0.0003944773175542406
remember,peter,1,26,2535,0.0003944773175542406
remember,mom,1,27,2535,0.0003944773175542406
remember,adam,1,28,2535,0.0003944773175542406
remember,eve,1,29,2535,0.0003944773175542406
remember,kent,1,30,2535,0.0003944773175542406
remember,trick,1,31,2535,0.0003944773175542406
remember,propeller,1,32,2535,0.0003944773175542406
remember,yep,1,33,2535,0.0003944773175542406
remember,hatchet,1,34,2535,0.0003944773175542406
remember,patricia,1,35,2535,0.0003944773175542406
remember,helen,1,36,2535,0.0003944773175542406
remember,ernie,1,37,2535,0.0003944773175542406
remember,caterpillar,1,38,2535,0.0003944773175542406
remember,juanita,1,39,2535,0.0003944773175542406
remember,sparkler,1,40,2535,0.0003944773175542406
remember,film,1,41,2535,0.0003944773175542406
remember,melanie,1,42,2535,0.0003944773175542406
remember,tanya,1,43,2535,0.0003944773175542406
remember,leftover,1,44,2535,0.0003944773175542406
remember,puzzle,1,45,2535,0.0003944773175542406
remember,lady,1,46,2535,0.0003944773175542406
remember,bologna,1,47,2535,0.0003944773175542406
remember,dana,1,48,2535,0.0003944773175542406
remember,word,1,49,2535,0.0003944773175542406
remember,fat,1,50,2535,0.0003944773175542406
remember,man,1,51,2535,0.0003944773175542406
remember,picture,1,52,2535,0.0003944773175542406
remember,grammy,1,53,2535,0.0003944773175542406
remember,who,1,54,2535,0.0003944773175542406
remember,tusk,1,55,2535,0.0003944773175542406
remember,language,1,56,2535,0.0003944773175542406
remember,neigh,1,57,2535,0.0003944773175542406
remember,rodeo_rosie,1,58,2535,0.0003944773175542406
remember,herself,1,59,2535,0.0003944773175542406
remember,figaro,1,60,2535,0.0003944773175542406
remember,yeh,1,61,2535,0.0003944773175542406
remember,place,1,62,2535,0.0003944773175542406
remember,terry,1,63,2535,0.0003944773175542406
remember,abe,1,64,2535,0.0003944773175542406
remember,bird,1,65,2535,0.0003944773175542406
remember,sweetheart,1,66,2535,0.0003944773175542406
remember,fritzy,1,67,2535,0.0003944773175542406
remember,eye,1,68,2535,0.0003944773175542406
remember,ladder,1,69,2535,0.0003944773175542406
remember,squirrel,1,70,2535,0.0003944773175542406
remember,juice,1,71,2535,0.0003944773175542406
remember,park,1,72,2535,0.0003944773175542406
remember,nathaniel,1,73,2535,0.0003944773175542406
remember,piece,1,74,2535,0.0003944773175542406
remember,both,1,75,2535,0.0003944773175542406
remember,shape,1,76,2535,0.0003944773175542406
remember,thomas,1,77,2535,0.0003944773175542406
remember,chantal,1,78,2535,0.0003944773175542406
remember,eleanore,1,79,2535,0.0003944773175542406
remember,nina,1,80,2535,0.0003944773175542406
remember,teapot,1,81,2535,0.0003944773175542406
remember,elephant,1,82,2535,0.0003944773175542406
remember,girl,1,83,2535,0.0003944773175542406
remember,toy,1,84,2535,0.0003944773175542406
remember,cause,1,85,2535,0.0003944773175542406
remember,sidewalk,1,86,2535,0.0003944773175542406
remember,child,1,87,2535,0.0003944773175542406
remember,farmer,1,88,2535,0.0003944773175542406
remember,play,1,89,2535,0.0003944773175542406
remember,butterfly,1,90,2535,0.0003944773175542406
remember,cook,1,91,2535,0.0003944773175542406
remember,plan,1,92,2535,0.0003944773175542406
remember,us,1,93,2535,0.0003944773175542406
remember,cat_hat,1,94,2535,0.0003944773175542406
remember,jillian,1,95,2535,0.0003944773175542406
remember,cold,1,96,2535,0.0003944773175542406
remember,buzz_lightyear,1,97,2535,0.0003944773175542406
remember,fly,1,98,2535,0.0003944773175542406
remember,giant,1,99,2535,0.0003944773175542406
remember,dog,1,100,2535,0.0003944773175542406
remember,m,1,101,2535,0.0003944773175542406
remember,line,1,102,2535,0.0003944773175542406
remember,corner,1,103,2535,0.0003944773175542406
remember,part,1,104,2535,0.0003944773175542406
remember,plane,1,105,2535,0.0003944773175542406
remember,ryan,1,106,2535,0.0003944773175542406
remember,owl,1,107,2535,0.0003944773175542406
remember,other,1,108,2535,0.0003944773175542406
remember,raffiki,1,109,2535,0.0003944773175542406
remember,trap,1,110,2535,0.0003944773175542406
remember,building,1,111,2535,0.0003944773175542406
remember,car,1,112,2535,0.0003944773175542406
remember,oh_my_goodness,1,113,2535,0.0003944773175542406
remember,hole,1,114,2535,0.0003944773175542406
remember,kid,1,115,2535,0.0003944773175542406
remember,ourselves,1,116,2535,0.0003944773175542406
remember,needta,1,117,2535,0.0003944773175542406
remember,hey,1,118,2535,0.0003944773175542406
remember,bike,1,119,2535,0.0003944773175542406
remember,giraffe,1,120,2535,0.0003944773175542406
remember,this,1,121,2535,0.0003944773175542406
remember,albert,1,122,2535,0.0003944773175542406
remember,lisa,1,123,2535,0.0003944773175542406
remember,gong,1,124,2535,0.0003944773175542406
remember,sword,1,125,2535,0.0003944773175542406
remember,name,1,126,2535,0.0003944773175542406
remember,dad,1,127,2535,0.0003944773175542406
remember,danny,1,128,2535,0.0003944773175542406
remember,mallard,1,129,2535,0.0003944773175542406
remember,talk,1,130,2535,0.0003944773175542406
remember,river,1,131,2535,0.0003944773175542406
turn,you,813,1,2246,0.3619768477292965
turn,i,304,2,2246,0.13535173642030277
turn,we,240,3,2246,0.10685663401602849
turn,it,201,4,2246,0.08949243098842387
turn,us,150,5,2246,0.06678539626001781
turn,he,81,6,2246,0.036064113980409616
turn,they,45,7,2246,0.020035618878005344
turn,wanna,44,8,2246,0.019590382902938557
turn,she,35,9,2246,0.015583259127337488
turn,that,23,10,2246,0.010240427426536063
turn,daddy,22,11,2246,0.009795191451469279
turn,caterpillar,18,12,2246,0.008014247551202136
turn,mommy,16,13,2246,0.007123775601068566
turn,wheel,10,14,2246,0.004452359750667854
turn,one,10,15,2246,0.004452359750667854
turn,who,9,16,2246,0.004007123775601068
turn,this,6,17,2246,0.0026714158504007124
turn,car,6,18,2246,0.0026714158504007124
turn,hand,6,19,2246,0.0026714158504007124
turn,mama,6,20,2246,0.0026714158504007124
turn,what,5,21,2246,0.002226179875333927
turn,tape,4,22,2246,0.0017809439002671415
turn,head,4,23,2246,0.0017809439002671415
turn,sis,4,24,2246,0.0017809439002671415
turn,travis,4,25,2246,0.0017809439002671415
turn,light,3,26,2246,0.0013357079252003562
turn,knob,3,27,2246,0.0013357079252003562
turn,honey,3,28,2246,0.0013357079252003562
turn,water,2,29,2246,0.0008904719501335708
turn,something,2,30,2246,0.0008904719501335708
turn,ernie,2,31,2246,0.0008904719501335708
turn,ring,2,32,2246,0.0008904719501335708
turn,eyeore,2,33,2246,0.0008904719501335708
turn,ya,2,34,2246,0.0008904719501335708
turn,button,2,35,2246,0.0008904719501335708
turn,hadta,2,36,2246,0.0008904719501335708
turn,everything,2,37,2246,0.0008904719501335708
turn,lip,2,38,2246,0.0008904719501335708
turn,lady,2,39,2246,0.0008904719501335708
turn,leaf,2,40,2246,0.0008904719501335708
turn,annie,2,41,2246,0.0008904719501335708
turn,horse,2,42,2246,0.0008904719501335708
turn,chi,2,43,2246,0.0008904719501335708
turn,puzzle,2,44,2246,0.0008904719501335708
turn,needta,2,45,2246,0.0008904719501335708
turn,snow,2,46,2246,0.0008904719501335708
turn,people,2,47,2246,0.0008904719501335708
turn,somebody,2,48,2246,0.0008904719501335708
turn,page,2,49,2246,0.0008904719501335708
turn,brittany,2,50,2246,0.0008904719501335708
turn,child,2,51,2246,0.0008904719501335708
turn,thing,2,52,2246,0.0008904719501335708
turn,whoop,2,53,2246,0.0008904719501335708
turn,mia,2,54,2246,0.0008904719501335708
turn,bunny,1,55,2246,0.0004452359750667854
turn,eric,1,56,2246,0.0004452359750667854
turn,recorder,1,57,2246,0.0004452359750667854
turn,peter,1,58,2246,0.0004452359750667854
turn,jenny,1,59,2246,0.0004452359750667854
turn,uhhuh,1,60,2246,0.0004452359750667854
turn,laura,1,61,2246,0.0004452359750667854
turn,go,1,62,2246,0.0004452359750667854
turn,mommy'll,1,63,2246,0.0004452359750667854
turn,lemme,1,64,2246,0.0004452359750667854
turn,chair,1,65,2246,0.0004452359750667854
turn,jaylen,1,66,2246,0.0004452359750667854
turn,alex,1,67,2246,0.0004452359750667854
turn,carl,1,68,2246,0.0004452359750667854
turn,ink,1,69,2246,0.0004452359750667854
turn,xavier,1,70,2246,0.0004452359750667854
turn,windmill,1,71,2246,0.0004452359750667854
turn,duckling,1,72,2246,0.0004452359750667854
turn,wing,1,73,2246,0.0004452359750667854
turn,heater,1,74,2246,0.0004452359750667854
turn,d,1,75,2246,0.0004452359750667854
turn,yep,1,76,2246,0.0004452359750667854
turn,cream,1,77,2246,0.0004452359750667854
turn,mine,1,78,2246,0.0004452359750667854
turn,other,1,79,2246,0.0004452359750667854
turn,propeller,1,80,2246,0.0004452359750667854
turn,policeman,1,81,2246,0.0004452359750667854
turn,tupty,1,82,2246,0.0004452359750667854
turn,hafta,1,83,2246,0.0004452359750667854
turn,mathilda,1,84,2246,0.0004452359750667854
turn,gus,1,85,2246,0.0004452359750667854
turn,monster,1,86,2246,0.0004452359750667854
turn,turtle,1,87,2246,0.0004452359750667854
turn,cou,1,88,2246,0.0004452359750667854
turn,andy,1,89,2246,0.0004452359750667854
turn,pascal,1,90,2246,0.0004452359750667854
turn,donald,1,91,2246,0.0004452359750667854
turn,dog,1,92,2246,0.0004452359750667854
turn,mouse,1,93,2246,0.0004452359750667854
turn,shoe,1,94,2246,0.0004452359750667854
turn,coach,1,95,2246,0.0004452359750667854
turn,coachman,1,96,2246,0.0004452359750667854
turn,footman,1,97,2246,0.0004452359750667854
turn,esmerelda,1,98,2246,0.0004452359750667854
turn,j,1,99,2246,0.0004452359750667854
turn,mom,1,100,2246,0.0004452359750667854
turn,top,1,101,2246,0.0004452359750667854
turn,yours,1,102,2246,0.0004452359750667854
turn,world,1,103,2246,0.0004452359750667854
turn,mm,1,104,2246,0.0004452359750667854
turn,earth,1,105,2246,0.0004452359750667854
turn,moon,1,106,2246,0.0004452359750667854
turn,tomcat,1,107,2246,0.0004452359750667854
turn,tom_cat,1,108,2246,0.0004452359750667854
turn,dinner,1,109,2246,0.0004452359750667854
turn,stomach,1,110,2246,0.0004452359750667854
turn,ice,1,111,2246,0.0004452359750667854
turn,boy,1,112,2246,0.0004452359750667854
turn,mama'll,1,113,2246,0.0004452359750667854
turn,max,1,114,2246,0.0004452359750667854
turn,switch,1,115,2246,0.0004452359750667854
turn,daddy'll,1,116,2246,0.0004452359750667854
turn,sound,1,117,2246,0.0004452359750667854
turn,tv,1,118,2246,0.0004452359750667854
turn,look,1,119,2246,0.0004452359750667854
turn,way,1,120,2246,0.0004452359750667854
turn,kalie,1,121,2246,0.0004452359750667854
turn,no,1,122,2246,0.0004452359750667854
turn,nomi,1,123,2246,0.0004452359750667854
turn,baaee,1,124,2246,0.0004452359750667854
turn,mummy,1,125,2246,0.0004452359750667854
turn,giraffe,1,126,2246,0.0004452359750667854
turn,heart,1,127,2246,0.0004452359750667854
turn,street,1,128,2246,0.0004452359750667854
turn,mother,1,129,2246,0.0004452359750667854
turn,catherine,1,130,2246,0.0004452359750667854
turn,nina,1,131,2246,0.0004452359750667854
turn,monkey,1,132,2246,0.0004452359750667854
turn,pinwheel,1,133,2246,0.0004452359750667854
turn,tobacco,1,134,2246,0.0004452359750667854
turn,guy,1,135,2246,0.0004452359750667854
turn,hasta,1,136,2246,0.0004452359750667854
turn,nicole,1,137,2246,0.0004452359750667854
turn,cake,1,138,2246,0.0004452359750667854
turn,grandma,1,139,2246,0.0004452359750667854
turn,james,1,140,2246,0.0004452359750667854
turn,ducky,1,141,2246,0.0004452359750667854
turn,man,1,142,2246,0.0004452359750667854
turn,prince,1,143,2246,0.0004452359750667854
turn,aladar,1,144,2246,0.0004452359750667854
turn,person,1,145,2246,0.0004452359750667854
turn,kind_of,1,146,2246,0.0004452359750667854
turn,dad,1,147,2246,0.0004452359750667854
turn,bird,1,148,2246,0.0004452359750667854
turn,matty,1,149,2246,0.0004452359750667854
turn,roman,1,150,2246,0.0004452359750667854
turn,tony,1,151,2246,0.0004452359750667854
turn,the,1,152,2246,0.0004452359750667854
turn,chris,1,153,2246,0.0004452359750667854
turn,face,1,154,2246,0.0004452359750667854
turn,tunde,1,155,2246,0.0004452359750667854
turn,lynette,1,156,2246,0.0004452359750667854
turn,joyce,1,157,2246,0.0004452359750667854
turn,business,1,158,2246,0.0004452359750667854
turn,roland,1,159,2246,0.0004452359750667854
turn,gabriel,1,160,2246,0.0004452359750667854
turn,perri,1,161,2246,0.0004452359750667854
turn,todd,1,162,2246,0.0004452359750667854
turn,u,1,163,2246,0.0004452359750667854
turn,robbie,1,164,2246,0.0004452359750667854
turn,tod,1,165,2246,0.0004452359750667854
turn,zoe,1,166,2246,0.0004452359750667854
turn,nobody,1,167,2246,0.0004452359750667854
turn,david,1,168,2246,0.0004452359750667854
turn,all,1,169,2246,0.0004452359750667854
turn,william,1,170,2246,0.0004452359750667854
turn,whose,1,171,2246,0.0004452359750667854
turn,kayode,1,172,2246,0.0004452359750667854
turn,let,1,173,2246,0.0004452359750667854
help,i,731,1,1985,0.36826196473551637
help,you,497,2,1985,0.2503778337531486
help,mommy,89,3,1985,0.044836272040302265
help,it,68,4,1985,0.03425692695214106
help,who,67,5,1985,0.033753148614609575
help,that,58,6,1985,0.029219143576826197
help,he,53,7,1985,0.026700251889168764
help,she,37,8,1985,0.018639798488664986
help,we,35,9,1985,0.017632241813602016
help,wanna,33,10,1985,0.01662468513853904
help,daddy,23,11,1985,0.011586901763224182
help,mom,21,12,1985,0.01057934508816121
help,they,20,13,1985,0.010075566750629723
help,mama,13,14,1985,0.00654911838790932
help,us,10,15,1985,0.005037783375314861
help,god,9,16,1985,0.004534005037783375
help,lemme,6,17,1985,0.003022670025188917
help,policeman,6,18,1985,0.003022670025188917
help,laura,5,19,1985,0.0025188916876574307
help,somebody,5,20,1985,0.0025188916876574307
help,this,5,21,1985,0.0025188916876574307
help,man,5,22,1985,0.0025188916876574307
help,nobody,4,23,1985,0.0020151133501259445
help,hasta,4,24,1985,0.0020151133501259445
help,sis,4,25,1985,0.0020151133501259445
help,mommy'll,3,26,1985,0.0015113350125944584
help,what,3,27,1985,0.0015113350125944584
help,dad,3,28,1985,0.0015113350125944584
help,doctor,3,29,1985,0.0015113350125944584
help,heaven,3,30,1985,0.0015113350125944584
help,firstname,3,31,1985,0.0015113350125944584
help,friend,3,32,1985,0.0015113350125944584
help,person,3,33,1985,0.0015113350125944584
help,grandma,3,34,1985,0.0015113350125944584
help,lip,3,35,1985,0.0015113350125944584
help,daddy'll,3,36,1985,0.0015113350125944584
help,baaee,3,37,1985,0.0015113350125944584
help,carl,3,38,1985,0.0015113350125944584
help,lois,2,39,1985,0.0010075566750629723
help,one,2,40,1985,0.0010075566750629723
help,swww,2,41,1985,0.0010075566750629723
help,anybody,2,42,1985,0.0010075566750629723
help,hafta,2,43,1985,0.0010075566750629723
help,harry,2,44,1985,0.0010075566750629723
help,big_bird,2,45,1985,0.0010075566750629723
help,adam,2,46,1985,0.0010075566750629723
help,sarah,2,47,1985,0.0010075566750629723
help,boy,2,48,1985,0.0010075566750629723
help,everybody,2,49,1985,0.0010075566750629723
help,teddy,2,50,1985,0.0010075566750629723
help,elephant,2,51,1985,0.0010075566750629723
help,pea,2,52,1985,0.0010075566750629723
help,carrot,2,53,1985,0.0010075566750629723
help,tongue,2,54,1985,0.0010075566750629723
help,someone,2,55,1985,0.0010075566750629723
help,milk,2,56,1985,0.0010075566750629723
help,joseph,2,57,1985,0.0010075566750629723
help,gammy,2,58,1985,0.0010075566750629723
help,nathaniel,2,59,1985,0.0010075566750629723
help,thomas,2,60,1985,0.0010075566750629723
help,some,2,61,1985,0.0010075566750629723
help,grandpa,2,62,1985,0.0010075566750629723
help,tracy,2,63,1985,0.0010075566750629723
help,yo,1,64,1985,0.0005037783375314861
help,eric,1,65,1985,0.0005037783375314861
help,jack,1,66,1985,0.0005037783375314861
help,sposta,1,67,1985,0.0005037783375314861
help,one'll,1,68,1985,0.0005037783375314861
help,pat'll,1,69,1985,0.0005037783375314861
help,russell,1,70,1985,0.0005037783375314861
help,fire+engine,1,71,1985,0.0005037783375314861
help,medicine,1,72,1985,0.0005037783375314861
help,oughta,1,73,1985,0.0005037783375314861
help,baby,1,74,1985,0.0005037783375314861
help,ernie,1,75,1985,0.0005037783375314861
help,cookie_monster,1,76,1985,0.0005037783375314861
help,window,1,77,1985,0.0005037783375314861
help,carpet,1,78,1985,0.0005037783375314861
help,henry,1,79,1985,0.0005037783375314861
help,shoe,1,80,1985,0.0005037783375314861
help,nothing,1,81,1985,0.0005037783375314861
help,hat,1,82,1985,0.0005037783375314861
help,wolf,1,83,1985,0.0005037783375314861
help,balloon,1,84,1985,0.0005037783375314861
help,rice,1,85,1985,0.0005037783375314861
help,anna,1,86,1985,0.0005037783375314861
help,wind,1,87,1985,0.0005037783375314861
help,oliver,1,88,1985,0.0005037783375314861
help,bunny,1,89,1985,0.0005037783375314861
help,donald,1,90,1985,0.0005037783375314861
help,dog,1,91,1985,0.0005037783375314861
help,dust,1,92,1985,0.0005037783375314861
help,rachael,1,93,1985,0.0005037783375314861
help,bed,1,94,1985,0.0005037783375314861
help,day,1,95,1985,0.0005037783375314861
help,frosty,1,96,1985,0.0005037783375314861
help,witch,1,97,1985,0.0005037783375314861
help,bit,1,98,1985,0.0005037783375314861
help,mamma,1,99,1985,0.0005037783375314861
help,wan,1,100,1985,0.0005037783375314861
help,morty,1,101,1985,0.0005037783375314861
help,wing,1,102,1985,0.0005037783375314861
help,ear,1,103,1985,0.0005037783375314861
help,muff,1,104,1985,0.0005037783375314861
help,suit,1,105,1985,0.0005037783375314861
help,ann,1,106,1985,0.0005037783375314861
help,simpskin,1,107,1985,0.0005037783375314861
help,hadta,1,108,1985,0.0005037783375314861
help,joe,1,109,1985,0.0005037783375314861
help,bro,1,110,1985,0.0005037783375314861
help,chi,1,111,1985,0.0005037783375314861
help,whatever,1,112,1985,0.0005037783375314861
help,blank,1,113,1985,0.0005037783375314861
help,puppet,1,114,1985,0.0005037783375314861
help,compass,1,115,1985,0.0005037783375314861
help,binocular,1,116,1985,0.0005037783375314861
help,cheese,1,117,1985,0.0005037783375314861
help,both,1,118,1985,0.0005037783375314861
help,parent,1,119,1985,0.0005037783375314861
help,juice,1,120,1985,0.0005037783375314861
help,megan,1,121,1985,0.0005037783375314861
help,sally,1,122,1985,0.0005037783375314861
help,sister,1,123,1985,0.0005037783375314861
help,face,1,124,1985,0.0005037783375314861
help,cat,1,125,1985,0.0005037783375314861
help,tom,1,126,1985,0.0005037783375314861
help,catherine,1,127,1985,0.0005037783375314861
help,kitty,1,128,1985,0.0005037783375314861
help,becca,1,129,1985,0.0005037783375314861
help,leila,1,130,1985,0.0005037783375314861
help,tape,1,131,1985,0.0005037783375314861
help,nina,1,132,1985,0.0005037783375314861
help,aid,1,133,1985,0.0005037783375314861
help,mixer,1,134,1985,0.0005037783375314861
help,jimmy,1,135,1985,0.0005037783375314861
help,carol,1,136,1985,0.0005037783375314861
help,teacher,1,137,1985,0.0005037783375314861
help,so_that,1,138,1985,0.0005037783375314861
help,avril,1,139,1985,0.0005037783375314861
help,angel,1,140,1985,0.0005037783375314861
help,whom,1,141,1985,0.0005037783375314861
help,cathy,1,142,1985,0.0005037783375314861
help,erin,1,143,1985,0.0005037783375314861
help,ryan,1,144,1985,0.0005037783375314861
help,hee,1,145,1985,0.0005037783375314861
help,bingo,1,146,1985,0.0005037783375314861
help,everyone,1,147,1985,0.0005037783375314861
help,seuss,1,148,1985,0.0005037783375314861
help,servant,1,149,1985,0.0005037783375314861
help,bobby,1,150,1985,0.0005037783375314861
help,anne,1,151,1985,0.0005037783375314861
use,you,744,1,1861,0.399785061794734
use,we,294,2,1861,0.15797958087049974
use,i,271,3,1861,0.14562063406770553
use,they,121,4,1861,0.06501880709296078
use,he,94,5,1861,0.05051047823750672
use,she,70,6,1861,0.037614185921547555
use,us,20,7,1861,0.010746910263299301
use,mommy,16,8,1861,0.008597528210639442
use,who,16,9,1861,0.008597528210639442
use,wanna,15,10,1861,0.008060182697474477
use,people,14,11,1861,0.007522837184309511
use,daddy,11,12,1861,0.005910800644814616
use,it,9,13,1861,0.004836109618484685
use,ya,6,14,1861,0.0032240730789897904
use,everyone,6,15,1861,0.0032240730789897904
use,that,5,16,1861,0.0026867275658248252
use,needta,5,17,1861,0.0026867275658248252
use,baby,5,18,1861,0.0026867275658248252
use,doctor,4,19,1861,0.0021493820526598604
use,nobody,3,20,1861,0.0016120365394948952
use,anybody,3,21,1861,0.0016120365394948952
use,mom,3,22,1861,0.0016120365394948952
use,kid,3,23,1861,0.0016120365394948952
use,catherine,3,24,1861,0.0016120365394948952
use,one,3,25,1861,0.0016120365394948952
use,dog,2,26,1861,0.0010746910263299302
use,all,2,27,1861,0.0010746910263299302
use,man,2,28,1861,0.0010746910263299302
use,somebody,2,29,1861,0.0010746910263299302
use,fraser,2,30,1861,0.0010746910263299302
use,tom,2,31,1861,0.0010746910263299302
use,grandma,2,32,1861,0.0010746910263299302
use,grandpa,2,33,1861,0.0010746910263299302
use,fireman,2,34,1861,0.0010746910263299302
use,what,2,35,1861,0.0010746910263299302
use,honey,2,36,1861,0.0010746910263299302
use,mama,2,37,1861,0.0010746910263299302
use,debbie,2,38,1861,0.0010746910263299302
use,joseph,2,39,1861,0.0010746910263299302
use,child,2,40,1861,0.0010746910263299302
use,ryan,2,41,1861,0.0010746910263299302
use,everybody,2,42,1861,0.0010746910263299302
use,guy,2,43,1861,0.0010746910263299302
use,gabriel,2,44,1861,0.0010746910263299302
use,lady,1,45,1861,0.0005373455131649651
use,pepe,1,46,1861,0.0005373455131649651
use,cup,1,47,1861,0.0005373455131649651
use,mum,1,48,1861,0.0005373455131649651
use,anyone,1,49,1861,0.0005373455131649651
use,george,1,50,1861,0.0005373455131649651
use,patsy,1,51,1861,0.0005373455131649651
use,peter,1,52,1861,0.0005373455131649651
use,monkey,1,53,1861,0.0005373455131649651
use,jwww,1,54,1861,0.0005373455131649651
use,cat,1,55,1861,0.0005373455131649651
use,laura,1,56,1861,0.0005373455131649651
use,girl,1,57,1861,0.0005373455131649651
use,joanna,1,58,1861,0.0005373455131649651
use,cheeky,1,59,1861,0.0005373455131649651
use,jafar,1,60,1861,0.0005373455131649651
use,jeremy,1,61,1861,0.0005373455131649651
use,adam,1,62,1861,0.0005373455131649651
use,ursula,1,63,1861,0.0005373455131649651
use,robin,1,64,1861,0.0005373455131649651
use,time,1,65,1861,0.0005373455131649651
use,cromer,1,66,1861,0.0005373455131649651
use,farmer,1,67,1861,0.0005373455131649651
use,mummy,1,68,1861,0.0005373455131649651
use,bug,1,69,1861,0.0005373455131649651
use,someone,1,70,1861,0.0005373455131649651
use,donna,1,71,1861,0.0005373455131649651
use,ana,1,72,1861,0.0005373455131649651
use,pilot,1,73,1861,0.0005373455131649651
use,house,1,74,1861,0.0005373455131649651
use,firstname,1,75,1861,0.0005373455131649651
use,hair,1,76,1861,0.0005373455131649651
use,laurie,1,77,1861,0.0005373455131649651
use,friend,1,78,1861,0.0005373455131649651
use,theresa,1,79,1861,0.0005373455131649651
use,charlotte,1,80,1861,0.0005373455131649651
use,store,1,81,1861,0.0005373455131649651
use,mechanic,1,82,1861,0.0005373455131649651
use,ricky,1,83,1861,0.0005373455131649651
use,malcolm,1,84,1861,0.0005373455131649651
use,your,1,85,1861,0.0005373455131649651
use,many,1,86,1861,0.0005373455131649651
use,elephant,1,87,1861,0.0005373455131649651
use,chi,1,88,1861,0.0005373455131649651
use,bro,1,89,1861,0.0005373455131649651
use,these,1,90,1861,0.0005373455131649651
use,mother,1,91,1861,0.0005373455131649651
use,daddy'll,1,92,1861,0.0005373455131649651
use,juggler,1,93,1861,0.0005373455131649651
use,hasta,1,94,1861,0.0005373455131649651
use,abe,1,95,1861,0.0005373455131649651
use,prospector,1,96,1861,0.0005373455131649651
use,ross,1,97,1861,0.0005373455131649651
use,marky,1,98,1861,0.0005373455131649651
use,robert,1,99,1861,0.0005373455131649651
use,travis,1,100,1861,0.0005373455131649651
use,spaghetti,1,101,1861,0.0005373455131649651
use,husband,1,102,1861,0.0005373455131649651
use,kind,1,103,1861,0.0005373455131649651
use,brambles,1,104,1861,0.0005373455131649651
use,bear,1,105,1861,0.0005373455131649651
use,dollar,1,106,1861,0.0005373455131649651
use,kitty,1,107,1861,0.0005373455131649651
use,magic,1,108,1861,0.0005373455131649651
use,more,1,109,1861,0.0005373455131649651
use,table,1,110,1861,0.0005373455131649651
use,roman,1,111,1861,0.0005373455131649651
use,myself,1,112,1861,0.0005373455131649651
use,favor,1,113,1861,0.0005373455131649651
use,father,1,114,1861,0.0005373455131649651
use,chris,1,115,1861,0.0005373455131649651
use,scissor,1,116,1861,0.0005373455131649651
use,no,1,117,1861,0.0005373455131649651
use,matt,1,118,1861,0.0005373455131649651
use,todd,1,119,1861,0.0005373455131649651
use,boy,1,120,1861,0.0005373455131649651
use,albert,1,121,1861,0.0005373455131649651
use,joannie,1,122,1861,0.0005373455131649651
use,nanny,1,123,1861,0.0005373455131649651
bring,you,489,1,1806,0.2707641196013289
bring,i,426,2,1806,0.23588039867109634
bring,we,206,3,1806,0.11406423034330011
bring,he,111,4,1806,0.061461794019933555
bring,she,92,5,1806,0.05094130675526024
bring,they,63,6,1806,0.03488372093023256
bring,us,51,7,1806,0.02823920265780731
bring,who,43,8,1806,0.023809523809523808
bring,santa_claus,33,9,1806,0.018272425249169437
bring,santa,17,10,1806,0.009413067552602437
bring,wanna,14,11,1806,0.007751937984496124
bring,mommy,12,12,1806,0.006644518272425249
bring,daddy,12,13,1806,0.006644518272425249
bring,claus,10,14,1806,0.005537098560354375
bring,it,10,15,1806,0.005537098560354375
bring,somebody,8,16,1806,0.004429678848283499
bring,people,6,17,1806,0.0033222591362126247
bring,mailman,6,18,1806,0.0033222591362126247
bring,linda,5,19,1806,0.0027685492801771874
bring,that,5,20,1806,0.0027685492801771874
bring,someone,5,21,1806,0.0027685492801771874
bring,nonna,5,22,1806,0.0027685492801771874
bring,go,4,23,1806,0.0022148394241417496
bring,ursula,4,24,1806,0.0022148394241417496
bring,bird,4,25,1806,0.0022148394241417496
bring,bunny,4,26,1806,0.0022148394241417496
bring,kid,4,27,1806,0.0022148394241417496
bring,investigator,4,28,1806,0.0022148394241417496
bring,santaclaus,4,29,1806,0.0022148394241417496
bring,easter_bunny,3,30,1806,0.0016611295681063123
bring,useta,3,31,1806,0.0016611295681063123
bring,mom,3,32,1806,0.0016611295681063123
bring,one,3,33,1806,0.0016611295681063123
bring,nina,3,34,1806,0.0016611295681063123
bring,pierre,3,35,1806,0.0016611295681063123
bring,ryan,3,36,1806,0.0016611295681063123
bring,lois,2,37,1806,0.0011074197120708748
bring,pete,2,38,1806,0.0011074197120708748
bring,lynn,2,39,1806,0.0011074197120708748
bring,henry,2,40,1806,0.0011074197120708748
bring,sarah,2,41,1806,0.0011074197120708748
bring,nana,2,42,1806,0.0011074197120708748
bring,hasta,2,43,1806,0.0011074197120708748
bring,gail,2,44,1806,0.0011074197120708748
bring,wind,2,45,1806,0.0011074197120708748
bring,girl,2,46,1806,0.0011074197120708748
bring,man,2,47,1806,0.0011074197120708748
bring,mother,2,48,1806,0.0011074197120708748
bring,bob,2,49,1806,0.0011074197120708748
bring,jessica,2,50,1806,0.0011074197120708748
bring,grandma,2,51,1806,0.0011074197120708748
bring,teacher,2,52,1806,0.0011074197120708748
bring,patrick,2,53,1806,0.0011074197120708748
bring,anything,1,54,1806,0.0005537098560354374
bring,uhhuh,1,55,1806,0.0005537098560354374
bring,barrel,1,56,1806,0.0005537098560354374
bring,katie,1,57,1806,0.0005537098560354374
bring,laura,1,58,1806,0.0005537098560354374
bring,goldfish,1,59,1806,0.0005537098560354374
bring,sled,1,60,1806,0.0005537098560354374
bring,noah,1,61,1806,0.0005537098560354374
bring,honey,1,62,1806,0.0005537098560354374
bring,wish,1,63,1806,0.0005537098560354374
bring,andy,1,64,1806,0.0005537098560354374
bring,lemme,1,65,1806,0.0005537098560354374
bring,game,1,66,1806,0.0005537098560354374
bring,cromer,1,67,1806,0.0005537098560354374
bring,daddy'll,1,68,1806,0.0005537098560354374
bring,pat,1,69,1806,0.0005537098560354374
bring,santie_claus,1,70,1806,0.0005537098560354374
bring,aunt_dot'll,1,71,1806,0.0005537098560354374
bring,grampy,1,72,1806,0.0005537098560354374
bring,donny,1,73,1806,0.0005537098560354374
bring,cindy,1,74,1806,0.0005537098560354374
bring,shem,1,75,1806,0.0005537098560354374
bring,husband,1,76,1806,0.0005537098560354374
bring,branch,1,77,1806,0.0005537098560354374
bring,motorcycle,1,78,1806,0.0005537098560354374
bring,don,1,79,1806,0.0005537098560354374
bring,firstname,1,80,1806,0.0005537098560354374
bring,sharon,1,81,1806,0.0005537098560354374
bring,friend,1,82,1806,0.0005537098560354374
bring,anybody,1,83,1806,0.0005537098560354374
bring,malcolm,1,84,1806,0.0005537098560354374
bring,jean,1,85,1806,0.0005537098560354374
bring,tommy,1,86,1806,0.0005537098560354374
bring,bag,1,87,1806,0.0005537098560354374
bring,exp,1,88,1806,0.0005537098560354374
bring,mama,1,89,1806,0.0005537098560354374
bring,dad,1,90,1806,0.0005537098560354374
bring,everybody,1,91,1806,0.0005537098560354374
bring,chi,1,92,1806,0.0005537098560354374
bring,animal,1,93,1806,0.0005537098560354374
bring,robin,1,94,1806,0.0005537098560354374
bring,boy,1,95,1806,0.0005537098560354374
bring,barbara,1,96,1806,0.0005537098560354374
bring,grandpa,1,97,1806,0.0005537098560354374
bring,ring,1,98,1806,0.0005537098560354374
bring,nicki,1,99,1806,0.0005537098560354374
bring,margaret,1,100,1806,0.0005537098560354374
bring,nobody,1,101,1806,0.0005537098560354374
bring,ernie,1,102,1806,0.0005537098560354374
bring,roll,1,103,1806,0.0005537098560354374
bring,mom'll,1,104,1806,0.0005537098560354374
bring,bryan,1,105,1806,0.0005537098560354374
bring,whoa,1,106,1806,0.0005537098560354374
bring,joseph,1,107,1806,0.0005537098560354374
bring,kathy,1,108,1806,0.0005537098560354374
bring,megan,1,109,1806,0.0005537098560354374
bring,melissa,1,110,1806,0.0005537098560354374
bring,nathaniel,1,111,1806,0.0005537098560354374
bring,michael,1,112,1806,0.0005537098560354374
bring,sweetie,1,113,1806,0.0005537098560354374
bring,catherine,1,114,1806,0.0005537098560354374
bring,storm,1,115,1806,0.0005537098560354374
bring,so_that,1,116,1806,0.0005537098560354374
bring,rustle,1,117,1806,0.0005537098560354374
bring,thunderstorm,1,118,1806,0.0005537098560354374
bring,ellie,1,119,1806,0.0005537098560354374
bring,maggie,1,120,1806,0.0005537098560354374
bring,book,1,121,1806,0.0005537098560354374
bring,toy,1,122,1806,0.0005537098560354374
bring,observer,1,123,1806,0.0005537098560354374
bring,reindeer,1,124,1806,0.0005537098560354374
bring,jenell,1,125,1806,0.0005537098560354374
bring,cathy,1,126,1806,0.0005537098560354374
bring,thing,1,127,1806,0.0005537098560354374
bring,person,1,128,1806,0.0005537098560354374
bring,helga,1,129,1806,0.0005537098560354374
bring,karen,1,130,1806,0.0005537098560354374
bring,rabbit,1,131,1806,0.0005537098560354374
bring,mia,1,132,1806,0.0005537098560354374
bring,remi,1,133,1806,0.0005537098560354374
bring,any,1,134,1806,0.0005537098560354374
bring,child,1,135,1806,0.0005537098560354374
bring,score,1,136,1806,0.0005537098560354374
bring,forefather,1,137,1806,0.0005537098560354374
bring,von,1,138,1806,0.0005537098560354374
bring,derwood,1,139,1806,0.0005537098560354374
bring,torrence,1,140,1806,0.0005537098560354374
bring,roland,1,141,1806,0.0005537098560354374
bring,carl,1,142,1806,0.0005537098560354374
bring,trina,1,143,1806,0.0005537098560354374
bring,doreen,1,144,1806,0.0005537098560354374
bring,lance,1,145,1806,0.0005537098560354374
bring,asher,1,146,1806,0.0005537098560354374
bring,steve,1,147,1806,0.0005537098560354374
can,you,819,1,1749,0.46826758147512865
can,i,397,2,1749,0.22698684962835905
can,we,110,3,1749,0.06289308176100629
can,he,97,4,1749,0.05546026300743282
can,she,71,5,1749,0.04059462550028588
can,they,57,6,1749,0.032590051457975985
can,who,53,7,1749,0.030303030303030304
can,it,22,8,1749,0.012578616352201259
can,ya,13,9,1749,0.007432818753573471
can,color,9,10,1749,0.005145797598627788
can,trash,8,11,1749,0.004574042309891366
can,garbage,8,12,1749,0.004574042309891366
can,boy,7,13,1749,0.004002287021154946
can,what,7,14,1749,0.004002287021154946
can,mommy,5,15,1749,0.002858776443682104
can,one,4,16,1749,0.002287021154945683
can,that,3,17,1749,0.0017152658662092624
can,daddy,3,18,1749,0.0017152658662092624
can,firstname,3,19,1749,0.0017152658662092624
can,pooh,2,20,1749,0.0011435105774728416
can,girl,2,21,1749,0.0011435105774728416
can,mom,2,22,1749,0.0011435105774728416
can,melissa,2,23,1749,0.0011435105774728416
can,milk,1,24,1749,0.0005717552887364208
can,barrel,1,25,1749,0.0005717552887364208
can,dwww,1,26,1749,0.0005717552887364208
can,peanut,1,27,1749,0.0005717552887364208
can,child,1,28,1749,0.0005717552887364208
can,sean,1,29,1749,0.0005717552887364208
can,byebye,1,30,1749,0.0005717552887364208
can,watering,1,31,1749,0.0005717552887364208
can,matthew,1,32,1749,0.0005717552887364208
can,judy,1,33,1749,0.0005717552887364208
can,brown,1,34,1749,0.0005717552887364208
can,p,1,35,1749,0.0005717552887364208
can,sail,1,36,1749,0.0005717552887364208
can,sarah,1,37,1749,0.0005717552887364208
can,carton,1,38,1749,0.0005717552887364208
can,oscar,1,39,1749,0.0005717552887364208
can,roller,1,40,1749,0.0005717552887364208
can,people,1,41,1749,0.0005717552887364208
can,painter,1,42,1749,0.0005717552887364208
can,grownup,1,43,1749,0.0005717552887364208
can,cat,1,44,1749,0.0005717552887364208
can,chi,1,45,1749,0.0005717552887364208
can,the,1,46,1749,0.0005717552887364208
can,teacher,1,47,1749,0.0005717552887364208
can,bark,1,48,1749,0.0005717552887364208
can,four,1,49,1749,0.0005717552887364208
can,truck,1,50,1749,0.0005717552887364208
can,brittany,1,51,1749,0.0005717552887364208
can,trolley,1,52,1749,0.0005717552887364208
can,thing,1,53,1749,0.0005717552887364208
can,nina,1,54,1749,0.0005717552887364208
can,tail,1,55,1749,0.0005717552887364208
can,this,1,56,1749,0.0005717552887364208
can,hooray,1,57,1749,0.0005717552887364208
can,carriage,1,58,1749,0.0005717552887364208
can,everybody,1,59,1749,0.0005717552887364208
can,ball,1,60,1749,0.0005717552887364208
can,zebra,1,61,1749,0.0005717552887364208
can,beetle,1,62,1749,0.0005717552887364208
can,mia,1,63,1749,0.0005717552887364208
can,someone,1,64,1749,0.0005717552887364208
can,train,1,65,1749,0.0005717552887364208
can,frog,1,66,1749,0.0005717552887364208
can,robert,1,67,1749,0.0005717552887364208
can,spray,1,68,1749,0.0005717552887364208
call,you,586,1,1720,0.34069767441860466
call,i,228,2,1720,0.1325581395348837
call,they,155,3,1720,0.09011627906976744
call,we,139,4,1720,0.08081395348837209
call,he,112,5,1720,0.06511627906976744
call,she,100,6,1720,0.05813953488372093
call,it,62,7,1720,0.03604651162790698
call,who,38,8,1720,0.022093023255813953
call,us,27,9,1720,0.015697674418604653
call,mommy,15,10,1720,0.00872093023255814
call,wanna,12,11,1720,0.0069767441860465115
call,ya,10,12,1720,0.005813953488372093
call,people,9,13,1720,0.005232558139534884
call,mother,9,14,1720,0.005232558139534884
call,thing,8,15,1720,0.004651162790697674
call,somebody,7,16,1720,0.004069767441860465
call,grandma,6,17,1720,0.0034883720930232558
call,someone,5,18,1720,0.0029069767441860465
call,boy,4,19,1720,0.002325581395348837
call,chi,4,20,1720,0.002325581395348837
call,this,4,21,1720,0.002325581395348837
call,kid,3,22,1720,0.0017441860465116279
call,anyone,3,23,1720,0.0017441860465116279
call,cat,3,24,1720,0.0017441860465116279
call,part,3,25,1720,0.0017441860465116279
call,anybody,3,26,1720,0.0017441860465116279
call,joe,3,27,1720,0.0017441860465116279
call,miss_lucy,3,28,1720,0.0017441860465116279
call,daddy,2,29,1720,0.0011627906976744186
call,animal,2,30,1720,0.0011627906976744186
call,woman,2,31,1720,0.0011627906976744186
call,girl,2,32,1720,0.0011627906976744186
call,needta,2,33,1720,0.0011627906976744186
call,paul,2,34,1720,0.0011627906976744186
call,nancy,2,35,1720,0.0011627906976744186
call,that,2,36,1720,0.0011627906976744186
call,what,2,37,1720,0.0011627906976744186
call,frank,2,38,1720,0.0011627906976744186
call,book,2,39,1720,0.0011627906976744186
call,cinderella,2,40,1720,0.0011627906976744186
call,those,2,41,1720,0.0011627906976744186
call,nobody,2,42,1720,0.0011627906976744186
call,carol,2,43,1720,0.0011627906976744186
call,dad,2,44,1720,0.0011627906976744186
call,papa,2,45,1720,0.0011627906976744186
call,body,2,46,1720,0.0011627906976744186
call,bobby,2,47,1720,0.0011627906976744186
call,mom,2,48,1720,0.0011627906976744186
call,circle,1,49,1720,0.0005813953488372093
call,miffy,1,50,1720,0.0005813953488372093
call,dada,1,51,1720,0.0005813953488372093
call,bolt,1,52,1720,0.0005813953488372093
call,lois,1,53,1720,0.0005813953488372093
call,patsy,1,54,1720,0.0005813953488372093
call,jwww,1,55,1720,0.0005813953488372093
call,rwww,1,56,1720,0.0005813953488372093
call,jwww_pwww,1,57,1720,0.0005813953488372093
call,quack,1,58,1720,0.0005813953488372093
call,lemme,1,59,1720,0.0005813953488372093
call,pokemon,1,60,1720,0.0005813953488372093
call,merchant,1,61,1720,0.0005813953488372093
call,hello,1,62,1720,0.0005813953488372093
call,god,1,63,1720,0.0005813953488372093
call,lady,1,64,1720,0.0005813953488372093
call,elmo,1,65,1720,0.0005813953488372093
call,mummy,1,66,1720,0.0005813953488372093
call,donna,1,67,1720,0.0005813953488372093
call,hasta,1,68,1720,0.0005813953488372093
call,uncle_tony,1,69,1720,0.0005813953488372093
call,barnes,1,70,1720,0.0005813953488372093
call,aunt_dot,1,71,1720,0.0005813953488372093
call,goodbye,1,72,1720,0.0005813953488372093
call,ma_dog,1,73,1720,0.0005813953488372093
call,babar,1,74,1720,0.0005813953488372093
call,craig,1,75,1720,0.0005813953488372093
call,geese,1,76,1720,0.0005813953488372093
call,turkeys,1,77,1720,0.0005813953488372093
call,andrea,1,78,1720,0.0005813953488372093
call,lennie,1,79,1720,0.0005813953488372093
call,janet,1,80,1720,0.0005813953488372093
call,tooth,1,81,1720,0.0005813953488372093
call,bye,1,82,1720,0.0005813953488372093
call,hen,1,83,1720,0.0005813953488372093
call,bonnie,1,84,1720,0.0005813953488372093
call,ellen,1,85,1720,0.0005813953488372093
call,sister,1,86,1720,0.0005813953488372093
call,food,1,87,1720,0.0005813953488372093
call,momma,1,88,1720,0.0005813953488372093
call,leon,1,89,1720,0.0005813953488372093
call,name,1,90,1720,0.0005813953488372093
call,everyone,1,91,1720,0.0005813953488372093
call,mamma,1,92,1720,0.0005813953488372093
call,anne,1,93,1720,0.0005813953488372093
call,whatcha,1,94,1720,0.0005813953488372093
call,kermalot,1,95,1720,0.0005813953488372093
call,rush,1,96,1720,0.0005813953488372093
call,bubbles,1,97,1720,0.0005813953488372093
call,rabbit,1,98,1720,0.0005813953488372093
call,bambi,1,99,1720,0.0005813953488372093
call,donald,1,100,1720,0.0005813953488372093
call,m,1,101,1720,0.0005813953488372093
call,bear,1,102,1720,0.0005813953488372093
call,grover,1,103,1720,0.0005813953488372093
call,anastasia,1,104,1720,0.0005813953488372093
call,connie,1,105,1720,0.0005813953488372093
call,one,1,106,1720,0.0005813953488372093
call,bro,1,107,1720,0.0005813953488372093
call,mernie,1,108,1720,0.0005813953488372093
call,sandy,1,109,1720,0.0005813953488372093
call,timmy,1,110,1720,0.0005813953488372093
call,policeman,1,111,1720,0.0005813953488372093
call,genelle,1,112,1720,0.0005813953488372093
call,ozima,1,113,1720,0.0005813953488372093
call,neck,1,114,1720,0.0005813953488372093
call,company,1,115,1720,0.0005813953488372093
call,boss,1,116,1720,0.0005813953488372093
call,avery,1,117,1720,0.0005813953488372093
call,sue,1,118,1720,0.0005813953488372093
call,popeye,1,119,1720,0.0005813953488372093
call,cindy,1,120,1720,0.0005813953488372093
call,roy,1,121,1720,0.0005813953488372093
call,whitey,1,122,1720,0.0005813953488372093
call,recipe,1,123,1720,0.0005813953488372093
call,everybody,1,124,1720,0.0005813953488372093
call,judy,1,125,1720,0.0005813953488372093
call,teacher,1,126,1720,0.0005813953488372093
call,ross,1,127,1720,0.0005813953488372093
call,devil,1,128,1720,0.0005813953488372093
call,literature,1,129,1720,0.0005813953488372093
call,granma,1,130,1720,0.0005813953488372093
call,seth,1,131,1720,0.0005813953488372093
call,larry,1,132,1720,0.0005813953488372093
call,joseph,1,133,1720,0.0005813953488372093
call,thomas,1,134,1720,0.0005813953488372093
call,mama,1,135,1720,0.0005813953488372093
call,finger,1,136,1720,0.0005813953488372093
call,phoebe,1,137,1720,0.0005813953488372093
call,jacob,1,138,1720,0.0005813953488372093
call,elephant,1,139,1720,0.0005813953488372093
call,andreas,1,140,1720,0.0005813953488372093
call,ride,1,141,1720,0.0005813953488372093
call,oughta,1,142,1720,0.0005813953488372093
call,lara,1,143,1720,0.0005813953488372093
call,uncle_aggie,1,144,1720,0.0005813953488372093
call,matty,1,145,1720,0.0005813953488372093
call,letter,1,146,1720,0.0005813953488372093
call,its,1,147,1720,0.0005813953488372093
call,place,1,148,1720,0.0005813953488372093
call,jimmy,1,149,1720,0.0005813953488372093
call,bernstein,1,150,1720,0.0005813953488372093
call,family,1,151,1720,0.0005813953488372093
call,uncle,1,152,1720,0.0005813953488372093
call,gwen,1,153,1720,0.0005813953488372093
call,loraine,1,154,1720,0.0005813953488372093
call,environment,1,155,1720,0.0005813953488372093
call,dolphin,1,156,1720,0.0005813953488372093
call,friend,1,157,1720,0.0005813953488372093
call,keisha,1,158,1720,0.0005813953488372093
call,carl,1,159,1720,0.0005813953488372093
call,gramma,1,160,1720,0.0005813953488372093
call,trina,1,161,1720,0.0005813953488372093
call,shirt,1,162,1720,0.0005813953488372093
call,toy,1,163,1720,0.0005813953488372093
call,david,1,164,1720,0.0005813953488372093
call,daughter,1,165,1720,0.0005813953488372093
call,dog,1,166,1720,0.0005813953488372093
call,sitter,1,167,1720,0.0005813953488372093
show,you,667,1,1712,0.38960280373831774
show,i,565,2,1712,0.3300233644859813
show,wanna,66,3,1712,0.038551401869158876
show,it,55,4,1712,0.03212616822429906
show,we,45,5,1712,0.026285046728971962
show,they,37,6,1712,0.02161214953271028
show,mommy,30,7,1712,0.017523364485981307
show,he,26,8,1712,0.015186915887850467
show,us,21,9,1712,0.012266355140186916
show,she,21,10,1712,0.012266355140186916
show,that,19,11,1712,0.011098130841121495
show,lemme,8,12,1712,0.004672897196261682
show,who,8,13,1712,0.004672897196261682
show,face,5,14,1712,0.0029205607476635513
show,ya,5,15,1712,0.0029205607476635513
show,daddy,4,16,1712,0.002336448598130841
show,life,4,17,1712,0.002336448598130841
show,roman,4,18,1712,0.002336448598130841
show,this,3,19,1712,0.0017523364485981308
show,eve,3,20,1712,0.0017523364485981308
show,girl,3,21,1712,0.0017523364485981308
show,someone,3,22,1712,0.0017523364485981308
show,mama,3,23,1712,0.0017523364485981308
show,ross,3,24,1712,0.0017523364485981308
show,dad,2,25,1712,0.0011682242990654205
show,ursula,2,26,1712,0.0011682242990654205
show,sarah,2,27,1712,0.0011682242990654205
show,pieman,2,28,1712,0.0011682242990654205
show,somebody,2,29,1712,0.0011682242990654205
show,teacher,2,30,1712,0.0011682242990654205
show,abe,2,31,1712,0.0011682242990654205
show,megan,2,32,1712,0.0011682242990654205
show,melissa,2,33,1712,0.0011682242990654205
show,abba,2,34,1712,0.0011682242990654205
show,mommy'll,2,35,1712,0.0011682242990654205
show,brett,2,36,1712,0.0011682242990654205
show,wire,2,37,1712,0.0011682242990654205
show,sneaker,1,38,1712,0.0005841121495327102
show,beard,1,39,1712,0.0005841121495327102
show,uhhuh,1,40,1712,0.0005841121495327102
show,peter,1,41,1712,0.0005841121495327102
show,pete,1,42,1712,0.0005841121495327102
show,mm,1,43,1712,0.0005841121495327102
show,color,1,44,1712,0.0005841121495327102
show,man,1,45,1712,0.0005841121495327102
show,people,1,46,1712,0.0005841121495327102
show,morgan,1,47,1712,0.0005841121495327102
show,decibel,1,48,1712,0.0005841121495327102
show,something,1,49,1712,0.0005841121495327102
show,granny,1,50,1712,0.0005841121495327102
show,adam,1,51,1712,0.0005841121495327102
show,brother,1,52,1712,0.0005841121495327102
show,robin,1,53,1712,0.0005841121495327102
show,boy,1,54,1712,0.0005841121495327102
show,line,1,55,1712,0.0005841121495327102
show,susan'll,1,56,1712,0.0005841121495327102
show,laura,1,57,1712,0.0005841121495327102
show,cat,1,58,1712,0.0005841121495327102
show,mom,1,59,1712,0.0005841121495327102
show,blansworth,1,60,1712,0.0005841121495327102
show,blandsworth,1,61,1712,0.0005841121495327102
show,x,1,62,1712,0.0005841121495327102
show,-,1,63,1712,0.0005841121495327102
show,ray,1,64,1712,0.0005841121495327102
show,nose,1,65,1712,0.0005841121495327102
show,direction,1,66,1712,0.0005841121495327102
show,claude,1,67,1712,0.0005841121495327102
show,dad'll,1,68,1712,0.0005841121495327102
show,mickey,1,69,1712,0.0005841121495327102
show,fozzie,1,70,1712,0.0005841121495327102
show,jonathan,1,71,1712,0.0005841121495327102
show,chi,1,72,1712,0.0005841121495327102
show,oxygen,1,73,1712,0.0005841121495327102
show,michelle,1,74,1712,0.0005841121495327102
show,high+school,1,75,1712,0.0005841121495327102
show,boyfriend,1,76,1712,0.0005841121495327102
show,stromboli,1,77,1712,0.0005841121495327102
show,baboon,1,78,1712,0.0005841121495327102
show,crisscross,1,79,1712,0.0005841121495327102
show,one,1,80,1712,0.0005841121495327102
show,mamma,1,81,1712,0.0005841121495327102
show,ema,1,82,1712,0.0005841121495327102
show,mom'll,1,83,1712,0.0005841121495327102
show,seth,1,84,1712,0.0005841121495327102
show,tree,1,85,1712,0.0005841121495327102
show,travis,1,86,1712,0.0005841121495327102
show,tower,1,87,1712,0.0005841121495327102
show,nomi,1,88,1712,0.0005841121495327102
show,letter,1,89,1712,0.0005841121495327102
show,rachel,1,90,1712,0.0005841121495327102
show,card,1,91,1712,0.0005841121495327102
show,show,1,92,1712,0.0005841121495327102
show,nina,1,93,1712,0.0005841121495327102
show,lady,1,94,1712,0.0005841121495327102
show,child,1,95,1712,0.0005841121495327102
show,my,1,96,1712,0.0005841121495327102
show,kevin,1,97,1712,0.0005841121495327102
show,cmon,1,98,1712,0.0005841121495327102
show,work,1,99,1712,0.0005841121495327102
show,what,1,100,1712,0.0005841121495327102
show,eric,1,101,1712,0.0005841121495327102
show,shark,1,102,1712,0.0005841121495327102
show,game,1,103,1712,0.0005841121495327102
show,most,1,104,1712,0.0005841121495327102
show,tracy,1,105,1712,0.0005841121495327102
show,comb,1,106,1712,0.0005841121495327102
show,frank,1,107,1712,0.0005841121495327102
show,gabriella,1,108,1712,0.0005841121495327102
show,lenita,1,109,1712,0.0005841121495327102
show,julia,1,110,1712,0.0005841121495327102
show,elizabeth,1,111,1712,0.0005841121495327102
show,underwear,1,112,1712,0.0005841121495327102
show,renaldo,1,113,1712,0.0005841121495327102
show,father,1,114,1712,0.0005841121495327102
show,ill,1,115,1712,0.0005841121495327102
hold,you,601,1,1670,0.3598802395209581
hold,i,464,2,1670,0.2778443113772455
hold,he,112,3,1670,0.06706586826347305
hold,she,79,4,1670,0.04730538922155689
hold,it,39,5,1670,0.023353293413173652
hold,they,37,6,1670,0.02215568862275449
hold,that,30,7,1670,0.017964071856287425
hold,mommy,27,8,1670,0.016167664670658683
hold,we,25,9,1670,0.014970059880239521
hold,who,22,10,1670,0.013173652694610778
hold,wanna,15,11,1670,0.008982035928143712
hold,girl,9,12,1670,0.005389221556886228
hold,daddy,8,13,1670,0.004790419161676647
hold,what,7,14,1670,0.004191616766467066
hold,man,7,15,1670,0.004191616766467066
hold,this,6,16,1670,0.003592814371257485
hold,somebody,5,17,1670,0.0029940119760479044
hold,baby,5,18,1670,0.0029940119760479044
hold,boy,5,19,1670,0.0029940119760479044
hold,rabbit,5,20,1670,0.0029940119760479044
hold,mother,4,21,1670,0.0023952095808383233
hold,us,4,22,1670,0.0023952095808383233
hold,lemme,4,23,1670,0.0023952095808383233
hold,hand,4,24,1670,0.0023952095808383233
hold,everybody,4,25,1670,0.0023952095808383233
hold,one,4,26,1670,0.0023952095808383233
hold,people,4,27,1670,0.0023952095808383233
hold,mommy'll,3,28,1670,0.0017964071856287425
hold,shem,3,29,1670,0.0017964071856287425
hold,bunny,3,30,1670,0.0017964071856287425
hold,chi,3,31,1670,0.0017964071856287425
hold,bear,3,32,1670,0.0017964071856287425
hold,pinocchio,3,33,1670,0.0017964071856287425
hold,ya,2,34,1670,0.0011976047904191617
hold,laura,2,35,1670,0.0011976047904191617
hold,mummy,2,36,1670,0.0011976047904191617
hold,honey,2,37,1670,0.0011976047904191617
hold,henry,2,38,1670,0.0011976047904191617
hold,these,2,39,1670,0.0011976047904191617
hold,nut,2,40,1670,0.0011976047904191617
hold,two,2,41,1670,0.0011976047904191617
hold,screw,2,42,1670,0.0011976047904191617
hold,policeman,2,43,1670,0.0011976047904191617
hold,pin,2,44,1670,0.0011976047904191617
hold,daddy'll,2,45,1670,0.0011976047904191617
hold,hasta,2,46,1670,0.0011976047904191617
hold,your,2,47,1670,0.0011976047904191617
hold,someone,2,48,1670,0.0011976047904191617
hold,roman,2,49,1670,0.0011976047904191617
hold,anthony,2,50,1670,0.0011976047904191617
hold,joey,2,51,1670,0.0011976047904191617
hold,tub,2,52,1670,0.0011976047904191617
hold,patsy,1,53,1670,0.0005988023952095808
hold,jan,1,54,1670,0.0005988023952095808
hold,grandpa,1,55,1670,0.0005988023952095808
hold,grandma,1,56,1670,0.0005988023952095808
hold,andrew,1,57,1670,0.0005988023952095808
hold,alexander,1,58,1670,0.0005988023952095808
hold,piglet,1,59,1670,0.0005988023952095808
hold,mom'll,1,60,1670,0.0005988023952095808
hold,sarah,1,61,1670,0.0005988023952095808
hold,donny,1,62,1670,0.0005988023952095808
hold,sandra,1,63,1670,0.0005988023952095808
hold,seat,1,64,1670,0.0005988023952095808
hold,five,1,65,1670,0.0005988023952095808
hold,tape,1,66,1670,0.0005988023952095808
hold,helper,1,67,1670,0.0005988023952095808
hold,donald,1,68,1670,0.0005988023952095808
hold,wrench,1,69,1670,0.0005988023952095808
hold,robbie,1,70,1670,0.0005988023952095808
hold,bird,1,71,1670,0.0005988023952095808
hold,rudolf,1,72,1670,0.0005988023952095808
hold,maria,1,73,1670,0.0005988023952095808
hold,fang,1,74,1670,0.0005988023952095808
hold,which,1,75,1670,0.0005988023952095808
hold,name,1,76,1670,0.0005988023952095808
hold,doll,1,77,1670,0.0005988023952095808
hold,robin,1,78,1670,0.0005988023952095808
hold,yo,1,79,1670,0.0005988023952095808
hold,face,1,80,1670,0.0005988023952095808
hold,sis,1,81,1670,0.0005988023952095808
hold,watch,1,82,1670,0.0005988023952095808
hold,smurf,1,83,1670,0.0005988023952095808
hold,lady,1,84,1670,0.0005988023952095808
hold,dad,1,85,1670,0.0005988023952095808
hold,winnie_the_pooh,1,86,1670,0.0005988023952095808
hold,kind_of,1,87,1670,0.0005988023952095808
hold,jeremy,1,88,1670,0.0005988023952095808
hold,mama'll,1,89,1670,0.0005988023952095808
hold,wheel,1,90,1670,0.0005988023952095808
hold,melissa,1,91,1670,0.0005988023952095808
hold,elephant,1,92,1670,0.0005988023952095808
hold,sandy,1,93,1670,0.0005988023952095808
hold,agra,1,94,1670,0.0005988023952095808
hold,nomi,1,95,1670,0.0005988023952095808
hold,louise,1,96,1670,0.0005988023952095808
hold,sister,1,97,1670,0.0005988023952095808
hold,nathaniel,1,98,1670,0.0005988023952095808
hold,comb,1,99,1670,0.0005988023952095808
hold,cat,1,100,1670,0.0005988023952095808
hold,pot,1,101,1670,0.0005988023952095808
hold,leg,1,102,1670,0.0005988023952095808
hold,catherine,1,103,1670,0.0005988023952095808
hold,phone,1,104,1670,0.0005988023952095808
hold,corduroy,1,105,1670,0.0005988023952095808
hold,kitty,1,106,1670,0.0005988023952095808
hold,horse,1,107,1670,0.0005988023952095808
hold,nina,1,108,1670,0.0005988023952095808
hold,mama,1,109,1670,0.0005988023952095808
hold,hook,1,110,1670,0.0005988023952095808
hold,hold,1,111,1670,0.0005988023952095808
hold,whoop,1,112,1670,0.0005988023952095808
hold,mom,1,113,1670,0.0005988023952095808
hold,her,1,114,1670,0.0005988023952095808
hold,something,1,115,1670,0.0005988023952095808
hold,dadda,1,116,1670,0.0005988023952095808
hold,wrinkle,1,117,1670,0.0005988023952095808
hold,erin,1,118,1670,0.0005988023952095808
hold,all,1,119,1670,0.0005988023952095808
hold,eater,1,120,1670,0.0005988023952095808
hold,guy,1,121,1670,0.0005988023952095808
hold,dog,1,122,1670,0.0005988023952095808
hold,octopus,1,123,1670,0.0005988023952095808
hold,brett,1,124,1670,0.0005988023952095808
hold,lettuce,1,125,1670,0.0005988023952095808
hold,mia,1,126,1670,0.0005988023952095808
hold,weather,1,127,1670,0.0005988023952095808
hold,bowl,1,128,1670,0.0005988023952095808
hold,needta,1,129,1670,0.0005988023952095808
hold,ill,1,130,1670,0.0005988023952095808
work,it,598,1,1649,0.36264402668283807
work,that,191,2,1649,0.11582777440873257
work,you,121,3,1649,0.07337780473013948
work,i,99,4,1649,0.06003638568829594
work,this,87,5,1649,0.05275924802910855
work,he,71,6,1649,0.0430563978168587
work,they,67,7,1649,0.04063068526379624
work,we,50,8,1649,0.030321406913280776
work,she,42,9,1649,0.025469981807155852
work,one,29,10,1649,0.01758641600970285
work,daddy,19,11,1649,0.011522134627046696
work,thing,19,12,1649,0.011522134627046696
work,who,17,13,1649,0.010309278350515464
work,what,9,14,1649,0.005457853244390539
work,a_lot_of,9,15,1649,0.005457853244390539
work,people,7,16,1649,0.004244996967859308
work,battery,6,17,1649,0.0036385688295936932
work,light,6,18,1649,0.0036385688295936932
work,everything,5,19,1649,0.0030321406913280777
work,car,5,20,1649,0.0030321406913280777
work,record+player,5,21,1649,0.0030321406913280777
work,key,4,22,1649,0.002425712553062462
work,mommy,4,23,1649,0.002425712553062462
work,radio,3,24,1649,0.0018192844147968466
work,these,3,25,1649,0.0018192844147968466
work,wanna,3,26,1649,0.0018192844147968466
work,adam,3,27,1649,0.0018192844147968466
work,child,3,28,1649,0.0018192844147968466
work,switch,3,29,1649,0.0018192844147968466
work,mother,2,30,1649,0.001212856276531231
work,man,2,31,1649,0.001212856276531231
work,pen,2,32,1649,0.001212856276531231
work,tape,2,33,1649,0.001212856276531231
work,yours,2,34,1649,0.001212856276531231
work,which,2,35,1649,0.001212856276531231
work,clock,2,36,1649,0.001212856276531231
work,motor,2,37,1649,0.001212856276531231
work,carpenter,2,38,1649,0.001212856276531231
work,papa,2,39,1649,0.001212856276531231
work,plan,2,40,1649,0.001212856276531231
work,mind,2,41,1649,0.001212856276531231
work,stuff,2,42,1649,0.001212856276531231
work,chi,2,43,1649,0.001212856276531231
work,us,2,44,1649,0.001212856276531231
work,button,2,45,1649,0.001212856276531231
work,finger,2,46,1649,0.001212856276531231
work,dad,2,47,1649,0.001212856276531231
work,knee,2,48,1649,0.001212856276531231
work,medicine,2,49,1649,0.001212856276531231
work,watch,2,50,1649,0.001212856276531231
work,joey,2,51,1649,0.001212856276531231
work,cameron,2,52,1649,0.001212856276531231
work,gabriel,2,53,1649,0.001212856276531231
work,david,2,54,1649,0.001212856276531231
work,half,2,55,1649,0.001212856276531231
work,channel,2,56,1649,0.001212856276531231
work,door,1,57,1649,0.0006064281382656155
work,grandmother,1,58,1649,0.0006064281382656155
work,randy,1,59,1649,0.0006064281382656155
work,truck,1,60,1649,0.0006064281382656155
work,laura,1,61,1649,0.0006064281382656155
work,straw,1,62,1649,0.0006064281382656155
work,lid,1,63,1649,0.0006064281382656155
work,bed,1,64,1649,0.0006064281382656155
work,trick,1,65,1649,0.0006064281382656155
work,pause,1,66,1649,0.0006064281382656155
work,baby_donald,1,67,1649,0.0006064281382656155
work,rabbit,1,68,1649,0.0006064281382656155
work,foot,1,69,1649,0.0006064281382656155
work,leg,1,70,1649,0.0006064281382656155
work,anything,1,71,1649,0.0006064281382656155
work,shoe,1,72,1649,0.0006064281382656155
work,cup,1,73,1649,0.0006064281382656155
work,machine,1,74,1649,0.0006064281382656155
work,bug,1,75,1649,0.0006064281382656155
work,bulb,1,76,1649,0.0006064281382656155
work,donny,1,77,1649,0.0006064281382656155
work,father,1,78,1649,0.0006064281382656155
work,shem,1,79,1649,0.0006064281382656155
work,head,1,80,1649,0.0006064281382656155
work,friend,1,81,1649,0.0006064281382656155
work,worker,1,82,1649,0.0006064281382656155
work,some,1,83,1649,0.0006064281382656155
work,telephone,1,84,1649,0.0006064281382656155
work,train,1,85,1649,0.0006064281382656155
work,fireman,1,86,1649,0.0006064281382656155
work,motorcycle,1,87,1649,0.0006064281382656155
work,burner,1,88,1649,0.0006064281382656155
work,white,1,89,1649,0.0006064281382656155
work,mark,1,90,1649,0.0006064281382656155
work,imagination,1,91,1649,0.0006064281382656155
work,body,1,92,1649,0.0006064281382656155
work,magic,1,93,1649,0.0006064281382656155
work,therapy,1,94,1649,0.0006064281382656155
work,both,1,95,1649,0.0006064281382656155
work,husband,1,96,1649,0.0006064281382656155
work,all,1,97,1649,0.0006064281382656155
work,money,1,98,1649,0.0006064281382656155
work,ball,1,99,1649,0.0006064281382656155
work,nickel,1,100,1649,0.0006064281382656155
work,transmission,1,101,1649,0.0006064281382656155
work,tub,1,102,1649,0.0006064281382656155
work,denise,1,103,1649,0.0006064281382656155
work,pencil,1,104,1649,0.0006064281382656155
work,hasta,1,105,1649,0.0006064281382656155
work,greg,1,106,1649,0.0006064281382656155
work,relationship,1,107,1649,0.0006064281382656155
work,hadta,1,108,1649,0.0006064281382656155
work,abe,1,109,1649,0.0006064281382656155
work,scissor,1,110,1649,0.0006064281382656155
work,kleenex,1,111,1649,0.0006064281382656155
work,kind,1,112,1649,0.0006064281382656155
work,nobody,1,113,1649,0.0006064281382656155
work,instruction,1,114,1649,0.0006064281382656155
work,mama,1,115,1649,0.0006064281382656155
work,d,1,116,1649,0.0006064281382656155
work,mouth,1,117,1649,0.0006064281382656155
work,tomlinson,1,118,1649,0.0006064281382656155
work,two,1,119,1649,0.0006064281382656155
work,sun,1,120,1649,0.0006064281382656155
work,nappie,1,121,1649,0.0006064281382656155
work,woman,1,122,1649,0.0006064281382656155
work,everyone,1,123,1649,0.0006064281382656155
work,eye,1,124,1649,0.0006064281382656155
work,name,1,125,1649,0.0006064281382656155
work,bib,1,126,1649,0.0006064281382656155
work,player,1,127,1649,0.0006064281382656155
work,clothe,1,128,1649,0.0006064281382656155
work,brush,1,129,1649,0.0006064281382656155
work,porcupine,1,130,1649,0.0006064281382656155
work,investigator,1,131,1649,0.0006064281382656155
work,wheel,1,132,1649,0.0006064281382656155
work,someone,1,133,1649,0.0006064281382656155
work,whatever,1,134,1649,0.0006064281382656155
work,phone,1,135,1649,0.0006064281382656155
work,daughter,1,136,1649,0.0006064281382656155
work,aunt_carey,1,137,1649,0.0006064281382656155
work,james,1,138,1649,0.0006064281382656155
work,ryan,1,139,1649,0.0006064281382656155
work,milk,1,140,1649,0.0006064281382656155
work,part,1,141,1649,0.0006064281382656155
work,our,1,142,1649,0.0006064281382656155
work,food,1,143,1649,0.0006064281382656155
work,dinosaur,1,144,1649,0.0006064281382656155
work,marker,1,145,1649,0.0006064281382656155
work,side,1,146,1649,0.0006064281382656155
work,card,1,147,1649,0.0006064281382656155
work,psychology,1,148,1649,0.0006064281382656155
work,idea,1,149,1649,0.0006064281382656155
work,shovel,1,150,1649,0.0006064281382656155
work,your,1,151,1649,0.0006064281382656155
work,sharpener,1,152,1649,0.0006064281382656155
work,muscle,1,153,1649,0.0006064281382656155
work,hanger,1,154,1649,0.0006064281382656155
work,tony,1,155,1649,0.0006064281382656155
work,brain,1,156,1649,0.0006064281382656155
work,adjustment,1,157,1649,0.0006064281382656155
work,television,1,158,1649,0.0006064281382656155
work,mine,1,159,1649,0.0006064281382656155
work,elevator,1,160,1649,0.0006064281382656155
work,few,1,161,1649,0.0006064281382656155
work,somebody,1,162,1649,0.0006064281382656155
work,clifford,1,163,1649,0.0006064281382656155
leave,you,447,1,1556,0.28727506426735216
leave,we,275,2,1556,0.17673521850899743
leave,i,245,3,1556,0.15745501285347044
leave,he,82,4,1556,0.05269922879177378
leave,us,67,5,1556,0.043059125964010285
leave,she,56,6,1556,0.03598971722365039
leave,they,48,7,1556,0.030848329048843187
leave,that,25,8,1556,0.016066838046272493
leave,grass,20,9,1556,0.012853470437017995
leave,foot,16,10,1556,0.010282776349614395
leave,wanna,15,11,1556,0.009640102827763496
leave,daddy,12,12,1556,0.007712082262210797
leave,mommy,11,13,1556,0.007069408740359897
leave,it,10,14,1556,0.006426735218508998
leave,ya,7,15,1556,0.004498714652956298
leave,somebody,6,16,1556,0.0038560411311053984
leave,who,6,17,1556,0.0038560411311053984
leave,hadta,5,18,1556,0.003213367609254499
leave,everybody,5,19,1556,0.003213367609254499
leave,some,5,20,1556,0.003213367609254499
leave,chi,5,21,1556,0.003213367609254499
leave,honey,4,22,1556,0.002570694087403599
leave,people,4,23,1556,0.002570694087403599
leave,hasta,3,24,1556,0.0019280205655526992
leave,fairy,3,25,1556,0.0019280205655526992
leave,teacher,3,26,1556,0.0019280205655526992
leave,mother,3,27,1556,0.0019280205655526992
leave,sis,3,28,1556,0.0019280205655526992
leave,roland,3,29,1556,0.0019280205655526992
leave,graeme,3,30,1556,0.0019280205655526992
leave,man,3,31,1556,0.0019280205655526992
leave,juice,2,32,1556,0.0012853470437017994
leave,any,2,33,1556,0.0012853470437017994
leave,thing,2,34,1556,0.0012853470437017994
leave,needta,2,35,1556,0.0012853470437017994
leave,dad,2,36,1556,0.0012853470437017994
leave,santa_claus,2,37,1556,0.0012853470437017994
leave,friend,2,38,1556,0.0012853470437017994
leave,piece,2,39,1556,0.0012853470437017994
leave,child,2,40,1556,0.0012853470437017994
leave,none,2,41,1556,0.0012853470437017994
leave,car,2,42,1556,0.0012853470437017994
leave,nothing,2,43,1556,0.0012853470437017994
leave,one,2,44,1556,0.0012853470437017994
leave,someone,2,45,1556,0.0012853470437017994
leave,peter,1,46,1556,0.0006426735218508997
leave,pete,1,47,1556,0.0006426735218508997
leave,sean,1,48,1556,0.0006426735218508997
leave,laura,1,49,1556,0.0006426735218508997
leave,jwww,1,50,1556,0.0006426735218508997
leave,nanny,1,51,1556,0.0006426735218508997
leave,nobody,1,52,1556,0.0006426735218508997
leave,dada,1,53,1556,0.0006426735218508997
leave,brooklyn,1,54,1556,0.0006426735218508997
leave,uhoh,1,55,1556,0.0006426735218508997
leave,kitty,1,56,1556,0.0006426735218508997
leave,sweetheart,1,57,1556,0.0006426735218508997
leave,jacob,1,58,1556,0.0006426735218508997
leave,ty,1,59,1556,0.0006426735218508997
leave,truck,1,60,1556,0.0006426735218508997
leave,this,1,61,1556,0.0006426735218508997
leave,steve,1,62,1556,0.0006426735218508997
leave,bay,1,63,1556,0.0006426735218508997
leave,hold,1,64,1556,0.0006426735218508997
leave,nana,1,65,1556,0.0006426735218508997
leave,pat,1,66,1556,0.0006426735218508997
leave,wheel,1,67,1556,0.0006426735218508997
leave,part,1,68,1556,0.0006426735218508997
leave,seal,1,69,1556,0.0006426735218508997
leave,cromer,1,70,1556,0.0006426735218508997
leave,sarah,1,71,1556,0.0006426735218508997
leave,pajama,1,72,1556,0.0006426735218508997
leave,santa,1,73,1556,0.0006426735218508997
leave,melissa,1,74,1556,0.0006426735218508997
leave,brother,1,75,1556,0.0006426735218508997
leave,brushing,1,76,1556,0.0006426735218508997
leave,girl,1,77,1556,0.0006426735218508997
leave,grape,1,78,1556,0.0006426735218508997
leave,george,1,79,1556,0.0006426735218508997
leave,many,1,80,1556,0.0006426735218508997
leave,anyone,1,81,1556,0.0006426735218508997
leave,pillow,1,82,1556,0.0006426735218508997
leave,blansworth,1,83,1556,0.0006426735218508997
leave,malcolm,1,84,1556,0.0006426735218508997
leave,pig,1,85,1556,0.0006426735218508997
leave,cinderella,1,86,1556,0.0006426735218508997
leave,huntsman,1,87,1556,0.0006426735218508997
leave,theresa,1,88,1556,0.0006426735218508997
leave,soup,1,89,1556,0.0006426735218508997
leave,debra,1,90,1556,0.0006426735218508997
leave,bun,1,91,1556,0.0006426735218508997
leave,dog,1,92,1556,0.0006426735218508997
leave,olson,1,93,1556,0.0006426735218508997
leave,stepmother,1,94,1556,0.0006426735218508997
leave,cutter,1,95,1556,0.0006426735218508997
leave,wife,1,96,1556,0.0006426735218508997
leave,hansel,1,97,1556,0.0006426735218508997
leave,hood,1,98,1556,0.0006426735218508997
leave,tongue,1,99,1556,0.0006426735218508997
leave,carnival,1,100,1556,0.0006426735218508997
leave,bro,1,101,1556,0.0006426735218508997
leave,animal,1,102,1556,0.0006426735218508997
leave,bitty,1,103,1556,0.0006426735218508997
leave,roy,1,104,1556,0.0006426735218508997
leave,cook,1,105,1556,0.0006426735218508997
leave,section,1,106,1556,0.0006426735218508997
leave,shannon,1,107,1556,0.0006426735218508997
leave,katie,1,108,1556,0.0006426735218508997
leave,jane,1,109,1556,0.0006426735218508997
leave,liam,1,110,1556,0.0006426735218508997
leave,orange,1,111,1556,0.0006426735218508997
leave,adi,1,112,1556,0.0006426735218508997
leave,megan,1,113,1556,0.0006426735218508997
leave,post,1,114,1556,0.0006426735218508997
leave,nathaniel,1,115,1556,0.0006426735218508997
leave,snows,1,116,1556,0.0006426735218508997
leave,dingo,1,117,1556,0.0006426735218508997
leave,story,1,118,1556,0.0006426735218508997
leave,nonno,1,119,1556,0.0006426735218508997
leave,picture,1,120,1556,0.0006426735218508997
leave,money,1,121,1556,0.0006426735218508997
leave,train,1,122,1556,0.0006426735218508997
leave,rachel,1,123,1556,0.0006426735218508997
leave,mama,1,124,1556,0.0006426735218508997
leave,music,1,125,1556,0.0006426735218508997
leave,go,1,126,1556,0.0006426735218508997
leave,bree,1,127,1556,0.0006426735218508997
leave,reindeer,1,128,1556,0.0006426735218508997
leave,card,1,129,1556,0.0006426735218508997
leave,sticker,1,130,1556,0.0006426735218508997
leave,snow,1,131,1556,0.0006426735218508997
leave,grandma,1,132,1556,0.0006426735218508997
leave,parent,1,133,1556,0.0006426735218508997
leave,jillian,1,134,1556,0.0006426735218508997
leave,jilly,1,135,1556,0.0006426735218508997
leave,monster,1,136,1556,0.0006426735218508997
leave,erin,1,137,1556,0.0006426735218508997
leave,tony,1,138,1556,0.0006426735218508997
leave,bobby,1,139,1556,0.0006426735218508997
leave,anything,1,140,1556,0.0006426735218508997
leave,jason,1,141,1556,0.0006426735218508997
leave,class,1,142,1556,0.0006426735218508997
leave,burp,1,143,1556,0.0006426735218508997
leave,six,1,144,1556,0.0006426735218508997
leave,mia,1,145,1556,0.0006426735218508997
leave,voice,1,146,1556,0.0006426735218508997
leave,deidre,1,147,1556,0.0006426735218508997
leave,hal,1,148,1556,0.0006426735218508997
leave,most,1,149,1556,0.0006426735218508997
leave,karen,1,150,1556,0.0006426735218508997
leave,philip,1,151,1556,0.0006426735218508997
leave,torrence,1,152,1556,0.0006426735218508997
leave,your,1,153,1556,0.0006426735218508997
leave,hunm,1,154,1556,0.0006426735218508997
leave,cindy,1,155,1556,0.0006426735218508997
leave,mine,1,156,1556,0.0006426735218508997
leave,eleven,1,157,1556,0.0006426735218508997
leave,gabriella,1,158,1556,0.0006426735218508997
leave,crate,1,159,1556,0.0006426735218508997
leave,bus,1,160,1556,0.0006426735218508997
leave,feather,1,161,1556,0.0006426735218508997
leave,matthew,1,162,1556,0.0006426735218508997
leave,sea,1,163,1556,0.0006426735218508997
leave,gabe,1,164,1556,0.0006426735218508997
leave,turtle,1,165,1556,0.0006426735218508997
leave,joe,1,166,1556,0.0006426735218508997
leave,joseph,1,167,1556,0.0006426735218508997
leave,king,1,168,1556,0.0006426735218508997
leave,match,1,169,1556,0.0006426735218508997
leave,kayode,1,170,1556,0.0006426735218508997
leave,deedee,1,171,1556,0.0006426735218508997
leave,room,1,172,1556,0.0006426735218508997
leave,god,1,173,1556,0.0006426735218508997
feel,you,460,1,1530,0.3006535947712418
feel,he,246,2,1530,0.1607843137254902
feel,i,237,3,1530,0.15490196078431373
feel,it,173,4,1530,0.1130718954248366
feel,that,97,5,1530,0.06339869281045751
feel,she,52,6,1530,0.03398692810457516
feel,they,36,7,1530,0.023529411764705882
feel,we,15,8,1530,0.00980392156862745
feel,ya,9,9,1530,0.0058823529411764705
feel,tummy,9,10,1530,0.0058823529411764705
feel,bunny,9,11,1530,0.0058823529411764705
feel,mommy,8,12,1530,0.00522875816993464
feel,baby,7,13,1530,0.004575163398692811
feel,lemme,6,14,1530,0.00392156862745098
feel,judy,6,15,1530,0.00392156862745098
feel,stomach,6,16,1530,0.00392156862745098
feel,tooth,5,17,1530,0.0032679738562091504
feel,nose,4,18,1530,0.00261437908496732
feel,one,4,19,1530,0.00261437908496732
feel,bird,3,20,1530,0.00196078431372549
feel,birdie,3,21,1530,0.00196078431372549
feel,water,3,22,1530,0.00196078431372549
feel,cricter,3,23,1530,0.00196078431372549
feel,hair,3,24,1530,0.00196078431372549
feel,people,3,25,1530,0.00196078431372549
feel,belly,3,26,1530,0.00196078431372549
feel,daddy,2,27,1530,0.00130718954248366
feel,these,2,28,1530,0.00130718954248366
feel,jesus,2,29,1530,0.00130718954248366
feel,snow,2,30,1530,0.00130718954248366
feel,becky,2,31,1530,0.00130718954248366
feel,chair,2,32,1530,0.00130718954248366
feel,wanna,2,33,1530,0.00130718954248366
feel,ernie,2,34,1530,0.00130718954248366
feel,giant,2,35,1530,0.00130718954248366
feel,grandmother,2,36,1530,0.00130718954248366
feel,chi,2,37,1530,0.00130718954248366
feel,this,2,38,1530,0.00130718954248366
feel,cheek,2,39,1530,0.00130718954248366
feel,child,2,40,1530,0.00130718954248366
feel,throat,2,41,1530,0.00130718954248366
feel,someone,2,42,1530,0.00130718954248366
feel,head,2,43,1530,0.00130718954248366
feel,whatever,1,44,1530,0.00065359477124183
feel,ear,1,45,1530,0.00065359477124183
feel,face,1,46,1530,0.00065359477124183
feel,woman,1,47,1530,0.00065359477124183
feel,george,1,48,1530,0.00065359477124183
feel,dwww,1,49,1530,0.00065359477124183
feel,hwww,1,50,1530,0.00065359477124183
feel,jwww,1,51,1530,0.00065359477124183
feel,part,1,52,1530,0.00065359477124183
feel,hug,1,53,1530,0.00065359477124183
feel,window,1,54,1530,0.00065359477124183
feel,diaper,1,55,1530,0.00065359477124183
feel,tongue,1,56,1530,0.00065359477124183
feel,youse,1,57,1530,0.00065359477124183
feel,shoe,1,58,1530,0.00065359477124183
feel,something,1,59,1530,0.00065359477124183
feel,hand,1,60,1530,0.00065359477124183
feel,carrot,1,61,1530,0.00065359477124183
feel,sink,1,62,1530,0.00065359477124183
feel,fraser,1,63,1530,0.00065359477124183
feel,cathy,1,64,1530,0.00065359477124183
feel,toe,1,65,1530,0.00065359477124183
feel,mother,1,66,1530,0.00065359477124183
feel,bozo,1,67,1530,0.00065359477124183
feel,sarah,1,68,1530,0.00065359477124183
feel,melissa,1,69,1530,0.00065359477124183
feel,as_soon_as,1,70,1530,0.00065359477124183
feel,print,1,71,1530,0.00065359477124183
feel,wind,1,72,1530,0.00065359477124183
feel,breeze,1,73,1530,0.00065359477124183
feel,owie,1,74,1530,0.00065359477124183
feel,good,1,75,1530,0.00065359477124183
feel,bear,1,76,1530,0.00065359477124183
feel,nadine,1,77,1530,0.00065359477124183
feel,who,1,78,1530,0.00065359477124183
feel,pussy,1,79,1530,0.00065359477124183
feel,policeman,1,80,1530,0.00065359477124183
feel,piggy,1,81,1530,0.00065359477124183
feel,toy,1,82,1530,0.00065359477124183
feel,grover,1,83,1530,0.00065359477124183
feel,room,1,84,1530,0.00065359477124183
feel,alice,1,85,1530,0.00065359477124183
feel,mom,1,86,1530,0.00065359477124183
feel,tarce,1,87,1530,0.00065359477124183
feel,mama,1,88,1530,0.00065359477124183
feel,piggie,1,89,1530,0.00065359477124183
feel,wolf,1,90,1530,0.00065359477124183
feel,paddington,1,91,1530,0.00065359477124183
feel,honey,1,92,1530,0.00065359477124183
feel,hadta,1,93,1530,0.00065359477124183
feel,company,1,94,1530,0.00065359477124183
feel,mimi,1,95,1530,0.00065359477124183
feel,hen,1,96,1530,0.00065359477124183
feel,grandma,1,97,1530,0.00065359477124183
feel,hippopotamus,1,98,1530,0.00065359477124183
feel,andy,1,99,1530,0.00065359477124183
feel,anyone,1,100,1530,0.00065359477124183
feel,stephen,1,101,1530,0.00065359477124183
feel,leaf,1,102,1530,0.00065359477124183
feel,leg,1,103,1530,0.00065359477124183
feel,caterpillar,1,104,1530,0.00065359477124183
feel,back,1,105,1530,0.00065359477124183
feel,penis,1,106,1530,0.00065359477124183
feel,fussy,1,107,1530,0.00065359477124183
feel,bath,1,108,1530,0.00065359477124183
feel,nina,1,109,1530,0.00065359477124183
feel,rash,1,110,1530,0.00065359477124183
feel,nonno,1,111,1530,0.00065359477124183
feel,out_of,1,112,1530,0.00065359477124183
feel,girl,1,113,1530,0.00065359477124183
feel,arm,1,114,1530,0.00065359477124183
feel,robot,1,115,1530,0.00065359477124183
feel,somebody,1,116,1530,0.00065359477124183
feel,your,1,117,1530,0.00065359477124183
feel,a,1,118,1530,0.00065359477124183
feel,mary,1,119,1530,0.00065359477124183
feel,presence,1,120,1530,0.00065359477124183
feel,everybody,1,121,1530,0.00065359477124183
feel,ross,1,122,1530,0.00065359477124183
feel,nixon,1,123,1530,0.00065359477124183
feel,toddy,1,124,1530,0.00065359477124183
feel,david,1,125,1530,0.00065359477124183
feel,us,1,126,1530,0.00065359477124183
feel,ooh,1,127,1530,0.00065359477124183
feel,puppy,1,128,1530,0.00065359477124183
feel,fishy,1,129,1530,0.00065359477124183
love,i,714,1,1452,0.49173553719008267
love,you,272,2,1452,0.18732782369146006
love,he,91,3,1452,0.06267217630853994
love,she,74,4,1452,0.05096418732782369
love,mommy,35,5,1452,0.024104683195592287
love,we,31,6,1452,0.02134986225895317
love,jesus,26,7,1452,0.01790633608815427
love,they,25,8,1452,0.01721763085399449
love,elephant,24,9,1452,0.01652892561983471
love,baby,13,10,1452,0.008953168044077135
love,who,12,11,1452,0.008264462809917356
love,mama,7,12,1452,0.0048209366391184574
love,everybody,6,13,1452,0.004132231404958678
love,daddy,6,14,1452,0.004132231404958678
love,alex,5,15,1452,0.003443526170798898
love,god,4,16,1452,0.0027548209366391185
love,child,4,17,1452,0.0027548209366391185
love,brother,3,18,1452,0.002066115702479339
love,cat,3,19,1452,0.002066115702479339
love,everyone,3,20,1452,0.002066115702479339
love,bunny,3,21,1452,0.002066115702479339
love,nobody,2,22,1452,0.0013774104683195593
love,pooh,2,23,1452,0.0013774104683195593
love,kim,2,24,1452,0.0013774104683195593
love,andy,2,25,1452,0.0013774104683195593
love,corduroy,2,26,1452,0.0013774104683195593
love,mary,2,27,1452,0.0013774104683195593
love,girl,2,28,1452,0.0013774104683195593
love,chi,2,29,1452,0.0013774104683195593
love,mother,2,30,1452,0.0013774104683195593
love,kid,2,31,1452,0.0013774104683195593
love,sister,2,32,1452,0.0013774104683195593
love,that,2,33,1452,0.0013774104683195593
love,boy,2,34,1452,0.0013774104683195593
love,titus,2,35,1452,0.0013774104683195593
love,pepe,1,36,1452,0.0006887052341597796
love,laura,1,37,1452,0.0006887052341597796
love,andrew,1,38,1452,0.0006887052341597796
love,cheeky,1,39,1452,0.0006887052341597796
love,kiki,1,40,1452,0.0006887052341597796
love,dada,1,41,1452,0.0006887052341597796
love,thank_you,1,42,1452,0.0006887052341597796
love,mm,1,43,1452,0.0006887052341597796
love,bear,1,44,1452,0.0006887052341597796
love,all,1,45,1452,0.0006887052341597796
love,bobo,1,46,1452,0.0006887052341597796
love,kent,1,47,1452,0.0006887052341597796
love,rex,1,48,1452,0.0006887052341597796
love,somebody,1,49,1452,0.0006887052341597796
love,someone,1,50,1452,0.0006887052341597796
love,kitten,1,51,1452,0.0006887052341597796
love,mouse,1,52,1452,0.0006887052341597796
love,lamb,1,53,1452,0.0006887052341597796
love,tarci,1,54,1452,0.0006887052341597796
love,horse,1,55,1452,0.0006887052341597796
love,chris,1,56,1452,0.0006887052341597796
love,ancestor,1,57,1452,0.0006887052341597796
love,franny,1,58,1452,0.0006887052341597796
love,grandchild,1,59,1452,0.0006887052341597796
love,people,1,60,1452,0.0006887052341597796
love,thank,1,61,1452,0.0006887052341597796
love,bro,1,62,1452,0.0006887052341597796
love,spell,1,63,1452,0.0006887052341597796
love,heather,1,64,1452,0.0006887052341597796
love,teacher,1,65,1452,0.0006887052341597796
love,rogers,1,66,1452,0.0006887052341597796
love,guy,1,67,1452,0.0006887052341597796
love,dad,1,68,1452,0.0006887052341597796
love,caterpillar,1,69,1452,0.0006887052341597796
love,potatohead,1,70,1452,0.0006887052341597796
love,abe,1,71,1452,0.0006887052341597796
love,lovey,1,72,1452,0.0006887052341597796
love,marky,1,73,1452,0.0006887052341597796
love,dabee,1,74,1452,0.0006887052341597796
love,melissa,1,75,1452,0.0006887052341597796
love,needta,1,76,1452,0.0006887052341597796
love,it,1,77,1452,0.0006887052341597796
love,three,1,78,1452,0.0006887052341597796
love,snake,1,79,1452,0.0006887052341597796
love,octopus,1,80,1452,0.0006887052341597796
love,robin,1,81,1452,0.0006887052341597796
love,ant,1,82,1452,0.0006887052341597796
love,rabbit,1,83,1452,0.0006887052341597796
love,pickle,1,84,1452,0.0006887052341597796
love,nina,1,85,1452,0.0006887052341597796
love,betta,1,86,1452,0.0006887052341597796
love,cowboy,1,87,1452,0.0006887052341597796
love,james,1,88,1452,0.0006887052341597796
love,uncle_david,1,89,1452,0.0006887052341597796
love,aunt_carey,1,90,1452,0.0006887052341597796
love,tiki,1,91,1452,0.0006887052341597796
love,puppy,1,92,1452,0.0006887052341597796
love,cathy,1,93,1452,0.0006887052341597796
love,weist,1,94,1452,0.0006887052341597796
love,parker,1,95,1452,0.0006887052341597796
love,anthony,1,96,1452,0.0006887052341597796
love,gabriella,1,97,1452,0.0006887052341597796
love,monkey,1,98,1452,0.0006887052341597796
let,you,314,1,1445,0.21730103806228374
let,i,275,2,1445,0.1903114186851211
let,we,103,3,1445,0.07128027681660899
let,us,79,4,1445,0.05467128027681661
let,she,51,5,1445,0.03529411764705882
let,it,47,6,1445,0.032525951557093424
let,he,47,7,1445,0.032525951557093424
let,they,42,8,1445,0.02906574394463668
let,mommy,15,9,1445,0.010380622837370242
let,chi,14,10,1445,0.009688581314878892
let,cmon,13,11,1445,0.008996539792387544
let,adam,12,12,1445,0.008304498269896194
let,daddy,9,13,1445,0.006228373702422145
let,that,9,14,1445,0.006228373702422145
let,one,8,15,1445,0.005536332179930796
let,honey,8,16,1445,0.005536332179930796
let,boy,7,17,1445,0.004844290657439446
let,abe,6,18,1445,0.004152249134948097
let,mama,6,19,1445,0.004152249134948097
let,nomi,6,20,1445,0.004152249134948097
let,roman,6,21,1445,0.004152249134948097
let,steve,5,22,1445,0.0034602076124567475
let,shem,5,23,1445,0.0034602076124567475
let,mom,5,24,1445,0.0034602076124567475
let,man,5,25,1445,0.0034602076124567475
let,what,5,26,1445,0.0034602076124567475
let,megan,5,27,1445,0.0034602076124567475
let,nina,5,28,1445,0.0034602076124567475
let,whoop,4,29,1445,0.002768166089965398
let,this,4,30,1445,0.002768166089965398
let,guy,4,31,1445,0.002768166089965398
let,mother,4,32,1445,0.002768166089965398
let,sis,4,33,1445,0.002768166089965398
let,bro,4,34,1445,0.002768166089965398
let,teacher,4,35,1445,0.002768166089965398
let,karen,4,36,1445,0.002768166089965398
let,melissa,4,37,1445,0.002768166089965398
let,sally,4,38,1445,0.002768166089965398
let,nathaniel,4,39,1445,0.002768166089965398
let,thomas,4,40,1445,0.002768166089965398
let,child,4,41,1445,0.002768166089965398
let,remi,4,42,1445,0.002768166089965398
let,patrick,4,43,1445,0.002768166089965398
let,wanna,3,44,1445,0.0020761245674740486
let,car,3,45,1445,0.0020761245674740486
let,eric,3,46,1445,0.0020761245674740486
let,pete,3,47,1445,0.0020761245674740486
let,peter,3,48,1445,0.0020761245674740486
let,laura,3,49,1445,0.0020761245674740486
let,baby,3,50,1445,0.0020761245674740486
let,mandy,3,51,1445,0.0020761245674740486
let,henry,3,52,1445,0.0020761245674740486
let,button,3,53,1445,0.0020761245674740486
let,sarah,3,54,1445,0.0020761245674740486
let,who,3,55,1445,0.0020761245674740486
let,travis,3,56,1445,0.0020761245674740486
let,catherine,3,57,1445,0.0020761245674740486
let,joseph,3,58,1445,0.0020761245674740486
let,michael,3,59,1445,0.0020761245674740486
let,samantha,3,60,1445,0.0020761245674740486
let,key,2,61,1445,0.001384083044982699
let,thank_you,2,62,1445,0.001384083044982699
let,everybody,2,63,1445,0.001384083044982699
let,mkay,2,64,1445,0.001384083044982699
let,sweetheart,2,65,1445,0.001384083044982699
let,lord,2,66,1445,0.001384083044982699
let,beep,2,67,1445,0.001384083044982699
let,mummy,2,68,1445,0.001384083044982699
let,book,2,69,1445,0.001384083044982699
let,father,2,70,1445,0.001384083044982699
let,yeh,2,71,1445,0.001384083044982699
let,come_on,2,72,1445,0.001384083044982699
let,ross,2,73,1445,0.001384083044982699
let,matthew,2,74,1445,0.001384083044982699
let,brittany,2,75,1445,0.001384083044982699
let,salley,2,76,1445,0.001384083044982699
let,idea,2,77,1445,0.001384083044982699
let,rachel,2,78,1445,0.001384083044982699
let,miriam,2,79,1445,0.001384083044982699
let,investigator,2,80,1445,0.001384083044982699
let,naw,2,81,1445,0.001384083044982699
let,jason,2,82,1445,0.001384083044982699
let,von,2,83,1445,0.001384083044982699
let,anthony,2,84,1445,0.001384083044982699
let,robert,2,85,1445,0.001384083044982699
let,cindy,2,86,1445,0.001384083044982699
let,good,2,87,1445,0.001384083044982699
let,asher,2,88,1445,0.001384083044982699
let,your,2,89,1445,0.001384083044982699
let,bobby,2,90,1445,0.001384083044982699
let,willary,1,91,1445,0.0006920415224913495
let,kind,1,92,1445,0.0006920415224913495
let,hello,1,93,1445,0.0006920415224913495
let,woof,1,94,1445,0.0006920415224913495
let,paper,1,95,1445,0.0006920415224913495
let,patsy,1,96,1445,0.0006920415224913495
let,juice,1,97,1445,0.0006920415224913495
let,jenny,1,98,1445,0.0006920415224913495
let,toy,1,99,1445,0.0006920415224913495
let,jwww,1,100,1445,0.0006920415224913495
let,poo,1,101,1445,0.0006920415224913495
let,second,1,102,1445,0.0006920415224913495
let,kiki,1,103,1445,0.0006920415224913495
let,needta,1,104,1445,0.0006920415224913495
let,morgan,1,105,1445,0.0006920415224913495
let,miranda,1,106,1445,0.0006920415224913495
let,dillon,1,107,1445,0.0006920415224913495
let,brooklyn,1,108,1445,0.0006920415224913495
let,sweetie+pie,1,109,1445,0.0006920415224913495
let,alexander,1,110,1445,0.0006920415224913495
let,mooshas,1,111,1445,0.0006920415224913495
let,hasta,1,112,1445,0.0006920415224913495
let,orange,1,113,1445,0.0006920415224913495
let,kitty,1,114,1445,0.0006920415224913495
let,kangaroo,1,115,1445,0.0006920415224913495
let,frog,1,116,1445,0.0006920415224913495
let,paul,1,117,1445,0.0006920415224913495
let,eve,1,118,1445,0.0006920415224913495
let,someone,1,119,1445,0.0006920415224913495
let,ya,1,120,1445,0.0006920415224913495
let,gail,1,121,1445,0.0006920415224913495
let,animal,1,122,1445,0.0006920415224913495
let,radio,1,123,1445,0.0006920415224913495
let,puzzle,1,124,1445,0.0006920415224913495
let,mommy'll,1,125,1445,0.0006920415224913495
let,butter,1,126,1445,0.0006920415224913495
let,jack,1,127,1445,0.0006920415224913495
let,blackfinger,1,128,1445,0.0006920415224913495
let,babar,1,129,1445,0.0006920415224913495
let,land,1,130,1445,0.0006920415224913495
let,owie,1,131,1445,0.0006920415224913495
let,hen,1,132,1445,0.0006920415224913495
let,girl,1,133,1445,0.0006920415224913495
let,uhhuh,1,134,1445,0.0006920415224913495
let,let,1,135,1445,0.0006920415224913495
let,whiz,1,136,1445,0.0006920415224913495
let,richard,1,137,1445,0.0006920415224913495
let,max,1,138,1445,0.0006920415224913495
let,sam,1,139,1445,0.0006920415224913495
let,pig,1,140,1445,0.0006920415224913495
let,kristen,1,141,1445,0.0006920415224913495
let,nana,1,142,1445,0.0006920415224913495
let,tommy,1,143,1445,0.0006920415224913495
let,fella,1,144,1445,0.0006920415224913495
let,lenny,1,145,1445,0.0006920415224913495
let,stuff,1,146,1445,0.0006920415224913495
let,pascal,1,147,1445,0.0006920415224913495
let,robin,1,148,1445,0.0006920415224913495
let,grizzly,1,149,1445,0.0006920415224913495
let,caterpillar,1,150,1445,0.0006920415224913495
let,trout,1,151,1445,0.0006920415224913495
let,ma,1,152,1445,0.0006920415224913495
let,nicky,1,153,1445,0.0006920415224913495
let,grandma,1,154,1445,0.0006920415224913495
let,tomato,1,155,1445,0.0006920415224913495
let,elephant,1,156,1445,0.0006920415224913495
let,call,1,157,1445,0.0006920415224913495
let,play,1,158,1445,0.0006920415224913495
let,plant,1,159,1445,0.0006920415224913495
let,person,1,160,1445,0.0006920415224913495
let,kid,1,161,1445,0.0006920415224913495
let,bladder,1,162,1445,0.0006920415224913495
let,colleen,1,163,1445,0.0006920415224913495
let,people,1,164,1445,0.0006920415224913495
let,rufus,1,165,1445,0.0006920415224913495
let,jane,1,166,1445,0.0006920415224913495
let,nathan,1,167,1445,0.0006920415224913495
let,cookie_monster,1,168,1445,0.0006920415224913495
let,symphony,1,169,1445,0.0006920415224913495
let,all,1,170,1445,0.0006920415224913495
let,way,1,171,1445,0.0006920415224913495
let,lissa,1,172,1445,0.0006920415224913495
let,malcolm,1,173,1445,0.0006920415224913495
let,yours,1,174,1445,0.0006920415224913495
let,baa_baa,1,175,1445,0.0006920415224913495
let,a,1,176,1445,0.0006920415224913495
let,sweetie,1,177,1445,0.0006920415224913495
let,junky,1,178,1445,0.0006920415224913495
let,egg,1,179,1445,0.0006920415224913495
let,friend,1,180,1445,0.0006920415224913495
let,hand,1,181,1445,0.0006920415224913495
let,tower,1,182,1445,0.0006920415224913495
let,telephone,1,183,1445,0.0006920415224913495
let,shh,1,184,1445,0.0006920415224913495
let,nah,1,185,1445,0.0006920415224913495
let,becca,1,186,1445,0.0006920415224913495
let,linda,1,187,1445,0.0006920415224913495
let,ellie,1,188,1445,0.0006920415224913495
let,brian,1,189,1445,0.0006920415224913495
let,spencer,1,190,1445,0.0006920415224913495
let,wood,1,191,1445,0.0006920415224913495
let,terry,1,192,1445,0.0006920415224913495
let,lion,1,193,1445,0.0006920415224913495
let,rro,1,194,1445,0.0006920415224913495
let,block,1,195,1445,0.0006920415224913495
let,engine,1,196,1445,0.0006920415224913495
let,trade,1,197,1445,0.0006920415224913495
let,oh_my_goodness,1,198,1445,0.0006920415224913495
let,doggie,1,199,1445,0.0006920415224913495
let,david,1,200,1445,0.0006920415224913495
let,ryan,1,201,1445,0.0006920415224913495
let,santa,1,202,1445,0.0006920415224913495
let,playzone,1,203,1445,0.0006920415224913495
let,jillian,1,204,1445,0.0006920415224913495
let,erin,1,205,1445,0.0006920415224913495
let,cake,1,206,1445,0.0006920415224913495
let,side,1,207,1445,0.0006920415224913495
let,bunch,1,208,1445,0.0006920415224913495
let,part,1,209,1445,0.0006920415224913495
let,builder,1,210,1445,0.0006920415224913495
let,alrighty,1,211,1445,0.0006920415224913495
let,bite,1,212,1445,0.0006920415224913495
let,something,1,213,1445,0.0006920415224913495
let,matty,1,214,1445,0.0006920415224913495
let,milk,1,215,1445,0.0006920415224913495
let,bed,1,216,1445,0.0006920415224913495
let,sophie,1,217,1445,0.0006920415224913495
let,come,1,218,1445,0.0006920415224913495
let,carl,1,219,1445,0.0006920415224913495
let,letisha,1,220,1445,0.0006920415224913495
let,stephie,1,221,1445,0.0006920415224913495
let,deliver,1,222,1445,0.0006920415224913495
let,everyone,1,223,1445,0.0006920415224913495
let,chip,1,224,1445,0.0006920415224913495
let,four,1,225,1445,0.0006920415224913495
let,jennifer,1,226,1445,0.0006920415224913495
let,barbara,1,227,1445,0.0006920415224913495
let,tracy,1,228,1445,0.0006920415224913495
let,barret,1,229,1445,0.0006920415224913495
let,jerry,1,230,1445,0.0006920415224913495
let,kim,1,231,1445,0.0006920415224913495
let,philip,1,232,1445,0.0006920415224913495
let,keisha,1,233,1445,0.0006920415224913495
let,lynette,1,234,1445,0.0006920415224913495
let,pat,1,235,1445,0.0006920415224913495
let,joey,1,236,1445,0.0006920415224913495
let,matt,1,237,1445,0.0006920415224913495
let,coat,1,238,1445,0.0006920415224913495
let,gabe,1,239,1445,0.0006920415224913495
let,zoe,1,240,1445,0.0006920415224913495
let,mermaid,1,241,1445,0.0006920415224913495
let,jimmy,1,242,1445,0.0006920415224913495
let,aeroplane,1,243,1445,0.0006920415224913495
let,ronnie,1,244,1445,0.0006920415224913495
let,ginger,1,245,1445,0.0006920415224913495
let,dorothy,1,246,1445,0.0006920415224913495
let,deedee,1,247,1445,0.0006920415224913495
let,william,1,248,1445,0.0006920415224913495
let,ho,1,249,1445,0.0006920415224913495
let,about,1,250,1445,0.0006920415224913495
let,clifford,1,251,1445,0.0006920415224913495
let,sum,1,252,1445,0.0006920415224913495
open,you,522,1,1441,0.36224843858431643
open,i,211,2,1441,0.14642609299097847
open,it,174,3,1441,0.12074947952810548
open,we,113,4,1441,0.0784177654406662
open,he,55,5,1441,0.03816793893129771
open,that,43,6,1441,0.029840388619014575
open,us,40,7,1441,0.027758501040943788
open,door,27,8,1441,0.018736988202637056
open,this,24,9,1441,0.016655100624566273
open,they,24,10,1441,0.016655100624566273
open,wanna,21,11,1441,0.01457321304649549
open,she,19,12,1441,0.0131852879944483
open,one,10,13,1441,0.006939625260235947
open,lemme,9,14,1441,0.006245662734212352
open,mommy,9,15,1441,0.006245662734212352
open,daddy,8,16,1441,0.005551700208188758
open,who,5,17,1441,0.0034698126301179735
open,eye,5,18,1441,0.0034698126301179735
open,ya,3,19,1441,0.002081887578070784
open,key,3,20,1441,0.002081887578070784
open,someone,3,21,1441,0.002081887578070784
open,pooh,2,22,1441,0.0013879250520471894
open,book,2,23,1441,0.0013879250520471894
open,store,2,24,1441,0.0013879250520471894
open,those,2,25,1441,0.0013879250520471894
open,cinderella,2,26,1441,0.0013879250520471894
open,cat,2,27,1441,0.0013879250520471894
open,chi,2,28,1441,0.0013879250520471894
open,pascal,2,29,1441,0.0013879250520471894
open,anything,2,30,1441,0.0013879250520471894
open,mummy,2,31,1441,0.0013879250520471894
open,all,2,32,1441,0.0013879250520471894
open,what,2,33,1441,0.0013879250520471894
open,gail,1,34,1441,0.0006939625260235947
open,mine,1,35,1441,0.0006939625260235947
open,egg,1,36,1441,0.0006939625260235947
open,man,1,37,1441,0.0006939625260235947
open,car,1,38,1441,0.0006939625260235947
open,awoh,1,39,1441,0.0006939625260235947
open,hippopotamus,1,40,1441,0.0006939625260235947
open,hippo,1,41,1441,0.0006939625260235947
open,robin,1,42,1441,0.0006939625260235947
open,zipper,1,43,1441,0.0006939625260235947
open,hasta,1,44,1441,0.0006939625260235947
open,woody,1,45,1441,0.0006939625260235947
open,andy,1,46,1441,0.0006939625260235947
open,mail,1,47,1441,0.0006939625260235947
open,mouth,1,48,1441,0.0006939625260235947
open,adam,1,49,1441,0.0006939625260235947
open,ursula,1,50,1441,0.0006939625260235947
open,rick,1,51,1441,0.0006939625260235947
open,window,1,52,1441,0.0006939625260235947
open,sarah,1,53,1441,0.0006939625260235947
open,mother,1,54,1441,0.0006939625260235947
open,melissa,1,55,1441,0.0006939625260235947
open,dudley,1,56,1441,0.0006939625260235947
open,thing,1,57,1441,0.0006939625260235947
open,zoo,1,58,1441,0.0006939625260235947
open,top,1,59,1441,0.0006939625260235947
open,curtain,1,60,1441,0.0006939625260235947
open,drawer,1,61,1441,0.0006939625260235947
open,these,1,62,1441,0.0006939625260235947
open,xavia,1,63,1441,0.0006939625260235947
open,courage,1,64,1441,0.0006939625260235947
open,junior,1,65,1441,0.0006939625260235947
open,mama,1,66,1441,0.0006939625260235947
open,which,1,67,1441,0.0006939625260235947
open,rosamund,1,68,1441,0.0006939625260235947
open,minnie,1,69,1441,0.0006939625260235947
open,giant,1,70,1441,0.0006939625260235947
open,greta,1,71,1441,0.0006939625260235947
open,rabbit,1,72,1441,0.0006939625260235947
open,balloon,1,73,1441,0.0006939625260235947
open,snake,1,74,1441,0.0006939625260235947
open,cousin,1,75,1441,0.0006939625260235947
open,susan,1,76,1441,0.0006939625260235947
open,lassie,1,77,1441,0.0006939625260235947
open,ear,1,78,1441,0.0006939625260235947
open,choo,1,79,1441,0.0006939625260235947
open,theater,1,80,1441,0.0006939625260235947
open,buddy,1,81,1441,0.0006939625260235947
open,burt,1,82,1441,0.0006939625260235947
open,ball,1,83,1441,0.0006939625260235947
open,house,1,84,1441,0.0006939625260235947
open,part,1,85,1441,0.0006939625260235947
open,lip,1,86,1441,0.0006939625260235947
open,ours,1,87,1441,0.0006939625260235947
open,nomi,1,88,1441,0.0006939625260235947
open,both,1,89,1441,0.0006939625260235947
open,eyebrow,1,90,1441,0.0006939625260235947
open,pickle,1,91,1441,0.0006939625260235947
open,thomas,1,92,1441,0.0006939625260235947
open,honey,1,93,1441,0.0006939625260235947
open,card,1,94,1441,0.0006939625260235947
open,boy,1,95,1441,0.0006939625260235947
open,piano,1,96,1441,0.0006939625260235947
open,yours,1,97,1441,0.0006939625260235947
open,noah,1,98,1441,0.0006939625260235947
open,somebody,1,99,1441,0.0006939625260235947
open,grammy,1,100,1441,0.0006939625260235947
open,gate,1,101,1441,0.0006939625260235947
open,christmas,1,102,1441,0.0006939625260235947
open,erin,1,103,1441,0.0006939625260235947
open,brett,1,104,1441,0.0006939625260235947
open,nobody,1,105,1441,0.0006939625260235947
open,chris,1,106,1441,0.0006939625260235947
open,people,1,107,1441,0.0006939625260235947
open,christine,1,108,1441,0.0006939625260235947
open,derwood,1,109,1441,0.0006939625260235947
open,philip,1,110,1441,0.0006939625260235947
open,everything,1,111,1441,0.0006939625260235947
open,hadta,1,112,1441,0.0006939625260235947
open,joseph,1,113,1441,0.0006939625260235947
open,bobby,1,114,1441,0.0006939625260235947
open,karen,1,115,1441,0.0006939625260235947
open,yan,1,116,1441,0.0006939625260235947
open,kayode,1,117,1441,0.0006939625260235947
open,in_order_to,1,118,1441,0.0006939625260235947
open,baby,1,119,1441,0.0006939625260235947
open,patrick,1,120,1441,0.0006939625260235947
open,mom,1,121,1441,0.0006939625260235947
open,johnny,1,122,1441,0.0006939625260235947
run,you,210,1,1412,0.14872521246458922
run,he,209,2,1412,0.14801699716713881
run,who,143,3,1412,0.10127478753541076
run,they,116,4,1412,0.0821529745042493
run,i,103,5,1412,0.07294617563739376
run,it,90,6,1412,0.06373937677053824
run,she,70,7,1412,0.049575070821529746
run,we,66,8,1412,0.046742209631728045
run,cat,31,9,1412,0.021954674220963172
run,mouse,19,10,1412,0.013456090651558074
run,nose,15,11,1412,0.010623229461756374
run,that,15,12,1412,0.010623229461756374
run,water,14,13,1412,0.009915014164305949
run,kitty,14,14,1412,0.009915014164305949
run,us,12,15,1412,0.0084985835694051
run,tape,9,16,1412,0.006373937677053824
run,man,7,17,1412,0.004957507082152974
run,puddy,7,18,1412,0.004957507082152974
run,mommy,6,19,1412,0.00424929178470255
run,car,6,20,1412,0.00424929178470255
run,people,6,21,1412,0.00424929178470255
run,thing,6,22,1412,0.00424929178470255
run,dish,5,23,1412,0.0035410764872521247
run,dog,5,24,1412,0.0035410764872521247
run,wanna,5,25,1412,0.0035410764872521247
run,train,5,26,1412,0.0035410764872521247
run,sandy,5,27,1412,0.0035410764872521247
run,cow,5,28,1412,0.0035410764872521247
run,everybody,4,29,1412,0.0028328611898017
run,recorder,4,30,1412,0.0028328611898017
run,battery,4,31,1412,0.0028328611898017
run,color,4,32,1412,0.0028328611898017
run,one,4,33,1412,0.0028328611898017
run,policeman,4,34,1412,0.0028328611898017
run,baby,4,35,1412,0.0028328611898017
run,miffy,3,36,1412,0.002124645892351275
run,hadta,3,37,1412,0.002124645892351275
run,rabbit,3,38,1412,0.002124645892351275
run,toy,3,39,1412,0.002124645892351275
run,farmer,3,40,1412,0.002124645892351275
run,truck,3,41,1412,0.002124645892351275
run,lady,3,42,1412,0.002124645892351275
run,matty,3,43,1412,0.002124645892351275
run,fly,3,44,1412,0.002124645892351275
run,boy,2,45,1412,0.00141643059490085
run,somebody,2,46,1412,0.00141643059490085
run,all,2,47,1412,0.00141643059490085
run,doggie,2,48,1412,0.00141643059490085
run,peter,2,49,1412,0.00141643059490085
run,ya,2,50,1412,0.00141643059490085
run,thief,2,51,1412,0.00141643059490085
run,george,2,52,1412,0.00141643059490085
run,juice,2,53,1412,0.00141643059490085
run,bed,2,54,1412,0.00141643059490085
run,clothe,2,55,1412,0.00141643059490085
run,doll,2,56,1412,0.00141643059490085
run,bumper,2,57,1412,0.00141643059490085
run,sport,2,58,1412,0.00141643059490085
run,porgie,2,59,1412,0.00141643059490085
run,this,2,60,1412,0.00141643059490085
run,pascal,2,61,1412,0.00141643059490085
run,daddy,2,62,1412,0.00141643059490085
run,cinderella,2,63,1412,0.00141643059490085
run,rover,2,64,1412,0.00141643059490085
run,timmy,2,65,1412,0.00141643059490085
run,girl,2,66,1412,0.00141643059490085
run,animal,2,67,1412,0.00141643059490085
run,monkey,2,68,1412,0.00141643059490085
run,what,2,69,1412,0.00141643059490085
run,sheep,2,70,1412,0.00141643059490085
run,piglet,2,71,1412,0.00141643059490085
run,frog,2,72,1412,0.00141643059490085
run,other,2,73,1412,0.00141643059490085
run,giraffe,1,74,1412,0.000708215297450425
run,otto,1,75,1412,0.000708215297450425
run,hose,1,76,1412,0.000708215297450425
run,needta,1,77,1412,0.000708215297450425
run,ball,1,78,1412,0.000708215297450425
run,lemme,1,79,1412,0.000708215297450425
run,woody,1,80,1412,0.000708215297450425
run,dyeisha,1,81,1412,0.000708215297450425
run,bunny+rabbit,1,82,1412,0.000708215297450425
run,yoyo,1,83,1412,0.000708215297450425
run,goldilocks,1,84,1412,0.000708215297450425
run,pilot,1,85,1412,0.000708215297450425
run,everyone,1,86,1412,0.000708215297450425
run,reindeer,1,87,1412,0.000708215297450425
run,butcher,1,88,1412,0.000708215297450425
run,baker,1,89,1412,0.000708215297450425
run,horace,1,90,1412,0.000708215297450425
run,fireman,1,91,1412,0.000708215297450425
run,robin,1,92,1412,0.000708215297450425
run,go,1,93,1412,0.000708215297450425
run,everything,1,94,1412,0.000708215297450425
run,useta,1,95,1412,0.000708215297450425
run,katie,1,96,1412,0.000708215297450425
run,elana,1,97,1412,0.000708215297450425
run,tupty,1,98,1412,0.000708215297450425
run,carriage,1,99,1412,0.000708215297450425
run,hasta,1,100,1412,0.000708215297450425
run,thumper,1,101,1412,0.000708215297450425
run,squirrel,1,102,1412,0.000708215297450425
run,hammer,1,103,1412,0.000708215297450425
run,house,1,104,1412,0.000708215297450425
run,oliver,1,105,1412,0.000708215297450425
run,ernie,1,106,1412,0.000708215297450425
run,maria,1,107,1412,0.000708215297450425
run,becky,1,108,1412,0.000708215297450425
run,command,1,109,1412,0.000708215297450425
run,chipmunk,1,110,1412,0.000708215297450425
run,four,1,111,1412,0.000708215297450425
run,mickey,1,112,1412,0.000708215297450425
run,foal,1,113,1412,0.000708215297450425
run,guy,1,114,1412,0.000708215297450425
run,biscuit,1,115,1412,0.000708215297450425
run,leopard,1,116,1412,0.000708215297450425
run,fund,1,117,1412,0.000708215297450425
run,parent,1,118,1412,0.000708215297450425
run,tomcat,1,119,1412,0.000708215297450425
run,wee_willie_winkie,1,120,1412,0.000708215297450425
run,winkey,1,121,1412,0.000708215297450425
run,jiminy,1,122,1412,0.000708215297450425
run,lion,1,123,1412,0.000708215297450425
run,pancake,1,124,1412,0.000708215297450425
run,faucet,1,125,1412,0.000708215297450425
run,buddy,1,126,1412,0.000708215297450425
run,steamer,1,127,1412,0.000708215297450425
run,daddy'll,1,128,1412,0.000708215297450425
run,room,1,129,1412,0.000708215297450425
run,track,1,130,1412,0.000708215297450425
run,star,1,131,1412,0.000708215297450425
run,dingo,1,132,1412,0.000708215297450425
run,mailman,1,133,1412,0.000708215297450425
run,our,1,134,1412,0.000708215297450425
run,doggy,1,135,1412,0.000708215297450425
run,auchela,1,136,1412,0.000708215297450425
run,poy,1,137,1412,0.000708215297450425
run,gazelle,1,138,1412,0.000708215297450425
run,letter,1,139,1412,0.000708215297450425
run,tractor,1,140,1412,0.000708215297450425
run,fish,1,141,1412,0.000708215297450425
run,bull,1,142,1412,0.000708215297450425
run,hold,1,143,1412,0.000708215297450425
run,scotty,1,144,1412,0.000708215297450425
run,bunny,1,145,1412,0.000708215297450425
run,some,1,146,1412,0.000708215297450425
run,beetle,1,147,1412,0.000708215297450425
run,tony,1,148,1412,0.000708215297450425
run,brett,1,149,1412,0.000708215297450425
run,something,1,150,1412,0.000708215297450425
run,band,1,151,1412,0.000708215297450425
run,computer,1,152,1412,0.000708215297450425
run,child,1,153,1412,0.000708215297450425
run,rat,1,154,1412,0.000708215297450425
run,mouth,1,155,1412,0.000708215297450425
run,bus,1,156,1412,0.000708215297450425
run,these,1,157,1412,0.000708215297450425
run,roland,1,158,1412,0.000708215297450425
run,equipment,1,159,1412,0.000708215297450425
run,grover,1,160,1412,0.000708215297450425
run,woman,1,161,1412,0.000708215297450425
run,horse,1,162,1412,0.000708215297450425
run,cooky,1,163,1412,0.000708215297450425
run,cop,1,164,1412,0.000708215297450425
run,clock,1,165,1412,0.000708215297450425
run,name,1,166,1412,0.000708215297450425
run,joe,1,167,1412,0.000708215297450425
run,noise,1,168,1412,0.000708215297450425
hurt,it,401,1,1403,0.285816108339273
hurt,you,313,2,1403,0.22309337134711332
hurt,that,234,3,1403,0.16678545972915182
hurt,he,76,4,1403,0.0541696364932288
hurt,they,37,5,1403,0.026372059871703494
hurt,i,35,6,1403,0.024946543121881683
hurt,what,25,7,1403,0.01781895937277263
hurt,she,22,8,1403,0.015680684248039915
hurt,tummy,21,9,1403,0.01496792587312901
hurt,ear,12,10,1403,0.008553100498930863
hurt,stomach,10,11,1403,0.007127583749109052
hurt,foot,10,12,1403,0.007127583749109052
hurt,eye,8,13,1403,0.005702066999287242
hurt,nose,8,14,1403,0.005702066999287242
hurt,head,7,15,1403,0.004989308624376337
hurt,finger,6,16,1403,0.0042765502494654314
hurt,teethie,6,17,1403,0.0042765502494654314
hurt,tooth,5,18,1403,0.003563791874554526
hurt,back,5,19,1403,0.003563791874554526
hurt,belly,5,20,1403,0.003563791874554526
hurt,one,4,21,1403,0.002851033499643621
hurt,who,4,22,1403,0.002851033499643621
hurt,mouth,4,23,1403,0.002851033499643621
hurt,daddy,4,24,1403,0.002851033499643621
hurt,boy,4,25,1403,0.002851033499643621
hurt,ya,3,26,1403,0.0021382751247327157
hurt,gum,3,27,1403,0.0021382751247327157
hurt,we,3,28,1403,0.0021382751247327157
hurt,adam,3,29,1403,0.0021382751247327157
hurt,tongue,3,30,1403,0.0021382751247327157
hurt,knee,3,31,1403,0.0021382751247327157
hurt,nobody,3,32,1403,0.0021382751247327157
hurt,arm,3,33,1403,0.0021382751247327157
hurt,jenny,2,34,1403,0.0014255167498218105
hurt,whoop,2,35,1403,0.0014255167498218105
hurt,toe,2,36,1403,0.0014255167498218105
hurt,henry,2,37,1403,0.0014255167498218105
hurt,floor,2,38,1403,0.0014255167498218105
hurt,leg,2,39,1403,0.0014255167498218105
hurt,anybody,2,40,1403,0.0014255167498218105
hurt,baby,2,41,1403,0.0014255167498218105
hurt,policeman,2,42,1403,0.0014255167498218105
hurt,boom,2,43,1403,0.0014255167498218105
hurt,throat,2,44,1403,0.0014255167498218105
hurt,shoe,2,45,1403,0.0014255167498218105
hurt,tiger,2,46,1403,0.0014255167498218105
hurt,shana,2,47,1403,0.0014255167498218105
hurt,thing,2,48,1403,0.0014255167498218105
hurt,people,2,49,1403,0.0014255167498218105
hurt,rex,2,50,1403,0.0014255167498218105
hurt,nomi,2,51,1403,0.0014255167498218105
hurt,something,2,52,1403,0.0014255167498218105
hurt,light,2,53,1403,0.0014255167498218105
hurt,this,2,54,1403,0.0014255167498218105
hurt,hand,2,55,1403,0.0014255167498218105
hurt,honey,1,56,1403,0.0007127583749109052
hurt,peter,1,57,1403,0.0007127583749109052
hurt,door,1,58,1403,0.0007127583749109052
hurt,jwww,1,59,1403,0.0007127583749109052
hurt,knife,1,60,1403,0.0007127583749109052
hurt,orange+juice,1,61,1403,0.0007127583749109052
hurt,apple,1,62,1403,0.0007127583749109052
hurt,cat,1,63,1403,0.0007127583749109052
hurt,feeling,1,64,1403,0.0007127583749109052
hurt,kwww,1,65,1403,0.0007127583749109052
hurt,tippy,1,66,1403,0.0007127583749109052
hurt,laura,1,67,1403,0.0007127583749109052
hurt,hadta,1,68,1403,0.0007127583749109052
hurt,jacob,1,69,1403,0.0007127583749109052
hurt,mouthie,1,70,1403,0.0007127583749109052
hurt,whoa,1,71,1403,0.0007127583749109052
hurt,mommy,1,72,1403,0.0007127583749109052
hurt,doggie,1,73,1403,0.0007127583749109052
hurt,book,1,74,1403,0.0007127583749109052
hurt,skin,1,75,1403,0.0007127583749109052
hurt,dresser,1,76,1403,0.0007127583749109052
hurt,horse,1,77,1403,0.0007127583749109052
hurt,ribbon,1,78,1403,0.0007127583749109052
hurt,everything,1,79,1403,0.0007127583749109052
hurt,scratch,1,80,1403,0.0007127583749109052
hurt,anyone,1,81,1403,0.0007127583749109052
hurt,fire,1,82,1403,0.0007127583749109052
hurt,nothing,1,83,1403,0.0007127583749109052
hurt,arch,1,84,1403,0.0007127583749109052
hurt,starch,1,85,1403,0.0007127583749109052
hurt,kind,1,86,1403,0.0007127583749109052
hurt,natalie,1,87,1403,0.0007127583749109052
hurt,sis,1,88,1403,0.0007127583749109052
hurt,porcupine,1,89,1403,0.0007127583749109052
hurt,whatchamacallit,1,90,1403,0.0007127583749109052
hurt,electricity,1,91,1403,0.0007127583749109052
hurt,jewel,1,92,1403,0.0007127583749109052
hurt,face,1,93,1403,0.0007127583749109052
hurt,beeper,1,94,1403,0.0007127583749109052
hurt,bar,1,95,1403,0.0007127583749109052
hurt,sore,1,96,1403,0.0007127583749109052
hurt,bomb,1,97,1403,0.0007127583749109052
hurt,cassie,1,98,1403,0.0007127583749109052
hurt,elbow,1,99,1403,0.0007127583749109052
hurt,marky,1,100,1403,0.0007127583749109052
hurt,darth_vader,1,101,1403,0.0007127583749109052
hurt,somebody,1,102,1403,0.0007127583749109052
hurt,count,1,103,1403,0.0007127583749109052
hurt,bull,1,104,1403,0.0007127583749109052
hurt,babe,1,105,1403,0.0007127583749109052
hurt,pickle,1,106,1403,0.0007127583749109052
hurt,chicken,1,107,1403,0.0007127583749109052
hurt,wind,1,108,1403,0.0007127583749109052
hurt,farmer,1,109,1403,0.0007127583749109052
hurt,wanna,1,110,1403,0.0007127583749109052
hurt,alien,1,111,1403,0.0007127583749109052
hurt,boo,1,112,1403,0.0007127583749109052
hurt,rocky,1,113,1403,0.0007127583749109052
hurt,jason,1,114,1403,0.0007127583749109052
hurt,leaf,1,115,1403,0.0007127583749109052
hurt,a_lot_of,1,116,1403,0.0007127583749109052
hurt,man,1,117,1403,0.0007127583749109052
hurt,needle,1,118,1403,0.0007127583749109052
hurt,joey,1,119,1403,0.0007127583749109052
hurt,meike,1,120,1403,0.0007127583749109052
hurt,himself,1,121,1403,0.0007127583749109052
hurt,ankle,1,122,1403,0.0007127583749109052
hurt,none,1,123,1403,0.0007127583749109052
hurt,steven,1,124,1403,0.0007127583749109052
ask,you,509,1,1373,0.370721048798252
ask,i,401,2,1373,0.2920611798980335
ask,he,95,3,1373,0.06919155134741442
ask,we,79,4,1373,0.05753823743627094
ask,she,72,5,1373,0.05243991260014567
ask,they,23,6,1373,0.016751638747268753
ask,us,9,7,1373,0.0065549890750182084
ask,mother,8,8,1373,0.005826656955571741
ask,who,6,9,1373,0.004369992716678805
ask,adam,5,10,1373,0.003641660597232338
ask,ya,4,11,1373,0.0029133284777858705
ask,somebody,4,12,1373,0.0029133284777858705
ask,that,4,13,1373,0.0029133284777858705
ask,wanna,4,14,1373,0.0029133284777858705
ask,daddy,4,15,1373,0.0029133284777858705
ask,nobody,3,16,1373,0.0021849963583394027
ask,mama,3,17,1373,0.0021849963583394027
ask,daniel,3,18,1373,0.0021849963583394027
ask,mommy,3,19,1373,0.0021849963583394027
ask,bert,3,20,1373,0.0021849963583394027
ask,bumper,3,21,1373,0.0021849963583394027
ask,one,3,22,1373,0.0021849963583394027
ask,tam,3,23,1373,0.0021849963583394027
ask,ross,3,24,1373,0.0021849963583394027
ask,nomi,3,25,1373,0.0021849963583394027
ask,needta,3,26,1373,0.0021849963583394027
ask,ryan,3,27,1373,0.0021849963583394027
ask,freddy,3,28,1373,0.0021849963583394027
ask,people,2,29,1373,0.0014566642388929353
ask,it,2,30,1373,0.0014566642388929353
ask,someone,2,31,1373,0.0014566642388929353
ask,alligator,2,32,1373,0.0014566642388929353
ask,jack,2,33,1373,0.0014566642388929353
ask,guy,2,34,1373,0.0014566642388929353
ask,ernie,2,35,1373,0.0014566642388929353
ask,what,2,36,1373,0.0014566642388929353
ask,grover,2,37,1373,0.0014566642388929353
ask,claude,2,38,1373,0.0014566642388929353
ask,hen,2,39,1373,0.0014566642388929353
ask,sister,2,40,1373,0.0014566642388929353
ask,duckling,2,41,1373,0.0014566642388929353
ask,karen,2,42,1373,0.0014566642388929353
ask,your,2,43,1373,0.0014566642388929353
ask,lois'is,1,44,1373,0.0007283321194464676
ask,guitar,1,45,1373,0.0007283321194464676
ask,tom,1,46,1373,0.0007283321194464676
ask,god,1,47,1373,0.0007283321194464676
ask,david,1,48,1373,0.0007283321194464676
ask,ursula,1,49,1373,0.0007283321194464676
ask,gloria,1,50,1373,0.0007283321194464676
ask,bug,1,51,1373,0.0007283321194464676
ask,higgy,1,52,1373,0.0007283321194464676
ask,chief,1,53,1373,0.0007283321194464676
ask,melissa,1,54,1373,0.0007283321194464676
ask,owl,1,55,1373,0.0007283321194464676
ask,sarah,1,56,1373,0.0007283321194464676
ask,old_lady,1,57,1373,0.0007283321194464676
ask,cmon,1,58,1373,0.0007283321194464676
ask,peter,1,59,1373,0.0007283321194464676
ask,lemme,1,60,1373,0.0007283321194464676
ask,teacher,1,61,1373,0.0007283321194464676
ask,jackie,1,62,1373,0.0007283321194464676
ask,martin,1,63,1373,0.0007283321194464676
ask,thumper,1,64,1373,0.0007283321194464676
ask,stuff,1,65,1373,0.0007283321194464676
ask,chestnut,1,66,1373,0.0007283321194464676
ask,charles,1,67,1373,0.0007283321194464676
ask,official,1,68,1373,0.0007283321194464676
ask,grandma,1,69,1373,0.0007283321194464676
ask,alice,1,70,1373,0.0007283321194464676
ask,fish,1,71,1373,0.0007283321194464676
ask,chi,1,72,1373,0.0007283321194464676
ask,dad,1,73,1373,0.0007283321194464676
ask,anne,1,74,1373,0.0007283321194464676
ask,whisper,1,75,1373,0.0007283321194464676
ask,pascal,1,76,1373,0.0007283321194464676
ask,all,1,77,1373,0.0007283321194464676
ask,crunch,1,78,1373,0.0007283321194464676
ask,light,1,79,1373,0.0007283321194464676
ask,girl,1,80,1373,0.0007283321194464676
ask,this,1,81,1373,0.0007283321194464676
ask,piggy,1,82,1373,0.0007283321194464676
ask,two,1,83,1373,0.0007283321194464676
ask,bro'has,1,84,1373,0.0007283321194464676
ask,debbie,1,85,1373,0.0007283321194464676
ask,jeez,1,86,1373,0.0007283321194464676
ask,rafael,1,87,1373,0.0007283321194464676
ask,doctor,1,88,1373,0.0007283321194464676
ask,lady,1,89,1373,0.0007283321194464676
ask,anybody,1,90,1373,0.0007283321194464676
ask,wife,1,91,1373,0.0007283321194464676
ask,baby,1,92,1373,0.0007283321194464676
ask,beggar,1,93,1373,0.0007283321194464676
ask,bear,1,94,1373,0.0007283321194464676
ask,abigail,1,95,1373,0.0007283321194464676
ask,hadta,1,96,1373,0.0007283321194464676
ask,man,1,97,1373,0.0007283321194464676
ask,investigator,1,98,1373,0.0007283321194464676
ask,observer,1,99,1373,0.0007283321194464676
ask,any,1,100,1373,0.0007283321194464676
ask,wyatt,1,101,1373,0.0007283321194464676
ask,mom,1,102,1373,0.0007283321194464676
ask,jenell,1,103,1373,0.0007283321194464676
ask,james,1,104,1373,0.0007283321194464676
ask,sophie,1,105,1373,0.0007283321194464676
ask,jonathan,1,106,1373,0.0007283321194464676
ask,shirt,1,107,1373,0.0007283321194464676
ask,remi,1,108,1373,0.0007283321194464676
ask,joyce,1,109,1373,0.0007283321194464676
ask,kerry,1,110,1373,0.0007283321194464676
ask,derwood,1,111,1373,0.0007283321194464676
ask,philip,1,112,1373,0.0007283321194464676
ask,michael,1,113,1373,0.0007283321194464676
ask,gabriella,1,114,1373,0.0007283321194464676
ask,helene,1,115,1373,0.0007283321194464676
ask,everybody,1,116,1373,0.0007283321194464676
ask,ssh,1,117,1373,0.0007283321194464676
ask,graeme,1,118,1373,0.0007283321194464676
ask,steven,1,119,1373,0.0007283321194464676
ask,summer,1,120,1373,0.0007283321194464676
start,you,260,1,1367,0.19019751280175567
start,he,208,2,1367,0.15215801024140455
start,i,175,3,1367,0.12801755669348938
start,we,150,4,1367,0.1097293343087052
start,it,128,5,1367,0.0936356986100951
start,us,58,6,1367,0.04242867593269934
start,she,53,7,1367,0.038771031455742504
start,they,40,8,1367,0.029261155815654718
start,that,18,9,1367,0.013167520117044623
start,name,15,10,1367,0.010972933430870519
start,dog,15,11,1367,0.010972933430870519
start,car,9,12,1367,0.006583760058522311
start,what,8,13,1367,0.005852231163130944
start,wanna,7,14,1367,0.005120702267739576
start,school,6,15,1367,0.0043891733723482075
start,mommy,6,16,1367,0.0043891733723482075
start,who,6,17,1367,0.0043891733723482075
start,this,6,18,1367,0.0043891733723482075
start,baby,5,19,1367,0.0036576444769568397
start,crocodile,5,20,1367,0.0036576444769568397
start,somebody,4,21,1367,0.002926115581565472
start,cat,4,22,1367,0.002926115581565472
start,everybody,4,23,1367,0.002926115581565472
start,daddy,4,24,1367,0.002926115581565472
start,cookie,3,25,1367,0.0021945866861741038
start,show,3,26,1367,0.0021945866861741038
start,one,3,27,1367,0.0021945866861741038
start,head,3,28,1367,0.0021945866861741038
start,party,3,29,1367,0.0021945866861741038
start,water,3,30,1367,0.0021945866861741038
start,lia,3,31,1367,0.0021945866861741038
start,thomas,3,32,1367,0.0021945866861741038
start,people,3,33,1367,0.0021945866861741038
start,james,3,34,1367,0.0021945866861741038
start,peter,2,35,1367,0.001463057790782736
start,andrew,2,36,1367,0.001463057790782736
start,shoulda,2,37,1367,0.001463057790782736
start,thing,2,38,1367,0.001463057790782736
start,book,2,39,1367,0.001463057790782736
start,jason,2,40,1367,0.001463057790782736
start,caterpillar,2,41,1367,0.001463057790782736
start,rain,2,42,1367,0.001463057790782736
start,nobody,2,43,1367,0.001463057790782736
start,chi,2,44,1367,0.001463057790782736
start,bag,2,45,1367,0.001463057790782736
start,all,2,46,1367,0.001463057790782736
start,man,2,47,1367,0.001463057790782736
start,nathaniel,2,48,1367,0.001463057790782736
start,dingo,2,49,1367,0.001463057790782736
start,month,2,50,1367,0.001463057790782736
start,child,2,51,1367,0.001463057790782736
start,cindy,1,52,1367,0.000731528895391368
start,parrot,1,53,1367,0.000731528895391368
start,flower,1,54,1367,0.000731528895391368
start,key,1,55,1367,0.000731528895391368
start,patsy,1,56,1367,0.000731528895391368
start,jwww,1,57,1367,0.000731528895391368
start,fire,1,58,1367,0.000731528895391368
start,be,1,59,1367,0.000731528895391368
start,melinda,1,60,1367,0.000731528895391368
start,movie,1,61,1367,0.000731528895391368
start,danny,1,62,1367,0.000731528895391368
start,music,1,63,1367,0.000731528895391368
start,elephant,1,64,1367,0.000731528895391368
start,lemme,1,65,1367,0.000731528895391368
start,juice,1,66,1367,0.000731528895391368
start,stuff,1,67,1367,0.000731528895391368
start,everything,1,68,1367,0.000731528895391368
start,someone,1,69,1367,0.000731528895391368
start,k,1,70,1367,0.000731528895391368
start,robin,1,71,1367,0.000731528895391368
start,two,1,72,1367,0.000731528895391368
start,word,1,73,1367,0.000731528895391368
start,rooster,1,74,1367,0.000731528895391368
start,ya,1,75,1367,0.000731528895391368
start,kent,1,76,1367,0.000731528895391368
start,rush,1,77,1367,0.000731528895391368
start,mushroom,1,78,1367,0.000731528895391368
start,mother,1,79,1367,0.000731528895391368
start,nothing,1,80,1367,0.000731528895391368
start,noise,1,81,1367,0.000731528895391368
start,helper,1,82,1367,0.000731528895391368
start,plane,1,83,1367,0.000731528895391368
start,foot,1,84,1367,0.000731528895391368
start,nanette,1,85,1367,0.000731528895391368
start,help,1,86,1367,0.000731528895391368
start,whistle,1,87,1367,0.000731528895391368
start,googey,1,88,1367,0.000731528895391368
start,sun,1,89,1367,0.000731528895391368
start,gus,1,90,1367,0.000731528895391368
start,mouse,1,91,1367,0.000731528895391368
start,prince,1,92,1367,0.000731528895391368
start,adventure,1,93,1367,0.000731528895391368
start,jamie,1,94,1367,0.000731528895391368
start,honey,1,95,1367,0.000731528895391368
start,butterfly,1,96,1367,0.000731528895391368
start,ann,1,97,1367,0.000731528895391368
start,leaf,1,98,1367,0.000731528895391368
start,bud,1,99,1367,0.000731528895391368
start,brother,1,100,1367,0.000731528895391368
start,papa,1,101,1367,0.000731528895391368
start,oven,1,102,1367,0.000731528895391368
start,freddy,1,103,1367,0.000731528895391368
start,nickel,1,104,1367,0.000731528895391368
start,dime,1,105,1367,0.000731528895391368
start,sposta,1,106,1367,0.000731528895391368
start,kid,1,107,1367,0.000731528895391368
start,timmy,1,108,1367,0.000731528895391368
start,kitty,1,109,1367,0.000731528895391368
start,those,1,110,1367,0.000731528895391368
start,picnic,1,111,1367,0.000731528895391368
start,letter,1,112,1367,0.000731528895391368
start,go,1,113,1367,0.000731528895391368
start,comma,1,114,1367,0.000731528895391368
start,hole,1,115,1367,0.000731528895391368
start,cook,1,116,1367,0.000731528895391368
start,pinocchio,1,117,1367,0.000731528895391368
start,pumpkin,1,118,1367,0.000731528895391368
start,tree,1,119,1367,0.000731528895391368
start,electricity,1,120,1367,0.000731528895391368
start,coffee,1,121,1367,0.000731528895391368
start,craig,1,122,1367,0.000731528895391368
start,brittany,1,123,1367,0.000731528895391368
start,fireman,1,124,1367,0.000731528895391368
start,sweetheart,1,125,1367,0.000731528895391368
start,bone,1,126,1367,0.000731528895391368
start,hadta,1,127,1367,0.000731528895391368
start,playing,1,128,1367,0.000731528895391368
start,guy,1,129,1367,0.000731528895391368
start,piece,1,130,1367,0.000731528895391368
start,needle,1,131,1367,0.000731528895391368
start,boat,1,132,1367,0.000731528895391368
start,hasta,1,133,1367,0.000731528895391368
start,clock,1,134,1367,0.000731528895391368
start,hat,1,135,1367,0.000731528895391368
start,annie,1,136,1367,0.000731528895391368
start,duncan,1,137,1367,0.000731528895391368
start,harold,1,138,1367,0.000731528895391368
start,birdie,1,139,1367,0.000731528895391368
start,wheel,1,140,1367,0.000731528895391368
start,motor,1,141,1367,0.000731528895391368
start,card,1,142,1367,0.000731528895391368
start,stepfather,1,143,1367,0.000731528895391368
start,march,1,144,1367,0.000731528895391368
start,gum,1,145,1367,0.000731528895391368
start,bear,1,146,1367,0.000731528895391368
start,day,1,147,1367,0.000731528895391368
start,story,1,148,1367,0.000731528895391368
start,count,1,149,1367,0.000731528895391368
start,roland,1,150,1367,0.000731528895391368
start,girl,1,151,1367,0.000731528895391368
start,bambi,1,152,1367,0.000731528895391368
start,time,1,153,1367,0.000731528895391368
start,robbie,1,154,1367,0.000731528895391368
start,julia,1,155,1367,0.000731528895391368
start,tony,1,156,1367,0.000731528895391368
start,come,1,157,1367,0.000731528895391368
start,feather,1,158,1367,0.000731528895391368
start,michael,1,159,1367,0.000731528895391368
start,lisa,1,160,1367,0.000731528895391368
throw,you,651,1,1337,0.4869109947643979
throw,i,199,2,1337,0.14884068810770382
throw,we,95,3,1337,0.07105459985041136
throw,he,56,4,1337,0.041884816753926704
throw,she,37,5,1337,0.027673896783844427
throw,they,30,6,1337,0.02243829468960359
throw,wanna,24,7,1337,0.01795063575168287
throw,us,21,8,1337,0.015706806282722512
throw,mommy,21,9,1337,0.015706806282722512
throw,no,20,10,1337,0.014958863126402393
throw,who,19,11,1337,0.014210919970082274
throw,rachel,11,12,1337,0.008227374719521317
throw,it,9,13,1337,0.006731488406881077
throw,adam,5,14,1337,0.0037397157816005983
throw,someone,4,15,1337,0.0029917726252804786
throw,one,3,16,1337,0.002243829468960359
throw,jenny,3,17,1337,0.002243829468960359
throw,alex,3,18,1337,0.002243829468960359
throw,whoop,3,19,1337,0.002243829468960359
throw,monkey,3,20,1337,0.002243829468960359
throw,melissa,3,21,1337,0.002243829468960359
throw,pete,2,22,1337,0.0014958863126402393
throw,this,2,23,1337,0.0014958863126402393
throw,morgan,2,24,1337,0.0014958863126402393
throw,penguin,2,25,1337,0.0014958863126402393
throw,sweetheart,2,26,1337,0.0014958863126402393
throw,mama,2,27,1337,0.0014958863126402393
throw,dad,2,28,1337,0.0014958863126402393
throw,henry,2,29,1337,0.0014958863126402393
throw,boy,2,30,1337,0.0014958863126402393
throw,that,2,31,1337,0.0014958863126402393
throw,somebody,2,32,1337,0.0014958863126402393
throw,seal,2,33,1337,0.0014958863126402393
throw,jerry,2,34,1337,0.0014958863126402393
throw,abe,2,35,1337,0.0014958863126402393
throw,daddy,2,36,1337,0.0014958863126402393
throw,hunhunh,2,37,1337,0.0014958863126402393
throw,travis,2,38,1337,0.0014958863126402393
throw,nomi,2,39,1337,0.0014958863126402393
throw,nina,2,40,1337,0.0014958863126402393
throw,dorothy,2,41,1337,0.0014958863126402393
throw,matty,2,42,1337,0.0014958863126402393
throw,tunde,2,43,1337,0.0014958863126402393
throw,kid,2,44,1337,0.0014958863126402393
throw,peter,1,45,1337,0.0007479431563201197
throw,yep,1,46,1337,0.0007479431563201197
throw,gum,1,47,1337,0.0007479431563201197
throw,jennifer,1,48,1337,0.0007479431563201197
throw,thank_you,1,49,1337,0.0007479431563201197
throw,chucky,1,50,1337,0.0007479431563201197
throw,baby,1,51,1337,0.0007479431563201197
throw,mister,1,52,1337,0.0007479431563201197
throw,good,1,53,1337,0.0007479431563201197
throw,uhoh,1,54,1337,0.0007479431563201197
throw,hasta,1,55,1337,0.0007479431563201197
throw,needta,1,56,1337,0.0007479431563201197
throw,what's_her_name,1,57,1337,0.0007479431563201197
throw,baebae,1,58,1337,0.0007479431563201197
throw,joshua,1,59,1337,0.0007479431563201197
throw,clown,1,60,1337,0.0007479431563201197
throw,horse,1,61,1337,0.0007479431563201197
throw,eve,1,62,1337,0.0007479431563201197
throw,mummy,1,63,1337,0.0007479431563201197
throw,ya,1,64,1337,0.0007479431563201197
throw,blanche,1,65,1337,0.0007479431563201197
throw,dirt,1,66,1337,0.0007479431563201197
throw,m_and_ms,1,67,1337,0.0007479431563201197
throw,wolf,1,68,1337,0.0007479431563201197
throw,em,1,69,1337,0.0007479431563201197
throw,marble,1,70,1337,0.0007479431563201197
throw,yo,1,71,1337,0.0007479431563201197
throw,anybody,1,72,1337,0.0007479431563201197
throw,elliot,1,73,1337,0.0007479431563201197
throw,martin,1,74,1337,0.0007479431563201197
throw,hell,1,75,1337,0.0007479431563201197
throw,cinderella,1,76,1337,0.0007479431563201197
throw,heather,1,77,1337,0.0007479431563201197
throw,loxy,1,78,1337,0.0007479431563201197
throw,paddington,1,79,1337,0.0007479431563201197
throw,john,1,80,1337,0.0007479431563201197
throw,coulda,1,81,1337,0.0007479431563201197
throw,sis,1,82,1337,0.0007479431563201197
throw,paul,1,83,1337,0.0007479431563201197
throw,mama'll,1,84,1337,0.0007479431563201197
throw,matthew,1,85,1337,0.0007479431563201197
throw,liam,1,86,1337,0.0007479431563201197
throw,pony,1,87,1337,0.0007479431563201197
throw,look,1,88,1337,0.0007479431563201197
throw,player,1,89,1337,0.0007479431563201197
throw,kalie,1,90,1337,0.0007479431563201197
throw,kitty,1,91,1337,0.0007479431563201197
throw,bear,1,92,1337,0.0007479431563201197
throw,throw,1,93,1337,0.0007479431563201197
throw,doll,1,94,1337,0.0007479431563201197
throw,pillow,1,95,1337,0.0007479431563201197
throw,child,1,96,1337,0.0007479431563201197
throw,jamie,1,97,1337,0.0007479431563201197
throw,mommy'll,1,98,1337,0.0007479431563201197
throw,rick,1,99,1337,0.0007479431563201197
throw,jilly,1,100,1337,0.0007479431563201197
throw,momma,1,101,1337,0.0007479431563201197
throw,honey,1,102,1337,0.0007479431563201197
throw,more,1,103,1337,0.0007479431563201197
throw,game,1,104,1337,0.0007479431563201197
throw,turn,1,105,1337,0.0007479431563201197
throw,robert,1,106,1337,0.0007479431563201197
throw,tish,1,107,1337,0.0007479431563201197
throw,greg,1,108,1337,0.0007479431563201197
throw,zoe,1,109,1337,0.0007479431563201197
throw,want,1,110,1337,0.0007479431563201197
throw,david,1,111,1337,0.0007479431563201197
throw,deedee,1,112,1337,0.0007479431563201197
throw,people,1,113,1337,0.0007479431563201197
throw,go,1,114,1337,0.0007479431563201197
throw,oop,1,115,1337,0.0007479431563201197
stay,you,358,1,1328,0.26957831325301207
stay,he,229,2,1328,0.17243975903614459
stay,it,154,3,1328,0.11596385542168675
stay,i,100,4,1328,0.07530120481927711
stay,they,73,5,1328,0.054969879518072286
stay,we,69,6,1328,0.051957831325301206
stay,she,30,7,1328,0.022590361445783132
stay,that,26,8,1328,0.01957831325301205
stay,piggy,18,9,1328,0.01355421686746988
stay,one,17,10,1328,0.012801204819277108
stay,hasta,17,11,1328,0.012801204819277108
stay,us,16,12,1328,0.012048192771084338
stay,piggie,9,13,1328,0.00677710843373494
stay,who,9,14,1328,0.00677710843373494
stay,wanna,6,15,1328,0.004518072289156626
stay,sheep,6,16,1328,0.004518072289156626
stay,dumbo,6,17,1328,0.004518072289156626
stay,what,5,18,1328,0.0037650602409638554
stay,dog,5,19,1328,0.0037650602409638554
stay,this,5,20,1328,0.0037650602409638554
stay,laura,3,21,1328,0.002259036144578313
stay,guy,3,22,1328,0.002259036144578313
stay,sarah,3,23,1328,0.002259036144578313
stay,these,3,24,1328,0.002259036144578313
stay,hafta,3,25,1328,0.002259036144578313
stay,dress,3,26,1328,0.002259036144578313
stay,door,2,27,1328,0.0015060240963855422
stay,cat,2,28,1328,0.0015060240963855422
stay,kid,2,29,1328,0.0015060240963855422
stay,everybody,2,30,1328,0.0015060240963855422
stay,little,2,31,1328,0.0015060240963855422
stay,microphone,2,32,1328,0.0015060240963855422
stay,pokemon,2,33,1328,0.0015060240963855422
stay,animal,2,34,1328,0.0015060240963855422
stay,doggie,2,35,1328,0.0015060240963855422
stay,thing,2,36,1328,0.0015060240963855422
stay,adam,2,37,1328,0.0015060240963855422
stay,hair,2,38,1328,0.0015060240963855422
stay,hadta,2,39,1328,0.0015060240963855422
stay,daddy,2,40,1328,0.0015060240963855422
stay,child,2,41,1328,0.0015060240963855422
stay,boy,2,42,1328,0.0015060240963855422
stay,dinosaur,2,43,1328,0.0015060240963855422
stay,cookie,2,44,1328,0.0015060240963855422
stay,girl,2,45,1328,0.0015060240963855422
stay,leah,2,46,1328,0.0015060240963855422
stay,lion,2,47,1328,0.0015060240963855422
stay,roman,2,48,1328,0.0015060240963855422
stay,barry,2,49,1328,0.0015060240963855422
stay,head,2,50,1328,0.0015060240963855422
stay,barrel,1,51,1328,0.0007530120481927711
stay,button,1,52,1328,0.0007530120481927711
stay,cara,1,53,1328,0.0007530120481927711
stay,ethan,1,54,1328,0.0007530120481927711
stay,both,1,55,1328,0.0007530120481927711
stay,sean,1,56,1328,0.0007530120481927711
stay,pool,1,57,1328,0.0007530120481927711
stay,bowl,1,58,1328,0.0007530120481927711
stay,june,1,59,1328,0.0007530120481927711
stay,nala,1,60,1328,0.0007530120481927711
stay,tigger,1,61,1328,0.0007530120481927711
stay,stuff,1,62,1328,0.0007530120481927711
stay,rabbit,1,63,1328,0.0007530120481927711
stay,foot,1,64,1328,0.0007530120481927711
stay,dryer,1,65,1328,0.0007530120481927711
stay,catherine,1,66,1328,0.0007530120481927711
stay,howe,1,67,1328,0.0007530120481927711
stay,blade,1,68,1328,0.0007530120481927711
stay,engine,1,69,1328,0.0007530120481927711
stay,paul,1,70,1328,0.0007530120481927711
stay,fraser,1,71,1328,0.0007530120481927711
stay,ribbon,1,72,1328,0.0007530120481927711
stay,ya,1,73,1328,0.0007530120481927711
stay,santa_claus,1,74,1328,0.0007530120481927711
stay,leg,1,75,1328,0.0007530120481927711
stay,water,1,76,1328,0.0007530120481927711
stay,boat,1,77,1328,0.0007530120481927711
stay,sand,1,78,1328,0.0007530120481927711
stay,horse,1,79,1328,0.0007530120481927711
stay,mom,1,80,1328,0.0007530120481927711
stay,duckling,1,81,1328,0.0007530120481927711
stay,plant,1,82,1328,0.0007530120481927711
stay,andy,1,83,1328,0.0007530120481927711
stay,isadora,1,84,1328,0.0007530120481927711
stay,resident,1,85,1328,0.0007530120481927711
stay,lookee,1,86,1328,0.0007530120481927711
stay,dolphin,1,87,1328,0.0007530120481927711
stay,top,1,88,1328,0.0007530120481927711
stay,balloon,1,89,1328,0.0007530120481927711
stay,donald,1,90,1328,0.0007530120481927711
stay,boot,1,91,1328,0.0007530120481927711
stay,mama,1,92,1328,0.0007530120481927711
stay,book,1,93,1328,0.0007530120481927711
stay,chi,1,94,1328,0.0007530120481927711
stay,oop,1,95,1328,0.0007530120481927711
stay,crab,1,96,1328,0.0007530120481927711
stay,go,1,97,1328,0.0007530120481927711
stay,money,1,98,1328,0.0007530120481927711
stay,needta,1,99,1328,0.0007530120481927711
stay,neighbor,1,100,1328,0.0007530120481927711
stay,dad,1,101,1328,0.0007530120481927711
stay,door'll,1,102,1328,0.0007530120481927711
stay,karen,1,103,1328,0.0007530120481927711
stay,tiger,1,104,1328,0.0007530120481927711
stay,reilley,1,105,1328,0.0007530120481927711
stay,box,1,106,1328,0.0007530120481927711
stay,mommy'll,1,107,1328,0.0007530120481927711
stay,whoop,1,108,1328,0.0007530120481927711
stay,johnnie,1,109,1328,0.0007530120481927711
stay,eye,1,110,1328,0.0007530120481927711
stay,chair,1,111,1328,0.0007530120481927711
stay,kalie,1,112,1328,0.0007530120481927711
stay,hat,1,113,1328,0.0007530120481927711
stay,folk,1,114,1328,0.0007530120481927711
stay,mummie,1,115,1328,0.0007530120481927711
stay,nathaniel,1,116,1328,0.0007530120481927711
stay,nappie,1,117,1328,0.0007530120481927711
stay,mechanic,1,118,1328,0.0007530120481927711
stay,pillow,1,119,1328,0.0007530120481927711
stay,lou,1,120,1328,0.0007530120481927711
stay,nina,1,121,1328,0.0007530120481927711
stay,lisa,1,122,1328,0.0007530120481927711
stay,panty,1,123,1328,0.0007530120481927711
stay,julia,1,124,1328,0.0007530120481927711
stay,cereal,1,125,1328,0.0007530120481927711
stay,pin,1,126,1328,0.0007530120481927711
stay,side,1,127,1328,0.0007530120481927711
stay,tail,1,128,1328,0.0007530120481927711
stay,baby,1,129,1328,0.0007530120481927711
stay,piece,1,130,1328,0.0007530120481927711
stay,koda,1,131,1328,0.0007530120481927711
stay,dale,1,132,1328,0.0007530120481927711
stay,sword,1,133,1328,0.0007530120481927711
stay,mommy,1,134,1328,0.0007530120481927711
stay,all,1,135,1328,0.0007530120481927711
stay,dexter,1,136,1328,0.0007530120481927711
stay,cheese,1,137,1328,0.0007530120481927711
stay,room,1,138,1328,0.0007530120481927711
stay,aaron,1,139,1328,0.0007530120481927711
stay,light,1,140,1328,0.0007530120481927711
stay,kenneth,1,141,1328,0.0007530120481927711
stay,father,1,142,1328,0.0007530120481927711
stay,graeme,1,143,1328,0.0007530120481927711
stay,gladys,1,144,1328,0.0007530120481927711
stay,fruit,1,145,1328,0.0007530120481927711
stay,can,1,146,1328,0.0007530120481927711
stay,card,1,147,1328,0.0007530120481927711
stay,lenita,1,148,1328,0.0007530120481927711
stay,bobby,1,149,1328,0.0007530120481927711
stay,sposta,1,150,1328,0.0007530120481927711
stay,house,1,151,1328,0.0007530120481927711
stay,out_of,1,152,1328,0.0007530120481927711
stay,david,1,153,1328,0.0007530120481927711
stay,michael,1,154,1328,0.0007530120481927711
pick,you,480,1,1288,0.37267080745341613
pick,i,226,2,1288,0.17546583850931677
pick,we,88,3,1288,0.06832298136645963
pick,she,69,4,1288,0.05357142857142857
pick,it,47,5,1288,0.036490683229813664
pick,he,46,6,1288,0.03571428571428571
pick,who,41,7,1288,0.03183229813664596
pick,us,30,8,1288,0.023291925465838508
pick,they,26,9,1288,0.020186335403726708
pick,daddy,16,10,1288,0.012422360248447204
pick,that,16,11,1288,0.012422360248447204
pick,mommy,15,12,1288,0.011645962732919254
pick,piper,9,13,1288,0.006987577639751553
pick,wanna,9,14,1288,0.006987577639751553
pick,chi,9,15,1288,0.006987577639751553
pick,peter_piper,8,16,1288,0.006211180124223602
pick,go,7,17,1288,0.005434782608695652
pick,peck,6,18,1288,0.004658385093167702
pick,firstname,6,19,1288,0.004658385093167702
pick,adam,4,20,1288,0.003105590062111801
pick,girl,4,21,1288,0.003105590062111801
pick,mwww,3,22,1288,0.002329192546583851
pick,boy,3,23,1288,0.002329192546583851
pick,abe,3,24,1288,0.002329192546583851
pick,mother,2,25,1288,0.0015527950310559005
pick,hadta,2,26,1288,0.0015527950310559005
pick,swww,2,27,1288,0.0015527950310559005
pick,hand,2,28,1288,0.0015527950310559005
pick,lemme,2,29,1288,0.0015527950310559005
pick,man,2,30,1288,0.0015527950310559005
pick,hasta,2,31,1288,0.0015527950310559005
pick,mom,2,32,1288,0.0015527950310559005
pick,truck,2,33,1288,0.0015527950310559005
pick,bear,2,34,1288,0.0015527950310559005
pick,anybody,2,35,1288,0.0015527950310559005
pick,trunk,2,36,1288,0.0015527950310559005
pick,anyone,2,37,1288,0.0015527950310559005
pick,kid,2,38,1288,0.0015527950310559005
pick,giant,2,39,1288,0.0015527950310559005
pick,honey,2,40,1288,0.0015527950310559005
pick,casey,2,41,1288,0.0015527950310559005
pick,let,2,42,1288,0.0015527950310559005
pick,no,2,43,1288,0.0015527950310559005
pick,father,2,44,1288,0.0015527950310559005
pick,graeme,2,45,1288,0.0015527950310559005
pick,piece,1,46,1288,0.0007763975155279503
pick,pete,1,47,1288,0.0007763975155279503
pick,daddy'll,1,48,1288,0.0007763975155279503
pick,mic,1,49,1288,0.0007763975155279503
pick,mandy,1,50,1288,0.0007763975155279503
pick,baby,1,51,1288,0.0007763975155279503
pick,shovel,1,52,1288,0.0007763975155279503
pick,moon,1,53,1288,0.0007763975155279503
pick,eve,1,54,1288,0.0007763975155279503
pick,house,1,55,1288,0.0007763975155279503
pick,letter,1,56,1288,0.0007763975155279503
pick,ya,1,57,1288,0.0007763975155279503
pick,sarah,1,58,1288,0.0007763975155279503
pick,bozo,1,59,1288,0.0007763975155279503
pick,needle,1,60,1288,0.0007763975155279503
pick,chick,1,61,1288,0.0007763975155279503
pick,andy,1,62,1288,0.0007763975155279503
pick,wind,1,63,1288,0.0007763975155279503
pick,davis,1,64,1288,0.0007763975155279503
pick,tong,1,65,1288,0.0007763975155279503
pick,one,1,66,1288,0.0007763975155279503
pick,look,1,67,1288,0.0007763975155279503
pick,dad,1,68,1288,0.0007763975155279503
pick,adult,1,69,1288,0.0007763975155279503
pick,lady,1,70,1288,0.0007763975155279503
pick,policeman,1,71,1288,0.0007763975155279503
pick,wan,1,72,1288,0.0007763975155279503
pick,conner,1,73,1288,0.0007763975155279503
pick,hen,1,74,1288,0.0007763975155279503
pick,queen,1,75,1288,0.0007763975155279503
pick,apple,1,76,1288,0.0007763975155279503
pick,auntie,1,77,1288,0.0007763975155279503
pick,sis,1,78,1288,0.0007763975155279503
pick,gus,1,79,1288,0.0007763975155279503
pick,coulda,1,80,1288,0.0007763975155279503
pick,bus,1,81,1288,0.0007763975155279503
pick,myself,1,82,1288,0.0007763975155279503
pick,bro,1,83,1288,0.0007763975155279503
pick,ralphy,1,84,1288,0.0007763975155279503
pick,mama,1,85,1288,0.0007763975155279503
pick,limousine,1,86,1288,0.0007763975155279503
pick,mailman,1,87,1288,0.0007763975155279503
pick,mommy'll,1,88,1288,0.0007763975155279503
pick,mormor,1,89,1288,0.0007763975155279503
pick,grandma,1,90,1288,0.0007763975155279503
pick,travis,1,91,1288,0.0007763975155279503
pick,old,1,92,1288,0.0007763975155279503
pick,katie,1,93,1288,0.0007763975155279503
pick,cat,1,94,1288,0.0007763975155279503
pick,people,1,95,1288,0.0007763975155279503
pick,sister,1,96,1288,0.0007763975155279503
pick,machine,1,97,1288,0.0007763975155279503
pick,child,1,98,1288,0.0007763975155279503
pick,mummy,1,99,1288,0.0007763975155279503
pick,noah,1,100,1288,0.0007763975155279503
pick,these,1,101,1288,0.0007763975155279503
pick,tooth,1,102,1288,0.0007763975155279503
pick,tractor,1,103,1288,0.0007763975155279503
pick,those,1,104,1288,0.0007763975155279503
pick,tony,1,105,1288,0.0007763975155279503
pick,clothe,1,106,1288,0.0007763975155279503
pick,car,1,107,1288,0.0007763975155279503
pick,thing,1,108,1288,0.0007763975155279503
pick,this,1,109,1288,0.0007763975155279503
pick,toy,1,110,1288,0.0007763975155279503
pick,crystal,1,111,1288,0.0007763975155279503
pick,cruz,1,112,1288,0.0007763975155279503
pick,grandmother,1,113,1288,0.0007763975155279503
pick,gabriel,1,114,1288,0.0007763975155279503
pick,joey,1,115,1288,0.0007763975155279503
pick,lucy,1,116,1288,0.0007763975155279503
pick,math,1,117,1288,0.0007763975155279503
pick,eric,1,118,1288,0.0007763975155279503
pick,richard,1,119,1288,0.0007763975155279503
pick,david,1,120,1288,0.0007763975155279503
finish,you,618,1,1260,0.49047619047619045
finish,i,180,2,1260,0.14285714285714285
finish,we,134,3,1260,0.10634920634920635
finish,us,76,4,1260,0.06031746031746032
finish,she,28,5,1260,0.022222222222222223
finish,all,28,6,1260,0.022222222222222223
finish,he,20,7,1260,0.015873015873015872
finish,one,20,8,1260,0.015873015873015872
finish,it,17,9,1260,0.013492063492063493
finish,they,15,10,1260,0.011904761904761904
finish,mommy,14,11,1260,0.011111111111111112
finish,wanna,7,12,1260,0.005555555555555556
finish,chi,6,13,1260,0.004761904761904762
finish,who,4,14,1260,0.0031746031746031746
finish,mama,3,15,1260,0.002380952380952381
finish,ya,3,16,1260,0.002380952380952381
finish,everybody,3,17,1260,0.002380952380952381
finish,daddy,3,18,1260,0.002380952380952381
finish,samantha,3,19,1260,0.002380952380952381
finish,guy,2,20,1260,0.0015873015873015873
finish,wife,2,21,1260,0.0015873015873015873
finish,everyone,2,22,1260,0.0015873015873015873
finish,school,2,23,1260,0.0015873015873015873
finish,bro,2,24,1260,0.0015873015873015873
finish,ross,2,25,1260,0.0015873015873015873
finish,baby,2,26,1260,0.0015873015873015873
finish,david,2,27,1260,0.0015873015873015873
finish,meat,2,28,1260,0.0015873015873015873
finish,gabe,2,29,1260,0.0015873015873015873
finish,steven,2,30,1260,0.0015873015873015873
finish,house,1,31,1260,0.0007936507936507937
finish,peter,1,32,1260,0.0007936507936507937
finish,your,1,33,1260,0.0007936507936507937
finish,breakfast,1,34,1260,0.0007936507936507937
finish,marie,1,35,1260,0.0007936507936507937
finish,building,1,36,1260,0.0007936507936507937
finish,eve,1,37,1260,0.0007936507936507937
finish,back,1,38,1260,0.0007936507936507937
finish,jason,1,39,1260,0.0007936507936507937
finish,ellie,1,40,1260,0.0007936507936507937
finish,let,1,41,1260,0.0007936507936507937
finish,andy,1,42,1260,0.0007936507936507937
finish,bout,1,43,1260,0.0007936507936507937
finish,mm,1,44,1260,0.0007936507936507937
finish,dinner,1,45,1260,0.0007936507936507937
finish,picture,1,46,1260,0.0007936507936507937
finish,pig,1,47,1260,0.0007936507936507937
finish,papa,1,48,1260,0.0007936507936507937
finish,milk,1,49,1260,0.0007936507936507937
finish,sis,1,50,1260,0.0007936507936507937
finish,half,1,51,1260,0.0007936507936507937
finish,good,1,52,1260,0.0007936507936507937
finish,what,1,53,1260,0.0007936507936507937
finish,brendan,1,54,1260,0.0007936507936507937
finish,abe,1,55,1260,0.0007936507936507937
finish,katie,1,56,1260,0.0007936507936507937
finish,this,1,57,1260,0.0007936507936507937
finish,as_soon_a,1,58,1260,0.0007936507936507937
finish,baaee,1,59,1260,0.0007936507936507937
finish,nathaniel,1,60,1260,0.0007936507936507937
finish,honey,1,61,1260,0.0007936507936507937
finish,barber,1,62,1260,0.0007936507936507937
finish,bath,1,63,1260,0.0007936507936507937
finish,clay,1,64,1260,0.0007936507936507937
finish,mother,1,65,1260,0.0007936507936507937
finish,painter,1,66,1260,0.0007936507936507937
finish,lemme,1,67,1260,0.0007936507936507937
finish,cinderella,1,68,1260,0.0007936507936507937
finish,sophie,1,69,1260,0.0007936507936507937
finish,child,1,70,1260,0.0007936507936507937
finish,painting,1,71,1260,0.0007936507936507937
finish,hafta,1,72,1260,0.0007936507936507937
finish,terence,1,73,1260,0.0007936507936507937
finish,thing,1,74,1260,0.0007936507936507937
finish,roland,1,75,1260,0.0007936507936507937
finish,act,1,76,1260,0.0007936507936507937
finish,joey,1,77,1260,0.0007936507936507937
finish,matthew,1,78,1260,0.0007936507936507937
finish,lisa,1,79,1260,0.0007936507936507937
finish,no,1,80,1260,0.0007936507936507937
finish,bobby,1,81,1260,0.0007936507936507937
finish,bapo,1,82,1260,0.0007936507936507937
finish,margie,1,83,1260,0.0007936507936507937
finish,jack,1,84,1260,0.0007936507936507937
finish,steve,1,85,1260,0.0007936507936507937
finish,aida,1,86,1260,0.0007936507936507937
walk,you,254,1,1248,0.20352564102564102
walk,who,232,2,1248,0.1858974358974359
walk,he,199,3,1248,0.1594551282051282
walk,we,104,4,1248,0.08333333333333333
walk,i,94,5,1248,0.07532051282051282
walk,they,89,6,1248,0.07131410256410256
walk,she,53,7,1248,0.04246794871794872
walk,us,28,8,1248,0.022435897435897436
walk,it,14,9,1248,0.011217948717948718
walk,somebody,12,10,1248,0.009615384615384616
walk,bird,10,11,1248,0.008012820512820512
walk,that,9,12,1248,0.007211538461538462
walk,wanna,8,13,1248,0.00641025641025641
walk,cat,8,14,1248,0.00641025641025641
walk,people,7,15,1248,0.005608974358974359
walk,man,5,16,1248,0.004006410256410256
walk,spider,5,17,1248,0.004006410256410256
walk,elephant,4,18,1248,0.003205128205128205
walk,kid,4,19,1248,0.003205128205128205
walk,mommy,3,20,1248,0.002403846153846154
walk,girl,3,21,1248,0.002403846153846154
walk,policeman,3,22,1248,0.002403846153846154
walk,sludge,3,23,1248,0.002403846153846154
walk,chi,3,24,1248,0.002403846153846154
walk,franklin,3,25,1248,0.002403846153846154
walk,sister,2,26,1248,0.0016025641025641025
walk,son,2,27,1248,0.0016025641025641025
walk,guy,2,28,1248,0.0016025641025641025
walk,these,2,29,1248,0.0016025641025641025
walk,robin,2,30,1248,0.0016025641025641025
walk,bambi,2,31,1248,0.0016025641025641025
walk,doll,2,32,1248,0.0016025641025641025
walk,person,2,33,1248,0.0016025641025641025
walk,dog,2,34,1248,0.0016025641025641025
walk,daddy,2,35,1248,0.0016025641025641025
walk,one,2,36,1248,0.0016025641025641025
walk,family,2,37,1248,0.0016025641025641025
walk,nature,2,38,1248,0.0016025641025641025
walk,annie,2,39,1248,0.0016025641025641025
walk,bug,2,40,1248,0.0016025641025641025
walk,duck,2,41,1248,0.0016025641025641025
walk,bubble,2,42,1248,0.0016025641025641025
walk,both,2,43,1248,0.0016025641025641025
walk,wheel,1,44,1248,0.0008012820512820513
walk,jennifer,1,45,1248,0.0008012820512820513
walk,friend,1,46,1248,0.0008012820512820513
walk,school,1,47,1248,0.0008012820512820513
walk,mandy,1,48,1248,0.0008012820512820513
walk,airplane,1,49,1248,0.0008012820512820513
walk,cupcake,1,50,1248,0.0008012820512820513
walk,cow,1,51,1248,0.0008012820512820513
walk,henry,1,52,1248,0.0008012820512820513
walk,all,1,53,1248,0.0008012820512820513
walk,creature,1,54,1248,0.0008012820512820513
walk,bunny+rabbit,1,55,1248,0.0008012820512820513
walk,waffle,1,56,1248,0.0008012820512820513
walk,jesus,1,57,1248,0.0008012820512820513
walk,baby,1,58,1248,0.0008012820512820513
walk,nan,1,59,1248,0.0008012820512820513
walk,nana,1,60,1248,0.0008012820512820513
walk,leg,1,61,1248,0.0008012820512820513
walk,lady,1,62,1248,0.0008012820512820513
walk,mother,1,63,1248,0.0008012820512820513
walk,zebra,1,64,1248,0.0008012820512820513
walk,ernie,1,65,1248,0.0008012820512820513
walk,bonnie,1,66,1248,0.0008012820512820513
walk,hadta,1,67,1248,0.0008012820512820513
walk,pablo,1,68,1248,0.0008012820512820513
walk,crab,1,69,1248,0.0008012820512820513
walk,abe,1,70,1248,0.0008012820512820513
walk,marky,1,71,1248,0.0008012820512820513
walk,yourself,1,72,1248,0.0008012820512820513
walk,kitty,1,73,1248,0.0008012820512820513
walk,arte,1,74,1248,0.0008012820512820513
walk,doggy,1,75,1248,0.0008012820512820513
walk,ostrich,1,76,1248,0.0008012820512820513
walk,deer,1,77,1248,0.0008012820512820513
walk,justin,1,78,1248,0.0008012820512820513
walk,hippopotamus,1,79,1248,0.0008012820512820513
walk,horse,1,80,1248,0.0008012820512820513
walk,penguin,1,81,1248,0.0008012820512820513
walk,animal,1,82,1248,0.0008012820512820513
walk,hafta,1,83,1248,0.0008012820512820513
walk,foot,1,84,1248,0.0008012820512820513
walk,frog,1,85,1248,0.0008012820512820513
walk,look,1,86,1248,0.0008012820512820513
walk,boy,1,87,1248,0.0008012820512820513
walk,matty,1,88,1248,0.0008012820512820513
walk,buddy,1,89,1248,0.0008012820512820513
walk,spiderman,1,90,1248,0.0008012820512820513
walk,harry,1,91,1248,0.0008012820512820513
walk,child,1,92,1248,0.0008012820512820513
walk,delilah,1,93,1248,0.0008012820512820513
walk,grover,1,94,1248,0.0008012820512820513
walk,five,1,95,1248,0.0008012820512820513
walk,greg,1,96,1248,0.0008012820512820513
walk,goat,1,97,1248,0.0008012820512820513
walk,matthew,1,98,1248,0.0008012820512820513
wear,you,408,1,1236,0.3300970873786408
wear,he,170,2,1236,0.13754045307443366
wear,she,133,3,1236,0.1076051779935275
wear,i,130,4,1236,0.10517799352750809
wear,they,37,5,1236,0.029935275080906147
wear,who,34,6,1236,0.02750809061488673
wear,we,31,7,1236,0.025080906148867314
wear,mommy,27,8,1236,0.021844660194174758
wear,wanna,16,9,1236,0.012944983818770227
wear,daddy,9,10,1236,0.007281553398058253
wear,boy,9,11,1236,0.007281553398058253
wear,people,9,12,1236,0.007281553398058253
wear,girl,8,13,1236,0.006472491909385114
wear,baby,7,14,1236,0.0056634304207119745
wear,it,5,15,1236,0.0040453074433656954
wear,that,5,16,1236,0.0040453074433656954
wear,cat,5,17,1236,0.0040453074433656954
wear,doctor,4,18,1236,0.003236245954692557
wear,man,4,19,1236,0.003236245954692557
wear,needta,4,20,1236,0.003236245954692557
wear,nina,4,21,1236,0.003236245954692557
wear,peter,3,22,1236,0.0024271844660194173
wear,us,3,23,1236,0.0024271844660194173
wear,mom,3,24,1236,0.0024271844660194173
wear,battery,3,25,1236,0.0024271844660194173
wear,player,3,26,1236,0.0024271844660194173
wear,clothe,3,27,1236,0.0024271844660194173
wear,bunny,3,28,1236,0.0024271844660194173
wear,this,3,29,1236,0.0024271844660194173
wear,fox,3,30,1236,0.0024271844660194173
wear,lady,3,31,1236,0.0024271844660194173
wear,clown,3,32,1236,0.0024271844660194173
wear,kitty,3,33,1236,0.0024271844660194173
wear,child,3,34,1236,0.0024271844660194173
wear,johnny,3,35,1236,0.0024271844660194173
wear,snowman,2,36,1236,0.0016181229773462784
wear,grandma,2,37,1236,0.0016181229773462784
wear,horse,2,38,1236,0.0016181229773462784
wear,paul,2,39,1236,0.0016181229773462784
wear,king,2,40,1236,0.0016181229773462784
wear,cromer,2,41,1236,0.0016181229773462784
wear,eve,2,42,1236,0.0016181229773462784
wear,ya,2,43,1236,0.0016181229773462784
wear,somebody,2,44,1236,0.0016181229773462784
wear,what,2,45,1236,0.0016181229773462784
wear,bozo,2,46,1236,0.0016181229773462784
wear,lot,2,47,1236,0.0016181229773462784
wear,max,2,48,1236,0.0016181229773462784
wear,suit,2,49,1236,0.0016181229773462784
wear,fireman,2,50,1236,0.0016181229773462784
wear,everybody,2,51,1236,0.0016181229773462784
wear,nathaniel,2,52,1236,0.0016181229773462784
wear,goose,2,53,1236,0.0016181229773462784
wear,thomas,2,54,1236,0.0016181229773462784
wear,one,2,55,1236,0.0016181229773462784
wear,nonna,2,56,1236,0.0016181229773462784
wear,useta,2,57,1236,0.0016181229773462784
wear,animal,2,58,1236,0.0016181229773462784
wear,debbie,2,59,1236,0.0016181229773462784
wear,novelty,1,60,1236,0.0008090614886731392
wear,doll,1,61,1236,0.0008090614886731392
wear,jennifer,1,62,1236,0.0008090614886731392
wear,sposta,1,63,1236,0.0008090614886731392
wear,slipper,1,64,1236,0.0008090614886731392
wear,michelle,1,65,1236,0.0008090614886731392
wear,morgie,1,66,1236,0.0008090614886731392
wear,benjamin,1,67,1236,0.0008090614886731392
wear,bear,1,68,1236,0.0008090614886731392
wear,timmy,1,69,1236,0.0008090614886731392
wear,tabitha,1,70,1236,0.0008090614886731392
wear,pooh_bear,1,71,1236,0.0008090614886731392
wear,maggie,1,72,1236,0.0008090614886731392
wear,adam,1,73,1236,0.0008090614886731392
wear,doggie,1,74,1236,0.0008090614886731392
wear,celia,1,75,1236,0.0008090614886731392
wear,sarah,1,76,1236,0.0008090614886731392
wear,papa,1,77,1236,0.0008090614886731392
wear,bobo,1,78,1236,0.0008090614886731392
wear,dog,1,79,1236,0.0008090614886731392
wear,scarecrow,1,80,1236,0.0008090614886731392
wear,croaky,1,81,1236,0.0008090614886731392
wear,mama,1,82,1236,0.0008090614886731392
wear,dragon,1,83,1236,0.0008090614886731392
wear,firstname,1,84,1236,0.0008090614886731392
wear,tj,1,85,1236,0.0008090614886731392
wear,mother,1,86,1236,0.0008090614886731392
wear,type,1,87,1236,0.0008090614886731392
wear,allen,1,88,1236,0.0008090614886731392
wear,madame_fry,1,89,1236,0.0008090614886731392
wear,anybody,1,90,1236,0.0008090614886731392
wear,dad,1,91,1236,0.0008090614886731392
wear,teddy,1,92,1236,0.0008090614886731392
wear,most,1,93,1236,0.0008090614886731392
wear,megan,1,94,1236,0.0008090614886731392
wear,these,1,95,1236,0.0008090614886731392
wear,all,1,96,1236,0.0008090614886731392
wear,monster,1,97,1236,0.0008090614886731392
wear,whoever,1,98,1236,0.0008090614886731392
wear,mrs_ring,1,99,1236,0.0008090614886731392
wear,shirt,1,100,1236,0.0008090614886731392
wear,wiggle,1,101,1236,0.0008090614886731392
wear,heehaw,1,102,1236,0.0008090614886731392
wear,school,1,103,1236,0.0008090614886731392
wear,catherine,1,104,1236,0.0008090614886731392
wear,name,1,105,1236,0.0008090614886731392
wear,face,1,106,1236,0.0008090614886731392
wear,kangaroo,1,107,1236,0.0008090614886731392
wear,the,1,108,1236,0.0008090614886731392
wear,dolly,1,109,1236,0.0008090614886731392
wear,cloud,1,110,1236,0.0008090614886731392
wear,octopus,1,111,1236,0.0008090614886731392
wear,whale,1,112,1236,0.0008090614886731392
wear,fish,1,113,1236,0.0008090614886731392
wear,porcupine,1,114,1236,0.0008090614886731392
wear,karen,1,115,1236,0.0008090614886731392
wear,grownup,1,116,1236,0.0008090614886731392
wear,elephant,1,117,1236,0.0008090614886731392
wear,dress,1,118,1236,0.0008090614886731392
wear,princess,1,119,1236,0.0008090614886731392
wear,hasta,1,120,1236,0.0008090614886731392
wear,grandmother,1,121,1236,0.0008090614886731392
wear,cowboy,1,122,1236,0.0008090614886731392
wear,investigator,1,123,1236,0.0008090614886731392
wear,lauper,1,124,1236,0.0008090614886731392
wear,goldilocks,1,125,1236,0.0008090614886731392
wear,andreas,1,126,1236,0.0008090614886731392
wear,flopsie,1,127,1236,0.0008090614886731392
wear,brianna,1,128,1236,0.0008090614886731392
wear,someone,1,129,1236,0.0008090614886731392
wear,shelby,1,130,1236,0.0008090614886731392
wear,helmet,1,131,1236,0.0008090614886731392
wear,downstairs,1,132,1236,0.0008090614886731392
wear,cow,1,133,1236,0.0008090614886731392
wear,cinderella,1,134,1236,0.0008090614886731392
wear,horsie,1,135,1236,0.0008090614886731392
wear,go,1,136,1236,0.0008090614886731392
wear,david,1,137,1236,0.0008090614886731392
wear,peggy,1,138,1236,0.0008090614886731392
wear,gabriella,1,139,1236,0.0008090614886731392
wear,both,1,140,1236,0.0008090614886731392
wear,julia,1,141,1236,0.0008090614886731392
wear,daniel,1,142,1236,0.0008090614886731392
wear,robert,1,143,1236,0.0008090614886731392
wear,eileen,1,144,1236,0.0008090614886731392
wear,loni,1,145,1236,0.0008090614886731392
wear,granny,1,146,1236,0.0008090614886731392
guess,i,1104,1,1209,0.913151364764268
guess,you,68,2,1209,0.05624483043837883
guess,we,4,3,1209,0.0033085194375516956
guess,abe,4,4,1209,0.0033085194375516956
guess,he,3,5,1209,0.0024813895781637717
guess,mom,3,6,1209,0.0024813895781637717
guess,daddy,2,7,1209,0.0016542597187758478
guess,wanna,2,8,1209,0.0016542597187758478
guess,mama,2,9,1209,0.0016542597187758478
guess,she,2,10,1209,0.0016542597187758478
guess,mia,2,11,1209,0.0016542597187758478
guess,sue,1,12,1209,0.0008271298593879239
guess,everything,1,13,1209,0.0008271298593879239
guess,chi,1,14,1209,0.0008271298593879239
guess,mommy,1,15,1209,0.0008271298593879239
guess,ethan,1,16,1209,0.0008271298593879239
guess,no,1,17,1209,0.0008271298593879239
guess,kalie,1,18,1209,0.0008271298593879239
guess,nathaniel,1,19,1209,0.0008271298593879239
guess,karen,1,20,1209,0.0008271298593879239
guess,everyone,1,21,1209,0.0008271298593879239
guess,tracy,1,22,1209,0.0008271298593879239
guess,us,1,23,1209,0.0008271298593879239
guess,danny,1,24,1209,0.0008271298593879239
write,you,601,1,1201,0.5004163197335554
write,i,204,2,1201,0.16985845129059118
write,we,64,3,1201,0.05328892589508743
write,he,63,4,1201,0.05245628642797669
write,she,45,5,1201,0.03746877601998335
write,who,22,6,1201,0.018318068276436304
write,us,19,7,1201,0.01582014987510408
write,it,18,8,1201,0.01498751040799334
write,they,18,9,1201,0.01498751040799334
write,mommy,16,10,1201,0.013322231473771857
write,wanna,12,11,1201,0.009991673605328892
write,ya,9,12,1201,0.00749375520399667
write,that,8,13,1201,0.006661115736885929
write,adam,5,14,1201,0.004163197335553705
write,bug,5,15,1201,0.004163197335553705
write,chi,5,16,1201,0.004163197335553705
write,lois,4,17,1201,0.0033305578684429643
write,pen,4,18,1201,0.0033305578684429643
write,somebody,4,19,1201,0.0033305578684429643
write,boy,3,20,1201,0.002497918401332223
write,roland,3,21,1201,0.002497918401332223
write,pencil,2,22,1201,0.0016652789342214821
write,hand,2,23,1201,0.0016652789342214821
write,no,2,24,1201,0.0016652789342214821
write,this,2,25,1201,0.0016652789342214821
write,hasta,2,26,1201,0.0016652789342214821
write,hughes,2,27,1201,0.0016652789342214821
write,people,2,28,1201,0.0016652789342214821
write,daddy,2,29,1201,0.0016652789342214821
write,nomi,2,30,1201,0.0016652789342214821
write,teacher,2,31,1201,0.0016652789342214821
write,uhoh,1,32,1201,0.0008326394671107411
write,magazine,1,33,1201,0.0008326394671107411
write,paper,1,34,1201,0.0008326394671107411
write,recorder,1,35,1201,0.0008326394671107411
write,mine,1,36,1201,0.0008326394671107411
write,mother,1,37,1201,0.0008326394671107411
write,s,1,38,1201,0.0008326394671107411
write,laura,1,39,1201,0.0008326394671107411
write,thing,1,40,1201,0.0008326394671107411
write,doggie,1,41,1201,0.0008326394671107411
write,tractor,1,42,1201,0.0008326394671107411
write,racket,1,43,1201,0.0008326394671107411
write,finger,1,44,1201,0.0008326394671107411
write,ursula,1,45,1201,0.0008326394671107411
write,captain_kangaroo,1,46,1201,0.0008326394671107411
write,lots_of,1,47,1201,0.0008326394671107411
write,a_lot_of,1,48,1201,0.0008326394671107411
write,name,1,49,1201,0.0008326394671107411
write,eve,1,50,1201,0.0008326394671107411
write,nanny,1,51,1201,0.0008326394671107411
write,one,1,52,1201,0.0008326394671107411
write,fraser,1,53,1201,0.0008326394671107411
write,typist,1,54,1201,0.0008326394671107411
write,elliot,1,55,1201,0.0008326394671107411
write,elf,1,56,1201,0.0008326394671107411
write,carle,1,57,1201,0.0008326394671107411
write,sister,1,58,1201,0.0008326394671107411
write,paula,1,59,1201,0.0008326394671107411
write,anyone,1,60,1201,0.0008326394671107411
write,all,1,61,1201,0.0008326394671107411
write,part,1,62,1201,0.0008326394671107411
write,task,1,63,1201,0.0008326394671107411
write,tanya,1,64,1201,0.0008326394671107411
write,anybody,1,65,1201,0.0008326394671107411
write,sit,1,66,1201,0.0008326394671107411
write,abe,1,67,1201,0.0008326394671107411
write,mama,1,68,1201,0.0008326394671107411
write,loe,1,69,1201,0.0008326394671107411
write,goldie,1,70,1201,0.0008326394671107411
write,michelle,1,71,1201,0.0008326394671107411
write,dale,1,72,1201,0.0008326394671107411
write,brett,1,73,1201,0.0008326394671107411
write,guy,1,74,1201,0.0008326394671107411
write,seven,1,75,1201,0.0008326394671107411
write,lemme,1,76,1201,0.0008326394671107411
write,bill,1,77,1201,0.0008326394671107411
write,ashley,1,78,1201,0.0008326394671107411
write,oughta,1,79,1201,0.0008326394671107411
write,albert,1,80,1201,0.0008326394671107411
fix,i,349,1,1170,0.2982905982905983
fix,you,297,2,1170,0.25384615384615383
fix,we,123,3,1170,0.10512820512820513
fix,he,56,4,1170,0.04786324786324787
fix,who,52,5,1170,0.044444444444444446
fix,daddy,32,6,1170,0.02735042735042735
fix,she,31,7,1170,0.026495726495726495
fix,mommy,29,8,1170,0.024786324786324785
fix,us,29,9,1170,0.024786324786324785
fix,it,23,10,1170,0.019658119658119658
fix,they,23,11,1170,0.019658119658119658
fix,papa,5,12,1170,0.004273504273504274
fix,mama,5,13,1170,0.004273504273504274
fix,hasta,4,14,1170,0.003418803418803419
fix,wanna,4,15,1170,0.003418803418803419
fix,boy,4,16,1170,0.003418803418803419
fix,lois,3,17,1170,0.002564102564102564
fix,that,3,18,1170,0.002564102564102564
fix,this,3,19,1170,0.002564102564102564
fix,hafta,3,20,1170,0.002564102564102564
fix,man,3,21,1170,0.002564102564102564
fix,firstname,3,22,1170,0.002564102564102564
fix,dad,3,23,1170,0.002564102564102564
fix,tooth,3,24,1170,0.002564102564102564
fix,one,3,25,1170,0.002564102564102564
fix,daddy'll,3,26,1170,0.002564102564102564
fix,mummy,2,27,1170,0.0017094017094017094
fix,lemme,2,28,1170,0.0017094017094017094
fix,mom,2,29,1170,0.0017094017094017094
fix,ya,2,30,1170,0.0017094017094017094
fix,lady,2,31,1170,0.0017094017094017094
fix,girl,2,32,1170,0.0017094017094017094
fix,tire,2,33,1170,0.0017094017094017094
fix,house,2,34,1170,0.0017094017094017094
fix,roy,2,35,1170,0.0017094017094017094
fix,phone,2,36,1170,0.0017094017094017094
fix,glass,2,37,1170,0.0017094017094017094
fix,rachel,2,38,1170,0.0017094017094017094
fix,wood,2,39,1170,0.0017094017094017094
fix,train,1,40,1170,0.0008547008547008547
fix,slide,1,41,1170,0.0008547008547008547
fix,jwww,1,42,1170,0.0008547008547008547
fix,sewing,1,43,1170,0.0008547008547008547
fix,ear,1,44,1170,0.0008547008547008547
fix,needta,1,45,1170,0.0008547008547008547
fix,go,1,46,1170,0.0008547008547008547
fix,suit,1,47,1170,0.0008547008547008547
fix,ricky,1,48,1170,0.0008547008547008547
fix,lilly,1,49,1170,0.0008547008547008547
fix,kathy,1,50,1170,0.0008547008547008547
fix,eve,1,51,1170,0.0008547008547008547
fix,papa'll,1,52,1170,0.0008547008547008547
fix,all,1,53,1170,0.0008547008547008547
fix,don,1,54,1170,0.0008547008547008547
fix,hope,1,55,1170,0.0008547008547008547
fix,em,1,56,1170,0.0008547008547008547
fix,arm,1,57,1170,0.0008547008547008547
fix,anybody,1,58,1170,0.0008547008547008547
fix,clara,1,59,1170,0.0008547008547008547
fix,chi,1,60,1170,0.0008547008547008547
fix,nana,1,61,1170,0.0008547008547008547
fix,auntie,1,62,1170,0.0008547008547008547
fix,company,1,63,1170,0.0008547008547008547
fix,aspirin,1,64,1170,0.0008547008547008547
fix,mine,1,65,1170,0.0008547008547008547
fix,travis,1,66,1170,0.0008547008547008547
fix,baaee,1,67,1170,0.0008547008547008547
fix,nathaniel,1,68,1170,0.0008547008547008547
fix,somebody,1,69,1170,0.0008547008547008547
fix,fix_it,1,70,1170,0.0008547008547008547
fix,fox,1,71,1170,0.0008547008547008547
fix,linda,1,72,1170,0.0008547008547008547
fix,grandpa,1,73,1170,0.0008547008547008547
fix,nanny,1,74,1170,0.0008547008547008547
fix,george,1,75,1170,0.0008547008547008547
fix,nobody,1,76,1170,0.0008547008547008547
fix,hair,1,77,1170,0.0008547008547008547
fix,veterinarian,1,78,1170,0.0008547008547008547
fix,james,1,79,1170,0.0008547008547008547
fix,dadda,1,80,1170,0.0008547008547008547
fix,cody,1,81,1170,0.0008547008547008547
fix,mother,1,82,1170,0.0008547008547008547
fix,derwood,1,83,1170,0.0008547008547008547
fix,roland,1,84,1170,0.0008547008547008547
fix,tock,1,85,1170,0.0008547008547008547
fix,eric,1,86,1170,0.0008547008547008547
fix,johnny,1,87,1170,0.0008547008547008547
buy,i,394,1,1154,0.341421143847487
buy,you,246,2,1154,0.21317157712305027
buy,we,200,3,1154,0.1733102253032929
buy,he,46,4,1154,0.03986135181975736
buy,who,37,5,1154,0.032062391681109186
buy,she,35,6,1154,0.030329289428076257
buy,mommy,28,7,1154,0.024263431542461005
buy,they,23,8,1154,0.01993067590987868
buy,daddy,15,9,1154,0.012998266897746967
buy,grandma,7,10,1154,0.006065857885615251
buy,ya,6,11,1154,0.005199306759098787
buy,mama,5,12,1154,0.004332755632582322
buy,us,5,13,1154,0.004332755632582322
buy,nana,5,14,1154,0.004332755632582322
buy,mouse,5,15,1154,0.004332755632582322
buy,people,4,16,1154,0.0034662045060658577
buy,dad,3,17,1154,0.0025996533795493936
buy,papa,3,18,1154,0.0025996533795493936
buy,mother,3,19,1154,0.0025996533795493936
buy,wanna,3,20,1154,0.0025996533795493936
buy,should,3,21,1154,0.0025996533795493936
buy,auntie,3,22,1154,0.0025996533795493936
buy,mom,3,23,1154,0.0025996533795493936
buy,nanna,3,24,1154,0.0025996533795493936
buy,needta,2,25,1154,0.0017331022530329288
buy,david,2,26,1154,0.0017331022530329288
buy,mummy,2,27,1154,0.0017331022530329288
buy,cousin,2,28,1154,0.0017331022530329288
buy,hadta,2,29,1154,0.0017331022530329288
buy,nobody,2,30,1154,0.0017331022530329288
buy,daddy'll,2,31,1154,0.0017331022530329288
buy,nonna,2,32,1154,0.0017331022530329288
buy,oma,2,33,1154,0.0017331022530329288
buy,james,2,34,1154,0.0017331022530329288
buy,ryan,2,35,1154,0.0017331022530329288
buy,katie,1,36,1154,0.0008665511265164644
buy,granddaddy,1,37,1154,0.0008665511265164644
buy,poppa,1,38,1154,0.0008665511265164644
buy,string,1,39,1154,0.0008665511265164644
buy,grampy,1,40,1154,0.0008665511265164644
buy,santa_claus,1,41,1154,0.0008665511265164644
buy,any,1,42,1154,0.0008665511265164644
buy,aunt_dot,1,43,1154,0.0008665511265164644
buy,everybody,1,44,1154,0.0008665511265164644
buy,george,1,45,1154,0.0008665511265164644
buy,all,1,46,1154,0.0008665511265164644
buy,lady,1,47,1154,0.0008665511265164644
buy,alfalfa,1,48,1154,0.0008665511265164644
buy,grampa,1,49,1154,0.0008665511265164644
buy,firstname,1,50,1154,0.0008665511265164644
buy,bag,1,51,1154,0.0008665511265164644
buy,anything,1,52,1154,0.0008665511265164644
buy,those,1,53,1154,0.0008665511265164644
buy,go,1,54,1154,0.0008665511265164644
buy,da,1,55,1154,0.0008665511265164644
buy,father,1,56,1154,0.0008665511265164644
buy,shell,1,57,1154,0.0008665511265164644
buy,day,1,58,1154,0.0008665511265164644
buy,mary,1,59,1154,0.0008665511265164644
buy,granma,1,60,1154,0.0008665511265164644
buy,cent,1,61,1154,0.0008665511265164644
buy,isabelle,1,62,1154,0.0008665511265164644
buy,someone,1,63,1154,0.0008665511265164644
buy,becca,1,64,1154,0.0008665511265164644
buy,somebody,1,65,1154,0.0008665511265164644
buy,wood,1,66,1154,0.0008665511265164644
buy,nina,1,67,1154,0.0008665511265164644
buy,anybody,1,68,1154,0.0008665511265164644
buy,aunt_niece,1,69,1154,0.0008665511265164644
buy,uncle_ryan,1,70,1154,0.0008665511265164644
buy,grammy,1,71,1154,0.0008665511265164644
buy,grandpa,1,72,1154,0.0008665511265164644
buy,dog,1,73,1154,0.0008665511265164644
buy,something,1,74,1154,0.0008665511265164644
buy,weist,1,75,1154,0.0008665511265164644
buy,uncle,1,76,1154,0.0008665511265164644
buy,your,1,77,1154,0.0008665511265164644
buy,barbara,1,78,1154,0.0008665511265164644
buy,granpa,1,79,1154,0.0008665511265164644
buy,bunny,1,80,1154,0.0008665511265164644
buy,that,1,81,1154,0.0008665511265164644
buy,husband,1,82,1154,0.0008665511265164644
keep,you,422,1,1141,0.3698510078878177
keep,i,173,2,1141,0.1516213847502191
keep,we,111,3,1141,0.09728308501314636
keep,he,79,4,1141,0.06923751095530237
keep,it,53,5,1141,0.04645048203330412
keep,they,51,6,1141,0.044697633654688866
keep,she,31,7,1141,0.02716914986853637
keep,us,25,8,1141,0.021910604732690624
keep,that,25,9,1141,0.021910604732690624
keep,one,9,10,1141,0.007887817703768623
keep,what,7,11,1141,0.006134969325153374
keep,people,5,12,1141,0.0043821209465381246
keep,mommy,5,13,1141,0.0043821209465381246
keep,wanna,5,14,1141,0.0043821209465381246
keep,who,5,15,1141,0.0043821209465381246
keep,this,4,16,1141,0.0035056967572304996
keep,thing,4,17,1141,0.0035056967572304996
keep,guy,4,18,1141,0.0035056967572304996
keep,needta,3,19,1141,0.0026292725679228747
keep,somebody,3,20,1141,0.0026292725679228747
keep,everybody,3,21,1141,0.0026292725679228747
keep,chi,3,22,1141,0.0026292725679228747
keep,roland,3,23,1141,0.0026292725679228747
keep,ya,2,24,1141,0.0017528483786152498
keep,daddy,2,25,1141,0.0017528483786152498
keep,book,2,26,1141,0.0017528483786152498
keep,boy,2,27,1141,0.0017528483786152498
keep,cat,2,28,1141,0.0017528483786152498
keep,water,2,29,1141,0.0017528483786152498
keep,sis,2,30,1141,0.0017528483786152498
keep,truck,2,31,1141,0.0017528483786152498
keep,dog,2,32,1141,0.0017528483786152498
keep,melissa,2,33,1141,0.0017528483786152498
keep,hat,2,34,1141,0.0017528483786152498
keep,carrot,2,35,1141,0.0017528483786152498
keep,horse,2,36,1141,0.0017528483786152498
keep,everything,2,37,1141,0.0017528483786152498
keep,egg,1,38,1141,0.0008764241893076249
keep,car,1,39,1141,0.0008764241893076249
keep,recorder,1,40,1141,0.0008764241893076249
keep,awww,1,41,1141,0.0008764241893076249
keep,many,1,42,1141,0.0008764241893076249
keep,morgie,1,43,1141,0.0008764241893076249
keep,angel,1,44,1141,0.0008764241893076249
keep,dakota,1,45,1141,0.0008764241893076249
keep,star,1,46,1141,0.0008764241893076249
keep,alphabet,1,47,1141,0.0008764241893076249
keep,sister,1,48,1141,0.0008764241893076249
keep,foot,1,49,1141,0.0008764241893076249
keep,light,1,50,1141,0.0008764241893076249
keep,paul,1,51,1141,0.0008764241893076249
keep,kid,1,52,1141,0.0008764241893076249
keep,apple,1,53,1141,0.0008764241893076249
keep,daddy'll,1,54,1141,0.0008764241893076249
keep,trouble,1,55,1141,0.0008764241893076249
keep,sarah,1,56,1141,0.0008764241893076249
keep,tape,1,57,1141,0.0008764241893076249
keep,gesundheit,1,58,1141,0.0008764241893076249
keep,snow,1,59,1141,0.0008764241893076249
keep,money,1,60,1141,0.0008764241893076249
keep,cord,1,61,1141,0.0008764241893076249
keep,gucky,1,62,1141,0.0008764241893076249
keep,charlie,1,63,1141,0.0008764241893076249
keep,word,1,64,1141,0.0008764241893076249
keep,machine,1,65,1141,0.0008764241893076249
keep,barrier,1,66,1141,0.0008764241893076249
keep,traffic,1,67,1141,0.0008764241893076249
keep,milk,1,68,1141,0.0008764241893076249
keep,papa,1,69,1141,0.0008764241893076249
keep,mammal,1,70,1141,0.0008764241893076249
keep,ice,1,71,1141,0.0008764241893076249
keep,owl,1,72,1141,0.0008764241893076249
keep,house,1,73,1141,0.0008764241893076249
keep,bro,1,74,1141,0.0008764241893076249
keep,bolt,1,75,1141,0.0008764241893076249
keep,those,1,76,1141,0.0008764241893076249
keep,susu,1,77,1141,0.0008764241893076249
keep,abe,1,78,1141,0.0008764241893076249
keep,pencil,1,79,1141,0.0008764241893076249
keep,dandelion,1,80,1141,0.0008764241893076249
keep,cell,1,81,1141,0.0008764241893076249
keep,come_on,1,82,1141,0.0008764241893076249
keep,marky,1,83,1141,0.0008764241893076249
keep,drawer,1,84,1141,0.0008764241893076249
keep,carpet,1,85,1141,0.0008764241893076249
keep,gloom,1,86,1141,0.0008764241893076249
keep,these,1,87,1141,0.0008764241893076249
keep,shoe,1,88,1141,0.0008764241893076249
keep,nathaniel,1,89,1141,0.0008764241893076249
keep,catherine,1,90,1141,0.0008764241893076249
keep,hafta,1,91,1141,0.0008764241893076249
keep,carrots,1,92,1141,0.0008764241893076249
keep,dress,1,93,1141,0.0008764241893076249
keep,umbrella,1,94,1141,0.0008764241893076249
keep,nina,1,95,1141,0.0008764241893076249
keep,animal,1,96,1141,0.0008764241893076249
keep,wheel,1,97,1141,0.0008764241893076249
keep,crabbs,1,98,1141,0.0008764241893076249
keep,emily,1,99,1141,0.0008764241893076249
keep,trailer,1,100,1141,0.0008764241893076249
keep,lip,1,101,1141,0.0008764241893076249
keep,turn,1,102,1141,0.0008764241893076249
keep,ernie,1,103,1141,0.0008764241893076249
keep,matty,1,104,1141,0.0008764241893076249
keep,farmer,1,105,1141,0.0008764241893076249
keep,thank,1,106,1141,0.0008764241893076249
keep,remi,1,107,1141,0.0008764241893076249
keep,owner,1,108,1141,0.0008764241893076249
keep,cmon,1,109,1141,0.0008764241893076249
keep,anything,1,110,1141,0.0008764241893076249
keep,tunisha,1,111,1141,0.0008764241893076249
keep,monique,1,112,1141,0.0008764241893076249
keep,leg,1,113,1141,0.0008764241893076249
keep,david,1,114,1141,0.0008764241893076249
keep,tony,1,115,1141,0.0008764241893076249
keep,daniel,1,116,1141,0.0008764241893076249
keep,patrick,1,117,1141,0.0008764241893076249
fit,it,385,1,1125,0.3422222222222222
fit,they,136,2,1125,0.12088888888888889
fit,that,125,3,1125,0.1111111111111111
fit,he,93,4,1125,0.08266666666666667
fit,you,71,5,1125,0.06311111111111112
fit,one,46,6,1125,0.04088888888888889
fit,this,33,7,1125,0.029333333333333333
fit,she,29,8,1125,0.025777777777777778
fit,i,28,9,1125,0.024888888888888887
fit,what,10,10,1125,0.008888888888888889
fit,we,10,11,1125,0.008888888888888889
fit,baby,10,12,1125,0.008888888888888889
fit,car,6,13,1125,0.005333333333333333
fit,people,6,14,1125,0.005333333333333333
fit,these,5,15,1125,0.0044444444444444444
fit,hand,5,16,1125,0.0044444444444444444
fit,mommy,4,17,1125,0.0035555555555555557
fit,joshua,4,18,1125,0.0035555555555555557
fit,wheel,3,19,1125,0.0026666666666666666
fit,boy,3,20,1125,0.0026666666666666666
fit,shoe,3,21,1125,0.0026666666666666666
fit,bottle,3,22,1125,0.0026666666666666666
fit,dress,3,23,1125,0.0026666666666666666
fit,those,3,24,1125,0.0026666666666666666
fit,finger,3,25,1125,0.0026666666666666666
fit,grover,3,26,1125,0.0026666666666666666
fit,no,2,27,1125,0.0017777777777777779
fit,thing,2,28,1125,0.0017777777777777779
fit,all,2,29,1125,0.0017777777777777779
fit,who,2,30,1125,0.0017777777777777779
fit,truck,2,31,1125,0.0017777777777777779
fit,clothe,2,32,1125,0.0017777777777777779
fit,wrench,2,33,1125,0.0017777777777777779
fit,nobody,2,34,1125,0.0017777777777777779
fit,both,2,35,1125,0.0017777777777777779
fit,glass,2,36,1125,0.0017777777777777779
fit,man,2,37,1125,0.0017777777777777779
fit,chicken,2,38,1125,0.0017777777777777779
fit,box,2,39,1125,0.0017777777777777779
fit,daddy,2,40,1125,0.0017777777777777779
fit,head,2,41,1125,0.0017777777777777779
fit,someone,1,42,1125,0.0008888888888888889
fit,couple,1,43,1125,0.0008888888888888889
fit,tray,1,44,1125,0.0008888888888888889
fit,screw,1,45,1125,0.0008888888888888889
fit,everything'll,1,46,1125,0.0008888888888888889
fit,owl,1,47,1125,0.0008888888888888889
fit,circle,1,48,1125,0.0008888888888888889
fit,square,1,49,1125,0.0008888888888888889
fit,triangle,1,50,1125,0.0008888888888888889
fit,book,1,51,1125,0.0008888888888888889
fit,toy'll,1,52,1125,0.0008888888888888889
fit,ring,1,53,1125,0.0008888888888888889
fit,trailer,1,54,1125,0.0008888888888888889
fit,letter,1,55,1125,0.0008888888888888889
fit,key,1,56,1125,0.0008888888888888889
fit,tooth,1,57,1125,0.0008888888888888889
fit,one'll,1,58,1125,0.0008888888888888889
fit,bobo,1,59,1125,0.0008888888888888889
fit,michael,1,60,1125,0.0008888888888888889
fit,most,1,61,1125,0.0008888888888888889
fit,kid,1,62,1125,0.0008888888888888889
fit,wrist,1,63,1125,0.0008888888888888889
fit,elephant,1,64,1125,0.0008888888888888889
fit,dolly,1,65,1125,0.0008888888888888889
fit,eye,1,66,1125,0.0008888888888888889
fit,screwdriver,1,67,1125,0.0008888888888888889
fit,train,1,68,1125,0.0008888888888888889
fit,jeep,1,69,1125,0.0008888888888888889
fit,nut,1,70,1125,0.0008888888888888889
fit,sneaker,1,71,1125,0.0008888888888888889
fit,plate,1,72,1125,0.0008888888888888889
fit,something,1,73,1125,0.0008888888888888889
fit,leg,1,74,1125,0.0008888888888888889
fit,piece,1,75,1125,0.0008888888888888889
fit,lid,1,76,1125,0.0008888888888888889
fit,part,1,77,1125,0.0008888888888888889
fit,slipper,1,78,1125,0.0008888888888888889
fit,diaper,1,79,1125,0.0008888888888888889
fit,money,1,80,1125,0.0008888888888888889
fit,stewardess,1,81,1125,0.0008888888888888889
fit,much,1,82,1125,0.0008888888888888889
fit,two,1,83,1125,0.0008888888888888889
fit,other,1,84,1125,0.0008888888888888889
fit,cat,1,85,1125,0.0008888888888888889
fit,yogi,1,86,1125,0.0008888888888888889
fit,bed,1,87,1125,0.0008888888888888889
fit,everything,1,88,1125,0.0008888888888888889
fit,top,1,89,1125,0.0008888888888888889
fit,nonna,1,90,1125,0.0008888888888888889
fit,any,1,91,1125,0.0008888888888888889
fit,bird,1,92,1125,0.0008888888888888889
fit,panda,1,93,1125,0.0008888888888888889
fit,many,1,94,1125,0.0008888888888888889
fit,your,1,95,1125,0.0008888888888888889
fit,sweatpant,1,96,1125,0.0008888888888888889
fit,horse,1,97,1125,0.0008888888888888889
fit,nose,1,98,1125,0.0008888888888888889
fit,side,1,99,1125,0.0008888888888888889
fit,bicycle,1,100,1125,0.0008888888888888889
fit,cog,1,101,1125,0.0008888888888888889
fit,gear,1,102,1125,0.0008888888888888889
fit,nickel,1,103,1125,0.0008888888888888889
fit,oop,1,104,1125,0.0008888888888888889
fit,go,1,105,1125,0.0008888888888888889
fit,its,1,106,1125,0.0008888888888888889
drink,you,495,1,1119,0.44235924932975873
drink,i,139,2,1119,0.12421805183199285
drink,he,90,3,1119,0.08042895442359249
drink,they,62,4,1119,0.05540661304736372
drink,she,57,5,1119,0.05093833780160858
drink,elephant,50,6,1119,0.044682752457551385
drink,we,40,7,1119,0.035746201966041107
drink,mommy,13,8,1119,0.01161751563896336
drink,who,13,9,1119,0.01161751563896336
drink,baby,12,10,1119,0.010723860589812333
drink,ya,7,11,1119,0.006255585344057194
drink,daddy,7,12,1119,0.006255585344057194
drink,wanna,6,13,1119,0.005361930294906166
drink,boy,5,14,1119,0.004468275245755138
drink,owl,5,15,1119,0.004468275245755138
drink,people,4,16,1119,0.0035746201966041107
drink,cow,4,17,1119,0.0035746201966041107
drink,us,3,18,1119,0.002680965147453083
drink,fuzzy_tail_lamb,3,19,1119,0.002680965147453083
drink,kitty,3,20,1119,0.002680965147453083
drink,fraser,3,21,1119,0.002680965147453083
drink,sarah,3,22,1119,0.002680965147453083
drink,it,3,23,1119,0.002680965147453083
drink,needta,2,24,1119,0.0017873100983020554
drink,that,2,25,1119,0.0017873100983020554
drink,piglet,2,26,1119,0.0017873100983020554
drink,sister,2,27,1119,0.0017873100983020554
drink,eve,2,28,1119,0.0017873100983020554
drink,girl,2,29,1119,0.0017873100983020554
drink,doggy,2,30,1119,0.0017873100983020554
drink,calf,2,31,1119,0.0017873100983020554
drink,bird,2,32,1119,0.0017873100983020554
drink,anybody,2,33,1119,0.0017873100983020554
drink,everybody,2,34,1119,0.0017873100983020554
drink,ari,2,35,1119,0.0017873100983020554
drink,rocky,2,36,1119,0.0017873100983020554
drink,erin,2,37,1119,0.0017873100983020554
drink,roland,2,38,1119,0.0017873100983020554
drink,johnny,2,39,1119,0.0017873100983020554
drink,peter,1,40,1119,0.0008936550491510277
drink,horse,1,41,1119,0.0008936550491510277
drink,pete,1,42,1119,0.0008936550491510277
drink,laura,1,43,1119,0.0008936550491510277
drink,some,1,44,1119,0.0008936550491510277
drink,peanut,1,45,1119,0.0008936550491510277
drink,three,1,46,1119,0.0008936550491510277
drink,pooh_bear,1,47,1119,0.0008936550491510277
drink,timmy,1,48,1119,0.0008936550491510277
drink,adam,1,49,1119,0.0008936550491510277
drink,camel,1,50,1119,0.0008936550491510277
drink,lady,1,51,1119,0.0008936550491510277
drink,shadow_gay,1,52,1119,0.0008936550491510277
drink,paul,1,53,1119,0.0008936550491510277
drink,bottle,1,54,1119,0.0008936550491510277
drink,ladybug,1,55,1119,0.0008936550491510277
drink,cat,1,56,1119,0.0008936550491510277
drink,shem,1,57,1119,0.0008936550491510277
drink,someone,1,58,1119,0.0008936550491510277
drink,pig,1,59,1119,0.0008936550491510277
drink,lot,1,60,1119,0.0008936550491510277
drink,farm,1,61,1119,0.0008936550491510277
drink,katie,1,62,1119,0.0008936550491510277
drink,thinking,1,63,1119,0.0008936550491510277
drink,malcolm,1,64,1119,0.0008936550491510277
drink,drink,1,65,1119,0.0008936550491510277
drink,momma,1,66,1119,0.0008936550491510277
drink,child,1,67,1119,0.0008936550491510277
drink,something,1,68,1119,0.0008936550491510277
drink,chi,1,69,1119,0.0008936550491510277
drink,dinosaur,1,70,1119,0.0008936550491510277
drink,mama'll,1,71,1119,0.0008936550491510277
drink,chicky,1,72,1119,0.0008936550491510277
drink,honey,1,73,1119,0.0008936550491510277
drink,mother,1,74,1119,0.0008936550491510277
drink,mom'll,1,75,1119,0.0008936550491510277
drink,heather,1,76,1119,0.0008936550491510277
drink,finish,1,77,1119,0.0008936550491510277
drink,mommy'll,1,78,1119,0.0008936550491510277
drink,mama,1,79,1119,0.0008936550491510277
drink,soda,1,80,1119,0.0008936550491510277
drink,her,1,81,1119,0.0008936550491510277
drink,nomi,1,82,1119,0.0008936550491510277
drink,nathaniel,1,83,1119,0.0008936550491510277
drink,mouse,1,84,1119,0.0008936550491510277
drink,spaghetti,1,85,1119,0.0008936550491510277
drink,cricket,1,86,1119,0.0008936550491510277
drink,ant,1,87,1119,0.0008936550491510277
drink,what,1,88,1119,0.0008936550491510277
drink,hasta,1,89,1119,0.0008936550491510277
drink,buzz,1,90,1119,0.0008936550491510277
drink,whale,1,91,1119,0.0008936550491510277
drink,bobby,1,92,1119,0.0008936550491510277
drink,steve,1,93,1119,0.0008936550491510277
drink,alvin,1,94,1119,0.0008936550491510277
drink,no,1,95,1119,0.0008936550491510277
drink,plant,1,96,1119,0.0008936550491510277
drink,monkey,1,97,1119,0.0008936550491510277
drink,jj,1,98,1119,0.0008936550491510277
drink,nanny,1,99,1119,0.0008936550491510277
break,you,351,1,1091,0.32172318973418884
break,it,203,2,1091,0.1860678276810266
break,i,66,3,1091,0.06049495875343722
break,he,65,4,1091,0.05957836846929423
break,they,58,5,1091,0.05316223648029331
break,that,26,6,1091,0.02383134738771769
break,she,25,7,1091,0.022914757103574702
break,who,22,8,1091,0.02016498625114574
break,we,22,9,1091,0.02016498625114574
break,one,16,10,1091,0.01466544454628781
break,branch,15,11,1091,0.013748854262144821
break,bough,10,12,1091,0.00916590284142988
break,what,8,13,1091,0.007332722273143905
break,somebody,8,14,1091,0.007332722273143905
break,car,7,15,1091,0.006416131989000917
break,mommy,6,16,1091,0.005499541704857928
break,arm,6,17,1091,0.005499541704857928
break,part,5,18,1091,0.00458295142071494
break,ya,5,19,1091,0.00458295142071494
break,chair,4,20,1091,0.0036663611365719525
break,adam,4,21,1091,0.0036663611365719525
break,wheel,3,22,1091,0.002749770852428964
break,nothing,3,23,1091,0.002749770852428964
break,something,3,24,1091,0.002749770852428964
break,boy,3,25,1091,0.002749770852428964
break,pencil,3,26,1091,0.002749770852428964
break,these,3,27,1091,0.002749770852428964
break,this,3,28,1091,0.002749770852428964
break,bear,3,29,1091,0.002749770852428964
break,child,3,30,1091,0.002749770852428964
break,thing,2,31,1091,0.0018331805682859762
break,us,2,32,1091,0.0018331805682859762
break,mine,2,33,1091,0.0018331805682859762
break,monster,2,34,1091,0.0018331805682859762
break,truck,2,35,1091,0.0018331805682859762
break,nobody,2,36,1091,0.0018331805682859762
break,those,2,37,1091,0.0018331805682859762
break,dog,2,38,1091,0.0018331805682859762
break,chalk,2,39,1091,0.0018331805682859762
break,daddy,2,40,1091,0.0018331805682859762
break,bike,2,41,1091,0.0018331805682859762
break,bobby,2,42,1091,0.0018331805682859762
break,your,2,43,1091,0.0018331805682859762
break,chi,2,44,1091,0.0018331805682859762
break,spaceship,2,45,1091,0.0018331805682859762
break,heart,2,46,1091,0.0018331805682859762
break,glass,2,47,1091,0.0018331805682859762
break,honey,2,48,1091,0.0018331805682859762
break,taylor,2,49,1091,0.0018331805682859762
break,mike'll,1,50,1091,0.0009165902841429881
break,eric,1,51,1091,0.0009165902841429881
break,egg,1,52,1091,0.0009165902841429881
break,crayon,1,53,1091,0.0009165902841429881
break,wolf,1,54,1091,0.0009165902841429881
break,plate,1,55,1091,0.0009165902841429881
break,house,1,56,1091,0.0009165902841429881
break,nail,1,57,1091,0.0009165902841429881
break,anything,1,58,1091,0.0009165902841429881
break,face,1,59,1091,0.0009165902841429881
break,coffee,1,60,1091,0.0009165902841429881
break,piece,1,61,1091,0.0009165902841429881
break,robin,1,62,1091,0.0009165902841429881
break,stick,1,63,1091,0.0009165902841429881
break,milk,1,64,1091,0.0009165902841429881
break,people,1,65,1091,0.0009165902841429881
break,shoe,1,66,1091,0.0009165902841429881
break,boot,1,67,1091,0.0009165902841429881
break,television,1,68,1091,0.0009165902841429881
break,battery,1,69,1091,0.0009165902841429881
break,bone,1,70,1091,0.0009165902841429881
break,vessel,1,71,1091,0.0009165902841429881
break,teacher,1,72,1091,0.0009165902841429881
break,a_lot_of,1,73,1091,0.0009165902841429881
break,bill,1,74,1091,0.0009165902841429881
break,sarah,1,75,1091,0.0009165902841429881
break,bicycle,1,76,1091,0.0009165902841429881
break,mother,1,77,1091,0.0009165902841429881
break,doggie,1,78,1091,0.0009165902841429881
break,kevin,1,79,1091,0.0009165902841429881
break,windshield,1,80,1091,0.0009165902841429881
break,wheelbarrow,1,81,1091,0.0009165902841429881
break,ball,1,82,1091,0.0009165902841429881
break,rabbit,1,83,1091,0.0009165902841429881
break,mom,1,84,1091,0.0009165902841429881
break,football,1,85,1091,0.0009165902841429881
break,tree,1,86,1091,0.0009165902841429881
break,whistle,1,87,1091,0.0009165902841429881
break,go,1,88,1091,0.0009165902841429881
break,limb,1,89,1091,0.0009165902841429881
break,belt,1,90,1091,0.0009165902841429881
break,sabato,1,91,1091,0.0009165902841429881
break,bus,1,92,1091,0.0009165902841429881
break,ornament,1,93,1091,0.0009165902841429881
break,player,1,94,1091,0.0009165902841429881
break,paul,1,95,1091,0.0009165902841429881
break,gun,1,96,1091,0.0009165902841429881
break,hose,1,97,1091,0.0009165902841429881
break,light,1,98,1091,0.0009165902841429881
break,refrigerator,1,99,1091,0.0009165902841429881
break,vader,1,100,1091,0.0009165902841429881
break,marky,1,101,1091,0.0009165902841429881
break,speeder,1,102,1091,0.0009165902841429881
break,our,1,103,1091,0.0009165902841429881
break,someone,1,104,1091,0.0009165902841429881
break,way,1,105,1091,0.0009165902841429881
break,whoa,1,106,1091,0.0009165902841429881
break,hunhunh,1,107,1091,0.0009165902841429881
break,sally,1,108,1091,0.0009165902841429881
break,julia,1,109,1091,0.0009165902841429881
break,nomi,1,110,1091,0.0009165902841429881
break,telephone,1,111,1091,0.0009165902841429881
break,joseph,1,112,1091,0.0009165902841429881
break,brit,1,113,1091,0.0009165902841429881
break,string,1,114,1091,0.0009165902841429881
break,cracker,1,115,1091,0.0009165902841429881
break,needle,1,116,1091,0.0009165902841429881
break,mummy,1,117,1091,0.0009165902841429881
break,engine,1,118,1091,0.0009165902841429881
break,horsie,1,119,1091,0.0009165902841429881
break,machine,1,120,1091,0.0009165902841429881
break,pipe,1,121,1091,0.0009165902841429881
break,sword,1,122,1091,0.0009165902841429881
break,doll,1,123,1091,0.0009165902841429881
break,baby,1,124,1091,0.0009165902841429881
break,so_that,1,125,1091,0.0009165902841429881
break,bottom,1,126,1091,0.0009165902841429881
break,spongebob,1,127,1091,0.0009165902841429881
break,yours,1,128,1091,0.0009165902841429881
break,cody,1,129,1091,0.0009165902841429881
break,camera,1,130,1091,0.0009165902841429881
break,window,1,131,1091,0.0009165902841429881
break,end,1,132,1091,0.0009165902841429881
break,water,1,133,1091,0.0009165902841429881
break,sticker,1,134,1091,0.0009165902841429881
break,bridge,1,135,1091,0.0009165902841429881
break,point,1,136,1091,0.0009165902841429881
break,voice,1,137,1091,0.0009165902841429881
break,board,1,138,1091,0.0009165902841429881
break,hasta,1,139,1091,0.0009165902841429881
break,ear,1,140,1091,0.0009165902841429881
break,joe,1,141,1091,0.0009165902841429881
break,eye,1,142,1091,0.0009165902841429881
break,bed,1,143,1091,0.0009165902841429881
live,you,171,1,1083,0.15789473684210525
live,they,155,2,1083,0.14312096029547552
live,he,109,3,1083,0.10064635272391505
live,who,105,4,1083,0.09695290858725762
live,elephant,78,5,1083,0.07202216066481995
live,we,56,6,1083,0.05170821791320406
live,i,52,7,1083,0.04801477377654663
live,she,41,8,1083,0.03785780240073869
live,that,23,9,1083,0.02123730378578024
live,hyrax,17,10,1083,0.01569713758079409
live,what,14,11,1083,0.012927054478301015
live,it,12,12,1083,0.0110803324099723
live,people,11,13,1083,0.010156971375807941
live,bat,8,14,1083,0.007386888273314866
live,dog,6,15,1083,0.00554016620498615
live,ant,6,16,1083,0.00554016620498615
live,grandma,5,17,1083,0.0046168051708217915
live,fish,5,18,1083,0.0046168051708217915
live,cow,5,19,1083,0.0046168051708217915
live,animal,5,20,1083,0.0046168051708217915
live,pig,4,21,1083,0.003693444136657433
live,rabbit,3,22,1083,0.002770083102493075
live,adam,3,23,1083,0.002770083102493075
live,mommy,3,24,1083,0.002770083102493075
live,birdie,3,25,1083,0.002770083102493075
live,oliver,3,26,1083,0.002770083102493075
live,duck,3,27,1083,0.002770083102493075
live,guy,3,28,1083,0.002770083102493075
live,crab,3,29,1083,0.002770083102493075
live,horsie,3,30,1083,0.002770083102493075
live,eel,3,31,1083,0.002770083102493075
live,zebra,3,32,1083,0.002770083102493075
live,crocodile,3,33,1083,0.002770083102493075
live,monkey,3,34,1083,0.002770083102493075
live,ivy,2,35,1083,0.0018467220683287165
live,bird,2,36,1083,0.0018467220683287165
live,friend,2,37,1083,0.0018467220683287165
live,peter,2,38,1083,0.0018467220683287165
live,david,2,39,1083,0.0018467220683287165
live,lion,2,40,1083,0.0018467220683287165
live,somebody,2,41,1083,0.0018467220683287165
live,car,2,42,1083,0.0018467220683287165
live,thing,2,43,1083,0.0018467220683287165
live,everybody,2,44,1083,0.0018467220683287165
live,cowboy,2,45,1083,0.0018467220683287165
live,santa,2,46,1083,0.0018467220683287165
live,gramma,2,47,1083,0.0018467220683287165
live,mouse,2,48,1083,0.0018467220683287165
live,horse,2,49,1083,0.0018467220683287165
live,one,2,50,1083,0.0018467220683287165
live,this,2,51,1083,0.0018467220683287165
live,wolf,2,52,1083,0.0018467220683287165
live,massio,2,53,1083,0.0018467220683287165
live,witch,2,54,1083,0.0018467220683287165
live,andrew,2,55,1083,0.0018467220683287165
live,dinosaur,2,56,1083,0.0018467220683287165
live,hyraxes,2,57,1083,0.0018467220683287165
live,lobster,2,58,1083,0.0018467220683287165
live,lala,2,59,1083,0.0018467220683287165
live,grandpa,1,60,1083,0.0009233610341643582
live,sister,1,61,1083,0.0009233610341643582
live,bear,1,62,1083,0.0009233610341643582
live,patsy,1,63,1083,0.0009233610341643582
live,lois,1,64,1083,0.0009233610341643582
live,jagsey,1,65,1083,0.0009233610341643582
live,ewww,1,66,1083,0.0009233610341643582
live,mwww,1,67,1083,0.0009233610341643582
live,cwww,1,68,1083,0.0009233610341643582
live,bunny+rabbit,1,69,1083,0.0009233610341643582
live,peter_rabbit,1,70,1083,0.0009233610341643582
live,genie,1,71,1083,0.0009233610341643582
live,neighbor,1,72,1083,0.0009233610341643582
live,kanga,1,73,1083,0.0009233610341643582
live,piglet,1,74,1083,0.0009233610341643582
live,nothing,1,75,1083,0.0009233610341643582
live,boy,1,76,1083,0.0009233610341643582
live,man,1,77,1083,0.0009233610341643582
live,indians,1,78,1083,0.0009233610341643582
live,mother,1,79,1083,0.0009233610341643582
live,ellie,1,80,1083,0.0009233610341643582
live,lady,1,81,1083,0.0009233610341643582
live,all,1,82,1083,0.0009233610341643582
live,robin,1,83,1083,0.0009233610341643582
live,father,1,84,1083,0.0009233610341643582
live,timothy,1,85,1083,0.0009233610341643582
live,whale,1,86,1083,0.0009233610341643582
live,skunks,1,87,1083,0.0009233610341643582
live,bunny,1,88,1083,0.0009233610341643582
live,robber,1,89,1083,0.0009233610341643582
live,marty,1,90,1083,0.0009233610341643582
live,huckle,1,91,1083,0.0009233610341643582
live,child,1,92,1083,0.0009233610341643582
live,kevin,1,93,1083,0.0009233610341643582
live,george,1,94,1083,0.0009233610341643582
live,hankey,1,95,1083,0.0009233610341643582
live,ana,1,96,1083,0.0009233610341643582
live,hippopotamus,1,97,1083,0.0009233610341643582
live,keeper,1,98,1083,0.0009233610341643582
live,mixer,1,99,1083,0.0009233610341643582
live,seal,1,100,1083,0.0009233610341643582
live,sheep,1,101,1083,0.0009233610341643582
live,some,1,102,1083,0.0009233610341643582
live,terra,1,103,1083,0.0009233610341643582
live,googey,1,104,1083,0.0009233610341643582
live,elf,1,105,1083,0.0009233610341643582
live,giant,1,106,1083,0.0009233610341643582
live,sis,1,107,1083,0.0009233610341643582
live,god,1,108,1083,0.0009233610341643582
live,pooh,1,109,1083,0.0009233610341643582
live,grandmother,1,110,1083,0.0009233610341643582
live,nana,1,111,1083,0.0009233610341643582
live,javier,1,112,1083,0.0009233610341643582
live,cou,1,113,1083,0.0009233610341643582
live,place,1,114,1083,0.0009233610341643582
live,cinderella,1,115,1083,0.0009233610341643582
live,walrus,1,116,1083,0.0009233610341643582
live,robin_hood,1,117,1083,0.0009233610341643582
live,buddy,1,118,1083,0.0009233610341643582
live,jason,1,119,1083,0.0009233610341643582
live,kurt,1,120,1083,0.0009233610341643582
live,girl,1,121,1083,0.0009233610341643582
live,donny,1,122,1083,0.0009233610341643582
live,dee_dee,1,123,1083,0.0009233610341643582
live,oscar,1,124,1083,0.0009233610341643582
live,beaver,1,125,1083,0.0009233610341643582
live,lot,1,126,1083,0.0009233610341643582
live,baby,1,127,1083,0.0009233610341643582
live,princess,1,128,1083,0.0009233610341643582
live,yvonne,1,129,1083,0.0009233610341643582
live,daddy,1,130,1083,0.0009233610341643582
live,joe,1,131,1083,0.0009233610341643582
live,themselves,1,132,1083,0.0009233610341643582
live,nicholas,1,133,1083,0.0009233610341643582
live,linda,1,134,1083,0.0009233610341643582
live,karen,1,135,1083,0.0009233610341643582
live,marilee,1,136,1083,0.0009233610341643582
live,betta,1,137,1083,0.0009233610341643582
live,miriam,1,138,1083,0.0009233610341643582
live,dino,1,139,1083,0.0009233610341643582
live,investigator,1,140,1083,0.0009233610341643582
live,lalalilk,1,141,1083,0.0009233610341643582
live,aunt_irene,1,142,1083,0.0009233610341643582
live,uncle_ryan,1,143,1083,0.0009233610341643582
live,cathy,1,144,1083,0.0009233610341643582
live,spencer,1,145,1083,0.0009233610341643582
live,snoopy,1,146,1083,0.0009233610341643582
live,squirrel,1,147,1083,0.0009233610341643582
live,little,1,148,1083,0.0009233610341643582
live,go,1,149,1083,0.0009233610341643582
live,area,1,150,1083,0.0009233610341643582
live,spider,1,151,1083,0.0009233610341643582
live,bambi,1,152,1083,0.0009233610341643582
live,woebegone,1,153,1083,0.0009233610341643582
live,clifford,1,154,1083,0.0009233610341643582
live,tony,1,155,1083,0.0009233610341643582
live,hasta,1,156,1083,0.0009233610341643582
live,dollar,1,157,1083,0.0009233610341643582
live,goat,1,158,1083,0.0009233610341643582
live,lee,1,159,1083,0.0009233610341643582
live,adrienne,1,160,1083,0.0009233610341643582
live,brother,1,161,1083,0.0009233610341643582
live,meike,1,162,1083,0.0009233610341643582
live,woman,1,163,1083,0.0009233610341643582
live,bobby,1,164,1083,0.0009233610341643582
live,dumbo,1,165,1083,0.0009233610341643582
build,you,320,1,1081,0.2960222016651249
build,he,199,2,1081,0.18408880666049954
build,we,173,3,1081,0.16003700277520813
build,i,126,4,1081,0.11655874190564293
build,us,71,5,1081,0.06567992599444958
build,they,42,6,1081,0.03885291396854764
build,wanna,23,7,1081,0.02127659574468085
build,she,22,8,1081,0.020351526364477335
build,mommy,19,9,1081,0.01757631822386679
build,who,11,10,1081,0.010175763182238668
build,daddy,5,11,1081,0.004625346901017576
build,it,4,12,1081,0.0037002775208140612
build,boy,3,13,1081,0.0027752081406105457
build,wan,3,14,1081,0.0027752081406105457
build,mama,3,15,1081,0.0027752081406105457
build,grandpa,3,16,1081,0.0027752081406105457
build,miffy,2,17,1081,0.0018501387604070306
build,ya,2,18,1081,0.0018501387604070306
build,people,2,19,1081,0.0018501387604070306
build,those,2,20,1081,0.0018501387604070306
build,someone,2,21,1081,0.0018501387604070306
build,worker,2,22,1081,0.0018501387604070306
build,everybody,2,23,1081,0.0018501387604070306
build,linda,2,24,1081,0.0018501387604070306
build,ryan,2,25,1081,0.0018501387604070306
build,eric,1,26,1081,0.0009250693802035153
build,patsy,1,27,1081,0.0009250693802035153
build,child,1,28,1081,0.0009250693802035153
build,lemme,1,29,1081,0.0009250693802035153
build,henry,1,30,1081,0.0009250693802035153
build,davis,1,31,1081,0.0009250693802035153
build,ant,1,32,1081,0.0009250693802035153
build,katie,1,33,1081,0.0009250693802035153
build,mamma,1,34,1081,0.0009250693802035153
build,world,1,35,1081,0.0009250693802035153
build,dog,1,36,1081,0.0009250693802035153
build,father,1,37,1081,0.0009250693802035153
build,pooh,1,38,1081,0.0009250693802035153
build,pippin,1,39,1081,0.0009250693802035153
build,policeman,1,40,1081,0.0009250693802035153
build,somebody,1,41,1081,0.0009250693802035153
build,rabby,1,42,1081,0.0009250693802035153
build,melissa,1,43,1081,0.0009250693802035153
build,bug,1,44,1081,0.0009250693802035153
build,pen,1,45,1081,0.0009250693802035153
build,horsie,1,46,1081,0.0009250693802035153
build,chip,1,47,1081,0.0009250693802035153
build,thomas,1,48,1081,0.0009250693802035153
build,one,1,49,1081,0.0009250693802035153
build,anything,1,50,1081,0.0009250693802035153
build,mom,1,51,1081,0.0009250693802035153
build,noah,1,52,1081,0.0009250693802035153
build,grammy,1,53,1081,0.0009250693802035153
build,roman,1,54,1081,0.0009250693802035153
build,that,1,55,1081,0.0009250693802035153
build,juice,1,56,1081,0.0009250693802035153
build,be,1,57,1081,0.0009250693802035153
build,track,1,58,1081,0.0009250693802035153
build,lisa,1,59,1081,0.0009250693802035153
build,jay,1,60,1081,0.0009250693802035153
build,two,1,61,1081,0.0009250693802035153
move,you,220,1,1047,0.21012416427889208
move,i,162,2,1047,0.15472779369627507
move,it,115,3,1047,0.10983763132760267
move,we,111,4,1047,0.10601719197707736
move,us,67,5,1047,0.06399235912129896
move,he,59,6,1047,0.05635148042024833
move,they,55,7,1047,0.05253104106972302
move,she,21,8,1047,0.02005730659025788
move,that,17,9,1047,0.01623686723973257
move,truck,11,10,1047,0.010506208213944603
move,mommy,10,11,1047,0.009551098376313277
move,eye,9,12,1047,0.008595988538681949
move,head,6,13,1047,0.0057306590257879654
move,mouth,6,14,1047,0.0057306590257879654
move,needle,5,15,1047,0.004775549188156638
move,lemme,5,16,1047,0.004775549188156638
move,car,5,17,1047,0.004775549188156638
move,one,5,18,1047,0.004775549188156638
move,daddy,4,19,1047,0.0038204393505253103
move,curtain,4,20,1047,0.0038204393505253103
move,person,4,21,1047,0.0038204393505253103
move,this,3,22,1047,0.0028653295128939827
move,thing,3,23,1047,0.0028653295128939827
move,chair,3,24,1047,0.0028653295128939827
move,what,3,25,1047,0.0028653295128939827
move,cloud,3,26,1047,0.0028653295128939827
move,leg,3,27,1047,0.0028653295128939827
move,cassandra,3,28,1047,0.0028653295128939827
move,who,3,29,1047,0.0028653295128939827
move,zoo,3,30,1047,0.0028653295128939827
move,jason,3,31,1047,0.0028653295128939827
move,something,2,32,1047,0.0019102196752626551
move,wind,2,33,1047,0.0019102196752626551
move,jeremy,2,34,1047,0.0019102196752626551
move,hasta,2,35,1047,0.0019102196752626551
move,these,2,36,1047,0.0019102196752626551
move,somebody,2,37,1047,0.0019102196752626551
move,firstname,2,38,1047,0.0019102196752626551
move,arm,2,39,1047,0.0019102196752626551
move,light,2,40,1047,0.0019102196752626551
move,wanna,2,41,1047,0.0019102196752626551
move,toe,2,42,1047,0.0019102196752626551
move,no,2,43,1047,0.0019102196752626551
move,father,2,44,1047,0.0019102196752626551
move,trunk,2,45,1047,0.0019102196752626551
move,nose,2,46,1047,0.0019102196752626551
move,someone,2,47,1047,0.0019102196752626551
move,frog,2,48,1047,0.0019102196752626551
move,william,2,49,1047,0.0019102196752626551
move,awww,1,50,1047,0.0009551098376313276
move,look,1,51,1047,0.0009551098376313276
move,dillon,1,52,1047,0.0009551098376313276
move,hafta,1,53,1047,0.0009551098376313276
move,tree,1,54,1047,0.0009551098376313276
move,cromer,1,55,1047,0.0009551098376313276
move,mommy'll,1,56,1047,0.0009551098376313276
move,jo_anne,1,57,1047,0.0009551098376313276
move,girl,1,58,1047,0.0009551098376313276
move,arrow,1,59,1047,0.0009551098376313276
move,statue,1,60,1047,0.0009551098376313276
move,hair,1,61,1047,0.0009551098376313276
move,sites,1,62,1047,0.0009551098376313276
move,let,1,63,1047,0.0009551098376313276
move,grader,1,64,1047,0.0009551098376313276
move,sarah,1,65,1047,0.0009551098376313276
move,go,1,66,1047,0.0009551098376313276
move,neither,1,67,1047,0.0009551098376313276
move,chi,1,68,1047,0.0009551098376313276
move,jaw,1,69,1047,0.0009551098376313276
move,sweetheart,1,70,1047,0.0009551098376313276
move,sister,1,71,1047,0.0009551098376313276
move,neighbor,1,72,1047,0.0009551098376313276
move,time,1,73,1047,0.0009551098376313276
move,everything,1,74,1047,0.0009551098376313276
move,cousin,1,75,1047,0.0009551098376313276
move,mover,1,76,1047,0.0009551098376313276
move,lassie,1,77,1047,0.0009551098376313276
move,boat,1,78,1047,0.0009551098376313276
move,kenny,1,79,1047,0.0009551098376313276
move,patch,1,80,1047,0.0009551098376313276
move,neck,1,81,1047,0.0009551098376313276
move,bro,1,82,1047,0.0009551098376313276
move,grandpa,1,83,1047,0.0009551098376313276
move,chrysanthemums,1,84,1047,0.0009551098376313276
move,blind,1,85,1047,0.0009551098376313276
move,lou,1,86,1047,0.0009551098376313276
move,lisa,1,87,1047,0.0009551098376313276
move,animal,1,88,1047,0.0009551098376313276
move,belt,1,89,1047,0.0009551098376313276
move,hat,1,90,1047,0.0009551098376313276
move,sloth,1,91,1047,0.0009551098376313276
move,face,1,92,1047,0.0009551098376313276
move,baaee,1,93,1047,0.0009551098376313276
move,song,1,94,1047,0.0009551098376313276
move,dingo,1,95,1047,0.0009551098376313276
move,most,1,96,1047,0.0009551098376313276
move,machine,1,97,1047,0.0009551098376313276
move,show,1,98,1047,0.0009551098376313276
move,wheel,1,99,1047,0.0009551098376313276
move,hand,1,100,1047,0.0009551098376313276
move,eyeball,1,101,1047,0.0009551098376313276
move,picture,1,102,1047,0.0009551098376313276
move,game,1,103,1047,0.0009551098376313276
move,isabella,1,104,1047,0.0009551098376313276
move,nobody,1,105,1047,0.0009551098376313276
move,people,1,106,1047,0.0009551098376313276
move,chris,1,107,1047,0.0009551098376313276
move,ryan,1,108,1047,0.0009551098376313276
move,skeleton,1,109,1047,0.0009551098376313276
move,uhhuh,1,110,1047,0.0009551098376313276
move,child,1,111,1047,0.0009551098376313276
move,takisha,1,112,1047,0.0009551098376313276
move,ship,1,113,1047,0.0009551098376313276
move,boy,1,114,1047,0.0009551098376313276
move,cow,1,115,1047,0.0009551098376313276
move,foot,1,116,1047,0.0009551098376313276
move,red,1,117,1047,0.0009551098376313276
move,lady,1,118,1047,0.0009551098376313276
move,patrick,1,119,1047,0.0009551098376313276
move,tisha,1,120,1047,0.0009551098376313276
move,listen,1,121,1047,0.0009551098376313276
move,danny,1,122,1047,0.0009551098376313276
move,everybody,1,123,1047,0.0009551098376313276
move,chain,1,124,1047,0.0009551098376313276
move,kayode,1,125,1047,0.0009551098376313276
move,graeme,1,126,1047,0.0009551098376313276
move,matthew,1,127,1047,0.0009551098376313276
move,charlene,1,128,1047,0.0009551098376313276
move,piece,1,129,1047,0.0009551098376313276
watch,you,389,1,1043,0.37296260786193675
watch,i,155,2,1043,0.1486097794822627
watch,we,107,3,1043,0.10258868648130393
watch,he,59,4,1043,0.05656759348034516
watch,who,50,5,1043,0.04793863854266539
watch,they,40,6,1043,0.038350910834132314
watch,she,33,7,1043,0.031639501438159155
watch,us,16,8,1043,0.015340364333652923
watch,it,14,9,1043,0.013422818791946308
watch,mama,14,10,1043,0.013422818791946308
watch,cat,6,11,1043,0.005752636625119847
watch,wanna,6,12,1043,0.005752636625119847
watch,mommy,5,13,1043,0.004793863854266539
watch,someone,5,14,1043,0.004793863854266539
watch,chi,5,15,1043,0.004793863854266539
watch,stop,5,16,1043,0.004793863854266539
watch,everybody,4,17,1043,0.003835091083413231
watch,animal,4,18,1043,0.003835091083413231
watch,kid,3,19,1043,0.0028763183125599234
watch,what,3,20,1043,0.0028763183125599234
watch,kitty,3,21,1043,0.0028763183125599234
watch,cow,3,22,1043,0.0028763183125599234
watch,bunny,3,23,1043,0.0028763183125599234
watch,this,3,24,1043,0.0028763183125599234
watch,joseph,3,25,1043,0.0028763183125599234
watch,wrist,3,26,1043,0.0028763183125599234
watch,tisha,2,27,1043,0.0019175455417066154
watch,uhoh,2,28,1043,0.0019175455417066154
watch,firstname,2,29,1043,0.0019175455417066154
watch,nobody,2,30,1043,0.0019175455417066154
watch,that,2,31,1043,0.0019175455417066154
watch,puppy,2,32,1043,0.0019175455417066154
watch,melissa,2,33,1043,0.0019175455417066154
watch,sally,2,34,1043,0.0019175455417066154
watch,girl,2,35,1043,0.0019175455417066154
watch,useta,2,36,1043,0.0019175455417066154
watch,kayode,2,37,1043,0.0019175455417066154
watch,yourself,2,38,1043,0.0019175455417066154
watch,anybody,1,39,1043,0.0009587727708533077
watch,jenny,1,40,1043,0.0009587727708533077
watch,baby,1,41,1043,0.0009587727708533077
watch,peter,1,42,1043,0.0009587727708533077
watch,laura,1,43,1043,0.0009587727708533077
watch,morgan,1,44,1043,0.0009587727708533077
watch,angel,1,45,1043,0.0009587727708533077
watch,henry,1,46,1043,0.0009587727708533077
watch,paul,1,47,1043,0.0009587727708533077
watch,sarah,1,48,1043,0.0009587727708533077
watch,thumb,1,49,1043,0.0009587727708533077
watch,open,1,50,1043,0.0009587727708533077
watch,worm,1,51,1043,0.0009587727708533077
watch,ranger,1,52,1043,0.0009587727708533077
watch,mickey,1,53,1043,0.0009587727708533077
watch,dog,1,54,1043,0.0009587727708533077
watch,rachi,1,55,1043,0.0009587727708533077
watch,olivia,1,56,1043,0.0009587727708533077
watch,patricia,1,57,1043,0.0009587727708533077
watch,swamp,1,58,1043,0.0009587727708533077
watch,wan,1,59,1043,0.0009587727708533077
watch,lucifer,1,60,1043,0.0009587727708533077
watch,investigator,1,61,1043,0.0009587727708533077
watch,angela,1,62,1043,0.0009587727708533077
watch,two,1,63,1043,0.0009587727708533077
watch,mouse,1,64,1043,0.0009587727708533077
watch,guest,1,65,1043,0.0009587727708533077
watch,kitten,1,66,1043,0.0009587727708533077
watch,donald,1,67,1043,0.0009587727708533077
watch,franny,1,68,1043,0.0009587727708533077
watch,show,1,69,1043,0.0009587727708533077
watch,lassie,1,70,1043,0.0009587727708533077
watch,timmy,1,71,1043,0.0009587727708533077
watch,billy,1,72,1043,0.0009587727708533077
watch,bruins,1,73,1043,0.0009587727708533077
watch,grand,1,74,1043,0.0009587727708533077
watch,boy,1,75,1043,0.0009587727708533077
watch,jean,1,76,1043,0.0009587727708533077
watch,marky,1,77,1043,0.0009587727708533077
watch,hasta,1,78,1043,0.0009587727708533077
watch,somebody,1,79,1043,0.0009587727708533077
watch,mom,1,80,1043,0.0009587727708533077
watch,camera,1,81,1043,0.0009587727708533077
watch,doll,1,82,1043,0.0009587727708533077
watch,lookee,1,83,1043,0.0009587727708533077
watch,kalie,1,84,1043,0.0009587727708533077
watch,travis,1,85,1043,0.0009587727708533077
watch,car,1,86,1043,0.0009587727708533077
watch,whoop,1,87,1043,0.0009587727708533077
watch,barber,1,88,1043,0.0009587727708533077
watch,thomas,1,89,1043,0.0009587727708533077
watch,catherine,1,90,1043,0.0009587727708533077
watch,charlie,1,91,1043,0.0009587727708533077
watch,melloan,1,92,1043,0.0009587727708533077
watch,oop,1,93,1043,0.0009587727708533077
watch,erica,1,94,1043,0.0009587727708533077
watch,sar,1,95,1043,0.0009587727708533077
watch,bert,1,96,1043,0.0009587727708533077
watch,yeh,1,97,1043,0.0009587727708533077
watch,god,1,98,1043,0.0009587727708533077
watch,babysitter,1,99,1043,0.0009587727708533077
watch,matty,1,100,1043,0.0009587727708533077
watch,lady,1,101,1043,0.0009587727708533077
watch,guy,1,102,1043,0.0009587727708533077
watch,leave,1,103,1043,0.0009587727708533077
watch,roman,1,104,1043,0.0009587727708533077
watch,hand,1,105,1043,0.0009587727708533077
watch,father,1,106,1043,0.0009587727708533077
watch,david,1,107,1043,0.0009587727708533077
watch,everyone,1,108,1043,0.0009587727708533077
watch,man,1,109,1043,0.0009587727708533077
watch,keisha,1,110,1043,0.0009587727708533077
watch,robert,1,111,1043,0.0009587727708533077
watch,gregory,1,112,1043,0.0009587727708533077
watch,robbie,1,113,1043,0.0009587727708533077
watch,daddy,1,114,1043,0.0009587727708533077
watch,bobby,1,115,1043,0.0009587727708533077
watch,hafta,1,116,1043,0.0009587727708533077
draw,you,554,1,1042,0.5316698656429942
draw,i,220,2,1042,0.21113243761996162
draw,we,67,3,1042,0.06429942418426103
draw,wanna,34,4,1042,0.03262955854126679
draw,us,29,5,1042,0.02783109404990403
draw,he,26,6,1042,0.02495201535508637
draw,she,18,7,1042,0.01727447216890595
draw,mommy,11,8,1042,0.01055662188099808
draw,they,7,9,1042,0.0067178502879078695
draw,who,7,10,1042,0.0067178502879078695
draw,somebody,6,11,1042,0.005758157389635317
draw,rachel,4,12,1042,0.003838771593090211
draw,it,3,13,1042,0.0028790786948176585
draw,nomi,3,14,1042,0.0028790786948176585
draw,lois,2,15,1042,0.0019193857965451055
draw,nat,2,16,1042,0.0019193857965451055
draw,baby_donald,2,17,1042,0.0019193857965451055
draw,people,2,18,1042,0.0019193857965451055
draw,ya,2,19,1042,0.0019193857965451055
draw,this,2,20,1042,0.0019193857965451055
draw,benjamin,2,21,1042,0.0019193857965451055
draw,nina,2,22,1042,0.0019193857965451055
draw,betta,2,23,1042,0.0019193857965451055
draw,someone,2,24,1042,0.0019193857965451055
draw,let,2,25,1042,0.0019193857965451055
draw,spider,2,26,1042,0.0019193857965451055
draw,no,1,27,1042,0.0009596928982725527
draw,what,1,28,1042,0.0009596928982725527
draw,ann_marie,1,29,1042,0.0009596928982725527
draw,daddy,1,30,1042,0.0009596928982725527
draw,em,1,31,1042,0.0009596928982725527
draw,bug,1,32,1042,0.0009596928982725527
draw,drape,1,33,1042,0.0009596928982725527
draw,mama,1,34,1042,0.0009596928982725527
draw,andrew,1,35,1042,0.0009596928982725527
draw,thing,1,36,1042,0.0009596928982725527
draw,oughta,1,37,1042,0.0009596928982725527
draw,all,1,38,1042,0.0009596928982725527
draw,nathan,1,39,1042,0.0009596928982725527
draw,brittany,1,40,1042,0.0009596928982725527
draw,scarry,1,41,1042,0.0009596928982725527
draw,doctor,1,42,1042,0.0009596928982725527
draw,halloween,1,43,1042,0.0009596928982725527
draw,ryan,1,44,1042,0.0009596928982725527
draw,mark,1,45,1042,0.0009596928982725527
draw,jenell,1,46,1042,0.0009596928982725527
draw,pencil,1,47,1042,0.0009596928982725527
draw,jilly,1,48,1042,0.0009596928982725527
draw,mom,1,49,1042,0.0009596928982725527
draw,chair,1,50,1042,0.0009596928982725527
draw,kind_of,1,51,1042,0.0009596928982725527
draw,karen,1,52,1042,0.0009596928982725527
draw,sophie,1,53,1042,0.0009596928982725527
draw,artist,1,54,1042,0.0009596928982725527
draw,some,1,55,1042,0.0009596928982725527
sleep,you,250,1,1025,0.24390243902439024
sleep,he,187,2,1025,0.1824390243902439
sleep,they,95,3,1025,0.09268292682926829
sleep,she,86,4,1025,0.08390243902439025
sleep,i,53,5,1025,0.05170731707317073
sleep,who,34,6,1025,0.033170731707317075
sleep,baby,32,7,1025,0.03121951219512195
sleep,bunny,31,8,1025,0.03024390243902439
sleep,we,22,9,1025,0.021463414634146343
sleep,dog,8,10,1025,0.007804878048780488
sleep,mommy,8,11,1025,0.007804878048780488
sleep,bear,8,12,1025,0.007804878048780488
sleep,everybody,7,13,1025,0.006829268292682927
sleep,people,7,14,1025,0.006829268292682927
sleep,it,6,15,1025,0.005853658536585366
sleep,daddy,6,16,1025,0.005853658536585366
sleep,guy,6,17,1025,0.005853658536585366
sleep,boy,5,18,1025,0.004878048780487805
sleep,roman,5,19,1025,0.004878048780487805
sleep,cat,4,20,1025,0.003902439024390244
sleep,man,4,21,1025,0.003902439024390244
sleep,kitty,4,22,1025,0.003902439024390244
sleep,girl,4,23,1025,0.003902439024390244
sleep,everyone,3,24,1025,0.002926829268292683
sleep,hen,3,25,1025,0.002926829268292683
sleep,owl,3,26,1025,0.002926829268292683
sleep,somebody,3,27,1025,0.002926829268292683
sleep,bat,3,28,1025,0.002926829268292683
sleep,what,3,29,1025,0.002926829268292683
sleep,nina,3,30,1025,0.002926829268292683
sleep,rabbit,2,31,1025,0.001951219512195122
sleep,lot,2,32,1025,0.001951219512195122
sleep,horse,2,33,1025,0.001951219512195122
sleep,jenny,2,34,1025,0.001951219512195122
sleep,timmy,2,35,1025,0.001951219512195122
sleep,cowboy,2,36,1025,0.001951219512195122
sleep,sarah,2,37,1025,0.001951219512195122
sleep,mike,2,38,1025,0.001951219512195122
sleep,some,2,39,1025,0.001951219512195122
sleep,oscar,2,40,1025,0.001951219512195122
sleep,shari,2,41,1025,0.001951219512195122
sleep,animal,2,42,1025,0.001951219512195122
sleep,kitten,2,43,1025,0.001951219512195122
sleep,horsie,2,44,1025,0.001951219512195122
sleep,that,2,45,1025,0.001951219512195122
sleep,kid,2,46,1025,0.001951219512195122
sleep,indians,2,47,1025,0.001951219512195122
sleep,moon,2,48,1025,0.001951219512195122
sleep,piggie,2,49,1025,0.001951219512195122
sleep,georgie,2,50,1025,0.001951219512195122
sleep,doll,2,51,1025,0.001951219512195122
sleep,wolf,2,52,1025,0.001951219512195122
sleep,one,2,53,1025,0.001951219512195122
sleep,tammy,1,54,1025,0.000975609756097561
sleep,bed,1,55,1025,0.000975609756097561
sleep,swww,1,56,1025,0.000975609756097561
sleep,mwww,1,57,1025,0.000975609756097561
sleep,jwww,1,58,1025,0.000975609756097561
sleep,gumby,1,59,1025,0.000975609756097561
sleep,us,1,60,1025,0.000975609756097561
sleep,ethan,1,61,1025,0.000975609756097561
sleep,sean,1,62,1025,0.000975609756097561
sleep,go,1,63,1025,0.000975609756097561
sleep,dad,1,64,1025,0.000975609756097561
sleep,binkie,1,65,1025,0.000975609756097561
sleep,adam,1,66,1025,0.000975609756097561
sleep,paul,1,67,1025,0.000975609756097561
sleep,home,1,68,1025,0.000975609756097561
sleep,eve'll,1,69,1025,0.000975609756097561
sleep,becky,1,70,1025,0.000975609756097561
sleep,ya,1,71,1025,0.000975609756097561
sleep,chantilly,1,72,1025,0.000975609756097561
sleep,pigeon,1,73,1025,0.000975609756097561
sleep,moth,1,74,1025,0.000975609756097561
sleep,seal,1,75,1025,0.000975609756097561
sleep,crane,1,76,1025,0.000975609756097561
sleep,cricket,1,77,1025,0.000975609756097561
sleep,doggie,1,78,1025,0.000975609756097561
sleep,nobody,1,79,1025,0.000975609756097561
sleep,kevin,1,80,1025,0.000975609756097561
sleep,em,1,81,1025,0.000975609756097561
sleep,mickey,1,82,1025,0.000975609756097561
sleep,sharon,1,83,1025,0.000975609756097561
sleep,mouse,1,84,1025,0.000975609756097561
sleep,silky,1,85,1025,0.000975609756097561
sleep,ronny,1,86,1025,0.000975609756097561
sleep,rest,1,87,1025,0.000975609756097561
sleep,chi,1,88,1025,0.000975609756097561
sleep,groundhog,1,89,1025,0.000975609756097561
sleep,skunk,1,90,1025,0.000975609756097561
sleep,calf,1,91,1025,0.000975609756097561
sleep,grover,1,92,1025,0.000975609756097561
sleep,mother,1,93,1025,0.000975609756097561
sleep,megan,1,94,1025,0.000975609756097561
sleep,useta,1,95,1025,0.000975609756097561
sleep,michael,1,96,1025,0.000975609756097561
sleep,matthew,1,97,1025,0.000975609756097561
sleep,ducky,1,98,1025,0.000975609756097561
sleep,sherry,1,99,1025,0.000975609756097561
sleep,tiger,1,100,1025,0.000975609756097561
sleep,frannie,1,101,1025,0.000975609756097561
sleep,rat,1,102,1025,0.000975609756097561
sleep,rabbie,1,103,1025,0.000975609756097561
sleep,bird,1,104,1025,0.000975609756097561
sleep,pony,1,105,1025,0.000975609756097561
sleep,kit,1,106,1025,0.000975609756097561
sleep,sandy,1,107,1025,0.000975609756097561
sleep,ann,1,108,1025,0.000975609756097561
sleep,agra,1,109,1025,0.000975609756097561
sleep,all,1,110,1025,0.000975609756097561
sleep,nathaniel,1,111,1025,0.000975609756097561
sleep,rock,1,112,1025,0.000975609756097561
sleep,doggy,1,113,1025,0.000975609756097561
sleep,needta,1,114,1025,0.000975609756097561
sleep,ari,1,115,1025,0.000975609756097561
sleep,snoopy,1,116,1025,0.000975609756097561
sleep,father,1,117,1025,0.000975609756097561
sleep,wanna,1,118,1025,0.000975609756097561
sleep,spencer,1,119,1025,0.000975609756097561
sleep,dolly,1,120,1025,0.000975609756097561
sleep,lady,1,121,1025,0.000975609756097561
sleep,farmer,1,122,1025,0.000975609756097561
sleep,hasta,1,123,1025,0.000975609756097561
sleep,james,1,124,1025,0.000975609756097561
sleep,bert,1,125,1025,0.000975609756097561
sleep,momma,1,126,1025,0.000975609756097561
sleep,book,1,127,1025,0.000975609756097561
sleep,wheel,1,128,1025,0.000975609756097561
sleep,lion,1,129,1025,0.000975609756097561
sleep,someone,1,130,1025,0.000975609756097561
sleep,both,1,131,1025,0.000975609756097561
sleep,child,1,132,1025,0.000975609756097561
sleep,dinosaur,1,133,1025,0.000975609756097561
sleep,person,1,134,1025,0.000975609756097561
sleep,museum,1,135,1025,0.000975609756097561
sleep,harry,1,136,1025,0.000975609756097561
sleep,david,1,137,1025,0.000975609756097561
sleep,dumbo,1,138,1025,0.000975609756097561
sleep,kim,1,139,1025,0.000975609756097561
sing,you,465,1,1010,0.4603960396039604
sing,we,99,2,1010,0.09801980198019802
sing,i,96,3,1010,0.09504950495049505
sing,she,48,4,1010,0.047524752475247525
sing,he,47,5,1010,0.046534653465346534
sing,they,38,6,1010,0.03762376237623762
sing,us,32,7,1010,0.031683168316831684
sing,who,17,8,1010,0.016831683168316833
sing,wanna,13,9,1010,0.01287128712871287
sing,it,12,10,1010,0.011881188118811881
sing,bird,8,11,1010,0.007920792079207921
sing,everybody,7,12,1010,0.006930693069306931
sing,mommy,7,13,1010,0.006930693069306931
sing,that,6,14,1010,0.005940594059405941
sing,chi,6,15,1010,0.005940594059405941
sing,nathaniel,6,16,1010,0.005940594059405941
sing,lady,6,17,1010,0.005940594059405941
sing,ya,5,18,1010,0.0049504950495049506
sing,child,4,19,1010,0.0039603960396039604
sing,daddy,4,20,1010,0.0039603960396039604
sing,pant,3,21,1010,0.0029702970297029703
sing,mellason,3,22,1010,0.0029702970297029703
sing,mummy,3,23,1010,0.0029702970297029703
sing,thing,3,24,1010,0.0029702970297029703
sing,somebody,2,25,1010,0.0019801980198019802
sing,laura,2,26,1010,0.0019801980198019802
sing,mockingbird,2,27,1010,0.0019801980198019802
sing,elmo,2,28,1010,0.0019801980198019802
sing,one,2,29,1010,0.0019801980198019802
sing,michael,2,30,1010,0.0019801980198019802
sing,nobody,2,31,1010,0.0019801980198019802
sing,time,2,32,1010,0.0019801980198019802
sing,song,2,33,1010,0.0019801980198019802
sing,yourself,2,34,1010,0.0019801980198019802
sing,people,2,35,1010,0.0019801980198019802
sing,baaee,2,36,1010,0.0019801980198019802
sing,lois,1,37,1010,0.0009900990099009901
sing,jwww,1,38,1010,0.0009900990099009901
sing,lot,1,39,1010,0.0009900990099009901
sing,someone,1,40,1010,0.0009900990099009901
sing,friend,1,41,1010,0.0009900990099009901
sing,animal,1,42,1010,0.0009900990099009901
sing,jaylen,1,43,1010,0.0009900990099009901
sing,sister,1,44,1010,0.0009900990099009901
sing,dyeisha,1,45,1010,0.0009900990099009901
sing,play,1,46,1010,0.0009900990099009901
sing,sarah,1,47,1010,0.0009900990099009901
sing,beatles,1,48,1010,0.0009900990099009901
sing,birthday,1,49,1010,0.0009900990099009901
sing,bout,1,50,1010,0.0009900990099009901
sing,tweet,1,51,1010,0.0009900990099009901
sing,shayla,1,52,1010,0.0009900990099009901
sing,pooh,1,53,1010,0.0009900990099009901
sing,cloud,1,54,1010,0.0009900990099009901
sing,mama,1,55,1010,0.0009900990099009901
sing,guy,1,56,1010,0.0009900990099009901
sing,kid,1,57,1010,0.0009900990099009901
sing,no,1,58,1010,0.0009900990099009901
sing,hiho,1,59,1010,0.0009900990099009901
sing,tucker,1,60,1010,0.0009900990099009901
sing,angel,1,61,1010,0.0009900990099009901
sing,dad,1,62,1010,0.0009900990099009901
sing,abe,1,63,1010,0.0009900990099009901
sing,dabee,1,64,1010,0.0009900990099009901
sing,f,1,65,1010,0.0009900990099009901
sing,uhhum,1,66,1010,0.0009900990099009901
sing,birdie,1,67,1010,0.0009900990099009901
sing,nomi,1,68,1010,0.0009900990099009901
sing,jig_a_jug_a_le,1,69,1010,0.0009900990099009901
sing,donkey,1,70,1010,0.0009900990099009901
sing,nina,1,71,1010,0.0009900990099009901
sing,yours,1,72,1010,0.0009900990099009901
sing,sposta,1,73,1010,0.0009900990099009901
sing,mother,1,74,1010,0.0009900990099009901
sing,spider,1,75,1010,0.0009900990099009901
sing,teacher,1,76,1010,0.0009900990099009901
sing,let,1,77,1010,0.0009900990099009901
sing,this,1,78,1010,0.0009900990099009901
sing,door,1,79,1010,0.0009900990099009901
sing,cmon,1,80,1010,0.0009900990099009901
sing,kip,1,81,1010,0.0009900990099009901
sing,patrick,1,82,1010,0.0009900990099009901
sing,james_brown,1,83,1010,0.0009900990099009901
sing,roland,1,84,1010,0.0009900990099009901
wait,you,328,1,975,0.3364102564102564
wait,i,185,2,975,0.18974358974358974
wait,we,183,3,975,0.18769230769230769
wait,he,40,4,975,0.041025641025641026
wait,us,32,5,975,0.03282051282051282
wait,they,29,6,975,0.029743589743589743
wait,she,20,7,975,0.020512820512820513
wait,it,11,8,975,0.011282051282051283
wait,chi,10,9,975,0.010256410256410256
wait,katy,9,10,975,0.009230769230769232
wait,who,5,11,975,0.005128205128205128
wait,mommy,3,12,975,0.003076923076923077
wait,what,3,13,975,0.003076923076923077
wait,everybody,3,14,975,0.003076923076923077
wait,nathaniel,3,15,975,0.003076923076923077
wait,hafta,2,16,975,0.0020512820512820513
wait,that,2,17,975,0.0020512820512820513
wait,shem,2,18,975,0.0020512820512820513
wait,people,2,19,975,0.0020512820512820513
wait,wait,2,20,975,0.0020512820512820513
wait,this,2,21,975,0.0020512820512820513
wait,whoop,2,22,975,0.0020512820512820513
wait,shh,2,23,975,0.0020512820512820513
wait,supper,2,24,975,0.0020512820512820513
wait,hasta,2,25,975,0.0020512820512820513
wait,goldfish,2,26,975,0.0020512820512820513
wait,wanna,2,27,975,0.0020512820512820513
wait,ya,2,28,975,0.0020512820512820513
wait,katie,2,29,975,0.0020512820512820513
wait,owl,2,30,975,0.0020512820512820513
wait,dingo,2,31,975,0.0020512820512820513
wait,car,2,32,975,0.0020512820512820513
wait,matthew,2,33,975,0.0020512820512820513
wait,roman,2,34,975,0.0020512820512820513
wait,til,1,35,975,0.0010256410256410256
wait,page,1,36,975,0.0010256410256410256
wait,pete,1,37,975,0.0010256410256410256
wait,laura,1,38,975,0.0010256410256410256
wait,person,1,39,975,0.0010256410256410256
wait,child,1,40,975,0.0010256410256410256
wait,bird,1,41,975,0.0010256410256410256
wait,breakfast,1,42,975,0.0010256410256410256
wait,sally,1,43,975,0.0010256410256410256
wait,go,1,44,975,0.0010256410256410256
wait,dakota,1,45,975,0.0010256410256410256
wait,tabitha,1,46,975,0.0010256410256410256
wait,adam,1,47,975,0.0010256410256410256
wait,somebody,1,48,975,0.0010256410256410256
wait,puppet,1,49,975,0.0010256410256410256
wait,gestan,1,50,975,0.0010256410256410256
wait,soap,1,51,975,0.0010256410256410256
wait,jack,1,52,975,0.0010256410256410256
wait,number,1,53,975,0.0010256410256410256
wait,kind,1,54,975,0.0010256410256410256
wait,rachi,1,55,975,0.0010256410256410256
wait,guy,1,56,975,0.0010256410256410256
wait,boy,1,57,975,0.0010256410256410256
wait,piggy,1,58,975,0.0010256410256410256
wait,mr,1,59,975,0.0010256410256410256
wait,one,1,60,975,0.0010256410256410256
wait,friend,1,61,975,0.0010256410256410256
wait,john,1,62,975,0.0010256410256410256
wait,arlo,1,63,975,0.0010256410256410256
wait,phone,1,64,975,0.0010256410256410256
wait,teacher,1,65,975,0.0010256410256410256
wait,piggie,1,66,975,0.0010256410256410256
wait,bubbles,1,67,975,0.0010256410256410256
wait,stepmother,1,68,975,0.0010256410256410256
wait,prince,1,69,975,0.0010256410256410256
wait,honey,1,70,975,0.0010256410256410256
wait,dad,1,71,975,0.0010256410256410256
wait,mother,1,72,975,0.0010256410256410256
wait,line,1,73,975,0.0010256410256410256
wait,plate,1,74,975,0.0010256410256410256
wait,top,1,75,975,0.0010256410256410256
wait,myself,1,76,975,0.0010256410256410256
wait,grandmommy,1,77,975,0.0010256410256410256
wait,nomi,1,78,975,0.0010256410256410256
wait,piglet,1,79,975,0.0010256410256410256
wait,snoopy,1,80,975,0.0010256410256410256
wait,shannon,1,81,975,0.0010256410256410256
wait,rachel,1,82,975,0.0010256410256410256
wait,spider,1,83,975,0.0010256410256410256
wait,sophie,1,84,975,0.0010256410256410256
wait,brett,1,85,975,0.0010256410256410256
wait,jason,1,86,975,0.0010256410256410256
wait,haha,1,87,975,0.0010256410256410256
wait,keisha,1,88,975,0.0010256410256410256
wait,jimmy,1,89,975,0.0010256410256410256
wait,kim,1,90,975,0.0010256410256410256
wait,patrick,1,91,975,0.0010256410256410256
wait,roland,1,92,975,0.0010256410256410256
wait,joey,1,93,975,0.0010256410256410256
wait,thank_you,1,94,975,0.0010256410256410256
wait,julia,1,95,975,0.0010256410256410256
wait,tone,1,96,975,0.0010256410256410256
wait,daniel,1,97,975,0.0010256410256410256
wait,zoe,1,98,975,0.0010256410256410256
wait,clifford,1,99,975,0.0010256410256410256
wait,lisa,1,100,975,0.0010256410256410256
wait,mom,1,101,975,0.0010256410256410256
wait,sister,1,102,975,0.0010256410256410256
wait,mallard,1,103,975,0.0010256410256410256
wait,sec,1,104,975,0.0010256410256410256
wait,samantha,1,105,975,0.0010256410256410256
wait,steve,1,106,975,0.0010256410256410256
wait,graeme,1,107,975,0.0010256410256410256
will,i,372,1,963,0.3862928348909657
will,you,182,2,963,0.18899273104880582
will,it,119,3,963,0.12357217030114226
will,we,106,4,963,0.11007268951194185
will,he,52,5,963,0.05399792315680166
will,she,43,6,963,0.0446521287642783
will,they,41,7,963,0.04257528556593977
will,that,6,8,963,0.006230529595015576
will,daddy,3,9,963,0.003115264797507788
will,who,3,10,963,0.003115264797507788
will,one,2,11,963,0.0020768431983385254
will,people,2,12,963,0.0020768431983385254
will,mommy,2,13,963,0.0020768431983385254
will,what,2,14,963,0.0020768431983385254
will,child,2,15,963,0.0020768431983385254
will,dinah,2,16,963,0.0020768431983385254
will,mikie,1,17,963,0.0010384215991692627
will,fraser,1,18,963,0.0010384215991692627
will,ya,1,19,963,0.0010384215991692627
will,block,1,20,963,0.0010384215991692627
will,pole,1,21,963,0.0010384215991692627
will,branch,1,22,963,0.0010384215991692627
will,carlos,1,23,963,0.0010384215991692627
will,dinosaur,1,24,963,0.0010384215991692627
will,mother,1,25,963,0.0010384215991692627
will,two,1,26,963,0.0010384215991692627
will,emmy,1,27,963,0.0010384215991692627
will,these,1,28,963,0.0010384215991692627
will,mommy'll,1,29,963,0.0010384215991692627
will,cradle,1,30,963,0.0010384215991692627
will,this,1,31,963,0.0010384215991692627
will,head,1,32,963,0.0010384215991692627
will,hill,1,33,963,0.0010384215991692627
will,thing,1,34,963,0.0010384215991692627
will,dave,1,35,963,0.0010384215991692627
will,brett,1,36,963,0.0010384215991692627
will,somebody,1,37,963,0.0010384215991692627
will,ball,1,38,963,0.0010384215991692627
will,debbie,1,39,963,0.0010384215991692627
will,lester,1,40,963,0.0010384215991692627
stand,you,295,1,945,0.31216931216931215
stand,he,145,2,945,0.15343915343915343
stand,it,79,3,945,0.0835978835978836
stand,they,62,4,945,0.0656084656084656
stand,i,61,5,945,0.06455026455026455
stand,she,44,6,945,0.04656084656084656
stand,we,26,7,945,0.027513227513227514
stand,one,13,8,945,0.013756613756613757
stand,that,12,9,945,0.012698412698412698
stand,us,11,10,945,0.01164021164021164
stand,who,10,11,945,0.010582010582010581
stand,this,9,12,945,0.009523809523809525
stand,wanna,9,13,945,0.009523809523809525
stand,man,7,14,945,0.007407407407407408
stand,horse,5,15,945,0.005291005291005291
stand,house,4,16,945,0.004232804232804233
stand,colt,3,17,945,0.0031746031746031746
stand,horsie,3,18,945,0.0031746031746031746
stand,people,3,19,945,0.0031746031746031746
stand,hen,3,20,945,0.0031746031746031746
stand,leg,3,21,945,0.0031746031746031746
stand,dog,3,22,945,0.0031746031746031746
stand,cat,3,23,945,0.0031746031746031746
stand,em,3,24,945,0.0031746031746031746
stand,nurse,3,25,945,0.0031746031746031746
stand,bed,2,26,945,0.0021164021164021165
stand,boy,2,27,945,0.0021164021164021165
stand,cow,2,28,945,0.0021164021164021165
stand,baby,2,29,945,0.0021164021164021165
stand,person,2,30,945,0.0021164021164021165
stand,needta,2,31,945,0.0021164021164021165
stand,henry,2,32,945,0.0021164021164021165
stand,go,2,33,945,0.0021164021164021165
stand,mommy,2,34,945,0.0021164021164021165
stand,lady,2,35,945,0.0021164021164021165
stand,foot,2,36,945,0.0021164021164021165
stand,daddy,2,37,945,0.0021164021164021165
stand,fawn,2,38,945,0.0021164021164021165
stand,clothe,2,39,945,0.0021164021164021165
stand,tree,2,40,945,0.0021164021164021165
stand,two,2,41,945,0.0021164021164021165
stand,some,2,42,945,0.0021164021164021165
stand,chi,2,43,945,0.0021164021164021165
stand,franny,2,44,945,0.0021164021164021165
stand,these,2,45,945,0.0021164021164021165
stand,snake,2,46,945,0.0021164021164021165
stand,whoop,2,47,945,0.0021164021164021165
stand,the,2,48,945,0.0021164021164021165
stand,block,2,49,945,0.0021164021164021165
stand,jillian,2,50,945,0.0021164021164021165
stand,inge,1,51,945,0.0010582010582010583
stand,cracker,1,52,945,0.0010582010582010583
stand,all,1,53,945,0.0010582010582010583
stand,peter,1,54,945,0.0010582010582010583
stand,sheep,1,55,945,0.0010582010582010583
stand,ear,1,56,945,0.0010582010582010583
stand,number,1,57,945,0.0010582010582010583
stand,yourself,1,58,945,0.0010582010582010583
stand,jesus,1,59,945,0.0010582010582010583
stand,adam,1,60,945,0.0010582010582010583
stand,toy,1,61,945,0.0010582010582010583
stand,paul,1,62,945,0.0010582010582010583
stand,elephant,1,63,945,0.0010582010582010583
stand,hasta,1,64,945,0.0010582010582010583
stand,girl,1,65,945,0.0010582010582010583
stand,ya,1,66,945,0.0010582010582010583
stand,d,1,67,945,0.0010582010582010583
stand,shem,1,68,945,0.0010582010582010583
stand,wrench,1,69,945,0.0010582010582010583
stand,hammer'll,1,70,945,0.0010582010582010583
stand,no,1,71,945,0.0010582010582010583
stand,yup,1,72,945,0.0010582010582010583
stand,t,1,73,945,0.0010582010582010583
stand,bambi,1,74,945,0.0010582010582010583
stand,snowman,1,75,945,0.0010582010582010583
stand,tiger,1,76,945,0.0010582010582010583
stand,bear,1,77,945,0.0010582010582010583
stand,shop,1,78,945,0.0010582010582010583
stand,crossing,1,79,945,0.0010582010582010583
stand,nose,1,80,945,0.0010582010582010583
stand,world,1,81,945,0.0010582010582010583
stand,pair,1,82,945,0.0010582010582010583
stand,music,1,83,945,0.0010582010582010583
stand,nobody,1,84,945,0.0010582010582010583
stand,yours,1,85,945,0.0010582010582010583
stand,chair,1,86,945,0.0010582010582010583
stand,linda,1,87,945,0.0010582010582010583
stand,c,1,88,945,0.0010582010582010583
stand,what,1,89,945,0.0010582010582010583
stand,fly,1,90,945,0.0010582010582010583
stand,carrothead,1,91,945,0.0010582010582010583
stand,seesaw,1,92,945,0.0010582010582010583
stand,darth_vader,1,93,945,0.0010582010582010583
stand,melissa,1,94,945,0.0010582010582010583
stand,mama,1,95,945,0.0010582010582010583
stand,pony,1,96,945,0.0010582010582010583
stand,beanice,1,97,945,0.0010582010582010583
stand,nomi,1,98,945,0.0010582010582010583
stand,kitty+cat,1,99,945,0.0010582010582010583
stand,honey,1,100,945,0.0010582010582010583
stand,squeaky,1,101,945,0.0010582010582010583
stand,duck,1,102,945,0.0010582010582010583
stand,bottle,1,103,945,0.0010582010582010583
stand,kitty,1,104,945,0.0010582010582010583
stand,look,1,105,945,0.0010582010582010583
stand,mom,1,106,945,0.0010582010582010583
stand,motorcycle,1,107,945,0.0010582010582010583
stand,gumby,1,108,945,0.0010582010582010583
stand,child,1,109,945,0.0010582010582010583
stand,everybody,1,110,945,0.0010582010582010583
stand,z,1,111,945,0.0010582010582010583
stand,someone,1,112,945,0.0010582010582010583
stand,head,1,113,945,0.0010582010582010583
stand,guy,1,114,945,0.0010582010582010583
stand,chris,1,115,945,0.0010582010582010583
stand,hand,1,116,945,0.0010582010582010583
stand,train,1,117,945,0.0010582010582010583
stand,ellen,1,118,945,0.0010582010582010583
stand,b,1,119,945,0.0010582010582010583
stand,lorraine,1,120,945,0.0010582010582010583
stand,kin,1,121,945,0.0010582010582010583
stand,kim,1,122,945,0.0010582010582010583
stand,emmitt,1,123,945,0.0010582010582010583
stand,thing,1,124,945,0.0010582010582010583
stand,samantha,1,125,945,0.0010582010582010583
stand,steven,1,126,945,0.0010582010582010583
push,you,480,1,929,0.5166846071044133
push,i,105,2,929,0.11302475780409042
push,he,51,3,929,0.05489773950484392
push,we,42,4,929,0.04520990312163617
push,it,24,5,929,0.02583423035522067
push,she,21,6,929,0.022604951560818085
push,us,18,7,929,0.0193756727664155
push,they,18,8,929,0.0193756727664155
push,who,12,9,929,0.012917115177610334
push,mommy,10,10,929,0.010764262648008612
push,wanna,8,11,929,0.008611410118406888
push,one,7,12,929,0.007534983853606028
push,duck,7,13,929,0.007534983853606028
push,that,6,14,929,0.006458557588805167
push,no,5,15,929,0.005382131324004306
push,somebody,5,16,929,0.005382131324004306
push,button,5,17,929,0.005382131324004306
push,ya,4,18,929,0.004305705059203444
push,daddy,4,19,929,0.004305705059203444
push,camel,4,20,929,0.004305705059203444
push,what,3,21,929,0.0032292787944025836
push,rabbit,3,22,929,0.0032292787944025836
push,flower,3,23,929,0.0032292787944025836
push,squirrel,2,24,929,0.002152852529601722
push,boat,2,25,929,0.002152852529601722
push,sarah,2,26,929,0.002152852529601722
push,bird,2,27,929,0.002152852529601722
push,grover,2,28,929,0.002152852529601722
push,sister,2,29,929,0.002152852529601722
push,hasta,2,30,929,0.002152852529601722
push,all,2,31,929,0.002152852529601722
push,goat,2,32,929,0.002152852529601722
push,mama,2,33,929,0.002152852529601722
push,sally,2,34,929,0.002152852529601722
push,nothing,2,35,929,0.002152852529601722
push,maggie,2,36,929,0.002152852529601722
push,baby,2,37,929,0.002152852529601722
push,awoh,1,38,929,0.001076426264800861
push,buddy,1,39,929,0.001076426264800861
push,peter,1,40,929,0.001076426264800861
push,wave,1,41,929,0.001076426264800861
push,rwww,1,42,929,0.001076426264800861
push,cupcake,1,43,929,0.001076426264800861
push,alexander,1,44,929,0.001076426264800861
push,finger,1,45,929,0.001076426264800861
push,adam,1,46,929,0.001076426264800861
push,papa,1,47,929,0.001076426264800861
push,eve,1,48,929,0.001076426264800861
push,this,1,49,929,0.001076426264800861
push,girl,1,50,929,0.001076426264800861
push,somersault,1,51,929,0.001076426264800861
push,dog,1,52,929,0.001076426264800861
push,kid,1,53,929,0.001076426264800861
push,michael,1,54,929,0.001076426264800861
push,boy,1,55,929,0.001076426264800861
push,tugboat,1,56,929,0.001076426264800861
push,bed,1,57,929,0.001076426264800861
push,juice,1,58,929,0.001076426264800861
push,ernie,1,59,929,0.001076426264800861
push,vinnie,1,60,929,0.001076426264800861
push,someone,1,61,929,0.001076426264800861
push,chi,1,62,929,0.001076426264800861
push,bobby,1,63,929,0.001076426264800861
push,sis,1,64,929,0.001076426264800861
push,car,1,65,929,0.001076426264800861
push,friend,1,66,929,0.001076426264800861
push,daniel,1,67,929,0.001076426264800861
push,man,1,68,929,0.001076426264800861
push,jimmy,1,69,929,0.001076426264800861
push,daddy'll,1,70,929,0.001076426264800861
push,melissa,1,71,929,0.001076426264800861
push,mash,1,72,929,0.001076426264800861
push,hunhunh,1,73,929,0.001076426264800861
push,todd,1,74,929,0.001076426264800861
push,honey,1,75,929,0.001076426264800861
push,nathaniel,1,76,929,0.001076426264800861
push,listen,1,77,929,0.001076426264800861
push,thing,1,78,929,0.001076426264800861
push,catherine,1,79,929,0.001076426264800861
push,jerry,1,80,929,0.001076426264800861
push,broom,1,81,929,0.001076426264800861
push,child,1,82,929,0.001076426264800861
push,brenda,1,83,929,0.001076426264800861
push,mom,1,84,929,0.001076426264800861
push,number,1,85,929,0.001076426264800861
push,roman,1,86,929,0.001076426264800861
push,harry,1,87,929,0.001076426264800861
push,seed,1,88,929,0.001076426264800861
push,mark,1,89,929,0.001076426264800861
push,david,1,90,929,0.001076426264800861
push,front,1,91,929,0.001076426264800861
push,steven,1,92,929,0.001076426264800861
push,good,1,93,929,0.001076426264800861
cry,you,224,1,927,0.24163969795037757
cry,he,177,2,927,0.19093851132686085
cry,she,123,3,927,0.13268608414239483
cry,baby,71,4,927,0.07659115426105717
cry,i,43,5,927,0.04638619201725998
cry,they,37,6,927,0.039913700107874865
cry,who,34,7,927,0.036677454153182305
cry,it,15,8,927,0.016181229773462782
cry,one,7,9,927,0.007551240560949299
cry,miffy,6,10,927,0.006472491909385114
cry,jennifer,6,11,927,0.006472491909385114
cry,mommy,6,12,927,0.006472491909385114
cry,jimmy,5,13,927,0.005393743257820928
cry,boy,4,14,927,0.004314994606256742
cry,jenny,3,15,927,0.003236245954692557
cry,ewww,3,16,927,0.003236245954692557
cry,laura,3,17,927,0.003236245954692557
cry,all,3,18,927,0.003236245954692557
cry,people,3,19,927,0.003236245954692557
cry,that,3,20,927,0.003236245954692557
cry,bunny,3,21,927,0.003236245954692557
cry,piggie,3,22,927,0.003236245954692557
cry,kid,3,23,927,0.003236245954692557
cry,carl,3,24,927,0.003236245954692557
cry,piglet,3,25,927,0.003236245954692557
cry,justin,3,26,927,0.003236245954692557
cry,birdie,2,27,927,0.002157497303128371
cry,man,2,28,927,0.002157497303128371
cry,somebody,2,29,927,0.002157497303128371
cry,door,2,30,927,0.002157497303128371
cry,piggy,2,31,927,0.002157497303128371
cry,ant,2,32,927,0.002157497303128371
cry,paul,2,33,927,0.002157497303128371
cry,girl,2,34,927,0.002157497303128371
cry,ya,2,35,927,0.002157497303128371
cry,dog,2,36,927,0.002157497303128371
cry,thing,2,37,927,0.002157497303128371
cry,oliver,2,38,927,0.002157497303128371
cry,something,2,39,927,0.002157497303128371
cry,curtis,2,40,927,0.002157497303128371
cry,we,2,41,927,0.002157497303128371
cry,maryann,2,42,927,0.002157497303128371
cry,chickie,2,43,927,0.002157497303128371
cry,plant,2,44,927,0.002157497303128371
cry,marky,2,45,927,0.002157497303128371
cry,nina,2,46,927,0.002157497303128371
cry,porcupine,2,47,927,0.002157497303128371
cry,parent,2,48,927,0.002157497303128371
cry,jordan,2,49,927,0.002157497303128371
cry,david,2,50,927,0.002157497303128371
cry,everybody,1,51,927,0.0010787486515641855
cry,verity_claire,1,52,927,0.0010787486515641855
cry,bird,1,53,927,0.0010787486515641855
cry,ernie,1,54,927,0.0010787486515641855
cry,lamb,1,55,927,0.0010787486515641855
cry,lois,1,56,927,0.0010787486515641855
cry,douglas,1,57,927,0.0010787486515641855
cry,caca,1,58,927,0.0010787486515641855
cry,dwww,1,59,927,0.0010787486515641855
cry,swww,1,60,927,0.0010787486515641855
cry,jwww,1,61,927,0.0010787486515641855
cry,chair,1,62,927,0.0010787486515641855
cry,andrew,1,63,927,0.0010787486515641855
cry,meow,1,64,927,0.0010787486515641855
cry,pokemon,1,65,927,0.0010787486515641855
cry,woody,1,66,927,0.0010787486515641855
cry,kiki,1,67,927,0.0010787486515641855
cry,wanna,1,68,927,0.0010787486515641855
cry,bobo,1,69,927,0.0010787486515641855
cry,cracker,1,70,927,0.0010787486515641855
cry,tummy,1,71,927,0.0010787486515641855
cry,kathy,1,72,927,0.0010787486515641855
cry,sarah,1,73,927,0.0010787486515641855
cry,tommy,1,74,927,0.0010787486515641855
cry,sandra,1,75,927,0.0010787486515641855
cry,elaine,1,76,927,0.0010787486515641855
cry,donna,1,77,927,0.0010787486515641855
cry,anna,1,78,927,0.0010787486515641855
cry,lady,1,79,927,0.0010787486515641855
cry,caterpillar,1,80,927,0.0010787486515641855
cry,babys,1,81,927,0.0010787486515641855
cry,duckie,1,82,927,0.0010787486515641855
cry,flower,1,83,927,0.0010787486515641855
cry,yike,1,84,927,0.0010787486515641855
cry,hotdog,1,85,927,0.0010787486515641855
cry,egg,1,86,927,0.0010787486515641855
cry,picture,1,87,927,0.0010787486515641855
cry,child,1,88,927,0.0010787486515641855
cry,someone,1,89,927,0.0010787486515641855
cry,policeman,1,90,927,0.0010787486515641855
cry,alice,1,91,927,0.0010787486515641855
cry,bean,1,92,927,0.0010787486515641855
cry,hen,1,93,927,0.0010787486515641855
cry,harp,1,94,927,0.0010787486515641855
cry,ann,1,95,927,0.0010787486515641855
cry,pascal,1,96,927,0.0010787486515641855
cry,day,1,97,927,0.0010787486515641855
cry,everyone,1,98,927,0.0010787486515641855
cry,house,1,99,927,0.0010787486515641855
cry,penny,1,100,927,0.0010787486515641855
cry,hurray,1,101,927,0.0010787486515641855
cry,surprise,1,102,927,0.0010787486515641855
cry,sash,1,103,927,0.0010787486515641855
cry,bead,1,104,927,0.0010787486515641855
cry,my,1,105,927,0.0010787486515641855
cry,duke,1,106,927,0.0010787486515641855
cry,chi,1,107,927,0.0010787486515641855
cry,pinocchio,1,108,927,0.0010787486515641855
cry,bay,1,109,927,0.0010787486515641855
cry,bug'll,1,110,927,0.0010787486515641855
cry,bug,1,111,927,0.0010787486515641855
cry,alligator,1,112,927,0.0010787486515641855
cry,shannon,1,113,927,0.0010787486515641855
cry,elephant,1,114,927,0.0010787486515641855
cry,abe,1,115,927,0.0010787486515641855
cry,daddy,1,116,927,0.0010787486515641855
cry,katlin,1,117,927,0.0010787486515641855
cry,mormor,1,118,927,0.0010787486515641855
cry,tanta,1,119,927,0.0010787486515641855
cry,stephen,1,120,927,0.0010787486515641855
cry,kitty,1,121,927,0.0010787486515641855
cry,puppy,1,122,927,0.0010787486515641855
cry,doggie,1,123,927,0.0010787486515641855
cry,georgie,1,124,927,0.0010787486515641855
cry,nomi,1,125,927,0.0010787486515641855
cry,bear,1,126,927,0.0010787486515641855
cry,help,1,127,927,0.0010787486515641855
cry,duck,1,128,927,0.0010787486515641855
cry,aunt_carey,1,129,927,0.0010787486515641855
cry,register,1,130,927,0.0010787486515641855
cry,horse,1,131,927,0.0010787486515641855
cry,robert,1,132,927,0.0010787486515641855
cry,mother,1,133,927,0.0010787486515641855
cry,stop,1,134,927,0.0010787486515641855
cry,nobody,1,135,927,0.0010787486515641855
fly,they,173,1,900,0.1922222222222222
fly,he,156,2,900,0.17333333333333334
fly,i,113,3,900,0.12555555555555556
fly,owl,94,4,900,0.10444444444444445
fly,you,72,5,900,0.08
fly,it,70,6,900,0.07777777777777778
fly,bird,30,7,900,0.03333333333333333
fly,we,20,8,900,0.022222222222222223
fly,that,16,9,900,0.017777777777777778
fly,she,15,10,900,0.016666666666666666
fly,who,12,11,900,0.013333333333333334
fly,bat,8,12,900,0.008888888888888889
fly,daddy,5,13,900,0.005555555555555556
fly,birdie,5,14,900,0.005555555555555556
fly,what,4,15,900,0.0044444444444444444
fly,bee,4,16,900,0.0044444444444444444
fly,car,4,17,900,0.0044444444444444444
fly,one,4,18,900,0.0044444444444444444
fly,fly,3,19,900,0.0033333333333333335
fly,penguin,3,20,900,0.0033333333333333335
fly,this,3,21,900,0.0033333333333333335
fly,plane,3,22,900,0.0033333333333333335
fly,baby,3,23,900,0.0033333333333333335
fly,balloon,3,24,900,0.0033333333333333335
fly,bug,3,25,900,0.0033333333333333335
fly,mommy,3,26,900,0.0033333333333333335
fly,tree,2,27,900,0.0022222222222222222
fly,time,2,28,900,0.0022222222222222222
fly,eagle,2,29,900,0.0022222222222222222
fly,horse,2,30,900,0.0022222222222222222
fly,kitchen,2,31,900,0.0022222222222222222
fly,butterfly,2,32,900,0.0022222222222222222
fly,duck,2,33,900,0.0022222222222222222
fly,kite,2,34,900,0.0022222222222222222
fly,kites,2,35,900,0.0022222222222222222
fly,hair,1,36,900,0.0011111111111111111
fly,pencil,1,37,900,0.0011111111111111111
fly,cheerio,1,38,900,0.0011111111111111111
fly,lego,1,39,900,0.0011111111111111111
fly,those,1,40,900,0.0011111111111111111
fly,fairy,1,41,900,0.0011111111111111111
fly,seal,1,42,900,0.0011111111111111111
fly,tiger,1,43,900,0.0011111111111111111
fly,a,1,44,900,0.0011111111111111111
fly,bulldozer,1,45,900,0.0011111111111111111
fly,thing,1,46,900,0.0011111111111111111
fly,dandelion,1,47,900,0.0011111111111111111
fly,pilot,1,48,900,0.0011111111111111111
fly,lady,1,49,900,0.0011111111111111111
fly,corky,1,50,900,0.0011111111111111111
fly,robin,1,51,900,0.0011111111111111111
fly,santa,1,52,900,0.0011111111111111111
fly,two,1,53,900,0.0011111111111111111
fly,m,1,54,900,0.0011111111111111111
fly,zoom,1,55,900,0.0011111111111111111
fly,broom,1,56,900,0.0011111111111111111
fly,eye,1,57,900,0.0011111111111111111
fly,mine,1,58,900,0.0011111111111111111
fly,dog,1,59,900,0.0011111111111111111
fly,superman,1,60,900,0.0011111111111111111
fly,kid,1,61,900,0.0011111111111111111
fly,karen,1,62,900,0.0011111111111111111
fly,dinosaur,1,63,900,0.0011111111111111111
fly,boy,1,64,900,0.0011111111111111111
fly,man,1,65,900,0.0011111111111111111
fly,ostrich,1,66,900,0.0011111111111111111
fly,dingo,1,67,900,0.0011111111111111111
fly,crow,1,68,900,0.0011111111111111111
fly,mechanic,1,69,900,0.0011111111111111111
fly,bib,1,70,900,0.0011111111111111111
fly,rabbit,1,71,900,0.0011111111111111111
fly,airplane,1,72,900,0.0011111111111111111
fly,some,1,73,900,0.0011111111111111111
fly,kind,1,74,900,0.0011111111111111111
fly,dumbo,1,75,900,0.0011111111111111111
fly,somebody,1,76,900,0.0011111111111111111
fly,puppy,1,77,900,0.0011111111111111111
fly,simba,1,78,900,0.0011111111111111111
fly,pool,1,79,900,0.0011111111111111111
fly,elmo,1,80,900,0.0011111111111111111
fly,no,1,81,900,0.0011111111111111111
fly,momma,1,82,900,0.0011111111111111111
fly,buzz,1,83,900,0.0011111111111111111
fly,flying,1,84,900,0.0011111111111111111
fly,tractor,1,85,900,0.0011111111111111111
fly,vehicle,1,86,900,0.0011111111111111111
fly,girl,1,87,900,0.0011111111111111111
fly,yo,1,88,900,0.0011111111111111111
hafta,you,490,1,882,0.5555555555555556
hafta,we,175,2,882,0.1984126984126984
hafta,i,142,3,882,0.16099773242630386
hafta,they,40,4,882,0.045351473922902494
hafta,he,10,5,882,0.011337868480725623
hafta,she,7,6,882,0.007936507936507936
hafta,ya,5,7,882,0.005668934240362812
hafta,it,4,8,882,0.0045351473922902496
hafta,people,2,9,882,0.0022675736961451248
hafta,lady,1,10,882,0.0011337868480725624
hafta,goat,1,11,882,0.0011337868480725624
hafta,minnie,1,12,882,0.0011337868480725624
hafta,doll,1,13,882,0.0011337868480725624
hafta,greg,1,14,882,0.0011337868480725624
hafta,that,1,15,882,0.0011337868480725624
hafta,dog,1,16,882,0.0011337868480725624
needta,you,328,1,877,0.37400228050171036
needta,we,279,2,877,0.3181299885974915
needta,i,194,3,877,0.22120866590649943
needta,they,27,4,877,0.03078677309007982
needta,she,14,5,877,0.01596351197263398
needta,he,12,6,877,0.013683010262257697
needta,it,11,7,877,0.012542759407069556
needta,that,5,8,877,0.005701254275940707
needta,people,2,9,877,0.002280501710376283
needta,girl,1,10,877,0.0011402508551881414
needta,baby,1,11,877,0.0011402508551881414
needta,elephant,1,12,877,0.0011402508551881414
needta,these,1,13,877,0.0011402508551881414
needta,ryan,1,14,877,0.0011402508551881414
pull,you,366,1,849,0.43109540636042404
pull,i,113,2,849,0.1330977620730271
pull,we,51,3,849,0.06007067137809187
pull,he,49,4,849,0.05771495877502945
pull,it,32,5,849,0.03769140164899882
pull,they,29,6,849,0.03415783274440518
pull,no,25,7,849,0.02944640753828033
pull,us,15,8,849,0.0176678445229682
pull,she,15,9,849,0.0176678445229682
pull,who,9,10,849,0.01060070671378092
pull,wanna,8,11,849,0.009422850412249705
pull,that,7,12,849,0.008244994110718492
pull,daddy,6,13,849,0.007067137809187279
pull,dog,4,14,849,0.004711425206124852
pull,mommy,4,15,849,0.004711425206124852
pull,horse,4,16,849,0.004711425206124852
pull,engine,4,17,849,0.004711425206124852
pull,woman,4,18,849,0.004711425206124852
pull,horsie,3,19,849,0.0035335689045936395
pull,daughter,3,20,849,0.0035335689045936395
pull,lois,2,21,849,0.002355712603062426
pull,peter,2,22,849,0.002355712603062426
pull,mother,2,23,849,0.002355712603062426
pull,needta,2,24,849,0.002355712603062426
pull,pant,2,25,849,0.002355712603062426
pull,pooh,2,26,849,0.002355712603062426
pull,sarah,2,27,849,0.002355712603062426
pull,boy,2,28,849,0.002355712603062426
pull,what,2,29,849,0.002355712603062426
pull,car,2,30,849,0.002355712603062426
pull,someone,2,31,849,0.002355712603062426
pull,truck,2,32,849,0.002355712603062426
pull,thing,2,33,849,0.002355712603062426
pull,somebody,2,34,849,0.002355712603062426
pull,tooth,2,35,849,0.002355712603062426
pull,kid,2,36,849,0.002355712603062426
pull,nomi,2,37,849,0.002355712603062426
pull,donkey,2,38,849,0.002355712603062426
pull,this,2,39,849,0.002355712603062426
pull,jp,2,40,849,0.002355712603062426
pull,cat,2,41,849,0.002355712603062426
pull,awoh,1,42,849,0.001177856301531213
pull,thank_you,1,43,849,0.001177856301531213
pull,laura,1,44,849,0.001177856301531213
pull,awww,1,45,849,0.001177856301531213
pull,mum,1,46,849,0.001177856301531213
pull,mine,1,47,849,0.001177856301531213
pull,lemme,1,48,849,0.001177856301531213
pull,look,1,49,849,0.001177856301531213
pull,ursula,1,50,849,0.001177856301531213
pull,my_goodness,1,51,849,0.001177856301531213
pull,reindeer,1,52,849,0.001177856301531213
pull,adam,1,53,849,0.001177856301531213
pull,paul,1,54,849,0.001177856301531213
pull,a_lot_of,1,55,849,0.001177856301531213
pull,ya,1,56,849,0.001177856301531213
pull,sock,1,57,849,0.001177856301531213
pull,brother,1,58,849,0.001177856301531213
pull,train,1,59,849,0.001177856301531213
pull,daddy'll,1,60,849,0.001177856301531213
pull,bus,1,61,849,0.001177856301531213
pull,girl,1,62,849,0.001177856301531213
pull,coach,1,63,849,0.001177856301531213
pull,anyone,1,64,849,0.001177856301531213
pull,his,1,65,849,0.001177856301531213
pull,magnet,1,66,849,0.001177856301531213
pull,sis,1,67,849,0.001177856301531213
pull,rhino,1,68,849,0.001177856301531213
pull,elephant,1,69,849,0.001177856301531213
pull,marky,1,70,849,0.001177856301531213
pull,tree,1,71,849,0.001177856301531213
pull,mom,1,72,849,0.001177856301531213
pull,wilson,1,73,849,0.001177856301531213
pull,chicken,1,74,849,0.001177856301531213
pull,do,1,75,849,0.001177856301531213
pull,melissa,1,76,849,0.001177856301531213
pull,megan,1,77,849,0.001177856301531213
pull,one,1,78,849,0.001177856301531213
pull,catherine,1,79,849,0.001177856301531213
pull,hat,1,80,849,0.001177856301531213
pull,nina,1,81,849,0.001177856301531213
pull,whoop,1,82,849,0.001177856301531213
pull,cassandra,1,83,849,0.001177856301531213
pull,tail,1,84,849,0.001177856301531213
pull,lilly,1,85,849,0.001177856301531213
pull,tractor,1,86,849,0.001177856301531213
pull,your,1,87,849,0.001177856301531213
pull,helen,1,88,849,0.001177856301531213
pull,buddy,1,89,849,0.001177856301531213
pull,hadta,1,90,849,0.001177856301531213
pull,leave,1,91,849,0.001177856301531213
pull,von,1,92,849,0.001177856301531213
pull,anybody,1,93,849,0.001177856301531213
pull,barry,1,94,849,0.001177856301531213
pull,guy,1,95,849,0.001177856301531213
pull,david,1,96,849,0.001177856301531213
pull,mouse,1,97,849,0.001177856301531213
stop,you,235,1,834,0.28177458033573144
stop,it,112,2,834,0.1342925659472422
stop,i,66,3,834,0.07913669064748201
stop,he,54,4,834,0.06474820143884892
stop,we,37,5,834,0.04436450839328537
stop,she,27,6,834,0.03237410071942446
stop,they,23,7,834,0.027577937649880094
stop,us,18,8,834,0.02158273381294964
stop,rabbit,13,9,834,0.015587529976019185
stop,that,12,10,834,0.014388489208633094
stop,chi,10,11,834,0.011990407673860911
stop,bro,10,12,834,0.011990407673860911
stop,car,7,13,834,0.008393285371702638
stop,mama,6,14,834,0.007194244604316547
stop,whoever,6,15,834,0.007194244604316547
stop,bird,5,16,834,0.005995203836930456
stop,boat,5,17,834,0.005995203836930456
stop,plane,5,18,834,0.005995203836930456
stop,man_man,4,19,834,0.004796163069544364
stop,bus,4,20,834,0.004796163069544364
stop,sarah,4,21,834,0.004796163069544364
stop,train,4,22,834,0.004796163069544364
stop,nomi,4,23,834,0.004796163069544364
stop,dingo,4,24,834,0.004796163069544364
stop,derwood,4,25,834,0.004796163069544364
stop,rain,3,26,834,0.0035971223021582736
stop,boy,3,27,834,0.0035971223021582736
stop,paul,3,28,834,0.0035971223021582736
stop,daddy,3,29,834,0.0035971223021582736
stop,this,3,30,834,0.0035971223021582736
stop,lady,3,31,834,0.0035971223021582736
stop,truck,3,32,834,0.0035971223021582736
stop,hyena,3,33,834,0.0035971223021582736
stop,brittany,3,34,834,0.0035971223021582736
stop,brett,3,35,834,0.0035971223021582736
stop,mia,3,36,834,0.0035971223021582736
stop,remi,3,37,834,0.0035971223021582736
stop,baby,2,38,834,0.002398081534772182
stop,everyone,2,39,834,0.002398081534772182
stop,needta,2,40,834,0.002398081534772182
stop,mom,2,41,834,0.002398081534772182
stop,guy,2,42,834,0.002398081534772182
stop,ty,2,43,834,0.002398081534772182
stop,ya,2,44,834,0.002398081534772182
stop,shem,2,45,834,0.002398081534772182
stop,hadta,2,46,834,0.002398081534772182
stop,one,2,47,834,0.002398081534772182
stop,policeman,2,48,834,0.002398081534772182
stop,sis,2,49,834,0.002398081534772182
stop,door,2,50,834,0.002398081534772182
stop,sally,2,51,834,0.002398081534772182
stop,thomas,2,52,834,0.002398081534772182
stop,everybody,2,53,834,0.002398081534772182
stop,thing,2,54,834,0.002398081534772182
stop,joey,2,55,834,0.002398081534772182
stop,world,1,56,834,0.001199040767386091
stop,laura,1,57,834,0.001199040767386091
stop,hammer,1,58,834,0.001199040767386091
stop,kiki,1,59,834,0.001199040767386091
stop,miranda,1,60,834,0.001199040767386091
stop,stopper,1,61,834,0.001199040767386091
stop,tyrese,1,62,834,0.001199040767386091
stop,horse,1,63,834,0.001199040767386091
stop,cow,1,64,834,0.001199040767386091
stop,vas,1,65,834,0.001199040767386091
stop,somebody,1,66,834,0.001199040767386091
stop,fish,1,67,834,0.001199040767386091
stop,father,1,68,834,0.001199040767386091
stop,wheel,1,69,834,0.001199040767386091
stop,chair,1,70,834,0.001199040767386091
stop,number,1,71,834,0.001199040767386091
stop,what,1,72,834,0.001199040767386091
stop,doll,1,73,834,0.001199040767386091
stop,trolley,1,74,834,0.001199040767386091
stop,cricter,1,75,834,0.001199040767386091
stop,noise,1,76,834,0.001199040767386091
stop,mean,1,77,834,0.001199040767386091
stop,note,1,78,834,0.001199040767386091
stop,glider,1,79,834,0.001199040767386091
stop,usher,1,80,834,0.001199040767386091
stop,girl,1,81,834,0.001199040767386091
stop,tupty,1,82,834,0.001199040767386091
stop,charlie,1,83,834,0.001199040767386091
stop,cookie,1,84,834,0.001199040767386091
stop,junior,1,85,834,0.001199040767386091
stop,troop,1,86,834,0.001199040767386091
stop,bell,1,87,834,0.001199040767386091
stop,guest,1,88,834,0.001199040767386091
stop,twin,1,89,834,0.001199040767386091
stop,bubble,1,90,834,0.001199040767386091
stop,brenda,1,91,834,0.001199040767386091
stop,refrigerator,1,92,834,0.001199040767386091
stop,brother,1,93,834,0.001199040767386091
stop,pirate,1,94,834,0.001199040767386091
stop,peter,1,95,834,0.001199040767386091
stop,bunny,1,96,834,0.001199040767386091
stop,monster,1,97,834,0.001199040767386091
stop,anyone,1,98,834,0.001199040767386091
stop,godmother,1,99,834,0.001199040767386091
stop,water,1,100,834,0.001199040767386091
stop,phone,1,101,834,0.001199040767386091
stop,lassie,1,102,834,0.001199040767386091
stop,thing'd,1,103,834,0.001199040767386091
stop,male,1,104,834,0.001199040767386091
stop,league,1,105,834,0.001199040767386091
stop,school,1,106,834,0.001199040767386091
stop,abe,1,107,834,0.001199040767386091
stop,wanna,1,108,834,0.001199040767386091
stop,gee,1,109,834,0.001199040767386091
stop,melissa,1,110,834,0.001199040767386091
stop,megan,1,111,834,0.001199040767386091
stop,nathaniel,1,112,834,0.001199040767386091
stop,macintosh,1,113,834,0.001199040767386091
stop,catherine,1,114,834,0.001199040767386091
stop,knob,1,115,834,0.001199040767386091
stop,machine,1,116,834,0.001199040767386091
stop,jp,1,117,834,0.001199040767386091
stop,edith,1,118,834,0.001199040767386091
stop,child,1,119,834,0.001199040767386091
stop,nose,1,120,834,0.001199040767386091
stop,tape,1,121,834,0.001199040767386091
stop,snow,1,122,834,0.001199040767386091
stop,february,1,123,834,0.001199040767386091
stop,dexter,1,124,834,0.001199040767386091
stop,chip,1,125,834,0.001199040767386091
stop,deidre,1,126,834,0.001199040767386091
stop,jennifer,1,127,834,0.001199040767386091
stop,robert,1,128,834,0.001199040767386091
stop,man,1,129,834,0.001199040767386091
stop,torrence,1,130,834,0.001199040767386091
stop,watch,1,131,834,0.001199040767386091
stop,mother,1,132,834,0.001199040767386091
stop,family,1,133,834,0.001199040767386091
stop,woman,1,134,834,0.001199040767386091
stop,graeme,1,135,834,0.001199040767386091
stop,jimmy,1,136,834,0.001199040767386091
stop,bobby,1,137,834,0.001199040767386091
stop,diana,1,138,834,0.001199040767386091
jump,you,174,1,833,0.20888355342136855
jump,he,169,2,833,0.2028811524609844
jump,they,57,3,833,0.06842737094837935
jump,who,51,4,833,0.061224489795918366
jump,i,44,5,833,0.05282112845138055
jump,cat,32,6,833,0.03841536614645858
jump,it,31,7,833,0.03721488595438175
jump,cow,21,8,833,0.025210084033613446
jump,we,21,9,833,0.025210084033613446
jump,she,18,10,833,0.021608643457382955
jump,dog,13,11,833,0.015606242496998799
jump,that,12,12,833,0.014405762304921969
jump,egg,10,13,833,0.012004801920768308
jump,wanna,9,14,833,0.010804321728691477
jump,boy,7,15,833,0.008403361344537815
jump,bunny,7,16,833,0.008403361344537815
jump,sandy,7,17,833,0.008403361344537815
jump,us,6,18,833,0.007202881152460984
jump,kitty,6,19,833,0.007202881152460984
jump,man,6,20,833,0.007202881152460984
jump,frog,5,21,833,0.006002400960384154
jump,lion,4,22,833,0.004801920768307323
jump,one,4,23,833,0.004801920768307323
jump,monkey,4,24,833,0.004801920768307323
jump,snoopy,3,25,833,0.003601440576230492
jump,elephant,3,26,833,0.003601440576230492
jump,dolphin,3,27,833,0.003601440576230492
jump,mickey,3,28,833,0.003601440576230492
jump,daddy,3,29,833,0.003601440576230492
jump,no,3,30,833,0.003601440576230492
jump,coco,3,31,833,0.003601440576230492
jump,blitzen,3,32,833,0.003601440576230492
jump,what,2,33,833,0.0024009603841536613
jump,clown,2,34,833,0.0024009603841536613
jump,policeman,2,35,833,0.0024009603841536613
jump,puddy,2,36,833,0.0024009603841536613
jump,doggie,2,37,833,0.0024009603841536613
jump,refrigerator,2,38,833,0.0024009603841536613
jump,chi,2,39,833,0.0024009603841536613
jump,baby,2,40,833,0.0024009603841536613
jump,jump,2,41,833,0.0024009603841536613
jump,smurf,2,42,833,0.0024009603841536613
jump,tiger,2,43,833,0.0024009603841536613
jump,rabbit,2,44,833,0.0024009603841536613
jump,girl,2,45,833,0.0024009603841536613
jump,guy,2,46,833,0.0024009603841536613
jump,flip,2,47,833,0.0024009603841536613
jump,horse,2,48,833,0.0024009603841536613
jump,needle,2,49,833,0.0024009603841536613
jump,fox,2,50,833,0.0024009603841536613
jump,hasta,1,51,833,0.0012004801920768306
jump,piglet,1,52,833,0.0012004801920768306
jump,floor,1,53,833,0.0012004801920768306
jump,simba,1,54,833,0.0012004801920768306
jump,chickie,1,55,833,0.0012004801920768306
jump,tigger,1,56,833,0.0012004801920768306
jump,ball,1,57,833,0.0012004801920768306
jump,body,1,58,833,0.0012004801920768306
jump,toy,1,59,833,0.0012004801920768306
jump,buzz,1,60,833,0.0012004801920768306
jump,ya,1,61,833,0.0012004801920768306
jump,all,1,62,833,0.0012004801920768306
jump,a_lot_of,1,63,833,0.0012004801920768306
jump,kid,1,64,833,0.0012004801920768306
jump,bear,1,65,833,0.0012004801920768306
jump,people,1,66,833,0.0012004801920768306
jump,snip,1,67,833,0.0012004801920768306
jump,dinky,1,68,833,0.0012004801920768306
jump,snap,1,69,833,0.0012004801920768306
jump,some,1,70,833,0.0012004801920768306
jump,indians,1,71,833,0.0012004801920768306
jump,kangaroo,1,72,833,0.0012004801920768306
jump,friend,1,73,833,0.0012004801920768306
jump,gonzo,1,74,833,0.0012004801920768306
jump,sis,1,75,833,0.0012004801920768306
jump,oop,1,76,833,0.0012004801920768306
jump,puppy,1,77,833,0.0012004801920768306
jump,albert,1,78,833,0.0012004801920768306
jump,camel,1,79,833,0.0012004801920768306
jump,donkey,1,80,833,0.0012004801920768306
jump,hippo,1,81,833,0.0012004801920768306
jump,abe,1,82,833,0.0012004801920768306
jump,mine,1,83,833,0.0012004801920768306
jump,nomi,1,84,833,0.0012004801920768306
jump,heehaw,1,85,833,0.0012004801920768306
jump,babykin,1,86,833,0.0012004801920768306
jump,look,1,87,833,0.0012004801920768306
jump,mouse,1,88,833,0.0012004801920768306
jump,seal,1,89,833,0.0012004801920768306
jump,snake,1,90,833,0.0012004801920768306
jump,chicken,1,91,833,0.0012004801920768306
jump,many,1,92,833,0.0012004801920768306
jump,marco,1,93,833,0.0012004801920768306
jump,those,1,94,833,0.0012004801920768306
jump,uncle_ryan,1,95,833,0.0012004801920768306
jump,stanley,1,96,833,0.0012004801920768306
jump,whoo,1,97,833,0.0012004801920768306
jump,horsie,1,98,833,0.0012004801920768306
jump,baby_beluga,1,99,833,0.0012004801920768306
jump,everyone,1,100,833,0.0012004801920768306
jump,nobody,1,101,833,0.0012004801920768306
jump,somebody,1,102,833,0.0012004801920768306
jump,popcorn,1,103,833,0.0012004801920768306
jump,kayode,1,104,833,0.0012004801920768306
jump,simone,1,105,833,0.0012004801920768306
cut,i,233,1,827,0.28174123337363965
cut,you,215,2,827,0.2599758162031439
cut,hair,51,3,827,0.06166868198307134
cut,we,47,4,827,0.056831922611850064
cut,it,42,5,827,0.05078597339782346
cut,they,30,6,827,0.036275695284159616
cut,she,29,7,827,0.03506650544135429
cut,he,23,8,827,0.02781136638452237
cut,who,16,9,827,0.019347037484885126
cut,wanna,14,10,827,0.016928657799274487
cut,mommy,9,11,827,0.010882708585247884
cut,needta,8,12,827,0.009673518742442563
cut,us,7,13,827,0.008464328899637243
cut,that,6,14,827,0.007255139056831923
cut,daddy,6,15,827,0.007255139056831923
cut,somebody,5,16,827,0.006045949214026602
cut,fingernail,4,17,827,0.0048367593712212815
cut,yours,3,18,827,0.0036275695284159614
cut,baaee,3,19,827,0.0036275695284159614
cut,mine,2,20,827,0.0024183796856106408
cut,banana,2,21,827,0.0024183796856106408
cut,laura,2,22,827,0.0024183796856106408
cut,hasta,2,23,827,0.0024183796856106408
cut,lemme,2,24,827,0.0024183796856106408
cut,this,2,25,827,0.0024183796856106408
cut,all,2,26,827,0.0024183796856106408
cut,boy,2,27,827,0.0024183796856106408
cut,scissor,2,28,827,0.0024183796856106408
cut,bang,2,29,827,0.0024183796856106408
cut,arm,2,30,827,0.0024183796856106408
cut,yoyo,2,31,827,0.0024183796856106408
cut,christopher,2,32,827,0.0024183796856106408
cut,ear,1,33,827,0.0012091898428053204
cut,jwww,1,34,827,0.0012091898428053204
cut,someone,1,35,827,0.0012091898428053204
cut,your,1,36,827,0.0012091898428053204
cut,hafta,1,37,827,0.0012091898428053204
cut,razor,1,38,827,0.0012091898428053204
cut,paul,1,39,827,0.0012091898428053204
cut,grandmother,1,40,827,0.0012091898428053204
cut,what,1,41,827,0.0012091898428053204
cut,page,1,42,827,0.0012091898428053204
cut,in_order_to,1,43,827,0.0012091898428053204
cut,one,1,44,827,0.0012091898428053204
cut,truck,1,45,827,0.0012091898428053204
cut,man,1,46,827,0.0012091898428053204
cut,seed,1,47,827,0.0012091898428053204
cut,rose,1,48,827,0.0012091898428053204
cut,nicky,1,49,827,0.0012091898428053204
cut,robbie,1,50,827,0.0012091898428053204
cut,minnie,1,51,827,0.0012091898428053204
cut,crust,1,52,827,0.0012091898428053204
cut,bride,1,53,827,0.0012091898428053204
cut,bro,1,54,827,0.0012091898428053204
cut,oughta,1,55,827,0.0012091898428053204
cut,terry,1,56,827,0.0012091898428053204
cut,head,1,57,827,0.0012091898428053204
cut,mummy,1,58,827,0.0012091898428053204
cut,water,1,59,827,0.0012091898428053204
cut,driver,1,60,827,0.0012091898428053204
cut,nail,1,61,827,0.0012091898428053204
cut,grandma,1,62,827,0.0012091898428053204
cut,pia,1,63,827,0.0012091898428053204
cut,rob,1,64,827,0.0012091898428053204
cut,bruce,1,65,827,0.0012091898428053204
cut,karen,1,66,827,0.0012091898428053204
cut,uhhuh,1,67,827,0.0012091898428053204
cut,cut,1,68,827,0.0012091898428053204
cut,booboo,1,69,827,0.0012091898428053204
cut,mama,1,70,827,0.0012091898428053204
cut,mom,1,71,827,0.0012091898428053204
cut,huh,1,72,827,0.0012091898428053204
cut,hey,1,73,827,0.0012091898428053204
cut,beaver,1,74,827,0.0012091898428053204
cut,michele,1,75,827,0.0012091898428053204
cut,ronnie,1,76,827,0.0012091898428053204
cut,steven,1,77,827,0.0012091898428053204
cut,hadta,1,78,827,0.0012091898428053204
cut,spaghetti,1,79,827,0.0012091898428053204
cut,graeme,1,80,827,0.0012091898428053204
cut,summer,1,81,827,0.0012091898428053204
cut,saw,1,82,827,0.0012091898428053204
drive,you,176,1,823,0.21385176184690158
drive,who,132,2,823,0.16038882138517618
drive,he,93,3,823,0.11300121506682867
drive,i,57,4,823,0.0692588092345079
drive,we,54,5,823,0.06561360874848117
drive,they,41,6,823,0.04981773997569866
drive,she,38,7,823,0.046172539489671933
drive,dingo,23,8,823,0.027946537059538274
drive,it,20,9,823,0.024301336573511544
drive,that,14,10,823,0.01701093560145808
drive,daddy,13,11,823,0.015795868772782502
drive,mommy,10,12,823,0.012150668286755772
drive,car,10,13,823,0.012150668286755772
drive,man,8,14,823,0.009720534629404616
drive,people,6,15,823,0.007290400972053463
drive,dog,6,16,823,0.007290400972053463
drive,anybody,5,17,823,0.006075334143377886
drive,firstname,4,18,823,0.004860267314702308
drive,kid,4,19,823,0.004860267314702308
drive,one,4,20,823,0.004860267314702308
drive,grover,4,21,823,0.004860267314702308
drive,boy,3,22,823,0.0036452004860267314
drive,us,3,23,823,0.0036452004860267314
drive,lady,3,24,823,0.0036452004860267314
drive,person,3,25,823,0.0036452004860267314
drive,wanna,3,26,823,0.0036452004860267314
drive,mother,3,27,823,0.0036452004860267314
drive,her,2,28,823,0.002430133657351154
drive,pilot,2,29,823,0.002430133657351154
drive,useta,2,30,823,0.002430133657351154
drive,dad,2,31,823,0.002430133657351154
drive,somebody,2,32,823,0.002430133657351154
drive,woman,2,33,823,0.002430133657351154
drive,captain,2,34,823,0.002430133657351154
drive,this,2,35,823,0.002430133657351154
drive,maisie,2,36,823,0.002430133657351154
drive,nina,2,37,823,0.002430133657351154
drive,rabbit,2,38,823,0.002430133657351154
drive,baby,2,39,823,0.002430133657351154
drive,oscar,2,40,823,0.002430133657351154
drive,block,1,41,823,0.001215066828675577
drive,ya,1,42,823,0.001215066828675577
drive,your,1,43,823,0.001215066828675577
drive,shoe,1,44,823,0.001215066828675577
drive,everything,1,45,823,0.001215066828675577
drive,caterpillar,1,46,823,0.001215066828675577
drive,tag,1,47,823,0.001215066828675577
drive,name,1,48,823,0.001215066828675577
drive,hasta,1,49,823,0.001215066828675577
drive,what,1,50,823,0.001215066828675577
drive,marble,1,51,823,0.001215066828675577
drive,duck,1,52,823,0.001215066828675577
drive,four,1,53,823,0.001215066828675577
drive,seal,1,54,823,0.001215066828675577
drive,stick,1,55,823,0.001215066828675577
drive,john,1,56,823,0.001215066828675577
drive,hem,1,57,823,0.001215066828675577
drive,child,1,58,823,0.001215066828675577
drive,mom,1,59,823,0.001215066828675577
drive,edgewater,1,60,823,0.001215066828675577
drive,mama,1,61,823,0.001215066828675577
drive,family,1,62,823,0.001215066828675577
drive,mine,1,63,823,0.001215066828675577
drive,judy,1,64,823,0.001215066828675577
drive,doggie,1,65,823,0.001215066828675577
drive,someone,1,66,823,0.001215066828675577
drive,stranger,1,67,823,0.001215066828675577
drive,any,1,68,823,0.001215066828675577
drive,guy,1,69,823,0.001215066828675577
drive,side,1,70,823,0.001215066828675577
drive,abe,1,71,823,0.001215066828675577
drive,lot,1,72,823,0.001215066828675577
drive,hair,1,73,823,0.001215066828675577
drive,brittany,1,74,823,0.001215066828675577
drive,all,1,75,823,0.001215066828675577
drive,hat,1,76,823,0.001215066828675577
drive,mm,1,77,823,0.001215066828675577
drive,mousey_mouse,1,78,823,0.001215066828675577
drive,gondoliers,1,79,823,0.001215066828675577
drive,steamroller,1,80,823,0.001215066828675577
drive,craig,1,81,823,0.001215066828675577
drive,farmer,1,82,823,0.001215066828675577
drive,soldier,1,83,823,0.001215066828675577
drive,dennis,1,84,823,0.001215066828675577
drive,grammy,1,85,823,0.001215066828675577
drive,chuck,1,86,823,0.001215066828675577
drive,homer,1,87,823,0.001215066828675577
drive,bert,1,88,823,0.001215066828675577
drive,larry,1,89,823,0.001215066828675577
drive,these,1,90,823,0.001215066828675577
drive,chicken,1,91,823,0.001215066828675577
drive,michael,1,92,823,0.001215066828675577
drive,jillian,1,93,823,0.001215066828675577
drive,bunny,1,94,823,0.001215066828675577
drive,luke,1,95,823,0.001215066828675577
drive,mike,1,96,823,0.001215066828675577
drive,uncle,1,97,823,0.001215066828675577
catch,you,262,1,758,0.34564643799472294
catch,i,121,2,758,0.15963060686015831
catch,he,65,3,758,0.08575197889182058
catch,who,62,4,758,0.08179419525065963
catch,they,39,5,758,0.051451187335092345
catch,she,25,6,758,0.032981530343007916
catch,we,15,7,758,0.01978891820580475
catch,wanna,11,8,758,0.014511873350923483
catch,it,10,9,758,0.013192612137203167
catch,boy,9,10,758,0.011873350923482849
catch,policeman,5,11,758,0.006596306068601583
catch,girl,5,12,758,0.006596306068601583
catch,daddy,5,13,758,0.006596306068601583
catch,finger,4,14,758,0.005277044854881266
catch,that,4,15,758,0.005277044854881266
catch,ya,3,16,758,0.00395778364116095
catch,lois,3,17,758,0.00395778364116095
catch,cat,3,18,758,0.00395778364116095
catch,mommy,3,19,758,0.00395778364116095
catch,somebody,3,20,758,0.00395778364116095
catch,dog,3,21,758,0.00395778364116095
catch,magnet,3,22,758,0.00395778364116095
catch,go,3,23,758,0.00395778364116095
catch,nose,2,24,758,0.002638522427440633
catch,morgie,2,25,758,0.002638522427440633
catch,spider,2,26,758,0.002638522427440633
catch,chicken,2,27,758,0.002638522427440633
catch,man,2,28,758,0.002638522427440633
catch,gail,2,29,758,0.002638522427440633
catch,lady,2,30,758,0.002638522427440633
catch,needta,2,31,758,0.002638522427440633
catch,titch,2,32,758,0.002638522427440633
catch,abe,2,33,758,0.002638522427440633
catch,mom,2,34,758,0.002638522427440633
catch,melissa,2,35,758,0.002638522427440633
catch,us,2,36,758,0.002638522427440633
catch,tiger,2,37,758,0.002638522427440633
catch,foot,2,38,758,0.002638522427440633
catch,philip,2,39,758,0.002638522427440633
catch,someone,2,40,758,0.002638522427440633
catch,summer,2,41,758,0.002638522427440633
catch,george,1,42,758,0.0013192612137203166
catch,peanut,1,43,758,0.0013192612137203166
catch,kitty,1,44,758,0.0013192612137203166
catch,bear,1,45,758,0.0013192612137203166
catch,which,1,46,758,0.0013192612137203166
catch,all,1,47,758,0.0013192612137203166
catch,boot,1,48,758,0.0013192612137203166
catch,squirrel,1,49,758,0.0013192612137203166
catch,paul,1,50,758,0.0013192612137203166
catch,shoe,1,51,758,0.0013192612137203166
catch,hand,1,52,758,0.0013192612137203166
catch,picture,1,53,758,0.0013192612137203166
catch,fisherman,1,54,758,0.0013192612137203166
catch,guy,1,55,758,0.0013192612137203166
catch,ana,1,56,758,0.0013192612137203166
catch,dudley,1,57,758,0.0013192612137203166
catch,sam,1,58,758,0.0013192612137203166
catch,em,1,59,758,0.0013192612137203166
catch,child,1,60,758,0.0013192612137203166
catch,grownup,1,61,758,0.0013192612137203166
catch,frog,1,62,758,0.0013192612137203166
catch,firstname,1,63,758,0.0013192612137203166
catch,anyone,1,64,758,0.0013192612137203166
catch,nobody,1,65,758,0.0013192612137203166
catch,olivia,1,66,758,0.0013192612137203166
catch,peter,1,67,758,0.0013192612137203166
catch,mother,1,68,758,0.0013192612137203166
catch,chief,1,69,758,0.0013192612137203166
catch,donald,1,70,758,0.0013192612137203166
catch,macgregor,1,71,758,0.0013192612137203166
catch,one,1,72,758,0.0013192612137203166
catch,teacher,1,73,758,0.0013192612137203166
catch,grandma,1,74,758,0.0013192612137203166
catch,spark,1,75,758,0.0013192612137203166
catch,monkey,1,76,758,0.0013192612137203166
catch,ema,1,77,758,0.0013192612137203166
catch,shirt,1,78,758,0.0013192612137203166
catch,truck,1,79,758,0.0013192612137203166
catch,nina,1,80,758,0.0013192612137203166
catch,wave,1,81,758,0.0013192612137203166
catch,seal,1,82,758,0.0013192612137203166
catch,wee,1,83,758,0.0013192612137203166
catch,owl,1,84,758,0.0013192612137203166
catch,uncle_aggie,1,85,758,0.0013192612137203166
catch,aggie,1,86,758,0.0013192612137203166
catch,james,1,87,758,0.0013192612137203166
catch,hadta,1,88,758,0.0013192612137203166
catch,roman,1,89,758,0.0013192612137203166
catch,matty,1,90,758,0.0013192612137203166
catch,michelle,1,91,758,0.0013192612137203166
catch,the,1,92,758,0.0013192612137203166
catch,harry,1,93,758,0.0013192612137203166
catch,hook,1,94,758,0.0013192612137203166
catch,todd,1,95,758,0.0013192612137203166
catch,richard,1,96,758,0.0013192612137203166
catch,baby,1,97,758,0.0013192612137203166
wash,you,203,1,754,0.2692307692307692
wash,i,182,2,754,0.2413793103448276
wash,we,96,3,754,0.1273209549071618
wash,us,42,4,754,0.05570291777188329
wash,mommy,33,5,754,0.04376657824933687
wash,he,26,6,754,0.034482758620689655
wash,she,21,7,754,0.027851458885941646
wash,hair,14,8,754,0.01856763925729443
wash,hasta,11,9,754,0.014588859416445624
wash,they,11,10,754,0.014588859416445624
wash,hand,8,11,754,0.010610079575596816
wash,lemme,8,12,754,0.010610079575596816
wash,it,8,13,754,0.010610079575596816
wash,daddy,7,14,754,0.009283819628647215
wash,face,7,15,754,0.009283819628647215
wash,who,5,16,754,0.006631299734748011
wash,mama,3,17,754,0.003978779840848806
wash,somebody,3,18,754,0.003978779840848806
wash,wanna,3,19,754,0.003978779840848806
wash,mom,2,20,754,0.002652519893899204
wash,that,2,21,754,0.002652519893899204
wash,roo,2,22,754,0.002652519893899204
wash,what,2,23,754,0.002652519893899204
wash,waterloo,2,24,754,0.002652519893899204
wash,everybody,2,25,754,0.002652519893899204
wash,hafta,2,26,754,0.002652519893899204
wash,ya,2,27,754,0.002652519893899204
wash,guy,2,28,754,0.002652519893899204
wash,raccoon,2,29,754,0.002652519893899204
wash,bunny,2,30,754,0.002652519893899204
wash,nomi,2,31,754,0.002652519893899204
wash,cup,1,32,754,0.001326259946949602
wash,bib,1,33,754,0.001326259946949602
wash,mamma,1,34,754,0.001326259946949602
wash,useta,1,35,754,0.001326259946949602
wash,machine,1,36,754,0.001326259946949602
wash,mummy,1,37,754,0.001326259946949602
wash,woman,1,38,754,0.001326259946949602
wash,this,1,39,754,0.001326259946949602
wash,shalt,1,40,754,0.001326259946949602
wash,inez,1,41,754,0.001326259946949602
wash,annie,1,42,754,0.001326259946949602
wash,kitten,1,43,754,0.001326259946949602
wash,kid,1,44,754,0.001326259946949602
wash,dad,1,45,754,0.001326259946949602
wash,soot,1,46,754,0.001326259946949602
wash,ma,1,47,754,0.001326259946949602
wash,shirt,1,48,754,0.001326259946949602
wash,back,1,49,754,0.001326259946949602
wash,myrna,1,50,754,0.001326259946949602
wash,go,1,51,754,0.001326259946949602
wash,all,1,52,754,0.001326259946949602
wash,grandma,1,53,754,0.001326259946949602
wash,rain,1,54,754,0.001326259946949602
wash,nina,1,55,754,0.001326259946949602
wash,jeannie,1,56,754,0.001326259946949602
wash,willy_waterloo,1,57,754,0.001326259946949602
wash,horse,1,58,754,0.001326259946949602
wash,roman,1,59,754,0.001326259946949602
wash,chip,1,60,754,0.001326259946949602
wash,remi,1,61,754,0.001326259946949602
wash,keisha,1,62,754,0.001326259946949602
wash,david,1,63,754,0.001326259946949602
wash,michael,1,64,754,0.001326259946949602
wash,liquid,1,65,754,0.001326259946949602
wash,lisa,1,66,754,0.001326259946949602
wash,yourself,1,67,754,0.001326259946949602
wash,joe,1,68,754,0.001326259946949602
wash,joey,1,69,754,0.001326259946949602
wash,needta,1,70,754,0.001326259946949602
bet,i,712,1,740,0.9621621621621622
bet,you,18,2,740,0.024324324324324326
bet,he,2,3,740,0.002702702702702703
bet,ill,2,4,740,0.002702702702702703
bet,we,1,5,740,0.0013513513513513514
bet,hedda,1,6,740,0.0013513513513513514
bet,ya,1,7,740,0.0013513513513513514
bet,tree,1,8,740,0.0013513513513513514
bet,somebody,1,9,740,0.0013513513513513514
bet,people,1,10,740,0.0013513513513513514
miss,you,296,1,738,0.4010840108401084
miss,we,143,2,738,0.1937669376693767
miss,i,136,3,738,0.1842818428184282
miss,he,26,4,738,0.03523035230352303
miss,she,24,5,738,0.032520325203252036
miss,it,16,6,738,0.02168021680216802
miss,one,12,7,738,0.016260162601626018
miss,they,11,8,738,0.014905149051490514
miss,mommy,6,9,738,0.008130081300813009
miss,piece,5,10,738,0.006775067750677507
miss,something,3,11,738,0.0040650406504065045
miss,some,3,12,738,0.0040650406504065045
miss,who,3,13,738,0.0040650406504065045
miss,whoop,2,14,738,0.0027100271002710027
miss,ya,2,15,738,0.0027100271002710027
miss,t,2,16,738,0.0027100271002710027
miss,wheel,2,17,738,0.0027100271002710027
miss,cat,2,18,738,0.0027100271002710027
miss,guy,2,19,738,0.0027100271002710027
miss,that,2,20,738,0.0027100271002710027
miss,circle,2,21,738,0.0027100271002710027
miss,george,2,22,738,0.0027100271002710027
miss,us,2,23,738,0.0027100271002710027
miss,pete,1,24,738,0.0013550135501355014
miss,eric,1,25,738,0.0013550135501355014
miss,jonathon,1,26,738,0.0013550135501355014
miss,lot,1,27,738,0.0013550135501355014
miss,whoa,1,28,738,0.0013550135501355014
miss,kitty,1,29,738,0.0013550135501355014
miss,people,1,30,738,0.0013550135501355014
miss,dog,1,31,738,0.0013550135501355014
miss,somebody,1,32,738,0.0013550135501355014
miss,auntie_marilyn,1,33,738,0.0013550135501355014
miss,screw,1,34,738,0.0013550135501355014
miss,sam,1,35,738,0.0013550135501355014
miss,stranger,1,36,738,0.0013550135501355014
miss,hadta,1,37,738,0.0013550135501355014
miss,gramma,1,38,738,0.0013550135501355014
miss,spoon,1,39,738,0.0013550135501355014
miss,car,1,40,738,0.0013550135501355014
miss,pen,1,41,738,0.0013550135501355014
miss,augustus,1,42,738,0.0013550135501355014
miss,daddy,1,43,738,0.0013550135501355014
miss,thing,1,44,738,0.0013550135501355014
miss,baby,1,45,738,0.0013550135501355014
miss,baaee,1,46,738,0.0013550135501355014
miss,father,1,47,738,0.0013550135501355014
miss,shape,1,48,738,0.0013550135501355014
miss,joseph,1,49,738,0.0013550135501355014
miss,good_night,1,50,738,0.0013550135501355014
miss,head,1,51,738,0.0013550135501355014
miss,maggie,1,52,738,0.0013550135501355014
miss,doll,1,53,738,0.0013550135501355014
miss,cent,1,54,738,0.0013550135501355014
miss,anyone,1,55,738,0.0013550135501355014
miss,abraham,1,56,738,0.0013550135501355014
miss,what,1,57,738,0.0013550135501355014
stick,it,169,1,702,0.24074074074074073
stick,you,126,2,702,0.1794871794871795
stick,they,89,3,702,0.1267806267806268
stick,that,41,4,702,0.0584045584045584
stick,he,38,5,702,0.05413105413105413
stick,i,19,6,702,0.027065527065527065
stick,we,12,7,702,0.017094017094017096
stick,this,11,8,702,0.01566951566951567
stick,these,11,9,702,0.01566951566951567
stick,rock,11,10,702,0.01566951566951567
stick,one,9,11,702,0.01282051282051282
stick,thing,9,12,702,0.01282051282051282
stick,foot,7,13,702,0.009971509971509971
stick,finger,6,14,702,0.008547008547008548
stick,us,5,15,702,0.007122507122507123
stick,money,5,16,702,0.007122507122507123
stick,everything,5,17,702,0.007122507122507123
stick,dime,5,18,702,0.007122507122507123
stick,what,5,19,702,0.007122507122507123
stick,door,4,20,702,0.005698005698005698
stick,she,4,21,702,0.005698005698005698
stick,something,4,22,702,0.005698005698005698
stick,hair,4,23,702,0.005698005698005698
stick,dough,4,24,702,0.005698005698005698
stick,hand,3,25,702,0.004273504273504274
stick,marble,3,26,702,0.004273504273504274
stick,some,3,27,702,0.004273504273504274
stick,arm,3,28,702,0.004273504273504274
stick,mommy,2,29,702,0.002849002849002849
stick,ya,2,30,702,0.002849002849002849
stick,head,2,31,702,0.002849002849002849
stick,kid,2,32,702,0.002849002849002849
stick,bang,2,33,702,0.002849002849002849
stick,nothing,2,34,702,0.002849002849002849
stick,metal,2,35,702,0.002849002849002849
stick,tongue,2,36,702,0.002849002849002849
stick,wanna,2,37,702,0.002849002849002849
stick,toe,2,38,702,0.002849002849002849
stick,who,2,39,702,0.002849002849002849
stick,face,2,40,702,0.002849002849002849
stick,magnet,2,41,702,0.002849002849002849
stick,matthew,2,42,702,0.002849002849002849
stick,bird,1,43,702,0.0014245014245014246
stick,doggie,1,44,702,0.0014245014245014246
stick,sweetheart,1,45,702,0.0014245014245014246
stick,lwww_gwww,1,46,702,0.0014245014245014246
stick,diaper,1,47,702,0.0014245014245014246
stick,elmo,1,48,702,0.0014245014245014246
stick,henry,1,49,702,0.0014245014245014246
stick,all,1,50,702,0.0014245014245014246
stick,disc,1,51,702,0.0014245014245014246
stick,baby,1,52,702,0.0014245014245014246
stick,nail,1,53,702,0.0014245014245014246
stick,himself,1,54,702,0.0014245014245014246
stick,stick,1,55,702,0.0014245014245014246
stick,bumper,1,56,702,0.0014245014245014246
stick,tooth,1,57,702,0.0014245014245014246
stick,policeman,1,58,702,0.0014245014245014246
stick,mariana,1,59,702,0.0014245014245014246
stick,page,1,60,702,0.0014245014245014246
stick,belly,1,61,702,0.0014245014245014246
stick,cookie,1,62,702,0.0014245014245014246
stick,chi,1,63,702,0.0014245014245014246
stick,strip,1,64,702,0.0014245014245014246
stick,many,1,65,702,0.0014245014245014246
stick,lobster,1,66,702,0.0014245014245014246
stick,plastic,1,67,702,0.0014245014245014246
stick,crab,1,68,702,0.0014245014245014246
stick,stuff,1,69,702,0.0014245014245014246
stick,no,1,70,702,0.0014245014245014246
stick,penny,1,71,702,0.0014245014245014246
stick,end,1,72,702,0.0014245014245014246
stick,people,1,73,702,0.0014245014245014246
stick,samuelson,1,74,702,0.0014245014245014246
stick,feather,1,75,702,0.0014245014245014246
stick,go,1,76,702,0.0014245014245014246
stick,sort_of,1,77,702,0.0014245014245014246
stick,paper,1,78,702,0.0014245014245014246
stick,mail,1,79,702,0.0014245014245014246
stick,needta,1,80,702,0.0014245014245014246
stick,clock,1,81,702,0.0014245014245014246
stick,neck,1,82,702,0.0014245014245014246
stick,lady,1,83,702,0.0014245014245014246
stick,letter,1,84,702,0.0014245014245014246
stick,tummy,1,85,702,0.0014245014245014246
stick,uhoh,1,86,702,0.0014245014245014246
stick,rubber,1,87,702,0.0014245014245014246
stick,grammy,1,88,702,0.0014245014245014246
stick,porcupine,1,89,702,0.0014245014245014246
stick,present,1,90,702,0.0014245014245014246
stick,shoe,1,91,702,0.0014245014245014246
stick,paperclip,1,92,702,0.0014245014245014246
stick,styrofoam,1,93,702,0.0014245014245014246
stick,let,1,94,702,0.0014245014245014246
stick,pigtail,1,95,702,0.0014245014245014246
stick,penis,1,96,702,0.0014245014245014246
stick,anything,1,97,702,0.0014245014245014246
stick,somebody,1,98,702,0.0014245014245014246
stick,material,1,99,702,0.0014245014245014246
stick,tail,1,100,702,0.0014245014245014246
stick,tushy,1,101,702,0.0014245014245014246
forget,i,305,1,702,0.43447293447293445
forget,you,177,2,702,0.25213675213675213
forget,we,76,3,702,0.10826210826210826
forget,he,29,4,702,0.04131054131054131
forget,mommy,21,5,702,0.029914529914529916
forget,she,20,6,702,0.02849002849002849
forget,they,12,7,702,0.017094017094017096
forget,us,8,8,702,0.011396011396011397
forget,daddy,5,9,702,0.007122507122507123
forget,it,4,10,702,0.005698005698005698
forget,santa_claus,2,11,702,0.002849002849002849
forget,guy,2,12,702,0.002849002849002849
forget,zoe,2,13,702,0.002849002849002849
forget,karen,2,14,702,0.002849002849002849
forget,bolt,1,15,702,0.0014245014245014246
forget,monkey,1,16,702,0.0014245014245014246
forget,laura,1,17,702,0.0014245014245014246
forget,sarah,1,18,702,0.0014245014245014246
forget,santa,1,19,702,0.0014245014245014246
forget,ya,1,20,702,0.0014245014245014246
forget,paper,1,21,702,0.0014245014245014246
forget,uhhuh,1,22,702,0.0014245014245014246
forget,parent,1,23,702,0.0014245014245014246
forget,alice,1,24,702,0.0014245014245014246
forget,that,1,25,702,0.0014245014245014246
forget,rabbit,1,26,702,0.0014245014245014246
forget,m,1,27,702,0.0014245014245014246
forget,hood,1,28,702,0.0014245014245014246
forget,chi,1,29,702,0.0014245014245014246
forget,daughter,1,30,702,0.0014245014245014246
forget,elephant,1,31,702,0.0014245014245014246
forget,ross,1,32,702,0.0014245014245014246
forget,who,1,33,702,0.0014245014245014246
forget,kalie,1,34,702,0.0014245014245014246
forget,joseph,1,35,702,0.0014245014245014246
forget,yup,1,36,702,0.0014245014245014246
forget,diaper,1,37,702,0.0014245014245014246
forget,everybody,1,38,702,0.0014245014245014246
forget,dinosaur,1,39,702,0.0014245014245014246
forget,whoop,1,40,702,0.0014245014245014246
forget,brett,1,41,702,0.0014245014245014246
forget,jeffery,1,42,702,0.0014245014245014246
forget,chicken,1,43,702,0.0014245014245014246
forget,debbie,1,44,702,0.0014245014245014246
forget,mother,1,45,702,0.0014245014245014246
forget,robbie,1,46,702,0.0014245014245014246
forget,meike,1,47,702,0.0014245014245014246
forget,sunday,1,48,702,0.0014245014245014246
forget,kid,1,49,702,0.0014245014245014246
forget,sister,1,50,702,0.0014245014245014246
forget,summer,1,51,702,0.0014245014245014246
hit,you,330,1,686,0.48104956268221577
hit,i,65,2,686,0.09475218658892129
hit,he,51,3,686,0.07434402332361516
hit,it,37,4,686,0.05393586005830904
hit,they,30,5,686,0.043731778425655975
hit,she,17,6,686,0.02478134110787172
hit,we,14,7,686,0.02040816326530612
hit,who,7,8,686,0.01020408163265306
hit,donna,7,9,686,0.01020408163265306
hit,people,6,10,686,0.008746355685131196
hit,that,5,11,686,0.007288629737609329
hit,ball,4,12,686,0.0058309037900874635
hit,car,4,13,686,0.0058309037900874635
hit,head,3,14,686,0.004373177842565598
hit,twww,3,15,686,0.004373177842565598
hit,daddy,3,16,686,0.004373177842565598
hit,mommy,3,17,686,0.004373177842565598
hit,something,3,18,686,0.004373177842565598
hit,train,3,19,686,0.004373177842565598
hit,hippo,3,20,686,0.004373177842565598
hit,chair,2,21,686,0.0029154518950437317
hit,boy,2,22,686,0.0029154518950437317
hit,dwww,2,23,686,0.0029154518950437317
hit,truck,2,24,686,0.0029154518950437317
hit,ya,2,25,686,0.0029154518950437317
hit,what,2,26,686,0.0029154518950437317
hit,those,2,27,686,0.0029154518950437317
hit,one,2,28,686,0.0029154518950437317
hit,piece,2,29,686,0.0029154518950437317
hit,somebody,2,30,686,0.0029154518950437317
hit,ross,2,31,686,0.0029154518950437317
hit,foot,2,32,686,0.0029154518950437317
hit,hunhunh,2,33,686,0.0029154518950437317
hit,dingo,2,34,686,0.0029154518950437317
hit,david,2,35,686,0.0029154518950437317
hit,no,1,36,686,0.0014577259475218659
hit,good,1,37,686,0.0014577259475218659
hit,thank_you,1,38,686,0.0014577259475218659
hit,pete,1,39,686,0.0014577259475218659
hit,lwww,1,40,686,0.0014577259475218659
hit,laura,1,41,686,0.0014577259475218659
hit,mwww,1,42,686,0.0014577259475218659
hit,wanna,1,43,686,0.0014577259475218659
hit,lizzie,1,44,686,0.0014577259475218659
hit,jwww,1,45,686,0.0014577259475218659
hit,henry,1,46,686,0.0014577259475218659
hit,globe,1,47,686,0.0014577259475218659
hit,dear,1,48,686,0.0014577259475218659
hit,acorn,1,49,686,0.0014577259475218659
hit,tv,1,50,686,0.0014577259475218659
hit,mumma,1,51,686,0.0014577259475218659
hit,cousin,1,52,686,0.0014577259475218659
hit,sarah,1,53,686,0.0014577259475218659
hit,man,1,54,686,0.0014577259475218659
hit,finger,1,55,686,0.0014577259475218659
hit,ana,1,56,686,0.0014577259475218659
hit,shem,1,57,686,0.0014577259475218659
hit,sun,1,58,686,0.0014577259475218659
hit,bike,1,59,686,0.0014577259475218659
hit,doggie,1,60,686,0.0014577259475218659
hit,kim,1,61,686,0.0014577259475218659
hit,someone,1,62,686,0.0014577259475218659
hit,box,1,63,686,0.0014577259475218659
hit,dennis,1,64,686,0.0014577259475218659
hit,samuelson,1,65,686,0.0014577259475218659
hit,cyclone,1,66,686,0.0014577259475218659
hit,nobody,1,67,686,0.0014577259475218659
hit,everybody,1,68,686,0.0014577259475218659
hit,horse,1,69,686,0.0014577259475218659
hit,air,1,70,686,0.0014577259475218659
hit,airplane,1,71,686,0.0014577259475218659
hit,wave,1,72,686,0.0014577259475218659
hit,marky,1,73,686,0.0014577259475218659
hit,baby,1,74,686,0.0014577259475218659
hit,thing,1,75,686,0.0014577259475218659
hit,kalie,1,76,686,0.0014577259475218659
hit,knee,1,77,686,0.0014577259475218659
hit,nomi,1,78,686,0.0014577259475218659
hit,baseball,1,79,686,0.0014577259475218659
hit,cricket,1,80,686,0.0014577259475218659
hit,mama,1,81,686,0.0014577259475218659
hit,cookie,1,82,686,0.0014577259475218659
hit,us,1,83,686,0.0014577259475218659
hit,marissa,1,84,686,0.0014577259475218659
hit,stick,1,85,686,0.0014577259475218659
hit,light,1,86,686,0.0014577259475218659
hit,this,1,87,686,0.0014577259475218659
hit,racquet,1,88,686,0.0014577259475218659
hit,cow,1,89,686,0.0014577259475218659
hit,perri,1,90,686,0.0014577259475218659
hit,steven,1,91,686,0.0014577259475218659
hit,microphone,1,92,686,0.0014577259475218659
hit,willem,1,93,686,0.0014577259475218659
sound,that,271,1,675,0.4014814814814815
sound,it,162,2,675,0.24
sound,you,62,3,675,0.09185185185185185
sound,he,60,4,675,0.08888888888888889
sound,she,7,5,675,0.01037037037037037
sound,i,7,6,675,0.01037037037037037
sound,they,7,7,675,0.01037037037037037
sound,what,5,8,675,0.007407407407407408
sound,h,5,9,675,0.007407407407407408
sound,this,4,10,675,0.005925925925925926
sound,music,4,11,675,0.005925925925925926
sound,cow,3,12,675,0.0044444444444444444
sound,which,3,13,675,0.0044444444444444444
sound,voice,3,14,675,0.0044444444444444444
sound,one,2,15,675,0.002962962962962963
sound,part,2,16,675,0.002962962962962963
sound,egg,2,17,675,0.002962962962962963
sound,chicken,2,18,675,0.002962962962962963
sound,y,2,19,675,0.002962962962962963
sound,animal,2,20,675,0.002962962962962963
sound,car,2,21,675,0.002962962962962963
sound,bell,2,22,675,0.002962962962962963
sound,word,1,23,675,0.0014814814814814814
sound,dog,1,24,675,0.0014814814814814814
sound,helicopter,1,25,675,0.0014814814814814814
sound,uhoh,1,26,675,0.0014814814814814814
sound,tune,1,27,675,0.0014814814814814814
sound,hotdog,1,28,675,0.0014814814814814814
sound,kitty+cat,1,29,675,0.0014814814814814814
sound,v,1,30,675,0.0014814814814814814
sound,these,1,31,675,0.0014814814814814814
sound,dollie,1,32,675,0.0014814814814814814
sound,sandra,1,33,675,0.0014814814814814814
sound,kent,1,34,675,0.0014814814814814814
sound,uncle_buster,1,35,675,0.0014814814814814814
sound,shem,1,36,675,0.0014814814814814814
sound,mm,1,37,675,0.0014814814814814814
sound,hen,1,38,675,0.0014814814814814814
sound,home,1,39,675,0.0014814814814814814
sound,chugchugchugchug,1,40,675,0.0014814814814814814
sound,fishie,1,41,675,0.0014814814814814814
sound,mine,1,42,675,0.0014814814814814814
sound,r,1,43,675,0.0014814814814814814
sound,dot,1,44,675,0.0014814814814814814
sound,ick,1,45,675,0.0014814814814814814
sound,lots_of,1,46,675,0.0014814814814814814
sound,ninight,1,47,675,0.0014814814814814814
sound,nomi,1,48,675,0.0014814814814814814
sound,babbling,1,49,675,0.0014814814814814814
sound,lion,1,50,675,0.0014814814814814814
sound,tuba,1,51,675,0.0014814814814814814
sound,joseph,1,52,675,0.0014814814814814814
sound,nen,1,53,675,0.0014814814814814814
sound,duck,1,54,675,0.0014814814814814814
sound,motorcycle,1,55,675,0.0014814814814814814
sound,hedgehog,1,56,675,0.0014814814814814814
sound,sound,1,57,675,0.0014814814814814814
sound,kinda,1,58,675,0.0014814814814814814
sound,boat,1,59,675,0.0014814814814814814
sound,tractor,1,60,675,0.0014814814814814814
sound,sauce,1,61,675,0.0014814814814814814
sound,milk,1,62,675,0.0014814814814814814
sound,thunder,1,63,675,0.0014814814814814814
sound,potter,1,64,675,0.0014814814814814814
sound,soccer,1,65,675,0.0014814814814814814
sound,guy,1,66,675,0.0014814814814814814
sound,horse,1,67,675,0.0014814814814814814
sound,thing,1,68,675,0.0014814814814814814
sound,static,1,69,675,0.0014814814814814814
sound,elbow,1,70,675,0.0014814814814814814
sound,driver,1,71,675,0.0014814814814814814
sound,cosby,1,72,675,0.0014814814814814814
sound,p,1,73,675,0.0014814814814814814
sound,street,1,74,675,0.0014814814814814814
sound,tape,1,75,675,0.0014814814814814814
sound,a_lot_of,1,76,675,0.0014814814814814814
sound,nose,1,77,675,0.0014814814814814814
sound,noise,1,78,675,0.0014814814814814814
close,you,240,1,628,0.3821656050955414
close,i,94,2,628,0.14968152866242038
close,we,55,3,628,0.0875796178343949
close,it,53,4,628,0.08439490445859872
close,us,24,5,628,0.03821656050955414
close,eye,18,6,628,0.028662420382165606
close,door,17,7,628,0.027070063694267517
close,they,13,8,628,0.020700636942675158
close,he,12,9,628,0.01910828025477707
close,wanna,8,10,628,0.012738853503184714
close,all,7,11,628,0.011146496815286623
close,mommy,7,12,628,0.011146496815286623
close,that,6,13,628,0.009554140127388535
close,she,5,14,628,0.007961783439490446
close,nathaniel,4,15,628,0.006369426751592357
close,lemme,3,16,628,0.004777070063694267
close,one,3,17,628,0.004777070063694267
close,tooth,3,18,628,0.004777070063694267
close,ya,2,19,628,0.0031847133757961785
close,front,2,20,628,0.0031847133757961785
close,what,2,21,628,0.0031847133757961785
close,who,2,22,628,0.0031847133757961785
close,cat,2,23,628,0.0031847133757961785
close,bee,2,24,628,0.0031847133757961785
close,mama,2,25,628,0.0031847133757961785
close,no,2,26,628,0.0031847133757961785
close,daddy,2,27,628,0.0031847133757961785
close,michael,2,28,628,0.0031847133757961785
close,part,1,29,628,0.0015923566878980893
close,uhhuh,1,30,628,0.0015923566878980893
close,thank_you,1,31,628,0.0015923566878980893
close,mrs_jwww,1,32,628,0.0015923566878980893
close,point,1,33,628,0.0015923566878980893
close,someone,1,34,628,0.0015923566878980893
close,adam,1,35,628,0.0015923566878980893
close,mouth,1,36,628,0.0015923566878980893
close,sarah,1,37,628,0.0015923566878980893
close,this,1,38,628,0.0015923566878980893
close,gate,1,39,628,0.0015923566878980893
close,bambi,1,40,628,0.0015923566878980893
close,cow,1,41,628,0.0015923566878980893
close,library,1,42,628,0.0015923566878980893
close,donkey,1,43,628,0.0015923566878980893
close,monkey,1,44,628,0.0015923566878980893
close,horse,1,45,628,0.0015923566878980893
close,pig,1,46,628,0.0015923566878980893
close,chi,1,47,628,0.0015923566878980893
close,store,1,48,628,0.0015923566878980893
close,smurfs,1,49,628,0.0015923566878980893
close,eat,1,50,628,0.0015923566878980893
close,megan,1,51,628,0.0015923566878980893
close,brittany,1,52,628,0.0015923566878980893
close,hasta,1,53,628,0.0015923566878980893
close,laura,1,54,628,0.0015923566878980893
close,noah,1,55,628,0.0015923566878980893
close,grover,1,56,628,0.0015923566878980893
close,somebody,1,57,628,0.0015923566878980893
close,people,1,58,628,0.0015923566878980893
close,builder,1,59,628,0.0015923566878980893
close,baby,1,60,628,0.0015923566878980893
close,slide,1,61,628,0.0015923566878980893
close,gabriella,1,62,628,0.0015923566878980893
close,bobby,1,63,628,0.0015923566878980893
close,box,1,64,628,0.0015923566878980893
taste,it,279,1,616,0.45292207792207795
taste,you,85,2,616,0.137987012987013
taste,that,62,3,616,0.10064935064935066
taste,they,45,4,616,0.07305194805194805
taste,i,33,5,616,0.05357142857142857
taste,mine,6,6,616,0.00974025974025974
taste,this,6,7,616,0.00974025974025974
taste,he,6,8,616,0.00974025974025974
taste,yours,5,9,616,0.008116883116883116
taste,milk,4,10,616,0.006493506493506494
taste,wanna,4,11,616,0.006493506493506494
taste,coffee,3,12,616,0.00487012987012987
taste,juice,3,13,616,0.00487012987012987
taste,boy,2,14,616,0.003246753246753247
taste,grass,2,15,616,0.003246753246753247
taste,book,2,16,616,0.003246753246753247
taste,mommy,2,17,616,0.003246753246753247
taste,maggie,2,18,616,0.003246753246753247
taste,cornmeal,2,19,616,0.003246753246753247
taste,rice,2,20,616,0.003246753246753247
taste,she,2,21,616,0.003246753246753247
taste,koolaid,2,22,616,0.003246753246753247
taste,one,2,23,616,0.003246753246753247
taste,apple,2,24,616,0.003246753246753247
taste,hair,2,25,616,0.003246753246753247
taste,bubble,2,26,616,0.003246753246753247
taste,we,2,27,616,0.003246753246753247
taste,butter,2,28,616,0.003246753246753247
taste,gum,1,29,616,0.0016233766233766235
taste,what,1,30,616,0.0016233766233766235
taste,toast,1,31,616,0.0016233766233766235
taste,us,1,32,616,0.0016233766233766235
taste,strawberry,1,33,616,0.0016233766233766235
taste,saw,1,34,616,0.0016233766233766235
taste,cow,1,35,616,0.0016233766233766235
taste,finger,1,36,616,0.0016233766233766235
taste,blankie,1,37,616,0.0016233766233766235
taste,person,1,38,616,0.0016233766233766235
taste,soap,1,39,616,0.0016233766233766235
taste,lemme,1,40,616,0.0016233766233766235
taste,winston,1,41,616,0.0016233766233766235
taste,banjos,1,42,616,0.0016233766233766235
taste,man,1,43,616,0.0016233766233766235
taste,thank_you,1,44,616,0.0016233766233766235
taste,sugar,1,45,616,0.0016233766233766235
taste,meat,1,46,616,0.0016233766233766235
taste,mustard,1,47,616,0.0016233766233766235
taste,stuff,1,48,616,0.0016233766233766235
taste,brain,1,49,616,0.0016233766233766235
taste,duey,1,50,616,0.0016233766233766235
taste,lucky,1,51,616,0.0016233766233766235
taste,crust,1,52,616,0.0016233766233766235
taste,sandwich,1,53,616,0.0016233766233766235
taste,oughta,1,54,616,0.0016233766233766235
taste,food,1,55,616,0.0016233766233766235
taste,toe,1,56,616,0.0016233766233766235
taste,chocolate,1,57,616,0.0016233766233766235
taste,cracker,1,58,616,0.0016233766233766235
taste,shoe,1,59,616,0.0016233766233766235
taste,toothpaste,1,60,616,0.0016233766233766235
taste,yogurt,1,61,616,0.0016233766233766235
taste,beanice,1,62,616,0.0016233766233766235
taste,baaee,1,63,616,0.0016233766233766235
taste,chicken,1,64,616,0.0016233766233766235
taste,floor,1,65,616,0.0016233766233766235
taste,car,1,66,616,0.0016233766233766235
taste,soup,1,67,616,0.0016233766233766235
taste,chop,1,68,616,0.0016233766233766235
taste,thing,1,69,616,0.0016233766233766235
taste,deidre,1,70,616,0.0016233766233766235
taste,applesauce,1,71,616,0.0016233766233766235
taste,lemon,1,72,616,0.0016233766233766235
taste,carrot,1,73,616,0.0016233766233766235
blow,you,250,1,615,0.4065040650406504
blow,wind,77,2,615,0.12520325203252033
blow,i,72,3,615,0.11707317073170732
blow,he,35,4,615,0.056910569105691054
blow,it,32,5,615,0.05203252032520325
blow,we,23,6,615,0.03739837398373984
blow,daddy,16,7,615,0.026016260162601626
blow,they,14,8,615,0.022764227642276424
blow,tree,7,9,615,0.011382113821138212
blow,dinah,7,10,615,0.011382113821138212
blow,she,6,11,615,0.00975609756097561
blow,wanna,6,12,615,0.00975609756097561
blow,us,6,13,615,0.00975609756097561
blow,that,4,14,615,0.0065040650406504065
blow,who,4,15,615,0.0065040650406504065
blow,blow,4,16,615,0.0065040650406504065
blow,mommy,3,17,615,0.004878048780487805
blow,leaf,3,18,615,0.004878048780487805
blow,breeze,2,19,615,0.0032520325203252032
blow,c,2,20,615,0.0032520325203252032
blow,needta,2,21,615,0.0032520325203252032
blow,hat,2,22,615,0.0032520325203252032
blow,ship,2,23,615,0.0032520325203252032
blow,cheeky,1,24,615,0.0016260162601626016
blow,policeman,1,25,615,0.0016260162601626016
blow,something,1,26,615,0.0016260162601626016
blow,a_lot_of,1,27,615,0.0016260162601626016
blow,wind'll,1,28,615,0.0016260162601626016
blow,kind,1,29,615,0.0016260162601626016
blow,howard,1,30,615,0.0016260162601626016
blow,piggy,1,31,615,0.0016260162601626016
blow,oliver,1,32,615,0.0016260162601626016
blow,wolf,1,33,615,0.0016260162601626016
blow,list,1,34,615,0.0016260162601626016
blow,map,1,35,615,0.0016260162601626016
blow,paper,1,36,615,0.0016260162601626016
blow,louie,1,37,615,0.0016260162601626016
blow,gum,1,38,615,0.0016260162601626016
blow,daddy'll,1,39,615,0.0016260162601626016
blow,horn,1,40,615,0.0016260162601626016
blow,sweetie,1,41,615,0.0016260162601626016
blow,mummy,1,42,615,0.0016260162601626016
blow,dau_au,1,43,615,0.0016260162601626016
blow,nathaniel,1,44,615,0.0016260162601626016
blow,thomas,1,45,615,0.0016260162601626016
blow,linda,1,46,615,0.0016260162601626016
blow,leila,1,47,615,0.0016260162601626016
blow,nina,1,48,615,0.0016260162601626016
blow,hair,1,49,615,0.0016260162601626016
blow,what,1,50,615,0.0016260162601626016
blow,ellie,1,51,615,0.0016260162601626016
blow,bunny,1,52,615,0.0016260162601626016
blow,andrew,1,53,615,0.0016260162601626016
blow,dad,1,54,615,0.0016260162601626016
blow,sand,1,55,615,0.0016260162601626016
blow,charm,1,56,615,0.0016260162601626016
blow,page,1,57,615,0.0016260162601626016
blow,voom,1,58,615,0.0016260162601626016
blow,everyone,1,59,615,0.0016260162601626016
listen,you,208,1,566,0.3674911660777385
listen,i,90,2,566,0.15901060070671377
listen,we,59,3,566,0.10424028268551237
listen,he,34,4,566,0.06007067137809187
listen,she,19,5,566,0.03356890459363958
listen,it,19,6,566,0.03356890459363958
listen,us,13,7,566,0.022968197879858657
listen,they,13,8,566,0.022968197879858657
listen,wanna,10,9,566,0.0176678445229682
listen,roman,5,10,566,0.0088339222614841
listen,nobody,4,11,566,0.007067137809187279
listen,people,4,12,566,0.007067137809187279
listen,chi,4,13,566,0.007067137809187279
listen,that,4,14,566,0.007067137809187279
listen,honey,3,15,566,0.00530035335689046
listen,anybody,3,16,566,0.00530035335689046
listen,mommy,2,17,566,0.0035335689045936395
listen,henry,2,18,566,0.0035335689045936395
listen,somebody,2,19,566,0.0035335689045936395
listen,your,2,20,566,0.0035335689045936395
listen,bro,2,21,566,0.0035335689045936395
listen,abe,2,22,566,0.0035335689045936395
listen,nomi,2,23,566,0.0035335689045936395
listen,nathaniel,2,24,566,0.0035335689045936395
listen,weist,2,25,566,0.0035335689045936395
listen,one,2,26,566,0.0035335689045936395
listen,mother,2,27,566,0.0035335689045936395
listen,barry,2,28,566,0.0035335689045936395
listen,joey,2,29,566,0.0035335689045936395
listen,lady,1,30,566,0.0017667844522968198
listen,go,1,31,566,0.0017667844522968198
listen,pete,1,32,566,0.0017667844522968198
listen,someone,1,33,566,0.0017667844522968198
listen,nat,1,34,566,0.0017667844522968198
listen,laura,1,35,566,0.0017667844522968198
listen,who,1,36,566,0.0017667844522968198
listen,noone,1,37,566,0.0017667844522968198
listen,kitty,1,38,566,0.0017667844522968198
listen,dudley,1,39,566,0.0017667844522968198
listen,cindy,1,40,566,0.0017667844522968198
listen,ana,1,41,566,0.0017667844522968198
listen,whoever,1,42,566,0.0017667844522968198
listen,boy,1,43,566,0.0017667844522968198
listen,malcolm,1,44,566,0.0017667844522968198
listen,firstname,1,45,566,0.0017667844522968198
listen,sabato,1,46,566,0.0017667844522968198
listen,goofy,1,47,566,0.0017667844522968198
listen,kid,1,48,566,0.0017667844522968198
listen,something,1,49,566,0.0017667844522968198
listen,dad,1,50,566,0.0017667844522968198
listen,animal,1,51,566,0.0017667844522968198
listen,shell,1,52,566,0.0017667844522968198
listen,emy,1,53,566,0.0017667844522968198
listen,megan,1,54,566,0.0017667844522968198
listen,mama,1,55,566,0.0017667844522968198
listen,button,1,56,566,0.0017667844522968198
listen,kalie,1,57,566,0.0017667844522968198
listen,sweetheart,1,58,566,0.0017667844522968198
listen,nina,1,59,566,0.0017667844522968198
listen,lastname,1,60,566,0.0017667844522968198
listen,child,1,61,566,0.0017667844522968198
listen,stethoscope,1,62,566,0.0017667844522968198
listen,guy,1,63,566,0.0017667844522968198
listen,shh,1,64,566,0.0017667844522968198
listen,album,1,65,566,0.0017667844522968198
listen,harry,1,66,566,0.0017667844522968198
listen,johnathan,1,67,566,0.0017667844522968198
listen,remi,1,68,566,0.0017667844522968198
listen,everybody,1,69,566,0.0017667844522968198
listen,mom,1,70,566,0.0017667844522968198
listen,lemme,1,71,566,0.0017667844522968198
listen,asher,1,72,566,0.0017667844522968198
listen,toddy,1,73,566,0.0017667844522968198
listen,todd,1,74,566,0.0017667844522968198
listen,everyone,1,75,566,0.0017667844522968198
listen,steven,1,76,566,0.0017667844522968198
listen,lisa,1,77,566,0.0017667844522968198
drop,you,320,1,563,0.5683836589698046
drop,i,66,2,563,0.1172291296625222
drop,he,40,3,563,0.07104795737122557
drop,she,21,4,563,0.037300177619893425
drop,we,15,5,563,0.02664298401420959
drop,it,13,6,563,0.023090586145648313
drop,they,8,7,563,0.014209591474245116
drop,mommy,7,8,563,0.012433392539964476
drop,nose,4,9,563,0.007104795737122558
drop,ya,3,10,563,0.0053285968028419185
drop,adam,3,11,563,0.0053285968028419185
drop,what,3,12,563,0.0053285968028419185
drop,daddy,3,13,563,0.0053285968028419185
drop,climber,3,14,563,0.0053285968028419185
drop,that,3,15,563,0.0053285968028419185
drop,ball,2,16,563,0.003552397868561279
drop,log,2,17,563,0.003552397868561279
drop,whoop,2,18,563,0.003552397868561279
drop,gum,2,19,563,0.003552397868561279
drop,somebody,2,20,563,0.003552397868561279
drop,floor,1,21,563,0.0017761989342806395
drop,bit,1,22,563,0.0017761989342806395
drop,mr_johnson,1,23,563,0.0017761989342806395
drop,kwww,1,24,563,0.0017761989342806395
drop,mom,1,25,563,0.0017761989342806395
drop,car,1,26,563,0.0017761989342806395
drop,button,1,27,563,0.0017761989342806395
drop,paul,1,28,563,0.0017761989342806395
drop,duck,1,29,563,0.0017761989342806395
drop,eve,1,30,563,0.0017761989342806395
drop,sarah,1,31,563,0.0017761989342806395
drop,us,1,32,563,0.0017761989342806395
drop,cat,1,33,563,0.0017761989342806395
drop,wanna,1,34,563,0.0017761989342806395
drop,charlie,1,35,563,0.0017761989342806395
drop,robin,1,36,563,0.0017761989342806395
drop,guy,1,37,563,0.0017761989342806395
drop,man,1,38,563,0.0017761989342806395
drop,grandma,1,39,563,0.0017761989342806395
drop,piece,1,40,563,0.0017761989342806395
drop,arlo,1,41,563,0.0017761989342806395
drop,hansel,1,42,563,0.0017761989342806395
drop,who,1,43,563,0.0017761989342806395
drop,rain,1,44,563,0.0017761989342806395
drop,lassie,1,45,563,0.0017761989342806395
drop,maryann,1,46,563,0.0017761989342806395
drop,kid,1,47,563,0.0017761989342806395
drop,garfield,1,48,563,0.0017761989342806395
drop,andy,1,49,563,0.0017761989342806395
drop,someone,1,50,563,0.0017761989342806395
drop,brittany,1,51,563,0.0017761989342806395
drop,one,1,52,563,0.0017761989342806395
drop,fireman,1,53,563,0.0017761989342806395
drop,nomi,1,54,563,0.0017761989342806395
drop,mummy,1,55,563,0.0017761989342806395
drop,fixit,1,56,563,0.0017761989342806395
drop,lady,1,57,563,0.0017761989342806395
drop,job,1,58,563,0.0017761989342806395
drop,toad,1,59,563,0.0017761989342806395
drop,heart,1,60,563,0.0017761989342806395
drop,sand,1,61,563,0.0017761989342806395
touch,you,244,1,551,0.44283121597096187
touch,i,68,2,551,0.12341197822141561
touch,we,42,3,551,0.07622504537205081
touch,he,31,4,551,0.056261343012704176
touch,no,25,5,551,0.045372050816696916
touch,it,15,6,551,0.02722323049001815
touch,she,11,7,551,0.019963702359346643
touch,they,7,8,551,0.012704174228675136
touch,wanna,6,9,551,0.010889292196007259
touch,us,6,10,551,0.010889292196007259
touch,hand,5,11,551,0.009074410163339383
touch,that,4,12,551,0.007259528130671506
touch,nothing,4,13,551,0.007259528130671506
touch,who,3,14,551,0.0054446460980036296
touch,timmy,3,15,551,0.0054446460980036296
touch,one,3,16,551,0.0054446460980036296
touch,wheel,2,17,551,0.003629764065335753
touch,thing,2,18,551,0.003629764065335753
touch,sarah,2,19,551,0.003629764065335753
touch,baby,2,20,551,0.003629764065335753
touch,patricia,2,21,551,0.003629764065335753
touch,chi,2,22,551,0.003629764065335753
touch,guy,2,23,551,0.003629764065335753
touch,foot,2,24,551,0.003629764065335753
touch,nomi,2,25,551,0.003629764065335753
touch,child,2,26,551,0.003629764065335753
touch,fruit,2,27,551,0.003629764065335753
touch,star,2,28,551,0.003629764065335753
touch,house,2,29,551,0.003629764065335753
touch,what,2,30,551,0.003629764065335753
touch,marie,1,31,551,0.0018148820326678765
touch,ear,1,32,551,0.0018148820326678765
touch,whoever,1,33,551,0.0018148820326678765
touch,mommy,1,34,551,0.0018148820326678765
touch,jesus,1,35,551,0.0018148820326678765
touch,eve,1,36,551,0.0018148820326678765
touch,yours,1,37,551,0.0018148820326678765
touch,hafta,1,38,551,0.0018148820326678765
touch,air,1,39,551,0.0018148820326678765
touch,nobody,1,40,551,0.0018148820326678765
touch,yep,1,41,551,0.0018148820326678765
touch,wee,1,42,551,0.0018148820326678765
touch,none,1,43,551,0.0018148820326678765
touch,greasy,1,44,551,0.0018148820326678765
touch,man,1,45,551,0.0018148820326678765
touch,hero,1,46,551,0.0018148820326678765
touch,nope,1,47,551,0.0018148820326678765
touch,tam,1,48,551,0.0018148820326678765
touch,booboo,1,49,551,0.0018148820326678765
touch,abbey,1,50,551,0.0018148820326678765
touch,david,1,51,551,0.0018148820326678765
touch,jamie,1,52,551,0.0018148820326678765
touch,sara,1,53,551,0.0018148820326678765
touch,all,1,54,551,0.0018148820326678765
touch,smiley,1,55,551,0.0018148820326678765
touch,joseph,1,56,551,0.0018148820326678765
touch,uhoh,1,57,551,0.0018148820326678765
touch,somebody,1,58,551,0.0018148820326678765
touch,parent,1,59,551,0.0018148820326678765
touch,tail,1,60,551,0.0018148820326678765
touch,page,1,61,551,0.0018148820326678765
touch,brett,1,62,551,0.0018148820326678765
touch,a,1,63,551,0.0018148820326678765
touch,fellas,1,64,551,0.0018148820326678765
touch,derwood,1,65,551,0.0018148820326678765
touch,uhhuh,1,66,551,0.0018148820326678765
touch,roland,1,67,551,0.0018148820326678765
touch,touch,1,68,551,0.0018148820326678765
touch,robert,1,69,551,0.0018148820326678765
touch,michael,1,70,551,0.0018148820326678765
touch,todd,1,71,551,0.0018148820326678765
touch,cherry,1,72,551,0.0018148820326678765
touch,hasta,1,73,551,0.0018148820326678765
touch,steven,1,74,551,0.0018148820326678765
touch,teacher,1,75,551,0.0018148820326678765
touch,fishy,1,76,551,0.0018148820326678765
ride,you,252,1,541,0.4658040665434381
ride,he,50,2,541,0.09242144177449169
ride,i,41,3,541,0.07578558225508318
ride,we,37,4,541,0.06839186691312385
ride,they,28,5,541,0.051756007393715345
ride,wanna,12,6,541,0.022181146025878003
ride,people,12,7,541,0.022181146025878003
ride,she,11,8,541,0.02033271719038817
ride,man,7,9,541,0.012939001848428836
ride,us,6,10,541,0.011090573012939002
ride,who,6,11,541,0.011090573012939002
ride,that,3,12,541,0.005545286506469501
ride,baby,3,13,541,0.005545286506469501
ride,somebody,2,14,541,0.0036968576709796672
ride,donkey,2,15,541,0.0036968576709796672
ride,horse,2,16,541,0.0036968576709796672
ride,adam,2,17,541,0.0036968576709796672
ride,one,2,18,541,0.0036968576709796672
ride,everybody,2,19,541,0.0036968576709796672
ride,child,2,20,541,0.0036968576709796672
ride,alligator,2,21,541,0.0036968576709796672
ride,bear,2,22,541,0.0036968576709796672
ride,girl,2,23,541,0.0036968576709796672
ride,it,2,24,541,0.0036968576709796672
ride,her,1,25,541,0.0018484288354898336
ride,lamb,1,26,541,0.0018484288354898336
ride,boy,1,27,541,0.0018484288354898336
ride,peter,1,28,541,0.0018484288354898336
ride,oughta,1,29,541,0.0018484288354898336
ride,uhhuh,1,30,541,0.0018484288354898336
ride,foot,1,31,541,0.0018484288354898336
ride,kitty,1,32,541,0.0018484288354898336
ride,snoopy,1,33,541,0.0018484288354898336
ride,joanna,1,34,541,0.0018484288354898336
ride,dwww,1,35,541,0.0018484288354898336
ride,no,1,36,541,0.0018484288354898336
ride,grandmother,1,37,541,0.0018484288354898336
ride,jack,1,38,541,0.0018484288354898336
ride,george,1,39,541,0.0018484288354898336
ride,queen,1,40,541,0.0018484288354898336
ride,mommy,1,41,541,0.0018484288354898336
ride,rider,1,42,541,0.0018484288354898336
ride,craig,1,43,541,0.0018484288354898336
ride,doggie,1,44,541,0.0018484288354898336
ride,airplane,1,45,541,0.0018484288354898336
ride,boat,1,46,541,0.0018484288354898336
ride,beat,1,47,541,0.0018484288354898336
ride,april,1,48,541,0.0018484288354898336
ride,abe,1,49,541,0.0018484288354898336
ride,koalas,1,50,541,0.0018484288354898336
ride,dog,1,51,541,0.0018484288354898336
ride,money,1,52,541,0.0018484288354898336
ride,some,1,53,541,0.0018484288354898336
ride,kermit,1,54,541,0.0018484288354898336
ride,truck,1,55,541,0.0018484288354898336
ride,grover,1,56,541,0.0018484288354898336
ride,cowboy,1,57,541,0.0018484288354898336
ride,lady,1,58,541,0.0018484288354898336
ride,gentleman,1,59,541,0.0018484288354898336
ride,squaw,1,60,541,0.0018484288354898336
ride,mouse,1,61,541,0.0018484288354898336
ride,nina,1,62,541,0.0018484288354898336
ride,chicken,1,63,541,0.0018484288354898336
ride,daddy,1,64,541,0.0018484288354898336
ride,megan,1,65,541,0.0018484288354898336
ride,puppy,1,66,541,0.0018484288354898336
ride,guy,1,67,541,0.0018484288354898336
ride,what,1,68,541,0.0018484288354898336
ride,car,1,69,541,0.0018484288354898336
ride,ames,1,70,541,0.0018484288354898336
ride,zach,1,71,541,0.0018484288354898336
ride,deedee,1,72,541,0.0018484288354898336
ride,toyall,1,73,541,0.0018484288354898336
ride,father,1,74,541,0.0018484288354898336
ride,the,1,75,541,0.0018484288354898336
wonder,i,496,1,532,0.9323308270676691
wonder,you,12,2,532,0.022556390977443608
wonder,she,7,3,532,0.013157894736842105
wonder,he,6,4,532,0.011278195488721804
wonder,we,3,5,532,0.005639097744360902
wonder,they,2,6,532,0.0037593984962406013
wonder,ruth,1,7,532,0.0018796992481203006
wonder,aladin,1,8,532,0.0018796992481203006
wonder,huckle,1,9,532,0.0018796992481203006
wonder,mommy,1,10,532,0.0018796992481203006
wonder,everyone,1,11,532,0.0018796992481203006
wonder,alice,1,12,532,0.0018796992481203006
learn,you,318,1,528,0.6022727272727273
learn,they,33,2,528,0.0625
learn,he,32,3,528,0.06060606060606061
learn,i,31,4,528,0.058712121212121215
learn,she,27,5,528,0.05113636363636364
learn,we,24,6,528,0.045454545454545456
learn,bear,5,7,528,0.00946969696969697
learn,panther,3,8,528,0.005681818181818182
learn,child,3,9,528,0.005681818181818182
learn,cricter,3,10,528,0.005681818181818182
learn,hasta,3,11,528,0.005681818181818182
learn,baby,3,12,528,0.005681818181818182
learn,hadta,2,13,528,0.003787878787878788
learn,girl,2,14,528,0.003787878787878788
learn,it,2,15,528,0.003787878787878788
learn,ya,2,16,528,0.003787878787878788
learn,scout,2,17,528,0.003787878787878788
learn,who,2,18,528,0.003787878787878788
learn,that,2,19,528,0.003787878787878788
learn,guy,2,20,528,0.003787878787878788
learn,andrew,1,21,528,0.001893939393939394
learn,people,1,22,528,0.001893939393939394
learn,kiki,1,23,528,0.001893939393939394
learn,mandy,1,24,528,0.001893939393939394
learn,sister,1,25,528,0.001893939393939394
learn,boy,1,26,528,0.001893939393939394
learn,fish,1,27,528,0.001893939393939394
learn,sarah,1,28,528,0.001893939393939394
learn,father,1,29,528,0.001893939393939394
learn,dolphin,1,30,528,0.001893939393939394
learn,firstname,1,31,528,0.001893939393939394
learn,wanna,1,32,528,0.001893939393939394
learn,bears,1,33,528,0.001893939393939394
learn,anyone,1,34,528,0.001893939393939394
learn,dog,1,35,528,0.001893939393939394
learn,indian,1,36,528,0.001893939393939394
learn,chi,1,37,528,0.001893939393939394
learn,ross,1,38,528,0.001893939393939394
learn,lowly,1,39,528,0.001893939393939394
learn,us,1,40,528,0.001893939393939394
learn,go,1,41,528,0.001893939393939394
learn,two,1,42,528,0.001893939393939394
learn,nicholas,1,43,528,0.001893939393939394
learn,justin,1,44,528,0.001893939393939394
learn,prudence,1,45,528,0.001893939393939394
learn,sport,1,46,528,0.001893939393939394
learn,needta,1,47,528,0.001893939393939394
