rank,actual_frequency,predicted_frequency,squared_error,num_verbs
1,0.3316693518491945,0.34455565681244404,0.00016605685560587002,100
2,0.1644130703382775,0.12876469117474998,0.001270806936986624,100
3,0.09149737348770517,0.07240143978537639,0.00036465468396373646,100
4,0.056704159988633235,0.04812095046332123,7.367148575540672e-05,100
5,0.03962591867551711,0.03505274054409983,2.091395822167328e-05,100
6,0.03024294744839222,0.027057309465814413,1.014828935604239e-05,100
7,0.02252125372762552,0.021738029190707258,6.134406752308265e-07,99
8,0.01533044378032257,0.017983391660923713,7.038132457186098e-06,99
9,0.010988575782367435,0.015213706056925671,1.7851725836988555e-05,99
10,0.008908505002565683,0.013099640716235771,1.7565618570400883e-05,99
11,0.006803286412275151,0.011441468559142987,2.1512733627523527e-05,97
12,0.005757777068257551,0.010111649681263926,1.8956206730286958e-05,96
13,0.004880447841841474,0.00902526212434226,1.7179485436422504e-05,96
14,0.0042882911737299675,0.008123769150633278,1.4710891311310311e-05,96
15,0.0038028025255609217,0.007365628262482808,1.2693727231672982e-05,96
16,0.0034635087613390106,0.006720614878059912,1.060874025558071e-05,96
17,0.00327308384852994,0.006166261182599246,8.370475086372375e-06,95
18,0.0029608249459451438,0.005685549267037039,7.424122625949689e-06,95
19,0.0027864937161797675,0.00526537456352084,6.144850255314393e-06,95
20,0.0025676602498647624,0.004895497020513174,5.418824030782826e-06,95
21,0.002394842582275672,0.004567809526228343,4.7217853395110104e-06,93
22,0.002284932928756036,0.004275817669728793,3.96362205183816e-06,93
23,0.0022346618733832054,0.004014263321607588,3.1669813145223213e-06,93
24,0.002085908850420524,0.0037788479821242744,2.8660429036538485e-06,93
25,0.0019453534892301012,0.0035660265485666057,2.626581165259145e-06,93
26,0.0018707445752406768,0.0033728515763265994,2.2563254427113434e-06,93
27,0.0018176232215741472,0.0031968542707528635,1.9022782870186225e-06,93
28,0.0017488925769668098,0.0030359525527269638,1.6565233812037283e-06,91
29,0.001724119626678684,0.0028883793233624327,1.3555006413221343e-06,90
30,0.001661252582294183,0.0027526259684741744,1.191095868061981e-06,90
31,0.001590688557463342,0.002627397480899542,1.0747653919322449e-06,89
32,0.0015068233608568078,0.0025115765252081623,1.00952892127406e-06,89
33,0.001481028427462997,0.0024041944474357856,8.522355004323992e-07,89
34,0.00147843392253606,0.0023044077239238185,6.822327205789443e-07,88
35,0.0013970165225535703,0.0022114787033570772,6.633486439592044e-07,87
36,0.0013632062951518544,0.0021247597624768117,5.799636835946647e-07,87
37,0.001319919377561345,0.0020436801949136854,5.23829720734528e-07,87
38,0.0013075711246979713,0.001967735302515162,4.358167416730476e-07,87
39,0.001288689636121416,0.001896477272461383,3.6940581088772406e-07,87
40,0.0012723932819961113,0.0018295075107021754,3.103762638267527e-07,86
41,0.0012520991323534806,0.0017664701695497725,2.6457756390638905e-07,86
42,0.001240523265006968,0.0017070466595474887,2.1764407765361028e-07,86
43,0.0012043819665693923,0.0016509509766242116,1.9942388074134136e-07,85
44,0.001188757212243376,0.0015979257077235202,1.674188576934848e-07,83
45,0.0011745980160455447,0.0015477386035716812,1.392338980593504e-07,82
46,0.0011566527385705174,0.0015001796275319744,1.180107234395372e-07,81
47,0.0011524968245073491,0.0014550584057295888,9.154351043170191e-08,80
48,0.001113498300662936,0.001412202016696032,8.922390997198037e-08,77
49,0.0010978647286086247,0.001371453069346254,7.485058018756913e-08,77
50,0.0010892127007376886,0.0013326680266842587,5.927049573175071e-08,77
51,0.0010848574813807084,0.001295715739637043,4.4461205074895136e-08,77
52,0.0010840639947609198,0.0012604761611572466,3.112125245264528e-08,77
53,0.0010382415502668252,0.001226839215459321,3.55690793160607e-08,75
54,0.0010260756381968979,0.0011947038011575787,2.8435457343493936e-08,74
55,0.0010069747494441052,0.001163976910312129,2.464967851722883e-08,73
56,0.000992184102431664,0.0011345728480838064,2.0274554888390523e-08,73
57,0.0009823555671480667,0.0011064125399506092,1.5390132500930772e-08,72
58,0.0009716396332469553,0.0010794229153252566,1.1617235895570673e-08,69
59,0.0009716396332469553,0.0010535363580003987,6.707073525341283e-09,69
60,0.0009687854366874247,0.0010286902151866602,3.588582487042469e-09,69
61,0.0009642892328863429,0.0010048263580413686,1.6432585158342142e-09,67
62,0.0009568889450855397,0.000981890787547003,6.250921264678239e-10,65
63,0.0009563577744765521,0.000959833280416326,1.2079141537403458e-11,65
64,0.0009538591056608071,0.000938607070399143,2.3262457962304286e-10,65
65,0.0009522439424120775,0.0009181685609627602,1.1611316209164765e-09,65
66,0.0009349774508037846,0.0008984770658304191,1.3322781032038892e-09,63
67,0.0009280324076396904,0.0008794945743023918,2.3559212650793812e-09,62
68,0.0009291137363353598,0.0008611855386640174,4.614240038876979e-09,61
69,0.0009290007485467921,0.0008435166813128927,7.307525750849827e-09,61
70,0.0009279991342890263,0.0008264568195213739,1.0310841688373002e-08,61
71,0.0009186075252972758,0.0008099767059969199,1.1800654901866583e-08,59
72,0.0009157833632275146,0.0007940488836170533,1.4819283526029802e-08,59
73,0.0009129137746152084,0.000778647552902395,1.8027418293034344e-08,59
74,0.0009129137746152084,0.000763748450954207,2.2250293782891293e-08,59
75,0.0008871135562337534,0.000749328740725449,1.8984655384657477e-08,58
76,0.0008170433870863658,0.0007353669096193086,6.67104697142671e-09,55
77,0.0008016444855232933,0.0007218426765188635,6.368328720379502e-09,54
78,0.0007956865784359553,0.0007087369064480342,7.560245458807062e-09,53
79,0.0007931545270849546,0.0006960315321489991,9.43287614532964e-09,53
80,0.0007762209394249119,0.000683709481936281,8.55836976667075e-09,51
81,0.0007751474551926402,0.000671754613254045,1.0690079764139337e-08,51
82,0.0007719628772902198,0.0006601516514218777,1.2501750230181417e-08,51
83,0.0007663202052598597,0.0006488861331064018,1.3790761302543563e-08,51
84,0.0007582473899075033,0.0006379443541023365,1.4472820423939236e-08,50
85,0.0007505228120261274,0.0006273133210477572,1.5180578667149103e-08,49
86,0.0007503821537587267,0.0006169807067349553,1.779594606803609e-08,49
87,0.0007349433288242395,0.0006069348087109932,1.6386181221583382e-08,47
88,0.0006822510068309713,0.0005971645108912393,7.23971179130202e-09,44
89,0.0006060530590580597,0.0005876592479352952,3.383322876199373e-10,40
90,0.0006114468656328068,0.0005784089721581042,1.0915024052457978e-09,39
91,0.0006009966203910837,0.0005694041227700167,9.980859059371213e-10,38
92,0.0006009966203910837,0.0005606355972584036,1.6290121883167348e-09,38
93,0.0005995632553373539,0.000552094724740353,2.2532613970384165e-09,38
94,0.0005778877339199141,0.0005437732411312069,1.1637986182307563e-09,37
95,0.0005769832843187746,0.0005356632659874331,1.7073439149023983e-09,37
96,0.0005611981046968423,0.0005277572808947021,1.1182886965657827e-09,36
97,0.0005231639789586327,0.0005200481092832348,9.708643834064379e-12,35
98,0.0005231639789586327,0.000512528897562582,1.131049563006226e-10,35
99,0.0005231639789586327,0.0005051930974771668,3.2295258122089436e-10,35
100,0.0005028651907840508,0.0004980344495921927,2.3336060462714082e-11,33
101,0.00048677244725403514,0.0004910469678270575,1.8271526129191508e-11,32
102,0.0004850615817588521,0.00048422492496022447,6.999945986898311e-13,32
103,0.0004850615817588521,0.00047756283903571754,5.623114242776346e-11,32
104,0.000484846198786895,0.0004710554606070407,1.9018445954529204e-10,32
105,0.00048398264145934635,0.0004646977607594657,3.71906623608629e-10,32
106,0.00048398264145934635,0.000458484919856311,6.501338069458946e-10,32
107,0.0004837672584873892,0.00045241231695910514,9.83132358242114e-10,32
108,0.0004948548681717895,0.00044647551987542797,2.3405613415806625e-09,30
109,0.0004911256059627874,0.00044067027579178475,2.5457403426648854e-09,30
110,0.0004784491948498325,0.0004349925024521259,1.8884841141488898e-09,29
111,0.0004784491948498325,0.00042943827984560755,2.4020697895513615e-09,29
112,0.0004784491948498325,0.00042400384236992024,2.9642964066618875e-09,29
113,0.0004656012091424409,0.0004186855714390154,2.2010770611190816e-09,28
114,0.00044517550854703285,0.0004134799885063606,1.0046059906486556e-09,27
115,0.0004439360776121378,0.00040838374847696065,1.263968106935968e-09,27
116,0.0004439360776121378,0.00040339363348332373,1.6436897759380123e-09,27
117,0.00039809467100617585,0.0003985065470023321,1.6964183620972459e-13,26
118,0.00037576964599407103,0.0003937195082916216,3.2219755650102644e-10,25
119,0.00037576964599407103,0.00038902964712557973,1.7582763000761191e-10,25
120,0.00037549395578996596,0.0003844341988124731,7.992794530148784e-11,25
121,0.00039154998249246254,0.0003799304994754904,1.3501238558170449e-10,23
122,0.00039154998249246254,0.00037551598158168056,2.570891852069573e-10,23
123,0.00039154998249246254,0.0003711881697038572,4.1460342003821216e-10,23
124,0.00036254361466916854,0.0003669446765015515,1.9369345252458218e-11,22
125,0.0003539051006916688,0.0003627831989080336,7.882062793941916e-11,22
126,0.0003535918163688221,0.00035870151451128845,2.6109015107124152e-11,22
127,0.0003535918163688221,0.00035469747811763235,1.2224879027821622e-12,22
128,0.0003535918163688221,0.0003507690184874001,7.968187879360484e-12,22
129,0.00034850645881109204,0.0003469141352328225,2.535494377913177e-12,22
130,0.00034850645881109204,0.00034313089586885125,2.8896676945992476e-11,22
131,0.00034601792718173493,0.0003394174330082829,4.356652333377444e-11,22
132,0.00034601792718173493,0.00033577194169308165,1.0498021863369364e-10,22
133,0.00034601792718173493,0.000332192676854318,1.911375466157415e-10,22
134,0.00034570464285888815,0.00032867795089360895,2.8990823928050305e-10,22
135,0.0003163849998642993,0.00032522613137939485,7.816560646721614e-11,21
136,0.0003163849998642993,0.0003218356388517954,2.970946537201256e-11,21
137,0.0003163849998642993,0.0003185049447301754,4.49416623435445e-12,21
138,0.00031605679724036454,0.0003152325693179037,6.793516681640735e-13,21
139,0.00027201499744841564,0.0003120170798991268,1.600166600393494e-09,20
140,0.0002706333057243378,0.0003088570889226868,1.4610576019943866e-09,20
141,0.00026243282571241836,0.00030575125226860536,1.876486079303767e-09,20
142,0.00026243282571241836,0.0003026982675928247,1.6213058098243807e-09,20
143,0.00026208821295728695,0.0002996968727461524,1.4144112911146232e-09,20
144,0.00026208821295728695,0.00029674584426359106,1.2011514077637108e-09,20
145,0.00026208821295728695,0.00029384399592045636,1.0084297516039203e-09,20
146,0.00026208821295728695,0.0002909901773518948,8.353235458671804e-10,20
147,0.00026208821295728695,0.000288183272732605,6.809521446774229e-10,20
148,0.0002589350297426241,0.00028542219951374875,7.015701624843782e-10,19
149,0.0002589350297426241,0.0002827059072142074,5.650546157690261e-10,19
150,0.0002589350297426241,0.0002800333762635006,4.4514022591498123e-10,19
151,0.0002589350297426241,0.00027740361689383,3.4108871136168606e-10,19
152,0.00024862565562338207,0.0002748156680788551,6.85916752417834e-10,19
153,0.00024862565562338207,0.0002722685965169377,5.589886540961663e-10,19
154,0.00024826290535482265,0.00026976149565671406,4.6218938496857937e-10,19
155,0.00024826290535482265,0.00026729348476297286,3.62162952609911e-10,19
156,0.00024826290535482265,0.00026486370802092374,2.7558664915882907e-10,19
157,0.00024826290535482265,0.00026247133367704396,2.0187943538770082e-10,19
158,0.00024826290535482265,0.00026011555321478914,1.4048526129236815e-10,19
159,0.00024826290535482265,0.00025779558056354164,9.087189663492565e-11,19
160,0.00024680849301368814,0.00025551065133925827,7.57275595232895e-11,19
161,0.0002435790126376693,0.00025326002211535783,9.372194450709525e-11,19
162,0.0002435790126376693,0.0002510429697224658,5.571065536368366e-11,19
163,0.0002435790126376693,0.00024885879057570334,2.7876055074951057e-11,19
164,0.0002432162623691099,0.000246706800028277,1.2183853150063657e-11,19
165,0.0002432162623691099,0.0002445863317501871,1.8770901089652243e-12,19
166,0.00024050539858257234,0.00024249673713093393,3.965429214190836e-12,18
167,0.00024050539858257234,0.000240437384705157,4.625887521069405e-15,18
168,0.00023467286462882603,0.0002384076596001948,1.3948693478161414e-11,18
169,0.00023428996156756886,0.00023640696300460527,4.481695084414225e-12,18
170,0.00023428996156756886,0.00023443471165673197,2.0952588312727847e-14,18
171,0.00022643167181950378,0.00023249033735244783,3.6707428040084226e-11,16
172,0.00022643167181950378,0.00023057328647125042,1.715297192356245e-11,16
173,0.00022643167181950378,0.00022868301951992152,5.068566468176228e-12,16
174,0.00022600090587558948,0.00022681901069300465,6.692954922779067e-13,16
175,0.00022600090587558948,0.00022498074744938643,1.0407232145530866e-12,16
176,0.00022600090587558948,0.000223167730104305,8.026884950993417e-12,16
177,0.00022600090587558948,0.0002213794714361391,2.135765627813804e-11,16
178,0.00022427379122049227,0.00021961549630736233,2.169971149769224e-11,16
179,0.00022427379122049227,0.00021787534129907602,4.0940161396871576e-11,16
180,0.00022427379122049227,0.00021615855435856235,6.585706932522613e-11,16
181,0.00022427379122049227,0.00021446469445932353,9.621837926997105e-11,16
182,0.00022427379122049227,0.00021279333127309898,1.318009606037015e-10,16
183,0.00022384302527657797,0.00021114404485337627,1.6126410378885994e-10,16
184,0.00022384302527657797,0.00020951642532993122,2.0525146603125863e-10,16
185,0.00022384302527657797,0.00020791007261395666,2.538589805493315e-10,16
186,0.00022384302527657797,0.0002063245961133575,3.0689536034677387e-10,16
187,0.00022384302527657797,0.00020475961445780882,3.641765684779153e-10,16
188,0.00022384302527657797,0.00020321475523319254,4.2552552498283285e-10,16
189,0.00022384302527657797,0.00020168965472504497,4.907718267935294e-10,16
190,0.0002080058945295623,0.00020018395767066292,6.118269622460875e-11,15
191,0.0002080058945295623,0.0001986973170195336,8.664961526021217e-11,15
192,0.0002080058945295623,0.00019722939370176598,1.1613297009149495e-10,15
193,0.0002080058945295623,0.00019577985640421654,1.4947600824240815e-10,15
194,0.00020754641085605376,0.00019434838135401602,1.7418798273665855e-10,15
195,0.00020754641085605376,0.00019293465210921498,2.1350349367581965e-10,15
196,0.0002023080103139333,0.00019153835935627986,1.1598538174968566e-10,14
197,0.0002023080103139333,0.00019015920071418067,1.475935746910416e-10,14
198,0.0002075471863686174,0.00018879688054482507,3.5157396848574085e-10,13
199,0.0002075471863686174,0.00018745110976960074,4.038522946735455e-10,13
200,0.0002075471863686174,0.0001861216056918012,4.5905550733876064e-10,13
201,0.00019505384228989155,0.0001848080918247171,1.0497540259462228e-10,13
202,0.00018714155936362198,0.0001835102977251855,1.31860610867804e-11,12
203,0.0001937923879317578,0.00018222795883239779,1.337360203941245e-10,11
204,0.0001937923879317578,0.0001809608163117753,1.6464923023873984e-10,11
205,0.00019316581928606428,0.00017970861690372891,1.8109629595913268e-10,11
206,0.00019316581928606428,0.00017847111277712768,2.1593439938378385e-10,11
207,0.00019316581928606428,0.00017724806138730688,2.5337501652345367e-10,11
208,0.00019316581928606428,0.00017603922533845494,2.933202202462889e-10,11
209,0.00019316581928606428,0.00017484437225022263,3.35675421487151e-10,11
210,0.00020035760650479226,0.00017366327462840645,7.125873543266279e-10,10
211,0.00020035760650479226,0.00017249570973956258,7.762852913563163e-10,10
212,0.00019966838099452937,0.00017134145948941417,8.024144819569581e-10,10
213,0.00019966838099452937,0.00017020031030492004,8.683671901678124e-10,10
214,0.00019966838099452937,0.00016907205301987756,9.361352855324607e-10,10
215,0.00019690499754637382,0.00016795648276393834,8.380165081088853e-10,10
216,0.00019690499754637382,0.00016685339885491932,9.030985839122298e-10,10
217,0.00019690499754637382,0.00016576260469429682,9.698486325530963e-10,10
218,0.00019690499754637382,0.0001646839076657752,1.038198633093615e-09,10
219,0.00019690499754637382,0.00016361711903682604,1.1080828556664126e-09,10
220,0.00019690499754637382,0.00016256205386309803,1.1794377808326523e-09,10
221,0.00019690499754637382,0.0001615185308956011,1.2522020220262504e-09,10
222,0.00019690499754637382,0.00016048637249057177,1.3263162509550922e-09,10
223,0.00019143022796178828,0.00015946540452193132,1.0217499375412288e-09,10
224,0.00019143022796178828,0.00015845545629625057,1.087335566394349e-09,10
225,0.00019143022796178828,0.00015745636047013846,1.1542236723401808e-09,10
226,0.00019143022796178828,0.00015646795296997556,1.2223606726031332e-09,10
227,0.00018739453892730904,0.00015549007291391518,1.017894951599804e-09,10
228,0.00018739453892730904,0.0001545225625360791,1.0805668318655796e-09,10
229,0.00018739453892730904,0.0001535652671128762,1.14441963149478e-09,10
230,0.00018739453892730904,0.00015261803489137615,1.209405232961257e-09,10
231,0.00018739453892730904,0.00015168071701967162,1.2754770752504427e-09,10
232,0.00018739453892730904,0.0001507531674791661,1.342590101600784e-09,10
233,0.00018739453892730904,0.00014983524301872552,1.410700709148539e-09,10
234,0.00018739453892730904,0.00014892680309063505,1.4797667004001324e-09,10
235,0.00014868968730091106,0.00014802770978830364,4.38214227197913e-13,9
236,0.00014868968730091106,0.00014713782778566202,2.4082679550689844e-12,9
237,0.00014868968730091106,0.0001462570242782007,5.917849382062253e-12,9
238,0.00014868968730091106,0.00014538516892559708,1.0919841692787754e-11,9
239,0.00014868968730091106,0.0001445221337958822,1.7368502217278293e-11,9
240,0.00014868968730091106,0.00014366779331110004,2.5219419244900018e-11,9
241,0.00014868968730091106,0.00014282202419441283,3.442947033136052e-11,9
242,0.00014868968730091106,0.00014198470541860846,4.495678204200619e-11,9
243,0.00014792388117839677,0.0001411557181559673,4.5808030698181655e-11,9
244,0.00014792388117839677,0.00014033494572944667,5.759194124833138e-11,9
245,0.00014792388117839677,0.0001395222735651437,7.058701048707184e-11,9
246,0.00014792388117839677,0.0001387175891459973,8.475581298582208e-11,9
247,0.00014792388117839677,0.00013792078196669298,1.000619938391889e-10,9
248,0.00013625881327090407,0.00013713174348973373,7.620071669459969e-13,9
249,0.00013625881327090407,0.00013635036710264256,8.382104106000812e-15,9
250,0.00013625881327090407,0.0001355765480762634,4.654857958180659e-13,9
251,0.00013625881327090407,0.0001348101835241273,2.0985281432464896e-12,9
252,0.00013625881327090407,0.00013405117236285356,4.873678378898076e-12,9
253,0.00013625881327090407,0.00013329941527355393,8.758036506719984e-12,9
254,0.00013625881327090407,0.00013255481466421261,1.3719605678372226e-11,9
255,0.00013625881327090407,0.00013181727463301173,1.9727265471890536e-11,9
256,0.00013242258109488357,0.00013108670093257626,1.7845758080462014e-12,9
257,0.00013242258109488357,0.00013036300093511132,4.241870434527481e-12,9
258,0.00013242258109488357,0.00012964608359840608,7.708938347945756e-12,9
259,0.00013242258109488357,0.00012893585943267994,1.2157227949680034e-11,9
260,0.00013242258109488357,0.00012823224046824649,1.755895456724527e-11,9
261,0.00013242258109488357,0.00012753514022397224,2.3887078266654538e-11,9
262,0.00013242258109488357,0.00012684447367650786,3.111528237093818e-11,9
263,0.00012637059531246927,0.00012616015723026938,4.428418643996482e-14,9
264,0.00012637059531246927,0.0001254821086881494,7.894084815952922e-13,9
265,0.00012637059531246927,0.00012481024722293694,2.4346861605071872e-12,9
266,0.00012637059531246927,0.0001241444933494266,4.955529949862411e-12,9
267,0.00012637059531246927,0.00012348476889719777,8.32799409907875e-12,9
268,0.00012637059531246927,0.0001228309969840457,1.2528756326578845e-11,9
269,0.00012637059531246927,0.00012218310199004571,1.7535100325341848e-11,9
270,0.00012637059531246927,0.00012154100953223406,2.3324898808650126e-11,9
271,0.00011780847695043093,0.00012090464643988783,9.586265507443834e-12,8
272,0.00011780847695043093,0.00012027394073038796,6.078511650280035e-12,8
273,0.00011694694506260236,0.00011964882158564959,7.300136745793801e-12,8
274,0.00011694694506260236,0.00011902921932910386,4.335866120934371e-12,8
275,0.00011694694506260236,0.00011841506540321715,2.1553773345269147e-12,8
276,0.00011694694506260236,0.00011780629234753242,7.384777561166678e-13,8
277,0.00011694694506260236,0.00011720283377721935,6.54790342683391e-14,8
278,0.00011694694506260236,0.00011660462436211936,1.1718346197916686e-13,8
279,0.00011694694506260236,0.00011601159980627245,8.74870748538854e-13,8
280,0.00011694694506260236,0.00011542369682791322,2.320285184483552e-12,8
281,0.00011694694506260236,0.00011484085313992338,4.435623186773636e-12,8
282,0.00011694694506260236,0.00011426300743072909,7.203521211785485e-12,8
283,0.00011694694506260236,0.00011369009934563132,1.0607044024152566e-11,8
284,0.00011694694506260236,0.0001131220694685579,1.4629673309916882e-11,8
285,0.00011694694506260236,0.00011255885930422633,1.925529662286251e-11,8
286,0.00011694694506260236,0.0001120004112607067,2.4468196653296336e-11,8
287,0.00011694694506260236,0.00011144666863237437,3.025304080892156e-11,8
288,0.00011694694506260236,0.00011089757558324242,3.6594871097811445e-11,8
289,0.00011694694506260236,0.00011035307713066406,4.347909430384424e-11,8
290,0.00011694694506260236,0.00010981311912939554,5.089147244529403e-11,8
291,0.00011694694506260236,0.00010927764825601059,5.881811350759866e-11,8
292,0.00011694694506260236,0.0001087466119936569,6.724546244164035e-11,8
293,0.00011694694506260236,0.00010821995861714682,7.616029241916466e-11,8
294,0.00011694694506260236,0.00010769763717837308,8.554969633726592e-11,8
295,0.00011694694506260236,0.00010717959749204182,9.540107856413485e-11,8
296,0.00011694694506260236,0.00010666579012171471,1.0570214691853834e-10,8
297,0.00011694694506260236,0.00010615616636615285,1.1644090487574854e-10,8
298,0.00011694694506260236,0.00010565067824595418,1.276056439929066e-10,8
299,0.00011694694506260236,0.0001051492784904782,1.3918493654701566e-10,8
300,0.00011694694506260236,0.00010465192052504977,1.5116762837902026e-10,8
301,0.00011694694506260236,0.000104158558458436,1.6354283193762137e-10,8
302,0.00011694694506260236,0.00010366914707058905,1.7629991951671252e-10,8
303,0.00011694694506260236,0.00010318364180064837,1.8942851668051317e-10,8
304,0.00011608541317477377,0.00010270199873519634,1.791157820614896e-10,8
305,0.00011608541317477377,0.00010222417459676073,1.9213393491659695e-10,8
306,0.00011608541317477377,0.00010175012673255843,2.05500437380363e-10,8
307,0.00011608541317477377,0.00010127981310347419,2.1920579347126615e-10,8
308,0.00011608541317477377,0.00010081319227326908,2.332407312643567e-10,8
309,0.00011608541317477377,0.0001003502233980131,2.475961973106735e-10,8
310,0.00011608541317477377,9.989086621573612e-05,2.622633512084755e-10,8
311,0.00011608541317477377,9.94350810362928e-05,2.7723356032173223e-10,8
312,0.00011608541317477377,9.898282873143541e-05,2.9249839464151916e-10,8
313,0.00011608541317477377,9.853407072509072e-05,3.080496217860463e-10,8
314,0.00011608541317477377,9.808876898383487e-05,3.238792021352547e-10,8
315,0.00011608541317477377,9.764688600756292e-05,3.3997928409597247e-10,8
316,0.00011608541317477377,9.720838482034727e-05,3.5634219949382214e-10,8
317,0.00011608541317477377,9.677322896148145e-05,3.729604590881371e-10,8
318,0.00011608541317477377,9.634138247670453e-05,3.898267482063006e-10,8
319,0.00011608541317477377,9.591280990960188e-05,4.069339224940236e-10,8
320,0.00011608541317477377,9.548747629317852e-05,4.242750037781817e-10,8
321,0.00011608541317477377,9.506534714160082e-05,4.418431760389511e-10,8
322,0.00011608541317477377,9.464638844210268e-05,4.5963178148808284e-10,8
323,0.00011608541317477377,9.423056664705266e-05,4.776343167502437e-10,8
324,0.00011608541317477377,9.381784866617793e-05,4.958444291444772e-10,8
325,0.00011608541317477377,9.340820185894205e-05,5.142559130628863e-10,8
326,0.00011608541317477377,9.300159402707246e-05,5.328627064437817e-10,8
327,0.0001152238812869452,9.25979934072347e-05,5.119308023452307e-10,8
328,0.0001152238812869452,9.219736866385e-05,5.302202835815625e-10,8
329,0.0001152238812869452,9.179968888205293e-05,5.486927898214127e-10,8
330,0.0001152238812869452,9.140492356078577e-05,5.673427471605699e-10,8
331,0.0001152238812869452,9.101304260602692e-05,5.861647096334487e-10,8
332,0.0001152238812869452,9.062401632415022e-05,6.05153356187748e-10,8
333,0.0001152238812869452,9.023781541541199e-05,6.243034877365967e-10,8
334,9.492219715901565e-05,8.985441096756342e-05,2.5682456882273886e-11,8
335,9.492219715901565e-05,8.94737744495851e-05,2.9685310020638515e-11,8
336,9.492219715901565e-05,8.909587770554137e-05,3.394599837393277e-11,8
337,9.492219715901565e-05,8.872069294855153e-05,3.845865447240415e-11,8
338,9.492219715901565e-05,8.83481927548755e-05,4.321753390565405e-11,8
339,9.492219715901565e-05,8.797835005811161e-05,4.8217012560733365e-11,8
340,9.146796784882119e-05,8.761113814350359e-05,1.4875135375820184e-11,8
341,9.146796784882119e-05,8.724653064235484e-05,1.7820532088138353e-11,8
342,9.146796784882119e-05,8.688450152654755e-05,2.1008163527416607e-11,8
343,9.146796784882119e-05,8.652502510316415e-05,2.4432682986843493e-11,8
344,9.146796784882119e-05,8.61680760092093e-05,2.8088853511584707e-11,8
345,9.146796784882119e-05,8.581362920642984e-05,3.1971545482840026e-11,8
346,9.146796784882119e-05,8.546165997623093e-05,3.607573426033963e-11,8
347,9.146796784882119e-05,8.511214391468615e-05,4.039649788172373e-11,8
348,9.146796784882119e-05,8.476505692763953e-05,4.492901481729632e-11,8
349,9.146796784882119e-05,8.44203752258978e-05,4.966856177868404e-11,8
350,9.146796784882119e-05,8.407807532051056e-05,5.4610511579981186e-11,8
351,9.146796784882119e-05,8.373813401813688e-05,5.975033104999156e-11,8
352,9.146796784882119e-05,8.34005284164963e-05,6.50835789942304e-11,8
353,9.146796784882119e-05,8.306523589990255e-05,7.060590420537798e-11,8
354,9.146796784882119e-05,8.273223413487813e-05,7.631304352092129e-11,8
355,9.146796784882119e-05,8.240150106584828e-05,8.220081992675112e-11,8
356,9.146796784882119e-05,8.207301491091243e-05,8.826514070552038e-11,8
357,9.060643596099261e-05,8.174675415769178e-05,7.84939616557399e-11,8
358,9.060643596099261e-05,8.142269755925117e-05,8.434105103162044e-11,8
359,9.060643596099261e-05,8.110082413009387e-05,9.035665627972212e-11,8
360,9.060643596099261e-05,8.078111314222788e-05,9.653696849293889e-11,8
361,9.060643596099261e-05,8.046354412130202e-05,1.0287825487166212e-10,8
362,9.060643596099261e-05,8.014809684281037e-05,1.0937685711090086e-10,8
363,9.060643596099261e-05,7.983475132836426e-05,1.1602918982480173e-10,8
364,9.060643596099261e-05,7.95234878420294e-05,1.2283173900763013e-10,8
365,9.060643596099261e-05,7.921428688672788e-05,1.2978106053027086e-10,8
366,9.060643596099261e-05,7.890712920070284e-05,1.3687377867136203e-10,8
367,9.060643596099261e-05,7.860199575404534e-05,1.4410658468217226e-10,8
368,9.060643596099261e-05,7.829886774528149e-05,1.5147623538438275e-10,8
369,9.060643596099261e-05,7.799772659801905e-05,1.5897955179993725e-10,8
370,9.060643596099261e-05,7.769855395765218e-05,1.6661341781215974e-10,8
371,9.060643596099261e-05,7.740133168812315e-05,1.7437477885735543e-10,8
372,8.642335655572212e-05,7.710604186873994e-05,8.681235297625384e-11,8
373,8.642335655572212e-05,7.681266679104849e-05,9.23653577528024e-11,8
374,8.642335655572212e-05,7.65211889557588e-05,9.805292317776322e-11,8
375,8.642335655572212e-05,7.623159106972348e-05,1.0387208372159313e-10,8
376,8.642335655572212e-05,7.594385604296774e-05,1.0981993099681924e-10,8
377,8.642335655572212e-05,7.565796698577028e-05,1.1589361259282789e-10,8
378,8.642335655572212e-05,7.537390720579342e-05,1.2209033093663965e-10,8
379,8.642335655572212e-05,7.5091660205262e-05,1.2840734217903105e-10,8
380,8.642335655572212e-05,7.481120967818973e-05,1.3484195510538526e-10,8
381,8.642335655572212e-05,7.453253950765243e-05,1.413915300706647e-10,8
382,8.642335655572212e-05,7.425563376310703e-05,1.480534779579247e-10,8
383,8.642335655572212e-05,7.39804766977554e-05,1.5482525915979385e-10,8
384,8.642335655572212e-05,7.370705274595236e-05,1.6170438258236488e-10,8
385,8.642335655572212e-05,7.343534652065672e-05,1.6868840467095938e-10,8
386,8.642335655572212e-05,7.316534281092484e-05,1.757749284572336e-10,8
387,8.642335655572212e-05,7.289702657944573e-05,1.829616026271131e-10,8
388,8.642335655572212e-05,7.263038296011685e-05,1.9024612060906404e-10,8
389,8.642335655572212e-05,7.236539725565989e-05,1.976262196822061e-10,8
390,8.642335655572212e-05,7.210205493527585e-05,2.05099680103797e-10,8
391,8.642335655572212e-05,7.184034163233857e-05,2.126643242556274e-10,8
392,8.642335655572212e-05,7.158024314212597e-05,2.203180158088779e-10,8
393,8.642335655572212e-05,7.132174541958843e-05,2.2805865890699698e-10,8
394,8.642335655572212e-05,7.10648345771534e-05,2.3588419736617857e-10,8
395,8.642335655572212e-05,7.080949688256572e-05,2.4379261389301945e-10,8
396,8.642335655572212e-05,7.055571875676302e-05,2.517819293189557e-10,8
397,8.642335655572212e-05,7.030348677178528e-05,2.598502018510798e-10,8
398,8.556182466789355e-05,7.005278764871829e-05,2.4053022926214857e-10,8
399,8.556182466789355e-05,6.980360825566995e-05,2.4832138449447316e-10,8
400,8.556182466789355e-05,6.955593560577935e-05,2.561884846687067e-10,8
401,8.556182466789355e-05,6.930975685525736e-05,2.64129708186525e-10,8
402,8.556182466789355e-05,6.906505930145878e-05,2.7214326755520157e-10,8
403,8.556182466789355e-05,6.8821830380985e-05,2.802274087257308e-10,8
404,8.556182466789355e-05,6.858005766781686e-05,2.8838041044489346e-10,8
405,8.556182466789355e-05,6.833972887147717e-05,2.966005836209427e-10,8
406,8.556182466789355e-05,6.81008318352221e-05,3.048862707026037e-10,8
407,8.556182466789355e-05,6.786335453426127e-05,3.132358450710738e-10,8
408,8.556182466789355e-05,6.762728507400563e-05,3.216477104447334e-10,8
409,8.556182466789355e-05,6.739261168834308e-05,3.3012030029626517e-10,8
410,8.556182466789355e-05,6.715932273794082e-05,3.3865207728191374e-10,8
411,8.556182466789355e-05,6.692740670857442e-05,3.4724153268259535e-10,8
412,8.556182466789355e-05,6.669685220948268e-05,3.558871858566004e-10,8
413,8.556182466789355e-05,6.646764797174839e-05,3.645875837036129e-10,8
414,7.435499958639413e-05,6.62397828467038e-05,6.585674273215002e-11,7
415,7.435499958639413e-05,6.601324580436102e-05,6.958485616006368e-11,7
416,7.435499958639413e-05,6.578802593186652e-05,7.339303759737011e-11,7
417,7.435499958639413e-05,6.556411243197943e-05,7.727969696165334e-11,7
418,7.435499958639413e-05,6.534149462157322e-05,8.12432717508512e-11,7
419,7.435499958639413e-05,6.51201619301603e-05,8.528222653699438e-11,7
420,7.435499958639413e-05,6.49001038984391e-05,8.939505247011042e-11,7
421,7.435499958639413e-05,6.468131017686356e-05,9.358026679206376e-11,7
422,7.435499958639413e-05,6.44637705242339e-05,9.783641236012297e-11,7
423,7.435499958639413e-05,6.42474748063093e-05,1.0216205718002886e-10,7
424,7.435499958639413e-05,6.403241299444115e-05,1.0655579394836737e-10,7
425,7.435499958639413e-05,6.381857516422718e-05,1.1101623960403612e-10,7
426,7.435499958639413e-05,6.360595149418578e-05,1.1554203488860787e-10,7
427,7.435499958639413e-05,6.339453226445027e-05,1.201318439153991e-10,7
428,7.435499958639413e-05,6.318430785548263e-05,1.2478435374705455e-10,7
429,7.435499958639413e-05,6.29752687468067e-05,1.2949827398145724e-10,7
430,7.435499958639413e-05,6.276740551576007e-05,1.3427233634579357e-10,7
431,7.435499958639413e-05,6.256070883626465e-05,1.3910529429858967e-10,7
432,7.435499958639413e-05,6.235516947761548e-05,1.4399592263955062e-10,7
433,7.435499958639413e-05,6.215077830328752e-05,1.4894301712703223e-10,7
434,7.435499958639413e-05,6.194752626976001e-05,1.5394539410298757e-10,7
435,7.435499958639413e-05,6.174540442535826e-05,1.5900189012521913e-10,7
436,7.435499958639413e-05,6.154440390911243e-05,1.6411136160678836e-10,7
437,7.435499958639413e-05,6.134451594963308e-05,1.6927268446242705e-10,7
438,7.435499958639413e-05,6.11457318640032e-05,1.7448475376179886e-10,7
439,7.435499958639413e-05,6.09480430566864e-05,1.797464833894727e-10,7
440,7.435499958639413e-05,6.075144101845115e-05,1.8505680571145473e-10,7
441,7.435499958639413e-05,6.055591732531045e-05,1.9041467124815414e-10,7
442,7.435499958639413e-05,6.0361463637477125e-05,1.9581904835363243e-10,7
443,7.435499958639413e-05,6.0168071698334075e-05,2.01268922901016e-10,7
444,7.435499958639413e-05,5.997573333341953e-05,2.0676329797393406e-10,7
445,7.337039171459003e-05,5.97844404494269e-05,1.8457807177938764e-10,7
446,7.337039171459003e-05,5.959418503321892e-05,1.897838705278539e-10,7
447,7.337039171459003e-05,5.940495915085613e-05,1.950333066921991e-10,7
448,7.337039171459003e-05,5.921675494663915e-05,2.0032543375909102e-10,7
449,7.337039171459003e-05,5.90295646421646e-05,2.0565932112121006e-10,7
450,7.337039171459003e-05,5.884338053539465e-05,2.110340538004675e-10,7
451,7.337039171459003e-05,5.8658194999739615e-05,2.164487321764553e-10,7
452,7.337039171459003e-05,5.847400048315373e-05,2.219024717200123e-10,7
453,7.337039171459003e-05,5.8290789507243625e-05,2.2739440273180653e-10,7
454,7.337039171459003e-05,5.810855466638949e-05,2.3292367008582647e-10,7
455,7.337039171459003e-05,5.792728862687855e-05,2.3848943297768375e-10,7
456,7.337039171459003e-05,5.7746984126050806e-05,2.44090864677625e-10,7
457,7.337039171459003e-05,5.756763397145669e-05,2.4972715228816066e-10,7
458,7.337039171459003e-05,5.738923104002667e-05,2.5539749650621036e-10,7
459,7.337039171459003e-05,5.7211768277252274e-05,2.61101111389681e-10,7
460,7.337039171459003e-05,5.7035238696378634e-05,2.6683722412838084e-10,7
461,7.337039171459003e-05,5.685963537760835e-05,2.7260507481918073e-10,7
462,7.337039171459003e-05,5.668495146731623e-05,2.7840391624534425e-10,7
463,7.337039171459003e-05,5.6511180177275086e-05,2.842330136599333e-10,7
464,7.337039171459003e-05,5.633831478389214e-05,2.900916445732113e-10,7
465,7.337039171459003e-05,5.6166348627455955e-05,2.959790985439657e-10,7
466,7.337039171459003e-05,5.599527511139384e-05,3.018946769746639e-10,7
467,7.337039171459003e-05,5.582508770153934e-05,3.078376929103727e-10,7
468,7.337039171459003e-05,5.565577992540983e-05,3.138074708413622e-10,7
469,7.337039171459003e-05,5.548734537149402e-05,3.1980334650931964e-10,7
470,7.337039171459003e-05,5.531977768854912e-05,3.2582466671710475e-10,7
471,7.337039171459003e-05,5.515307058490762e-05,3.318707891419731e-10,7
472,7.337039171459003e-05,5.4987217827793476e-05,3.379410821521987e-10,7
473,7.337039171459003e-05,5.482221324264764e-05,3.440349246270271e-10,7
474,7.337039171459003e-05,5.4658050712462594e-05,3.5015170577989956e-10,7
475,7.337039171459003e-05,5.4494724177126e-05,3.562908249848734e-10,7
476,7.337039171459003e-05,5.433222763277312e-05,3.624516916061835e-10,7
477,7.337039171459003e-05,5.417055513114799e-05,3.686337248308792e-10,7
478,7.337039171459003e-05,5.4009700778973164e-05,3.74836353504477e-10,7
479,7.337039171459003e-05,5.3849658737327834e-05,3.810590159695717e-10,7
480,7.337039171459003e-05,5.3690423221034406e-05,3.8730115990734196e-10,7
481,7.337039171459003e-05,5.3531988498053105e-05,3.9356224218190257e-10,7
482,7.337039171459003e-05,5.337434888888476e-05,3.99841728687439e-10,7
483,7.337039171459003e-05,5.321749876598146e-05,4.06139094198077e-10,7
484,7.337039171459003e-05,5.3061432553165e-05,4.1245382222042973e-10,7
485,7.337039171459003e-05,5.290614472505312e-05,4.187854048487704e-10,7
486,7.337039171459003e-05,5.2751629806493236e-05,4.251333426227833e-10,7
487,7.337039171459003e-05,5.2597882372003634e-05,4.3149714438783905e-10,7
488,7.337039171459003e-05,5.2444897045222074e-05,4.3787632715774665e-10,7
489,7.337039171459003e-05,5.2292668498361586e-05,4.442704159799355e-10,7
490,7.337039171459003e-05,5.214119145167336e-05,4.506789438030213e-10,7
491,7.337039171459003e-05,5.199046067291674e-05,4.571014513467051e-10,7
492,7.337039171459003e-05,5.1840470976836055e-05,4.635374869739686e-10,7
493,7.337039171459003e-05,5.169121722464431e-05,4.699866065655133e-10,7
494,7.337039171459003e-05,5.154269432351357e-05,4.764483733964061e-10,7
495,7.337039171459003e-05,5.13948972260719e-05,4.829223580148908e-10,7
496,7.337039171459003e-05,5.124782092990692e-05,4.894081381233147e-10,7
497,7.337039171459003e-05,5.1101460477075664e-05,4.959052984611431e-10,7
498,7.337039171459003e-05,5.0955810953620834e-05,5.024134306900104e-10,7
499,7.337039171459003e-05,5.0810867489093224e-05,5.089321332807772e-10,7
500,6.942270107436778e-05,5.0666625256080254e-05,3.5179038010134996e-10,7
501,6.942270107436778e-05,5.052307946974066e-05,3.57195696798088e-10,7
502,6.84380932025637e-05,5.038022538734499e-05,3.2608659003191187e-10,7
503,6.84380932025637e-05,5.023805830782205e-05,3.3124127016981404e-10,7
504,6.84380932025637e-05,5.009657357131108e-05,3.364113423836254e-10,7
505,6.84380932025637e-05,4.9955766558719657e-05,3.415963981697477e-10,7
506,6.84380932025637e-05,4.98156326912872e-05,3.4679603549405275e-10,7
507,6.84380932025637e-05,4.967616743015395e-05,3.5200985868941334e-10,7
508,6.84380932025637e-05,4.9537366275935455e-05,3.5723747835497024e-10,7
509,6.84380932025637e-05,4.93992247683024e-05,3.624785112571116e-10,7
510,6.84380932025637e-05,4.9261738485565744e-05,3.6773258023213004e-10,7
511,6.84380932025637e-05,4.9124903044266975e-05,3.7299931409052976e-10,7
512,6.84380932025637e-05,4.898871409877364e-05,3.7827834752294557e-10,7
513,6.84380932025637e-05,4.885316734087985e-05,3.835693210076532e-10,7
514,6.84380932025637e-05,4.8718258499411746e-05,3.8887188071963635e-10,7
515,6.84380932025637e-05,4.858398333983798e-05,3.941856784411829e-10,7
516,6.84380932025637e-05,4.845033766388495e-05,3.995103714739833e-10,7
517,6.84380932025637e-05,4.8317317309156853e-05,4.0484562255270236e-10,7
518,6.84380932025637e-05,4.818491814876042e-05,4.101910997599997e-10,7
519,6.84380932025637e-05,4.805313609093437e-05,4.1554647644296756e-10,7
520,6.84380932025637e-05,4.7921967078683265e-05,4.209114311309695e-10,7
521,6.84380932025637e-05,4.779140708941609e-05,4.262856474548427e-10,7
522,6.84380932025637e-05,4.7661452134589124e-05,4.31668814067448e-10,7
523,6.84380932025637e-05,4.7532098259353235e-05,4.370606245655418e-10,7
524,6.84380932025637e-05,4.7403341542205515e-05,4.424607774129417e-10,7
525,6.84380932025637e-05,4.727517809464514e-05,4.4786897586496784e-10,7
526,6.84380932025637e-05,4.714760406083348e-05,4.532849278941327e-10,7
527,6.84380932025637e-05,4.7020615617258275e-05,4.5870834611706056e-10,7
528,6.84380932025637e-05,4.6894208972401966e-05,4.641389477226117e-10,7
529,6.84380932025637e-05,4.676838036641399e-05,4.695764544011919e-10,7
530,6.84380932025637e-05,4.664312607078708e-05,4.750205922752236e-10,7
531,6.84380932025637e-05,4.6518442388037435e-05,4.804710918307622e-10,7
532,6.84380932025637e-05,4.639432565138888e-05,4.859276878502282e-10,7
533,6.84380932025637e-05,4.627077222446059e-05,4.913901193462506e-10,7
534,6.84380932025637e-05,4.614777850095879e-05,4.968581294965842e-10,7
535,6.84380932025637e-05,4.602534090437207e-05,5.023314655800946e-10,7
536,6.84380932025637e-05,4.590345588767029e-05,5.078098789137868e-10,7
537,6.84380932025637e-05,4.578211993300719e-05,5.132931247908592e-10,7
538,6.84380932025637e-05,4.5661329551426494e-05,5.187809624197654e-10,7
539,6.84380932025637e-05,4.554108128257145e-05,5.242731548642675e-10,7
540,6.84380932025637e-05,4.5421371694398016e-05,5.297694689844571e-10,7
541,6.84380932025637e-05,4.530219738289116e-05,5.352696753787416e-10,7
542,6.84380932025637e-05,4.518355497178482e-05,5.407735483267568e-10,7
543,6.84380932025637e-05,4.506544111228494e-05,5.462808657332124e-10,7
544,6.84380932025637e-05,4.494785248279591e-05,5.51791409072637e-10,7
545,6.84380932025637e-05,4.483078578865018e-05,5.573049633350165e-10,7
546,6.84380932025637e-05,4.471423776184104e-05,5.628213169723066e-10,7
547,6.84380932025637e-05,4.459820516075854e-05,5.683402618458049e-10,7
548,6.84380932025637e-05,4.4482684769928564e-05,5.738615931743669e-10,7
549,6.84380932025637e-05,4.4367673399754846e-05,5.793851094834529e-10,7
550,6.84380932025637e-05,4.425316788626407e-05,5.84910612554991e-10,7
551,6.84380932025637e-05,4.4139165090853964e-05,5.90437907378038e-10,7
552,6.84380932025637e-05,4.40256619000442e-05,5.959668021002342e-10,7
553,6.84380932025637e-05,4.391265522523033e-05,6.014971079800263e-10,7
554,6.84380932025637e-05,4.38001420024405e-05,6.070286393396525e-10,7
555,6.84380932025637e-05,4.368811919209495e-05,6.12561213518879e-10,7
556,6.84380932025637e-05,4.3576583778768345e-05,6.180946508294655e-10,7
557,6.745348533075962e-05,4.346553277095488e-05,5.754218680114429e-10,7
558,6.745348533075962e-05,4.3354963200835896e-05,5.807387688464236e-10,7
559,6.745348533075962e-05,4.324487212405046e-05,5.860569533920532e-10,7
560,6.745348533075962e-05,4.313525661946826e-05,5.913762476546755e-10,7
561,6.957111691157705e-05,4.3026113788965397e-05,7.046371907794623e-10,6
562,6.957111691157705e-05,4.291744075720246e-05,7.104184525422765e-10,6
563,6.957111691157705e-05,4.280923467140534e-05,7.16198341036818e-10,6
564,6.957111691157705e-05,4.270149270114845e-05,7.219767052096505e-10,6
565,6.957111691157705e-05,4.259421203814041e-05,7.277533965504495e-10,6
566,6.957111691157705e-05,4.248738989601214e-05,7.335282690536404e-10,6
567,6.957111691157705e-05,4.238102351010743e-05,7.393011791806417e-10,6
568,6.957111691157705e-05,4.227511013727579e-05,7.450719858227001e-10,6
569,6.957111691157705e-05,4.216964705566771e-05,7.508405502643081e-10,6
570,6.957111691157705e-05,4.206463156453213e-05,7.566067361471965e-10,6
571,6.957111691157705e-05,4.196006098401634e-05,7.623704094348854e-10,6
572,6.957111691157705e-05,4.1855932654967896e-05,7.681314383777957e-10,6
573,6.957111691157705e-05,4.175224393873901e-05,7.738896934788986e-10,6
574,6.957111691157705e-05,4.164899221699296e-05,7.796450474599025e-10,6
575,6.957111691157705e-05,4.154617489151269e-05,7.85397375227969e-10,6
576,6.957111691157705e-05,4.1443789384011576e-05,7.911465538429423e-10,6
577,6.957111691157705e-05,4.134183313594627e-05,7.968924624850911e-10,6
578,6.957111691157705e-05,4.124030360833165e-05,8.026349824233464e-10,6
579,6.957111691157705e-05,4.1139198281557806e-05,8.083739969840352e-10,6
580,6.957111691157705e-05,4.1038514655209e-05,8.141093915200988e-10,6
581,6.957111691157705e-05,4.093825024788471e-05,8.198410533807839e-10,6
582,6.957111691157705e-05,4.083840259702264e-05,8.255688718817998e-10,6
583,6.957111691157705e-05,4.0738969258723584e-05,8.312927382759435e-10,6
584,6.957111691157705e-05,4.063994780757831e-05,8.370125457241712e-10,6
585,6.957111691157705e-05,4.054133583649633e-05,8.427281892671144e-10,6
586,6.957111691157705e-05,4.044313095653652e-05,8.484395657970381e-10,6
587,6.957111691157705e-05,4.034533079673956e-05,8.541465740302274e-10,6
588,6.957111691157705e-05,4.024793300396232e-05,8.598491144797953e-10,6
589,6.957111691157705e-05,4.015093524271386e-05,8.655470894289135e-10,6
590,6.957111691157705e-05,4.005433519499348e-05,8.71240402904442e-10,6
591,6.957111691157705e-05,3.9958130560130204e-05,8.76928960650977e-10,6
592,6.957111691157705e-05,3.986231905462434e-05,8.826126701052778e-10,6
593,6.957111691157705e-05,3.976689841199046e-05,8.882914403710995e-10,6
594,6.957111691157705e-05,3.967186638260229e-05,8.939651821943973e-10,6
595,6.957111691157705e-05,3.9577220733539144e-05,8.996338079389167e-10,6
596,6.957111691157705e-05,3.9482959248434075e-05,9.052972315621491e-10,6
597,6.957111691157705e-05,3.938907972732365e-05,9.109553685916546e-10,6
598,6.957111691157705e-05,3.9295579986499314e-05,9.166081361017453e-10,6
599,6.957111691157705e-05,3.920245785836037e-05,9.222554526905192e-10,6
600,6.957111691157705e-05,3.9109711191268496e-05,9.278972384572465e-10,6
601,6.957111691157705e-05,3.901733784940389e-05,9.335334149800906e-10,6
602,6.957111691157705e-05,3.892533571262286e-05,9.39163905294174e-10,6
603,6.957111691157705e-05,3.883370267631698e-05,9.447886338699681e-10,6
604,6.957111691157705e-05,3.874243665127375e-05,9.504075265920142e-10,6
605,6.957111691157705e-05,3.865153556353871e-05,9.560205107379605e-10,6
606,6.957111691157705e-05,3.8560997354278975e-05,9.616275149579204e-10,6
607,6.957111691157705e-05,3.8470819979648345e-05,9.672284692541337e-10,6
608,6.957111691157705e-05,3.8381001410653675e-05,9.728233049609404e-10,6
609,6.957111691157705e-05,3.829153963302277e-05,9.784119547250487e-10,6
610,6.957111691157705e-05,3.820243264707365e-05,9.83994352486103e-10,6
611,6.957111691157705e-05,3.811367846758509e-05,9.89570433457543e-10,6
612,6.957111691157705e-05,3.8025275123668696e-05,9.951401341077447e-10,6
613,6.957111691157705e-05,3.793722065864214e-05,1.000703392141449e-09,6
614,6.957111691157705e-05,3.784951312990386e-05,1.0062601464814626e-09,6
615,6.957111691157705e-05,3.7762150608808955e-05,1.011810337250636e-09,6
616,6.957111691157705e-05,3.767513118054648e-05,1.0173539057541053e-09,6
617,6.957111691157705e-05,3.758845294401794e-05,1.0228907944618037e-09,6
618,6.957111691157705e-05,3.750211401171704e-05,1.0284209469912295e-09,6
619,6.957111691157705e-05,3.741611250961077e-05,1.0339443080904707e-09,6
620,6.957111691157705e-05,3.7330446577021595e-05,1.039460823621484e-09,6
621,6.957111691157705e-05,3.7245114366511006e-05,1.0449704405436161e-09,6
622,6.957111691157705e-05,3.7160114043764134e-05,1.0504731068973768e-09,6
623,6.957111691157705e-05,3.707544378747565e-05,1.055968771788446e-09,6
624,6.957111691157705e-05,3.6991101789236774e-05,1.0614573853719209e-09,6
625,6.957111691157705e-05,3.69070862534235e-05,1.0669388988367947e-09,6
626,6.957111691157705e-05,3.682339539708595e-05,1.072413264390663e-09,6
627,6.957111691157705e-05,3.674002744983879e-05,1.0778804352446606e-09,6
628,6.957111691157705e-05,3.6656980653752914e-05,1.0833403655986132e-09,6
629,6.957111691157705e-05,3.657425326324809e-05,1.0887930106264132e-09,6
630,6.957111691157705e-05,3.6491843544986744e-05,1.0942383264616106e-09,6
631,6.957111691157705e-05,3.640974977776888e-05,1.0996762701832124e-09,6
632,6.957111691157705e-05,3.632797025242803e-05,1.1051067998016904e-09,6
633,6.957111691157705e-05,3.624650327172817e-05,1.1105298742452017e-09,6
634,6.957111691157705e-05,3.616534715026186e-05,1.115945453346e-09,6
635,6.957111691157705e-05,3.608450021434927e-05,1.121353497827054e-09,6
636,6.957111691157705e-05,3.600396080193826e-05,1.1267539692888604e-09,6
637,6.957111691157705e-05,3.592372726250549e-05,1.1321468301964478e-09,6
638,6.248821806040556e-05,3.584379795695852e-05,7.099251226489729e-10,5
639,6.248821806040556e-05,3.576417125753888e-05,7.141746775218089e-10,5
640,6.248821806040556e-05,3.5684845547726114e-05,7.184207780534602e-10,5
641,6.248821806040556e-05,3.5605819222142775e-05,7.226633672994325e-10,5
642,6.248821806040556e-05,3.55270906864604e-05,7.269023892740951e-10,5
643,6.248821806040556e-05,3.544865835730642e-05,7.311377889374631e-10,5
644,6.248821806040556e-05,3.537052066217194e-05,7.353695121821666e-10,5
645,6.248821806040556e-05,3.529267603932051e-05,7.395975058206028e-10,5
646,6.248821806040556e-05,3.5215122937697797e-05,7.438217175722662e-10,5
647,6.248821806040556e-05,3.513785981684205e-05,7.480420960512625e-10,5
648,6.248821806040556e-05,3.506088514679562e-05,7.522585907539912e-10,5
649,6.248821806040556e-05,3.4984197408017215e-05,7.564711520470048e-10,5
650,6.248821806040556e-05,3.490779509129506e-05,7.606797311550383e-10,5
651,6.248821806040556e-05,3.483167669766098e-05,7.648842801492021e-10,5
652,6.248821806040556e-05,3.4755840738305216e-05,7.690847519353456e-10,5
653,6.248821806040556e-05,3.468028573449218e-05,7.732811002425786e-10,5
654,6.248821806040556e-05,3.460501021747695e-05,7.774732796119559e-10,5
655,6.248821806040556e-05,3.453001272842266e-05,7.816612453853171e-10,5
656,6.248821806040556e-05,3.4455291818318656e-05,7.858449536942847e-10,5
657,6.248821806040556e-05,3.438084604789946e-05,7.900243614494112e-10,5
658,6.248821806040556e-05,3.4306673987564496e-05,7.941994263294835e-10,5
659,6.248821806040556e-05,3.423277421729867e-05,7.983701067709673e-10,5
660,6.248821806040556e-05,3.415914532659366e-05,8.025363619576051e-10,5
661,6.248821806040556e-05,3.408578591436996e-05,8.066981518101564e-10,5
662,6.248821806040556e-05,3.4012694588899756e-05,8.108554369762782e-10,5
663,6.248821806040556e-05,3.393986996773048e-05,8.150081788205451e-10,5
664,6.248821806040556e-05,3.38673106776091e-05,8.191563394146131e-10,5
665,6.248821806040556e-05,3.37950153544072e-05,8.232998815275117e-10,5
666,6.248821806040556e-05,3.372298264304673e-05,8.274387686160749e-10,5
667,6.248821806040556e-05,3.365121119742649e-05,8.315729648155021e-10,5
668,6.110976703987985e-05,3.35796996803493e-05,7.579046088202896e-10,5
669,6.110976703987985e-05,3.3508446763449916e-05,7.618328810020625e-10,5
670,6.110976703987985e-05,3.343745112712358e-05,7.657570679753843e-10,5
671,6.110976703987985e-05,3.3366711460455286e-05,7.696771328830407e-10,5
672,6.110976703987985e-05,3.329622646114973e-05,7.735930395246671e-10,5
673,6.110976703987985e-05,3.322599483546191e-05,7.775047523478709e-10,5
674,6.110976703987985e-05,3.3156015298128337e-05,7.814122364394761e-10,5
675,6.110976703987985e-05,3.3086286572299055e-05,7.853154575168827e-10,5
676,6.110976703987985e-05,3.3016807389470104e-05,7.892143819195503e-10,5
677,6.110976703987985e-05,3.294757648941678e-05,7.931089766005917e-10,5
678,6.27702407894176e-05,3.287859262012745e-05,8.935106302766275e-10,4
679,6.27702407894176e-05,3.2809854537738026e-05,8.976247443498307e-10,4
680,6.27702407894176e-05,3.274136100646705e-05,9.017336210188967e-10,4
681,6.27702407894176e-05,3.2673110798551334e-05,9.058372336871019e-10,4
682,6.27702407894176e-05,3.260510269418233e-05,9.099355563046143e-10,4
683,6.27702407894176e-05,3.253733548144298e-05,9.140285633609603e-10,4
684,6.27702407894176e-05,3.24698079562452e-05,9.181162298775922e-10,4
685,6.27702407894176e-05,3.240251892226799e-05,9.221985314005569e-10,4
686,6.27702407894176e-05,3.233546719089604e-05,9.262754439932654e-10,4
687,6.27702407894176e-05,3.2268651581158986e-05,9.303469442293586e-10,4
688,6.27702407894176e-05,3.220207091967121e-05,9.344130091856711e-10,4
689,6.27702407894176e-05,3.2135724040572136e-05,9.384736164352934e-10,4
690,6.27702407894176e-05,3.2069609785467225e-05,9.425287440407192e-10,4
691,6.27702407894176e-05,3.2003727003369355e-05,9.465783705470969e-10,4
692,6.27702407894176e-05,3.193807455064086e-05,9.506224749755644e-10,4
693,6.27702407894176e-05,3.187265129093607e-05,9.546610368166764e-10,4
694,6.27702407894176e-05,3.180745609514434e-05,9.586940360239226e-10,4
695,6.27702407894176e-05,3.174248784133371e-05,9.627214530073287e-10,4
696,6.27702407894176e-05,3.167774541469495e-05,9.667432686271496e-10,4
697,6.27702407894176e-05,3.1613227707486226e-05,9.707594641876431e-10,4
698,6.27702407894176e-05,3.154893361897824e-05,9.747700214309284e-10,4
699,6.27702407894176e-05,3.1484862055399855e-05,9.7877492253093e-10,4
700,6.27702407894176e-05,3.1421011929884255e-05,9.827741500873987e-10,4
701,6.27702407894176e-05,3.1357382162415555e-05,9.86767687120017e-10,4
702,6.27702407894176e-05,3.1293971679775934e-05,9.907555170625825e-10,4
703,6.27702407894176e-05,3.123077941549325e-05,9.947376237572663e-10,4
704,6.27702407894176e-05,3.1167804309789094e-05,9.987139914489549e-10,4
705,6.27702407894176e-05,3.110504530952738e-05,1.0026846047796604e-09,4
706,6.27702407894176e-05,3.104250136816332e-05,1.006649448783013e-09,4
707,6.27702407894176e-05,3.098017144569297e-05,1.0106085088788209e-09,4
708,6.27702407894176e-05,3.09180545086031e-05,1.0145617708677076e-09,4
709,6.27702407894176e-05,3.0856149529821675e-05,1.0185092209258172e-09,4
710,6.27702407894176e-05,3.07944554886686e-05,1.0224508455995958e-09,4
711,6.27702407894176e-05,3.0732971370807103e-05,1.0263866318006356e-09,4
712,6.27702407894176e-05,3.06716961681954e-05,1.0303165668005928e-09,4
713,6.27702407894176e-05,3.061062887903887e-05,1.0342406382261737e-09,4
714,6.27702407894176e-05,3.054976850774266e-05,1.0381588340541832e-09,4
715,6.27702407894176e-05,3.04891140648647e-05,1.0420711426066434e-09,4
716,6.27702407894176e-05,3.0428664567069124e-05,1.0459775525459763e-09,4
717,6.27702407894176e-05,3.0368419037080135e-05,1.0498780528702498e-09,4
718,6.27702407894176e-05,3.0308376503636287e-05,1.0537726329084846e-09,4
719,6.27702407894176e-05,3.0248536001445135e-05,1.0576612823160316e-09,4
720,6.27702407894176e-05,3.0188896571138342e-05,1.0615439910699997e-09,4
721,6.27702407894176e-05,3.0129457259227118e-05,1.0654207494647546e-09,4
722,6.27702407894176e-05,3.007021711805814e-05,1.0692915481074693e-09,4
723,6.27702407894176e-05,3.00111752057698e-05,1.0731563779137383e-09,4
724,6.27702407894176e-05,2.9952330586248853e-05,1.0770152301032476e-09,4
725,6.27702407894176e-05,2.9893682329087464e-05,1.0808680961955052e-09,4
726,6.27702407894176e-05,2.983522950954063e-05,1.0847149680056234e-09,4
727,6.27702407894176e-05,2.9776971208483957e-05,1.0885558376401615e-09,4
728,6.27702407894176e-05,2.9718906512371843e-05,1.09239069749302e-09,4
729,6.27702407894176e-05,2.9661034513196018e-05,1.096219540241391e-09,4
730,6.27702407894176e-05,2.9603354308444418e-05,1.1000423588417617e-09,4
731,6.27702407894176e-05,2.954586500106046e-05,1.1038591465259724e-09,4
732,6.27702407894176e-05,2.9488565699402675e-05,1.1076698967973204e-09,4
733,6.27702407894176e-05,2.9431455517204638e-05,1.111474603426724e-09,4
734,6.27702407894176e-05,2.9374533573535334e-05,1.1152732604489308e-09,4
735,6.27702407894176e-05,2.9317798992759796e-05,1.1190658621587783e-09,4
736,6.27702407894176e-05,2.9261250904500125e-05,1.1228524031075017e-09,4
737,6.27702407894176e-05,2.9204888443596832e-05,1.1266328780990958e-09,4
738,6.27702407894176e-05,2.914871075007054e-05,1.130407282186717e-09,4
739,6.27702407894176e-05,2.9092716969084e-05,1.1341756106691376e-09,4
740,6.27702407894176e-05,2.9036906250904406e-05,1.1379378590872472e-09,4
741,6.27702407894176e-05,2.8981277750866122e-05,1.141694023220598e-09,4
742,6.27702407894176e-05,2.8925830629333644e-05,1.1454440990839944e-09,4
743,6.27702407894176e-05,2.8870564051664926e-05,1.14918808292413e-09,4
744,6.27702407894176e-05,2.8815477188175006e-05,1.1529259712162695e-09,4
745,6.27702407894176e-05,2.876056921409997e-05,1.1566577606609681e-09,4
746,6.27702407894176e-05,2.870583930956119e-05,1.160383448180844e-09,4
747,6.27702407894176e-05,2.8651286659529905e-05,1.1641030309173811e-09,4
748,6.27702407894176e-05,2.8596910453792065e-05,1.1678165062277846e-09,4
749,6.27702407894176e-05,2.8542709886913533e-05,1.1715238716818712e-09,4
750,6.27702407894176e-05,2.8488684158205517e-05,1.1752251250590015e-09,4
751,2.9555830044744666e-05,2.8434832471690356e-05,1.2566355587936521e-12,3
752,2.9555830044744666e-05,2.8381154036067567e-05,1.3798637253615596e-12,3
753,2.9555830044744666e-05,2.83276480646802e-05,1.508430976155074e-12,3
754,2.9555830044744666e-05,2.8274313775481425e-05,1.6422839483863752e-12,3
755,2.9555830044744666e-05,2.8221150391001515e-05,1.7813697781159374e-12,3
756,2.9555830044744666e-05,2.816815713831498e-05,1.925636095239013e-12,3
757,2.9555830044744666e-05,2.8115333249008068e-05,2.0750310185274063e-12,3
758,2.9555830044744666e-05,2.8062677959146515e-05,2.2295031507261082e-12,3
759,2.9555830044744666e-05,2.8010190509243544e-05,2.389001573704123e-12,3
760,2.9555830044744666e-05,2.7957870144228196e-05,2.553475843658605e-12,3
761,2.9555830044744666e-05,2.7905716113413836e-05,2.722875986372088e-12,3
762,2.9555830044744666e-05,2.7853727670467033e-05,2.897152492521554e-12,3
763,2.9555830044744666e-05,2.7801904073376594e-05,3.076256313039435e-12,3
764,2.9555830044744666e-05,2.7750244584422936e-05,3.2601388545252325e-12,3
765,2.9555830044744666e-05,2.76987484701477e-05,3.4487519747075397e-12,3
766,2.9555830044744666e-05,2.764741500132357e-05,3.6420479779559415e-12,3
767,2.9555830044744666e-05,2.7596243452924427e-05,3.839979610841659e-12,3
768,2.9555830044744666e-05,2.7545233104095672e-05,4.042500057747092e-12,3
769,2.9555830044744666e-05,2.749438323812486e-05,4.249562936522993e-12,3
770,2.9555830044744666e-05,2.7443693142412514e-05,4.461122294193258e-12,3
771,2.9555830044744666e-05,2.7393162108443277e-05,4.677132602706109e-12,3
772,2.9555830044744666e-05,2.7342789431757178e-05,4.897548754732037e-12,3
773,2.9555830044744666e-05,2.729257441192128e-05,5.122326059506787e-12,3
774,2.9555830044744666e-05,2.724251635250141e-05,5.351420238720124e-12,3
775,2.9555830044744666e-05,2.719261456103426e-05,5.584787422448603e-12,3
776,2.9555830044744666e-05,2.714286834899964e-05,5.822384145132706e-12,3
777,2.9555830044744666e-05,2.709327703179297e-05,6.06416734159748e-12,3
778,2.9555830044744666e-05,2.7043839928698016e-05,6.31009434311606e-12,3
779,2.9555830044744666e-05,2.6994556362859862e-05,6.56012287351574e-12,3
780,2.9555830044744666e-05,2.694542566125805e-05,6.814211045326145e-12,3
781,2.9555830044744666e-05,2.6896447154680008e-05,7.072317355968654e-12,3
782,2.9555830044744666e-05,2.684762017769466e-05,7.334400683987012e-12,3
783,2.9555830044744666e-05,2.6798944068626222e-05,7.600420285318544e-12,3
784,2.9555830044744666e-05,2.675041816952831e-05,7.870335789604943e-12,3
785,2.9555830044744666e-05,2.6702041826158147e-05,8.144107196543215e-12,3
786,2.9555830044744666e-05,2.665381438795104e-05,8.421694872275332e-12,3
787,2.9555830044744666e-05,2.660573520799508e-05,8.703059545816563e-12,3
788,2.9555830044744666e-05,2.6557803643005993e-05,8.988162305522132e-12,3
789,2.9555830044744666e-05,2.6510019053302256e-05,9.276964595591395e-12,3
790,2.9555830044744666e-05,2.6462380802780353e-05,9.569428212609583e-12,3
791,2.9555830044744666e-05,2.6414888258890305e-05,9.865515302125982e-12,3
792,2.9555830044744666e-05,2.6367540792611315e-05,1.0165188355269042e-11,3
793,2.9555830044744666e-05,2.6320337778427694e-05,1.0468410205396935e-11,3
794,2.72584116772018e-05,2.6273278594304904e-05,9.704871910179453e-13,3
795,2.72584116772018e-05,2.6226362621665855e-05,1.065125253032638e-12,3
796,2.72584116772018e-05,2.617958924536736e-05,1.163857839429174e-12,3
797,2.72584116772018e-05,2.6132957853676807e-05,1.2666463088870281e-12,3
798,2.72584116772018e-05,2.6086467838248963e-05,1.3734523616595158e-12,3
799,2.72584116772018e-05,2.604011859410303e-05,1.484238036326305e-12,3
800,2.72584116772018e-05,2.5993909519599863e-05,1.5989657065799576e-12,3
801,2.72584116772018e-05,2.5947840016419336e-05,1.7175980780461091e-12,3
802,2.72584116772018e-05,2.5901909489537947e-05,1.8400981851368233e-12,3
803,2.72584116772018e-05,2.585611734720654e-05,1.966429387936854e-12,3
804,2.72584116772018e-05,2.5810463000928292e-05,2.0965553691222063e-12,3
805,2.72584116772018e-05,2.5764945865436745e-05,2.230440130911058e-12,3
806,2.72584116772018e-05,2.571956535867416e-05,2.36804799204607e-12,3
807,2.72584116772018e-05,2.5674320901769928e-05,2.5093435848083534e-12,3
808,2.72584116772018e-05,2.562921191901921e-05,2.654291852062214e-12,3
809,2.72584116772018e-05,2.5584237837861738e-05,2.802858044330647e-12,3
810,2.72584116772018e-05,2.5539398088860776e-05,2.955007716901088e-12,3
811,2.72584116772018e-05,2.5494692105682244e-05,3.1107067269611296e-12,3
812,2.72584116772018e-05,2.5450119325074024e-05,3.269921230763808e-12,3
813,2.72584116772018e-05,2.5405679186845414e-05,3.432617680822178e-12,3
814,2.72584116772018e-05,2.536137113384673e-05,3.598762823132897e-12,3
815,2.72584116772018e-05,2.531719461194914e-05,3.7683236944281546e-12,3
816,2.72584116772018e-05,2.5273149070024537e-05,3.941267619456269e-12,3
817,2.72584116772018e-05,2.5229233959925684e-05,4.117562208289913e-12,3
818,2.72584116772018e-05,2.518544873646646e-05,4.297175353662115e-12,3
819,2.72584116772018e-05,2.5141792857402262e-05,4.480075228329593e-12,3
820,2.72584116772018e-05,2.5098265783410552e-05,4.666230282463195e-12,3
821,2.72584116772018e-05,2.5054866978071607e-05,4.8556092410647766e-12,3
822,2.72584116772018e-05,2.5011595907849353e-05,5.048181101410833e-12,3
823,2.72584116772018e-05,2.49684520420724e-05,5.243915130521982e-12,3
824,2.72584116772018e-05,2.492543485291519e-05,5.442780862658435e-12,3
825,2.72584116772018e-05,2.48825438153793e-05,5.6447480968410185e-12,3
826,2.72584116772018e-05,2.4839778407274924e-05,5.849786894397178e-12,3
827,2.72584116772018e-05,2.4797138109202443e-05,6.057867576532291e-12,3
828,2.72584116772018e-05,2.475462240453417e-05,6.268960721925509e-12,3
829,2.72584116772018e-05,2.471223077939625e-05,6.483037164349878e-12,3
830,2.72584116772018e-05,2.4669962722650654e-05,6.700067990316928e-12,3
831,2.72584116772018e-05,2.4627817725877354e-05,6.9200245367447676e-12,3
832,2.72584116772018e-05,2.4585795283356635e-05,7.1428783886499404e-12,3
833,2.72584116772018e-05,2.4543894892051506e-05,7.368601376862694e-12,3
834,2.72584116772018e-05,2.4502116051590277e-05,7.59716557576522e-12,3
835,2.72584116772018e-05,2.4460458264249274e-05,7.828543301052694e-12,3
836,2.72584116772018e-05,2.4418921034935655e-05,8.062707107517008e-12,3
837,2.72584116772018e-05,2.437750387117041e-05,8.299629786852595e-12,3
838,2.72584116772018e-05,2.4336206283071417e-05,8.539284365484714e-12,3
839,2.72584116772018e-05,2.4295027783336704e-05,8.781644102419064e-12,3
840,2.72584116772018e-05,2.4253967887227796e-05,9.026682487113362e-12,3
841,2.72584116772018e-05,2.421302611255319e-05,9.274373237370136e-12,3
842,2.72584116772018e-05,2.417220197965198e-05,9.524690297250563e-12,3
843,2.72584116772018e-05,2.4131495011377567e-05,9.777607835009341e-12,3
844,2.72584116772018e-05,2.4090904733081545e-05,1.0033100241050044e-11,3
845,2.72584116772018e-05,2.4050430672597657e-05,1.0291142125901015e-11,3
846,2.72584116772018e-05,2.4010072360225907e-05,1.055170831821142e-11,3
847,2.72584116772018e-05,2.3969829328716788e-05,1.0814773862767202e-11,3
848,2.72584116772018e-05,2.3929701113255615e-05,1.1080314018526937e-11,3
849,2.72584116772018e-05,2.3889687251446982e-05,1.1348304256677133e-11,3
850,2.72584116772018e-05,2.3849787283299342e-05,1.1618720258706907e-11,3
851,2.72584116772018e-05,2.3810000751209727e-05,1.1891537914501515e-11,3
852,2.72584116772018e-05,2.3770327199948503e-05,1.2166733320455417e-11,3
853,2.72584116772018e-05,2.3730766176644337e-05,1.244428277760332e-11,3
854,2.72584116772018e-05,2.3691317230769218e-05,1.2724162789770175e-11,3
855,2.72584116772018e-05,2.3651979914123614e-05,1.3006350061739241e-11,3
856,2.72584116772018e-05,2.361275378082172e-05,1.3290821497438436e-11,3
857,2.72584116772018e-05,2.357363838727683e-05,1.3577554198144487e-11,3
858,2.72584116772018e-05,2.3534633292186838e-05,1.3866525460704648e-11,3
859,2.72584116772018e-05,2.3495738056519788e-05,1.415771277577629e-11,3
860,2.72584116772018e-05,2.3456952243499612e-05,1.4451093826083369e-11,3
861,2.72584116772018e-05,2.3418275418591913e-05,1.474664648469035e-11,3
862,2.72584116772018e-05,2.337970714948985e-05,1.5044348813293177e-11,3
863,2.72584116772018e-05,2.33412470061002e-05,1.534417906052651e-11,3
864,2.72584116772018e-05,2.3302894560529444e-05,1.5646115660287998e-11,3
865,2.72584116772018e-05,2.3264649387069993e-05,1.5950137230078868e-11,3
866,2.72584116772018e-05,2.32265110621865e-05,1.6256222569360753e-11,3
867,2.72584116772018e-05,2.3188479164502315e-05,1.656435065792835e-11,3
868,2.72584116772018e-05,2.315055327478597e-05,1.6874500654298332e-11,3
869,2.72584116772018e-05,2.3112732975937834e-05,1.7186651894113696e-11,3
870,2.72584116772018e-05,2.307501785297681e-05,1.75007838885638e-11,3
871,2.72584116772018e-05,2.303740749302717e-05,1.7816876322819757e-11,3
872,2.72584116772018e-05,2.2999901485305477e-05,1.813490905448487e-11,3
873,2.72584116772018e-05,2.296249942110759e-05,1.845486211206046e-11,3
874,2.72584116772018e-05,2.2925200893795758e-05,1.8776715693426415e-11,3
875,2.72584116772018e-05,2.2888005498785856e-05,1.9100450164336262e-11,3
876,2.72584116772018e-05,2.2850912833534652e-05,1.9426046056927258e-11,3
877,2.72584116772018e-05,2.2813922497527216e-05,1.9753484068244463e-11,3
878,2.72584116772018e-05,2.277703409226439e-05,2.008274505877946e-11,3
879,2.72584116772018e-05,2.2740247221250378e-05,2.0413810051022823e-11,3
880,2.72584116772018e-05,2.2703561489980378e-05,2.0746660228031032e-11,3
881,2.72584116772018e-05,2.2666976505928374e-05,2.1081276932006643e-11,3
882,2.72584116772018e-05,2.263049187853495e-05,2.1417641662892614e-11,3
883,2.72584116772018e-05,2.259410721919525e-05,2.175573607697978e-11,3
884,2.72584116772018e-05,2.255782214124697e-05,2.2095541985528067e-11,3
885,2.72584116772018e-05,2.252163625995846e-05,2.2437041353400826e-11,3
886,2.72584116772018e-05,2.2485549192516956e-05,2.2780216297711993e-11,3
887,2.72584116772018e-05,2.2449560558016825e-05,2.3125049086486596e-11,3
888,2.72584116772018e-05,2.2413669977447917e-05,2.3471522137334154e-11,3
889,2.72584116772018e-05,2.2377877073684052e-05,2.3819618016134155e-11,3
890,2.72584116772018e-05,2.234218147147151e-05,2.4169319435734894e-11,3
891,2.72584116772018e-05,2.230658279741768e-05,2.4520609254664075e-11,3
892,2.72584116772018e-05,2.2271080679979706e-05,2.4873470475852333e-11,3
893,2.72584116772018e-05,2.2235674749453315e-05,2.52278862453683e-11,3
894,2.72584116772018e-05,2.2200364637961638e-05,2.558383985116618e-11,3
895,2.72584116772018e-05,2.216514997944415e-05,2.5941314721845158e-11,3
896,2.72584116772018e-05,2.2130030409645708e-05,2.630029442542024e-11,3
897,2.72584116772018e-05,2.209500556610562e-05,2.6660762668105404e-11,3
898,2.72584116772018e-05,2.2060075088146827e-05,2.7022703293107706e-11,3
899,2.72584116772018e-05,2.2025238616865152e-05,2.7386100279433252e-11,3
900,2.72584116772018e-05,2.1990495795118622e-05,2.77509377407042e-11,3
901,2.72584116772018e-05,2.1955846267516874e-05,2.811719992398708e-11,3
902,2.72584116772018e-05,2.1921289680410626e-05,2.848487120863222e-11,3
903,2.72584116772018e-05,2.1886825681881245e-05,2.8853936105123928e-11,3
904,2.72584116772018e-05,2.1852453921730353e-05,2.92243792539419e-11,3
905,2.72584116772018e-05,2.181817405146954e-05,2.959618542443299e-11,3
906,2.72584116772018e-05,2.178398572431013e-05,2.9969339513693876e-11,3
907,2.72584116772018e-05,2.1749888595153034e-05,3.0343826545464054e-11,3
908,2.72584116772018e-05,2.171588232057865e-05,3.0719631669029436e-11,3
909,2.72584116772018e-05,2.1681966558836882e-05,3.109674015813593e-11,3
910,2.72584116772018e-05,2.164814096983716e-05,3.147513740991376e-11,3
911,2.72584116772018e-05,2.1614405215138604e-05,3.185480894381112e-11,3
912,2.72584116772018e-05,2.1580758957940196e-05,3.22357404005387e-11,3
913,2.72584116772018e-05,2.154720186307106e-05,3.261791754102328e-11,3
914,2.72584116772018e-05,2.1513733596980806e-05,3.300132624537158e-11,3
915,2.72584116772018e-05,2.148035382772991e-05,3.3385952511843734e-11,3
916,2.72584116772018e-05,2.1447062224980197e-05,3.377178245583634e-11,3
917,2.72584116772018e-05,2.1413858459985393e-05,3.415880230887467e-11,3
918,2.72584116772018e-05,2.1380742205581698e-05,3.454699841761494e-11,3
919,2.72584116772018e-05,2.134771313617848e-05,3.493635724285521e-11,3
920,2.72584116772018e-05,2.1314770927748996e-05,3.53268653585559e-11,3
921,2.4155299894720736e-05,2.1281915257821204e-05,8.25633927157025e-12,2
922,2.4155299894720736e-05,2.124914580546861e-05,8.445731590476854e-12,2
923,2.4155299894720736e-05,2.121646225130119e-05,8.636766694379754e-12,2
924,2.4155299894720736e-05,2.1183864277456413e-05,8.829429627547005e-12,2
925,2.4155299894720736e-05,2.1151351567590254e-05,9.023705552070021e-12,2
926,2.4155299894720736e-05,2.111892380686833e-05,9.219579746881878e-12,2
927,2.4155299894720736e-05,2.1086580681957076e-05,9.417037606784817e-12,2
928,2.4155299894720736e-05,2.1054321881014957e-05,9.616064641486636e-12,2
929,2.4155299894720736e-05,2.102214709368381e-05,9.816646474645527e-12,2
930,2.4155299894720736e-05,2.0990056011080147e-05,1.0018768842924158e-11,2
931,2.4155299894720736e-05,2.0958048325786608e-05,1.0222417595051742e-11,2
932,2.4155299894720736e-05,2.0926123731843445e-05,1.0427578690894903e-11,2
933,2.4155299894720736e-05,2.0894281924740016e-05,1.0634238200537172e-11,2
934,2.4155299894720736e-05,2.086252260140641e-05,1.0842382303366425e-11,2
935,2.4155299894720736e-05,2.0830845460205093e-05,1.1051997287170724e-11,2
936,2.4155299894720736e-05,2.07992502009226e-05,1.1263069547242554e-11,2
937,2.4155299894720736e-05,2.076773652476132e-05,1.1475585585490804e-11,2
938,2.4155299894720736e-05,2.0736304134331298e-05,1.1689532009560948e-11,2
939,2.4155299894720736e-05,2.0704952733642132e-05,1.1904895531963182e-11,2
940,2.4155299894720736e-05,2.067368202809488e-05,1.212166296920838e-11,2
941,2.4155299894720736e-05,2.0642491724474066e-05,1.2339821240951757e-11,2
942,2.4155299894720736e-05,2.0611381530939728e-05,1.2559357369144252e-11,2
943,2.4155299894720736e-05,2.0580351157019478e-05,1.2780258477191818e-11,2
944,2.4155299894720736e-05,2.05494003136007e-05,1.300251178912164e-11,2
945,2.4155299894720736e-05,2.0518528712922715e-05,1.3226104628756568e-11,2
946,2.4155299894720736e-05,2.0487736068569057e-05,1.3451024418896338e-11,2
947,2.4155299894720736e-05,2.0457022095459767e-05,1.3677258680506553e-11,2
948,2.4155299894720736e-05,2.0426386509843774e-05,1.3904795031914558e-11,2
949,2.4155299894720736e-05,2.0395829029291282e-05,1.4133621188012888e-11,2
950,2.4155299894720736e-05,2.036534937268626e-05,1.436372495946939e-11,2
951,2.4155299894720736e-05,2.0334947260218926e-05,1.459509425194492e-11,2
952,2.4155299894720736e-05,2.0304622413378342e-05,1.4827717065317402e-11,2
953,2.4155299894720736e-05,2.0274374554945e-05,1.5061581492913398e-11,2
954,2.4155299894720736e-05,2.0244203408983526e-05,1.529667572074595e-11,2
955,2.4155299894720736e-05,2.0214108700835344e-05,1.553298802675976e-11,2
956,2.4155299894720736e-05,2.0184090157111477e-05,1.5770506780082595e-11,2
957,2.4155299894720736e-05,2.0154147505685337e-05,1.600922044028368e-11,2
958,2.4155299894720736e-05,2.0124280475685597e-05,1.6249117556638388e-11,2
959,2.4155299894720736e-05,2.00944887974891e-05,1.6490186767399614e-11,2
960,2.4155299894720736e-05,2.006477220271379e-05,1.673241679907567e-11,2
961,2.4155299894720736e-05,2.0035130424211748e-05,1.697579646571431e-11,2
962,2.4155299894720736e-05,2.000556319606222e-05,1.722031466819327e-11,2
963,2.4155299894720736e-05,1.9976070253564708e-05,1.746596039351714e-11,2
964,2.4155299894720736e-05,1.994665133323212e-05,1.7712722714120207e-11,2
965,2.4155299894720736e-05,1.991730617278396e-05,1.7960590787175525e-11,2
966,2.4155299894720736e-05,1.9888034511139545e-05,1.820955385391033e-11,2
967,2.4155299894720736e-05,1.9858836088411295e-05,1.8459601238927003e-11,2
968,2.4155299894720736e-05,1.9829710645898047e-05,1.8710722349530434e-11,2
969,2.4155299894720736e-05,1.9800657926078425e-05,1.896290667506098e-11,2
970,2.4155299894720736e-05,1.9771677672604248e-05,1.921614378623349e-11,2
971,2.4155299894720736e-05,1.9742769630293976e-05,1.947042333448209e-11,2
972,2.4155299894720736e-05,1.9713933545126215e-05,1.972573505131056e-11,2
973,2.4155299894720736e-05,1.968516916423325e-05,1.9982068747648596e-11,2
974,2.4155299894720736e-05,1.965647623589463e-05,2.0239414313213523e-11,2
975,2.4155299894720736e-05,1.9627854509530796e-05,2.0497761715877687e-11,2
976,2.4155299894720736e-05,1.959930373569674e-05,2.0757101001041402e-11,2
977,2.4155299894720736e-05,1.95708236660757e-05,2.1017422291011407e-11,2
978,2.4155299894720736e-05,1.954241405347294e-05,2.1278715784384396e-11,2
979,2.4155299894720736e-05,1.951407465180951e-05,2.1540971755436358e-11,2
980,2.4155299894720736e-05,1.9485805216116105e-05,2.1804180553516958e-11,2
981,2.4155299894720736e-05,1.94576055025269e-05,2.206833260244942e-11,2
982,2.4155299894720736e-05,1.9429475268273484e-05,2.233341839993531e-11,2
983,2.4155299894720736e-05,1.940141427167881e-05,2.259942851696472e-11,2
984,2.4155299894720736e-05,1.9373422272151185e-05,2.2866353597231423e-11,2
985,2.4155299894720736e-05,1.9345499030178287e-05,2.3134184356553292e-11,2
986,2.4155299894720736e-05,1.9317644307321246e-05,2.3402911582297503e-11,2
987,2.4155299894720736e-05,1.928985786620874e-05,2.3672526132810938e-11,2
988,2.4155299894720736e-05,1.926213947053115e-05,2.3943018936855218e-11,2
989,2.4155299894720736e-05,1.9234488885034736e-05,2.421438099304695e-11,2
990,2.4155299894720736e-05,1.9206905875515875e-05,2.448660336930244e-11,2
991,2.4155299894720736e-05,1.917939020881527e-05,2.475967720228784e-11,2
992,2.4155299894720736e-05,1.9151941652812315e-05,2.503359369687292e-11,2
993,2.4155299894720736e-05,1.9124559976419365e-05,2.5308344125590876e-11,2
994,2.4155299894720736e-05,1.909724494957615e-05,2.5583919828101605e-11,2
995,2.4155299894720736e-05,1.9069996343244138e-05,2.5860312210660498e-11,2
996,2.4155299894720736e-05,1.9042813929401025e-05,2.613751274559101e-11,2
997,2.4155299894720736e-05,1.9015697481035168e-05,2.6415512970762518e-11,2
998,2.4155299894720736e-05,1.898864677214011e-05,2.669430448907214e-11,2
999,2.4155299894720736e-05,1.8961661577709154e-05,2.6973878967930898e-11,2
1000,2.4155299894720736e-05,1.89347416737299e-05,2.7254228138755e-11,2
1001,2.4155299894720736e-05,1.8907886837178892e-05,2.7535343796460643e-11,2
1002,2.4155299894720736e-05,1.8881096846016284e-05,2.781721779896333e-11,2
1003,2.4155299894720736e-05,1.885437147918048e-05,2.8099842066682113e-11,2
1004,2.4155299894720736e-05,1.8827710516582884e-05,2.8383208582047264e-11,2
1005,2.4155299894720736e-05,1.8801113739102665e-05,2.8667309389012218e-11,2
1006,2.4155299894720736e-05,1.877458092858151e-05,2.8952136592570393e-11,2
1007,2.4155299894720736e-05,1.8748111867818476e-05,2.923768235827515e-11,2
1008,2.4155299894720736e-05,1.872170634056483e-05,2.952393891176461e-11,2
1009,2.4155299894720736e-05,1.869536413151892e-05,2.98108985382902e-11,2
1010,2.4155299894720736e-05,1.866908502632112e-05,3.0098553582249e-11,2
1011,2.4155299894720736e-05,1.8642868811548785e-05,3.038689644672028e-11,2
1012,2.4155299894720736e-05,1.861671527471119e-05,3.067591959300627e-11,2
1013,2.4155299894720736e-05,1.8590624204244597e-05,3.096561554017609e-11,2
1014,2.4155299894720736e-05,1.8564595389507262e-05,3.125597686461423e-11,2
1015,2.4155299894720736e-05,1.853862862077454e-05,3.1546996199572394e-11,2
1016,2.4155299894720736e-05,1.8512723689233968e-05,3.183866623472545e-11,2
1017,2.4155299894720736e-05,1.8486880386980435e-05,3.213097971573079e-11,2
1018,2.4155299894720736e-05,1.8461098507011326e-05,3.2423929443791765e-11,2
1019,2.4155299894720736e-05,1.843537784322174e-05,3.2717508275224484e-11,2
1020,2.4155299894720736e-05,1.84097181903997e-05,3.30117091210286e-11,2
1021,2.4155299894720736e-05,1.8384119344221445e-05,3.33065249464613e-11,2
1022,2.4155299894720736e-05,1.8358581101246677e-05,3.3601948770615345e-11,2
1023,2.0709172343406437e-05,1.8333103258913937e-05,5.645704294281026e-12,2
1024,2.0709172343406437e-05,1.8307685615535905e-05,5.7671385041383135e-12,2
1025,2.0709172343406437e-05,1.8282327970294805e-05,5.8895736113035915e-12,2
1026,2.0709172343406437e-05,1.8257030123237795e-05,6.013001467933596e-12,2
1027,2.0709172343406437e-05,1.823179187527243e-05,6.137413983891878e-12,2
1028,2.0709172343406437e-05,1.8206613028162096e-05,6.262803126316227e-12,2
1029,2.0709172343406437e-05,1.8181493384521522e-05,6.389160919189525e-12,2
1030,2.0709172343406437e-05,1.81564327478123e-05,6.516479442914121e-12,2
1031,2.0709172343406437e-05,1.8131430922338424e-05,6.6447508338897375e-12,2
1032,2.0709172343406437e-05,1.8106487713241875e-05,6.773967284094841e-12,2
1033,2.0709172343406437e-05,1.8081602926498223e-05,6.904121040671373e-12,2
1034,2.0709172343406437e-05,1.805677636891226e-05,7.035204405512906e-12,2
1035,2.0709172343406437e-05,1.8032007848113658e-05,7.167209734856239e-12,2
1036,2.0709172343406437e-05,1.8007297172552637e-05,7.30012943887625e-12,2
1037,2.0709172343406437e-05,1.7982644151495722e-05,7.433955981283912e-12,2
1038,2.0709172343406437e-05,1.7958048595021422e-05,7.568681878928013e-12,2
1039,2.0709172343406437e-05,1.7933510314016057e-05,7.704299701399524e-12,2
1040,2.0709172343406437e-05,1.790902912016949e-05,7.840802070639802e-12,2
1041,2.0709172343406437e-05,1.7884604825970984e-05,7.978181660551477e-12,2
1042,2.0709172343406437e-05,1.7860237244705033e-05,8.116431196612776e-12,2
1043,2.0709172343406437e-05,1.783592619044723e-05,8.255543455494877e-12,2
1044,2.0709172343406437e-05,1.7811671478060162e-05,8.39551126468241e-12,2
1045,2.0709172343406437e-05,1.7787472923189326e-05,8.536327502097003e-12,2
1046,2.0709172343406437e-05,1.776333034225907e-05,8.677985095723923e-12,2
1047,2.0709172343406437e-05,1.773924355246857e-05,8.820477023241669e-12,2
1048,2.0709172343406437e-05,1.7715212371787825e-05,8.96379631165452e-12,2
1049,2.0709172343406437e-05,1.7691236618953666e-05,9.107936036928274e-12,2
1050,1.3784510205257178e-05,1.7667316113465803e-05,1.50761817208198e-11,1
1051,1.3784510205257178e-05,1.7643450675582892e-05,1.4891421553517642e-11,1
1052,1.3784510205257178e-05,1.7619640126318633e-05,1.4708221511420835e-11,1
1053,1.3784510205257178e-05,1.7595884287437854e-05,1.4526572394318588e-11,1
1054,1.3784510205257178e-05,1.7572182981452707e-05,1.4346465059532744e-11,1
1055,1.3784510205257178e-05,1.7548536031618756e-05,1.4167890421516955e-11,1
1056,1.3784510205257178e-05,1.7524943261931224e-05,1.3990839451459943e-11,1
1057,1.3784510205257178e-05,1.7501404497121176e-05,1.381530317689117e-11,1
1058,1.3784510205257178e-05,1.7477919562651745e-05,1.3641272681289745e-11,1
1059,1.3784510205257178e-05,1.74544882847144e-05,1.3468739103696506e-11,1
1060,1.3784510205257178e-05,1.7431110490225198e-05,1.329769363832884e-11,1
1061,1.3784510205257178e-05,1.740778600682112e-05,1.3128127534198827e-11,1
1062,1.3784510205257178e-05,1.7384514662856364e-05,1.2960032094734009e-11,1
1063,1.3784510205257178e-05,1.73612962873987e-05,1.2793398677401302e-11,1
1064,1.3784510205257178e-05,1.7338130710225835e-05,1.262821869333369e-11,1
1065,1.3784510205257178e-05,1.731501776182179e-05,1.2464483606959833e-11,1
1066,1.3784510205257178e-05,1.729195727337333e-05,1.2302184935636589e-11,1
1067,1.3784510205257178e-05,1.7268949076766373e-05,1.2141314249284271e-11,1
1068,1.3784510205257178e-05,1.724599300458246e-05,1.1981863170024787e-11,1
1069,1.3784510205257178e-05,1.7223088890095226e-05,1.1823823371822562e-11,1
1070,1.3784510205257178e-05,1.7200236567266876e-05,1.1667186580128003e-11,1
1071,1.3784510205257178e-05,1.7177435870744735e-05,1.151194457152418e-11,1
1072,1.3784510205257178e-05,1.715468663585775e-05,1.1358089173375603e-11,1
1073,1.3784510205257178e-05,1.713198869861307e-05,1.120561226348024e-11,1
1074,1.3784510205257178e-05,1.7109341895692616e-05,1.1054505769723771e-11,1
1075,1.3784510205257178e-05,1.7086746064449686e-05,1.090476166973688e-11,1
1076,1.3784510205257178e-05,1.7064201042905557e-05,1.0756371990554726e-11,1
1077,1.3784510205257178e-05,1.7041706669746146e-05,1.0609328808279428e-11,1
1078,1.3784510205257178e-05,1.701926278431866e-05,1.0463624247744902e-11,1
1079,1.3784510205257178e-05,1.6996869226628258e-05,1.031925048218416e-11,1
1080,1.3784510205257178e-05,1.697452583733479e-05,1.017619973289952e-11,1
1081,1.3784510205257178e-05,1.6952232457749467e-05,1.003446426893482e-11,1
1082,1.3784510205257178e-05,1.6929988929831637e-05,9.894036406750564e-12,1
1083,1.3784510205257178e-05,1.690779509618552e-05,9.754908509901273e-12,1
1084,1.3784510205257178e-05,1.6885650800057e-05,9.6170729887154e-12,1
1085,1.3784510205257178e-05,1.6863555885330396e-05,9.480522299977544e-12,1
1086,1.3784510205257178e-05,1.6841510196525307e-05,9.345248946613338e-12,1
1087,1.3784510205257178e-05,1.6819513578793425e-05,9.211245477376397e-12,1
1088,1.3784510205257178e-05,1.6797565877915383e-05,9.078504486537788e-12,1
1089,1.3784510205257178e-05,1.6775666940297658e-05,8.947018613578021e-12,1
1090,1.3784510205257178e-05,1.6753816612969405e-05,8.816780542880887e-12,1
1091,1.3784510205257178e-05,1.6732014743579416e-05,8.687783003430188e-12,1
1092,1.3784510205257178e-05,1.6710261180393025e-05,8.560018768508359e-12,1
1093,1.3784510205257178e-05,1.6688555772289027e-05,8.433480655397332e-12,1
1094,1.3784510205257178e-05,1.666689836875669e-05,8.308161525082092e-12,1
1095,1.3784510205257178e-05,1.6645288819892692e-05,8.18405428195589e-12,1
1096,1.3784510205257178e-05,1.662372697639814e-05,8.06115187352811e-12,1
1097,1.3784510205257178e-05,1.6602212689575565e-05,7.939447290134007e-12,1
1098,1.3784510205257178e-05,1.6580745811325974e-05,7.818933564646923e-12,1
1099,1.3784510205257178e-05,1.655932619414589e-05,7.699603772192445e-12,1
1100,1.3784510205257178e-05,1.653795369112442e-05,7.581451029864741e-12,1
1101,1.3784510205257178e-05,1.651662815594032e-05,7.464468496445056e-12,1
1102,1.3784510205257178e-05,1.6495349442859144e-05,7.348649372122406e-12,1
1103,1.3784510205257178e-05,1.6474117406730302e-05,7.233986898216088e-12,1
1104,1.3784510205257178e-05,1.645293190298423e-05,7.120474356900529e-12,1
1105,1.3784510205257178e-05,1.6431792787629543e-05,7.008105070932096e-12,1
1106,1.3784510205257178e-05,1.641069991725017e-05,6.896872403377825e-12,1
1107,1.3784510205257178e-05,1.6389653149002584e-05,6.786769757346477e-12,1
1108,1.3784510205257178e-05,1.636865234061295e-05,6.677790575721094e-12,1
1109,1.3784510205257178e-05,1.6347697350374394e-05,6.569928340894142e-12,1
1110,1.3784510205257178e-05,1.6326788037144195e-05,6.4631765745041525e-12,1
1111,1.3784510205257178e-05,1.6305924260341046e-05,6.357528837174475e-12,1
1112,1.3784510205257178e-05,1.6285105879942333e-05,6.252978728254107e-12,1
1113,1.3784510205257178e-05,1.626433275648139e-05,6.1495198855601506e-12,1
1114,1.3784510205257178e-05,1.6243604751044804e-05,6.047145985122451e-12,1
1115,1.3784510205257178e-05,1.622292172526974e-05,5.945850740929969e-12,1
1116,1.3784510205257178e-05,1.6202283541341243e-05,5.845627904679067e-12,1
1117,1.3784510205257178e-05,1.618169006198961e-05,5.746471265523716e-12,1
1118,1.3784510205257178e-05,1.616114115048771e-05,5.648374649827376e-12,1
1119,1.3784510205257178e-05,1.6140636670648396e-05,5.5513319209169156e-12,1
1120,1.3784510205257178e-05,1.6120176486821856e-05,5.455336978838167e-12,1
1121,1.3784510205257178e-05,1.609976046389304e-05,5.360383760113418e-12,1
1122,1.3784510205257178e-05,1.607938846727908e-05,5.26646623750066e-12,1
1123,1.3784510205257178e-05,1.605906036292669e-05,5.1735784197543996e-12,1
1124,1.3784510205257178e-05,1.603877601730965e-05,5.081714351388594e-12,1
1125,1.3784510205257178e-05,1.601853529742625e-05,4.990868112441027e-12,1
1126,1.3784510205257178e-05,1.599833807079676e-05,4.901033818239548e-12,1
1127,1.3784510205257178e-05,1.5978184205460945e-05,4.812205619169996e-12,1
1128,1.3784510205257178e-05,1.5958073569975523e-05,4.72437770044573e-12,1
1129,1.3784510205257178e-05,1.5938006033411742e-05,4.637544281879109e-12,1
1130,1.3784510205257178e-05,1.5917981465352864e-05,4.551699617654275e-12,1
1131,1.3784510205257178e-05,1.589799973589174e-05,4.466837996101907e-12,1
1132,1.3784510205257178e-05,1.587806071562836e-05,4.3829537394754315e-12,1
1133,1.3784510205257178e-05,1.5858164275667423e-05,4.300041203728977e-12,1
1134,1.3784510205257178e-05,1.583831028761594e-05,4.218094778296859e-12,1
1135,1.3784510205257178e-05,1.5818498623580823e-05,4.137108885874723e-12,1
1136,1.3784510205257178e-05,1.57987291561665e-05,4.057077982202249e-12,1
1137,1.3784510205257178e-05,1.5779001758472554e-05,3.977996555847484e-12,1
1138,1.3784510205257178e-05,1.5759316304091357e-05,3.89985912799267e-12,1
1139,1.3784510205257178e-05,1.573967266710573e-05,3.822660252221685e-12,1
1140,1.3784510205257178e-05,1.57200707220866e-05,3.746394514308974e-12,1
1141,1.3784510205257178e-05,1.5700510344090703e-05,3.671056532010086e-12,1
1142,1.3784510205257178e-05,1.568099140865826e-05,3.59664095485361e-12,1
1143,1.3784510205257178e-05,1.566151379181069e-05,3.5231424639347457e-12,1
1144,1.3784510205257178e-05,1.564207737004834e-05,3.4505557717102742e-12,1
1145,1.3784510205257178e-05,1.5622682020348204e-05,3.3788756217950368e-12,1
1146,1.3784510205257178e-05,1.5603327620161675e-05,3.308096788759876e-12,1
1147,1.3784510205257178e-05,1.5584014047412307e-05,3.23821407793107e-12,1
1148,1.3784510205257178e-05,1.5564741180493586e-05,3.1692223251911702e-12,1
1149,1.3784510205257178e-05,1.5545508898266708e-05,3.1011163967812726e-12,1
1150,1.3784510205257178e-05,1.5526317080058377e-05,3.033891189104718e-12,1
1151,1.3784510205257178e-05,1.5507165605658617e-05,2.9675416285322424e-12,1
1152,1.3784510205257178e-05,1.5488054355318587e-05,2.902062671208449e-12,1
1153,1.3784510205257178e-05,1.5468983209748425e-05,2.837449302859767e-12,1
1154,1.3784510205257178e-05,1.5449952050115075e-05,2.7736965386036752e-12,1
1155,1.3784510205257178e-05,1.5430960758040158e-05,2.71079942275938e-12,1
1156,1.3784510205257178e-05,1.5412009215597836e-05,2.6487530286598204e-12,1
1157,1.3784510205257178e-05,1.539309730531269e-05,2.5875524584649976e-12,1
1158,1.3784510205257178e-05,1.5374224910157615e-05,2.527192842976683e-12,1
1159,1.3784510205257178e-05,1.5355391913551726e-05,2.467669341454397e-12,1
1160,1.3784510205257178e-05,1.5336598199358274e-05,2.4089771414327616e-12,1
1161,1.3784510205257178e-05,1.5317843651882562e-05,2.3511114585400785e-12,1
1162,1.3784510205257178e-05,1.5299128155869892e-05,2.2940675363182577e-12,1
1163,1.3784510205257178e-05,1.5280451596503522e-05,2.2378406460440463e-12,1
1164,1.3784510205257178e-05,1.526181385940261e-05,2.182426086551442e-12,1
1165,1.3784510205257178e-05,1.5243214830620202e-05,2.1278191840554782e-12,1
1166,1.3784510205257178e-05,1.5224654396641205e-05,2.0740152919771524e-12,1
1167,1.3784510205257178e-05,1.5206132444380392e-05,2.0210097907696995e-12,1
1168,1.3784510205257178e-05,1.5187648861180391e-05,1.968798087746e-12,1
1169,1.3784510205257178e-05,1.5169203534809729e-05,1.917375616907328e-12,1
1170,1.3784510205257178e-05,1.515079635346082e-05,1.866737838773142e-12,1
1171,1.3784510205257178e-05,1.513242720574804e-05,1.8168802402122814e-12,1
1172,1.3784510205257178e-05,1.5114095980705764e-05,1.7677983342752172e-12,1
1173,1.3784510205257178e-05,1.5095802567786418e-05,1.7194876600275142e-12,1
1174,1.3784510205257178e-05,1.5077546856858552e-05,1.6719437823844911e-12,1
1175,1.3784510205257178e-05,1.5059328738204928e-05,1.6251622919470518e-12,1
1176,1.3784510205257178e-05,1.5041148102520608e-05,1.5791388048386536e-12,1
1177,1.3784510205257178e-05,1.5023004840911051e-05,1.5338689625434201e-12,1
1178,1.3784510205257178e-05,1.5004898844890229e-05,1.4893484317454079e-12,1
1179,1.3784510205257178e-05,1.4986830006378752e-05,1.44557290416902e-12,1
1180,1.3784510205257178e-05,1.4968798217701995e-05,1.4025380964204946e-12,1
1181,1.3784510205257178e-05,1.4950803371588247e-05,1.3602397498305503e-12,1
1182,1.3784510205257178e-05,1.493284536116686e-05,1.3186736302981124e-12,1
1183,1.3784510205257178e-05,1.49149240799664e-05,1.2778355281351145e-12,1
1184,1.3784510205257178e-05,1.4897039421912852e-05,1.2377212579124872e-12,1
1185,1.3784510205257178e-05,1.4879191281327765e-05,1.1983266583070581e-12,1
1186,1.3784510205257178e-05,1.4861379552926471e-05,1.1596475919496885e-12,1
1187,1.3784510205257178e-05,1.4843604131816281e-05,1.121679945274378e-12,1
1188,1.3784510205257178e-05,1.4825864913494682e-05,1.0844196283684173e-12,1
1189,1.3784510205257178e-05,1.4808161793847582e-05,1.047862574823658e-12,1
1190,1.3784510205257178e-05,1.479049466914753e-05,1.0120047415887576e-12,1
1191,1.3784510205257178e-05,1.4772863436051946e-05,9.768421088224545e-13,1
1192,1.3784510205257178e-05,1.4755267991601399e-05,9.423706797479316e-13,1
1193,1.3784510205257178e-05,1.4737708233217833e-05,9.085864805080816e-13,1
1194,1.3784510205257178e-05,1.4720184058702868e-05,8.754855600219054e-13,1
1195,1.3784510205257178e-05,1.470269536623605e-05,8.430639898417976e-13,1
1196,1.3784510205257178e-05,1.4685242054373164e-05,8.113178640119023e-13,1
1197,1.3784510205257178e-05,1.4667824022044508e-05,7.802432989274001e-13,1
1198,1.3784510205257178e-05,1.4650441168553214e-05,7.498364331948003e-13,1
1199,1.3784510205257178e-05,1.4633093393573562e-05,7.200934274931996e-13,1
1200,1.3784510205257178e-05,1.4615780597149293e-05,6.910104644364709e-13,1
1201,1.3784510205257178e-05,1.459850267969196e-05,6.625837484364575e-13,1
1202,1.3784510205257178e-05,1.458125954197924e-05,6.348095055670462e-13,1
1203,1.3784510205257178e-05,1.456405108515333e-05,6.076839834292657e-13,1
1204,1.3784510205257178e-05,1.4546877210719258e-05,5.812034510172184e-13,1
1205,1.3784510205257178e-05,1.4529737820543285e-05,5.553641985850173e-13,1
1206,1.3784510205257178e-05,1.4512632816851264e-05,5.30162537514592e-13,1
1207,1.3784510205257178e-05,1.4495562102227038e-05,5.055948001844354e-13,1
1208,1.3784510205257178e-05,1.4478525579610824e-05,4.816573398392316e-13,1
1209,1.3784510205257178e-05,1.446152315229762e-05,4.583465304603839e-13,1
1210,1.3784510205257178e-05,1.4444554723935614e-05,4.356587666374478e-13,1
1211,1.3784510205257178e-05,1.4427620198524611e-05,4.135904634404375e-13,1
1212,1.3784510205257178e-05,1.4410719480414448e-05,3.9213805629299266e-13,1
1213,1.3784510205257178e-05,1.4393852474303444e-05,3.7129800084645194e-13,1
1214,1.3784510205257178e-05,1.437701908523683e-05,3.5106677285474216e-13,1
1215,1.3784510205257178e-05,1.4360219218605218e-05,3.314408680501734e-13,1
1216,1.3784510205257178e-05,1.4343452780143046e-05,3.1241680202004424e-13,1
1217,1.3784510205257178e-05,1.4326719675927055e-05,2.9399111008410843e-13,1
1218,1.3784510205257178e-05,1.431001981237477e-05,2.761603471728859e-13,1
1219,1.3784510205257178e-05,1.4293353096242983e-05,2.5892108770679136e-13,1
1220,1.3784510205257178e-05,1.4276719434626228e-05,2.4226992547607344e-13,1
1221,1.3784510205257178e-05,1.4260118734955313e-05,2.2620347352162157e-13,1
1222,1.3784510205257178e-05,1.4243550904995807e-05,2.107183640165297e-13,1
1223,1.3784510205257178e-05,1.4227015852846563e-05,1.9581124814850124e-13,1
1224,1.3784510205257178e-05,1.4210513486938248e-05,1.8147879600304083e-13,1
1225,1.3784510205257178e-05,1.4194043716031854e-05,1.6771769644743156e-13,1
1226,1.3784510205257178e-05,1.417760644921727e-05,1.5452465701553222e-13,1
1227,1.3784510205257178e-05,1.4161201595911807e-05,1.4189640379331834e-13,1
1228,1.3784510205257178e-05,1.414482906585876e-05,1.2982968130522186e-13,1
1229,1.3784510205257178e-05,1.4128488769125961e-05,1.1832125240123038e-13,1
1230,1.3784510205257178e-05,1.4112180616104368e-05,1.0736789814476625e-13,1
1231,1.3784510205257178e-05,1.4095904517506627e-05,9.696641770130701e-14,1
1232,1.3784510205257178e-05,1.4079660384365668e-05,8.711362822777351e-14,1
1233,1.3784510205257178e-05,1.4063448128033285e-05,7.78063647626493e-14,1
1234,1.3784510205257178e-05,1.4047267660178744e-05,6.90414801168589e-14,1
1235,1.3784510205257178e-05,1.403111889278739e-05,6.081584476537347e-14,1
1236,1.3784510205257178e-05,1.4015001738159259e-05,5.3126346739550956e-14,1
1237,1.3784510205257178e-05,1.3998916108907698e-05,4.596989152019587e-14,1
1238,1.3784510205257178e-05,1.3982861917957995e-05,3.934340193134749e-14,1
1239,1.3784510205257178e-05,1.3966839078546022e-05,3.3243818034779375e-14,1
1240,1.3784510205257178e-05,1.3950847504216864e-05,2.766809702520388e-14,1
1241,1.3784510205257178e-05,1.3934887108823473e-05,2.2613213126186765e-14,1
1242,1.3784510205257178e-05,1.3918957806525335e-05,1.8076157486761388e-14,1
1243,1.3784510205257178e-05,1.3903059511787122e-05,1.4053938078730668e-14,1
1244,1.3784510205257178e-05,1.3887192139377364e-05,1.0543579594662071e-14,1
1245,1.3784510205257178e-05,1.3871355604367133e-05,7.542123346567343e-15,1
1246,1.3784510205257178e-05,1.3855549822128722e-05,5.046627165255748e-15,1
1247,1.3784510205257178e-05,1.3839774708334331e-05,3.0541653003646136e-15,1
1248,1.3784510205257178e-05,1.3824030178954784e-05,1.5618283210594612e-15,1
1249,1.3784510205257178e-05,1.3808316150258204e-05,5.667230173918409e-16,1
1250,1.3784510205257178e-05,1.379263253880875e-05,6.597230232299504e-17,1
1251,1.3784510205257178e-05,1.3776979261465326e-05,5.671511439603062e-17,1
1252,1.3784510205257178e-05,1.37613562353803e-05,5.361063210593927e-16,1
1253,1.3784510205257178e-05,1.3745763377998233e-05,1.5013166226345595e-15,1
1254,1.3784510205257178e-05,1.3730200607054637e-05,2.94953245692151e-15,1
1255,1.3784510205257178e-05,1.3714667840574691e-05,4.877955904441529e-15,1
1256,1.3784510205257178e-05,1.369916499687201e-05,7.28380459430765e-15,1
1257,1.3784510205257178e-05,1.3683691994547394e-05,1.0164311610722514e-14,1
1258,1.3784510205257178e-05,1.3668248752487592e-05,1.3516725400094616e-14,1
1259,1.3784510205257178e-05,1.3652835189864071e-05,1.7338309678774905e-14,1
1260,1.3784510205257178e-05,1.3637451226131792e-05,2.162634334140086e-14,1
1261,1.3784510205257178e-05,1.3622096781028e-05,2.6378120369847017e-14,1
1262,1.3784510205257178e-05,1.3606771774570987e-05,3.159094974279007e-14,1
1263,1.3784510205257178e-05,1.3591476127058921e-05,3.7262155345850884e-14,1
1264,1.3784510205257178e-05,1.3576209759068611e-05,4.338907588235601e-14,1
1265,1.3784510205257178e-05,1.3560972591454345e-05,4.996906478466475e-14,1
1266,1.3784510205257178e-05,1.3545764545346677e-05,5.69994901261005e-14,1
1267,1.3784510205257178e-05,1.3530585542151264e-05,6.447773453345206e-14,1
1268,1.3784510205257178e-05,1.351543550354767e-05,7.240119510006069e-14,1
1269,1.3784510205257178e-05,1.3500314351488224e-05,8.076728329946477e-14,1
1270,1.3784510205257178e-05,1.3485222008196827e-05,8.957342489963561e-14,1
1271,1.3784510205257178e-05,1.3470158396167816e-05,9.881705987775462e-14,1
1272,1.3784510205257178e-05,1.3455123438164801e-05,1.084956423355679e-13,1
1273,1.3784510205257178e-05,1.344011705721952e-05,1.186066404152882e-13,1
1274,1.3784510205257178e-05,1.3425139176630703e-05,1.2914753621605113e-13,1
1275,1.3784510205257178e-05,1.3410189719962929e-05,1.4011582571092248e-13,1
1276,1.3784510205257178e-05,1.3395268611045504e-05,1.5150901866444604e-13,1
1277,1.3784510205257178e-05,1.3380375773971336e-05,1.633246385507313e-13,1
1278,1.3784510205257178e-05,1.3365511133095821e-05,1.7556022247207803e-13,1
1279,1.3784510205257178e-05,1.3350674613035718e-05,1.8821332107814536e-13,1
1280,1.3784510205257178e-05,1.3335866138668056e-05,2.0128149848562474e-13,1
1281,1.3784510205257178e-05,1.332108563512903e-05,2.1476233219845887e-13,1
1282,1.3784510205257178e-05,1.3306333027812898e-05,2.286534130285787e-13,1
1283,1.3784510205257178e-05,1.32916082423709e-05,2.4295234501714556e-13,1
1284,1.3784510205257178e-05,1.3276911204710167e-05,2.576567453563246e-13,1
1285,1.3784510205257178e-05,1.326224184099265e-05,2.727642443115453e-13,1
1286,1.3784510205257178e-05,1.3247600077634036e-05,2.8827248514429924e-13,1
1287,1.3784510205257178e-05,1.323298584130269e-05,3.0417912403540216e-13,1
1288,1.3784510205257178e-05,1.3218399058918576e-05,3.204818300088063e-13,1
1289,1.3784510205257178e-05,1.3203839657652222e-05,3.3717828485583973e-13,1
1290,1.3784510205257178e-05,1.3189307564923647e-05,3.5426618306000687e-13,1
1291,1.3784510205257178e-05,1.3174802708401325e-05,3.7174323172223055e-13,1
1292,1.3784510205257178e-05,1.3160325016001137e-05,3.896071504866002e-13,1
1293,1.3784510205257178e-05,1.3145874415885345e-05,4.0785567146658464e-13,1
1294,1.3784510205257178e-05,1.3131450836461538e-05,4.2648653917175944e-13,1
1295,1.3784510205257178e-05,1.3117054206381635e-05,4.454975104349489e-13,1
1296,1.3784510205257178e-05,1.3102684454540834e-05,4.648863543399058e-13,1
1297,1.3784510205257178e-05,1.3088341510076616e-05,4.846508521494073e-13,1
1298,1.3784510205257178e-05,1.3074025302367727e-05,5.047887972338331e-13,1
1299,1.3784510205257178e-05,1.305973576103317e-05,5.252979950002189e-13,1
1300,1.3784510205257178e-05,1.3045472815931208e-05,5.461762628217461e-13,1
1301,1.3784510205257178e-05,1.3031236397158357e-05,5.674214299677003e-13,1
1302,1.3784510205257178e-05,1.3017026435048407e-05,5.890313375338693e-13,1
1303,1.3784510205257178e-05,1.3002842860171426e-05,6.110038383734081e-13,1
1304,1.3784510205257178e-05,1.2988685603332788e-05,6.333367970281134e-13,1
1305,1.3784510205257178e-05,1.2974554595572186e-05,6.560280896601875e-13,1
1306,1.3784510205257178e-05,1.2960449768162655e-05,6.790756039844173e-13,1
1307,1.3784510205257178e-05,1.2946371052609629e-05,7.024772392007519e-13,1
1308,1.3784510205257178e-05,1.293231838064995e-05,7.262309059273976e-13,1
1309,1.3784510205257178e-05,1.2918291684250926e-05,7.503345261342586e-13,1
1310,1.3784510205257178e-05,1.2904290895609374e-05,7.747860330768569e-13,1
1311,1.3784510205257178e-05,1.2890315947150666e-05,7.995833712306551e-13,1
1312,1.3784510205257178e-05,1.2876366771527801e-05,8.247244962257831e-13,1
1313,1.3784510205257178e-05,1.2862443301620445e-05,8.502073747822327e-13,1
1314,1.3784510205257178e-05,1.2848545470534002e-05,8.760299846454248e-13,1
1315,1.3784510205257178e-05,1.2834673211598704e-05,9.02190314522169e-13,1
1316,1.3784510205257178e-05,1.2820826458368648e-05,9.286863640171176e-13,1
1317,1.3784510205257178e-05,1.2807005144620911e-05,9.555161435695122e-13,1
1318,1.3784510205257178e-05,1.2793209204354606e-05,9.826776743904419e-13,1
1319,1.3784510205257178e-05,1.2779438571789995e-05,1.0101689884003923e-12,1
1320,1.3784510205257178e-05,1.2765693181367553e-05,1.0379881281673128e-12,1
1321,1.3784510205257178e-05,1.2751972967747088e-05,1.0661331468449684e-12,1
1322,1.3784510205257178e-05,1.2738277865806828e-05,1.0946021081117531e-12,1
1323,1.3784510205257178e-05,1.2724607810642537e-05,1.1233930861098498e-12,1
1324,1.3784510205257178e-05,1.2710962737566614e-05,1.152504165384823e-12,1
1325,1.3784510205257178e-05,1.2697342582107212e-05,1.1819334408255461e-12,1
1326,1.3784510205257178e-05,1.2683747280007358e-05,1.2116790176045414e-12,1
1327,1.3784510205257178e-05,1.2670176767224075e-05,1.2417390111186752e-12,1
1328,1.3784510205257178e-05,1.2656630979927501e-05,1.2721115469302728e-12,1
1329,1.3784510205257178e-05,1.2643109854500035e-05,1.3027947607085306e-12,1
1330,1.3784510205257178e-05,1.262961332753546e-05,1.3337867981713748e-12,1
1331,1.3784510205257178e-05,1.2616141335838077e-05,1.3650858150276685e-12,1
1332,1.3784510205257178e-05,1.2602693816421874e-05,1.3966899769197188e-12,1
1333,1.3784510205257178e-05,1.2589270706509644e-05,1.4285974593662575e-12,1
1334,1.3784510205257178e-05,1.2575871943532158e-05,1.4608064477056777e-12,1
1335,1.3784510205257178e-05,1.2562497465127303e-05,1.4933151370397256e-12,1
1336,1.3784510205257178e-05,1.2549147209139262e-05,1.526121732177435e-12,1
1337,1.3784510205257178e-05,1.2535821113617657e-05,1.5592244475795316e-12,1
1338,1.3784510205257178e-05,1.2522519116816739e-05,1.5926215073030843e-12,1
1339,1.3784510205257178e-05,1.2509241157194532e-05,1.6263111449466083e-12,1
1340,1.3784510205257178e-05,1.249598717341204e-05,1.6602916035953865e-12,1
1341,1.3784510205257178e-05,1.2482757104332405e-05,1.694561135767263e-12,1
1342,1.3784510205257178e-05,1.2469550889020096e-05,1.729118003358695e-12,1
1343,1.3784510205257178e-05,1.24563684667401e-05,1.7639604775911677e-12,1
1344,1.3784510205257178e-05,1.2443209776957113e-05,1.7990868389579385e-12,1
1345,1.3784510205257178e-05,1.2430074759334727e-05,1.8344953771711484e-12,1
1346,1.3784510205257178e-05,1.2416963353734647e-05,1.870184391109188e-12,1
1347,1.3784510205257178e-05,1.2403875500215876e-05,1.9061521887644833e-12,1
1348,1.3784510205257178e-05,1.2390811139033924e-05,1.9423970871915697e-12,1
1349,1.3784510205257178e-05,1.2377770210640033e-05,1.978917412455446e-12,1
1350,1.3784510205257178e-05,1.2364752655680379e-05,2.015711499580318e-12,1
1351,1.3784510205257178e-05,1.2351758414995291e-05,2.052777692498643e-12,1
1352,1.3784510205257178e-05,1.233878742961847e-05,2.0901143440004885e-12,1
1353,1.3784510205257178e-05,1.2325839640776232e-05,2.1277198156831635e-12,1
1354,1.3784510205257178e-05,1.2312914989886711e-05,2.165592477901252e-12,1
1355,1.3784510205257178e-05,1.2300013418559115e-05,2.2037307097168757e-12,1
1356,1.3784510205257178e-05,1.2287134868592942e-05,2.2421328988503348e-12,1
1357,1.3784510205257178e-05,1.227427928197724e-05,2.280797441630973e-12,1
1358,1.3784510205257178e-05,1.2261446600889835e-05,2.3197227429484433e-12,1
1359,1.3784510205257178e-05,1.2248636767696585e-05,2.358907216204192e-12,1
1360,1.3784510205257178e-05,1.2235849724950639e-05,2.3983492832632812e-12,1
1361,1.3784510205257178e-05,1.2223085415391668e-05,2.4380473744065526e-12,1
1362,1.3784510205257178e-05,1.2210343781945143e-05,2.4779999282830052e-12,1
1363,1.3784510205257178e-05,1.2197624767721592e-05,2.5182053918625087e-12,1
1364,1.3784510205257178e-05,1.218492831601587e-05,2.5586622203887908e-12,1
1365,1.3784510205257178e-05,1.2172254370306404e-05,2.5993688773328188e-12,1
1366,1.3784510205257178e-05,1.2159602874254494e-05,2.6403238343462665e-12,1
1367,1.3784510205257178e-05,1.2146973771703568e-05,2.6815255712154767e-12,1
1368,1.3784510205257178e-05,1.2134367006678477e-05,2.722972575815547e-12,1
1369,1.3784510205257178e-05,1.2121782523384752e-05,2.7646633440648523e-12,1
1370,1.3784510205257178e-05,1.2109220266207924e-05,2.8065963798796532e-12,1
1371,1.3784510205257178e-05,1.2096680179712777e-05,2.848770195129213e-12,1
1372,1.3784510205257178e-05,1.2084162208642666e-05,2.891183309590984e-12,1
1373,1.3784510205257178e-05,1.2071666297918798e-05,2.93383425090621e-12,1
1374,1.3784510205257178e-05,1.2059192392639539e-05,2.9767215545357164e-12,1
1375,1.3784510205257178e-05,1.2046740438079703e-05,3.0198437637160564e-12,1
1376,1.3784510205257178e-05,1.2034310379689881e-05,3.0631994294157977e-12,1
1377,1.3784510205257178e-05,1.2021902163095718e-05,3.1067871102922572e-12,1
1378,1.3784510205257178e-05,1.200951573409725e-05,3.150605372648313e-12,1
1379,1.3784510205257178e-05,1.199715103866821e-05,3.1946527903896124e-12,1
1380,1.3784510205257178e-05,1.1984808022955343e-05,3.238927944981989e-12,1
1381,1.3784510205257178e-05,1.1972486633277725e-05,3.2834294254091785e-12,1
1382,1.3784510205257178e-05,1.1960186816126097e-05,3.328155828130715e-12,1
1383,1.3784510205257178e-05,1.1947908518162187e-05,3.3731057570401693e-12,1
1384,1.3784510205257178e-05,1.1935651686218041e-05,3.4182778234235923e-12,1
1385,1.3784510205257178e-05,1.192341626729535e-05,3.463670645918265e-12,1
1386,1.3784510205257178e-05,1.19112022085648e-05,3.509282850471612e-12,1
1387,1.3784510205257178e-05,1.18990094573654e-05,3.5551130703004565e-12,1
1388,1.3784510205257178e-05,1.1886837961203834e-05,3.6011599458504537e-12,1
1389,1.3784510205257178e-05,1.1874687667753794e-05,3.647422124755868e-12,1
1390,1.3784510205257178e-05,1.1862558524855345e-05,3.693898261799429e-12,1
1391,1.3784510205257178e-05,1.1850450480514267e-05,3.740587018872626e-12,1
1392,1.3784510205257178e-05,1.1838363482901407e-05,3.787487064936112e-12,1
1393,1.3784510205257178e-05,1.1826297480352045e-05,3.834597075980389e-12,1
1394,1.3784510205257178e-05,1.1814252421365256e-05,3.88191573498671e-12,1
1395,1.3784510205257178e-05,1.1802228254603257e-05,3.929441731888314e-12,1
1396,1.3784510205257178e-05,1.1790224928890796e-05,3.9771737635317384e-12,1
1397,1.3784510205257178e-05,1.177824239321451e-05,4.025110533638474e-12,1
1398,1.3784510205257178e-05,1.1766280596722295e-05,4.073250752766867e-12,1
1399,1.3784510205257178e-05,1.1754339488722685e-05,4.121593138274179e-12,1
1400,1.3784510205257178e-05,1.1742419018684232e-05,4.170136414278903e-12,1
1401,1.3784510205257178e-05,1.173051913623489e-05,4.218879311623324e-12,1
1402,1.3784510205257178e-05,1.1718639791161382e-05,4.267820567836338e-12,1
1403,1.3784510205257178e-05,1.1706780933408608e-05,4.316958927096388e-12,1
1404,1.3784510205257178e-05,1.1694942513079027e-05,4.366293140194724e-12,1
1405,1.3784510205257178e-05,1.1683124480432042e-05,4.415821964498864e-12,1
1406,1.3784510205257178e-05,1.16713267858834e-05,4.465544163916254e-12,1
1407,1.3784510205257178e-05,1.1659549380004593e-05,4.51545850885815e-12,1
1408,1.3784510205257178e-05,1.164779221352226e-05,4.5655637762037044e-12,1
1409,1.3784510205257178e-05,1.1636055237317577e-05,4.6158587492643535e-12,1
1410,1.3784510205257178e-05,1.1624338402425682e-05,4.666342217748275e-12,1
1411,1.3784510205257178e-05,1.1612641660035066e-05,4.717012977725215e-12,1
1412,1.3784510205257178e-05,1.1600964961486998e-05,4.767869831591376e-12,1
1413,1.3784510205257178e-05,1.1589308258274934e-05,4.818911588034634e-12,1
1414,1.3784510205257178e-05,1.157767150204393e-05,4.870137061999928e-12,1
1415,1.3784510205257178e-05,1.1566054644590064e-05,4.921545074654841e-12,1
1416,1.3784510205257178e-05,1.155445763785986e-05,4.97313445335537e-12,1
1417,1.3784510205257178e-05,1.1542880433949712e-05,5.0249040316119645e-12,1
1418,1.3784510205257178e-05,1.1531322985105312e-05,5.076852649055693e-12,1
1419,1.3784510205257178e-05,1.151978524372108e-05,5.128979151404685e-12,1
1420,1.3784510205257178e-05,1.1508267162339583e-05,5.181282390430754e-12,1
1421,1.3784510205257178e-05,1.1496768693650999e-05,5.233761223926127e-12,1
1422,1.3784510205257178e-05,1.1485289790492522e-05,5.286414515670557e-12,1
1423,1.3784510205257178e-05,1.1473830405847831e-05,5.3392411353984205e-12,1
1424,1.3784510205257178e-05,1.1462390492846506e-05,5.392239958766221e-12,1
1425,1.3784510205257178e-05,1.1450970004763499e-05,5.445409867320082e-12,1
1426,1.3784510205257178e-05,1.1439568895018555e-05,5.49874974846363e-12,1
1427,1.3784510205257178e-05,1.1428187117175685e-05,5.5522584954259064e-12,1
1428,1.3784510205257178e-05,1.141682462494261e-05,5.605935007229531e-12,1
1429,1.3784510205257178e-05,1.140548137217021e-05,5.659778188659143e-12,1
1430,1.3784510205257178e-05,1.1394157312851988e-05,5.7137869502298616e-12,1
1431,1.3784510205257178e-05,1.1382852401123529e-05,5.7679602081560615e-12,1
1432,1.3784510205257178e-05,1.1371566591261967e-05,5.822296884320271e-12,1
1433,1.3784510205257178e-05,1.1360299837685436e-05,5.8767959062423195e-12,1
1434,1.3784510205257178e-05,1.1349052094952554e-05,5.9314562070485705e-12,1
1435,1.3784510205257178e-05,1.1337823317761877e-05,5.986276725441444e-12,1
1436,1.3784510205257178e-05,1.1326613460951386e-05,6.041256405669014e-12,1
1437,1.3784510205257178e-05,1.1315422479497945e-05,6.096394197494901e-12,1
1438,1.3784510205257178e-05,1.1304250328516791e-05,6.1516890561682384e-12,1
1439,1.3784510205257178e-05,1.1293096963261007e-05,6.207139942393873e-12,1
1440,1.3784510205257178e-05,1.1281962339121008e-05,6.262745822302697e-12,1
1441,1.3784510205257178e-05,1.1270846411624012e-05,6.31850566742228e-12,1
1442,1.3784510205257178e-05,1.125974913643354e-05,6.374418454647477e-12,1
1443,1.3784510205257178e-05,1.12486704693489e-05,6.4304831662113644e-12,1
1444,1.3784510205257178e-05,1.1237610366304673e-05,6.486698789656297e-12,1
1445,1.3784510205257178e-05,1.122656878337021e-05,6.543064317805127e-12,1
1446,1.3784510205257178e-05,1.1215545676749124e-05,6.599578748732609e-12,1
1447,1.3784510205257178e-05,1.1204541002778793e-05,6.6562410857369555e-12,1
1448,1.3784510205257178e-05,1.1193554717929849e-05,6.713050337311599e-12,1
1449,1.3784510205257178e-05,1.1182586778805694e-05,6.770005517117033e-12,1
1450,1.3784510205257178e-05,1.1171637142141987e-05,6.8271056439529594e-12,1
1451,1.3784510205257178e-05,1.1160705764806165e-05,6.884349741730453e-12,1
1452,1.3784510205257178e-05,1.1149792603796943e-05,6.9417368394443765e-12,1
1453,1.3784510205257178e-05,1.1138897616243823e-05,6.99926597114595e-12,1
1454,6.892255102628589e-06,1.1128020759406614e-05,1.794171069914017e-11,1
1455,6.892255102628589e-06,1.111716199067494e-05,1.78498382126615e-11,1
1456,6.892255102628589e-06,1.1106321267567762e-05,1.7758353642485148e-11,1
1457,6.892255102628589e-06,1.109549854773289e-05,1.766725545881227e-11,1
1458,6.892255102628589e-06,1.1084693788946514e-05,1.757654213853517e-11,1
1459,6.892255102628589e-06,1.1073906949112717e-05,1.7486212165204115e-11,1
1460,6.892255102628589e-06,1.1063137986263006e-05,1.7396264028994546e-11,1
1461,6.892255102628589e-06,1.1052386858555834e-05,1.7306696226674302e-11,1
1462,6.892255102628589e-06,1.1041653524276143e-05,1.721750726157121e-11,1
1463,6.892255102628589e-06,1.1030937941834878e-05,1.712869564354063e-11,1
1464,6.892255102628589e-06,1.102024006976853e-05,1.7040259888933333e-11,1
1465,6.892255102628589e-06,1.1009559866738672e-05,1.6952198520563587e-11,1
1466,6.892255102628589e-06,1.0998897291531496e-05,1.6864510067677255e-11,1
1467,6.892255102628589e-06,1.0988252303057346e-05,1.6777193065920218e-11,1
1468,6.892255102628589e-06,1.097762486035027e-05,1.669024605730691e-11,1
1469,6.892255102628589e-06,1.0967014922567558e-05,1.6603667590189057e-11,1
1470,6.892255102628589e-06,1.0956422448989286e-05,1.651745621922455e-11,1
1471,6.892255102628589e-06,1.0945847399017872e-05,1.6431610505346534e-11,1
1472,6.892255102628589e-06,1.0935289732177607e-05,1.6346129015732567e-11,1
1473,6.892255102628589e-06,1.092474940811424e-05,1.6261010323774197e-11,1
1474,6.892255102628589e-06,1.0914226386594483e-05,1.617625300904626e-11,1
1475,6.892255102628589e-06,1.0903720627505623e-05,1.6091855657276972e-11,1
1476,6.892255102628589e-06,1.089323209085503e-05,1.6007816860317517e-11,1
1477,6.892255102628589e-06,1.0882760736769748e-05,1.5924135216112332e-11,1
1478,6.892255102628589e-06,1.0872306525496038e-05,1.58408093286692e-11,1
1479,6.892255102628589e-06,1.0861869417398955e-05,1.57578378080298e-11,1
1480,6.892255102628589e-06,1.0851449372961905e-05,1.567521927024016e-11,1
1481,6.892255102628589e-06,1.0841046352786208e-05,1.559295233732137e-11,1
1482,6.892255102628589e-06,1.0830660317590674e-05,1.5511035637240544e-11,1
1483,6.892255102628589e-06,1.082029122821118e-05,1.5429467803881892e-11,1
1484,6.892255102628589e-06,1.0809939045600227e-05,1.5348247477017798e-11,1
1485,6.892255102628589e-06,1.079960373082652e-05,1.5267373302280245e-11,1
1486,6.892255102628589e-06,1.0789285245074549e-05,1.518684393113238e-11,1
1487,6.892255102628589e-06,1.0778983549644163e-05,1.5106658020840098e-11,1
1488,6.892255102628589e-06,1.0768698605950157e-05,1.5026814234443993e-11,1
1489,6.892255102628589e-06,1.075843037552184e-05,1.4947311240731197e-11,1
1490,6.892255102628589e-06,1.0748178820002625e-05,1.4868147714207602e-11,1
1491,6.892255102628589e-06,1.073794390114962e-05,1.478932233507013e-11,1
1492,6.892255102628589e-06,1.072772558083321e-05,1.4710833789179185e-11,1
1493,6.892255102628589e-06,1.0717523821036644e-05,1.46326807680312e-11,1
1494,6.892255102628589e-06,1.0707338583855632e-05,1.455486196873145e-11,1
1495,6.892255102628589e-06,1.0697169831497924e-05,1.4477376093966807e-11,1
1496,6.892255102628589e-06,1.0687017526282927e-05,1.4400221851978941e-11,1
1497,6.892255102628589e-06,1.067688163064127e-05,1.4323397956537319e-11,1
1498,6.892255102628589e-06,1.0666762107114433e-05,1.4246903126912701e-11,1
1499,6.892255102628589e-06,1.0656658918354327e-05,1.4170736087850494e-11,1
1500,6.892255102628589e-06,1.06465720271229e-05,1.4094895569544423e-11,1
1501,6.892255102628589e-06,1.0636501396291737e-05,1.401938030761022e-11,1
1502,6.892255102628589e-06,1.0626446988841671e-05,1.3944189043059617e-11,1
1503,6.892255102628589e-06,1.0616408767862388e-05,1.3869320522274337e-11,1
1504,6.892255102628589e-06,1.0606386696552017e-05,1.3794773496980184e-11,1
1505,6.892255102628589e-06,1.0596380738216775e-05,1.3720546724221585e-11,1
1506,6.892255102628589e-06,1.0586390856270543e-05,1.3646638966335807e-11,1
1507,6.892255102628589e-06,1.0576417014234501e-05,1.3573048990927729e-11,1
1508,6.892255102628589e-06,1.0566459175736728e-05,1.3499775570844441e-11,1
1509,6.892255102628589e-06,1.0556517304511832e-05,1.3426817484150233e-11,1
1510,6.892255102628589e-06,1.0546591364400559e-05,1.3354173514101534e-11,1
1511,6.892255102628589e-06,1.0536681319349405e-05,1.3281842449122002e-11,1
1512,6.892255102628589e-06,1.052678713341026e-05,1.3209823082777943e-11,1
1513,6.892255102628589e-06,1.0516908770740006e-05,1.3138114213753553e-11,1
1514,6.892255102628589e-06,1.0507046195600159e-05,1.3066714645826594e-11,1
1515,6.892255102628589e-06,1.0497199372356475e-05,1.2995623187843924e-11,1
1516,6.892255102628589e-06,1.0487368265478608e-05,1.2924838653697464e-11,1
1517,6.892255102628589e-06,1.0477552839539702e-05,1.2854359862299949e-11,1
1518,6.892255102628589e-06,1.0467753059216051e-05,1.2784185637561116e-11,1
1519,6.892255102628589e-06,1.0457968889286723e-05,1.2714314808363888e-11,1
1520,6.892255102628589e-06,1.0448200294633176e-05,1.264474620854054e-11,1
1521,6.892255102628589e-06,1.0438447240238924e-05,1.2575478676849353e-11,1
1522,6.892255102628589e-06,1.0428709691189146e-05,1.2506511056951018e-11,1
1523,6.892255102628589e-06,1.0418987612670343e-05,1.2437842197385408e-11,1
1524,6.892255102628589e-06,1.0409280969969963e-05,1.2369470951548345e-11,1
1525,6.892255102628589e-06,1.0399589728476056e-05,1.2301396177668589e-11,1
1526,6.892255102628589e-06,1.038991385367691e-05,1.2233616738784901e-11,1
1527,6.892255102628589e-06,1.0380253311160693e-05,1.2166131502723169e-11,1
1528,6.892255102628589e-06,1.0370608066615103e-05,1.2098939342073767e-11,1
1529,6.892255102628589e-06,1.036097808582701e-05,1.2032039134168954e-11,1
1530,6.892255102628589e-06,1.0351363334682112e-05,1.196542976106045e-11,1
1531,6.892255102628589e-06,1.0341763779164583e-05,1.1899110109497107e-11,1
1532,6.892255102628589e-06,1.0332179385356721e-05,1.1833079070902654e-11,1
1533,6.892255102628589e-06,1.0322610119438599e-05,1.1767335541353602e-11,1
1534,6.892255102628589e-06,1.0313055947687734e-05,1.170187842155736e-11,1
1535,6.892255102628589e-06,1.0303516836478725e-05,1.1636706616830232e-11,1
1536,6.892255102628589e-06,1.0293992752282917e-05,1.1571819037075749e-11,1
1537,6.892255102628589e-06,1.0284483661668069e-05,1.1507214596763065e-11,1
1538,6.892255102628589e-06,1.0274989531298002e-05,1.1442892214905377e-11,1
1539,6.892255102628589e-06,1.0265510327932262e-05,1.1378850815038536e-11,1
1540,6.892255102628589e-06,1.0256046018425795e-05,1.1315089325199802e-11,1
1541,6.892255102628589e-06,1.0246596569728592e-05,1.1251606677906602e-11,1
1542,6.892255102628589e-06,1.0237161948885377e-05,1.118840181013553e-11,1
1543,6.892255102628589e-06,1.0227742123035256e-05,1.1125473663301344e-11,1
1544,6.892255102628589e-06,1.0218337059411392e-05,1.1062821183236119e-11,1
1545,6.892255102628589e-06,1.0208946725340683e-05,1.1000443320168584e-11,1
1546,6.892255102628589e-06,1.019957108824342e-05,1.0938339028703402e-11,1
1547,6.892255102628589e-06,1.019021011563297e-05,1.087650726780073e-11,1
1548,6.892255102628589e-06,1.0180863775115444e-05,1.0814947000755751e-11,1
1549,6.892255102628589e-06,1.0171532034389372e-05,1.0753657195178412e-11,1
1550,6.892255102628589e-06,1.016221486124539e-05,1.0692636822973246e-11,1
1551,6.892255102628589e-06,1.015291222356591e-05,1.063188486031926e-11,1
1552,6.892255102628589e-06,1.0143624089324792e-05,1.0571400287649896e-11,1
1553,6.892255102628589e-06,1.0134350426587045e-05,1.0511182089633285e-11,1
1554,6.892255102628589e-06,1.0125091203508493e-05,1.0451229255152378e-11,1
1555,6.892255102628589e-06,1.0115846388335453e-05,1.0391540777285231e-11,1
1556,6.892255102628589e-06,1.0106615949404446e-05,1.0332115653285606e-11,1
1557,6.892255102628589e-06,1.0097399855141861e-05,1.0272952884563364e-11,1
1558,6.892255102628589e-06,1.0088198074063643e-05,1.0214051476665124e-11,1
1559,6.892255102628589e-06,1.0079010574774991e-05,1.0155410439255037e-11,1
1560,6.892255102628589e-06,1.006983732597005e-05,1.009702878609566e-11,1
1561,6.892255102628589e-06,1.0060678296431584e-05,1.0038905535028769e-11,1
1562,6.892255102628589e-06,1.0051533455030687e-05,9.981039707956516e-12,1
1563,6.892255102628589e-06,1.0042402770726478e-05,9.923430330822565e-12,1
1564,6.892255102628589e-06,1.003328621256577e-05,9.8660764335932e-12,1
1565,6.892255102628589e-06,1.0024183749682803e-05,9.80897705023884e-12,1
1566,6.892255102628589e-06,1.0015095351298915e-05,9.752131218715344e-12,1
1567,6.892255102628589e-06,1.000602098672225e-05,9.695537980945577e-12,1
1568,6.892255102628589e-06,9.996960625347454e-06,9.639196382801018e-12,1
1569,6.892255102628589e-06,9.987914236655384e-06,9.583105474083527e-12,1
1570,6.892255102628589e-06,9.978881790212805e-06,9.527264308507108e-12,1
1571,6.892255102628589e-06,9.96986325567209e-06,9.471671943679831e-12,1
1572,6.892255102628589e-06,9.960858602770934e-06,9.41632744108585e-12,1
1573,6.892255102628589e-06,9.951867801332054e-06,9.361229866067498e-12,1
1574,6.892255102628589e-06,9.942890821262895e-06,9.306378287807448e-12,1
1575,6.892255102628589e-06,9.933927632555345e-06,9.251771779311034e-12,1
1576,6.892255102628589e-06,9.924978205285439e-06,9.197409417388587e-12,1
1577,6.892255102628589e-06,9.916042509613066e-06,9.143290282637905e-12,1
1578,6.892255102628589e-06,9.907120515781697e-06,9.089413459426862e-12,1
1579,6.892255102628589e-06,9.898212194118078e-06,9.03577803587595e-12,1
1580,6.892255102628589e-06,9.889317515031962e-06,8.982383103841123e-12,1
1581,6.892255102628589e-06,9.880436449015807e-06,8.929227758896528e-12,1
1582,6.892255102628589e-06,9.87156896664451e-06,8.876311100317481e-12,1
1583,6.892255102628589e-06,9.862715038575114e-06,8.823632231063435e-12,1
1584,6.892255102628589e-06,9.853874635546531e-06,8.77119025776109e-12,1
1585,6.892255102628589e-06,9.84504772837926e-06,8.718984290687546e-12,1
1586,6.892255102628589e-06,9.836234287975109e-06,8.667013443753558e-12,1
1587,6.892255102628589e-06,9.827434285316916e-06,8.615276834486912e-12,1
1588,6.892255102628589e-06,9.818647691468277e-06,8.563773584015849e-12,1
1589,6.892255102628589e-06,9.809874477573265e-06,8.512502817052565e-12,1
1590,6.892255102628589e-06,9.801114614856163e-06,8.46146366187684e-12,1
1591,6.892255102628589e-06,9.792368074621177e-06,8.410655250319681e-12,1
1592,6.892255102628589e-06,9.783634828252184e-06,8.360076717747176e-12,1
1593,6.892255102628589e-06,9.77491484721244e-06,8.309727203044235e-12,1
1594,6.892255102628589e-06,9.766208103044324e-06,8.259605848598607e-12,1
1595,6.892255102628589e-06,9.757514567369071e-06,8.209711800284914e-12,1
1596,6.892255102628589e-06,9.74883421188649e-06,8.16004420744866e-12,1
1597,6.892255102628589e-06,9.740167008374708e-06,8.11060222289049e-12,1
1598,6.892255102628589e-06,9.731512928689906e-06,8.061385002850436e-12,1
1599,6.892255102628589e-06,9.722871944766043e-06,8.012391706992214e-12,1
1600,6.892255102628589e-06,9.71424402861461e-06,7.963621498387739e-12,1
1601,6.892255102628589e-06,9.705629152324352e-06,7.91507354350154e-12,1
1602,6.892255102628589e-06,9.697027288061012e-06,7.86674701217537e-12,1
1603,6.892255102628589e-06,9.688438408067073e-06,7.818641077612886e-12,1
1604,6.892255102628589e-06,9.679862484661498e-06,7.770754916364368e-12,1
1605,6.892255102628589e-06,9.671299490239467e-06,7.72308770831152e-12,1
1606,6.892255102628589e-06,9.662749397272129e-06,7.675638636652406e-12,1
1607,6.892255102628589e-06,9.654212178306333e-06,7.628406887886357e-12,1
1608,6.892255102628589e-06,9.645687805964388e-06,7.581391651799086e-12,1
1609,6.892255102628589e-06,9.637176252943793e-06,7.534592121447745e-12,1
1610,6.892255102628589e-06,9.628677492016999e-06,7.488007493146174e-12,1
1611,6.892255102628589e-06,9.620191496031147e-06,7.441636966450157e-12,1
1612,6.892255102628589e-06,9.611718237907818e-06,7.395479744142735e-12,1
1613,6.892255102628589e-06,9.603257690642785e-06,7.349535032219668e-12,1
1614,6.892255102628589e-06,9.59480982730577e-06,7.303802039874951e-12,1
1615,6.892255102628589e-06,9.586374621040179e-06,7.258279979486295e-12,1
1616,6.892255102628589e-06,9.57795204506287e-06,7.212968066600846e-12,1
1617,6.892255102628589e-06,9.569542072663904e-06,7.167865519920878e-12,1
1618,6.892255102628589e-06,9.561144677206297e-06,7.122971561289576e-12,1
1619,6.892255102628589e-06,9.552759832125774e-06,7.078285415676891e-12,1
1620,6.892255102628589e-06,9.54438751093053e-06,7.033806311165455e-12,1
1621,6.892255102628589e-06,9.536027687200988e-06,6.989533478936623e-12,1
1622,6.892255102628589e-06,9.527680334589553e-06,6.9454661532565e-12,1
1623,6.892255102628589e-06,9.519345426820377e-06,6.901603571462111e-12,1
1624,6.892255102628589e-06,9.511022937689113e-06,6.857944973947582e-12,1
1625,6.892255102628589e-06,9.502712841062684e-06,6.814489604150448e-12,1
1626,6.892255102628589e-06,9.494415110879042e-06,6.7712367085379946e-12,1
1627,6.892255102628589e-06,9.486129721146933e-06,6.728185536593681e-12,1
1628,6.892255102628589e-06,9.477856645945656e-06,6.685335340803599e-12,1
1629,6.892255102628589e-06,9.46959585942483e-06,6.642685376643022e-12,1
1630,6.892255102628589e-06,9.461347335804175e-06,6.600234902563117e-12,1
1631,6.892255102628589e-06,9.453111049373248e-06,6.557983179977485e-12,1
1632,6.892255102628589e-06,9.444886974491246e-06,6.515929473249054e-12,1
1633,6.892255102628589e-06,9.436675085586747e-06,6.474073049676794e-12,1
1634,6.892255102628589e-06,9.428475357157498e-06,6.4324131794826835e-12,1
1635,6.892255102628589e-06,9.420287763770177e-06,6.390949135798621e-12,1
1636,6.892255102628589e-06,9.412112280060167e-06,6.349680194653439e-12,1
1637,6.892255102628589e-06,9.403948880731324e-06,6.308605634959991e-12,1
1638,6.892255102628589e-06,9.395797540555762e-06,6.2677247385023314e-12,1
1639,6.892255102628589e-06,9.387658234373612e-06,6.227036789922866e-12,1
1640,6.892255102628589e-06,9.379530937092815e-06,6.186541076709711e-12,1
1641,6.892255102628589e-06,9.371415623688881e-06,6.146236889183938e-12,1
1642,6.892255102628589e-06,9.36331226920467e-06,6.106123520487011e-12,1
1643,6.892255102628589e-06,9.355220848750187e-06,6.066200266568322e-12,1
1644,6.892255102628589e-06,9.34714133750233e-06,6.026466426172574e-12,1
1645,6.892255102628589e-06,9.3390737107047e-06,5.986921300827516e-12,1
1646,6.892255102628589e-06,9.33101794366736e-06,5.9475641948315014e-12,1
1647,6.892255102628589e-06,9.322974011766625e-06,5.908394415241204e-12,1
1648,6.892255102628589e-06,9.31494189044485e-06,5.86941127185947e-12,1
1649,6.892255102628589e-06,9.306921555210191e-06,5.8306140772230195e-12,1
1650,6.892255102628589e-06,9.298912981636425e-06,5.792002146590493e-12,1
1651,6.892255102628589e-06,9.290916145362695e-06,5.753574797930269e-12,1
1652,6.892255102628589e-06,9.282931022093327e-06,5.715331351908569e-12,1
1653,6.892255102628589e-06,9.274957587597595e-06,5.677271131877476e-12,1
1654,6.892255102628589e-06,9.266995817709521e-06,5.639393463863097e-12,1
1655,6.892255102628589e-06,9.259045688327659e-06,5.601697676553746e-12,1
1656,6.892255102628589e-06,9.251107175414883e-06,5.5641831012881965e-12,1
1657,6.892255102628589e-06,9.243180254998178e-06,5.526849072043974e-12,1
1658,6.892255102628589e-06,9.235264903168425e-06,5.4896949254257236e-12,1
1659,6.892255102628589e-06,9.2273610960802e-06,5.4527200006536345e-12,1
1660,6.892255102628589e-06,9.219468809951569e-06,5.415923639551968e-12,1
1661,6.892255102628589e-06,9.211588021063867e-06,5.379305186537503e-12,1
1662,6.892255102628589e-06,9.203718705761498e-06,5.3428639886081696e-12,1
1663,6.892255102628589e-06,9.195860840451739e-06,5.3065993953317364e-12,1
1664,6.892255102628589e-06,9.188014401604523e-06,5.270510758834472e-12,1
1665,6.892255102628589e-06,9.180179365752238e-06,5.234597433789893e-12,1
1666,6.892255102628589e-06,9.172355709489527e-06,5.198858777407618e-12,1
1667,6.892255102628589e-06,9.164543409473085e-06,5.163294149422226e-12,1
1668,6.892255102628589e-06,9.156742442421451e-06,5.127902912082152e-12,1
1669,6.892255102628589e-06,9.148952785114819e-06,5.0926844301387204e-12,1
1670,6.892255102628589e-06,9.141174414394829e-06,5.057638070835137e-12,1
1671,6.892255102628589e-06,9.133407307164366e-06,5.022763203895572e-12,1
1672,6.892255102628589e-06,9.125651440387368e-06,4.9880592015143266e-12,1
1673,6.892255102628589e-06,9.117906791088631e-06,4.953525438345036e-12,1
1674,6.892255102628589e-06,9.110173336353601e-06,4.919161291489876e-12,1
1675,6.892255102628589e-06,9.102451053328182e-06,4.884966140488877e-12,1
1676,6.892255102628589e-06,9.094739919218546e-06,4.850939367309298e-12,1
1677,6.892255102628589e-06,9.087039911290935e-06,4.8170803563350085e-12,1
1678,6.892255102628589e-06,9.07935100687146e-06,4.7833884943559446e-12,1
1679,6.892255102628589e-06,9.071673183345919e-06,4.749863170557609e-12,1
1680,6.892255102628589e-06,9.064006418159601e-06,4.716503776510683e-12,1
1681,6.892255102628589e-06,9.056350688817088e-06,4.683309706160542e-12,1
1682,6.892255102628589e-06,9.048705972882073e-06,4.6502803558170055e-12,1
1683,6.892255102628589e-06,9.041072247977161e-06,4.617415124143987e-12,1
1684,6.892255102628589e-06,9.033449491783687e-06,4.584713412149271e-12,1
1685,6.892255102628589e-06,9.025837682041521e-06,4.5521746231743395e-12,1
1686,6.892255102628589e-06,9.018236796548884e-06,4.519798162884205e-12,1
1687,6.892255102628589e-06,9.01064681316216e-06,4.487583439257349e-12,1
1688,6.892255102628589e-06,9.003067709795712e-06,4.455529862575667e-12,1
1689,6.892255102628589e-06,8.995499464421681e-06,4.4236368454144315e-12,1
1690,6.892255102628589e-06,8.987942055069824e-06,4.3919038026324305e-12,1
1691,6.892255102628589e-06,8.980395459827312e-06,4.3603301513620086e-12,1
1692,6.892255102628589e-06,8.972859656838554e-06,4.328915310999249e-12,1
1693,6.892255102628589e-06,8.965334624305007e-06,4.297658703194125e-12,1
1694,6.892255102628589e-06,8.957820340485004e-06,4.266559751840828e-12,1
1695,6.892255102628589e-06,8.950316783693562e-06,4.2356178830679805e-12,1
1696,6.892255102628589e-06,8.942823932302204e-06,4.204832525229018e-12,1
1697,6.892255102628589e-06,8.935341764738783e-06,4.1742031088925736e-12,1
1698,6.892255102628589e-06,8.9278702594873e-06,4.143729066832911e-12,1
1699,6.892255102628589e-06,8.920409395087715e-06,4.113409834020378e-12,1
1700,6.892255102628589e-06,8.912959150135787e-06,4.0832448476119734e-12,1
1701,6.892255102628589e-06,8.905519503282883e-06,4.053233546941891e-12,1
1702,6.892255102628589e-06,8.898090433235797e-06,4.023375373512127e-12,1
1703,6.892255102628589e-06,8.890671918756596e-06,3.993669770983198e-12,1
1704,6.892255102628589e-06,8.883263938662416e-06,3.964116185164773e-12,1
1705,6.892255102628589e-06,8.875866471825308e-06,3.934714064006483e-12,1
1706,6.892255102628589e-06,8.868479497172052e-06,3.9054628575886776e-12,1
1707,6.892255102628589e-06,8.861102993683986e-06,3.876362018113283e-12,1
1708,6.892255102628589e-06,8.853736940396837e-06,3.847410999894702e-12,1
1709,6.892255102628589e-06,8.846381316400545e-06,3.81860925935072e-12,1
1710,6.892255102628589e-06,8.839036100839087e-06,3.789956254993464e-12,1
1711,6.892255102628589e-06,8.831701272910319e-06,3.761451447420469e-12,1
1712,6.892255102628589e-06,8.82437681186579e-06,3.733094299305683e-12,1
1713,6.892255102628589e-06,8.81706269701058e-06,3.704884275390586e-12,1
1714,6.892255102628589e-06,8.809758907703132e-06,3.676820842475352e-12,1
1715,6.892255102628589e-06,8.802465423355078e-06,3.648903469409997e-12,1
1716,6.892255102628589e-06,8.795182223431077e-06,3.6211316270856455e-12,1
1717,6.892255102628589e-06,8.787909287448646e-06,3.593504788425794e-12,1
1718,6.892255102628589e-06,8.780646594977988e-06,3.5660224283775905e-12,1
1719,6.892255102628589e-06,8.773394125641829e-06,3.538684023903205e-12,1
1720,6.892255102628589e-06,8.76615185911526e-06,3.5114890539712685e-12,1
1721,6.892255102628589e-06,8.758919775125563e-06,3.484436999548234e-12,1
1722,6.892255102628589e-06,8.751697853452044e-06,3.4575273435898965e-12,1
1723,6.892255102628589e-06,8.74448607392588e-06,3.4307595710329068e-12,1
1724,6.892255102628589e-06,8.737284416429953e-06,3.4041331687863333e-12,1
1725,6.892255102628589e-06,8.730092860898676e-06,3.377647625723219e-12,1
1726,6.892255102628589e-06,8.72291138731785e-06,3.3513024326722907e-12,1
1727,6.892255102628589e-06,8.71573997572449e-06,3.3250970824095717e-12,1
1728,6.892255102628589e-06,8.708578606206662e-06,3.299031069650126e-12,1
1729,6.892255102628589e-06,8.701427258903335e-06,3.2731038910398137e-12,1
1730,6.892255102628589e-06,8.694285914004219e-06,3.2473150451471094e-12,1
1731,6.892255102628589e-06,8.687154551749586e-06,3.2216640324548568e-12,1
1732,6.892255102628589e-06,8.680033152430147e-06,3.1961503553522613e-12,1
1733,6.892255102628589e-06,8.672921696386864e-06,3.1707735181266972e-12,1
1734,6.892255102628589e-06,8.665820164010806e-06,3.1455330269557053e-12,1
1735,6.892255102628589e-06,8.658728535742992e-06,3.120428389898983e-12,1
1736,6.892255102628589e-06,8.651646792074235e-06,3.095459116890406e-12,1
1737,6.892255102628589e-06,8.64457491354498e-06,3.070624719730057e-12,1
1738,6.892255102628589e-06,8.637512880745163e-06,3.0459247120764e-12,1
1739,6.892255102628589e-06,8.63046067431404e-06,3.0213586094383424e-12,1
1740,6.892255102628589e-06,8.623418274940046e-06,2.9969259291674667e-12,1
1741,6.892255102628589e-06,8.616385663360639e-06,2.972626190450213e-12,1
1742,6.892255102628589e-06,8.609362820362143e-06,2.948458914300135e-12,1
1743,6.892255102628589e-06,8.602349726779603e-06,2.924423623550198e-12,1
1744,6.892255102628589e-06,8.595346363496627e-06,2.900519842845082e-12,1
1745,6.892255102628589e-06,8.588352711445237e-06,2.8767470986335503e-12,1
1746,6.892255102628589e-06,8.581368751605724e-06,2.853104919160851e-12,1
1747,6.892255102628589e-06,8.57439446500649e-06,2.8295928344611285e-12,1
1748,6.892255102628589e-06,8.567429832723904e-06,2.8062103763499113e-12,1
1749,6.892255102628589e-06,8.560474835882154e-06,2.782957078416596e-12,1
1750,6.892255102628589e-06,8.553529455653096e-06,2.7598324760169953e-12,1
1751,6.892255102628589e-06,8.546593673256108e-06,2.736836106265902e-12,1
1752,6.892255102628589e-06,8.539667469957939e-06,2.7139675080296916e-12,1
1753,6.892255102628589e-06,8.532750827072572e-06,2.6912262219189896e-12,1
1754,6.892255102628589e-06,8.525843725961073e-06,2.66861179028132e-12,1
1755,6.892255102628589e-06,8.518946148031435e-06,2.6461237571938038e-12,1
1756,6.892255102628589e-06,8.512058074738455e-06,2.623761668455954e-12,1
1757,6.892255102628589e-06,8.50517948758357e-06,2.6015250715824016e-12,1
1758,6.892255102628589e-06,8.49831036811472e-06,2.5794135157957277e-12,1
1759,6.892255102628589e-06,8.491450697926215e-06,2.557426552019329e-12,1
1760,6.892255102628589e-06,8.484600458658575e-06,2.5355637328702615e-12,1
1761,6.892255102628589e-06,8.477759631998397e-06,2.5138246126521763e-12,1
1762,6.892255102628589e-06,8.47092819967821e-06,2.4922087473482444e-12,1
1763,6.892255102628589e-06,8.464106143476342e-06,2.470715694614163e-12,1
1764,6.892255102628589e-06,8.457293445216765e-06,2.4493450137711454e-12,1
1765,6.892255102628589e-06,8.45049008676897e-06,2.428096265798973e-12,1
1766,6.892255102628589e-06,8.443696050047818e-06,2.4069690133290757e-12,1
1767,6.892255102628589e-06,8.436911317013399e-06,2.3859628206376123e-12,1
1768,6.892255102628589e-06,8.430135869670906e-06,2.3650772536386636e-12,1
1769,6.892255102628589e-06,8.423369690070476e-06,2.34431187987734e-12,1
1770,6.892255102628589e-06,8.416612760307075e-06,2.3236662685230387e-12,1
1771,6.892255102628589e-06,8.409865062520349e-06,2.303139990362668e-12,1
1772,6.892255102628589e-06,8.403126578894483e-06,2.282732617793883e-12,1
1773,6.892255102628589e-06,8.396397291658077e-06,2.2624437248184196e-12,1
1774,6.892255102628589e-06,8.389677183084002e-06,2.2422728870354177e-12,1
1775,6.892255102628589e-06,8.382966235489264e-06,2.2222196816347555e-12,1
1776,6.892255102628589e-06,8.376264431234876e-06,2.2022836873904833e-12,1
1777,6.892255102628589e-06,8.36957175272572e-06,2.1824644846542072e-12,1
1778,6.892255102628589e-06,8.362888182410408e-06,2.162761655348559e-12,1
1779,6.892255102628589e-06,8.356213702781158e-06,2.143174782960669e-12,1
1780,6.892255102628589e-06,8.349548296373662e-06,2.1237034525357144e-12,1
1781,6.892255102628589e-06,8.34289194576694e-06,2.1043472506703984e-12,1
1782,6.892255102628589e-06,8.336244633583218e-06,2.0851057655065695e-12,1
1783,6.892255102628589e-06,8.329606342487803e-06,2.0659785867248195e-12,1
1784,6.892255102628589e-06,8.322977055188942e-06,2.046965305538108e-12,1
1785,6.892255102628589e-06,8.316356754437691e-06,2.028065514685412e-12,1
1786,6.892255102628589e-06,8.309745423027792e-06,2.0092788084254358e-12,1
1787,6.892255102628589e-06,8.303143043795542e-06,1.990604782530322e-12,1
1788,6.892255102628589e-06,8.296549599619655e-06,1.97204303427939e-12,1
1789,6.892255102628589e-06,8.289965073421149e-06,1.953593162452939e-12,1
1790,6.892255102628589e-06,8.283389448163204e-06,1.9352547673260207e-12,1
1791,6.892255102628589e-06,8.276822706851046e-06,1.917027450662315e-12,1
1792,6.892255102628589e-06,8.270264832531809e-06,1.898910815707944e-12,1
1793,6.892255102628589e-06,8.263715808294415e-06,1.880904467185405e-12,1
1794,6.892255102628589e-06,8.257175617269446e-06,1.863008011287461e-12,1
1795,6.892255102628589e-06,8.250644242629017e-06,1.845221055671103e-12,1
1796,6.892255102628589e-06,8.244121667586656e-06,1.827543209451524e-12,1
1797,6.892255102628589e-06,8.23760787539717e-06,1.8099740831961087e-12,1
1798,6.892255102628589e-06,8.23110284935653e-06,1.7925132889184848e-12,1
1799,6.892255102628589e-06,8.224606572801738e-06,1.7751604400725522e-12,1
1800,6.892255102628589e-06,8.218119029110715e-06,1.7579151515466008e-12,1
1801,6.892255102628589e-06,8.211640201702162e-06,1.7407770396573824e-12,1
1802,6.892255102628589e-06,8.205170074035455e-06,1.7237457221442926e-12,1
1803,6.892255102628589e-06,8.198708629610512e-06,1.7068208181635046e-12,1
1804,6.892255102628589e-06,8.192255851967664e-06,1.690001948282157e-12,1
1805,6.892255102628589e-06,8.185811724687561e-06,1.673288734472619e-12,1
1806,6.892255102628589e-06,8.179376231391017e-06,1.6566808001066651e-12,1
1807,6.892255102628589e-06,8.17294935573891e-06,1.640177769949802e-12,1
1808,6.892255102628589e-06,8.166531081432062e-06,1.6237792701555495e-12,1
1809,6.892255102628589e-06,8.160121392211107e-06,1.607484928259742e-12,1
1810,6.892255102628589e-06,8.153720271856391e-06,1.5912943731749266e-12,1
1811,6.892255102628589e-06,8.14732770418783e-06,1.575207235184681e-12,1
1812,6.892255102628589e-06,8.140943673064807e-06,1.5592231459380457e-12,1
1813,6.892255102628589e-06,8.134568162386058e-06,1.5433417384439635e-12,1
1814,6.892255102628589e-06,8.128201156089535e-06,1.5275626470656866e-12,1
1815,6.892255102628589e-06,8.121842638152307e-06,1.5118855075152909e-12,1
1816,6.892255102628589e-06,8.115492592590439e-06,1.4963099568481658e-12,1
1817,6.892255102628589e-06,8.109151003458867e-06,1.4808356334575335e-12,1
1818,6.892255102628589e-06,8.102817854851296e-06,1.4654621770690157e-12,1
1819,6.892255102628589e-06,8.096493130900074e-06,1.4501892287351935e-12,1
1820,6.892255102628589e-06,8.09017681577608e-06,1.4350164308302192e-12,1
1821,6.892255102628589e-06,8.08386889368861e-06,1.4199434270444335e-12,1
1822,6.892255102628589e-06,8.077569348885262e-06,1.4049698623790242e-12,1
1823,6.892255102628589e-06,8.071278165651824e-06,1.390095383140692e-12,1
1824,6.892255102628589e-06,8.064995328312159e-06,1.3753196369363496e-12,1
1825,6.892255102628589e-06,8.058720821228086e-06,1.3606422726678408e-12,1
1826,6.892255102628589e-06,8.052454628799283e-06,1.3460629405267022e-12,1
1827,6.892255102628589e-06,8.04619673546316e-06,1.3315812919889155e-12,1
1828,6.892255102628589e-06,8.03994712569475e-06,1.3171969798096982e-12,1
1829,6.892255102628589e-06,8.033705784006604e-06,1.3029096580183344e-12,1
1830,6.892255102628589e-06,8.027472694948672e-06,1.2887189819130057e-12,1
1831,6.892255102628589e-06,8.021247843108199e-06,1.274624608055659e-12,1
1832,6.892255102628589e-06,8.015031213109607e-06,1.2606261942668825e-12,1
1833,6.892255102628589e-06,8.008822789614397e-06,1.2467233996208368e-12,1
1834,6.892255102628589e-06,8.002622557321024e-06,1.2329158844401555e-12,1
1835,6.892255102628589e-06,7.9964305009648e-06,1.2192033102909291e-12,1
1836,6.892255102628589e-06,7.990246605317782e-06,1.2055853399776717e-12,1
1837,6.892255102628589e-06,7.98407085518866e-06,1.1920616375383137e-12,1
1838,6.892255102628589e-06,7.977903235422654e-06,1.1786318682392387e-12,1
1839,6.892255102628589e-06,7.971743730901403e-06,1.1652956985703205e-12,1
1840,6.892255102628589e-06,7.965592326542857e-06,1.1520527962399862e-12,1
1841,6.892255102628589e-06,7.959449007301178e-06,1.1389028301703263e-12,1
1842,6.892255102628589e-06,7.953313758166619e-06,1.1258454704921713e-12,1
1843,6.892255102628589e-06,7.947186564165431e-06,1.112880388540258e-12,1
1844,6.892255102628589e-06,7.941067410359752e-06,1.1000072568483677e-12,1
1845,6.892255102628589e-06,7.934956281847505e-06,1.087225749144518e-12,1
1846,6.892255102628589e-06,7.928853163762283e-06,1.0745355403461336e-12,1
1847,6.892255102628589e-06,7.922758041273254e-06,1.06193630655529e-12,1
1848,6.892255102628589e-06,7.91667089958506e-06,1.0494277250539604e-12,1
1849,6.892255102628589e-06,7.910591723937698e-06,1.0370094742992521e-12,1
1850,6.892255102628589e-06,7.904520499606433e-06,1.0246812339187112e-12,1
1851,6.892255102628589e-06,7.89845721190168e-06,1.0124426847056169e-12,1
1852,6.892255102628589e-06,7.892401846168913e-06,1.0002935086143142e-12,1
1853,6.892255102628589e-06,7.886354387788558e-06,9.882333887555617e-13,1
1854,6.892255102628589e-06,7.88031482217589e-06,9.762620093918895e-13,1
1855,6.892255102628589e-06,7.874283134780926e-06,9.64379055932992e-13,1
1856,6.892255102628589e-06,7.86825931108834e-06,9.525842149311458e-13,1
1857,6.892255102628589e-06,7.862243336617346e-06,9.408771740766272e-13,1
1858,6.892255102628589e-06,7.856235196921601e-06,9.292576221931642e-13,1
1859,6.892255102628589e-06,7.850234877589106e-06,9.177252492334032e-13,1
1860,6.892255102628589e-06,7.84424236424211e-06,9.062797462744088e-13,1
1861,6.892255102628589e-06,7.838257642537e-06,8.94920805513164e-13,1
1862,6.892255102628589e-06,7.832280698164213e-06,8.836481202621044e-13,1
1863,6.892255102628589e-06,7.826311516848132e-06,8.724613849446706e-13,1
1864,6.892255102628589e-06,7.820350084346984e-06,8.613602950908677e-13,1
1865,6.892255102628589e-06,7.814396386452748e-06,8.503445473328678e-13,1
1866,6.892255102628589e-06,7.80845040899105e-06,8.394138394006022e-13,1
1867,6.892255102628589e-06,7.802512137821073e-06,8.285678701174105e-13,1
1868,6.892255102628589e-06,7.796581558835453e-06,8.178063393956641e-13,1
1869,6.892255102628589e-06,7.790658657960184e-06,8.071289482324499e-13,1
1870,6.892255102628589e-06,7.784743421154527e-06,7.965353987052556e-13,1
1871,6.892255102628589e-06,7.778835834410906e-06,7.860253939676685e-13,1
1872,6.892255102628589e-06,7.772935883754813e-06,7.755986382450952e-13,1
1873,6.892255102628589e-06,7.767043555244715e-06,7.652548368305153e-13,1
1874,6.892255102628589e-06,7.76115883497196e-06,7.549936960802403e-13,1
1875,6.892255102628589e-06,7.755281709060674e-06,7.448149234096799e-13,1
1876,6.892255102628589e-06,7.74941216366768e-06,7.347182272891727e-13,1
1877,6.892255102628589e-06,7.74355018498239e-06,7.247033172397647e-13,1
1878,6.892255102628589e-06,7.737695759226715e-06,7.147699038290705e-13,1
1879,6.892255102628589e-06,7.731848872654981e-06,7.049176986671305e-13,1
1880,6.892255102628589e-06,7.726009511553817e-06,6.95146414402256e-13,1
1881,6.892255102628589e-06,7.720177662242081e-06,6.854557647169561e-13,1
1882,6.892255102628589e-06,7.714353311070751e-06,6.758454643238121e-13,1
1883,6.892255102628589e-06,7.708536444422847e-06,6.66315228961434e-13,1
1884,6.892255102628589e-06,7.702727048713328e-06,6.568647753903835e-13,1
1885,6.892255102628589e-06,7.696925110389e-06,6.474938213891405e-13,1
1886,6.892255102628589e-06,7.691130615928441e-06,6.382020857501018e-13,1
1887,6.892255102628589e-06,7.685343551841886e-06,6.289892882755515e-13,1
1888,6.892255102628589e-06,7.679563904671148e-06,6.19855149773689e-13,1
1889,6.892255102628589e-06,7.673791660989531e-06,6.107993920546658e-13,1
1890,6.892255102628589e-06,7.668026807401735e-06,6.018217379266338e-13,1
1891,6.892255102628589e-06,7.662269330543767e-06,5.929219111918076e-13,1
1892,6.892255102628589e-06,7.656519217082847e-06,5.840996366425517e-13,1
1893,6.892255102628589e-06,7.650776453717329e-06,5.753546400574875e-13,1
1894,6.892255102628589e-06,7.645041027176594e-06,5.666866481975945e-13,1
1895,6.892255102628589e-06,7.639312924220987e-06,5.580953888023793e-13,1
1896,6.892255102628589e-06,7.633592131641704e-06,5.495805905859921e-13,1
1897,6.892255102628589e-06,7.627878636260719e-06,5.411419832334209e-13,1
1898,6.892255102628589e-06,7.622172424930688e-06,5.327792973966661e-13,1
1899,6.892255102628589e-06,7.616473484534866e-06,5.244922646909465e-13,1
1900,6.892255102628589e-06,7.61078180198702e-06,5.162806176909209e-13,1
1901,6.892255102628589e-06,7.605097364231338e-06,5.081440899269216e-13,1
1902,6.892255102628589e-06,7.599420158242342e-06,5.000824158812024e-13,1
1903,6.892255102628589e-06,7.593750171024814e-06,4.920953309842237e-13,1
1904,6.892255102628589e-06,7.588087389613689e-06,4.841825716109144e-13,1
1905,6.892255102628589e-06,7.582431801073986e-06,4.763438750769882e-13,1
1906,6.892255102628589e-06,7.5767833925007175e-06,4.685789796352607e-13,1
1907,6.892255102628589e-06,7.5711421510187986e-06,4.608876244719706e-13,1
1908,6.892255102628589e-06,7.565508063782975e-06,4.532695497031493e-13,1
1909,6.892255102628589e-06,7.559881117977722e-06,4.457244963709605e-13,1
1910,6.892255102628589e-06,7.554261300817175e-06,4.382522064401048e-13,1
1911,6.892255102628589e-06,7.548648599545035e-06,4.308524227942003e-13,1
1912,6.892255102628589e-06,7.543043001434489e-06,4.235248892321982e-13,1
1913,6.892255102628589e-06,7.537444493788129e-06,4.1626935046481773e-13,1
1914,6.892255102628589e-06,7.531853063937863e-06,4.0908555211097965e-13,1
1915,6.892255102628589e-06,7.526268699244836e-06,4.0197324069426906e-13,1
1916,6.892255102628589e-06,7.520691387099347e-06,3.949321636394111e-13,1
1917,6.892255102628589e-06,7.5151211149207625e-06,3.879620692687539e-13,1
1918,6.892255102628589e-06,7.509557870157444e-06,3.810627067987833e-13,1
1919,6.892255102628589e-06,7.5040016402866526e-06,3.7423382633662845e-13,1
1920,6.892255102628589e-06,7.498452412814479e-06,3.6747517887660795e-13,1
1921,6.892255102628589e-06,7.492910175275758e-06,3.607865162967762e-13,1
1922,6.892255102628589e-06,7.487374915233985e-06,3.541675913554811e-13,1
1923,6.892255102628589e-06,7.481846620281239e-06,3.4761815768795483e-13,1
1924,6.892255102628589e-06,7.4763252780381e-06,3.4113796980289665e-13,1
1925,6.892255102628589e-06,7.470810876153569e-06,3.347267830790882e-13,1
1926,6.892255102628589e-06,7.465303402304989e-06,3.2838435376201323e-13,1
1927,6.892255102628589e-06,7.459802844197966e-06,3.2211043896050004e-13,1
1928,6.892255102628589e-06,7.454309189566286e-06,3.159047966433678e-13,1
1929,6.892255102628589e-06,7.448822426171836e-06,3.097671856360936e-13,1
1930,6.892255102628589e-06,7.443342541804534e-06,3.0369736561750115e-13,1
1931,6.892255102628589e-06,7.437869524282236e-06,2.9769509711644357e-13,1
1932,6.892255102628589e-06,7.432403361450671e-06,2.917601415085264e-13,1
1933,6.892255102628589e-06,7.426944041183353e-06,2.8589226101282003e-13,1
1934,6.892255102628589e-06,7.421491551381507e-06,2.8009121868860034e-13,1
1935,6.892255102628589e-06,7.416045879973997e-06,2.743567784321068e-13,1
1936,6.892255102628589e-06,7.410607014917236e-06,2.68688704973297e-13,1
1937,6.892255102628589e-06,7.4051749441951196e-06,2.630867638726347e-13,1
1938,6.892255102628589e-06,7.399749655818947e-06,2.575507215178809e-13,1
1939,6.892255102628589e-06,7.394331137827336e-06,2.5208034512089366e-13,1
1940,6.892255102628589e-06,7.388919378286165e-06,2.466754027144648e-13,1
1941,6.892255102628589e-06,7.383514365288475e-06,2.4133566314913466e-13,1
1942,6.892255102628589e-06,7.378116086954411e-06,2.3606089609005666e-13,1
1943,6.892255102628589e-06,7.372724531431134e-06,2.308508720138435e-13,1
1944,6.892255102628589e-06,7.36733968689276e-06,2.2570536220546004e-13,1
1945,6.892255102628589e-06,7.361961541540267e-06,2.2062413875509016e-13,1
1946,6.892255102628589e-06,7.356590083601435e-06,2.1560697455505279e-13,1
1947,6.892255102628589e-06,7.351225301330765e-06,2.1065364329671472e-13,1
1948,6.892255102628589e-06,7.345867183009405e-06,2.057639194674117e-13,1
1949,6.892255102628589e-06,7.340515716945078e-06,2.0093757834739596e-13,1
1950,6.892255102628589e-06,7.335170891472002e-06,1.9617439600678304e-13,1
1951,6.892255102628589e-06,7.329832694950828e-06,1.9147414930252772e-13,1
1952,6.892255102628589e-06,7.324501115768556e-06,1.8683661587539645e-13,1
1953,6.892255102628589e-06,7.319176142338462e-06,1.8226157414695876e-13,1
1954,6.892255102628589e-06,7.313857763100035e-06,1.7774880331660143e-13,1
1955,6.892255102628589e-06,7.3085459665188954e-06,1.7329808335853754e-13,1
1956,6.892255102628589e-06,7.3032407410867236e-06,1.689091950188404e-13,1
1957,6.892255102628589e-06,7.297942075321192e-06,1.6458191981248857e-13,1
1958,6.892255102628589e-06,7.29264995776589e-06,1.6031604002042004e-13,1
1959,6.892255102628589e-06,7.287364376990251e-06,1.561113386865992e-13,1
1960,6.892255102628589e-06,7.282085321589484e-06,1.519675996150991e-13,1
1961,6.892255102628589e-06,7.276812780184502e-06,1.4788460736719757e-13,1
1962,6.892255102628589e-06,7.271546741421846e-06,1.4386214725847438e-13,1
1963,6.892255102628589e-06,7.266287193973628e-06,1.3990000535594334e-13,1
1964,6.892255102628589e-06,7.261034126537436e-06,1.3599796847516216e-13,1
1965,6.892255102628589e-06,7.255787527836293e-06,1.3215582417739468e-13,1
1966,6.892255102628589e-06,7.250547386618563e-06,1.2837336076675194e-13,1
1967,6.892255102628589e-06,7.245313691657894e-06,1.246503672873639e-13,1
1968,6.892255102628589e-06,7.240086431753147e-06,1.2098663352055645e-13,1
1969,6.892255102628589e-06,7.234865595728321e-06,1.1738194998204148e-13,1
1970,6.892255102628589e-06,7.229651172432488e-06,1.1383610791911751e-13,1
1971,6.892255102628589e-06,7.224443150739724e-06,1.1034889930788559e-13,1
1972,6.892255102628589e-06,7.2192415195490415e-06,1.0692011685047588e-13,1
1973,6.892255102628589e-06,7.214046267784315e-06,1.0354955397227987e-13,1
1974,6.892255102628589e-06,7.208857384394224e-06,1.0023700481920625e-13,1
1975,6.892255102628589e-06,7.20367485835217e-06,9.698226425493496e-14,1
1976,6.892255102628589e-06,7.198498678656221e-06,9.378512785819211e-14,1
1977,6.892255102628589e-06,7.1933288343290405e-06,9.064539192003541e-14,1
1978,6.892255102628589e-06,7.188165314417815e-06,8.75628534411447e-14,1
1979,6.892255102628589e-06,7.183008107994197e-06,8.453731012913311e-14,1
1980,6.892255102628589e-06,7.177857204154224e-06,8.156856039585909e-14,1
1981,6.892255102628589e-06,7.172712592018267e-06,7.865640335476129e-14,1
1982,6.892255102628589e-06,7.167574260730953e-06,7.580063881819445e-14,1
1983,6.892255102628589e-06,7.162442199461104e-06,7.300106729478283e-14,1
1984,6.892255102628589e-06,7.157316397401669e-06,7.02574899867816e-14,1
1985,6.892255102628589e-06,7.152196843769659e-06,6.756970878745077e-14,1
1986,6.892255102628589e-06,7.147083527806078e-06,6.493752627843897e-14,1
1987,6.892255102628589e-06,7.141976438775866e-06,6.236074572718122e-14,1
1988,6.892255102628589e-06,7.136875565967821e-06,5.983917108430055e-14,1
1989,6.892255102628589e-06,7.131780898694548e-06,5.737260698103151e-14,1
1990,6.892255102628589e-06,7.126692426292383e-06,5.496085872664255e-14,1
1991,6.892255102628589e-06,7.121610138121336e-06,5.260373230587901e-14,1
1992,6.892255102628589e-06,7.116534023565019e-06,5.03010343764094e-14,1
1993,6.892255102628589e-06,7.111464072030588e-06,4.805257226628638e-14,1
1994,6.892255102628589e-06,7.106400272948679e-06,4.5858153971420305e-14,1
1995,6.892255102628589e-06,7.101342615773342e-06,4.371758815305726e-14,1
1996,6.892255102628589e-06,7.096291089981977e-06,4.163068413527171e-14,1
1997,6.892255102628589e-06,7.091245685075268e-06,3.959725190246841e-14,1
1998,6.892255102628589e-06,7.086206390577129e-06,3.7617102096897425e-14,1
1999,6.892255102628589e-06,7.081173196034633e-06,3.569004601617484e-14,1
2000,6.892255102628589e-06,7.076146091017951e-06,3.38158956108163e-14,1
2001,6.892255102628589e-06,7.071125065120289e-06,3.1994463481782266e-14,1
2002,6.892255102628589e-06,7.066110107957831e-06,3.022556287803077e-14,1
2003,6.892255102628589e-06,7.061101209169666e-06,2.850900769408078e-14,1
2004,6.892255102628589e-06,7.056098358417739e-06,2.684461246758884e-14,1
2005,6.892255102628589e-06,7.051101545386777e-06,2.5232192376930384e-14,1
2006,6.892255102628589e-06,7.046110759784239e-06,2.367156323879686e-14,1
2007,6.892255102628589e-06,7.041125991340244e-06,2.2162541505797932e-14,1
2008,6.892255102628589e-06,7.036147229807516e-06,2.0704944264076432e-14,1
2009,6.892255102628589e-06,7.031174464961321e-06,1.929858923093279e-14,1
2010,6.892255102628589e-06,7.02620768659941e-06,1.794329475245992e-14,1
2011,6.892255102628589e-06,7.021246884541955e-06,1.663887980118524e-14,1
2012,6.892255102628589e-06,7.016292048631482e-06,1.5385163973724493e-14,1
2013,6.892255102628589e-06,7.011343168732826e-06,1.4181967488447047e-14,1
2014,6.892255102628589e-06,7.006400234733058e-06,1.3029111183146665e-14,1
2015,6.892255102628589e-06,7.0014632365414335e-06,1.1926416512725744e-14,1
2016,6.892255102628589e-06,6.9965321640893265e-06,1.0873705546886392e-14,1
2017,6.892255102628589e-06,6.991607007330172e-06,9.870800967832486e-15,1
2018,6.892255102628589e-06,6.986687756239411e-06,8.917526067981454e-15,1
2019,6.892255102628589e-06,6.981774400814425e-06,8.01370474768457e-15,1
2020,6.892255102628589e-06,6.976866931074481e-06,7.15916151295703e-15,1
2021,6.892255102628589e-06,6.9719653370606715e-06,6.3537214732175396e-15,1
2022,6.892255102628589e-06,6.96706960883586e-06,5.597210339037804e-15,1
2023,6.892255102628589e-06,6.962179736484614e-06,4.889454419899143e-15,1
2024,6.892255102628589e-06,6.9572957101131545e-06,4.230280621961298e-15,1
2025,6.892255102628589e-06,6.9524175198492965e-06,3.619516445838466e-15,1
2026,6.892255102628589e-06,6.9475451558423865e-06,3.0569899843845493e-15,1
2027,6.892255102628589e-06,6.942678608263255e-06,2.5425299204892065e-15,1
2028,6.892255102628589e-06,6.937817867304146e-06,2.0759655248801958e-15,1
2029,6.892255102628589e-06,6.932962923178672e-06,1.6571266539377578e-15,1
2030,6.892255102628589e-06,6.928113766121748e-06,1.285843747515623e-15,1
2031,6.892255102628589e-06,6.9232703863895405e-06,9.619478267723346e-16,1
2032,6.892255102628589e-06,6.9184327742594074e-06,6.852704920109503e-16,1
2033,6.892255102628589e-06,6.913600920029844e-06,4.556439205277004e-16,1
2034,6.892255102628589e-06,6.908774814020424e-06,2.7290086446951283e-16,1
2035,6.892255102628589e-06,6.903954446571743e-06,1.368746487002021e-16,1
2036,6.892255102628589e-06,6.89913980804537e-06,4.7399168675848726e-17,1
2037,6.892255102628589e-06,6.894330888823779e-06,4.308888328140706e-18,1
2038,6.892255102628589e-06,6.889527679310305e-06,7.438837957122227e-18,1
2039,6.892255102628589e-06,6.884730169929082e-06,5.662461213211717e-17,1
2040,6.892255102628589e-06,6.879938351124991e-06,1.5170236760139663e-16,1
2041,6.892255102628589e-06,6.875152213363599e-06,2.9250882121051136e-16,1
2042,6.892255102628589e-06,6.870371747131117e-06,4.788812478287476e-16,1
2043,6.892255102628589e-06,6.865596942934328e-06,7.106574782847143e-16,1
2044,6.892255102628589e-06,6.860827791300546e-06,9.876758973097428e-16,1
2045,6.892255102628589e-06,6.856064282777557e-06,1.3097754414898683e-15,1
2046,6.892255102628589e-06,6.8513064079335624e-06,1.6767955972265054e-15,1
2047,6.892255102628589e-06,6.846554157357129e-06,2.088576398705007e-15,1
2048,6.892255102628589e-06,6.841807521657132e-06,2.5449584258716883e-15,1
2049,6.892255102628589e-06,6.8370664914627034e-06,3.045782802419322e-15,1
2050,6.892255102628589e-06,6.832331057423179e-06,3.590891193780081e-15,1
2051,6.892255102628589e-06,6.827601210208039e-06,4.180125805128022e-15,1
2052,6.892255102628589e-06,6.822876940506866e-06,4.813329379388048e-15,1
2053,6.892255102628589e-06,6.81815823902928e-06,5.490345195254582e-15,1
2054,6.892255102628589e-06,6.8134450965048934e-06,6.211017065216952e-15,1
2055,6.892255102628589e-06,6.808737503683256e-06,6.975189333593566e-15,1
2056,6.892255102628589e-06,6.804035451333799e-06,7.782706874574344e-15,1
2057,6.892255102628589e-06,6.799338930245791e-06,8.633415090269856e-15,1
2058,6.892255102628589e-06,6.7946479312282775e-06,9.527159908769801e-15,1
2059,6.892255102628589e-06,6.789962445110032e-06,1.0463787782208744e-14,1
2060,6.892255102628589e-06,6.785282462739504e-06,1.1443145684839884e-14,1
2061,6.892255102628589e-06,6.780607974984768e-06,1.2465081111115598e-14,1
2062,6.892255102628589e-06,6.775938972733472e-06,1.3529442073777708e-14,1
2063,6.892255102628589e-06,6.7712754468927845e-06,1.4636077101953795e-14,1
2064,6.892255102628589e-06,6.766617388389343e-06,1.578483523926256e-14,1
2065,6.892255102628589e-06,6.7619647881692045e-06,1.6975566041925317e-14,1
2066,6.892255102628589e-06,6.757317637197796e-06,1.8208119576886555e-14,1
2067,6.892255102628589e-06,6.752675926459859e-06,1.948234641994136e-14,1
2068,6.892255102628589e-06,6.748039646959404e-06,2.0798097653870638e-14,1
2069,6.892255102628589e-06,6.743408789719655e-06,2.215522486658421e-14,1
2070,6.892255102628589e-06,6.738783345783005e-06,2.3553580149270195e-14,1
2071,6.892255102628589e-06,6.73416330621096e-06,2.4993016094553145e-14,1
2072,6.892255102628589e-06,6.729548662084094e-06,2.6473385794659433e-14,1
2073,6.892255102628589e-06,6.724939404501993e-06,2.799454283959017e-14,1
2074,6.892255102628589e-06,6.720335524583214e-06,2.955634131529986e-14,1
2075,6.892255102628589e-06,6.715737013465229e-06,3.1158635801884e-14,1
2076,6.892255102628589e-06,6.711143862304374e-06,3.28012813717757e-14,1
2077,6.892255102628589e-06,6.706556062275809e-06,3.448413358794357e-14,1
2078,6.892255102628589e-06,6.701973604573457e-06,3.6207048502105125e-14,1
2079,6.892255102628589e-06,6.697396480409965e-06,3.79698826529404e-14,1
2080,6.892255102628589e-06,6.692824681016649e-06,3.977249306431618e-14,1
2081,6.892255102628589e-06,6.688258197643451e-06,4.161473724351548e-14,1
2082,6.892255102628589e-06,6.683697021558881e-06,4.349647317947896e-14,1
2083,6.892255102628589e-06,6.679141144049981e-06,4.541755934104462e-14,1
2084,6.892255102628589e-06,6.674590556422268e-06,4.737785467520388e-14,1
2085,6.892255102628589e-06,6.670045249999688e-06,4.937721860535777e-14,1
2086,6.892255102628589e-06,6.665505216124568e-06,5.141551102958632e-14,1
2087,6.892255102628589e-06,6.6609704461575735e-06,5.349259231891569e-14,1
2088,6.892255102628589e-06,6.656440931477653e-06,5.560832331560312e-14,1
2089,6.892255102628589e-06,6.651916663481991e-06,5.776256533142297e-14,1
2090,6.892255102628589e-06,6.647397633585971e-06,5.995518014595674e-14,1
2091,6.892255102628589e-06,6.642883833223114e-06,6.218603000489802e-14,1
2092,6.892255102628589e-06,6.638375253845045e-06,6.445497761835537e-14,1
2093,6.892255102628589e-06,6.633871886921434e-06,6.676188615917036e-14,1
2094,6.892255102628589e-06,6.629373723939957e-06,6.910661926123611e-14,1
2095,6.892255102628589e-06,6.624880756406248e-06,7.148904101782435e-14,1
2096,6.892255102628589e-06,6.620392975843851e-06,7.390901597992088e-14,1
2097,6.892255102628589e-06,6.615910373794176e-06,7.636640915456517e-14,1
2098,6.892255102628589e-06,6.611432941816451e-06,7.886108600319853e-14,1
2099,6.892255102628589e-06,6.606960671487675e-06,8.139291244001793e-14,1
2100,6.892255102628589e-06,6.602493554402575e-06,8.396175483033654e-14,1
2101,6.892255102628589e-06,6.598031582173561e-06,8.656747998895032e-14,1
2102,6.892255102628589e-06,6.593574746430673e-06,8.92099551785138e-14,1
2103,6.892255102628589e-06,6.589123038821547e-06,9.188904810791686e-14,1
2104,6.892255102628589e-06,6.584676451011357e-06,9.46046269306746e-14,1
2105,6.892255102628589e-06,6.5802349746827815e-06,9.735656024331813e-14,1
2106,6.892255102628589e-06,6.575798601535952e-06,1.001447170837944e-13,1
2107,6.892255102628589e-06,6.57136732328841e-06,1.0296896692987142e-13,1
2108,6.892255102628589e-06,6.566941131675059e-06,1.0582917969755425e-13,1
2109,6.892255102628589e-06,6.562520018448126e-06,1.087252257394971e-13,1
2110,6.892255102628589e-06,6.558103975377111e-06,1.1165697584343324e-13,1
2111,6.892255102628589e-06,6.553692994248749e-06,1.1462430123060244e-13,1
2112,6.892255102628589e-06,6.5492870668669564e-06,1.1762707355419255e-13,1
2113,6.892255102628589e-06,6.544886185052798e-06,1.2066516489777671e-13,1
2114,6.892255102628589e-06,6.540490340644434e-06,1.2373844777376922e-13,1
2115,6.892255102628589e-06,6.5360995254970794e-06,1.2684679512187874e-13,1
2116,6.892255102628589e-06,6.531713731482966e-06,1.29990080307566e-13,1
2117,6.892255102628589e-06,6.527332950491287e-06,1.3316817712052012e-13,1
2118,6.892255102628589e-06,6.522957174428164e-06,1.363809597731263e-13,1
2119,6.892255102628589e-06,6.518586395216601e-06,1.3962830289894585e-13,1
2120,6.892255102628589e-06,6.514220604796435e-06,1.4291008155120922e-13,1
2121,6.892255102628589e-06,6.509859795124301e-06,1.462261712012988e-13,1
2122,6.892255102628589e-06,6.505503958173588e-06,1.4957644773725286e-13,1
2123,6.892255102628589e-06,6.501153085934393e-06,1.5296078746226722e-13,1
2124,6.892255102628589e-06,6.496807170413479e-06,1.563790670932064e-13,1
2125,6.892255102628589e-06,6.492466203634233e-06,1.5983116375911924e-13,1
2126,6.892255102628589e-06,6.488130177636627e-06,1.6331695499975913e-13,1
2127,6.892255102628589e-06,6.483799084477168e-06,1.6683631876411432e-13,1
2128,6.892255102628589e-06,6.479472916228863e-06,1.7038913340893806e-13,1
2129,6.892255102628589e-06,6.475151664981175e-06,1.7397527769729002e-13,1
2130,6.892255102628589e-06,6.470835322839981e-06,1.7759463079707866e-13,1
2131,6.892255102628589e-06,6.4665238819275286e-06,1.8124707227961513e-13,1
2132,6.892255102628589e-06,6.4622173343823965e-06,1.8493248211816603e-13,1
2133,6.892255102628589e-06,6.457915672359452e-06,1.886507406865189e-13,1
2134,6.892255102628589e-06,6.453618888029808e-06,1.9240172875754778e-13,1
2135,6.892255102628589e-06,6.449326973580787e-06,1.9618532750178615e-13,1
2136,6.892255102628589e-06,6.445039921215876e-06,2.0000141848600583e-13,1
2137,6.892255102628589e-06,6.440757723154684e-06,2.038498836718037e-13,1
2138,6.892255102628589e-06,6.436480371632902e-06,2.0773060541419065e-13,1
2139,6.892255102628589e-06,6.43220785890227e-06,2.1164346646018325e-13,1
2140,6.892255102628589e-06,6.427940177230523e-06,2.1558834994741186e-13,1
2141,6.892255102628589e-06,6.423677318901361e-06,2.1956513940272106e-13,1
2142,6.892255102628589e-06,6.4194192762144035e-06,2.235737187407859e-13,1
2143,6.892255102628589e-06,6.4151660414851525e-06,2.276139722627258e-13,1
2144,6.892255102628589e-06,6.410917607044946e-06,2.3168578465473365e-13,1
2145,6.892255102628589e-06,6.4066739652409295e-06,2.3578904098669315e-13,1
2146,6.892255102628589e-06,6.402435108436004e-06,2.3992362671082405e-13,1
2147,6.892255102628589e-06,6.398201029008792e-06,2.440894276603163e-13,1
2148,6.892255102628589e-06,6.393971719353597e-06,2.4828633004797273e-13,1
2149,6.892255102628589e-06,6.389747171880368e-06,2.5251422046485897e-13,1
2150,6.892255102628589e-06,6.385527379014652e-06,2.5677298587896226e-13,1
2151,6.892255102628589e-06,6.38131233319756e-06,2.6106251363384953e-13,1
2152,6.892255102628589e-06,6.377102026885728e-06,2.6538269144733023e-13,1
2153,6.892255102628589e-06,6.3728964525512734e-06,2.697334074101316e-13,1
2154,6.892255102628589e-06,6.368695602681764e-06,2.7411454998456986e-13,1
2155,6.892255102628589e-06,6.364499469780169e-06,2.7852600800323606e-13,1
2156,6.892255102628589e-06,6.360308046364831e-06,2.8296767066767767e-13,1
2157,6.892255102628589e-06,6.356121324969419e-06,2.874394275470926e-13,1
2158,6.892255102628589e-06,6.351939298142892e-06,2.91941168577026e-13,1
2159,6.892255102628589e-06,6.347761958449465e-06,2.964727840580682e-13,1
2160,6.892255102628589e-06,6.3435892984685656e-06,3.0103416465456534e-13,1
2161,6.892255102628589e-06,6.339421310794799e-06,3.0562520139332615e-13,1
2162,6.892255102628589e-06,6.335257988037904e-06,3.1024578566234916e-13,1
2163,6.892255102628589e-06,6.331099322822724e-06,3.148958092095285e-13,1
2164,6.892255102628589e-06,6.326945307789164e-06,3.1957516414139273e-13,1
2165,6.892255102628589e-06,6.322795935592154e-06,3.2428374292183054e-13,1
2166,6.892255102628589e-06,6.3186511989016085e-06,3.290214383708312e-13,1
2167,6.892255102628589e-06,6.3145110904023945e-06,3.3378814366322134e-13,1
2168,6.892255102628589e-06,6.31037560279429e-06,3.3858375232741427e-13,1
2169,6.892255102628589e-06,6.306244728791948e-06,3.434081582441597e-13,1
2170,6.892255102628589e-06,6.302118461124861e-06,3.482612556452994e-13,1
2171,6.892255102628589e-06,6.2979967925373195e-06,3.531429391125316e-13,1
2172,6.892255102628589e-06,6.2938797157883795e-06,3.580531035761705e-13,1
2173,6.892255102628589e-06,6.289767223651823e-06,3.629916443139225e-13,1
2174,6.892255102628589e-06,6.2856593089161254e-06,3.679584569496538e-13,1
2175,6.892255102628589e-06,6.2815559643844116e-06,3.729534374521811e-13,1
2176,6.892255102628589e-06,6.277457182874425e-06,3.7797648213404803e-13,1
2177,6.892255102628589e-06,6.273362957218494e-06,3.8302748765031034e-13,1
2178,6.892255102628589e-06,6.269273280263484e-06,3.881063509973475e-13,1
2179,6.892255102628589e-06,6.265188144870777e-06,3.9321296951163785e-13,1
2180,6.892255102628589e-06,6.261107543916219e-06,3.983472408685852e-13,1
2181,6.892255102628589e-06,6.257031470290099e-06,4.035090630813052e-13,1
2182,6.892255102628589e-06,6.2529599168971036e-06,4.086983344994546e-13,1
2183,6.892255102628589e-06,6.248892876656285e-06,4.1391495380803816e-13,1
2184,6.892255102628589e-06,6.244830342501025e-06,4.1915882002623374e-13,1
2185,6.892255102628589e-06,6.240772307378995e-06,4.2442983250622486e-13,1
2186,6.892255102628589e-06,6.236718764252132e-06,4.29727890932013e-13,1
2187,6.892255102628589e-06,6.232669706096588e-06,4.350528953182776e-13,1
2188,6.892255102628589e-06,6.228625125902707e-06,4.404047460091947e-13,1
2189,6.892255102628589e-06,6.224585016674986e-06,4.457833436772922e-13,1
2190,6.892255102628589e-06,6.2205493714320355e-06,4.5118858932229667e-13,1
2191,6.892255102628589e-06,6.216518183206553e-06,4.566203842699828e-13,1
2192,6.892255102628589e-06,6.212491445045282e-06,4.620786301710357e-13,1
2193,6.892255102628589e-06,6.208469150008974e-06,4.675632289999141e-13,1
2194,6.892255102628589e-06,6.204451291172371e-06,4.730740830537004e-13,1
2195,6.892255102628589e-06,6.2004378616241455e-06,4.786110949510004e-13,1
2196,6.892255102628589e-06,6.196428854466886e-06,4.841741676307923e-13,1
2197,6.892255102628589e-06,6.192424262817057e-06,4.897632043513146e-13,1
2198,6.892255102628589e-06,6.188424079804962e-06,4.953781086889528e-13,1
2199,6.892255102628589e-06,6.1844282985747106e-06,5.010187845371278e-13,1
2200,6.892255102628589e-06,6.180436912284187e-06,5.06685136105179e-13,1
2201,6.892255102628589e-06,6.176449914105015e-06,5.123770679172701e-13,1
2202,6.892255102628589e-06,6.1724672972225164e-06,5.180944848112903e-13,1
2203,6.892255102628589e-06,6.168489054835696e-06,5.238372919377444e-13,1
2204,6.892255102628589e-06,6.164515180157187e-06,5.296053947586825e-13,1
2205,6.892255102628589e-06,6.160545666413233e-06,5.353986990465949e-13,1
2206,6.892255102628589e-06,6.1565805068436404e-06,5.412171108833476e-13,1
2207,6.892255102628589e-06,6.152619694701761e-06,5.470605366590859e-13,1
2208,6.892255102628589e-06,6.148663223254449e-06,5.529288830711659e-13,1
2209,6.892255102628589e-06,6.1447110857820275e-06,5.588220571230924e-13,1
2210,6.892255102628589e-06,6.140763275578256e-06,5.647399661234474e-13,1
2211,6.892255102628589e-06,6.136819785950308e-06,5.706825176848152e-13,1
2212,6.892255102628589e-06,6.132880610218718e-06,5.76649619722749e-13,1
2213,6.892255102628589e-06,6.128945741717368e-06,5.826411804546968e-13,1
2214,6.892255102628589e-06,6.1250151737934425e-06,5.886571083989608e-13,1
2215,6.892255102628589e-06,6.121088899807403e-06,5.946973123736467e-13,1
2216,6.892255102628589e-06,6.117166913132951e-06,6.007617014956257e-13,1
2217,6.892255102628589e-06,6.113249207156999e-06,6.068501851794941e-13,1
2218,6.892255102628589e-06,6.109335775279636e-06,6.129626731365371e-13,1
2219,6.892255102628589e-06,6.105426610914097e-06,6.19099075373702e-13,1
2220,6.892255102628589e-06,6.101521707486727e-06,6.25259302192576e-13,1
2221,6.892255102628589e-06,6.097621058436955e-06,6.314432641883514e-13,1
2222,6.892255102628589e-06,6.09372465721726e-06,6.376508722488152e-13,1
2223,6.892255102628589e-06,6.0898324972931345e-06,6.438820375533387e-13,1
2224,6.892255102628589e-06,6.085944572143057e-06,6.501366715718602e-13,1
2225,6.892255102628589e-06,6.082060875258462e-06,6.564146860638769e-13,1
2226,6.892255102628589e-06,6.078181400143707e-06,6.627159930774448e-13,1
2227,6.892255102628589e-06,6.074306140316038e-06,6.690405049481798e-13,1
2228,6.892255102628589e-06,6.070435089305563e-06,6.753881342982589e-13,1
2229,6.892255102628589e-06,6.0665682406552135e-06,6.817587940354402e-13,1
2230,6.892255102628589e-06,6.062705587920724e-06,6.881523973520552e-13,1
2231,6.892255102628589e-06,6.0588471246705915e-06,6.945688577240383e-13,1
2232,6.892255102628589e-06,6.05499284448605e-06,7.010080889099441e-13,1
2233,6.892255102628589e-06,6.051142740961034e-06,7.074700049499716e-13,1
2234,6.892255102628589e-06,6.047296807702156e-06,7.13954520164985e-13,1
2235,6.892255102628589e-06,6.043455038328669e-06,7.204615491555491e-13,1
2236,6.892255102628589e-06,6.039617426472437e-06,7.269910068009635e-13,1
2237,6.892255102628589e-06,6.035783965777906e-06,7.33542808258302e-13,1
2238,6.892255102628589e-06,6.031954649902073e-06,7.40116868961448e-13,1
2239,6.892255102628589e-06,6.028129472514458e-06,7.467131046201436e-13,1
2240,6.892255102628589e-06,6.024308427297065e-06,7.533314312190464e-13,1
2241,6.892255102628589e-06,6.020491507944364e-06,7.599717650167623e-13,1
2242,6.892255102628589e-06,6.016678708163252e-06,7.666340225449199e-13,1
2243,6.892255102628589e-06,6.012870021673028e-06,7.73318120607219e-13,1
2244,6.892255102628589e-06,6.009065442205358e-06,7.80023976278503e-13,1
2245,6.892255102628589e-06,6.00526496350425e-06,7.86751506903815e-13,1
2246,6.892255102628589e-06,6.001468579326023e-06,7.935006300974737e-13,1
2247,6.892255102628589e-06,5.997676283439274e-06,8.0027126374215e-13,1
2248,6.892255102628589e-06,5.993888069624852e-06,8.070633259879375e-13,1
2249,6.892255102628589e-06,5.99010393167583e-06,8.13876735251434e-13,1
2250,6.892255102628589e-06,5.98632386339747e-06,8.207114102148315e-13,1
2251,6.892255102628589e-06,5.982547858607197e-06,8.275672698249969e-13,1
2252,6.892255102628589e-06,5.9787759111345705e-06,8.34444233292566e-13,1
2253,6.892255102628589e-06,5.9750080148212535e-06,8.41342220091038e-13,1
2254,6.892255102628589e-06,5.971244163520985e-06,8.482611499558703e-13,1
2255,6.892255102628589e-06,5.967484351099549e-06,8.552009428835857e-13,1
2256,6.892255102628589e-06,5.963728571434747e-06,8.62161519130869e-13,1
2257,6.892255102628589e-06,5.95997681841637e-06,8.69142799213679e-13,1
2258,6.892255102628589e-06,5.9562290859461665e-06,8.761447039063629e-13,1
2259,6.892255102628589e-06,5.952485367937816e-06,8.831671542407654e-13,1
2260,6.892255102628589e-06,5.948745658316904e-06,8.902100715053441e-13,1
2261,6.892255102628589e-06,5.945009951020883e-06,8.972733772443065e-13,1
2262,6.892255102628589e-06,5.941278239999057e-06,9.043569932567075e-13,1
2263,6.892255102628589e-06,5.937550519212544e-06,9.114608415956048e-13,1
2264,6.892255102628589e-06,5.933826782634249e-06,9.185848445671737e-13,1
2265,6.892255102628589e-06,5.930107024248841e-06,9.257289247298424e-13,1
2266,6.892255102628589e-06,5.9263912380527205e-06,9.328930048934319e-13,1
2267,6.892255102628589e-06,5.922679418053989e-06,9.40077008118305e-13,1
2268,6.892255102628589e-06,5.918971558272429e-06,9.472808577144902e-13,1
2269,6.892255102628589e-06,5.9152676527394664e-06,9.54504477240851e-13,1
2270,6.892255102628589e-06,5.9115676954981525e-06,9.617477905042188e-13,1
2271,6.892255102628589e-06,5.907871680603127e-06,9.690107215585594e-13,1
2272,6.892255102628589e-06,5.904179602120599e-06,9.762931947041146e-13,1
2273,6.892255102628589e-06,5.900491454128312e-06,9.835951344865808e-13,1
2274,6.892255102628589e-06,5.8968072307155194e-06,9.909164656962592e-13,1
2275,6.892255102628589e-06,5.893126925982961e-06,9.982571133672173e-13,1
2276,6.892255102628589e-06,5.889450534042827e-06,1.005617002776476e-12,1
2277,6.892255102628589e-06,5.8857780490187405e-06,1.012996059443162e-12,1
2278,6.892255102628589e-06,5.882109465045722e-06,1.0203942091276974e-12,1
2279,6.892255102628589e-06,5.878444776270165e-06,1.027811377830975e-12,1
2280,6.892255102628589e-06,5.874783976849814e-06,1.0352474917935276e-12,1
2281,6.892255102628589e-06,5.871127060953731e-06,1.0427024774947307e-12,1
2282,6.892255102628589e-06,5.867474022762268e-06,1.0501762616519833e-12,1
2283,6.892255102628589e-06,5.863824856467049e-06,1.0576687712198862e-12,1
2284,6.892255102628589e-06,5.860179556270933e-06,1.0651799333894545e-12,1
2285,6.892255102628589e-06,5.856538116387992e-06,1.0727096755873047e-12,1
2286,6.892255102628589e-06,5.8529005310434865e-06,1.0802579254748523e-12,1
2287,6.892255102628589e-06,5.849266794473833e-06,1.0878246109475199e-12,1
2288,6.892255102628589e-06,5.845636900926586e-06,1.0954096601339344e-12,1
2289,6.892255102628589e-06,5.842010844660402e-06,1.1030130013951478e-12,1
2290,6.892255102628589e-06,5.8383886199450205e-06,1.1106345633238364e-12,1
2291,6.892255102628589e-06,5.8347702210612344e-06,1.1182742747435222e-12,1
2292,6.892255102628589e-06,5.831155642300867e-06,1.1259320647077832e-12,1
2293,6.892255102628589e-06,5.827544877966741e-06,1.1336078624994824e-12,1
2294,6.892255102628589e-06,5.823937922372655e-06,1.14130159762999e-12,1
2295,6.892255102628589e-06,5.820334769843362e-06,1.1490131998383918e-12,1
2296,6.892255102628589e-06,5.816735414714533e-06,1.1567425990907488e-12,1
2297,6.892255102628589e-06,5.813139851332743e-06,1.164489725579298e-12,1
2298,6.892255102628589e-06,5.809548074055436e-06,1.1722545097217059e-12,1
2299,6.892255102628589e-06,5.805960077250908e-06,1.1800368821602968e-12,1
2300,6.892255102628589e-06,5.8023758552982715e-06,1.1878367737612995e-12,1
2301,6.892255102628589e-06,5.798795402587437e-06,1.195654115614086e-12,1
2302,6.892255102628589e-06,5.795218713519088e-06,1.2034888390304135e-12,1
2303,6.892255102628589e-06,5.79164578250465e-06,1.2113408755436787e-12,1
2304,6.892255102628589e-06,5.788076603966271e-06,1.2192101569081707e-12,1
2305,6.892255102628589e-06,5.7845111723367936e-06,1.2270966150983144e-12,1
2306,6.892255102628589e-06,5.780949482059731e-06,1.2350001823079353e-12,1
2307,6.892255102628589e-06,5.777391527589236e-06,1.2429207909495269e-12,1
2308,6.892255102628589e-06,5.773837303390088e-06,1.2508583736534916e-12,1
2309,6.892255102628589e-06,5.77028680393766e-06,1.2588128632674186e-12,1
2310,6.892255102628589e-06,5.7667400237178894e-06,1.2667841928553585e-12,1
2311,6.892255102628589e-06,5.763196957227266e-06,1.2747722956970759e-12,1
2312,6.892255102628589e-06,5.7596575989727934e-06,1.2827771052873401e-12,1
2313,6.892255102628589e-06,5.756121943471979e-06,1.2907985553351793e-12,1
2314,6.892255102628589e-06,5.752589985252794e-06,1.2988365797631855e-12,1
2315,6.892255102628589e-06,5.749061718853658e-06,1.306891112706776e-12,1
2316,6.892255102628589e-06,5.745537138823418e-06,1.3149620885134783e-12,1
2317,6.892255102628589e-06,5.7420162397213125e-06,1.3230494417422248e-12,1
2318,6.892255102628589e-06,5.738499016116954e-06,1.3311531071626434e-12,1
2319,6.892255102628589e-06,5.73498546259031e-06,1.3392730197543279e-12,1
2320,6.892255102628589e-06,5.731475573731668e-06,1.3474091147061576e-12,1
2321,6.892255102628589e-06,5.727969344141619e-06,1.3555613274155801e-12,1
2322,6.892255102628589e-06,5.7244667684310285e-06,1.3637295934879135e-12,1
2323,6.892255102628589e-06,5.7209678412210185e-06,1.3719138487356467e-12,1
2324,6.892255102628589e-06,5.717472557142937e-06,1.3801140291777483e-12,1
2325,6.892255102628589e-06,5.713980910838338e-06,1.3883300710389685e-12,1
2326,6.892255102628589e-06,5.71049289695896e-06,1.3965619107491464e-12,1
2327,6.892255102628589e-06,5.707008510166695e-06,1.404809484942532e-12,1
2328,6.892255102628589e-06,5.703527745133572e-06,1.4130727304570865e-12,1
2329,6.892255102628589e-06,5.700050596541728e-06,1.421351584333816e-12,1
2330,6.892255102628589e-06,5.696577059083392e-06,1.4296459838160707e-12,1
2331,6.892255102628589e-06,5.693107127460849e-06,1.4379558663488903e-12,1
2332,6.892255102628589e-06,5.6896407963864316e-06,1.446281169578306e-12,1
2333,6.892255102628589e-06,5.6861780605824846e-06,1.4546218313506811e-12,1
2334,6.892255102628589e-06,5.6827189147813485e-06,1.4629777897120353e-12,1
2335,6.892255102628589e-06,5.679263353725335e-06,1.4713489829073751e-12,1
2336,6.892255102628589e-06,5.6758113721667e-06,1.479735349380038e-12,1
2337,6.892255102628589e-06,5.672362964867624e-06,1.4881368277710166e-12,1
2338,6.892255102628589e-06,5.668918126600196e-06,1.4965533569182941e-12,1
2339,6.892255102628589e-06,5.665476852146371e-06,1.5049848758562114e-12,1
2340,6.892255102628589e-06,5.662039136297969e-06,1.5134313238147811e-12,1
2341,6.892255102628589e-06,5.6586049738566405e-06,1.5218926402190455e-12,1
2342,6.892255102628589e-06,5.655174359633842e-06,1.530368764688436e-12,1
2343,6.892255102628589e-06,5.6517472884508215e-06,1.5388596370361029e-12,1
2344,6.892255102628589e-06,5.648323755138591e-06,1.547365197268282e-12,1
2345,6.892255102628589e-06,5.644903754537902e-06,1.555885385583654e-12,1
2346,6.892255102628589e-06,5.641487281499228e-06,1.5644201423726902e-12,1
2347,6.892255102628589e-06,5.638074330882736e-06,1.5729694082170227e-12,1
2348,6.892255102628589e-06,5.634664897558273e-06,1.5815331238887994e-12,1
2349,6.892255102628589e-06,5.631258976405334e-06,1.5901112303500552e-12,1
2350,6.892255102628589e-06,5.627856562313045e-06,1.598703668752078e-12,1
2351,6.892255102628589e-06,5.624457650180142e-06,1.6073103804347717e-12,1
2352,6.892255102628589e-06,5.6210622349149416e-06,1.615931306926047e-12,1
2353,6.892255102628589e-06,5.61767031143533e-06,1.6245663899411638e-12,1
2354,6.892255102628589e-06,5.614281874668732e-06,1.633215571382136e-12,1
2355,6.892255102628589e-06,5.610896919552093e-06,1.6418787933370993e-12,1
2356,6.892255102628589e-06,5.607515441031856e-06,1.650555998079689e-12,1
2357,6.892255102628589e-06,5.604137434063937e-06,1.6592471280684351e-12,1
2358,6.892255102628589e-06,5.600762893613709e-06,1.6679521259461347e-12,1
2359,6.892255102628589e-06,5.597391814655978e-06,1.6766709345392412e-12,1
2360,6.892255102628589e-06,5.59402419217496e-06,1.6854034968572578e-12,1
2361,6.892255102628589e-06,5.590660021164261e-06,1.6941497560921307e-12,1
2362,6.892255102628589e-06,5.587299296626852e-06,1.7029096556176443e-12,1
2363,6.892255102628589e-06,5.5839420135750505e-06,1.7116831389888124e-12,1
2364,6.892255102628589e-06,5.580588167030502e-06,1.7204701499412764e-12,1
2365,6.892255102628589e-06,5.577237752024154e-06,1.729270632390707e-12,1
2366,6.892255102628589e-06,5.573890763596233e-06,1.738084530432221e-12,1
2367,6.892255102628589e-06,5.57054719679623e-06,1.7469117883397593e-12,1
2368,6.892255102628589e-06,5.567207046682873e-06,1.7557523505655215e-12,1
2369,6.892255102628589e-06,5.56387030832411e-06,1.7646061617393532e-12,1
2370,6.892255102628589e-06,5.560536976797085e-06,1.773473166668174e-12,1
2371,6.892255102628589e-06,5.557207047188122e-06,1.7823533103353716e-12,1
2372,6.892255102628589e-06,5.553880514592696e-06,1.7912465379002473e-12,1
2373,6.892255102628589e-06,5.550557374115417e-06,1.8001527946974053e-12,1
2374,6.892255102628589e-06,5.54723762087001e-06,1.8090720262361894e-12,1
2375,6.892255102628589e-06,5.543921249979294e-06,1.8180041782000921e-12,1
2376,6.892255102628589e-06,5.540608256575157e-06,1.826949196446191e-12,1
2377,6.892255102628589e-06,5.537298635798542e-06,1.8359070270045655e-12,1
2378,6.892255102628589e-06,5.533992382799418e-06,1.8448776160777366e-12,1
2379,6.892255102628589e-06,5.530689492736768e-06,1.8538609100400877e-12,1
2380,6.892255102628589e-06,5.5273899607785645e-06,1.8628568554372878e-12,1
2381,6.892255102628589e-06,5.524093782101746e-06,1.871865398985754e-12,1
2382,6.892255102628589e-06,5.520800951892204e-06,1.8808864875720597e-12,1
2383,6.892255102628589e-06,5.5175114653447565e-06,1.889920068252382e-12,1
2384,6.892255102628589e-06,5.514225317663129e-06,1.8989660882519513e-12,1
2385,6.892255102628589e-06,5.510942504059935e-06,1.908024494964487e-12,1
2386,6.892255102628589e-06,5.507663019756658e-06,1.9170952359516314e-12,1
2387,6.892255102628589e-06,5.504386859983626e-06,1.9261782589424173e-12,1
2388,6.892255102628589e-06,5.501114019979997e-06,1.935273511832698e-12,1
2389,6.892255102628589e-06,5.497844494993734e-06,1.944380942684606e-12,1
2390,6.892255102628589e-06,5.49457828028159e-06,1.953500499726005e-12,1
2391,6.892255102628589e-06,5.4913153711090845e-06,1.9626321313499417e-12,1
2392,6.892255102628589e-06,5.4880557627504825e-06,1.9717757861141105e-12,1
2393,6.892255102628589e-06,5.484799450488782e-06,1.98093141274029e-12,1
2394,6.892255102628589e-06,5.481546429615684e-06,1.990098960113831e-12,1
2395,6.892255102628589e-06,5.478296695431583e-06,1.999278377283095e-12,1
2396,6.892255102628589e-06,5.4750502432455366e-06,2.008469613458938e-12,1
2397,6.892255102628589e-06,5.471807068375257e-06,2.0176726180141545e-12,1
2398,6.892255102628589e-06,5.4685671661470815e-06,2.0268873404829734e-12,1
2399,6.892255102628589e-06,5.465330531895962e-06,2.036113730560493e-12,1
2400,6.892255102628589e-06,5.462097160965435e-06,2.0453517381021897e-12,1
2401,6.892255102628589e-06,5.458867048707616e-06,2.054601313123355e-12,1
2402,6.892255102628589e-06,5.455640190483166e-06,2.063862405798603e-12,1
2403,6.892255102628589e-06,5.452416581661283e-06,2.0731349664613188e-12,1
2404,6.892255102628589e-06,5.449196217619677e-06,2.0824189456031644e-12,1
2405,6.892255102628589e-06,5.445979093744548e-06,2.0917142938735504e-12,1
2406,6.892255102628589e-06,5.44276520543058e-06,2.101020962079094e-12,1
2407,6.892255102628589e-06,5.439554548080907e-06,2.1103389011831428e-12,1
2408,6.892255102628589e-06,5.436347117107099e-06,2.1196680623052423e-12,1
2409,6.892255102628589e-06,5.43314290792915e-06,2.1290083967206145e-12,1
2410,6.892255102628589e-06,5.429941915975446e-06,2.1383598558596712e-12,1
2411,6.892255102628589e-06,5.426744136682758e-06,2.1477223913074835e-12,1
2412,6.892255102628589e-06,5.423549565496217e-06,2.157095954803289e-12,1
2413,6.892255102628589e-06,5.420358197869298e-06,2.1664804982399824e-12,1
2414,6.892255102628589e-06,5.417170029263796e-06,2.1758759736636177e-12,1
2415,6.892255102628589e-06,5.413985055149815e-06,2.1852823332728957e-12,1
2416,6.892255102628589e-06,5.410803271005746e-06,2.194699529418677e-12,1
2417,6.892255102628589e-06,5.407624672318243e-06,2.2041275146034827e-12,1
2418,6.892255102628589e-06,5.404449254582218e-06,2.213566241480982e-12,1
2419,6.892255102628589e-06,5.401277013300802e-06,2.2230156628555377e-12,1
2420,6.892255102628589e-06,5.398107943985352e-06,2.2324757316816578e-12,1
2421,6.892255102628589e-06,5.394942042155411e-06,2.241946401063556e-12,1
2422,6.892255102628589e-06,5.391779303338696e-06,2.2514276242546433e-12,1
2423,6.892255102628589e-06,5.388619723071088e-06,2.26091935465703e-12,1
2424,6.892255102628589e-06,5.385463296896604e-06,2.270421545821056e-12,1
2425,6.892255102628589e-06,5.382310020367382e-06,2.2799341514448025e-12,1
2426,6.892255102628589e-06,5.379159889043664e-06,2.289457125373609e-12,1
2427,6.892255102628589e-06,5.376012898493778e-06,2.2989904215995913e-12,1
2428,6.892255102628589e-06,5.372869044294113e-06,2.308533994261175e-12,1
2429,6.892255102628589e-06,5.369728322029114e-06,2.3180877976426025e-12,1
2430,6.892255102628589e-06,5.366590727291255e-06,2.3276517861734575e-12,1
2431,6.892255102628589e-06,5.3634562556810185e-06,2.3372259144282212e-12,1
2432,6.892255102628589e-06,5.360324902806889e-06,2.3468101371257547e-12,1
2433,6.892255102628589e-06,5.357196664285323e-06,2.356404409128867e-12,1
2434,6.892255102628589e-06,5.354071535740738e-06,2.366008685443833e-12,1
2435,6.892255102628589e-06,5.350949512805496e-06,2.3756229212199126e-12,1
2436,6.892255102628589e-06,5.34783059111988e-06,2.3852470717489145e-12,1
2437,6.892255102628589e-06,5.344714766332079e-06,2.394881092464717e-12,1
2438,6.892255102628589e-06,5.341602034098174e-06,2.4045249389427928e-12,1
2439,6.892255102628589e-06,5.338492390082117e-06,2.4141785668997714e-12,1
2440,6.892255102628589e-06,5.3353858299557114e-06,2.423841932192975e-12,1
2441,6.892255102628589e-06,5.332282349398599e-06,2.4335149908199547e-12,1
2442,6.892255102628589e-06,5.329181944098242e-06,2.4431976989180367e-12,1
2443,6.892255102628589e-06,5.3260846097499e-06,2.4528900127638747e-12,1
2444,6.892255102628589e-06,5.322990342056622e-06,2.462591888772993e-12,1
2445,6.892255102628589e-06,5.319899136729222e-06,2.472303283499333e-12,1
2446,6.892255102628589e-06,5.316810989486263e-06,2.4820241536348093e-12,1
2447,6.892255102628589e-06,5.3137258960540445e-06,2.4917544560088616e-12,1
2448,6.892255102628589e-06,5.3106438521665765e-06,2.5014941475880113e-12,1
2449,6.892255102628589e-06,5.307564853565572e-06,2.5112431854754083e-12,1
2450,6.892255102628589e-06,5.304488896000424e-06,2.521001526910394e-12,1
2451,6.892255102628589e-06,5.30141597522819e-06,2.5307691292680646e-12,1
2452,6.892255102628589e-06,5.298346087013576e-06,2.54054595005882e-12,1
2453,6.892255102628589e-06,5.2952792271289185e-06,2.5503319469279397e-12,1
2454,6.892255102628589e-06,5.292215391354166e-06,2.5601270776551393e-12,1
2455,6.892255102628589e-06,5.289154575476869e-06,2.569931300154124e-12,1
2456,6.892255102628589e-06,5.286096775292153e-06,2.5797445724721796e-12,1
2457,6.892255102628589e-06,5.28304198660271e-06,2.5895668527897188e-12,1
2458,6.892255102628589e-06,5.2799902052187795e-06,2.5993980994198638e-12,1
2459,6.892255102628589e-06,5.276941426958128e-06,2.6092382708080168e-12,1
2460,6.892255102628589e-06,5.273895647646041e-06,2.6190873255314106e-12,1
2461,6.892255102628589e-06,5.270852863115297e-06,2.6289452222987194e-12,1
2462,6.892255102628589e-06,5.267813069206156e-06,2.6388119199496104e-12,1
2463,6.892255102628589e-06,5.264776261766344e-06,2.6486873774543174e-12,1
2464,6.892255102628589e-06,5.261742436651034e-06,2.6585715539132345e-12,1
2465,6.892255102628589e-06,5.258711589722828e-06,2.6684644085564946e-12,1
2466,6.892255102628589e-06,5.2556837168517485e-06,2.6783659007435284e-12,1
2467,6.892255102628589e-06,5.252658813915212e-06,2.688275989962681e-12,1
2468,6.892255102628589e-06,5.249636876798018e-06,2.698194635830774e-12,1
2469,6.892255102628589e-06,5.246617901392336e-06,2.708121798092689e-12,1
2470,6.892255102628589e-06,5.243601883597681e-06,2.718057436620975e-12,1
2471,6.892255102628589e-06,5.240588819320907e-06,2.7280015114154113e-12,1
2472,6.892255102628589e-06,5.237578704476184e-06,2.737953982602618e-12,1
2473,6.892255102628589e-06,5.234571534984978e-06,2.7479148104356497e-12,1
2474,6.892255102628589e-06,5.231567306776053e-06,2.7578839552935543e-12,1
2475,6.892255102628589e-06,5.2285660157854345e-06,2.7678613776810098e-12,1
2476,6.892255102628589e-06,5.225567657956404e-06,2.7778470382278986e-12,1
2477,6.892255102628589e-06,5.22257222923948e-06,2.7878408976889128e-12,1
2478,6.892255102628589e-06,5.219579725592407e-06,2.7978429169431334e-12,1
2479,6.892255102628589e-06,5.216590142980133e-06,2.8078530569936608e-12,1
2480,6.892255102628589e-06,5.213603477374799e-06,2.817871278967192e-12,1
2481,6.892255102628589e-06,5.210619724755718e-06,2.8278975441136332e-12,1
2482,6.892255102628589e-06,5.207638881109367e-06,2.8379318138057006e-12,1
2483,6.892255102628589e-06,5.204660942429363e-06,2.8479740495385313e-12,1
2484,6.892255102628589e-06,5.2016859047164546e-06,2.858024212929278e-12,1
2485,6.892255102628589e-06,5.1987137639785e-06,2.868082265716736e-12,1
2486,6.892255102628589e-06,5.195744516230455e-06,2.878148169760941e-12,1
2487,6.892255102628589e-06,5.1927781574943605e-06,2.8882218870427697e-12,1
2488,6.892255102628589e-06,5.189814683799321e-06,2.8983033796635734e-12,1
2489,6.892255102628589e-06,5.186854091181492e-06,2.9083926098447823e-12,1
2490,6.892255102628589e-06,5.183896375684064e-06,2.918489539927517e-12,1
2491,6.892255102628589e-06,5.180941533357253e-06,2.9285941323722013e-12,1
2492,6.892255102628589e-06,5.17798956025827e-06,2.938706349758204e-12,1
2493,6.892255102628589e-06,5.175040452451327e-06,2.9488261547834157e-12,1
2494,6.892255102628589e-06,5.172094206007602e-06,2.9589535102639196e-12,1
2495,6.892255102628589e-06,5.169150817005237e-06,2.9690883791335614e-12,1
2496,6.892255102628589e-06,5.1662102815293195e-06,2.9792307244436096e-12,1
2497,6.892255102628589e-06,5.1632725956718614e-06,2.989380509362371e-12,1
2498,6.892255102628589e-06,5.160337755531792e-06,2.9995376971748073e-12,1
2499,6.892255102628589e-06,5.157405757214941e-06,3.0097022512821635e-12,1
2500,6.892255102628589e-06,5.154476596834018e-06,3.019874135201612e-12,1
2501,6.892255102628589e-06,5.151550270508608e-06,3.030053312565852e-12,1
2502,6.892255102628589e-06,5.148626774365145e-06,3.040239747122773e-12,1
2503,6.892255102628589e-06,5.145706104536906e-06,3.050433402735062e-12,1
2504,6.892255102628589e-06,5.142788257163993e-06,3.060634243379844e-12,1
2505,6.892255102628589e-06,5.139873228393315e-06,3.0708422331483316e-12,1
2506,6.892255102628589e-06,5.13696101437858e-06,3.0810573362454306e-12,1
2507,6.892255102628589e-06,5.134051611280274e-06,3.0912795169894035e-12,1
2508,6.892255102628589e-06,5.131145015265652e-06,3.1015087398114927e-12,1
2509,6.892255102628589e-06,5.128241222508716e-06,3.1117449692555694e-12,1
2510,6.892255102628589e-06,5.12534022919021e-06,3.1219881699777643e-12,1
2511,6.892255102628589e-06,5.122442031497595e-06,3.1322383067461198e-12,1
2512,6.892255102628589e-06,5.119546625625045e-06,3.1424953444402248e-12,1
2513,6.892255102628589e-06,5.116654007773424e-06,3.15275924805086e-12,1
2514,6.892255102628589e-06,5.1137641741502746e-06,3.163029982679657e-12,1
2515,6.892255102628589e-06,5.110877120969808e-06,3.1733075135387116e-12,1
2516,6.892255102628589e-06,5.10799284445288e-06,3.183591805950282e-12,1
2517,6.892255102628589e-06,5.105111340826985e-06,3.1938828253463885e-12,1
2518,6.892255102628589e-06,5.10223260632624e-06,3.204180537268494e-12,1
2519,6.892255102628589e-06,5.099356637191368e-06,3.214484907367144e-12,1
2520,6.892255102628589e-06,5.096483429669685e-06,3.2247959014016222e-12,1
2521,6.892255102628589e-06,5.0936129800150855e-06,3.2351134852396098e-12,1
2522,6.892255102628589e-06,5.090745284488031e-06,3.2454376248568257e-12,1
2523,6.892255102628589e-06,5.087880339355532e-06,3.2557682863367015e-12,1
2524,6.892255102628589e-06,5.0850181408911335e-06,3.2661054358700296e-12,1
2525,6.892255102628589e-06,5.082158685374909e-06,3.2764490397546093e-12,1
2526,6.892255102628589e-06,5.079301969093434e-06,3.2867990643949375e-12,1
2527,6.892255102628589e-06,5.076447988339783e-06,3.2971554763018404e-12,1
2528,6.892255102628589e-06,5.073596739413511e-06,3.3075182420921483e-12,1
2529,6.892255102628589e-06,5.070748218620636e-06,3.3178873284883626e-12,1
2530,6.892255102628589e-06,5.067902422273633e-06,3.3282627023183123e-12,1
2531,6.892255102628589e-06,5.065059346691415e-06,3.3386443305148213e-12,1
2532,6.892255102628589e-06,5.06221898819932e-06,3.3490321801153778e-12,1
2533,6.892255102628589e-06,5.059381343129097e-06,3.3594262182618015e-12,1
2534,6.892255102628589e-06,5.056546407818896e-06,3.369826412199906e-12,1
2535,6.892255102628589e-06,5.053714178613247e-06,3.380232729279189e-12,1
2536,6.892255102628589e-06,5.0508846518630526e-06,3.3906451369524754e-12,1
2537,6.892255102628589e-06,5.048057823925574e-06,3.4010636027756063e-12,1
2538,6.892255102628589e-06,5.045233691164414e-06,3.4114880944071134e-12,1
2539,6.892255102628589e-06,5.042412249949503e-06,3.4219185796078997e-12,1
2540,6.892255102628589e-06,5.039593496657093e-06,3.432355026240884e-12,1
2541,6.892255102628589e-06,5.036777427669734e-06,3.4427974022707194e-12,1
2542,6.892255102628589e-06,5.033964039376269e-06,3.453245675763438e-12,1
2543,6.892255102628589e-06,5.031153328171814e-06,3.4636998148861565e-12,1
2544,6.892255102628589e-06,5.028345290457753e-06,3.4741597879067213e-12,1
2545,6.892255102628589e-06,5.0255399226417115e-06,3.484625563193441e-12,1
2546,6.892255102628589e-06,5.022737221137557e-06,3.495097109214717e-12,1
2547,6.892255102628589e-06,5.019937182365377e-06,3.5055743945387586e-12,1
2548,6.892255102628589e-06,5.0171398027514715e-06,3.5160573878332528e-12,1
2549,6.892255102628589e-06,5.014345078728334e-06,3.5265460578650573e-12,1
2550,6.892255102628589e-06,5.0115530067346406e-06,3.537040373499891e-12,1
2551,6.892255102628589e-06,5.008763583215241e-06,3.5475403037020022e-12,1
2552,6.892255102628589e-06,5.005976804621137e-06,3.55804581753389e-12,1
2553,6.892255102628589e-06,5.003192667409481e-06,3.568556884155948e-12,1
2554,6.892255102628589e-06,5.000411168043548e-06,3.5790734728262093e-12,1
2555,6.892255102628589e-06,4.997632302992737e-06,3.5895955528999945e-12,1
2556,6.892255102628589e-06,4.994856068732549e-06,3.600123093829625e-12,1
2557,6.892255102628589e-06,4.99208246174458e-06,3.6106560651641097e-12,1
2558,6.892255102628589e-06,4.989311478516499e-06,3.621194436548856e-12,1
2559,6.892255102628589e-06,4.986543115542048e-06,3.6317381777253333e-12,1
2560,6.892255102628589e-06,4.983777369321018e-06,3.642287258530805e-12,1
2561,6.892255102628589e-06,4.981014236359241e-06,3.6528416488980086e-12,1
2562,6.892255102628589e-06,4.978253713168577e-06,3.663401318854857e-12,1
2563,6.892255102628589e-06,4.975495796266902e-06,3.673966238524135e-12,1
2564,6.892255102628589e-06,4.972740482178095e-06,3.684536378123203e-12,1
2565,6.892255102628589e-06,4.969987767432022e-06,3.695111707963713e-12,1
2566,6.892255102628589e-06,4.9672376485645244e-06,3.705692198451293e-12,1
2567,6.892255102628589e-06,4.964490122117414e-06,3.716277820085251e-12,1
2568,6.892255102628589e-06,4.961745184638449e-06,3.726868543458297e-12,1
2569,6.892255102628589e-06,4.9590028326813274e-06,3.7374643392562395e-12,1
2570,6.892255102628589e-06,4.956263062805679e-06,3.748065178257674e-12,1
2571,6.892255102628589e-06,4.953525871577038e-06,3.758671031333738e-12,1
2572,6.892255102628589e-06,4.95079125556685e-06,3.769281869447768e-12,1
2573,6.892255102628589e-06,4.948059211352443e-06,3.779897663655047e-12,1
2574,6.892255102628589e-06,4.945329735517028e-06,3.790518385102487e-12,1
2575,6.892255102628589e-06,4.9426028246496726e-06,3.801144005028379e-12,1
2576,6.892255102628589e-06,4.939878475345305e-06,3.811774494762053e-12,1
2577,6.892255102628589e-06,4.9371566842046854e-06,3.822409825723649e-12,1
2578,6.892255102628589e-06,4.9344374478344085e-06,3.833049969423786e-12,1
2579,6.892255102628589e-06,4.931720762846878e-06,3.843694897463309e-12,1
2580,6.892255102628589e-06,4.929006625860307e-06,3.854344581532979e-12,1
2581,6.892255102628589e-06,4.926295033498695e-06,3.864998993413219e-12,1
2582,6.892255102628589e-06,4.92358598239182e-06,3.875658104973816e-12,1
2583,6.892255102628589e-06,4.920879469175229e-06,3.8863218881736375e-12,1
2584,6.892255102628589e-06,4.918175490490223e-06,3.896990315060361e-12,1
2585,6.892255102628589e-06,4.915474042983845e-06,3.907663357770197e-12,1
2586,6.892255102628589e-06,4.912775123308868e-06,3.9183409885276025e-12,1
2587,6.892255102628589e-06,4.910078728123785e-06,3.929023179645009e-12,1
2588,6.892255102628589e-06,4.907384854092793e-06,3.939709903522555e-12,1
2589,6.892255102628589e-06,4.904693497885786e-06,3.950401132647788e-12,1
2590,6.892255102628589e-06,4.9020046561783375e-06,3.961096839595426e-12,1
2591,6.892255102628589e-06,4.899318325651696e-06,3.9717969970270454e-12,1
2592,6.892255102628589e-06,4.896634502992765e-06,3.982501577690847e-12,1
2593,6.892255102628589e-06,4.893953184894096e-06,3.9932105544213515e-12,1
2594,6.892255102628589e-06,4.8912743680538775e-06,4.003923900139152e-12,1
2595,6.892255102628589e-06,4.8885980491759195e-06,4.014641587850634e-12,1
2596,6.892255102628589e-06,4.885924224969644e-06,4.025363590647712e-12,1
2597,6.892255102628589e-06,4.883252892150075e-06,4.036089881707556e-12,1
2598,6.892255102628589e-06,4.88058404743782e-06,4.046820434292342e-12,1
2599,6.892255102628589e-06,4.877917687559069e-06,4.057555221748957e-12,1
2600,6.892255102628589e-06,4.875253809245572e-06,4.068294217508764e-12,1
2601,6.892255102628589e-06,4.872592409234636e-06,4.079037395087316e-12,1
2602,6.892255102628589e-06,4.86993348426911e-06,4.089784728084104e-12,1
2603,6.892255102628589e-06,4.867277031097368e-06,4.1005361901823016e-12,1
2604,6.892255102628589e-06,4.864623046473313e-06,4.111291755148474e-12,1
2605,6.892255102628589e-06,4.861971527156342e-06,4.122051396832372e-12,1
2606,6.892255102628589e-06,4.8593224699113595e-06,4.132815089166606e-12,1
2607,6.892255102628589e-06,4.856675871508749e-06,4.143582806166439e-12,1
2608,6.892255102628589e-06,4.854031728724368e-06,4.154354521929508e-12,1
2609,6.892255102628589e-06,4.8513900383395335e-06,4.165130210635571e-12,1
2610,6.892255102628589e-06,4.8487507971410185e-06,4.175909846546239e-12,1
2611,6.892255102628589e-06,4.84611400192103e-06,4.186693404004741e-12,1
2612,6.892255102628589e-06,4.8434796494772044e-06,4.197480857435662e-12,1
2613,6.892255102628589e-06,4.8408477366125935e-06,4.208272181344685e-12,1
2614,6.892255102628589e-06,4.838218260135657e-06,4.219067350318335e-12,1
2615,6.892255102628589e-06,4.835591216860247e-06,4.2298663390237365e-12,1
2616,6.892255102628589e-06,4.8329666036055974e-06,4.240669122208366e-12,1
2617,6.892255102628589e-06,4.830344417196315e-06,4.251475674699791e-12,1
2618,6.892255102628589e-06,4.827724654462368e-06,4.262285971405416e-12,1
2619,6.892255102628589e-06,4.825107312239075e-06,4.27309998731225e-12,1
2620,6.892255102628589e-06,4.822492387367088e-06,4.28391769748666e-12,1
2621,6.892255102628589e-06,4.819879876692393e-06,4.294739077074099e-12,1
2622,6.892255102628589e-06,4.817269777066287e-06,4.305564101298894e-12,1
2623,6.892255102628589e-06,4.814662085345375e-06,4.316392745463968e-12,1
2624,6.892255102628589e-06,4.812056798391557e-06,4.327224984950623e-12,1
2625,6.892255102628589e-06,4.809453913072016e-06,4.338060795218276e-12,1
2626,6.892255102628589e-06,4.806853426259206e-06,4.348900151804232e-12,1
2627,6.892255102628589e-06,4.804255334830846e-06,4.359743030323429e-12,1
2628,6.892255102628589e-06,4.801659635669901e-06,4.370589406468216e-12,1
2629,6.892255102628589e-06,4.799066325664581e-06,4.381439256008079e-12,1
2630,6.892255102628589e-06,4.796475401708324e-06,4.392292554789435e-12,1
2631,6.892255102628589e-06,4.793886860699786e-06,4.4031492787353775e-12,1
2632,6.892255102628589e-06,4.791300699542829e-06,4.4140094038454425e-12,1
2633,6.892255102628589e-06,4.7887169151465156e-06,4.4248729061953675e-12,1
2634,6.892255102628589e-06,4.786135504425091e-06,4.435739761936864e-12,1
2635,6.892255102628589e-06,4.783556464297979e-06,4.4466099472973684e-12,1
2636,6.892255102628589e-06,4.780979791689767e-06,4.457483438579818e-12,1
2637,6.892255102628589e-06,4.778405483530199e-06,4.468360212162409e-12,1
2638,6.892255102628589e-06,4.775833536754158e-06,4.4792402444983785e-12,1
2639,6.892255102628589e-06,4.7732639483016655e-06,4.490123512115748e-12,1
2640,6.892255102628589e-06,4.770696715117863e-06,4.501009991617113e-12,1
2641,6.892255102628589e-06,4.768131834153004e-06,4.511899659679403e-12,1
2642,6.892255102628589e-06,4.765569302362447e-06,4.522792493053643e-12,1
2643,6.892255102628589e-06,4.763009116706637e-06,4.533688468564747e-12,1
2644,6.892255102628589e-06,4.7604512741511035e-06,4.544587563111265e-12,1
2645,6.892255102628589e-06,4.757895771666444e-06,4.555489753665177e-12,1
2646,6.892255102628589e-06,4.755342606228318e-06,4.566395017271637e-12,1
2647,6.892255102628589e-06,4.752791774817434e-06,4.577303331048783e-12,1
2648,6.892255102628589e-06,4.75024327441954e-06,4.588214672187471e-12,1
2649,6.892255102628589e-06,4.747697102025412e-06,4.599129017951097e-12,1
2650,6.892255102628589e-06,4.7451532546308455e-06,4.610046345675325e-12,1
2651,6.892255102628589e-06,4.7426117292366456e-06,4.620966632767895e-12,1
2652,6.892255102628589e-06,4.7400725228486125e-06,4.631889856708396e-12,1
2653,6.892255102628589e-06,4.73753563247754e-06,4.6428159950480186e-12,1
2654,6.892255102628589e-06,4.735001055139192e-06,4.653745025409387e-12,1
2655,6.892255102628589e-06,4.732468787854308e-06,4.664676925486272e-12,1
2656,6.892255102628589e-06,4.72993882764858e-06,4.675611673043424e-12,1
2657,6.892255102628589e-06,4.727411171552648e-06,4.686549245916333e-12,1
2658,6.892255102628589e-06,4.724885816602093e-06,4.697489622011005e-12,1
2659,6.892255102628589e-06,4.722362759837418e-06,4.708432779303756e-12,1
2660,6.892255102628589e-06,4.719841998304048e-06,4.719378695840991e-12,1
2661,6.892255102628589e-06,4.717323529052312e-06,4.730327349738982e-12,1
2662,6.892255102628589e-06,4.714807349137437e-06,4.741278719183667e-12,1
2663,6.892255102628589e-06,4.712293455619538e-06,4.752232782430415e-12,1
2664,6.892255102628589e-06,4.7097818455636076e-06,4.763189517803829e-12,1
2665,6.892255102628589e-06,4.707272516039506e-06,4.77414890369752e-12,1
2666,6.892255102628589e-06,4.704765464121948e-06,4.785110918573917e-12,1
2667,6.892255102628589e-06,4.702260686890499e-06,4.796075540964019e-12,1
2668,6.892255102628589e-06,4.6997581814295636e-06,4.8070427494672065e-12,1
2669,6.892255102628589e-06,4.69725794482837e-06,4.8180125227510395e-12,1
2670,6.892255102628589e-06,4.694759974180969e-06,4.828984839551024e-12,1
2671,6.892255102628589e-06,4.692264266586216e-06,4.83995967867042e-12,1
2672,6.892255102628589e-06,4.689770819147767e-06,4.85093701898003e-12,1
2673,6.892255102628589e-06,4.687279628974068e-06,4.861916839417981e-12,1
2674,6.892255102628589e-06,4.684790693178341e-06,4.872899118989534e-12,1
2675,6.892255102628589e-06,4.682304008878581e-06,4.883883836766858e-12,1
2676,6.892255102628589e-06,4.679819573197539e-06,4.89487097188885e-12,1
2677,6.892255102628589e-06,4.677337383262723e-06,4.905860503560889e-12,1
2678,6.892255102628589e-06,4.6748574362063754e-06,4.916852411054679e-12,1
2679,6.892255102628589e-06,4.67237972916547e-06,4.927846673708021e-12,1
2680,6.892255102628589e-06,4.6699042592817065e-06,4.9388432709246005e-12,1
2681,6.892255102628589e-06,4.667431023701491e-06,4.949842182173812e-12,1
2682,6.892255102628589e-06,4.664960019575936e-06,4.9608433869905254e-12,1
2683,6.892255102628589e-06,4.662491244060846e-06,4.971846864974912e-12,1
2684,6.892255102628589e-06,4.660024694316708e-06,4.982852595792229e-12,1
2685,6.892255102628589e-06,4.657560367508681e-06,4.993860559172634e-12,1
2686,6.892255102628589e-06,4.655098260806597e-06,5.00487073491095e-12,1
2687,6.892255102628589e-06,4.652638371384933e-06,5.015883102866519e-12,1
2688,6.892255102628589e-06,4.650180696422816e-06,5.0268976429629695e-12,1
2689,6.892255102628589e-06,4.647725233104012e-06,5.037914335188014e-12,1
2690,6.892255102628589e-06,4.64527197861691e-06,5.048933159593284e-12,1
2691,6.892255102628589e-06,4.6428209301545184e-06,5.059954096294107e-12,1
2692,6.892255102628589e-06,4.640372084914453e-06,5.070977125469324e-12,1
2693,6.892255102628589e-06,4.63792544009893e-06,5.082002227361086e-12,1
2694,6.892255102628589e-06,4.635480992914757e-06,5.0930293822746595e-12,1
2695,6.892255102628589e-06,4.633038740573318e-06,5.104058570578253e-12,1
2696,6.892255102628589e-06,4.630598680290573e-06,5.115089772702797e-12,1
2697,6.892255102628589e-06,4.628160809287041e-06,5.126122969141763e-12,1
2698,6.892255102628589e-06,4.625725124787796e-06,5.1371581404509854e-12,1
2699,6.892255102628589e-06,4.623291624022454e-06,5.148195267248452e-12,1
2700,6.892255102628589e-06,4.62086030422517e-06,5.159234330214108e-12,1
2701,6.892255102628589e-06,4.618431162634619e-06,5.170275310089702e-12,1
2702,6.892255102628589e-06,4.616004196493998e-06,5.181318187678547e-12,1
2703,6.892255102628589e-06,4.6135794030510084e-06,5.192362943845376e-12,1
2704,6.892255102628589e-06,4.61115677955785e-06,5.203409559516138e-12,1
2705,6.892255102628589e-06,4.608736323271215e-06,5.214458015677791e-12,1
2706,6.892255102628589e-06,4.606318031452274e-06,5.225508293378149e-12,1
2707,6.892255102628589e-06,4.60390190136667e-06,5.236560373725675e-12,1
2708,6.892255102628589e-06,4.601487930284507e-06,5.2476142378893e-12,1
2709,6.892255102628589e-06,4.599076115480346e-06,5.258669867098242e-12,1
2710,6.892255102628589e-06,4.59666645423319e-06,5.269727242641816e-12,1
2711,6.892255102628589e-06,4.594258943826478e-06,5.280786345869257e-12,1
2712,6.892255102628589e-06,4.5918535815480795e-06,5.291847158189522e-12,1
2713,6.892255102628589e-06,4.589450364690278e-06,5.302909661071132e-12,1
2714,6.892255102628589e-06,4.587049290549769e-06,5.313973836041975e-12,1
2715,6.892255102628589e-06,4.584650356427646e-06,5.325039664689119e-12,1
2716,6.892255102628589e-06,4.582253559629399e-06,5.33610712865864e-12,1
2717,6.892255102628589e-06,4.579858897464896e-06,5.347176209655449e-12,1
2718,6.892255102628589e-06,4.5774663672483825e-06,5.358246889443096e-12,1
2719,6.892255102628589e-06,4.575075966298468e-06,5.369319149843606e-12,1
2720,6.892255102628589e-06,4.572687691938122e-06,5.380392972737279e-12,1
2721,6.892255102628589e-06,4.570301541494657e-06,5.39146834006255e-12,1
2722,6.892255102628589e-06,4.5679175122997285e-06,5.402545233815775e-12,1
2723,6.892255102628589e-06,4.565535601689323e-06,5.413623636051069e-12,1
2724,6.892255102628589e-06,4.563155807003749e-06,5.424703528880126e-12,1
2725,6.892255102628589e-06,4.560778125587628e-06,5.435784894472058e-12,1
2726,6.892255102628589e-06,4.558402554789886e-06,5.446867715053205e-12,1
2727,6.892255102628589e-06,4.55602909196375e-06,5.4579519729069504e-12,1
2728,6.892255102628589e-06,4.553657734466728e-06,5.469037650373583e-12,1
2729,6.892255102628589e-06,4.551288479660615e-06,5.4801247298500824e-12,1
2730,6.892255102628589e-06,4.548921324911471e-06,5.491213193789982e-12,1
2731,6.892255102628589e-06,4.546556267589619e-06,5.5023030247031805e-12,1
2732,6.892255102628589e-06,4.544193305069643e-06,5.513394205155748e-12,1
2733,6.892255102628589e-06,4.541832434730366e-06,5.524486717769801e-12,1
2734,6.892255102628589e-06,4.539473653954848e-06,5.535580545223308e-12,1
2735,6.892255102628589e-06,4.537116960130381e-06,5.5466756702499096e-12,1
2736,6.892255102628589e-06,4.5347623506484785e-06,5.557772075638756e-12,1
2737,6.892255102628589e-06,4.532409822904861e-06,5.568869744234361e-12,1
2738,6.892255102628589e-06,4.530059374299458e-06,5.579968658936395e-12,1
2739,6.892255102628589e-06,4.527711002236392e-06,5.5910688026995436e-12,1
2740,6.892255102628589e-06,4.525364704123972e-06,5.602170158533343e-12,1
2741,6.892255102628589e-06,4.5230204773746895e-06,5.613272709501986e-12,1
2742,6.892255102628589e-06,4.520678319405201e-06,5.624376438724195e-12,1
2743,6.892255102628589e-06,4.51833822763633e-06,5.6354813293730116e-12,1
2744,6.892255102628589e-06,4.516000199493054e-06,5.6465873646756726e-12,1
2745,6.892255102628589e-06,4.5136642324044925e-06,5.6576945279134255e-12,1
2746,6.892255102628589e-06,4.5113303238039074e-06,5.668802802421359e-12,1
2747,6.892255102628589e-06,4.5089984711286885e-06,5.679912171588253e-12,1
