verb,subject,frequency,rank,total,proportion
be,that,21459,1,66000,0.3251363636363636
be,it,11992,2,66000,0.1816969696969697
be,you,4479,3,66000,0.06786363636363636
be,this,4091,4,66000,0.06198484848484848
be,what,2366,5,66000,0.03584848484848485
be,he,1893,6,66000,0.028681818181818183
be,who,1683,7,66000,0.0255
be,they,1580,8,66000,0.02393939393939394
be,i,1067,9,66000,0.016166666666666666
be,she,1050,10,66000,0.015909090909090907
be,those,803,11,66000,0.012166666666666666
be,one,705,12,66000,0.010681818181818181
be,these,561,13,66000,0.0085
be,we,461,14,66000,0.006984848484848485
be,baby,373,15,66000,0.005651515151515151
be,ball,333,16,66000,0.005045454545454546
be,name,299,17,66000,0.00453030303030303
be,mommy,257,18,66000,0.003893939393939394
be,matter,228,19,66000,0.0034545454545454545
be,daddy,205,20,66000,0.003106060606060606
be,nose,199,21,66000,0.003015151515151515
be,eye,172,22,66000,0.002606060606060606
be,car,154,23,66000,0.0023333333333333335
be,book,143,24,66000,0.0021666666666666666
be,kitty,141,25,66000,0.0021363636363636363
be,shoe,141,26,66000,0.0021363636363636363
be,thing,125,27,66000,0.001893939393939394
be,bunny,104,28,66000,0.0015757575757575758
be,ear,90,29,66000,0.0013636363636363637
be,duck,89,30,66000,0.0013484848484848484
be,firstname,83,31,66000,0.0012575757575757575
be,bear,81,32,66000,0.0012272727272727272
be,cup,79,33,66000,0.001196969696969697
be,foot,78,34,66000,0.0011818181818181819
be,cow,73,35,66000,0.001106060606060606
be,+,70,36,66000,0.0010606060606060607
be,man,70,37,66000,0.0010606060606060607
be,spoon,69,38,66000,0.0010454545454545454
be,hand,66,39,66000,0.001
be,bird,65,40,66000,0.000984848484848485
be,mouth,64,41,66000,0.0009696969696969697
be,boy,61,42,66000,0.0009242424242424242
be,block,57,43,66000,0.0008636363636363636
be,mama,56,44,66000,0.0008484848484848485
be,juice,55,45,66000,0.0008333333333333334
be,hair,54,46,66000,0.0008181818181818182
be,truck,54,47,66000,0.0008181818181818182
be,girl,52,48,66000,0.0007878787878787879
be,horse,51,49,66000,0.0007727272727272727
be,paul,50,50,66000,0.0007575757575757576
be,toy,50,51,66000,0.0007575757575757576
be,cat,49,52,66000,0.0007424242424242425
be,dog,47,53,66000,0.0007121212121212121
be,animal,47,54,66000,0.0007121212121212121
be,crayon,46,55,66000,0.000696969696969697
be,hat,45,56,66000,0.0006818181818181819
be,chair,44,57,66000,0.0006666666666666666
be,people,42,58,66000,0.0006363636363636364
be,doggie,42,59,66000,0.0006363636363636364
be,laura,42,60,66000,0.0006363636363636364
be,chicken,41,61,66000,0.0006212121212121212
be,mouse,41,62,66000,0.0006212121212121212
be,bottle,41,63,66000,0.0006212121212121212
be,house,40,64,66000,0.0006060606060606061
be,fish,40,65,66000,0.0006060606060606061
be,water,40,66,66000,0.0006060606060606061
be,maggie,40,67,66000,0.0006060606060606061
be,box,39,68,66000,0.0005909090909090909
be,mummy,39,69,66000,0.0005909090909090909
be,belly,39,70,66000,0.0005909090909090909
be,light,37,71,66000,0.0005606060606060606
be,milk,37,72,66000,0.0005606060606060606
be,which,36,73,66000,0.0005454545454545455
be,horsie,36,74,66000,0.0005454545454545455
be,everything,36,75,66000,0.0005454545454545455
be,sheep,36,76,66000,0.0005454545454545455
be,all,36,77,66000,0.0005454545454545455
be,egg,35,78,66000,0.0005303030303030304
be,door,34,79,66000,0.0005151515151515151
be,rabbit,34,80,66000,0.0005151515151515151
be,diaper,34,81,66000,0.0005151515151515151
be,piece,34,82,66000,0.0005151515151515151
be,leg,34,83,66000,0.0005151515151515151
be,guy,33,84,66000,0.0005
be,rest,33,85,66000,0.0005
be,tooth,33,86,66000,0.0005
be,sock,33,87,66000,0.0005
be,picture,32,88,66000,0.00048484848484848484
be,pillow,32,89,66000,0.00048484848484848484
be,tongue,31,90,66000,0.0004696969696969697
be,face,31,91,66000,0.0004696969696969697
be,tree,31,92,66000,0.0004696969696969697
be,dada,30,93,66000,0.00045454545454545455
be,food,30,94,66000,0.00045454545454545455
be,train,30,95,66000,0.00045454545454545455
be,doggy,29,96,66000,0.00043939393939393937
be,tail,29,97,66000,0.00043939393939393937
be,noise,29,98,66000,0.00043939393939393937
be,phone,29,99,66000,0.00043939393939393937
be,sun,28,100,66000,0.00042424242424242425
be,key,28,101,66000,0.00042424242424242425
be,toe,28,102,66000,0.00042424242424242425
be,monkey,28,103,66000,0.00042424242424242425
be,piggy,28,104,66000,0.00042424242424242425
be,michael,28,105,66000,0.00042424242424242425
be,cookie,27,106,66000,0.0004090909090909091
be,some,27,107,66000,0.0004090909090909091
be,lid,27,108,66000,0.0004090909090909091
be,apple,26,109,66000,0.00039393939393939396
be,button,26,110,66000,0.00039393939393939396
be,teddy,26,111,66000,0.00039393939393939396
be,dumbo,26,112,66000,0.00039393939393939396
be,bed,25,113,66000,0.0003787878787878788
be,flower,25,114,66000,0.0003787878787878788
be,color,25,115,66000,0.0003787878787878788
be,clown,25,116,66000,0.0003787878787878788
be,paper,25,117,66000,0.0003787878787878788
be,pencil,25,118,66000,0.0003787878787878788
be,bell,25,119,66000,0.0003787878787878788
be,ring,24,120,66000,0.0003636363636363636
be,tv,24,121,66000,0.0003636363636363636
be,ya,23,122,66000,0.0003484848484848485
be,moon,22,123,66000,0.0003333333333333333
be,wheel,22,124,66000,0.0003333333333333333
be,coat,22,125,66000,0.0003333333333333333
be,plate,22,126,66000,0.0003333333333333333
be,lion,22,127,66000,0.0003333333333333333
be,honey,22,128,66000,0.0003333333333333333
be,go,21,129,66000,0.0003181818181818182
be,a,21,130,66000,0.0003181818181818182
be,elephant,21,131,66000,0.0003181818181818182
be,yours,21,132,66000,0.0003181818181818182
be,blue,21,133,66000,0.0003181818181818182
be,birdie,21,134,66000,0.0003181818181818182
be,head,21,135,66000,0.0003181818181818182
be,mom,21,136,66000,0.0003181818181818182
be,puppy,20,137,66000,0.00030303030303030303
be,fun,20,138,66000,0.00030303030303030303
be,stick,20,139,66000,0.00030303030303030303
be,farmer,20,140,66000,0.00030303030303030303
be,blanket,19,141,66000,0.00028787878787878786
be,leaf,19,142,66000,0.00028787878787878786
be,bus,19,143,66000,0.00028787878787878786
be,carl,19,144,66000,0.00028787878787878786
be,nomi,19,145,66000,0.00028787878787878786
be,finger,18,146,66000,0.00027272727272727274
be,something,18,147,66000,0.00027272727272727274
be,lamb,18,148,66000,0.00027272727272727274
be,problem,18,149,66000,0.00027272727272727274
be,top,18,150,66000,0.00027272727272727274
be,whose,18,151,66000,0.00027272727272727274
be,grover,18,152,66000,0.00027272727272727274
be,timmy,18,153,66000,0.00027272727272727274
be,table,17,154,66000,0.00025757575757575756
be,bug,17,155,66000,0.00025757575757575756
be,letter,17,156,66000,0.00025757575757575756
be,clock,17,157,66000,0.00025757575757575756
be,telephone,17,158,66000,0.00025757575757575756
be,airplane,17,159,66000,0.00025757575757575756
be,lady,17,160,66000,0.00025757575757575756
be,frog,17,161,66000,0.00025757575757575756
be,pig,17,162,66000,0.00025757575757575756
be,tractor,17,163,66000,0.00025757575757575756
be,bert,17,164,66000,0.00025757575757575756
be,somebody,17,165,66000,0.00025757575757575756
be,bowl,16,166,66000,0.00024242424242424242
be,time,16,167,66000,0.00024242424242424242
be,cheese,16,168,66000,0.00024242424242424242
be,arm,16,169,66000,0.00024242424242424242
be,hole,15,170,66000,0.00022727272727272727
be,puzzle,15,171,66000,0.00022727272727272727
be,jwww,15,172,66000,0.00022727272727272727
be,spot,15,173,66000,0.00022727272727272727
be,today,15,174,66000,0.00022727272727272727
be,doll,15,175,66000,0.00022727272727272727
be,toothbrush,15,176,66000,0.00022727272727272727
be,shirt,15,177,66000,0.00022727272727272727
be,grandma,15,178,66000,0.00022727272727272727
be,pumpkin,15,179,66000,0.00022727272727272727
be,john,15,180,66000,0.00022727272727272727
be,penguin,15,181,66000,0.00022727272727272727
be,bead,14,182,66000,0.00021212121212121213
be,square,14,183,66000,0.00021212121212121213
be,triangle,14,184,66000,0.00021212121212121213
be,brush,14,185,66000,0.00021212121212121213
be,hammer,14,186,66000,0.00021212121212121213
be,banana,14,187,66000,0.00021212121212121213
be,fork,14,188,66000,0.00021212121212121213
be,part,14,189,66000,0.00021212121212121213
be,stuff,14,190,66000,0.00021212121212121213
be,tummy,14,191,66000,0.00021212121212121213
be,money,14,192,66000,0.00021212121212121213
be,number,14,193,66000,0.00021212121212121213
be,dad,14,194,66000,0.00021212121212121213
be,three,14,195,66000,0.00021212121212121213
be,jj,14,196,66000,0.00021212121212121213
be,pop,14,197,66000,0.00021212121212121213
be,someone,13,198,66000,0.00019696969696969698
be,red,13,199,66000,0.00019696969696969698
be,kangaroo,13,200,66000,0.00019696969696969698
be,pant,13,201,66000,0.00019696969696969698
be,tape,13,202,66000,0.00019696969696969698
be,penny,13,203,66000,0.00019696969696969698
be,knee,13,204,66000,0.00019696969696969698
be,boat,13,205,66000,0.00019696969696969698
be,sarah,13,206,66000,0.00019696969696969698
be,circle,12,207,66000,0.0001818181818181818
be,word,12,208,66000,0.0001818181818181818
be,bag,12,209,66000,0.0001818181818181818
be,recorder,12,210,66000,0.0001818181818181818
be,nana,12,211,66000,0.0001818181818181818
be,uhoh,12,212,66000,0.0001818181818181818
be,towel,12,213,66000,0.0001818181818181818
be,matthew,12,214,66000,0.0001818181818181818
be,the,12,215,66000,0.0001818181818181818
be,clothe,12,216,66000,0.0001818181818181818
be,cooky,12,217,66000,0.0001818181818181818
be,brick,12,218,66000,0.0001818181818181818
be,andrew,12,219,66000,0.0001818181818181818
be,seth,12,220,66000,0.0001818181818181818
be,shower,12,221,66000,0.0001818181818181818
be,comb,12,222,66000,0.0001818181818181818
be,o,11,223,66000,0.00016666666666666666
be,us,11,224,66000,0.00016666666666666666
be,thumb,11,225,66000,0.00016666666666666666
be,turtle,11,226,66000,0.00016666666666666666
be,green,11,227,66000,0.00016666666666666666
be,child,11,228,66000,0.00016666666666666666
be,squirrel,11,229,66000,0.00016666666666666666
be,peter,11,230,66000,0.00016666666666666666
be,butter,11,231,66000,0.00016666666666666666
be,bit,11,232,66000,0.00016666666666666666
be,glass,11,233,66000,0.00016666666666666666
be,mandy,11,234,66000,0.00016666666666666666
be,rooster,11,235,66000,0.00016666666666666666
be,look,11,236,66000,0.00016666666666666666
be,rachel,11,237,66000,0.00016666666666666666
be,do,11,238,66000,0.00016666666666666666
be,refrigerator,11,239,66000,0.00016666666666666666
be,lara,11,240,66000,0.00016666666666666666
be,hotdog,11,241,66000,0.00016666666666666666
be,mammy,11,242,66000,0.00016666666666666666
be,kitten,10,243,66000,0.00015151515151515152
be,d,10,244,66000,0.00015151515151515152
be,dinner,10,245,66000,0.00015151515151515152
be,butterfly,10,246,66000,0.00015151515151515152
be,balloon,10,247,66000,0.00015151515151515152
be,suitcase,10,248,66000,0.00015151515151515152
be,breakfast,10,249,66000,0.00015151515151515152
be,ernie,10,250,66000,0.00015151515151515152
be,froggie,10,251,66000,0.00015151515151515152
be,dillon,10,252,66000,0.00015151515151515152
be,shape,10,253,66000,0.00015151515151515152
be,jaylen,10,254,66000,0.00015151515151515152
be,jacob,10,255,66000,0.00015151515151515152
be,joe,10,256,66000,0.00015151515151515152
be,fence,10,257,66000,0.00015151515151515152
be,eve,10,258,66000,0.00015151515151515152
be,coffee,10,259,66000,0.00015151515151515152
be,jamie,10,260,66000,0.00015151515151515152
be,blankie,10,261,66000,0.00015151515151515152
be,trunk,10,262,66000,0.00015151515151515152
be,watch,10,263,66000,0.00015151515151515152
be,c,9,264,66000,0.00013636363636363637
be,slipper,9,265,66000,0.00013636363636363637
be,eric,9,266,66000,0.00013636363636363637
be,more,9,267,66000,0.00013636363636363637
be,bike,9,268,66000,0.00013636363636363637
be,screwdriver,9,269,66000,0.00013636363636363637
be,cream,9,270,66000,0.00013636363636363637
be,page,9,271,66000,0.00013636363636363637
be,room,9,272,66000,0.00013636363636363637
be,bread,9,273,66000,0.00013636363636363637
be,side,9,274,66000,0.00013636363636363637
be,soup,9,275,66000,0.00013636363636363637
be,your,9,276,66000,0.00013636363636363637
be,friend,9,277,66000,0.00013636363636363637
be,kiss,9,278,66000,0.00013636363636363637
be,football,9,279,66000,0.00013636363636363637
be,neck,9,280,66000,0.00013636363636363637
be,heart,9,281,66000,0.00013636363636363637
be,useta,9,282,66000,0.00013636363636363637
be,farm,9,283,66000,0.00013636363636363637
be,dinosaur,9,284,66000,0.00013636363636363637
be,liam,9,285,66000,0.00013636363636363637
be,tiger,9,286,66000,0.00013636363636363637
be,gonga,9,287,66000,0.00013636363636363637
be,lookee,9,288,66000,0.00013636363636363637
be,yellow,9,289,66000,0.00013636363636363637
be,driver,9,290,66000,0.00013636363636363637
be,chad,9,291,66000,0.00013636363636363637
be,nobody,8,292,66000,0.00012121212121212121
be,k,8,293,66000,0.00012121212121212121
be,engine,8,294,66000,0.00012121212121212121
be,trouble,8,295,66000,0.00012121212121212121
be,swww,8,296,66000,0.00012121212121212121
be,kitty_cat,8,297,66000,0.00012121212121212121
be,purple,8,298,66000,0.00012121212121212121
be,medicine,8,299,66000,0.00012121212121212121
be,way,8,300,66000,0.00012121212121212121
be,many,8,301,66000,0.00012121212121212121
be,window,8,302,66000,0.00012121212121212121
be,choo,8,303,66000,0.00012121212121212121
be,bark,8,304,66000,0.00012121212121212121
be,tabitha,8,305,66000,0.00012121212121212121
be,sound,8,306,66000,0.00012121212121212121
be,wall,8,307,66000,0.00012121212121212121
be,cookie_monster,8,308,66000,0.00012121212121212121
be,daniel,8,309,66000,0.00012121212121212121
be,colin,8,310,66000,0.00012121212121212121
be,brycie,8,311,66000,0.00012121212121212121
be,bottom,8,312,66000,0.00012121212121212121
be,jug,8,313,66000,0.00012121212121212121
be,bootie,8,314,66000,0.00012121212121212121
be,stone,8,315,66000,0.00012121212121212121
be,cheek,8,316,66000,0.00012121212121212121
be,joel,8,317,66000,0.00012121212121212121
be,bea,8,318,66000,0.00012121212121212121
be,lot,7,319,66000,0.00010606060606060606
be,b,7,320,66000,0.00010606060606060606
be,toast,7,321,66000,0.00010606060606060606
be,barrette,7,322,66000,0.00010606060606060606
be,most,7,323,66000,0.00010606060606060606
be,nothing,7,324,66000,0.00010606060606060606
be,mine,7,325,66000,0.00010606060606060606
be,dwww,7,326,66000,0.00010606060606060606
be,morgan,7,327,66000,0.00010606060606060606
be,hayley,7,328,66000,0.00010606060606060606
be,elmo,7,329,66000,0.00010606060606060606
be,duckie,7,330,66000,0.00010606060606060606
be,boot,7,331,66000,0.00010606060606060606
be,god,7,332,66000,0.00010606060606060606
be,baba,7,333,66000,0.00010606060606060606
be,june,7,334,66000,0.00010606060606060606
be,erin,7,335,66000,0.00010606060606060606
be,panda,7,336,66000,0.00010606060606060606
be,kalie,7,337,66000,0.00010606060606060606
be,thomas,7,338,66000,0.00010606060606060606
be,trailer,7,339,66000,0.00010606060606060606
be,grandpa,7,340,66000,0.00010606060606060606
be,corn,7,341,66000,0.00010606060606060606
be,indian,7,342,66000,0.00010606060606060606
be,josh,7,343,66000,0.00010606060606060606
be,fire,6,344,66000,9.09090909090909e-05
be,chickie,6,345,66000,9.09090909090909e-05
be,puppet,6,346,66000,9.09090909090909e-05
be,zipper,6,347,66000,9.09090909090909e-05
be,andy,6,348,66000,9.09090909090909e-05
be,kind,6,349,66000,9.09090909090909e-05
be,pen,6,350,66000,9.09090909090909e-05
be,potato,6,351,66000,9.09090909090909e-05
be,mirror,6,352,66000,9.09090909090909e-05
be,soldier,6,353,66000,9.09090909090909e-05
be,knife,6,354,66000,9.09090909090909e-05
be,where,6,355,66000,9.09090909090909e-05
be,brisco,6,356,66000,9.09090909090909e-05
be,katie,6,357,66000,9.09090909090909e-05
be,mm,6,358,66000,9.09090909090909e-05
be,mickey,6,359,66000,9.09090909090909e-05
be,swing,6,360,66000,9.09090909090909e-05
be,floor,6,361,66000,9.09090909090909e-05
be,chip,6,362,66000,9.09090909090909e-05
be,alexander,6,363,66000,9.09090909090909e-05
be,street,6,364,66000,9.09090909090909e-05
be,none,6,365,66000,9.09090909090909e-05
be,drink,6,366,66000,9.09090909090909e-05
be,patch,6,367,66000,9.09090909090909e-05
be,trash,6,368,66000,9.09090909090909e-05
be,game,6,369,66000,9.09090909090909e-05
be,plane,6,370,66000,9.09090909090909e-05
be,story,6,371,66000,9.09090909090909e-05
be,hen,6,372,66000,9.09090909090909e-05
be,peck,6,373,66000,9.09090909090909e-05
be,other,6,374,66000,9.09090909090909e-05
be,orange,6,375,66000,9.09090909090909e-05
be,break,6,376,66000,9.09090909090909e-05
be,scale,6,377,66000,9.09090909090909e-05
be,tray,6,378,66000,9.09090909090909e-05
be,soda,6,379,66000,9.09090909090909e-05
be,melissa,6,380,66000,9.09090909090909e-05
be,five,6,381,66000,9.09090909090909e-05
be,piggie,6,382,66000,9.09090909090909e-05
be,smile,6,383,66000,9.09090909090909e-05
be,gorilla,6,384,66000,9.09090909090909e-05
be,granddad,6,385,66000,9.09090909090909e-05
be,patrick,6,386,66000,9.09090909090909e-05
be,person,5,387,66000,7.575757575757576e-05
be,basket,5,388,66000,7.575757575757576e-05
be,sister,5,389,66000,7.575757575757576e-05
be,m,5,390,66000,7.575757575757576e-05
be,two,5,391,66000,7.575757575757576e-05
be,woof,5,392,66000,7.575757575757576e-05
be,everybody,5,393,66000,7.575757575757576e-05
be,oop,5,394,66000,7.575757575757576e-05
be,purse,5,395,66000,7.575757575757576e-05
be,mwww,5,396,66000,7.575757575757576e-05
be,strawberry,5,397,66000,7.575757575757576e-05
be,carrot,5,398,66000,7.575757575757576e-05
be,point,5,399,66000,7.575757575757576e-05
be,sandwich,5,400,66000,7.575757575757576e-05
be,star,5,401,66000,7.575757575757576e-05
be,dish,5,402,66000,7.575757575757576e-05
be,chin,5,403,66000,7.575757575757576e-05
be,son,5,404,66000,7.575757575757576e-05
be,handle,5,405,66000,7.575757575757576e-05
be,wanna,5,406,66000,7.575757575757576e-05
be,cover,5,407,66000,7.575757575757576e-05
be,rock,5,408,66000,7.575757575757576e-05
be,pea,5,409,66000,7.575757575757576e-05
be,bite,5,410,66000,7.575757575757576e-05
be,mooshas,5,411,66000,7.575757575757576e-05
be,mail,5,412,66000,7.575757575757576e-05
be,bat,5,413,66000,7.575757575757576e-05
be,umbrella,5,414,66000,7.575757575757576e-05
be,say,5,415,66000,7.575757575757576e-05
be,hasta,5,416,66000,7.575757575757576e-05
be,turkey,5,417,66000,7.575757575757576e-05
be,front,5,418,66000,7.575757575757576e-05
be,brown,5,419,66000,7.575757575757576e-05
be,mother,5,420,66000,7.575757575757576e-05
be,camera,5,421,66000,7.575757575757576e-05
be,uhhuh,5,422,66000,7.575757575757576e-05
be,norman,5,423,66000,7.575757575757576e-05
be,owl,5,424,66000,7.575757575757576e-05
be,lexy,5,425,66000,7.575757575757576e-05
be,corinna,5,426,66000,7.575757575757576e-05
be,abbie,5,427,66000,7.575757575757576e-05
be,giraffe,5,428,66000,7.575757575757576e-05
be,snake,5,429,66000,7.575757575757576e-05
be,sandra,5,430,66000,7.575757575757576e-05
be,tire,5,431,66000,7.575757575757576e-05
be,potty,5,432,66000,7.575757575757576e-05
be,motorcycle,5,433,66000,7.575757575757576e-05
be,mustache,5,434,66000,7.575757575757576e-05
be,georgie,5,435,66000,7.575757575757576e-05
be,dress,5,436,66000,7.575757575757576e-05
be,whoop,5,437,66000,7.575757575757576e-05
be,edward,5,438,66000,7.575757575757576e-05
be,ruth,5,439,66000,7.575757575757576e-05
be,aubergine,5,440,66000,7.575757575757576e-05
be,maddie,5,441,66000,7.575757575757576e-05
be,syrup,5,442,66000,7.575757575757576e-05
be,fei,5,443,66000,7.575757575757576e-05
be,mey,5,444,66000,7.575757575757576e-05
be,bro,5,445,66000,7.575757575757576e-05
be,grape,5,446,66000,7.575757575757576e-05
be,e,4,447,66000,6.0606060606060605e-05
be,f,4,448,66000,6.0606060606060605e-05
be,peekaboo,4,449,66000,6.0606060606060605e-05
be,donkey,4,450,66000,6.0606060606060605e-05
be,playing,4,451,66000,6.0606060606060605e-05
be,no,4,452,66000,6.0606060606060605e-05
be,tunnel,4,453,66000,6.0606060606060605e-05
be,byebye,4,454,66000,6.0606060606060605e-05
be,stroller,4,455,66000,6.0606060606060605e-05
be,place,4,456,66000,6.0606060606060605e-05
be,kwww,4,457,66000,6.0606060606060605e-05
be,four,4,458,66000,6.0606060606060605e-05
be,maddy,4,459,66000,6.0606060606060605e-05
be,mess,4,460,66000,6.0606060606060605e-05
be,back,4,461,66000,6.0606060606060605e-05
be,monster,4,462,66000,6.0606060606060605e-05
be,parrot,4,463,66000,6.0606060606060605e-05
be,lunch,4,464,66000,6.0606060606060605e-05
be,pooh,4,465,66000,6.0606060606060605e-05
be,fly,4,466,66000,6.0606060606060605e-05
be,bee,4,467,66000,6.0606060606060605e-05
be,his,4,468,66000,6.0606060606060605e-05
be,nala,4,469,66000,6.0606060606060605e-05
be,simba,4,470,66000,6.0606060606060605e-05
be,noodle,4,471,66000,6.0606060606060605e-05
be,sunshine,4,472,66000,6.0606060606060605e-05
be,sky,4,473,66000,6.0606060606060605e-05
be,helicopter,4,474,66000,6.0606060606060605e-05
be,adam,4,475,66000,6.0606060606060605e-05
be,building,4,476,66000,6.0606060606060605e-05
be,alex,4,477,66000,6.0606060606060605e-05
be,cinderella,4,478,66000,6.0606060606060605e-05
be,easter,4,479,66000,6.0606060606060605e-05
be,kid,4,480,66000,6.0606060606060605e-05
be,pan,4,481,66000,6.0606060606060605e-05
be,work,4,482,66000,6.0606060606060605e-05
be,david,4,483,66000,6.0606060606060605e-05
be,dolly,4,484,66000,6.0606060606060605e-05
be,stefan,4,485,66000,6.0606060606060605e-05
be,claw,4,486,66000,6.0606060606060605e-05
be,chick,4,487,66000,6.0606060606060605e-05
be,yeh,4,488,66000,6.0606060606060605e-05
be,bobby,4,489,66000,6.0606060606060605e-05
be,ross,4,490,66000,6.0606060606060605e-05
be,choice,4,491,66000,6.0606060606060605e-05
be,nathan,4,492,66000,6.0606060606060605e-05
be,amanda,4,493,66000,6.0606060606060605e-05
be,benjamin,4,494,66000,6.0606060606060605e-05
be,highchair,4,495,66000,6.0606060606060605e-05
be,elbow,4,496,66000,6.0606060606060605e-05
be,rope,4,497,66000,6.0606060606060605e-05
be,wood,4,498,66000,6.0606060606060605e-05
be,eddie,4,499,66000,6.0606060606060605e-05
be,oatmeal,4,500,66000,6.0606060606060605e-05
be,goofy,4,501,66000,6.0606060606060605e-05
be,nickel,4,502,66000,6.0606060606060605e-05
be,volcano,4,503,66000,6.0606060606060605e-05
be,sweetheart,4,504,66000,6.0606060606060605e-05
be,clip,4,505,66000,6.0606060606060605e-05
be,joseph,4,506,66000,6.0606060606060605e-05
be,roof,4,507,66000,6.0606060606060605e-05
be,frank,4,508,66000,6.0606060606060605e-05
be,brother,4,509,66000,6.0606060606060605e-05
be,pot,4,510,66000,6.0606060606060605e-05
be,anne,4,511,66000,6.0606060606060605e-05
be,mickey_mouse,4,512,66000,6.0606060606060605e-05
be,paint,4,513,66000,6.0606060606060605e-05
be,mo,4,514,66000,6.0606060606060605e-05
be,big_bird,4,515,66000,6.0606060606060605e-05
be,taste,4,516,66000,6.0606060606060605e-05
be,sara,4,517,66000,6.0606060606060605e-05
be,bla,4,518,66000,6.0606060606060605e-05
be,goat,4,519,66000,6.0606060606060605e-05
be,teddy_bear,4,520,66000,6.0606060606060605e-05
be,gra,4,521,66000,6.0606060606060605e-05
be,zic,4,522,66000,6.0606060606060605e-05
be,edena,4,523,66000,6.0606060606060605e-05
be,cooker,3,524,66000,4.545454545454545e-05
be,how,3,525,66000,4.545454545454545e-05
be,j,3,526,66000,4.545454545454545e-05
be,ducky,3,527,66000,4.545454545454545e-05
be,pat,3,528,66000,4.545454545454545e-05
be,jesse,3,529,66000,4.545454545454545e-05
be,seat,3,530,66000,4.545454545454545e-05
be,date,3,531,66000,4.545454545454545e-05
be,napkin,3,532,66000,4.545454545454545e-05
be,lake,3,533,66000,4.545454545454545e-05
be,castle,3,534,66000,4.545454545454545e-05
be,hose,3,535,66000,4.545454545454545e-05
be,pear,3,536,66000,4.545454545454545e-05
be,seesaw,3,537,66000,4.545454545454545e-05
be,moo,3,538,66000,4.545454545454545e-05
be,slide,3,539,66000,4.545454545454545e-05
be,garage,3,540,66000,4.545454545454545e-05
be,ewww,3,541,66000,4.545454545454545e-05
be,//.,3,542,66000,4.545454545454545e-05
be,cereal,3,543,66000,4.545454545454545e-05
be,mimi,3,544,66000,4.545454545454545e-05
be,nice,3,545,66000,4.545454545454545e-05
be,birthday,3,546,66000,4.545454545454545e-05
be,jody,3,547,66000,4.545454545454545e-05
be,nanny,3,548,66000,4.545454545454545e-05
be,fuss,3,549,66000,4.545454545454545e-05
be,plant,3,550,66000,4.545454545454545e-05
be,pie,3,551,66000,4.545454545454545e-05
be,cj,3,552,66000,4.545454545454545e-05
be,drop,3,553,66000,4.545454545454545e-05
be,tom,3,554,66000,4.545454545454545e-05
be,broom,3,555,66000,4.545454545454545e-05
be,bib,3,556,66000,4.545454545454545e-05
be,pile,3,557,66000,4.545454545454545e-05
be,sponge,3,558,66000,4.545454545454545e-05
be,deal,3,559,66000,4.545454545454545e-05
be,yogurt,3,560,66000,4.545454545454545e-05
be,scissor,3,561,66000,4.545454545454545e-05
be,ground,3,562,66000,4.545454545454545e-05
be,bunch,3,563,66000,4.545454545454545e-05
be,cake,3,564,66000,4.545454545454545e-05
be,pool,3,565,66000,4.545454545454545e-05
be,branch,3,566,66000,4.545454545454545e-05
be,mooshaboosh,3,567,66000,4.545454545454545e-05
be,microphone,3,568,66000,4.545454545454545e-05
be,v,3,569,66000,4.545454545454545e-05
be,buckle,3,570,66000,4.545454545454545e-05
be,spinach,3,571,66000,4.545454545454545e-05
be,hedgehog,3,572,66000,4.545454545454545e-05
be,ashley,3,573,66000,4.545454545454545e-05
be,dakota,3,574,66000,4.545454545454545e-05
be,bingo,3,575,66000,4.545454545454545e-05
be,seven,3,576,66000,4.545454545454545e-05
be,bone,3,577,66000,4.545454545454545e-05
be,favorite,3,578,66000,4.545454545454545e-05
be,remote,3,579,66000,4.545454545454545e-05
be,thirsty,3,580,66000,4.545454545454545e-05
be,papa,3,581,66000,4.545454545454545e-05
be,tootsie,3,582,66000,4.545454545454545e-05
be,clean,3,583,66000,4.545454545454545e-05
be,kathy,3,584,66000,4.545454545454545e-05
be,celery,3,585,66000,4.545454545454545e-05
be,shop,3,586,66000,4.545454545454545e-05
be,becky,3,587,66000,4.545454545454545e-05
be,seal,3,588,66000,4.545454545454545e-05
be,dolphin,3,589,66000,4.545454545454545e-05
be,zebra,3,590,66000,4.545454545454545e-05
be,puttaputta,3,591,66000,4.545454545454545e-05
be,whale,3,592,66000,4.545454545454545e-05
be,christopher,3,593,66000,4.545454545454545e-05
be,kristen,3,594,66000,4.545454545454545e-05
be,krystal,3,595,66000,4.545454545454545e-05
be,elana,3,596,66000,4.545454545454545e-05
be,crumb,3,597,66000,4.545454545454545e-05
be,string,3,598,66000,4.545454545454545e-05
be,life,3,599,66000,4.545454545454545e-05
be,kitchen,3,600,66000,4.545454545454545e-05
be,soap,3,601,66000,4.545454545454545e-05
be,oughta,3,602,66000,4.545454545454545e-05
be,bath,3,603,66000,4.545454545454545e-05
be,white,3,604,66000,4.545454545454545e-05
be,cash,3,605,66000,4.545454545454545e-05
be,theo,3,606,66000,4.545454545454545e-05
be,music,3,607,66000,4.545454545454545e-05
be,rug,3,608,66000,4.545454545454545e-05
be,annie,3,609,66000,4.545454545454545e-05
be,dougall,3,610,66000,4.545454545454545e-05
be,mummie,3,611,66000,4.545454545454545e-05
be,baas,3,612,66000,4.545454545454545e-05
be,baa,3,613,66000,4.545454545454545e-05
be,pram,3,614,66000,4.545454545454545e-05
be,nummy,3,615,66000,4.545454545454545e-05
be,biscuit,3,616,66000,4.545454545454545e-05
be,van,3,617,66000,4.545454545454545e-05
be,percy,3,618,66000,4.545454545454545e-05
be,symber,3,619,66000,4.545454545454545e-05
be,pennys,3,620,66000,4.545454545454545e-05
be,dominic,3,621,66000,4.545454545454545e-05
be,rain,3,622,66000,4.545454545454545e-05
be,digger,3,623,66000,4.545454545454545e-05
be,roller,3,624,66000,4.545454545454545e-05
be,pottie,3,625,66000,4.545454545454545e-05
be,iron,3,626,66000,4.545454545454545e-05
be,ian,3,627,66000,4.545454545454545e-05
be,grandad,3,628,66000,4.545454545454545e-05
be,claire,3,629,66000,4.545454545454545e-05
be,dundee,3,630,66000,4.545454545454545e-05
be,bellybutton,3,631,66000,4.545454545454545e-05
be,op,3,632,66000,4.545454545454545e-05
be,schoolbus,3,633,66000,4.545454545454545e-05
be,ladybug,3,634,66000,4.545454545454545e-05
be,pizza,3,635,66000,4.545454545454545e-05
be,barney,3,636,66000,4.545454545454545e-05
be,station,3,637,66000,4.545454545454545e-05
be,ketchup,3,638,66000,4.545454545454545e-05
be,eieio,3,639,66000,4.545454545454545e-05
be,school,3,640,66000,4.545454545454545e-05
be,wrench,3,641,66000,4.545454545454545e-05
be,cowboy,3,642,66000,4.545454545454545e-05
be,choo_choo,3,643,66000,4.545454545454545e-05
be,diamond,3,644,66000,4.545454545454545e-05
be,pap,3,645,66000,4.545454545454545e-05
be,gam,3,646,66000,4.545454545454545e-05
be,gig,3,647,66000,4.545454545454545e-05
be,gla,3,648,66000,4.545454545454545e-05
be,tea,3,649,66000,4.545454545454545e-05
be,sul,3,650,66000,4.545454545454545e-05
be,foose,3,651,66000,4.545454545454545e-05
be,jon,3,652,66000,4.545454545454545e-05
be,ew,3,653,66000,4.545454545454545e-05
be,claus,3,654,66000,4.545454545454545e-05
be,sandy,2,655,66000,3.0303030303030302e-05
be,stair,2,656,66000,3.0303030303030302e-05
be,dog_dog,2,657,66000,3.0303030303030302e-05
be,sneaker,2,658,66000,3.0303030303030302e-05
be,snap,2,659,66000,3.0303030303030302e-05
be,ant,2,660,66000,3.0303030303030302e-05
be,g,2,661,66000,3.0303030303030302e-05
be,h,2,662,66000,3.0303030303030302e-05
be,q,2,663,66000,3.0303030303030302e-05
be,r,2,664,66000,3.0303030303030302e-05
be,t,2,665,66000,3.0303030303030302e-05
be,w,2,666,66000,3.0303030303030302e-05
be,gail,2,667,66000,3.0303030303030302e-05
be,lena,2,668,66000,3.0303030303030302e-05
be,quack,2,669,66000,3.0303030303030302e-05
be,judy,2,670,66000,3.0303030303030302e-05
be,whatever,2,671,66000,3.0303030303030302e-05
be,dragon,2,672,66000,3.0303030303030302e-05
be,wheelbarrow,2,673,66000,3.0303030303030302e-05
be,reason,2,674,66000,3.0303030303030302e-05
be,own,2,675,66000,3.0303030303030302e-05
be,anything,2,676,66000,3.0303030303030302e-05
be,harmonica,2,677,66000,3.0303030303030302e-05
be,pocket,2,678,66000,3.0303030303030302e-05
be,chimney,2,679,66000,3.0303030303030302e-05
be,end,2,680,66000,3.0303030303030302e-05
be,lois,2,681,66000,3.0303030303030302e-05
be,home,2,682,66000,3.0303030303030302e-05
be,deedee,2,683,66000,3.0303030303030302e-05
be,cwww,2,684,66000,3.0303030303030302e-05
be,straw,2,685,66000,3.0303030303030302e-05
be,meat,2,686,66000,3.0303030303030302e-05
be,susie,2,687,66000,3.0303030303030302e-05
be,sherbet,2,688,66000,3.0303030303030302e-05
be,gwww,2,689,66000,3.0303030303030302e-05
be,wind,2,690,66000,3.0303030303030302e-05
be,peach,2,691,66000,3.0303030303030302e-05
be,belt,2,692,66000,3.0303030303030302e-05
be,my,2,693,66000,3.0303030303030302e-05
be,beginning,2,694,66000,3.0303030303030302e-05
be,bummie,2,695,66000,3.0303030303030302e-05
be,shade,2,696,66000,3.0303030303030302e-05
be,grass,2,697,66000,3.0303030303030302e-05
be,raisin,2,698,66000,3.0303030303030302e-05
be,squirrelie,2,699,66000,3.0303030303030302e-05
be,cupcake,2,700,66000,3.0303030303030302e-05
be,jeff,2,701,66000,3.0303030303030302e-05
be,fan,2,702,66000,3.0303030303030302e-05
be,everyone,2,703,66000,3.0303030303030302e-05
be,hippo,2,704,66000,3.0303030303030302e-05
be,another,2,705,66000,3.0303030303030302e-05
be,heat,2,706,66000,3.0303030303030302e-05
be,lime,2,707,66000,3.0303030303030302e-05
be,lettuce,2,708,66000,3.0303030303030302e-05
be,mootiemooshas,2,709,66000,3.0303030303030302e-05
be,jay,2,710,66000,3.0303030303030302e-05
be,timmer,2,711,66000,3.0303030303030302e-05
be,barn,2,712,66000,3.0303030303030302e-05
be,hay,2,713,66000,3.0303030303030302e-05
be,terry,2,714,66000,3.0303030303030302e-05
be,bubble,2,715,66000,3.0303030303030302e-05
be,policeman,2,716,66000,3.0303030303030302e-05
be,bow,2,717,66000,3.0303030303030302e-05
be,clifford,2,718,66000,3.0303030303030302e-05
be,silly,2,719,66000,3.0303030303030302e-05
be,jordan,2,720,66000,3.0303030303030302e-05
be,six,2,721,66000,3.0303030303030302e-05
be,henry,2,722,66000,3.0303030303030302e-05
be,kim,2,723,66000,3.0303030303030302e-05
be,crib,2,724,66000,3.0303030303030302e-05
be,party,2,725,66000,3.0303030303030302e-05
be,buzz,2,726,66000,3.0303030303030302e-05
be,cracker,2,727,66000,3.0303030303030302e-05
be,sealie,2,728,66000,3.0303030303030302e-05
be,yuli,2,729,66000,3.0303030303030302e-05
be,jesus,2,730,66000,3.0303030303030302e-05
be,ichabod,2,731,66000,3.0303030303030302e-05
be,kelly,2,732,66000,3.0303030303030302e-05
be,film,2,733,66000,3.0303030303030302e-05
be,granddaddy,2,734,66000,3.0303030303030302e-05
be,span,2,735,66000,3.0303030303030302e-05
be,ten,2,736,66000,3.0303030303030302e-05
be,bill,2,737,66000,3.0303030303030302e-05
be,mommy'll,2,738,66000,3.0303030303030302e-05
be,banjo,2,739,66000,3.0303030303030302e-05
be,pad,2,740,66000,3.0303030303030302e-05
be,cromer,2,741,66000,3.0303030303030302e-05
be,fraser,2,742,66000,3.0303030303030302e-05
be,bicycle,2,743,66000,3.0303030303030302e-05
be,stool,2,744,66000,3.0303030303030302e-05
be,mom'll,2,745,66000,3.0303030303030302e-05
be,jumping,2,746,66000,3.0303030303030302e-05
be,taxi,2,747,66000,3.0303030303030302e-05
be,frosty,2,748,66000,3.0303030303030302e-05
be,bebe,2,749,66000,3.0303030303030302e-05
be,safe,2,750,66000,3.0303030303030302e-05
be,here,2,751,66000,3.0303030303030302e-05
be,ice,2,752,66000,3.0303030303030302e-05
be,stove,2,753,66000,3.0303030303030302e-05
be,kleenex,2,754,66000,3.0303030303030302e-05
be,seaweed,2,755,66000,3.0303030303030302e-05
be,potatohead,2,756,66000,3.0303030303030302e-05
be,pipe,2,757,66000,3.0303030303030302e-05
be,gepetto,2,758,66000,3.0303030303030302e-05
be,sand,2,759,66000,3.0303030303030302e-05
be,prince,2,760,66000,3.0303030303030302e-05
be,ratchael,2,761,66000,3.0303030303030302e-05
be,micah,2,762,66000,3.0303030303030302e-05
be,mat,2,763,66000,3.0303030303030302e-05
be,zack,2,764,66000,3.0303030303030302e-05
be,davidal,2,765,66000,3.0303030303030302e-05
be,joanna,2,766,66000,3.0303030303030302e-05
be,piggys,2,767,66000,3.0303030303030302e-05
be,second,2,768,66000,3.0303030303030302e-05
be,erica,2,769,66000,3.0303030303030302e-05
be,meg,2,770,66000,3.0303030303030302e-05
be,liz,2,771,66000,3.0303030303030302e-05
be,calf,2,772,66000,3.0303030303030302e-05
be,puppys,2,773,66000,3.0303030303030302e-05
be,ben,2,774,66000,3.0303030303030302e-05
be,jammie,2,775,66000,3.0303030303030302e-05
be,cloth,2,776,66000,3.0303030303030302e-05
be,answer,2,777,66000,3.0303030303030302e-05
be,plumeria,2,778,66000,3.0303030303030302e-05
be,tomorrow,2,779,66000,3.0303030303030302e-05
be,kiawe,2,780,66000,3.0303030303030302e-05
be,surface,2,781,66000,3.0303030303030302e-05
be,class,2,782,66000,3.0303030303030302e-05
be,geese,2,783,66000,3.0303030303030302e-05
be,nancy,2,784,66000,3.0303030303030302e-05
be,cheerio,2,785,66000,3.0303030303030302e-05
be,sore,2,786,66000,3.0303030303030302e-05
be,hedge,2,787,66000,3.0303030303030302e-05
be,yard,2,788,66000,3.0303030303030302e-05
be,imitation,2,789,66000,3.0303030303030302e-05
be,dana,2,790,66000,3.0303030303030302e-05
be,squash,2,791,66000,3.0303030303030302e-05
be,wagon,2,792,66000,3.0303030303030302e-05
be,gate,2,793,66000,3.0303030303030302e-05
be,brittany,2,794,66000,3.0303030303030302e-05
be,alligator,2,795,66000,3.0303030303030302e-05
be,travis,2,796,66000,3.0303030303030302e-05
be,thingy,2,797,66000,3.0303030303030302e-05
be,sword,2,798,66000,3.0303030303030302e-05
be,harrow,2,799,66000,3.0303030303030302e-05
be,diplodocus,2,800,66000,3.0303030303030302e-05
be,rex,2,801,66000,3.0303030303030302e-05
be,kermit,2,802,66000,3.0303030303030302e-05
be,naomi,2,803,66000,3.0303030303030302e-05
be,beard,2,804,66000,3.0303030303030302e-05
be,sleeper,2,805,66000,3.0303030303030302e-05
be,radio,2,806,66000,3.0303030303030302e-05
be,desk,2,807,66000,3.0303030303030302e-05
be,camel,2,808,66000,3.0303030303030302e-05
be,cord,2,809,66000,3.0303030303030302e-05
be,buddy,2,810,66000,3.0303030303030302e-05
be,peel,2,811,66000,3.0303030303030302e-05
be,dancing,2,812,66000,3.0303030303030302e-05
be,card,2,813,66000,3.0303030303030302e-05
be,hold,2,814,66000,3.0303030303030302e-05
be,holding,2,815,66000,3.0303030303030302e-05
be,giving,2,816,66000,3.0303030303030302e-05
be,todd,2,817,66000,3.0303030303030302e-05
be,ape,2,818,66000,3.0303030303030302e-05
be,momma,2,819,66000,3.0303030303030302e-05
be,mitten,2,820,66000,3.0303030303030302e-05
be,kite,2,821,66000,3.0303030303030302e-05
be,anybody,2,822,66000,3.0303030303030302e-05
be,spider,2,823,66000,3.0303030303030302e-05
be,kean'll,2,824,66000,3.0303030303030302e-05
be,megan,2,825,66000,3.0303030303030302e-05
be,corky,2,826,66000,3.0303030303030302e-05
be,nicola,2,827,66000,3.0303030303030302e-05
be,lorry,2,828,66000,3.0303030303030302e-05
be,fireman,2,829,66000,3.0303030303030302e-05
be,doofah,2,830,66000,3.0303030303030302e-05
be,pebbles,2,831,66000,3.0303030303030302e-05
be,floyd,2,832,66000,3.0303030303030302e-05
be,pebble,2,833,66000,3.0303030303030302e-05
be,popper,2,834,66000,3.0303030303030302e-05
be,bin,2,835,66000,3.0303030303030302e-05
be,aeroplane,2,836,66000,3.0303030303030302e-05
be,mary,2,837,66000,3.0303030303030302e-05
be,sweetie,2,838,66000,3.0303030303030302e-05
be,toby,2,839,66000,3.0303030303030302e-05
be,drawing,2,840,66000,3.0303030303030302e-05
be,james,2,841,66000,3.0303030303030302e-05
be,present,2,842,66000,3.0303030303030302e-05
be,anyone,2,843,66000,3.0303030303030302e-05
be,grandpa_pete,2,844,66000,3.0303030303030302e-05
be,bertie,2,845,66000,3.0303030303030302e-05
be,doughnut,2,846,66000,3.0303030303030302e-05
be,fat_controller,2,847,66000,3.0303030303030302e-05
be,warren,2,848,66000,3.0303030303030302e-05
be,driving,2,849,66000,3.0303030303030302e-05
be,steve,2,850,66000,3.0303030303030302e-05
be,gary,2,851,66000,3.0303030303030302e-05
be,peeling,2,852,66000,3.0303030303030302e-05
be,gran,2,853,66000,3.0303030303030302e-05
be,iris,2,854,66000,3.0303030303030302e-05
be,oval,2,855,66000,3.0303030303030302e-05
be,microwave,2,856,66000,3.0303030303030302e-05
be,mixer,2,857,66000,3.0303030303030302e-05
be,spatula,2,858,66000,3.0303030303030302e-05
be,donald,2,859,66000,3.0303030303030302e-05
be,‡,2,860,66000,3.0303030303030302e-05
be,ringing,2,861,66000,3.0303030303030302e-05
be,firetruck,2,862,66000,3.0303030303030302e-05
be,icecream,2,863,66000,3.0303030303030302e-05
be,ma,2,864,66000,3.0303030303030302e-05
be,waffle,2,865,66000,3.0303030303030302e-05
be,sposta,2,866,66000,3.0303030303030302e-05
be,chance,2,867,66000,3.0303030303030302e-05
be,toolbox,2,868,66000,3.0303030303030302e-05
be,dora,2,869,66000,3.0303030303030302e-05
be,pitcher,2,870,66000,3.0303030303030302e-05
be,bey,2,871,66000,3.0303030303030302e-05
be,cic,2,872,66000,3.0303030303030302e-05
be,my_goodness,2,873,66000,3.0303030303030302e-05
be,fri,2,874,66000,3.0303030303030302e-05
be,nuk,2,875,66000,3.0303030303030302e-05
be,emmie,2,876,66000,3.0303030303030302e-05
be,little_people,2,877,66000,3.0303030303030302e-05
be,rom,2,878,66000,3.0303030303030302e-05
be,sco,2,879,66000,3.0303030303030302e-05
be,couch,2,880,66000,3.0303030303030302e-05
be,ste,2,881,66000,3.0303030303030302e-05
be,dea,2,882,66000,3.0303030303030302e-05
be,gst,2,883,66000,3.0303030303030302e-05
be,jac,2,884,66000,3.0303030303030302e-05
be,jalenny,2,885,66000,3.0303030303030302e-05
be,ellisy,2,886,66000,3.0303030303030302e-05
be,jafar,2,887,66000,3.0303030303030302e-05
be,trike,2,888,66000,3.0303030303030302e-05
be,love,2,889,66000,3.0303030303030302e-05
be,ritty,2,890,66000,3.0303030303030302e-05
be,mamma,2,891,66000,3.0303030303030302e-05
be,bonnie,2,892,66000,3.0303030303030302e-05
be,fishy,2,893,66000,3.0303030303030302e-05
be,gramma,1,894,66000,1.5151515151515151e-05
be,store,1,895,66000,1.5151515151515151e-05
be,set,1,896,66000,1.5151515151515151e-05
be,trish,1,897,66000,1.5151515151515151e-05
be,alexis,1,898,66000,1.5151515151515151e-05
be,sassy,1,899,66000,1.5151515151515151e-05
be,alice,1,900,66000,1.5151515151515151e-05
be,amelia,1,901,66000,1.5151515151515151e-05
be,sleep,1,902,66000,1.5151515151515151e-05
be,oops,1,903,66000,1.5151515151515151e-05
be,'s,1,904,66000,1.5151515151515151e-05
be,gus,1,905,66000,1.5151515151515151e-05
be,l,1,906,66000,1.5151515151515151e-05
be,p,1,907,66000,1.5151515151515151e-05
be,s,1,908,66000,1.5151515151515151e-05
be,u,1,909,66000,1.5151515151515151e-05
be,voice,1,910,66000,1.5151515151515151e-05
be,steak,1,911,66000,1.5151515151515151e-05
be,eleanor,1,912,66000,1.5151515151515151e-05
be,digby,1,913,66000,1.5151515151515151e-05
be,kay,1,914,66000,1.5151515151515151e-05
be,august,1,915,66000,1.5151515151515151e-05
be,sandal,1,916,66000,1.5151515151515151e-05
be,jeffrey,1,917,66000,1.5151515151515151e-05
be,groucho,1,918,66000,1.5151515151515151e-05
be,stereo,1,919,66000,1.5151515151515151e-05
be,liver,1,920,66000,1.5151515151515151e-05
be,shark,1,921,66000,1.5151515151515151e-05
be,scott,1,922,66000,1.5151515151515151e-05
be,cage,1,923,66000,1.5151515151515151e-05
be,repertoire,1,924,66000,1.5151515151515151e-05
be,sort,1,925,66000,1.5151515151515151e-05
be,clothing,1,926,66000,1.5151515151515151e-05
be,tie,1,927,66000,1.5151515151515151e-05
be,mousie,1,928,66000,1.5151515151515151e-05
be,siren,1,929,66000,1.5151515151515151e-05
be,cube,1,930,66000,1.5151515151515151e-05
be,riding,1,931,66000,1.5151515151515151e-05
be,petey,1,932,66000,1.5151515151515151e-05
be,plug,1,933,66000,1.5151515151515151e-05
be,glove,1,934,66000,1.5151515151515151e-05
be,jennifer,1,935,66000,1.5151515151515151e-05
be,scarf,1,936,66000,1.5151515151515151e-05
be,cee,1,937,66000,1.5151515151515151e-05
be,serena,1,938,66000,1.5151515151515151e-05
be,pwww,1,939,66000,1.5151515151515151e-05
be,up,1,940,66000,1.5151515151515151e-05
be,tata,1,941,66000,1.5151515151515151e-05
be,eww,1,942,66000,1.5151515151515151e-05
be,poppy,1,943,66000,1.5151515151515151e-05
be,triplet,1,944,66000,1.5151515151515151e-05
be,tokyo,1,945,66000,1.5151515151515151e-05
be,gymnastic,1,946,66000,1.5151515151515151e-05
be,english,1,947,66000,1.5151515151515151e-05
be,secret,1,948,66000,1.5151515151515151e-05
be,coupon,1,949,66000,1.5151515151515151e-05
be,purpose,1,950,66000,1.5151515151515151e-05
be,owww,1,951,66000,1.5151515151515151e-05
be,barking,1,952,66000,1.5151515151515151e-05
be,painter,1,953,66000,1.5151515151515151e-05
be,dwww'll,1,954,66000,1.5151515151515151e-05
be,sequence,1,955,66000,1.5151515151515151e-05
be,vacuum,1,956,66000,1.5151515151515151e-05
be,oigan,1,957,66000,1.5151515151515151e-05
be,ham,1,958,66000,1.5151515151515151e-05
be,lambie,1,959,66000,1.5151515151515151e-05
be,meal,1,960,66000,1.5151515151515151e-05
be,rwww,1,961,66000,1.5151515151515151e-05
be,fine,1,962,66000,1.5151515151515151e-05
be,dee_dee,1,963,66000,1.5151515151515151e-05
be,newspaper,1,964,66000,1.5151515151515151e-05
be,tofu,1,965,66000,1.5151515151515151e-05
be,sue,1,966,66000,1.5151515151515151e-05
be,record,1,967,66000,1.5151515151515151e-05
be,porch,1,968,66000,1.5151515151515151e-05
be,berry,1,969,66000,1.5151515151515151e-05
be,rose_of_sharon,1,970,66000,1.5151515151515151e-05
be,full,1,971,66000,1.5151515151515151e-05
be,moose,1,972,66000,1.5151515151515151e-05
be,sammy,1,973,66000,1.5151515151515151e-05
be,shelby,1,974,66000,1.5151515151515151e-05
be,whee,1,975,66000,1.5151515151515151e-05
be,sparky,1,976,66000,1.5151515151515151e-05
be,vegetable,1,977,66000,1.5151515151515151e-05
be,dawn,1,978,66000,1.5151515151515151e-05
be,onesie,1,979,66000,1.5151515151515151e-05
be,chart,1,980,66000,1.5151515151515151e-05
be,cheerios,1,981,66000,1.5151515151515151e-05
be,nautilus,1,982,66000,1.5151515151515151e-05
be,kate,1,983,66000,1.5151515151515151e-05
be,washcloth,1,984,66000,1.5151515151515151e-05
be,tiggywinkle,1,985,66000,1.5151515151515151e-05
be,washrag,1,986,66000,1.5151515151515151e-05
be,baseball,1,987,66000,1.5151515151515151e-05
be,foundation,1,988,66000,1.5151515151515151e-05
be,watering,1,989,66000,1.5151515151515151e-05
be,dance,1,990,66000,1.5151515151515151e-05
be,runner,1,991,66000,1.5151515151515151e-05
be,max,1,992,66000,1.5151515151515151e-05
be,truth,1,993,66000,1.5151515151515151e-05
be,snipper,1,994,66000,1.5151515151515151e-05
be,winnie_the_pooh,1,995,66000,1.5151515151515151e-05
be,bean,1,996,66000,1.5151515151515151e-05
be,lever,1,997,66000,1.5151515151515151e-05
be,cement,1,998,66000,1.5151515151515151e-05
be,traffic,1,999,66000,1.5151515151515151e-05
be,waterfall,1,1000,66000,1.5151515151515151e-05
be,boobie,1,1001,66000,1.5151515151515151e-05
be,cart,1,1002,66000,1.5151515151515151e-05
be,cobwebs,1,1003,66000,1.5151515151515151e-05
be,babar,1,1004,66000,1.5151515151515151e-05
be,leftover,1,1005,66000,1.5151515151515151e-05
be,sheet,1,1006,66000,1.5151515151515151e-05
be,sprinkler,1,1007,66000,1.5151515151515151e-05
be,mosquito,1,1008,66000,1.5151515151515151e-05
be,rice,1,1009,66000,1.5151515151515151e-05
be,wolf,1,1010,66000,1.5151515151515151e-05
be,boo,1,1011,66000,1.5151515151515151e-05
be,mooshboosh,1,1012,66000,1.5151515151515151e-05
be,jacket,1,1013,66000,1.5151515151515151e-05
be,air,1,1014,66000,1.5151515151515151e-05
be,burrow,1,1015,66000,1.5151515151515151e-05
be,groundhog,1,1016,66000,1.5151515151515151e-05
be,spring,1,1017,66000,1.5151515151515151e-05
be,itchy,1,1018,66000,1.5151515151515151e-05
be,eyeore,1,1019,66000,1.5151515151515151e-05
be,dirty,1,1020,66000,1.5151515151515151e-05
be,grocery,1,1021,66000,1.5151515151515151e-05
be,helper,1,1022,66000,1.5151515151515151e-05
be,tim,1,1023,66000,1.5151515151515151e-05
be,cream_of_wheat,1,1024,66000,1.5151515151515151e-05
be,control,1,1025,66000,1.5151515151515151e-05
be,short,1,1026,66000,1.5151515151515151e-05
be,farmer_joe,1,1027,66000,1.5151515151515151e-05
be,jack,1,1028,66000,1.5151515151515151e-05
be,wand,1,1029,66000,1.5151515151515151e-05
be,catalogue,1,1030,66000,1.5151515151515151e-05
be,needta,1,1031,66000,1.5151515151515151e-05
be,song,1,1032,66000,1.5151515151515151e-05
be,woe,1,1033,66000,1.5151515151515151e-05
be,lotion,1,1034,66000,1.5151515151515151e-05
be,holder,1,1035,66000,1.5151515151515151e-05
be,neighbor,1,1036,66000,1.5151515151515151e-05
be,eat,1,1037,66000,1.5151515151515151e-05
be,malto_meal,1,1038,66000,1.5151515151515151e-05
be,hercules,1,1039,66000,1.5151515151515151e-05
be,raincoat,1,1040,66000,1.5151515151515151e-05
be,caterpillar,1,1041,66000,1.5151515151515151e-05
be,little_red_riding_hood,1,1042,66000,1.5151515151515151e-05
be,big_bad_wolf,1,1043,66000,1.5151515151515151e-05
be,goldilock,1,1044,66000,1.5151515151515151e-05
be,pattycake,1,1045,66000,1.5151515151515151e-05
be,drinkie,1,1046,66000,1.5151515151515151e-05
be,toucan,1,1047,66000,1.5151515151515151e-05
be,teethie,1,1048,66000,1.5151515151515151e-05
be,petal,1,1049,66000,1.5151515151515151e-05
be,lightbulbs,1,1050,66000,1.5151515151515151e-05
be,poo,1,1051,66000,1.5151515151515151e-05
be,baggie,1,1052,66000,1.5151515151515151e-05
be,sweetie_pie,1,1053,66000,1.5151515151515151e-05
be,splendor,1,1054,66000,1.5151515151515151e-05
be,vin,1,1055,66000,1.5151515151515151e-05
be,hydrant,1,1056,66000,1.5151515151515151e-05
be,indigo,1,1057,66000,1.5151515151515151e-05
be,sailboat,1,1058,66000,1.5151515151515151e-05
be,weepee,1,1059,66000,1.5151515151515151e-05
be,babe,1,1060,66000,1.5151515151515151e-05
be,banner,1,1061,66000,1.5151515151515151e-05
be,man_man,1,1062,66000,1.5151515151515151e-05
be,underwear,1,1063,66000,1.5151515151515151e-05
be,butt,1,1064,66000,1.5151515151515151e-05
be,grandaddy,1,1065,66000,1.5151515151515151e-05
be,body,1,1066,66000,1.5151515151515151e-05
be,ringer,1,1067,66000,1.5151515151515151e-05
be,skill,1,1068,66000,1.5151515151515151e-05
be,month,1,1069,66000,1.5151515151515151e-05
be,product,1,1070,66000,1.5151515151515151e-05
be,computer,1,1071,66000,1.5151515151515151e-05
be,baebae,1,1072,66000,1.5151515151515151e-05
be,bobo,1,1073,66000,1.5151515151515151e-05
be,both,1,1074,66000,1.5151515151515151e-05
be,church,1,1075,66000,1.5151515151515151e-05
be,movie,1,1076,66000,1.5151515151515151e-05
be,vandross,1,1077,66000,1.5151515151515151e-05
be,pudding,1,1078,66000,1.5151515151515151e-05
be,rangy,1,1079,66000,1.5151515151515151e-05
be,panty,1,1080,66000,1.5151515151515151e-05
be,lassie,1,1081,66000,1.5151515151515151e-05
be,difference,1,1082,66000,1.5151515151515151e-05
be,frosty_the_snowman,1,1083,66000,1.5151515151515151e-05
be,mama'll,1,1084,66000,1.5151515151515151e-05
be,clop,1,1085,66000,1.5151515151515151e-05
be,bathrobe,1,1086,66000,1.5151515151515151e-05
be,rattle,1,1087,66000,1.5151515151515151e-05
be,bouillon,1,1088,66000,1.5151515151515151e-05
be,undershirt,1,1089,66000,1.5151515151515151e-05
be,drum,1,1090,66000,1.5151515151515151e-05
be,gush,1,1091,66000,1.5151515151515151e-05
be,reading,1,1092,66000,1.5151515151515151e-05
be,laundry,1,1093,66000,1.5151515151515151e-05
be,flipflop,1,1094,66000,1.5151515151515151e-05
be,raccoon,1,1095,66000,1.5151515151515151e-05
be,pail,1,1096,66000,1.5151515151515151e-05
be,lobster,1,1097,66000,1.5151515151515151e-05
be,furniture,1,1098,66000,1.5151515151515151e-05
be,compass,1,1099,66000,1.5151515151515151e-05
be,silo,1,1100,66000,1.5151515151515151e-05
be,garfield,1,1101,66000,1.5151515151515151e-05
be,kobi,1,1102,66000,1.5151515151515151e-05
be,owie,1,1103,66000,1.5151515151515151e-05
be,figaro,1,1104,66000,1.5151515151515151e-05
be,column,1,1105,66000,1.5151515151515151e-05
be,cole,1,1106,66000,1.5151515151515151e-05
be,soul,1,1107,66000,1.5151515151515151e-05
be,doc,1,1108,66000,1.5151515151515151e-05
be,father,1,1109,66000,1.5151515151515151e-05
be,crab,1,1110,66000,1.5151515151515151e-05
be,koko,1,1111,66000,1.5151515151515151e-05
be,eater,1,1112,66000,1.5151515151515151e-05
be,fox,1,1113,66000,1.5151515151515151e-05
be,pinocchio,1,1114,66000,1.5151515151515151e-05
be,birdcage,1,1115,66000,1.5151515151515151e-05
be,stromboli,1,1116,66000,1.5151515151515151e-05
be,cleo,1,1117,66000,1.5151515151515151e-05
be,cook,1,1118,66000,1.5151515151515151e-05
be,singing,1,1119,66000,1.5151515151515151e-05
be,nipple,1,1120,66000,1.5151515151515151e-05
be,ending,1,1121,66000,1.5151515151515151e-05
be,intonation,1,1122,66000,1.5151515151515151e-05
be,may,1,1123,66000,1.5151515151515151e-05
be,delma,1,1124,66000,1.5151515151515151e-05
be,oh,1,1125,66000,1.5151515151515151e-05
be,madeleine,1,1126,66000,1.5151515151515151e-05
be,mike,1,1127,66000,1.5151515151515151e-05
be,parent,1,1128,66000,1.5151515151515151e-05
be,articulation,1,1129,66000,1.5151515151515151e-05
be,uppy,1,1130,66000,1.5151515151515151e-05
be,brockmier,1,1131,66000,1.5151515151515151e-05
be,blanket'll,1,1132,66000,1.5151515151515151e-05
be,ron,1,1133,66000,1.5151515151515151e-05
be,position,1,1134,66000,1.5151515151515151e-05
be,bruce,1,1135,66000,1.5151515151515151e-05
be,stephen,1,1136,66000,1.5151515151515151e-05
be,christina,1,1137,66000,1.5151515151515151e-05
be,zachary,1,1138,66000,1.5151515151515151e-05
be,ema,1,1139,66000,1.5151515151515151e-05
be,slinky,1,1140,66000,1.5151515151515151e-05
be,elizabeth,1,1141,66000,1.5151515151515151e-05
be,doggys,1,1142,66000,1.5151515151515151e-05
be,witch,1,1143,66000,1.5151515151515151e-05
be,live,1,1144,66000,1.5151515151515151e-05
be,jojo,1,1145,66000,1.5151515151515151e-05
be,grammy,1,1146,66000,1.5151515151515151e-05
be,oink_oink,1,1147,66000,1.5151515151515151e-05
be,swimming,1,1148,66000,1.5151515151515151e-05
be,santa_claus,1,1149,66000,1.5151515151515151e-05
be,rarah,1,1150,66000,1.5151515151515151e-05
be,chrissie,1,1151,66000,1.5151515151515151e-05
be,bryce,1,1152,66000,1.5151515151515151e-05
be,jenny,1,1153,66000,1.5151515151515151e-05
be,content,1,1154,66000,1.5151515151515151e-05
be,cold,1,1155,66000,1.5151515151515151e-05
be,kokowk,1,1156,66000,1.5151515151515151e-05
be,zach,1,1157,66000,1.5151515151515151e-05
be,ointment,1,1158,66000,1.5151515151515151e-05
be,toilet,1,1159,66000,1.5151515151515151e-05
be,mormons,1,1160,66000,1.5151515151515151e-05
be,busybox,1,1161,66000,1.5151515151515151e-05
be,oahu,1,1162,66000,1.5151515151515151e-05
be,mango,1,1163,66000,1.5151515151515151e-05
be,koa,1,1164,66000,1.5151515151515151e-05
be,teriyaki,1,1165,66000,1.5151515151515151e-05
be,keeping,1,1166,66000,1.5151515151515151e-05
be,tikatika,1,1167,66000,1.5151515151515151e-05
be,sean,1,1168,66000,1.5151515151515151e-05
be,ihiy,1,1169,66000,1.5151515151515151e-05
be,weener,1,1170,66000,1.5151515151515151e-05
be,vine,1,1171,66000,1.5151515151515151e-05
be,pole,1,1172,66000,1.5151515151515151e-05
be,growth,1,1173,66000,1.5151515151515151e-05
be,judd,1,1174,66000,1.5151515151515151e-05
be,erika,1,1175,66000,1.5151515151515151e-05
be,chain,1,1176,66000,1.5151515151515151e-05
be,bacon,1,1177,66000,1.5151515151515151e-05
be,pj,1,1178,66000,1.5151515151515151e-05
be,dabee,1,1179,66000,1.5151515151515151e-05
be,debbie,1,1180,66000,1.5151515151515151e-05
be,carpet,1,1181,66000,1.5151515151515151e-05
be,terrapin,1,1182,66000,1.5151515151515151e-05
be,battery,1,1183,66000,1.5151515151515151e-05
be,didl,1,1184,66000,1.5151515151515151e-05
be,switch,1,1185,66000,1.5151515151515151e-05
be,packet,1,1186,66000,1.5151515151515151e-05
be,root,1,1187,66000,1.5151515151515151e-05
be,snail,1,1188,66000,1.5151515151515151e-05
be,words'll,1,1189,66000,1.5151515151515151e-05
be,denise,1,1190,66000,1.5151515151515151e-05
be,granma,1,1191,66000,1.5151515151515151e-05
be,priya,1,1192,66000,1.5151515151515151e-05
be,curtain,1,1193,66000,1.5151515151515151e-05
be,ra,1,1194,66000,1.5151515151515151e-05
be,tantrum,1,1195,66000,1.5151515151515151e-05
be,candy,1,1196,66000,1.5151515151515151e-05
be,larry,1,1197,66000,1.5151515151515151e-05
be,grandmommy,1,1198,66000,1.5151515151515151e-05
be,fat,1,1199,66000,1.5151515151515151e-05
be,milkshake,1,1200,66000,1.5151515151515151e-05
be,hiney,1,1201,66000,1.5151515151515151e-05
be,bambi,1,1202,66000,1.5151515151515151e-05
be,rat,1,1203,66000,1.5151515151515151e-05
be,indians,1,1204,66000,1.5151515151515151e-05
be,salley,1,1205,66000,1.5151515151515151e-05
be,sally,1,1206,66000,1.5151515151515151e-05
be,breaking,1,1207,66000,1.5151515151515151e-05
be,unicorn,1,1208,66000,1.5151515151515151e-05
be,idea,1,1209,66000,1.5151515151515151e-05
be,express,1,1210,66000,1.5151515151515151e-05
be,captain,1,1211,66000,1.5151515151515151e-05
be,yum,1,1212,66000,1.5151515151515151e-05
be,airplanie,1,1213,66000,1.5151515151515151e-05
be,hunhunh,1,1214,66000,1.5151515151515151e-05
be,tulip,1,1215,66000,1.5151515151515151e-05
be,plier,1,1216,66000,1.5151515151515151e-05
be,hooked,1,1217,66000,1.5151515151515151e-05
be,hooker,1,1218,66000,1.5151515151515151e-05
be,compartment,1,1219,66000,1.5151515151515151e-05
be,dime,1,1220,66000,1.5151515151515151e-05
be,stewardess,1,1221,66000,1.5151515151515151e-05
be,pony,1,1222,66000,1.5151515151515151e-05
be,mean,1,1223,66000,1.5151515151515151e-05
be,crawl,1,1224,66000,1.5151515151515151e-05
be,chest,1,1225,66000,1.5151515151515151e-05
be,put,1,1226,66000,1.5151515151515151e-05
be,eleven,1,1227,66000,1.5151515151515151e-05
be,twelve,1,1228,66000,1.5151515151515151e-05
be,dollie,1,1229,66000,1.5151515151515151e-05
be,tower,1,1230,66000,1.5151515151515151e-05
be,any,1,1231,66000,1.5151515151515151e-05
be,goldie,1,1232,66000,1.5151515151515151e-05
be,whoopsie,1,1233,66000,1.5151515151515151e-05
be,darling,1,1234,66000,1.5151515151515151e-05
be,painting,1,1235,66000,1.5151515151515151e-05
be,nighttime,1,1236,66000,1.5151515151515151e-05
be,shadow,1,1237,66000,1.5151515151515151e-05
be,outside,1,1238,66000,1.5151515151515151e-05
be,someplace,1,1239,66000,1.5151515151515151e-05
be,matzo,1,1240,66000,1.5151515151515151e-05
be,grasshopper,1,1241,66000,1.5151515151515151e-05
be,familia,1,1242,66000,1.5151515151515151e-05
be,zoo,1,1243,66000,1.5151515151515151e-05
be,gob,1,1244,66000,1.5151515151515151e-05
be,gammy,1,1245,66000,1.5151515151515151e-05
be,wastebasket,1,1246,66000,1.5151515151515151e-05
be,jump,1,1247,66000,1.5151515151515151e-05
be,bulldozer,1,1248,66000,1.5151515151515151e-05
be,direction,1,1249,66000,1.5151515151515151e-05
be,push,1,1250,66000,1.5151515151515151e-05
be,different,1,1251,66000,1.5151515151515151e-05
be,fin,1,1252,66000,1.5151515151515151e-05
be,antennae,1,1253,66000,1.5151515151515151e-05
be,catherine,1,1254,66000,1.5151515151515151e-05
be,caboose,1,1255,66000,1.5151515151515151e-05
be,worker,1,1256,66000,1.5151515151515151e-05
be,engineer,1,1257,66000,1.5151515151515151e-05
be,drinking,1,1258,66000,1.5151515151515151e-05
be,splinter,1,1259,66000,1.5151515151515151e-05
be,village,1,1260,66000,1.5151515151515151e-05
be,nina,1,1261,66000,1.5151515151515151e-05
be,julia,1,1262,66000,1.5151515151515151e-05
be,beak,1,1263,66000,1.5151515151515151e-05
be,lukey,1,1264,66000,1.5151515151515151e-05
be,lynette,1,1265,66000,1.5151515151515151e-05
be,feather,1,1266,66000,1.5151515151515151e-05
be,wing,1,1267,66000,1.5151515151515151e-05
be,next_to,1,1268,66000,1.5151515151515151e-05
be,nora,1,1269,66000,1.5151515151515151e-05
be,petting,1,1270,66000,1.5151515151515151e-05
be,pappa,1,1271,66000,1.5151515151515151e-05
be,couple,1,1272,66000,1.5151515151515151e-05
be,peyo,1,1273,66000,1.5151515151515151e-05
be,chaqueta,1,1274,66000,1.5151515151515151e-05
be,moe,1,1275,66000,1.5151515151515151e-05
be,day,1,1276,66000,1.5151515151515151e-05
be,a_lot_of,1,1277,66000,1.5151515151515151e-05
be,ribbon,1,1278,66000,1.5151515151515151e-05
be,malik,1,1279,66000,1.5151515151515151e-05
be,lincoln,1,1280,66000,1.5151515151515151e-05
be,mushroom,1,1281,66000,1.5151515151515151e-05
be,bridge,1,1282,66000,1.5151515151515151e-05
be,antenna,1,1283,66000,1.5151515151515151e-05
be,outfit,1,1284,66000,1.5151515151515151e-05
be,huh,1,1285,66000,1.5151515151515151e-05
be,piggywinkle,1,1286,66000,1.5151515151515151e-05
be,cone,1,1287,66000,1.5151515151515151e-05
be,esa,1,1288,66000,1.5151515151515151e-05
be,marble,1,1289,66000,1.5151515151515151e-05
be,airport,1,1290,66000,1.5151515151515151e-05
be,fireplace,1,1291,66000,1.5151515151515151e-05
be,plum,1,1292,66000,1.5151515151515151e-05
be,pepper,1,1293,66000,1.5151515151515151e-05
be,dentist,1,1294,66000,1.5151515151515151e-05
be,sticky,1,1295,66000,1.5151515151515151e-05
be,funny,1,1296,66000,1.5151515151515151e-05
be,jasper,1,1297,66000,1.5151515151515151e-05
be,chocolate,1,1298,66000,1.5151515151515151e-05
be,so_that,1,1299,66000,1.5151515151515151e-05
be,nest,1,1300,66000,1.5151515151515151e-05
be,machine,1,1301,66000,1.5151515151515151e-05
be,yvonne,1,1302,66000,1.5151515151515151e-05
be,dadaw,1,1303,66000,1.5151515151515151e-05
be,tear,1,1304,66000,1.5151515151515151e-05
be,lazybone,1,1305,66000,1.5151515151515151e-05
be,insect,1,1306,66000,1.5151515151515151e-05
be,more_dadaw,1,1307,66000,1.5151515151515151e-05
be,fit,1,1308,66000,1.5151515151515151e-05
be,sausage,1,1309,66000,1.5151515151515151e-05
be,sam,1,1310,66000,1.5151515151515151e-05
be,tomato,1,1311,66000,1.5151515151515151e-05
be,style,1,1312,66000,1.5151515151515151e-05
be,town,1,1313,66000,1.5151515151515151e-05
be,sleeping,1,1314,66000,1.5151515151515151e-05
be,size,1,1315,66000,1.5151515151515151e-05
be,eyebrow,1,1316,66000,1.5151515151515151e-05
be,flavor,1,1317,66000,1.5151515151515151e-05
be,wave,1,1318,66000,1.5151515151515151e-05
be,tin,1,1319,66000,1.5151515151515151e-05
be,carriage,1,1320,66000,1.5151515151515151e-05
be,stack,1,1321,66000,1.5151515151515151e-05
be,passenger,1,1322,66000,1.5151515151515151e-05
be,crash,1,1323,66000,1.5151515151515151e-05
be,fruit,1,1324,66000,1.5151515151515151e-05
be,armband,1,1325,66000,1.5151515151515151e-05
be,step,1,1326,66000,1.5151515151515151e-05
be,wayne,1,1327,66000,1.5151515151515151e-05
be,neenaw,1,1328,66000,1.5151515151515151e-05
be,right,1,1329,66000,1.5151515151515151e-05
be,zita,1,1330,66000,1.5151515151515151e-05
be,give,1,1331,66000,1.5151515151515151e-05
be,dodie,1,1332,66000,1.5151515151515151e-05
be,snowman,1,1333,66000,1.5151515151515151e-05
be,crocodile,1,1334,66000,1.5151515151515151e-05
be,washing,1,1335,66000,1.5151515151515151e-05
be,radiator,1,1336,66000,1.5151515151515151e-05
be,mum,1,1337,66000,1.5151515151515151e-05
be,fudge,1,1338,66000,1.5151515151515151e-05
be,bethany,1,1339,66000,1.5151515151515151e-05
be,conclusion,1,1340,66000,1.5151515151515151e-05
be,pingi,1,1341,66000,1.5151515151515151e-05
be,axel,1,1342,66000,1.5151515151515151e-05
be,hankie,1,1343,66000,1.5151515151515151e-05
be,ours,1,1344,66000,1.5151515151515151e-05
be,starfish,1,1345,66000,1.5151515151515151e-05
be,tortoise,1,1346,66000,1.5151515151515151e-05
be,thomas_the_tank,1,1347,66000,1.5151515151515151e-05
be,postman,1,1348,66000,1.5151515151515151e-05
be,on,1,1349,66000,1.5151515151515151e-05
be,dot,1,1350,66000,1.5151515151515151e-05
be,nappy,1,1351,66000,1.5151515151515151e-05
be,clever,1,1352,66000,1.5151515151515151e-05
be,mater,1,1353,66000,1.5151515151515151e-05
be,moses,1,1354,66000,1.5151515151515151e-05
be,trampolining,1,1355,66000,1.5151515151515151e-05
be,heel,1,1356,66000,1.5151515151515151e-05
be,kicking,1,1357,66000,1.5151515151515151e-05
be,blade,1,1358,66000,1.5151515151515151e-05
be,rectangle,1,1359,66000,1.5151515151515151e-05
be,bashing,1,1360,66000,1.5151515151515151e-05
be,lifting,1,1361,66000,1.5151515151515151e-05
be,ramp,1,1362,66000,1.5151515151515151e-05
be,duffer,1,1363,66000,1.5151515151515151e-05
be,clue,1,1364,66000,1.5151515151515151e-05
be,hippos,1,1365,66000,1.5151515151515151e-05
be,arrangement,1,1366,66000,1.5151515151515151e-05
be,temptation,1,1367,66000,1.5151515151515151e-05
be,nicky,1,1368,66000,1.5151515151515151e-05
be,chap,1,1369,66000,1.5151515151515151e-05
be,tight,1,1370,66000,1.5151515151515151e-05
be,eggie,1,1371,66000,1.5151515151515151e-05
be,trolley,1,1372,66000,1.5151515151515151e-05
be,good,1,1373,66000,1.5151515151515151e-05
be,play_school,1,1374,66000,1.5151515151515151e-05
be,math,1,1375,66000,1.5151515151515151e-05
be,tony,1,1376,66000,1.5151515151515151e-05
be,micky,1,1377,66000,1.5151515151515151e-05
be,fighting,1,1378,66000,1.5151515151515151e-05
be,suit,1,1379,66000,1.5151515151515151e-05
be,gale,1,1380,66000,1.5151515151515151e-05
be,gerry,1,1381,66000,1.5151515151515151e-05
be,plan,1,1382,66000,1.5151515151515151e-05
be,cuddle,1,1383,66000,1.5151515151515151e-05
be,round,1,1384,66000,1.5151515151515151e-05
be,aunt,1,1385,66000,1.5151515151515151e-05
be,breast,1,1386,66000,1.5151515151515151e-05
be,sleeve,1,1387,66000,1.5151515151515151e-05
be,geegee,1,1388,66000,1.5151515151515151e-05
be,shoe_shoes,1,1389,66000,1.5151515151515151e-05
be,cushion,1,1390,66000,1.5151515151515151e-05
be,cutter,1,1391,66000,1.5151515151515151e-05
be,flymo,1,1392,66000,1.5151515151515151e-05
be,out_of,1,1393,66000,1.5151515151515151e-05
be,bonny,1,1394,66000,1.5151515151515151e-05
be,trouser,1,1395,66000,1.5151515151515151e-05
be,patsy,1,1396,66000,1.5151515151515151e-05
be,bill'll,1,1397,66000,1.5151515151515151e-05
be,weather,1,1398,66000,1.5151515151515151e-05
be,reaction,1,1399,66000,1.5151515151515151e-05
be,choir,1,1400,66000,1.5151515151515151e-05
be,keith,1,1401,66000,1.5151515151515151e-05
be,rita,1,1402,66000,1.5151515151515151e-05
be,bob,1,1403,66000,1.5151515151515151e-05
be,scooby_doo,1,1404,66000,1.5151515151515151e-05
be,samantha,1,1405,66000,1.5151515151515151e-05
be,test,1,1406,66000,1.5151515151515151e-05
be,news,1,1407,66000,1.5151515151515151e-05
be,ax,1,1408,66000,1.5151515151515151e-05
be,fussing,1,1409,66000,1.5151515151515151e-05
be,sugarbowl,1,1410,66000,1.5151515151515151e-05
be,teapot,1,1411,66000,1.5151515151515151e-05
be,sticker,1,1412,66000,1.5151515151515151e-05
be,popcorn,1,1413,66000,1.5151515151515151e-05
be,mr_potatohead,1,1414,66000,1.5151515151515151e-05
be,sink,1,1415,66000,1.5151515151515151e-05
be,joann,1,1416,66000,1.5151515151515151e-05
be,cmon,1,1417,66000,1.5151515151515151e-05
be,horsy,1,1418,66000,1.5151515151515151e-05
be,surprise,1,1419,66000,1.5151515151515151e-05
be,yummy,1,1420,66000,1.5151515151515151e-05
be,sissy,1,1421,66000,1.5151515151515151e-05
be,hamburger,1,1422,66000,1.5151515151515151e-05
be,lucy,1,1423,66000,1.5151515151515151e-05
be,lawn,1,1424,66000,1.5151515151515151e-05
be,uncle,1,1425,66000,1.5151515151515151e-05
be,sidewalk,1,1426,66000,1.5151515151515151e-05
be,meme,1,1427,66000,1.5151515151515151e-05
be,loo,1,1428,66000,1.5151515151515151e-05
be,squeak,1,1429,66000,1.5151515151515151e-05
be,mr_brown_can_moo,1,1430,66000,1.5151515151515151e-05
be,cellphone,1,1431,66000,1.5151515151515151e-05
be,spaghetti,1,1432,66000,1.5151515151515151e-05
be,spinning,1,1433,66000,1.5151515151515151e-05
be,vest,1,1434,66000,1.5151515151515151e-05
be,brandon,1,1435,66000,1.5151515151515151e-05
be,jessica,1,1436,66000,1.5151515151515151e-05
be,plastic,1,1437,66000,1.5151515151515151e-05
be,bud,1,1438,66000,1.5151515151515151e-05
be,scoop,1,1439,66000,1.5151515151515151e-05
be,baby_blue,1,1440,66000,1.5151515151515151e-05
be,family,1,1441,66000,1.5151515151515151e-05
be,job,1,1442,66000,1.5151515151515151e-05
be,mud,1,1443,66000,1.5151515151515151e-05
be,you_all,1,1444,66000,1.5151515151515151e-05
be,babydoll,1,1445,66000,1.5151515151515151e-05
be,bun,1,1446,66000,1.5151515151515151e-05
be,wendy,1,1447,66000,1.5151515151515151e-05
be,wrecker,1,1448,66000,1.5151515151515151e-05
be,dumptruck,1,1449,66000,1.5151515151515151e-05
be,sophie,1,1450,66000,1.5151515151515151e-05
be,salad,1,1451,66000,1.5151515151515151e-05
be,strap,1,1452,66000,1.5151515151515151e-05
be,donna,1,1453,66000,1.5151515151515151e-05
be,mr_brown,1,1454,66000,1.5151515151515151e-05
be,tong,1,1455,66000,1.5151515151515151e-05
be,bunny_rabbit,1,1456,66000,1.5151515151515151e-05
be,bar,1,1457,66000,1.5151515151515151e-05
be,buddys,1,1458,66000,1.5151515151515151e-05
be,oh_boy,1,1459,66000,1.5151515151515151e-05
be,cha,1,1460,66000,1.5151515151515151e-05
be,dup,1,1461,66000,1.5151515151515151e-05
be,pancake,1,1462,66000,1.5151515151515151e-05
be,gal,1,1463,66000,1.5151515151515151e-05
be,fishie,1,1464,66000,1.5151515151515151e-05
be,bialoski,1,1465,66000,1.5151515151515151e-05
be,cap,1,1466,66000,1.5151515151515151e-05
be,toad,1,1467,66000,1.5151515151515151e-05
be,whoo,1,1468,66000,1.5151515151515151e-05
be,mmmm,1,1469,66000,1.5151515151515151e-05
be,koolaid,1,1470,66000,1.5151515151515151e-05
be,kaka,1,1471,66000,1.5151515151515151e-05
be,raggedy_ann,1,1472,66000,1.5151515151515151e-05
be,boo_boo,1,1473,66000,1.5151515151515151e-05
be,dirt,1,1474,66000,1.5151515151515151e-05
be,mailbox,1,1475,66000,1.5151515151515151e-05
be,emily,1,1476,66000,1.5151515151515151e-05
be,ball_ball,1,1477,66000,1.5151515151515151e-05
be,miss_pig,1,1478,66000,1.5151515151515151e-05
be,mye,1,1479,66000,1.5151515151515151e-05
be,bubba,1,1480,66000,1.5151515151515151e-05
be,cute,1,1481,66000,1.5151515151515151e-05
be,car_car,1,1482,66000,1.5151515151515151e-05
be,ladder,1,1483,66000,1.5151515151515151e-05
be,wal,1,1484,66000,1.5151515151515151e-05
be,doctor,1,1485,66000,1.5151515151515151e-05
be,pammy,1,1486,66000,1.5151515151515151e-05
be,roz,1,1487,66000,1.5151515151515151e-05
be,pitch,1,1488,66000,1.5151515151515151e-05
be,lemonade,1,1489,66000,1.5151515151515151e-05
be,lai,1,1490,66000,1.5151515151515151e-05
be,tigger,1,1491,66000,1.5151515151515151e-05
be,wld,1,1492,66000,1.5151515151515151e-05
be,maisie,1,1493,66000,1.5151515151515151e-05
be,dan,1,1494,66000,1.5151515151515151e-05
be,stomach,1,1495,66000,1.5151515151515151e-05
be,sharon,1,1496,66000,1.5151515151515151e-05
be,reagan,1,1497,66000,1.5151515151515151e-05
be,leche,1,1498,66000,1.5151515151515151e-05
be,london_bridge,1,1499,66000,1.5151515151515151e-05
be,almeda,1,1500,66000,1.5151515151515151e-05
be,jacy,1,1501,66000,1.5151515151515151e-05
be,jalen,1,1502,66000,1.5151515151515151e-05
be,vroom,1,1503,66000,1.5151515151515151e-05
be,there,1,1504,66000,1.5151515151515151e-05
be,guess,1,1505,66000,1.5151515151515151e-05
be,odera,1,1506,66000,1.5151515151515151e-05
be,tweet,1,1507,66000,1.5151515151515151e-05
be,earnest,1,1508,66000,1.5151515151515151e-05
be,shiny,1,1509,66000,1.5151515151515151e-05
be,remember,1,1510,66000,1.5151515151515151e-05
be,hm,1,1511,66000,1.5151515151515151e-05
be,barnabas,1,1512,66000,1.5151515151515151e-05
be,lisa,1,1513,66000,1.5151515151515151e-05
be,peg,1,1514,66000,1.5151515151515151e-05
be,sparkle,1,1515,66000,1.5151515151515151e-05
be,jamal,1,1516,66000,1.5151515151515151e-05
be,bologna,1,1517,66000,1.5151515151515151e-05
be,pickle,1,1518,66000,1.5151515151515151e-05
be,harry,1,1519,66000,1.5151515151515151e-05
be,ride,1,1520,66000,1.5151515151515151e-05
be,scoffy,1,1521,66000,1.5151515151515151e-05
be,kirk,1,1522,66000,1.5151515151515151e-05
be,lana,1,1523,66000,1.5151515151515151e-05
be,crispie,1,1524,66000,1.5151515151515151e-05
be,kleenexes,1,1525,66000,1.5151515151515151e-05
be,thrower,1,1526,66000,1.5151515151515151e-05
be,blonde,1,1527,66000,1.5151515151515151e-05
be,slip,1,1528,66000,1.5151515151515151e-05
be,skunk,1,1529,66000,1.5151515151515151e-05
be,lizard,1,1530,66000,1.5151515151515151e-05
be,little,1,1531,66000,1.5151515151515151e-05
be,tansy,1,1532,66000,1.5151515151515151e-05
be,pajama,1,1533,66000,1.5151515151515151e-05
be,rose,1,1534,66000,1.5151515151515151e-05
be,half,1,1535,66000,1.5151515151515151e-05
be,aislinn,1,1536,66000,1.5151515151515151e-05
be,ais,1,1537,66000,1.5151515151515151e-05
be,pocketbook,1,1538,66000,1.5151515151515151e-05
be,mailman,1,1539,66000,1.5151515151515151e-05
be,oscar,1,1540,66000,1.5151515151515151e-05
be,tick,1,1541,66000,1.5151515151515151e-05
be,cider,1,1542,66000,1.5151515151515151e-05
be,bucket,1,1543,66000,1.5151515151515151e-05
be,rah,1,1544,66000,1.5151515151515151e-05
be,sugar,1,1545,66000,1.5151515151515151e-05
go,you,6830,1,19020,0.3590956887486856
go,we,2473,2,19020,0.13002103049421662
go,it,1780,3,19020,0.0935856992639327
go,i,1515,4,19020,0.07965299684542587
go,he,919,5,19020,0.04831756046267087
go,they,483,6,19020,0.025394321766561513
go,us,440,7,19020,0.023133543638275498
go,that,419,8,19020,0.02202944269190326
go,she,403,9,19020,0.021188222923238697
go,one,332,10,19020,0.017455310199789693
go,ya,272,11,19020,0.014300736067297582
go,mommy,189,12,19020,0.009936908517350157
go,daddy,163,13,19020,0.008569926393270241
go,baby,126,14,19020,0.006624605678233439
go,wanna,125,15,19020,0.006572029442691903
go,this,123,16,19020,0.006466876971608833
go,what,104,17,19020,0.005467928496319664
go,car,96,18,19020,0.005047318611987382
go,who,85,19,19020,0.004468980021030494
go,ball,65,20,19020,0.0034174553101997897
go,mummy,53,21,19020,0.002786540483701367
go,piggy,47,22,19020,0.0024710830704521556
go,man,45,23,19020,0.002365930599369085
go,cow,38,24,19020,0.0019978969505783386
go,bunny,37,25,19020,0.0019453207150368034
go,truck,29,26,19020,0.0015247108307045215
go,duck,27,27,19020,0.0014195583596214511
go,all,26,28,19020,0.001366982124079916
go,hasta,24,29,19020,0.0012618296529968455
go,wheel,24,30,19020,0.0012618296529968455
go,horse,24,31,19020,0.0012618296529968455
go,carl,24,32,19020,0.0012618296529968455
go,pop,21,33,19020,0.0011041009463722397
go,kitty,20,34,19020,0.0010515247108307045
go,train,18,35,19020,0.0009463722397476341
go,hat,18,36,19020,0.0009463722397476341
go,birdie,18,37,19020,0.0009463722397476341
go,these,17,38,19020,0.0008937960042060989
go,people,16,39,19020,0.0008412197686645636
go,bird,16,40,19020,0.0008412197686645636
go,firstname,16,41,19020,0.0008412197686645636
go,chicken,16,42,19020,0.0008412197686645636
go,lady,15,43,19020,0.0007886435331230284
go,sun,15,44,19020,0.0007886435331230284
go,lid,15,45,19020,0.0007886435331230284
go,thomas,15,46,19020,0.0007886435331230284
go,bit,15,47,19020,0.0007886435331230284
go,doggie,14,48,19020,0.0007360672975814932
go,piece,14,49,19020,0.0007360672975814932
go,bear,14,50,19020,0.0007360672975814932
go,hand,14,51,19020,0.0007360672975814932
go,square,13,52,19020,0.000683491062039958
go,dog,13,53,19020,0.000683491062039958
go,lemme,13,54,19020,0.000683491062039958
go,doggy,12,55,19020,0.0006309148264984228
go,spider,12,56,19020,0.0006309148264984228
go,horsie,12,57,19020,0.0006309148264984228
go,circle,11,58,19020,0.0005783385909568874
go,boy,11,59,19020,0.0005783385909568874
go,block,11,60,19020,0.0005783385909568874
go,kitty_cat,11,61,19020,0.0005783385909568874
go,somebody,11,62,19020,0.0005783385909568874
go,horn,11,63,19020,0.0005783385909568874
go,mama,10,64,19020,0.0005257623554153522
go,thing,10,65,19020,0.0005257623554153522
go,triangle,10,66,19020,0.0005257623554153522
go,whatcha,10,67,19020,0.0005257623554153522
go,shoe,10,68,19020,0.0005257623554153522
go,bus,10,69,19020,0.0005257623554153522
go,those,9,70,19020,0.00047318611987381704
go,laura,9,71,19020,0.00047318611987381704
go,lion,9,72,19020,0.00047318611987381704
go,eve,9,73,19020,0.00047318611987381704
go,fish,9,74,19020,0.00047318611987381704
go,eye,9,75,19020,0.00047318611987381704
go,juice,8,76,19020,0.0004206098843322818
go,cat,8,77,19020,0.0004206098843322818
go,head,8,78,19020,0.0004206098843322818
go,needta,8,79,19020,0.0004206098843322818
go,christopher,8,80,19020,0.0004206098843322818
go,girl,8,81,19020,0.0004206098843322818
go,foot,8,82,19020,0.0004206098843322818
go,door,8,83,19020,0.0004206098843322818
go,dinosaur,8,84,19020,0.0004206098843322818
go,piggie,8,85,19020,0.0004206098843322818
go,weasel,8,86,19020,0.0004206098843322818
go,food,8,87,19020,0.0004206098843322818
go,chair,7,88,19020,0.0003680336487907466
go,everything,7,89,19020,0.0003680336487907466
go,mouse,7,90,19020,0.0003680336487907466
go,something,7,91,19020,0.0003680336487907466
go,money,7,92,19020,0.0003680336487907466
go,crayon,7,93,19020,0.0003680336487907466
go,animal,7,94,19020,0.0003680336487907466
go,guy,7,95,19020,0.0003680336487907466
go,rooster,7,96,19020,0.0003680336487907466
go,mouth,7,97,19020,0.0003680336487907466
go,light,7,98,19020,0.0003680336487907466
go,anne,7,99,19020,0.0003680336487907466
go,go,6,100,19020,0.0003154574132492114
go,monkey,6,101,19020,0.0003154574132492114
go,egg,6,102,19020,0.0003154574132492114
go,key,6,103,19020,0.0003154574132492114
go,everybody,6,104,19020,0.0003154574132492114
go,ernie,6,105,19020,0.0003154574132492114
go,water,6,106,19020,0.0003154574132492114
go,sock,6,107,19020,0.0003154574132492114
go,fence,6,108,19020,0.0003154574132492114
go,wiper,6,109,19020,0.0003154574132492114
go,shirt,6,110,19020,0.0003154574132492114
go,clock,6,111,19020,0.0003154574132492114
go,nose,6,112,19020,0.0003154574132492114
go,lara,6,113,19020,0.0003154574132492114
go,teddy,6,114,19020,0.0003154574132492114
go,penny,6,115,19020,0.0003154574132492114
go,milk,6,116,19020,0.0003154574132492114
go,hotdog,6,117,19020,0.0003154574132492114
go,star,5,118,19020,0.0002628811777076761
go,pant,5,119,19020,0.0002628811777076761
go,mom,5,120,19020,0.0002628811777076761
go,duckie,5,121,19020,0.0002628811777076761
go,ear,5,122,19020,0.0002628811777076761
go,someone,5,123,19020,0.0002628811777076761
go,book,5,124,19020,0.0002628811777076761
go,timmy,5,125,19020,0.0002628811777076761
go,blue,5,126,19020,0.0002628811777076761
go,flower,5,127,19020,0.0002628811777076761
go,papa,5,128,19020,0.0002628811777076761
go,fraser,5,129,19020,0.0002628811777076761
go,coffee,5,130,19020,0.0002628811777076761
go,lexy,5,131,19020,0.0002628811777076761
go,pig,5,132,19020,0.0002628811777076761
go,cup,5,133,19020,0.0002628811777076761
go,grover,5,134,19020,0.0002628811777076761
go,arm,5,135,19020,0.0002628811777076761
go,pingu,5,136,19020,0.0002628811777076761
go,number,5,137,19020,0.0002628811777076761
go,heart,5,138,19020,0.0002628811777076761
go,bed,4,139,19020,0.0002103049421661409
go,balloon,4,140,19020,0.0002103049421661409
go,dwww,4,141,19020,0.0002103049421661409
go,picture,4,142,19020,0.0002103049421661409
go,morgan,4,143,19020,0.0002103049421661409
go,dada,4,144,19020,0.0002103049421661409
go,face,4,145,19020,0.0002103049421661409
go,toy,4,146,19020,0.0002103049421661409
go,henry,4,147,19020,0.0002103049421661409
go,plane,4,148,19020,0.0002103049421661409
go,airplane,4,149,19020,0.0002103049421661409
go,rabbit,4,150,19020,0.0002103049421661409
go,dad,4,151,19020,0.0002103049421661409
go,snake,4,152,19020,0.0002103049421661409
go,hadta,4,153,19020,0.0002103049421661409
go,tiger,4,154,19020,0.0002103049421661409
go,friend,4,155,19020,0.0002103049421661409
go,bell,4,156,19020,0.0002103049421661409
go,nina,4,157,19020,0.0002103049421661409
go,bead,4,158,19020,0.0002103049421661409
go,motorcycle,4,159,19020,0.0002103049421661409
go,grandma,4,160,19020,0.0002103049421661409
go,let,4,161,19020,0.0002103049421661409
go,ladder,4,162,19020,0.0002103049421661409
go,elephant,4,163,19020,0.0002103049421661409
go,penguin,4,164,19020,0.0002103049421661409
go,shape,4,165,19020,0.0002103049421661409
go,warren,4,166,19020,0.0002103049421661409
go,farmer,4,167,19020,0.0002103049421661409
go,sheep,4,168,19020,0.0002103049421661409
go,diamond,4,169,19020,0.0002103049421661409
go,susie,3,170,19020,0.0001577287066246057
go,eric,3,171,19020,0.0001577287066246057
go,machine,3,172,19020,0.0001577287066246057
go,hafta,3,173,19020,0.0001577287066246057
go,swww,3,174,19020,0.0001577287066246057
go,recorder,3,175,19020,0.0001577287066246057
go,pepper,3,176,19020,0.0001577287066246057
go,andy,3,177,19020,0.0001577287066246057
go,brisco,3,178,19020,0.0001577287066246057
go,uhoh,3,179,19020,0.0001577287066246057
go,part,3,180,19020,0.0001577287066246057
go,goose,3,181,19020,0.0001577287066246057
go,frog,3,182,19020,0.0001577287066246057
go,nine,3,183,19020,0.0001577287066246057
go,beep,3,184,19020,0.0001577287066246057
go,snort,3,185,19020,0.0001577287066246057
go,sailboat,3,186,19020,0.0001577287066246057
go,leg,3,187,19020,0.0001577287066246057
go,neil,3,188,19020,0.0001577287066246057
go,doctor_foster,3,189,19020,0.0001577287066246057
go,mormor,3,190,19020,0.0001577287066246057
go,box,3,191,19020,0.0001577287066246057
go,chick,3,192,19020,0.0001577287066246057
go,kangaroo,3,193,19020,0.0001577287066246057
go,clothe,3,194,19020,0.0001577287066246057
go,helicopter,3,195,19020,0.0001577287066246057
go,two,3,196,19020,0.0001577287066246057
go,tractor,3,197,19020,0.0001577287066246057
go,mitten,3,198,19020,0.0001577287066246057
go,bang,3,199,19020,0.0001577287066246057
go,digger,3,200,19020,0.0001577287066246057
go,mummie,3,201,19020,0.0001577287066246057
go,granddad,3,202,19020,0.0001577287066246057
go,ring,3,203,19020,0.0001577287066246057
go,spoon,3,204,19020,0.0001577287066246057
go,bottle,3,205,19020,0.0001577287066246057
go,indian,3,206,19020,0.0001577287066246057
go,rom,3,207,19020,0.0001577287066246057
go,apple,3,208,19020,0.0001577287066246057
go,teacher,2,209,19020,0.00010515247108307045
go,dragon,2,210,19020,0.00010515247108307045
go,lois,2,211,19020,0.00010515247108307045
go,nana,2,212,19020,0.00010515247108307045
go,pwww,2,213,19020,0.00010515247108307045
go,yours,2,214,19020,0.00010515247108307045
go,top,2,215,19020,0.00010515247108307045
go,cereal,2,216,19020,0.00010515247108307045
go,end,2,217,19020,0.00010515247108307045
go,spud,2,218,19020,0.00010515247108307045
go,sammy,2,219,19020,0.00010515247108307045
go,elmo,2,220,19020,0.00010515247108307045
go,froggie,2,221,19020,0.00010515247108307045
go,mister,2,222,19020,0.00010515247108307045
go,three,2,223,19020,0.00010515247108307045
go,telephone,2,224,19020,0.00010515247108307045
go,brush,2,225,19020,0.00010515247108307045
go,pear,2,226,19020,0.00010515247108307045
go,dakota,2,227,19020,0.00010515247108307045
go,clifford,2,228,19020,0.00010515247108307045
go,honey,2,229,19020,0.00010515247108307045
go,bee,2,230,19020,0.00010515247108307045
go,y,2,231,19020,0.00010515247108307045
go,parent,2,232,19020,0.00010515247108307045
go,maggie,2,233,19020,0.00010515247108307045
go,paper,2,234,19020,0.00010515247108307045
go,tree,2,235,19020,0.00010515247108307045
go,jiminy,2,236,19020,0.00010515247108307045
go,cinderella,2,237,19020,0.00010515247108307045
go,mary,2,238,19020,0.00010515247108307045
go,red,2,239,19020,0.00010515247108307045
go,rachel,2,240,19020,0.00010515247108307045
go,whoop,2,241,19020,0.00010515247108307045
go,christina,2,242,19020,0.00010515247108307045
go,jane,2,243,19020,0.00010515247108307045
go,tummy,2,244,19020,0.00010515247108307045
go,haha,2,245,19020,0.00010515247108307045
go,buddy,2,246,19020,0.00010515247108307045
go,tape,2,247,19020,0.00010515247108307045
go,sandra,2,248,19020,0.00010515247108307045
go,story,2,249,19020,0.00010515247108307045
go,lip,2,250,19020,0.00010515247108307045
go,brittany,2,251,19020,0.00010515247108307045
go,five,2,252,19020,0.00010515247108307045
go,whoo,2,253,19020,0.00010515247108307045
go,tweet,2,254,19020,0.00010515247108307045
go,four,2,255,19020,0.00010515247108307045
go,rex,2,256,19020,0.00010515247108307045
go,dolly,2,257,19020,0.00010515247108307045
go,nomi,2,258,19020,0.00010515247108307045
go,lamb,2,259,19020,0.00010515247108307045
go,music,2,260,19020,0.00010515247108307045
go,bob,2,261,19020,0.00010515247108307045
go,bridge,2,262,19020,0.00010515247108307045
go,song,2,263,19020,0.00010515247108307045
go,hook,2,264,19020,0.00010515247108307045
go,child,2,265,19020,0.00010515247108307045
go,jill,2,266,19020,0.00010515247108307045
go,corky,2,267,19020,0.00010515247108307045
go,lorry,2,268,19020,0.00010515247108307045
go,mummy'll,2,269,19020,0.00010515247108307045
go,teddys,2,270,19020,0.00010515247108307045
go,zita,2,271,19020,0.00010515247108307045
go,neenaw,2,272,19020,0.00010515247108307045
go,giraffe,2,273,19020,0.00010515247108307045
go,percy,2,274,19020,0.00010515247108307045
go,goat,2,275,19020,0.00010515247108307045
go,nobody,2,276,19020,0.00010515247108307045
go,squeak,2,277,19020,0.00010515247108307045
go,joel,2,278,19020,0.00010515247108307045
go,owl,2,279,19020,0.00010515247108307045
go,gorilla,2,280,19020,0.00010515247108307045
go,ian,2,281,19020,0.00010515247108307045
go,phone,2,282,19020,0.00010515247108307045
go,ticktock,2,283,19020,0.00010515247108307045
go,cookie,2,284,19020,0.00010515247108307045
go,bea,2,285,19020,0.00010515247108307045
go,lookee,2,286,19020,0.00010515247108307045
go,kitty_kitty,2,287,19020,0.00010515247108307045
go,lambie,2,288,19020,0.00010515247108307045
go,oop,2,289,19020,0.00010515247108307045
go,mahmaw,2,290,19020,0.00010515247108307045
go,roz,2,291,19020,0.00010515247108307045
go,doodoos,2,292,19020,0.00010515247108307045
go,mum,2,293,19020,0.00010515247108307045
go,leaf,2,294,19020,0.00010515247108307045
go,swing,2,295,19020,0.00010515247108307045
go,dumbo,2,296,19020,0.00010515247108307045
go,sandy,1,297,19020,5.257623554153522e-05
go,frank,1,298,19020,5.257623554153522e-05
go,some,1,299,19020,5.257623554153522e-05
go,sissie,1,300,19020,5.257623554153522e-05
go,alice,1,301,19020,5.257623554153522e-05
go,button,1,302,19020,5.257623554153522e-05
go,marco,1,303,19020,5.257623554153522e-05
go,pen,1,304,19020,5.257623554153522e-05
go,peter,1,305,19020,5.257623554153522e-05
go,any,1,306,19020,5.257623554153522e-05
go,seesaw,1,307,19020,5.257623554153522e-05
go,pat,1,308,19020,5.257623554153522e-05
go,dope,1,309,19020,5.257623554153522e-05
go,jwww,1,310,19020,5.257623554153522e-05
go,name,1,311,19020,5.257623554153522e-05
go,none,1,312,19020,5.257623554153522e-05
go,carton,1,313,19020,5.257623554153522e-05
go,bowl,1,314,19020,5.257623554153522e-05
go,sue,1,315,19020,5.257623554153522e-05
go,jody,1,316,19020,5.257623554153522e-05
go,joanna,1,317,19020,5.257623554153522e-05
go,tofu,1,318,19020,5.257623554153522e-05
go,mm,1,319,19020,5.257623554153522e-05
go,much,1,320,19020,5.257623554153522e-05
go,noah,1,321,19020,5.257623554153522e-05
go,morgie,1,322,19020,5.257623554153522e-05
go,moon,1,323,19020,5.257623554153522e-05
go,puppy,1,324,19020,5.257623554153522e-05
go,tom,1,325,19020,5.257623554153522e-05
go,yankee_doodle,1,326,19020,5.257623554153522e-05
go,turtle,1,327,19020,5.257623554153522e-05
go,project,1,328,19020,5.257623554153522e-05
go,max,1,329,19020,5.257623554153522e-05
go,o,1,330,19020,5.257623554153522e-05
go,p,1,331,19020,5.257623554153522e-05
go,letter,1,332,19020,5.257623554153522e-05
go,m,1,333,19020,5.257623554153522e-05
go,hose,1,334,19020,5.257623554153522e-05
go,timer,1,335,19020,5.257623554153522e-05
go,blanket,1,336,19020,5.257623554153522e-05
go,look,1,337,19020,5.257623554153522e-05
go,sheet,1,338,19020,5.257623554153522e-05
go,poopie,1,339,19020,5.257623554153522e-05
go,sposta,1,340,19020,5.257623554153522e-05
go,game,1,341,19020,5.257623554153522e-05
go,joe,1,342,19020,5.257623554153522e-05
go,anybody,1,343,19020,5.257623554153522e-05
go,big_bird,1,344,19020,5.257623554153522e-05
go,oink,1,345,19020,5.257623554153522e-05
go,plate,1,346,19020,5.257623554153522e-05
go,propeller,1,347,19020,5.257623554153522e-05
go,weensie,1,348,19020,5.257623554153522e-05
go,ribbon,1,349,19020,5.257623554153522e-05
go,policeman,1,350,19020,5.257623554153522e-05
go,ben,1,351,19020,5.257623554153522e-05
go,bert,1,352,19020,5.257623554153522e-05
go,neighbor,1,353,19020,5.257623554153522e-05
go,zipper,1,354,19020,5.257623554153522e-05
go,w,1,355,19020,5.257623554153522e-05
go,q,1,356,19020,5.257623554153522e-05
go,carrot,1,357,19020,5.257623554153522e-05
go,oatmeal,1,358,19020,5.257623554153522e-05
go,kim,1,359,19020,5.257623554153522e-05
go,each,1,360,19020,5.257623554153522e-05
go,seat,1,361,19020,5.257623554153522e-05
go,slink,1,362,19020,5.257623554153522e-05
go,boat,1,363,19020,5.257623554153522e-05
go,dryer,1,364,19020,5.257623554153522e-05
go,little,1,365,19020,5.257623554153522e-05
go,barbie,1,366,19020,5.257623554153522e-05
go,dyeisha,1,367,19020,5.257623554153522e-05
go,granny,1,368,19020,5.257623554153522e-05
go,brocovich,1,369,19020,5.257623554153522e-05
go,kid,1,370,19020,5.257623554153522e-05
go,can,1,371,19020,5.257623554153522e-05
go,soup,1,372,19020,5.257623554153522e-05
go,frosty_the_snowman,1,373,19020,5.257623554153522e-05
go,fraser'll,1,374,19020,5.257623554153522e-05
go,stefan,1,375,19020,5.257623554153522e-05
go,badji,1,376,19020,5.257623554153522e-05
go,guga,1,377,19020,5.257623554153522e-05
go,safe,1,378,19020,5.257623554153522e-05
go,anteater,1,379,19020,5.257623554153522e-05
go,uhhuh,1,380,19020,5.257623554153522e-05
go,hood,1,381,19020,5.257623554153522e-05
go,potatohead,1,382,19020,5.257623554153522e-05
go,pinocchio,1,383,19020,5.257623554153522e-05
go,counter,1,384,19020,5.257623554153522e-05
go,color,1,385,19020,5.257623554153522e-05
go,ross,1,386,19020,5.257623554153522e-05
go,emily,1,387,19020,5.257623554153522e-05
go,norman,1,388,19020,5.257623554153522e-05
go,michael,1,389,19020,5.257623554153522e-05
go,donkey,1,390,19020,5.257623554153522e-05
go,hoo_hoo,1,391,19020,5.257623554153522e-05
go,ema,1,392,19020,5.257623554153522e-05
go,towel,1,393,19020,5.257623554153522e-05
go,colin,1,394,19020,5.257623554153522e-05
go,oink_oink,1,395,19020,5.257623554153522e-05
go,hoppity_hoppity_hop,1,396,19020,5.257623554153522e-05
go,daniel,1,397,19020,5.257623554153522e-05
go,nathan,1,398,19020,5.257623554153522e-05
go,chrissie,1,399,19020,5.257623554153522e-05
go,roof_roof,1,400,19020,5.257623554153522e-05
go,time,1,401,19020,5.257623554153522e-05
go,tv,1,402,19020,5.257623554153522e-05
go,bill,1,403,19020,5.257623554153522e-05
go,grandmother,1,404,19020,5.257623554153522e-05
go,citizen,1,405,19020,5.257623554153522e-05
go,student,1,406,19020,5.257623554153522e-05
go,rock,1,407,19020,5.257623554153522e-05
go,motor,1,408,19020,5.257623554153522e-05
go,awning,1,409,19020,5.257623554153522e-05
go,both,1,410,19020,5.257623554153522e-05
go,willie,1,411,19020,5.257623554153522e-05
go,grandaddy,1,412,19020,5.257623554153522e-05
go,glenn,1,413,19020,5.257623554153522e-05
go,doorbell,1,414,19020,5.257623554153522e-05
go,eddie,1,415,19020,5.257623554153522e-05
go,see,1,416,19020,5.257623554153522e-05
go,nancy,1,417,19020,5.257623554153522e-05
go,shower,1,418,19020,5.257623554153522e-05
go,connie,1,419,19020,5.257623554153522e-05
go,medicine,1,420,19020,5.257623554153522e-05
go,daddy'll,1,421,19020,5.257623554153522e-05
go,week,1,422,19020,5.257623554153522e-05
go,diy,1,423,19020,5.257623554153522e-05
go,microwave,1,424,19020,5.257623554153522e-05
go,megan,1,425,19020,5.257623554153522e-05
go,danny,1,426,19020,5.257623554153522e-05
go,woof,1,427,19020,5.257623554153522e-05
go,need,1,428,19020,5.257623554153522e-05
go,yoyo,1,429,19020,5.257623554153522e-05
go,salley,1,430,19020,5.257623554153522e-05
go,sally,1,431,19020,5.257623554153522e-05
go,yellow,1,432,19020,5.257623554153522e-05
go,suitcase,1,433,19020,5.257623554153522e-05
go,soldier,1,434,19020,5.257623554153522e-05
go,clack,1,435,19020,5.257623554153522e-05
go,tie,1,436,19020,5.257623554153522e-05
go,kalie,1,437,19020,5.257623554153522e-05
go,other,1,438,19020,5.257623554153522e-05
go,uhhum,1,439,19020,5.257623554153522e-05
go,travis,1,440,19020,5.257623554153522e-05
go,kathy,1,441,19020,5.257623554153522e-05
go,point,1,442,19020,5.257623554153522e-05
go,+,1,443,19020,5.257623554153522e-05
go,finger,1,444,19020,5.257623554153522e-05
go,calf,1,445,19020,5.257623554153522e-05
go,colt,1,446,19020,5.257623554153522e-05
go,georgie,1,447,19020,5.257623554153522e-05
go,microphone,1,448,19020,5.257623554153522e-05
go,wind,1,449,19020,5.257623554153522e-05
go,day,1,450,19020,5.257623554153522e-05
go,town,1,451,19020,5.257623554153522e-05
go,nonna,1,452,19020,5.257623554153522e-05
go,miriam,1,453,19020,5.257623554153522e-05
go,julia,1,454,19020,5.257623554153522e-05
go,whoa,1,455,19020,5.257623554153522e-05
go,ribbit,1,456,19020,5.257623554153522e-05
go,hop,1,457,19020,5.257623554153522e-05
go,glove,1,458,19020,5.257623554153522e-05
go,your,1,459,19020,5.257623554153522e-05
go,pot,1,460,19020,5.257623554153522e-05
go,tower,1,461,19020,5.257623554153522e-05
go,mooo,1,462,19020,5.257623554153522e-05
go,antenna,1,463,19020,5.257623554153522e-05
go,hedgehog,1,464,19020,5.257623554153522e-05
go,mickey,1,465,19020,5.257623554153522e-05
go,tock,1,466,19020,5.257623554153522e-05
go,kevin,1,467,19020,5.257623554153522e-05
go,lucy,1,468,19020,5.257623554153522e-05
go,grip,1,469,19020,5.257623554153522e-05
go,dadda,1,470,19020,5.257623554153522e-05
go,coventry,1,471,19020,5.257623554153522e-05
go,poppy,1,472,19020,5.257623554153522e-05
go,james,1,473,19020,5.257623554153522e-05
go,hippo,1,474,19020,5.257623554153522e-05
go,caroline,1,475,19020,5.257623554153522e-05
go,cake,1,476,19020,5.257623554153522e-05
go,paddington,1,477,19020,5.257623554153522e-05
go,da_bear,1,478,19020,5.257623554153522e-05
go,mannie,1,479,19020,5.257623554153522e-05
go,bench,1,480,19020,5.257623554153522e-05
go,rail,1,481,19020,5.257623554153522e-05
go,the,1,482,19020,5.257623554153522e-05
go,coal,1,483,19020,5.257623554153522e-05
go,worzel,1,484,19020,5.257623554153522e-05
go,everyone,1,485,19020,5.257623554153522e-05
go,house,1,486,19020,5.257623554153522e-05
go,banana,1,487,19020,5.257623554153522e-05
go,tiggie,1,488,19020,5.257623554153522e-05
go,rocket,1,489,19020,5.257623554153522e-05
go,edward,1,490,19020,5.257623554153522e-05
go,spot,1,491,19020,5.257623554153522e-05
go,where,1,492,19020,5.257623554153522e-05
go,one're,1,493,19020,5.257623554153522e-05
go,driver,1,494,19020,5.257623554153522e-05
go,hippos,1,495,19020,5.257623554153522e-05
go,pea,1,496,19020,5.257623554153522e-05
go,sharon,1,497,19020,5.257623554153522e-05
go,grandpa_sid,1,498,19020,5.257623554153522e-05
go,caravan,1,499,19020,5.257623554153522e-05
go,godfrey,1,500,19020,5.257623554153522e-05
go,liz,1,501,19020,5.257623554153522e-05
go,pussycat,1,502,19020,5.257623554153522e-05
go,ours,1,503,19020,5.257623554153522e-05
go,which,1,504,19020,5.257623554153522e-05
go,trailer,1,505,19020,5.257623554153522e-05
go,aeroplane,1,506,19020,5.257623554153522e-05
go,arch,1,507,19020,5.257623554153522e-05
go,potato,1,508,19020,5.257623554153522e-05
go,panda,1,509,19020,5.257623554153522e-05
go,line,1,510,19020,5.257623554153522e-05
go,becky,1,511,19020,5.257623554153522e-05
go,packet,1,512,19020,5.257623554153522e-05
go,debbie,1,513,19020,5.257623554153522e-05
go,voice,1,514,19020,5.257623554153522e-05
go,tool,1,515,19020,5.257623554153522e-05
go,bike,1,516,19020,5.257623554153522e-05
go,gerry,1,517,19020,5.257623554153522e-05
go,record,1,518,19020,5.257623554153522e-05
go,useta,1,519,19020,5.257623554153522e-05
go,post,1,520,19020,5.257623554153522e-05
go,cupboard,1,521,19020,5.257623554153522e-05
go,steven,1,522,19020,5.257623554153522e-05
go,oughta,1,523,19020,5.257623554153522e-05
go,radio,1,524,19020,5.257623554153522e-05
go,auntie,1,525,19020,5.257623554153522e-05
go,recording,1,526,19020,5.257623554153522e-05
go,coffeepot,1,527,19020,5.257623554153522e-05
go,their,1,528,19020,5.257623554153522e-05
go,moo,1,529,19020,5.257623554153522e-05
go,meow,1,530,19020,5.257623554153522e-05
go,fry,1,531,19020,5.257623554153522e-05
go,hamburger,1,532,19020,5.257623554153522e-05
go,whale,1,533,19020,5.257623554153522e-05
go,battery,1,534,19020,5.257623554153522e-05
go,goofy,1,535,19020,5.257623554153522e-05
go,pacifier,1,536,19020,5.257623554153522e-05
go,pluto,1,537,19020,5.257623554153522e-05
go,bubble,1,538,19020,5.257623554153522e-05
go,popcorn,1,539,19020,5.257623554153522e-05
go,ducky,1,540,19020,5.257623554153522e-05
go,firetruck,1,541,19020,5.257623554153522e-05
go,maddie,1,542,19020,5.257623554153522e-05
go,baby_blue,1,543,19020,5.257623554153522e-05
go,schoolbus,1,544,19020,5.257623554153522e-05
go,pan,1,545,19020,5.257623554153522e-05
go,cessie,1,546,19020,5.257623554153522e-05
go,room,1,547,19020,5.257623554153522e-05
go,appointment,1,548,19020,5.257623554153522e-05
go,lyssa,1,549,19020,5.257623554153522e-05
go,mobile,1,550,19020,5.257623554153522e-05
go,corn,1,551,19020,5.257623554153522e-05
go,kitchen,1,552,19020,5.257623554153522e-05
go,mr_bus_driver,1,553,19020,5.257623554153522e-05
go,fat,1,554,19020,5.257623554153522e-05
go,kiki,1,555,19020,5.257623554153522e-05
go,pap,1,556,19020,5.257623554153522e-05
go,ho,1,557,19020,5.257623554153522e-05
go,caution,1,558,19020,5.257623554153522e-05
go,monster,1,559,19020,5.257623554153522e-05
go,santa_claus,1,560,19020,5.257623554153522e-05
go,rj,1,561,19020,5.257623554153522e-05
go,bumblebee,1,562,19020,5.257623554153522e-05
go,chickie,1,563,19020,5.257623554153522e-05
go,green,1,564,19020,5.257623554153522e-05
go,gra,1,565,19020,5.257623554153522e-05
go,hal,1,566,19020,5.257623554153522e-05
go,mmmm,1,567,19020,5.257623554153522e-05
go,hole,1,568,19020,5.257623554153522e-05
go,ball_ball,1,569,19020,5.257623554153522e-05
go,hold_on,1,570,19020,5.257623554153522e-05
go,piggys,1,571,19020,5.257623554153522e-05
go,insurance,1,572,19020,5.257623554153522e-05
go,car_car,1,573,19020,5.257623554153522e-05
go,big_bad_wolf,1,574,19020,5.257623554153522e-05
go,you_all,1,575,19020,5.257623554153522e-05
go,saucer,1,576,19020,5.257623554153522e-05
go,puppet,1,577,19020,5.257623554153522e-05
go,beak,1,578,19020,5.257623554153522e-05
go,whoopsie,1,579,19020,5.257623554153522e-05
go,byebye,1,580,19020,5.257623554153522e-05
go,rectangle,1,581,19020,5.257623554153522e-05
go,cross,1,582,19020,5.257623554153522e-05
go,em,1,583,19020,5.257623554153522e-05
go,ramona,1,584,19020,5.257623554153522e-05
go,glass,1,585,19020,5.257623554153522e-05
go,bread,1,586,19020,5.257623554153522e-05
go,necklace,1,587,19020,5.257623554153522e-05
go,window,1,588,19020,5.257623554153522e-05
go,momma,1,589,19020,5.257623554153522e-05
go,kirk,1,590,19020,5.257623554153522e-05
go,paul,1,591,19020,5.257623554153522e-05
go,bonnet,1,592,19020,5.257623554153522e-05
go,chipmunk,1,593,19020,5.257623554153522e-05
go,gum,1,594,19020,5.257623554153522e-05
go,dollys,1,595,19020,5.257623554153522e-05
go,side,1,596,19020,5.257623554153522e-05
go,lorraine,1,597,19020,5.257623554153522e-05
go,oscar,1,598,19020,5.257623554153522e-05
go,uncle,1,599,19020,5.257623554153522e-05
go,grammy,1,600,19020,5.257623554153522e-05
go,butter,1,601,19020,5.257623554153522e-05
go,babys,1,602,19020,5.257623554153522e-05
go,mail,1,603,19020,5.257623554153522e-05
go,doll,1,604,19020,5.257623554153522e-05
do,you,4560,1,9998,0.45609121824364873
do,i,781,2,9998,0.07811562312462493
do,we,729,3,9998,0.07291458291658331
do,it,597,4,9998,0.0597119423884777
do,he,578,5,9998,0.05781156231246249
do,she,323,6,9998,0.032306461292258455
do,they,303,7,9998,0.030306061212242448
do,mommy,163,8,9998,0.016303260652130426
do,wanna,140,9,9998,0.014002800560112022
do,us,95,10,9998,0.009501900380076015
do,that,82,11,9998,0.008201640328065612
do,baby,80,12,9998,0.008001600320064013
do,daddy,69,13,9998,0.006901380276055211
do,mummy,69,14,9998,0.006901380276055211
do,one,58,15,9998,0.0058011602320464095
do,whatcha,57,16,9998,0.005701140228045609
do,ya,54,17,9998,0.0054010802160432084
do,this,49,18,9998,0.0049009801960392075
do,carl,39,19,9998,0.003900780156031206
do,what,29,20,9998,0.0029005801160232048
do,bunny,26,21,9998,0.002600520104020804
do,who,26,22,9998,0.002600520104020804
do,man,25,23,9998,0.002500500100020004
do,rachel,21,24,9998,0.0021004200840168035
do,mama,18,25,9998,0.0018003600720144029
do,rabbit,17,26,9998,0.0017003400680136026
do,cow,17,27,9998,0.0017003400680136026
do,monkey,16,28,9998,0.0016003200640128026
do,boy,15,29,9998,0.0015003000600120023
do,guy,15,30,9998,0.0015003000600120023
do,car,15,31,9998,0.0015003000600120023
do,brown,14,32,9998,0.0014002800560112022
do,fei,14,33,9998,0.0014002800560112022
do,machine,13,34,9998,0.001300260052010402
do,anne,13,35,9998,0.001300260052010402
do,eric,12,36,9998,0.001200240048009602
do,henry,12,37,9998,0.001200240048009602
do,fish,11,38,9998,0.0011002200440088017
do,bear,11,39,9998,0.0011002200440088017
do,you_all,10,40,9998,0.0010002000400080016
do,cat,10,41,9998,0.0010002000400080016
do,mom,10,42,9998,0.0010002000400080016
do,firstname,10,43,9998,0.0010002000400080016
do,bird,9,44,9998,0.0009001800360072014
do,horse,9,45,9998,0.0009001800360072014
do,somebody,9,46,9998,0.0009001800360072014
do,kitty,9,47,9998,0.0009001800360072014
do,ramona,9,48,9998,0.0009001800360072014
do,duck,8,49,9998,0.0008001600320064013
do,elephant,8,50,9998,0.0008001600320064013
do,thomas,8,51,9998,0.0008001600320064013
do,lara,8,52,9998,0.0008001600320064013
do,warren,8,53,9998,0.0008001600320064013
do,child,7,54,9998,0.0007001400280056011
do,all,7,55,9998,0.0007001400280056011
do,laura,7,56,9998,0.0007001400280056011
do,button,7,57,9998,0.0007001400280056011
do,noise,6,58,9998,0.000600120024004801
do,dog,6,59,9998,0.000600120024004801
do,ball,6,60,9998,0.000600120024004801
do,sound,6,61,9998,0.000600120024004801
do,mouse,6,62,9998,0.000600120024004801
do,doggie,6,63,9998,0.000600120024004801
do,grandma,6,64,9998,0.000600120024004801
do,gar,6,65,9998,0.000600120024004801
do,kid,5,66,9998,0.0005001000200040008
do,some,5,67,9998,0.0005001000200040008
do,wheel,5,68,9998,0.0005001000200040008
do,swww,5,69,9998,0.0005001000200040008
do,everybody,5,70,9998,0.0005001000200040008
do,sister,5,71,9998,0.0005001000200040008
do,fraser,5,72,9998,0.0005001000200040008
do,horsie,5,73,9998,0.0005001000200040008
do,hasta,5,74,9998,0.0005001000200040008
do,girl,5,75,9998,0.0005001000200040008
do,frog,5,76,9998,0.0005001000200040008
do,krystal,5,77,9998,0.0005001000200040008
do,truck,5,78,9998,0.0005001000200040008
do,georgie,5,79,9998,0.0005001000200040008
do,spot,5,80,9998,0.0005001000200040008
do,mummie,5,81,9998,0.0005001000200040008
do,sheep,5,82,9998,0.0005001000200040008
do,doggy,5,83,9998,0.0005001000200040008
do,johnny,5,84,9998,0.0005001000200040008
do,teddy,4,85,9998,0.00040008001600320064
do,froggie,4,86,9998,0.00040008001600320064
do,dakota,4,87,9998,0.00040008001600320064
do,people,4,88,9998,0.00040008001600320064
do,eve,4,89,9998,0.00040008001600320064
do,+,4,90,9998,0.00040008001600320064
do,pinocchio,4,91,9998,0.00040008001600320064
do,crayon,4,92,9998,0.00040008001600320064
do,go,4,93,9998,0.00040008001600320064
do,nina,4,94,9998,0.00040008001600320064
do,jesse,4,95,9998,0.00040008001600320064
do,butterfly,4,96,9998,0.00040008001600320064
do,penguin,4,97,9998,0.00040008001600320064
do,dominic,4,98,9998,0.00040008001600320064
do,rom,4,99,9998,0.00040008001600320064
do,ring,3,100,9998,0.0003000600120024005
do,birdie,3,101,9998,0.0003000600120024005
do,judy,3,102,9998,0.0003000600120024005
do,train,3,103,9998,0.0003000600120024005
do,tigger,3,104,9998,0.0003000600120024005
do,the,3,105,9998,0.0003000600120024005
do,lemme,3,106,9998,0.0003000600120024005
do,timmy,3,107,9998,0.0003000600120024005
do,choo,3,108,9998,0.0003000600120024005
do,tractor,3,109,9998,0.0003000600120024005
do,nuhhuh,3,110,9998,0.0003000600120024005
do,lot,3,111,9998,0.0003000600120024005
do,cinderella,3,112,9998,0.0003000600120024005
do,bug,3,113,9998,0.0003000600120024005
do,block,3,114,9998,0.0003000600120024005
do,hop,3,115,9998,0.0003000600120024005
do,needta,3,116,9998,0.0003000600120024005
do,lady,3,117,9998,0.0003000600120024005
do,toy,3,118,9998,0.0003000600120024005
do,yours,3,119,9998,0.0003000600120024005
do,chicken,3,120,9998,0.0003000600120024005
do,leo,3,121,9998,0.0003000600120024005
do,animal,3,122,9998,0.0003000600120024005
do,nomi,3,123,9998,0.0003000600120024005
do,joseph,3,124,9998,0.0003000600120024005
do,phone,3,125,9998,0.0003000600120024005
do,thing,3,126,9998,0.0003000600120024005
do,mickey,3,127,9998,0.0003000600120024005
do,fox,3,128,9998,0.0003000600120024005
do,shoe,3,129,9998,0.0003000600120024005
do,fri,3,130,9998,0.0003000600120024005
do,these,2,131,9998,0.00020004000800160032
do,clown,2,132,9998,0.00020004000800160032
do,box,2,133,9998,0.00020004000800160032
do,patsy,2,134,9998,0.00020004000800160032
do,cup,2,135,9998,0.00020004000800160032
do,chair,2,136,9998,0.00020004000800160032
do,dwww,2,137,9998,0.00020004000800160032
do,cracker,2,138,9998,0.00020004000800160032
do,sammy,2,139,9998,0.00020004000800160032
do,tickle,2,140,9998,0.00020004000800160032
do,piglet,2,141,9998,0.00020004000800160032
do,water,2,142,9998,0.00020004000800160032
do,worm,2,143,9998,0.00020004000800160032
do,top,2,144,9998,0.00020004000800160032
do,jacob,2,145,9998,0.00020004000800160032
do,airplane,2,146,9998,0.00020004000800160032
do,bus,2,147,9998,0.00020004000800160032
do,book,2,148,9998,0.00020004000800160032
do,dad,2,149,9998,0.00020004000800160032
do,yuli,2,150,9998,0.00020004000800160032
do,maggie,2,151,9998,0.00020004000800160032
do,hair,2,152,9998,0.00020004000800160032
do,lassie,2,153,9998,0.00020004000800160032
do,papa,2,154,9998,0.00020004000800160032
do,farmer,2,155,9998,0.00020004000800160032
do,jerry,2,156,9998,0.00020004000800160032
do,piggie,2,157,9998,0.00020004000800160032
do,ross,2,158,9998,0.00020004000800160032
do,cheerios,2,159,9998,0.00020004000800160032
do,michael,2,160,9998,0.00020004000800160032
do,daniel,2,161,9998,0.00020004000800160032
do,diaper,2,162,9998,0.00020004000800160032
do,nancy,2,163,9998,0.00020004000800160032
do,anybody,2,164,9998,0.00020004000800160032
do,sally,2,165,9998,0.00020004000800160032
do,both,2,166,9998,0.00020004000800160032
do,kalie,2,167,9998,0.00020004000800160032
do,whoop,2,168,9998,0.00020004000800160032
do,travis,2,169,9998,0.00020004000800160032
do,ant,2,170,9998,0.00020004000800160032
do,kangaroo,2,171,9998,0.00020004000800160032
do,coffee,2,172,9998,0.00020004000800160032
do,those,2,173,9998,0.00020004000800160032
do,richard,2,174,9998,0.00020004000800160032
do,yvonne,2,175,9998,0.00020004000800160032
do,percy,2,176,9998,0.00020004000800160032
do,tiger,2,177,9998,0.00020004000800160032
do,pooh,2,178,9998,0.00020004000800160032
do,one'll,2,179,9998,0.00020004000800160032
do,baba,2,180,9998,0.00020004000800160032
do,ellie,2,181,9998,0.00020004000800160032
do,billybumpe,2,182,9998,0.00020004000800160032
do,neil,2,183,9998,0.00020004000800160032
do,uhoh,2,184,9998,0.00020004000800160032
do,bubble,2,185,9998,0.00020004000800160032
do,barn,2,186,9998,0.00020004000800160032
do,mr_brown,2,187,9998,0.00020004000800160032
do,horsy,2,188,9998,0.00020004000800160032
do,gam,2,189,9998,0.00020004000800160032
do,mey,2,190,9998,0.00020004000800160032
do,apple,2,191,9998,0.00020004000800160032
do,wld,2,192,9998,0.00020004000800160032
do,hamburger,2,193,9998,0.00020004000800160032
do,jabir,2,194,9998,0.00020004000800160032
do,work,1,195,9998,0.00010002000400080016
do,bite,1,196,9998,0.00010002000400080016
do,face,1,197,9998,0.00010002000400080016
do,telephone,1,198,9998,0.00010002000400080016
do,unicorn,1,199,9998,0.00010002000400080016
do,dragon,1,200,9998,0.00010002000400080016
do,whom,1,201,9998,0.00010002000400080016
do,three,1,202,9998,0.00010002000400080016
do,ear,1,203,9998,0.00010002000400080016
do,motor,1,204,9998,0.00010002000400080016
do,annie,1,205,9998,0.00010002000400080016
do,many,1,206,9998,0.00010002000400080016
do,maura,1,207,9998,0.00010002000400080016
do,father,1,208,9998,0.00010002000400080016
do,yo,1,209,9998,0.00010002000400080016
do,pen,1,210,9998,0.00010002000400080016
do,oop,1,211,9998,0.00010002000400080016
do,down,1,212,9998,0.00010002000400080016
do,peter,1,213,9998,0.00010002000400080016
do,caca,1,214,9998,0.00010002000400080016
do,deedee,1,215,9998,0.00010002000400080016
do,bedroom,1,216,9998,0.00010002000400080016
do,recorder,1,217,9998,0.00010002000400080016
do,oigan,1,218,9998,0.00010002000400080016
do,my,1,219,9998,0.00010002000400080016
do,milk,1,220,9998,0.00010002000400080016
do,mine,1,221,9998,0.00010002000400080016
do,sylvia,1,222,9998,0.00010002000400080016
do,sue,1,223,9998,0.00010002000400080016
do,creek,1,224,9998,0.00010002000400080016
do,morgie,1,225,9998,0.00010002000400080016
do,rock,1,226,9998,0.00010002000400080016
do,morgan,1,227,9998,0.00010002000400080016
do,bib,1,228,9998,0.00010002000400080016
do,microphone,1,229,9998,0.00010002000400080016
do,sneeze,1,230,9998,0.00010002000400080016
do,letter,1,231,9998,0.00010002000400080016
do,help,1,232,9998,0.00010002000400080016
do,dillon,1,233,9998,0.00010002000400080016
do,something,1,234,9998,0.00010002000400080016
do,bee,1,235,9998,0.00010002000400080016
do,lord,1,236,9998,0.00010002000400080016
do,yummy,1,237,9998,0.00010002000400080016
do,bump,1,238,9998,0.00010002000400080016
do,ti,1,239,9998,0.00010002000400080016
do,mi,1,240,9998,0.00010002000400080016
do,eye,1,241,9998,0.00010002000400080016
do,grinch,1,242,9998,0.00010002000400080016
do,hog,1,243,9998,0.00010002000400080016
do,smackerel,1,244,9998,0.00010002000400080016
do,no,1,245,9998,0.00010002000400080016
do,door,1,246,9998,0.00010002000400080016
do,nobody,1,247,9998,0.00010002000400080016
do,woody,1,248,9998,0.00010002000400080016
do,combing,1,249,9998,0.00010002000400080016
do,dyeisha,1,250,9998,0.00010002000400080016
do,study,1,251,9998,0.00010002000400080016
do,macdonald,1,252,9998,0.00010002000400080016
do,sarah,1,253,9998,0.00010002000400080016
do,raccoon,1,254,9998,0.00010002000400080016
do,cromer,1,255,9998,0.00010002000400080016
do,becky,1,256,9998,0.00010002000400080016
do,sponge,1,257,9998,0.00010002000400080016
do,jim,1,258,9998,0.00010002000400080016
do,chirp,1,259,9998,0.00010002000400080016
do,sabrina,1,260,9998,0.00010002000400080016
do,tweet,1,261,9998,0.00010002000400080016
do,hoop,1,262,9998,0.00010002000400080016
do,finger,1,263,9998,0.00010002000400080016
do,seal,1,264,9998,0.00010002000400080016
do,roy,1,265,9998,0.00010002000400080016
do,godmother,1,266,9998,0.00010002000400080016
do,boo,1,267,9998,0.00010002000400080016
do,tom,1,268,9998,0.00010002000400080016
do,moo,1,269,9998,0.00010002000400080016
do,crawl,1,270,9998,0.00010002000400080016
do,potatohead,1,271,9998,0.00010002000400080016
do,hen,1,272,9998,0.00010002000400080016
do,yeh,1,273,9998,0.00010002000400080016
do,queen,1,274,9998,0.00010002000400080016
do,mirror,1,275,9998,0.00010002000400080016
do,ema,1,276,9998,0.00010002000400080016
do,davidal,1,277,9998,0.00010002000400080016
do,bunny_rabbit,1,278,9998,0.00010002000400080016
do,laurie,1,279,9998,0.00010002000400080016
do,puppys,1,280,9998,0.00010002000400080016
do,duckie,1,281,9998,0.00010002000400080016
do,matthew,1,282,9998,0.00010002000400080016
do,ab,1,283,9998,0.00010002000400080016
do,christina,1,284,9998,0.00010002000400080016
do,wiggle,1,285,9998,0.00010002000400080016
do,anything,1,286,9998,0.00010002000400080016
do,in_order_to,1,287,9998,0.00010002000400080016
do,person,1,288,9998,0.00010002000400080016
do,pig,1,289,9998,0.00010002000400080016
do,abbie,1,290,9998,0.00010002000400080016
do,light,1,291,9998,0.00010002000400080016
do,love,1,292,9998,0.00010002000400080016
do,useta,1,293,9998,0.00010002000400080016
do,toot,1,294,9998,0.00010002000400080016
do,pop,1,295,9998,0.00010002000400080016
do,nothing,1,296,9998,0.00010002000400080016
do,grass,1,297,9998,0.00010002000400080016
do,cemetery,1,298,9998,0.00010002000400080016
do,megan,1,299,9998,0.00010002000400080016
do,salley,1,300,9998,0.00010002000400080016
do,lewis,1,301,9998,0.00010002000400080016
do,hunhunh,1,302,9998,0.00010002000400080016
do,diamond,1,303,9998,0.00010002000400080016
do,brother,1,304,9998,0.00010002000400080016
do,snoopy,1,305,9998,0.00010002000400080016
do,four,1,306,9998,0.00010002000400080016
do,stewardess,1,307,9998,0.00010002000400080016
do,giraffe,1,308,9998,0.00010002000400080016
do,fly,1,309,9998,0.00010002000400080016
do,hat,1,310,9998,0.00010002000400080016
do,tree,1,311,9998,0.00010002000400080016
do,lamb,1,312,9998,0.00010002000400080016
do,shadow,1,313,9998,0.00010002000400080016
do,sandy,1,314,9998,0.00010002000400080016
do,picture,1,315,9998,0.00010002000400080016
do,foot,1,316,9998,0.00010002000400080016
do,catherine,1,317,9998,0.00010002000400080016
do,triangle,1,318,9998,0.00010002000400080016
do,nose,1,319,9998,0.00010002000400080016
do,music,1,320,9998,0.00010002000400080016
do,squirrel,1,321,9998,0.00010002000400080016
do,swing,1,322,9998,0.00010002000400080016
do,damage,1,323,9998,0.00010002000400080016
do,lindsey,1,324,9998,0.00010002000400080016
do,nanu,1,325,9998,0.00010002000400080016
do,motorcycle,1,326,9998,0.00010002000400080016
do,momma,1,327,9998,0.00010002000400080016
do,julia,1,328,9998,0.00010002000400080016
do,lincoln,1,329,9998,0.00010002000400080016
do,keep,1,330,9998,0.00010002000400080016
do,tip,1,331,9998,0.00010002000400080016
do,talk,1,332,9998,0.00010002000400080016
do,dinosaur,1,333,9998,0.00010002000400080016
do,a,1,334,9998,0.00010002000400080016
do,zebra,1,335,9998,0.00010002000400080016
do,noah,1,336,9998,0.00010002000400080016
do,adam,1,337,9998,0.00010002000400080016
do,out,1,338,9998,0.00010002000400080016
do,tongue,1,339,9998,0.00010002000400080016
do,samuel,1,340,9998,0.00010002000400080016
do,danny,1,341,9998,0.00010002000400080016
do,card,1,342,9998,0.00010002000400080016
do,dadda,1,343,9998,0.00010002000400080016
do,dadaw,1,344,9998,0.00010002000400080016
do,do,1,345,9998,0.00010002000400080016
do,hafta,1,346,9998,0.00010002000400080016
do,madam,1,347,9998,0.00010002000400080016
do,deer,1,348,9998,0.00010002000400080016
do,pajama,1,349,9998,0.00010002000400080016
do,nummy,1,350,9998,0.00010002000400080016
do,shirt,1,351,9998,0.00010002000400080016
do,kirsty,1,352,9998,0.00010002000400080016
do,chip,1,353,9998,0.00010002000400080016
do,sort,1,354,9998,0.00010002000400080016
do,sack,1,355,9998,0.00010002000400080016
do,gordon,1,356,9998,0.00010002000400080016
do,neenaw,1,357,9998,0.00010002000400080016
do,sweetie,1,358,9998,0.00010002000400080016
do,tiggie,1,359,9998,0.00010002000400080016
do,eeyore,1,360,9998,0.00010002000400080016
do,cough,1,361,9998,0.00010002000400080016
do,bert,1,362,9998,0.00010002000400080016
do,nana,1,363,9998,0.00010002000400080016
do,piggys,1,364,9998,0.00010002000400080016
do,mummy'll,1,365,9998,0.00010002000400080016
do,diesel,1,366,9998,0.00010002000400080016
do,rhino,1,367,9998,0.00010002000400080016
do,vegetable,1,368,9998,0.00010002000400080016
do,flower,1,369,9998,0.00010002000400080016
do,blob,1,370,9998,0.00010002000400080016
do,pingu,1,371,9998,0.00010002000400080016
do,doctor,1,372,9998,0.00010002000400080016
do,caroline,1,373,9998,0.00010002000400080016
do,peter_schmeichel,1,374,9998,0.00010002000400080016
do,wing,1,375,9998,0.00010002000400080016
do,ruth,1,376,9998,0.00010002000400080016
do,mummys,1,377,9998,0.00010002000400080016
do,crocodile,1,378,9998,0.00010002000400080016
do,el,1,379,9998,0.00010002000400080016
do,liz,1,380,9998,0.00010002000400080016
do,nanny,1,381,9998,0.00010002000400080016
do,towel,1,382,9998,0.00010002000400080016
do,mess,1,383,9998,0.00010002000400080016
do,mixer,1,384,9998,0.00010002000400080016
do,pottie,1,385,9998,0.00010002000400080016
do,iris,1,386,9998,0.00010002000400080016
do,fellow,1,387,9998,0.00010002000400080016
do,hurt,1,388,9998,0.00010002000400080016
do,much,1,389,9998,0.00010002000400080016
do,more,1,390,9998,0.00010002000400080016
do,page,1,391,9998,0.00010002000400080016
do,dudley,1,392,9998,0.00010002000400080016
do,microwave,1,393,9998,0.00010002000400080016
do,potty,1,394,9998,0.00010002000400080016
do,‡,1,395,9998,0.00010002000400080016
do,sposta,1,396,9998,0.00010002000400080016
do,doggys,1,397,9998,0.00010002000400080016
do,bob,1,398,9998,0.00010002000400080016
do,saw,1,399,9998,0.00010002000400080016
do,ketchup,1,400,9998,0.00010002000400080016
do,popcorn,1,401,9998,0.00010002000400080016
do,hadta,1,402,9998,0.00010002000400080016
do,jeremy,1,403,9998,0.00010002000400080016
do,friend,1,404,9998,0.00010002000400080016
do,barney,1,405,9998,0.00010002000400080016
do,blanket,1,406,9998,0.00010002000400080016
do,kitty_cat,1,407,9998,0.00010002000400080016
do,alligator,1,408,9998,0.00010002000400080016
do,lookee,1,409,9998,0.00010002000400080016
do,boat,1,410,9998,0.00010002000400080016
do,owl,1,411,9998,0.00010002000400080016
do,cic,1,412,9998,0.00010002000400080016
do,cookie_monster,1,413,9998,0.00010002000400080016
do,mum,1,414,9998,0.00010002000400080016
do,gra,1,415,9998,0.00010002000400080016
do,blankie,1,416,9998,0.00010002000400080016
do,med,1,417,9998,0.00010002000400080016
do,bro,1,418,9998,0.00010002000400080016
do,look,1,419,9998,0.00010002000400080016
do,mye,1,420,9998,0.00010002000400080016
do,honey,1,421,9998,0.00010002000400080016
do,heart,1,422,9998,0.00010002000400080016
do,gasoline,1,423,9998,0.00010002000400080016
do,zic,1,424,9998,0.00010002000400080016
do,bucket,1,425,9998,0.00010002000400080016
do,push,1,426,9998,0.00010002000400080016
do,puzzle,1,427,9998,0.00010002000400080016
do,fit,1,428,9998,0.00010002000400080016
do,your,1,429,9998,0.00010002000400080016
do,rec,1,430,9998,0.00010002000400080016
do,adolfo,1,431,9998,0.00010002000400080016
do,zedekiah,1,432,9998,0.00010002000400080016
do,mommy'll,1,433,9998,0.00010002000400080016
do,anna,1,434,9998,0.00010002000400080016
do,raffi,1,435,9998,0.00010002000400080016
do,jacy,1,436,9998,0.00010002000400080016
do,callista,1,437,9998,0.00010002000400080016
do,clock,1,438,9998,0.00010002000400080016
do,goody,1,439,9998,0.00010002000400080016
do,tyler,1,440,9998,0.00010002000400080016
do,piece,1,441,9998,0.00010002000400080016
do,sissie,1,442,9998,0.00010002000400080016
do,tomato,1,443,9998,0.00010002000400080016
do,josh,1,444,9998,0.00010002000400080016
do,stick,1,445,9998,0.00010002000400080016
do,scissor,1,446,9998,0.00010002000400080016
do,comb,1,447,9998,0.00010002000400080016
do,squeak,1,448,9998,0.00010002000400080016
do,patrick,1,449,9998,0.00010002000400080016
get,you,3175,1,7268,0.4368464501926252
get,i,1299,2,7268,0.1787286736378646
get,we,1013,3,7268,0.13937809576224547
get,us,181,4,7268,0.024903687396807924
get,he,170,5,7268,0.023390203632361033
get,mommy,141,6,7268,0.019400110071546506
get,she,134,7,7268,0.018436984039625758
get,it,123,8,7268,0.016923500275178867
get,wanna,93,9,7268,0.012795817281232802
get,they,93,10,7268,0.012795817281232802
get,daddy,90,11,7268,0.012383048981838195
get,mummy,78,12,7268,0.01073197578425977
get,ya,41,13,7268,0.005641166758392956
get,whatcha,33,14,7268,0.004540451293340671
get,mama,27,15,7268,0.0037149146945514586
get,lemme,25,16,7268,0.0034397358282883873
get,baby,19,17,7268,0.0026141992294991746
get,who,14,18,7268,0.001926252063841497
get,carl,14,19,7268,0.001926252063841497
get,this,12,20,7268,0.001651073197578426
get,that,12,21,7268,0.001651073197578426
get,grandma,12,22,7268,0.001651073197578426
get,mummy'll,12,23,7268,0.001651073197578426
get,everybody,11,24,7268,0.0015134837644468905
get,one,10,25,7268,0.001375894331315355
get,mom,10,26,7268,0.001375894331315355
get,mommy'll,8,27,7268,0.001100715465052284
get,go,8,28,7268,0.001100715465052284
get,mummie,8,29,7268,0.001100715465052284
get,lara,8,30,7268,0.001100715465052284
get,firstname,8,31,7268,0.001100715465052284
get,hasta,7,32,7268,0.0009631260319207485
get,rabbit,7,33,7268,0.0009631260319207485
get,zita,7,34,7268,0.0009631260319207485
get,boy,6,35,7268,0.000825536598789213
get,ball,6,36,7268,0.000825536598789213
get,somebody,6,37,7268,0.000825536598789213
get,momma,6,38,7268,0.000825536598789213
get,no,5,39,7268,0.0006879471656576775
get,rachel,5,40,7268,0.0006879471656576775
get,man,5,41,7268,0.0006879471656576775
get,lady,5,42,7268,0.0006879471656576775
get,dwww,4,43,7268,0.000550357732526142
get,needta,4,44,7268,0.000550357732526142
get,book,4,45,7268,0.000550357732526142
get,sister,4,46,7268,0.000550357732526142
get,eve,4,47,7268,0.000550357732526142
get,daddy'll,4,48,7268,0.000550357732526142
get,megan,4,49,7268,0.000550357732526142
get,sally,4,50,7268,0.000550357732526142
get,teddy,4,51,7268,0.000550357732526142
get,spot,4,52,7268,0.000550357732526142
get,doggie,3,53,7268,0.0004127682993946065
get,laura,3,54,7268,0.0004127682993946065
get,water,3,55,7268,0.0004127682993946065
get,kitty,3,56,7268,0.0004127682993946065
get,uhoh,3,57,7268,0.0004127682993946065
get,foot,3,58,7268,0.0004127682993946065
get,finger,3,59,7268,0.0004127682993946065
get,dad,3,60,7268,0.0004127682993946065
get,bunny,3,61,7268,0.0004127682993946065
get,dinosaur,3,62,7268,0.0004127682993946065
get,elmo,3,63,7268,0.0004127682993946065
get,car,3,64,7268,0.0004127682993946065
get,child,3,65,7268,0.0004127682993946065
get,mouse,3,66,7268,0.0004127682993946065
get,anna,3,67,7268,0.0004127682993946065
get,mum,3,68,7268,0.0004127682993946065
get,mahmaw,3,69,7268,0.0004127682993946065
get,gramma,3,70,7268,0.0004127682993946065
get,chair,2,71,7268,0.000275178866263071
get,anyone,2,72,7268,0.000275178866263071
get,bus,2,73,7268,0.000275178866263071
get,bird,2,74,7268,0.000275178866263071
get,morgan,2,75,7268,0.000275178866263071
get,hand,2,76,7268,0.000275178866263071
get,cow,2,77,7268,0.000275178866263071
get,mandy,2,78,7268,0.000275178866263071
get,piggy,2,79,7268,0.000275178866263071
get,mamma,2,80,7268,0.000275178866263071
get,bert,2,81,7268,0.000275178866263071
get,dakota,2,82,7268,0.000275178866263071
get,bear,2,83,7268,0.000275178866263071
get,chickie,2,84,7268,0.000275178866263071
get,feetie,2,85,7268,0.000275178866263071
get,some,2,86,7268,0.000275178866263071
get,shoe,2,87,7268,0.000275178866263071
get,fraser,2,88,7268,0.000275178866263071
get,guy,2,89,7268,0.000275178866263071
get,people,2,90,7268,0.000275178866263071
get,sun,2,91,7268,0.000275178866263071
get,lissa,2,92,7268,0.000275178866263071
get,duck,2,93,7268,0.000275178866263071
get,clothe,2,94,7268,0.000275178866263071
get,kalie,2,95,7268,0.000275178866263071
get,nomi,2,96,7268,0.000275178866263071
get,honey,2,97,7268,0.000275178866263071
get,christine,2,98,7268,0.000275178866263071
get,wind,2,99,7268,0.000275178866263071
get,what,2,100,7268,0.000275178866263071
get,amy,2,101,7268,0.000275178866263071
get,joel,2,102,7268,0.000275178866263071
get,driver,2,103,7268,0.000275178866263071
get,father,2,104,7268,0.000275178866263071
get,let,2,105,7268,0.000275178866263071
get,elephant,2,106,7268,0.000275178866263071
get,lookee,2,107,7268,0.000275178866263071
get,uncle,2,108,7268,0.000275178866263071
get,wix,2,109,7268,0.000275178866263071
get,odera,2,110,7268,0.000275178866263071
get,two,1,111,7268,0.0001375894331315355
get,wheel,1,112,7268,0.0001375894331315355
get,family,1,113,7268,0.0001375894331315355
get,bike,1,114,7268,0.0001375894331315355
get,zwww,1,115,7268,0.0001375894331315355
get,anybody,1,116,7268,0.0001375894331315355
get,mwww,1,117,7268,0.0001375894331315355
get,brittney,1,118,7268,0.0001375894331315355
get,animal,1,119,7268,0.0001375894331315355
get,doctor,1,120,7268,0.0001375894331315355
get,rinse,1,121,7268,0.0001375894331315355
get,puppy,1,122,7268,0.0001375894331315355
get,truth,1,123,7268,0.0001375894331315355
get,dillon,1,124,7268,0.0001375894331315355
get,toe,1,125,7268,0.0001375894331315355
get,place,1,126,7268,0.0001375894331315355
get,garden,1,127,7268,0.0001375894331315355
get,skin,1,128,7268,0.0001375894331315355
get,eeyore,1,129,7268,0.0001375894331315355
get,everyone,1,130,7268,0.0001375894331315355
get,those,1,131,7268,0.0001375894331315355
get,clifford,1,132,7268,0.0001375894331315355
get,seven,1,133,7268,0.0001375894331315355
get,henry,1,134,7268,0.0001375894331315355
get,fuss,1,135,7268,0.0001375894331315355
get,andy,1,136,7268,0.0001375894331315355
get,woody,1,137,7268,0.0001375894331315355
get,maggie,1,138,7268,0.0001375894331315355
get,weepee,1,139,7268,0.0001375894331315355
get,hadta,1,140,7268,0.0001375894331315355
get,door,1,141,7268,0.0001375894331315355
get,dyeisha,1,142,7268,0.0001375894331315355
get,shrimp,1,143,7268,0.0001375894331315355
get,grandaddy,1,144,7268,0.0001375894331315355
get,fool,1,145,7268,0.0001375894331315355
get,nana,1,146,7268,0.0001375894331315355
get,shoulda,1,147,7268,0.0001375894331315355
get,baebae,1,148,7268,0.0001375894331315355
get,sandwich,1,149,7268,0.0001375894331315355
get,eve'll,1,150,7268,0.0001375894331315355
get,mom'll,1,151,7268,0.0001375894331315355
get,hole,1,152,7268,0.0001375894331315355
get,tapioca,1,153,7268,0.0001375894331315355
get,wolf,1,154,7268,0.0001375894331315355
get,nose,1,155,7268,0.0001375894331315355
get,nobody,1,156,7268,0.0001375894331315355
get,time,1,157,7268,0.0001375894331315355
get,around,1,158,7268,0.0001375894331315355
get,bite,1,159,7268,0.0001375894331315355
get,chichi,1,160,7268,0.0001375894331315355
get,diaper,1,161,7268,0.0001375894331315355
get,turkey,1,162,7268,0.0001375894331315355
get,wawawa,1,163,7268,0.0001375894331315355
get,barbara,1,164,7268,0.0001375894331315355
get,hyena,1,165,7268,0.0001375894331315355
get,arm,1,166,7268,0.0001375894331315355
get,something,1,167,7268,0.0001375894331315355
get,pinocchio,1,168,7268,0.0001375894331315355
get,ouch,1,169,7268,0.0001375894331315355
get,bell,1,170,7268,0.0001375894331315355
get,brother,1,171,7268,0.0001375894331315355
get,rex,1,172,7268,0.0001375894331315355
get,naomi,1,173,7268,0.0001375894331315355
get,plate,1,174,7268,0.0001375894331315355
get,joseph,1,175,7268,0.0001375894331315355
get,julia,1,176,7268,0.0001375894331315355
get,zoom,1,177,7268,0.0001375894331315355
get,mosquito,1,178,7268,0.0001375894331315355
get,sarah,1,179,7268,0.0001375894331315355
get,whose,1,180,7268,0.0001375894331315355
get,marco,1,181,7268,0.0001375894331315355
get,broom,1,182,7268,0.0001375894331315355
get,jill,1,183,7268,0.0001375894331315355
get,dougall,1,184,7268,0.0001375894331315355
get,toy,1,185,7268,0.0001375894331315355
get,dino,1,186,7268,0.0001375894331315355
get,baa,1,187,7268,0.0001375894331315355
get,meow,1,188,7268,0.0001375894331315355
get,octopus,1,189,7268,0.0001375894331315355
get,choo_choo,1,190,7268,0.0001375894331315355
get,mike,1,191,7268,0.0001375894331315355
get,pram,1,192,7268,0.0001375894331315355
get,sausage,1,193,7268,0.0001375894331315355
get,train,1,194,7268,0.0001375894331315355
get,nicola,1,195,7268,0.0001375894331315355
get,wave,1,196,7268,0.0001375894331315355
get,fireman,1,197,7268,0.0001375894331315355
get,toby,1,198,7268,0.0001375894331315355
get,goat,1,199,7268,0.0001375894331315355
get,grandpa,1,200,7268,0.0001375894331315355
get,panda,1,201,7268,0.0001375894331315355
get,dominic,1,202,7268,0.0001375894331315355
get,aunty_meg,1,203,7268,0.0001375894331315355
get,hafta,1,204,7268,0.0001375894331315355
get,aunty_josie,1,205,7268,0.0001375894331315355
get,ella,1,206,7268,0.0001375894331315355
get,giraffe,1,207,7268,0.0001375894331315355
get,dress,1,208,7268,0.0001375894331315355
get,tower'll,1,209,7268,0.0001375894331315355
get,penguin,1,210,7268,0.0001375894331315355
get,warren,1,211,7268,0.0001375894331315355
get,dog,1,212,7268,0.0001375894331315355
get,kind,1,213,7268,0.0001375894331315355
get,other,1,214,7268,0.0001375894331315355
get,alice,1,215,7268,0.0001375894331315355
get,gary,1,216,7268,0.0001375894331315355
get,sharon,1,217,7268,0.0001375894331315355
get,stair,1,218,7268,0.0001375894331315355
get,iris,1,219,7268,0.0001375894331315355
get,jonathan,1,220,7268,0.0001375894331315355
get,grannie,1,221,7268,0.0001375894331315355
get,shh,1,222,7268,0.0001375894331315355
get,farmer,1,223,7268,0.0001375894331315355
get,‡,1,224,7268,0.0001375894331315355
get,betcha,1,225,7268,0.0001375894331315355
get,stinker,1,226,7268,0.0001375894331315355
get,rooster,1,227,7268,0.0001375894331315355
get,track,1,228,7268,0.0001375894331315355
get,job,1,229,7268,0.0001375894331315355
get,chicken,1,230,7268,0.0001375894331315355
get,top,1,231,7268,0.0001375894331315355
get,stove,1,232,7268,0.0001375894331315355
get,corn,1,233,7268,0.0001375894331315355
get,michael,1,234,7268,0.0001375894331315355
get,oop,1,235,7268,0.0001375894331315355
get,chad,1,236,7268,0.0001375894331315355
get,fei,1,237,7268,0.0001375894331315355
get,teddy_bear,1,238,7268,0.0001375894331315355
get,mum'll,1,239,7268,0.0001375894331315355
get,gar,1,240,7268,0.0001375894331315355
get,gra,1,241,7268,0.0001375894331315355
get,hal,1,242,7268,0.0001375894331315355
get,lin,1,243,7268,0.0001375894331315355
get,bro,1,244,7268,0.0001375894331315355
get,roz,1,245,7268,0.0001375894331315355
get,zic,1,246,7268,0.0001375894331315355
get,dea,1,247,7268,0.0001375894331315355
get,jac,1,248,7268,0.0001375894331315355
get,reagan,1,249,7268,0.0001375894331315355
get,tummy,1,250,7268,0.0001375894331315355
get,almeda,1,251,7268,0.0001375894331315355
get,josh,1,252,7268,0.0001375894331315355
get,mammy,1,253,7268,0.0001375894331315355
get,its,1,254,7268,0.0001375894331315355
get,iron,1,255,7268,0.0001375894331315355
get,four,1,256,7268,0.0001375894331315355
get,patrick,1,257,7268,0.0001375894331315355
want,you,5304,1,6755,0.7851961509992598
want,i,549,2,6755,0.08127313101406365
want,she,187,3,6755,0.02768319763138416
want,he,136,4,6755,0.02013323464100666
want,mommy,69,5,6755,0.010214655810510733
want,we,68,6,6755,0.01006661732050333
want,baby,59,7,6755,0.008734270910436713
want,daddy,39,8,6755,0.005773501110288675
want,who,39,9,6755,0.005773501110288675
want,ya,26,10,6755,0.00384900074019245
want,they,14,11,6755,0.002072538860103627
want,mummy,14,12,6755,0.002072538860103627
want,mama,13,13,6755,0.001924500370096225
want,whatcha,13,14,6755,0.001924500370096225
want,it,8,15,6755,0.0011843079200592153
want,elmo,8,16,6755,0.0011843079200592153
want,laura,7,17,6755,0.0010362694300518134
want,bear,6,18,6755,0.0008882309400444115
want,elephant,6,19,6755,0.0008882309400444115
want,teddy,6,20,6755,0.0008882309400444115
want,firstname,6,21,6755,0.0008882309400444115
want,man,4,22,6755,0.0005921539600296077
want,one,4,23,6755,0.0005921539600296077
want,jaylen,4,24,6755,0.0005921539600296077
want,bunny,4,25,6755,0.0005921539600296077
want,nomi,4,26,6755,0.0005921539600296077
want,mom,4,27,6755,0.0005921539600296077
want,doggie,3,28,6755,0.00044411547002220575
want,puppet,3,29,6755,0.00044411547002220575
want,lady,3,30,6755,0.00044411547002220575
want,guy,3,31,6755,0.00044411547002220575
want,boy,3,32,6755,0.00044411547002220575
want,grandma,3,33,6755,0.00044411547002220575
want,dragon,2,34,6755,0.00029607698001480384
want,gail,2,35,6755,0.00029607698001480384
want,peter,2,36,6755,0.00029607698001480384
want,mandy,2,37,6755,0.00029607698001480384
want,kitty,2,38,6755,0.00029607698001480384
want,what,2,39,6755,0.00029607698001480384
want,horsie,2,40,6755,0.00029607698001480384
want,fraser,2,41,6755,0.00029607698001480384
want,eve,2,42,6755,0.00029607698001480384
want,mary,2,43,6755,0.00029607698001480384
want,jane,2,44,6755,0.00029607698001480384
want,duck,2,45,6755,0.00029607698001480384
want,chicken,2,46,6755,0.00029607698001480384
want,that,2,47,6755,0.00029607698001480384
want,lamb,2,48,6755,0.00029607698001480384
want,bertie,2,49,6755,0.00029607698001480384
want,barney,2,50,6755,0.00029607698001480384
want,nanna,2,51,6755,0.00029607698001480384
want,kitty_cat,2,52,6755,0.00029607698001480384
want,mahmaw,2,53,6755,0.00029607698001480384
want,fei,2,54,6755,0.00029607698001480384
want,bro,2,55,6755,0.00029607698001480384
want,dada,1,56,6755,0.00014803849000740192
want,flower,1,57,6755,0.00014803849000740192
want,patsy,1,58,6755,0.00014803849000740192
want,wagon,1,59,6755,0.00014803849000740192
want,anybody,1,60,6755,0.00014803849000740192
want,dwww,1,61,6755,0.00014803849000740192
want,ahoh,1,62,6755,0.00014803849000740192
want,cat,1,63,6755,0.00014803849000740192
want,someone,1,64,6755,0.00014803849000740192
want,simba,1,65,6755,0.00014803849000740192
want,megan,1,66,6755,0.00014803849000740192
want,cow,1,67,6755,0.00014803849000740192
want,picachu,1,68,6755,0.00014803849000740192
want,fisher,1,69,6755,0.00014803849000740192
want,henry,1,70,6755,0.00014803849000740192
want,woody,1,71,6755,0.00014803849000740192
want,baebae,1,72,6755,0.00014803849000740192
want,kathy,1,73,6755,0.00014803849000740192
want,papa,1,74,6755,0.00014803849000740192
want,stefan,1,75,6755,0.00014803849000740192
want,thank_you,1,76,6755,0.00014803849000740192
want,yeh,1,77,6755,0.00014803849000740192
want,cinderella,1,78,6755,0.00014803849000740192
want,bug,1,79,6755,0.00014803849000740192
want,bird,1,80,6755,0.00014803849000740192
want,rachel,1,81,6755,0.00014803849000740192
want,kitten,1,82,6755,0.00014803849000740192
want,zach,1,83,6755,0.00014803849000740192
want,melissa,1,84,6755,0.00014803849000740192
want,chicken'll,1,85,6755,0.00014803849000740192
want,brittany,1,86,6755,0.00014803849000740192
want,sally,1,87,6755,0.00014803849000740192
want,which,1,88,6755,0.00014803849000740192
want,goldie,1,89,6755,0.00014803849000740192
want,kangaroo,1,90,6755,0.00014803849000740192
want,joseph,1,91,6755,0.00014803849000740192
want,nicky,1,92,6755,0.00014803849000740192
want,dog,1,93,6755,0.00014803849000740192
want,nicola,1,94,6755,0.00014803849000740192
want,howe,1,95,6755,0.00014803849000740192
want,abi,1,96,6755,0.00014803849000740192
want,lara,1,97,6755,0.00014803849000740192
want,paddington_bear,1,98,6755,0.00014803849000740192
want,anne,1,99,6755,0.00014803849000740192
want,animal,1,100,6755,0.00014803849000740192
want,penguin,1,101,6755,0.00014803849000740192
want,rabbit,1,102,6755,0.00014803849000740192
want,paddington,1,103,6755,0.00014803849000740192
want,train,1,104,6755,0.00014803849000740192
want,zita,1,105,6755,0.00014803849000740192
want,carl,1,106,6755,0.00014803849000740192
want,percy,1,107,6755,0.00014803849000740192
want,lion,1,108,6755,0.00014803849000740192
want,dominic,1,109,6755,0.00014803849000740192
want,mummie,1,110,6755,0.00014803849000740192
want,caroline,1,111,6755,0.00014803849000740192
want,anna,1,112,6755,0.00014803849000740192
want,liz,1,113,6755,0.00014803849000740192
want,dinosaur,1,114,6755,0.00014803849000740192
want,baba,1,115,6755,0.00014803849000740192
want,puss,1,116,6755,0.00014803849000740192
want,daddy'll,1,117,6755,0.00014803849000740192
want,rachael,1,118,6755,0.00014803849000740192
want,doggy,1,119,6755,0.00014803849000740192
want,richard,1,120,6755,0.00014803849000740192
want,horse,1,121,6755,0.00014803849000740192
want,potato,1,122,6755,0.00014803849000740192
want,airplane,1,123,6755,0.00014803849000740192
want,goofy,1,124,6755,0.00014803849000740192
want,nina,1,125,6755,0.00014803849000740192
want,woo,1,126,6755,0.00014803849000740192
want,kid,1,127,6755,0.00014803849000740192
want,thomas,1,128,6755,0.00014803849000740192
want,porsche,1,129,6755,0.00014803849000740192
want,mey,1,130,6755,0.00014803849000740192
want,lookee,1,131,6755,0.00014803849000740192
want,help,1,132,6755,0.00014803849000740192
want,ramona,1,133,6755,0.00014803849000740192
want,gaston,1,134,6755,0.00014803849000740192
want,jacob,1,135,6755,0.00014803849000740192
want,mammy,1,136,6755,0.00014803849000740192
want,tansy,1,137,6755,0.00014803849000740192
want,nenna,1,138,6755,0.00014803849000740192
want,oscar,1,139,6755,0.00014803849000740192
want,aislinn,1,140,6755,0.00014803849000740192
want,monkey,1,141,6755,0.00014803849000740192
want,piggy,1,142,6755,0.00014803849000740192
want,santa_claus,1,143,6755,0.00014803849000740192
want,johnny,1,144,6755,0.00014803849000740192
want,rah,1,145,6755,0.00014803849000740192
want,rue,1,146,6755,0.00014803849000740192
want,david,1,147,6755,0.00014803849000740192
have,you,1989,1,6192,0.32122093023255816
have,i,926,2,6192,0.14954780361757106
have,we,837,3,6192,0.13517441860465115
have,he,360,4,6192,0.05813953488372093
have,she,345,5,6192,0.05571705426356589
have,they,201,6,6192,0.03246124031007752
have,mommy,190,7,6192,0.030684754521963824
have,it,164,8,6192,0.02648578811369509
have,us,95,9,6192,0.015342377260981912
have,baby,80,10,6192,0.012919896640826873
have,daddy,69,11,6192,0.011143410852713179
have,one,53,12,6192,0.008559431524547804
have,mummy,45,13,6192,0.007267441860465116
have,piggy,34,14,6192,0.005490956072351421
have,who,31,15,6192,0.005006459948320413
have,that,25,16,6192,0.004037467700258398
have,mama,25,17,6192,0.004037467700258398
have,boy,20,18,6192,0.003229974160206718
have,mom,18,19,6192,0.0029069767441860465
have,macdonald,15,20,6192,0.0024224806201550387
have,lemme,12,21,6192,0.001937984496124031
have,firstname,12,22,6192,0.001937984496124031
have,this,11,23,6192,0.0017764857881136951
have,man,10,24,6192,0.001614987080103359
have,sarah,10,25,6192,0.001614987080103359
have,car,9,26,6192,0.0014534883720930232
have,wanna,9,27,6192,0.0014534883720930232
have,eve,9,28,6192,0.0014534883720930232
have,travis,9,29,6192,0.0014534883720930232
have,kitty,8,30,6192,0.0012919896640826874
have,rabbit,8,31,6192,0.0012919896640826874
have,fraser,8,32,6192,0.0012919896640826874
have,mahmaw,8,33,6192,0.0012919896640826874
have,dog,7,34,6192,0.0011304909560723513
have,bear,7,35,6192,0.0011304909560723513
have,mummie,7,36,6192,0.0011304909560723513
have,everybody,6,37,6192,0.0009689922480620155
have,truck,6,38,6192,0.0009689922480620155
have,lady,6,39,6192,0.0009689922480620155
have,needta,6,40,6192,0.0009689922480620155
have,ya,5,41,6192,0.0008074935400516795
have,book,5,42,6192,0.0008074935400516795
have,lois,5,43,6192,0.0008074935400516795
have,bird,5,44,6192,0.0008074935400516795
have,baba,5,45,6192,0.0008074935400516795
have,tree,5,46,6192,0.0008074935400516795
have,roy,5,47,6192,0.0008074935400516795
have,rachel,5,48,6192,0.0008074935400516795
have,thomas,5,49,6192,0.0008074935400516795
have,guy,5,50,6192,0.0008074935400516795
have,carl,5,51,6192,0.0008074935400516795
have,yours,4,52,6192,0.0006459948320413437
have,peter,4,53,6192,0.0006459948320413437
have,sheep,4,54,6192,0.0006459948320413437
have,jwww,4,55,6192,0.0006459948320413437
have,laura,4,56,6192,0.0006459948320413437
have,go,4,57,6192,0.0006459948320413437
have,old_macdonald,4,58,6192,0.0006459948320413437
have,girl,4,59,6192,0.0006459948320413437
have,cromer,4,60,6192,0.0006459948320413437
have,brother,4,61,6192,0.0006459948320413437
have,bert,4,62,6192,0.0006459948320413437
have,phone,4,63,6192,0.0006459948320413437
have,grandma,4,64,6192,0.0006459948320413437
have,teddy,4,65,6192,0.0006459948320413437
have,mum,4,66,6192,0.0006459948320413437
have,useta,4,67,6192,0.0006459948320413437
have,jesse,4,68,6192,0.0006459948320413437
have,mey,4,69,6192,0.0006459948320413437
have,rom,4,70,6192,0.0006459948320413437
have,child,3,71,6192,0.00048449612403100775
have,doggie,3,72,6192,0.00048449612403100775
have,bunny,3,73,6192,0.00048449612403100775
have,eric,3,74,6192,0.00048449612403100775
have,mwww,3,75,6192,0.00048449612403100775
have,recorder,3,76,6192,0.00048449612403100775
have,some,3,77,6192,0.00048449612403100775
have,cat,3,78,6192,0.00048449612403100775
have,dwww,3,79,6192,0.00048449612403100775
have,anyone,3,80,6192,0.00048449612403100775
have,fish,3,81,6192,0.00048449612403100775
have,winnie_the_pooh,3,82,6192,0.00048449612403100775
have,maggie,3,83,6192,0.00048449612403100775
have,hasta,3,84,6192,0.00048449612403100775
have,the,3,85,6192,0.00048449612403100775
have,papa,3,86,6192,0.00048449612403100775
have,kitten,3,87,6192,0.00048449612403100775
have,somebody,3,88,6192,0.00048449612403100775
have,kalie,3,89,6192,0.00048449612403100775
have,frog,3,90,6192,0.00048449612403100775
have,nina,3,91,6192,0.00048449612403100775
have,emma,3,92,6192,0.00048449612403100775
have,mummy'll,3,93,6192,0.00048449612403100775
have,zita,3,94,6192,0.00048449612403100775
have,elephant,3,95,6192,0.00048449612403100775
have,johnny,3,96,6192,0.00048449612403100775
have,doll,3,97,6192,0.00048449612403100775
have,clock,3,98,6192,0.00048449612403100775
have,josh,3,99,6192,0.00048449612403100775
have,patrick,2,100,6192,0.00032299741602067185
have,susie,2,101,6192,0.00032299741602067185
have,digby,2,102,6192,0.00032299741602067185
have,kristin,2,103,6192,0.00032299741602067185
have,jack,2,104,6192,0.00032299741602067185
have,mommy'll,2,105,6192,0.00032299741602067185
have,monkey,2,106,6192,0.00032299741602067185
have,pokemon,2,107,6192,0.00032299741602067185
have,timmy,2,108,6192,0.00032299741602067185
have,puppy,2,109,6192,0.00032299741602067185
have,dyeisha,2,110,6192,0.00032299741602067185
have,piggie,2,111,6192,0.00032299741602067185
have,honey,2,112,6192,0.00032299741602067185
have,michael,2,113,6192,0.00032299741602067185
have,clown,2,114,6192,0.00032299741602067185
have,kangaroo,2,115,6192,0.00032299741602067185
have,jane,2,116,6192,0.00032299741602067185
have,ema,2,117,6192,0.00032299741602067185
have,katie,2,118,6192,0.00032299741602067185
have,jenny,2,119,6192,0.00032299741602067185
have,cow,2,120,6192,0.00032299741602067185
have,sally,2,121,6192,0.00032299741602067185
have,brittany,2,122,6192,0.00032299741602067185
have,sister,2,123,6192,0.00032299741602067185
have,horse,2,124,6192,0.00032299741602067185
have,lucy,2,125,6192,0.00032299741602067185
have,what,2,126,6192,0.00032299741602067185
have,mouse,2,127,6192,0.00032299741602067185
have,alexander,2,128,6192,0.00032299741602067185
have,observer,2,129,6192,0.00032299741602067185
have,nicola,2,130,6192,0.00032299741602067185
have,eye,2,131,6192,0.00032299741602067185
have,emily,2,132,6192,0.00032299741602067185
have,anne,2,133,6192,0.00032299741602067185
have,tiger,2,134,6192,0.00032299741602067185
have,panda,2,135,6192,0.00032299741602067185
have,neither,2,136,6192,0.00032299741602067185
have,warren,2,137,6192,0.00032299741602067185
have,carol,2,138,6192,0.00032299741602067185
have,dad,2,139,6192,0.00032299741602067185
have,uncle_ronny,2,140,6192,0.00032299741602067185
have,lauren,2,141,6192,0.00032299741602067185
have,grandpa,2,142,6192,0.00032299741602067185
have,shoe,1,143,6192,0.00016149870801033592
have,mother,1,144,6192,0.00016149870801033592
have,mousie,1,145,6192,0.00016149870801033592
have,thank_you,1,146,6192,0.00016149870801033592
have,dragon,1,147,6192,0.00016149870801033592
have,cindy,1,148,6192,0.00016149870801033592
have,most,1,149,6192,0.00016149870801033592
have,vehicle,1,150,6192,0.00016149870801033592
have,ew,1,151,6192,0.00016149870801033592
have,nanny,1,152,6192,0.00016149870801033592
have,gwww,1,153,6192,0.00016149870801033592
have,owww,1,154,6192,0.00016149870801033592
have,strawberry,1,155,6192,0.00016149870801033592
have,swww,1,156,6192,0.00016149870801033592
have,morgie,1,157,6192,0.00016149870801033592
have,cj,1,158,6192,0.00016149870801033592
have,morgan,1,159,6192,0.00016149870801033592
have,mandy,1,160,6192,0.00016149870801033592
have,face,1,161,6192,0.00016149870801033592
have,squirrelie,1,162,6192,0.00016149870801033592
have,tummy,1,163,6192,0.00016149870801033592
have,those,1,164,6192,0.00016149870801033592
have,lord,1,165,6192,0.00016149870801033592
have,wolf,1,166,6192,0.00016149870801033592
have,everyone,1,167,6192,0.00016149870801033592
have,do,1,168,6192,0.00016149870801033592
have,sandal,1,169,6192,0.00016149870801033592
have,beef,1,170,6192,0.00016149870801033592
have,terry,1,171,6192,0.00016149870801033592
have,moose,1,172,6192,0.00016149870801033592
have,ten,1,173,6192,0.00016149870801033592
have,mom_mom,1,174,6192,0.00016149870801033592
have,butterfly,1,175,6192,0.00016149870801033592
have,henry,1,176,6192,0.00016149870801033592
have,mopsy,1,177,6192,0.00016149870801033592
have,yulibobs,1,178,6192,0.00016149870801033592
have,egg,1,179,6192,0.00016149870801033592
have,water,1,180,6192,0.00016149870801033592
have,nana,1,181,6192,0.00016149870801033592
have,rangy,1,182,6192,0.00016149870801033592
have,cathy,1,183,6192,0.00016149870801033592
have,cheese,1,184,6192,0.00016149870801033592
have,seal,1,185,6192,0.00016149870801033592
have,bat,1,186,6192,0.00016149870801033592
have,donald,1,187,6192,0.00016149870801033592
have,uncle,1,188,6192,0.00016149870801033592
have,train,1,189,6192,0.00016149870801033592
have,griggs,1,190,6192,0.00016149870801033592
have,yeh,1,191,6192,0.00016149870801033592
have,eater,1,192,6192,0.00016149870801033592
have,pinocchio,1,193,6192,0.00016149870801033592
have,puppet,1,194,6192,0.00016149870801033592
have,jamie,1,195,6192,0.00016149870801033592
have,jean,1,196,6192,0.00016149870801033592
have,grammy,1,197,6192,0.00016149870801033592
have,norman,1,198,6192,0.00016149870801033592
have,duck,1,199,6192,0.00016149870801033592
have,calf,1,200,6192,0.00016149870801033592
have,neva,1,201,6192,0.00016149870801033592
have,costello,1,202,6192,0.00016149870801033592
have,kokowk,1,203,6192,0.00016149870801033592
have,city,1,204,6192,0.00016149870801033592
have,apple,1,205,6192,0.00016149870801033592
have,bite,1,206,6192,0.00016149870801033592
have,swing,1,207,6192,0.00016149870801033592
have,ben,1,208,6192,0.00016149870801033592
have,lot,1,209,6192,0.00016149870801033592
have,song,1,210,6192,0.00016149870801033592
have,kathy,1,211,6192,0.00016149870801033592
have,whoop,1,212,6192,0.00016149870801033592
have,nomi,1,213,6192,0.00016149870801033592
have,your,1,214,6192,0.00016149870801033592
have,wall,1,215,6192,0.00016149870801033592
have,part,1,216,6192,0.00016149870801033592
have,sticky,1,217,6192,0.00016149870801033592
have,paper,1,218,6192,0.00016149870801033592
have,giraffe,1,219,6192,0.00016149870801033592
have,doggy,1,220,6192,0.00016149870801033592
have,slate,1,221,6192,0.00016149870801033592
have,tractor,1,222,6192,0.00016149870801033592
have,bud,1,223,6192,0.00016149870801033592
have,julia,1,224,6192,0.00016149870801033592
have,these,1,225,6192,0.00016149870801033592
have,duncan,1,226,6192,0.00016149870801033592
have,ion,1,227,6192,0.00016149870801033592
have,zack,1,228,6192,0.00016149870801033592
have,kind,1,229,6192,0.00016149870801033592
have,marco,1,230,6192,0.00016149870801033592
have,doctor,1,231,6192,0.00016149870801033592
have,broom,1,232,6192,0.00016149870801033592
have,mcdonald,1,233,6192,0.00016149870801033592
have,hair,1,234,6192,0.00016149870801033592
have,shell,1,235,6192,0.00016149870801033592
have,brush,1,236,6192,0.00016149870801033592
have,dadaw,1,237,6192,0.00016149870801033592
have,pebbles,1,238,6192,0.00016149870801033592
have,name,1,239,6192,0.00016149870801033592
have,jim,1,240,6192,0.00016149870801033592
have,abi,1,241,6192,0.00016149870801033592
have,dolly'll,1,242,6192,0.00016149870801033592
have,fascination,1,243,6192,0.00016149870801033592
have,boat,1,244,6192,0.00016149870801033592
have,worzel,1,245,6192,0.00016149870801033592
have,none,1,246,6192,0.00016149870801033592
have,horsie,1,247,6192,0.00016149870801033592
have,amy,1,248,6192,0.00016149870801033592
have,piglet,1,249,6192,0.00016149870801033592
have,clue,1,250,6192,0.00016149870801033592
have,rhino,1,251,6192,0.00016149870801033592
have,joel,1,252,6192,0.00016149870801033592
have,sticker,1,253,6192,0.00016149870801033592
have,penguin,1,254,6192,0.00016149870801033592
have,house,1,255,6192,0.00016149870801033592
have,thomas_the_tank_engine,1,256,6192,0.00016149870801033592
have,ruth,1,257,6192,0.00016149870801033592
have,babas,1,258,6192,0.00016149870801033592
have,toe,1,259,6192,0.00016149870801033592
have,alice,1,260,6192,0.00016149870801033592
have,abbey,1,261,6192,0.00016149870801033592
have,hand,1,262,6192,0.00016149870801033592
have,benjamin,1,263,6192,0.00016149870801033592
have,let,1,264,6192,0.00016149870801033592
have,robert,1,265,6192,0.00016149870801033592
have,anything,1,266,6192,0.00016149870801033592
have,pooed,1,267,6192,0.00016149870801033592
have,work,1,268,6192,0.00016149870801033592
have,ian,1,269,6192,0.00016149870801033592
have,be,1,270,6192,0.00016149870801033592
have,lee_lee,1,271,6192,0.00016149870801033592
have,bears,1,272,6192,0.00016149870801033592
have,harriet,1,273,6192,0.00016149870801033592
have,come,1,274,6192,0.00016149870801033592
have,mess,1,275,6192,0.00016149870801033592
have,byebye,1,276,6192,0.00016149870801033592
have,pal,1,277,6192,0.00016149870801033592
have,paul,1,278,6192,0.00016149870801033592
have,lorna,1,279,6192,0.00016149870801033592
have,number,1,280,6192,0.00016149870801033592
have,big_bird,1,281,6192,0.00016149870801033592
have,spoon,1,282,6192,0.00016149870801033592
have,whoops,1,283,6192,0.00016149870801033592
have,people,1,284,6192,0.00016149870801033592
have,sissy,1,285,6192,0.00016149870801033592
have,goofy,1,286,6192,0.00016149870801033592
have,mr_potato_head,1,287,6192,0.00016149870801033592
have,town,1,288,6192,0.00016149870801033592
have,all,1,289,6192,0.00016149870801033592
have,bus,1,290,6192,0.00016149870801033592
have,dress,1,291,6192,0.00016149870801033592
have,kiss,1,292,6192,0.00016149870801033592
have,farm,1,293,6192,0.00016149870801033592
have,collin,1,294,6192,0.00016149870801033592
have,anybody,1,295,6192,0.00016149870801033592
have,mm,1,296,6192,0.00016149870801033592
have,look,1,297,6192,0.00016149870801033592
have,barney,1,298,6192,0.00016149870801033592
have,sam,1,299,6192,0.00016149870801033592
have,spaghetti,1,300,6192,0.00016149870801033592
have,gramma,1,301,6192,0.00016149870801033592
have,ball,1,302,6192,0.00016149870801033592
have,camera,1,303,6192,0.00016149870801033592
have,nan,1,304,6192,0.00016149870801033592
have,fei,1,305,6192,0.00016149870801033592
have,gig,1,306,6192,0.00016149870801033592
have,raggedy_ann,1,307,6192,0.00016149870801033592
have,marker,1,308,6192,0.00016149870801033592
have,lid,1,309,6192,0.00016149870801033592
have,bro,1,310,6192,0.00016149870801033592
have,mye,1,311,6192,0.00016149870801033592
have,zipper,1,312,6192,0.00016149870801033592
have,zic,1,313,6192,0.00016149870801033592
have,jon,1,314,6192,0.00016149870801033592
have,brianne,1,315,6192,0.00016149870801033592
have,tyler,1,316,6192,0.00016149870801033592
have,adolfo,1,317,6192,0.00016149870801033592
have,bed,1,318,6192,0.00016149870801033592
have,cup,1,319,6192,0.00016149870801033592
have,almeda,1,320,6192,0.00016149870801033592
have,edena,1,321,6192,0.00016149870801033592
have,little,1,322,6192,0.00016149870801033592
have,potatohead,1,323,6192,0.00016149870801033592
have,megan,1,324,6192,0.00016149870801033592
have,jamal,1,325,6192,0.00016149870801033592
have,momma,1,326,6192,0.00016149870801033592
have,ursula,1,327,6192,0.00016149870801033592
have,picture,1,328,6192,0.00016149870801033592
have,ken,1,329,6192,0.00016149870801033592
have,corey,1,330,6192,0.00016149870801033592
have,pinichio,1,331,6192,0.00016149870801033592
have,line,1,332,6192,0.00016149870801033592
have,school,1,333,6192,0.00016149870801033592
have,lizard,1,334,6192,0.00016149870801033592
have,dot,1,335,6192,0.00016149870801033592
have,mamma,1,336,6192,0.00016149870801033592
have,mammy,1,337,6192,0.00016149870801033592
have,oscar,1,338,6192,0.00016149870801033592
have,jj,1,339,6192,0.00016149870801033592
have,shelley,1,340,6192,0.00016149870801033592
see,you,2050,1,5963,0.3437866845547543
see,i,1660,2,5963,0.27838336407848396
see,us,1021,3,5963,0.17122253899044104
see,we,584,4,5963,0.09793727989267148
see,wanna,142,5,5963,0.023813516686231762
see,lemme,123,6,5963,0.020627201073285258
see,he,46,7,5963,0.007714237799765219
see,mommy,40,8,5963,0.00670803286936106
see,she,38,9,5963,0.006372631225893007
see,mummy,28,10,5963,0.004695623008552742
see,let,19,11,5963,0.0031863156129465033
see,ya,18,12,5963,0.003018614791212477
see,they,17,13,5963,0.0028509139694784503
see,mama,13,14,5963,0.0021801106825423446
see,carl,13,15,5963,0.0021801106825423446
see,it,10,16,5963,0.001677008217340265
see,daddy,9,17,5963,0.0015093073956062384
see,whatcha,7,18,5963,0.0011739057521381855
see,rachel,7,19,5963,0.0011739057521381855
see,mickey,4,20,5963,0.000670803286936106
see,baby,4,21,5963,0.000670803286936106
see,lookee,4,22,5963,0.000670803286936106
see,baby_mickey,3,23,5963,0.0005031024652020795
see,bird,3,24,5963,0.0005031024652020795
see,ball,3,25,5963,0.0005031024652020795
see,that,3,26,5963,0.0005031024652020795
see,everybody,3,27,5963,0.0005031024652020795
see,this,3,28,5963,0.0005031024652020795
see,mom,3,29,5963,0.0005031024652020795
see,mahmaw,3,30,5963,0.0005031024652020795
see,anybody,2,31,5963,0.000335401643468053
see,the,2,32,5963,0.000335401643468053
see,who,2,33,5963,0.000335401643468053
see,bear,2,34,5963,0.000335401643468053
see,anyone,2,35,5963,0.000335401643468053
see,camera,2,36,5963,0.000335401643468053
see,fish,2,37,5963,0.000335401643468053
see,what,2,38,5963,0.000335401643468053
see,byebye,2,39,5963,0.000335401643468053
see,joann,2,40,5963,0.000335401643468053
see,ew,2,41,5963,0.000335401643468053
see,inge,1,42,5963,0.0001677008217340265
see,bunny,1,43,5963,0.0001677008217340265
see,hand,1,44,5963,0.0001677008217340265
see,puppet,1,45,5963,0.0001677008217340265
see,eric,1,46,5963,0.0001677008217340265
see,airplane,1,47,5963,0.0001677008217340265
see,seesaw,1,48,5963,0.0001677008217340265
see,patsy,1,49,5963,0.0001677008217340265
see,laura,1,50,5963,0.0001677008217340265
see,angel,1,51,5963,0.0001677008217340265
see,moon,1,52,5963,0.0001677008217340265
see,nobody,1,53,5963,0.0001677008217340265
see,alexander,1,54,5963,0.0001677008217340265
see,nala,1,55,5963,0.0001677008217340265
see,simba,1,56,5963,0.0001677008217340265
see,dakota,1,57,5963,0.0001677008217340265
see,basket,1,58,5963,0.0001677008217340265
see,forehead,1,59,5963,0.0001677008217340265
see,rabbit,1,60,5963,0.0001677008217340265
see,somebody,1,61,5963,0.0001677008217340265
see,fraser,1,62,5963,0.0001677008217340265
see,whoop,1,63,5963,0.0001677008217340265
see,john,1,64,5963,0.0001677008217340265
see,whee,1,65,5963,0.0001677008217340265
see,melissa,1,66,5963,0.0001677008217340265
see,mash,1,67,5963,0.0001677008217340265
see,ten,1,68,5963,0.0001677008217340265
see,travis,1,69,5963,0.0001677008217340265
see,swing,1,70,5963,0.0001677008217340265
see,uhhum,1,71,5963,0.0001677008217340265
see,kalie,1,72,5963,0.0001677008217340265
see,sister,1,73,5963,0.0001677008217340265
see,doggie,1,74,5963,0.0001677008217340265
see,nomi,1,75,5963,0.0001677008217340265
see,theo,1,76,5963,0.0001677008217340265
see,nina,1,77,5963,0.0001677008217340265
see,moo,1,78,5963,0.0001677008217340265
see,god,1,79,5963,0.0001677008217340265
see,lara,1,80,5963,0.0001677008217340265
see,elephant,1,81,5963,0.0001677008217340265
see,percy,1,82,5963,0.0001677008217340265
see,mum,1,83,5963,0.0001677008217340265
see,sharon,1,84,5963,0.0001677008217340265
see,yeh,1,85,5963,0.0001677008217340265
see,dad,1,86,5963,0.0001677008217340265
see,firstname,1,87,5963,0.0001677008217340265
see,guy,1,88,5963,0.0001677008217340265
see,baah,1,89,5963,0.0001677008217340265
see,fei,1,90,5963,0.0001677008217340265
see,gal,1,91,5963,0.0001677008217340265
see,mey,1,92,5963,0.0001677008217340265
see,crayon,1,93,5963,0.0001677008217340265
see,girl,1,94,5963,0.0001677008217340265
see,gst,1,95,5963,0.0001677008217340265
see,son,1,96,5963,0.0001677008217340265
see,ramona,1,97,5963,0.0001677008217340265
see,kalkin,1,98,5963,0.0001677008217340265
see,one,1,99,5963,0.0001677008217340265
see,oscar,1,100,5963,0.0001677008217340265
see,doll,1,101,5963,0.0001677008217340265
wanna,you,5325,1,5962,0.8931566588393157
wanna,i,420,2,5962,0.07044615900704461
wanna,we,70,3,5962,0.011741026501174102
wanna,he,43,4,5962,0.007212344850721235
wanna,they,25,5,5962,0.004193223750419322
wanna,she,25,6,5962,0.004193223750419322
wanna,ya,8,7,5962,0.0013418316001341832
wanna,one,7,8,5962,0.0011741026501174102
wanna,baby,3,9,5962,0.0005031868500503186
wanna,nathan,3,10,5962,0.0005031868500503186
wanna,it,3,11,5962,0.0005031868500503186
wanna,mummy,3,12,5962,0.0005031868500503186
wanna,firstname,3,13,5962,0.0005031868500503186
wanna,man,2,14,5962,0.0003354579000335458
wanna,guy,2,15,5962,0.0003354579000335458
wanna,that,2,16,5962,0.0003354579000335458
wanna,train,1,17,5962,0.0001677289500167729
wanna,mommy,1,18,5962,0.0001677289500167729
wanna,cat,1,19,5962,0.0001677289500167729
wanna,kitty,1,20,5962,0.0001677289500167729
wanna,cupcake,1,21,5962,0.0001677289500167729
wanna,cow,1,22,5962,0.0001677289500167729
wanna,eve,1,23,5962,0.0001677289500167729
wanna,who,1,24,5962,0.0001677289500167729
wanna,pinocchio,1,25,5962,0.0001677289500167729
wanna,daddy,1,26,5962,0.0001677289500167729
wanna,goldie,1,27,5962,0.0001677289500167729
wanna,piggie,1,28,5962,0.0001677289500167729
wanna,brother,1,29,5962,0.0001677289500167729
wanna,ear,1,30,5962,0.0001677289500167729
wanna,shoe,1,31,5962,0.0001677289500167729
wanna,whee,1,32,5962,0.0001677289500167729
wanna,oliver,1,33,5962,0.0001677289500167729
wanna,mom,1,34,5962,0.0001677289500167729
put,you,2203,1,5409,0.4072841560362359
put,we,1145,2,5409,0.2116842299870586
put,i,658,3,5409,0.12164910334627473
put,us,508,4,5409,0.09391754483268626
put,wanna,293,5,5409,0.05416897762987613
put,mommy,98,6,5409,0.01811795156221113
put,daddy,62,7,5409,0.011462377518949898
put,he,40,8,5409,0.007395082270290257
put,mummy,33,9,5409,0.006100942872989462
put,she,31,10,5409,0.005731188759474949
put,lemme,28,11,5409,0.00517655758920318
put,needta,14,12,5409,0.00258827879460159
put,who,13,13,5409,0.0024034017378443337
put,mama,13,14,5409,0.0024034017378443337
put,nomi,13,15,5409,0.0024034017378443337
put,they,12,16,5409,0.0022185246810870773
put,carl,11,17,5409,0.0020336476243298205
put,go,10,18,5409,0.0018487705675725643
put,ya,8,19,5409,0.0014790164540580515
put,boy,8,20,5409,0.0014790164540580515
put,mom,8,21,5409,0.0014790164540580515
put,firstname,8,22,5409,0.0014790164540580515
put,paul,7,23,5409,0.001294139397300795
put,it,7,24,5409,0.001294139397300795
put,somebody,7,25,5409,0.001294139397300795
put,rachel,7,26,5409,0.001294139397300795
put,let,5,27,5409,0.0009243852837862821
put,peter,4,28,5409,0.0007395082270290257
put,sally,4,29,5409,0.0007395082270290257
put,kalie,4,30,5409,0.0007395082270290257
put,baby,4,31,5409,0.0007395082270290257
put,that,4,32,5409,0.0007395082270290257
put,lookee,4,33,5409,0.0007395082270290257
put,edena,4,34,5409,0.0007395082270290257
put,lois,3,35,5409,0.0005546311702717693
put,toy,3,36,5409,0.0005546311702717693
put,snort,3,37,5409,0.0005546311702717693
put,daddy'll,3,38,5409,0.0005546311702717693
put,mummie,3,39,5409,0.0005546311702717693
put,patsy,2,40,5409,0.00036975411351451286
put,oughta,2,41,5409,0.00036975411351451286
put,jwww,2,42,5409,0.00036975411351451286
put,laura,2,43,5409,0.00036975411351451286
put,honey,2,44,5409,0.00036975411351451286
put,hasta,2,45,5409,0.00036975411351451286
put,timmy,2,46,5409,0.00036975411351451286
put,eve,2,47,5409,0.00036975411351451286
put,yeh,2,48,5409,0.00036975411351451286
put,dad,2,49,5409,0.00036975411351451286
put,megan,2,50,5409,0.00036975411351451286
put,one,2,51,5409,0.00036975411351451286
put,nina,2,52,5409,0.00036975411351451286
put,sandwich,2,53,5409,0.00036975411351451286
put,warren,2,54,5409,0.00036975411351451286
put,nanny,2,55,5409,0.00036975411351451286
put,grape,2,56,5409,0.00036975411351451286
put,bla,2,57,5409,0.00036975411351451286
put,gar,2,58,5409,0.00036975411351451286
put,gig,2,59,5409,0.00036975411351451286
put,patrick,2,60,5409,0.00036975411351451286
put,cow,1,61,5409,0.00018487705675725643
put,frisbee,1,62,5409,0.00018487705675725643
put,juice,1,63,5409,0.00018487705675725643
put,four,1,64,5409,0.00018487705675725643
put,foot,1,65,5409,0.00018487705675725643
put,bike,1,66,5409,0.00018487705675725643
put,joanna,1,67,5409,0.00018487705675725643
put,top,1,68,5409,0.00018487705675725643
put,clothe,1,69,5409,0.00018487705675725643
put,kitty,1,70,5409,0.00018487705675725643
put,someone,1,71,5409,0.00018487705675725643
put,kitten,1,72,5409,0.00018487705675725643
put,hadta,1,73,5409,0.00018487705675725643
put,andy,1,74,5409,0.00018487705675725643
put,granddaddy,1,75,5409,0.00018487705675725643
put,fraser'll,1,76,5409,0.00018487705675725643
put,cromer,1,77,5409,0.00018487705675725643
put,uhhuh,1,78,5409,0.00018487705675725643
put,cook,1,79,5409,0.00018487705675725643
put,way,1,80,5409,0.00018487705675725643
put,ema,1,81,5409,0.00018487705675725643
put,sheep,1,82,5409,0.00018487705675725643
put,chicken,1,83,5409,0.00018487705675725643
put,lissa,1,84,5409,0.00018487705675725643
put,yay,1,85,5409,0.00018487705675725643
put,travis,1,86,5409,0.00018487705675725643
put,bib,1,87,5409,0.00018487705675725643
put,sock,1,88,5409,0.00018487705675725643
put,sister,1,89,5409,0.00018487705675725643
put,yep,1,90,5409,0.00018487705675725643
put,claus,1,91,5409,0.00018487705675725643
put,thank_you,1,92,5409,0.00018487705675725643
put,jason,1,93,5409,0.00018487705675725643
put,oliver,1,94,5409,0.00018487705675725643
put,no,1,95,5409,0.00018487705675725643
put,pen,1,96,5409,0.00018487705675725643
put,grandma,1,97,5409,0.00018487705675725643
put,lara,1,98,5409,0.00018487705675725643
put,anne,1,99,5409,0.00018487705675725643
put,forget,1,100,5409,0.00018487705675725643
put,tractor,1,101,5409,0.00018487705675725643
put,husband,1,102,5409,0.00018487705675725643
put,jack,1,103,5409,0.00018487705675725643
put,tony,1,104,5409,0.00018487705675725643
put,turn,1,105,5409,0.00018487705675725643
put,good,1,106,5409,0.00018487705675725643
put,circle,1,107,5409,0.00018487705675725643
put,yup,1,108,5409,0.00018487705675725643
put,camera,1,109,5409,0.00018487705675725643
put,nope,1,110,5409,0.00018487705675725643
put,cha,1,111,5409,0.00018487705675725643
put,cic,1,112,5409,0.00018487705675725643
put,sweetie,1,113,5409,0.00018487705675725643
put,girl,1,114,5409,0.00018487705675725643
put,bunny,1,115,5409,0.00018487705675725643
put,gal,1,116,5409,0.00018487705675725643
put,whoop,1,117,5409,0.00018487705675725643
put,roz,1,118,5409,0.00018487705675725643
put,whee,1,119,5409,0.00018487705675725643
put,leo,1,120,5409,0.00018487705675725643
put,rom,1,121,5409,0.00018487705675725643
put,yo,1,122,5409,0.00018487705675725643
put,mommy'll,1,123,5409,0.00018487705675725643
put,jac,1,124,5409,0.00018487705675725643
put,edith,1,125,5409,0.00018487705675725643
put,stack,1,126,5409,0.00018487705675725643
put,ellisy,1,127,5409,0.00018487705675725643
put,blue,1,128,5409,0.00018487705675725643
put,taste,1,129,5409,0.00018487705675725643
put,josh,1,130,5409,0.00018487705675725643
put,people,1,131,5409,0.00018487705675725643
put,trick,1,132,5409,0.00018487705675725643
put,aislinn,1,133,5409,0.00018487705675725643
put,monkey,1,134,5409,0.00018487705675725643
say,you,1850,1,4865,0.3802672147995889
say,he,312,2,4865,0.06413155190133607
say,she,216,3,4865,0.04439876670092498
say,i,214,4,4865,0.04398766700924974
say,it,192,5,4865,0.0394655704008222
say,cow,114,6,4865,0.02343268242548818
say,duck,83,7,4865,0.017060637204522097
say,who,71,8,4865,0.014594039054470709
say,doggie,67,9,4865,0.013771839671120247
say,they,60,10,4865,0.012332990750256937
say,kitty,60,11,4865,0.012332990750256937
say,cat,59,12,4865,0.012127440904419322
say,that,52,13,4865,0.010688591983556012
say,mommy,51,14,4865,0.010483042137718397
say,we,45,15,4865,0.009249743062692703
say,dog,38,16,4865,0.007810894141829393
say,baby,35,17,4865,0.007194244604316547
say,horsie,35,18,4865,0.007194244604316547
say,daddy,33,19,4865,0.0067831449126413155
say,sheep,32,20,4865,0.0065775950668037
say,bird,28,21,4865,0.0057553956834532375
say,lion,28,22,4865,0.0057553956834532375
say,doggy,27,23,4865,0.005549845837615622
say,moo,27,24,4865,0.005549845837615622
say,mama,27,25,4865,0.005549845837615622
say,nomi,27,26,4865,0.005549845837615622
say,this,25,27,4865,0.0051387461459403904
say,doctor,23,28,4865,0.00472764645426516
say,horse,21,29,4865,0.004316546762589928
say,piggy,20,30,4865,0.0041109969167523125
say,chicken,19,31,4865,0.0039054470709146967
say,pig,19,32,4865,0.0039054470709146967
say,owl,19,33,4865,0.0039054470709146967
say,bear,19,34,4865,0.0039054470709146967
say,firstname,19,35,4865,0.0039054470709146967
say,rooster,18,36,4865,0.0036998972250770813
say,hyena,17,37,4865,0.0034943473792394654
say,wanna,16,38,4865,0.00328879753340185
say,geese,16,39,4865,0.00328879753340185
say,laura,15,40,4865,0.003083247687564234
say,lamb,15,41,4865,0.003083247687564234
say,monkey,15,42,4865,0.003083247687564234
say,rabbit,15,43,4865,0.003083247687564234
say,frog,13,44,4865,0.002672147995889003
say,animal,13,45,4865,0.002672147995889003
say,snake,13,46,4865,0.002672147995889003
say,donkey,13,47,4865,0.002672147995889003
say,one,12,48,4865,0.0024665981500513875
say,birdie,12,49,4865,0.0024665981500513875
say,bunny,12,50,4865,0.0024665981500513875
say,elephant,12,51,4865,0.0024665981500513875
say,turkey,11,52,4865,0.0022610483042137717
say,car,11,53,4865,0.0022610483042137717
say,piggie,10,54,4865,0.0020554984583761563
say,mummy,10,55,4865,0.0020554984583761563
say,what,9,56,4865,0.0018499486125385406
say,us,9,57,4865,0.0018499486125385406
say,goat,9,58,4865,0.0018499486125385406
say,man,8,59,4865,0.001644398766700925
say,puppy,8,60,4865,0.001644398766700925
say,tiger,8,61,4865,0.001644398766700925
say,mouse,7,62,4865,0.0014388489208633094
say,wolf,7,63,4865,0.0014388489208633094
say,duckie,7,64,4865,0.0014388489208633094
say,chick,7,65,4865,0.0014388489208633094
say,lady,7,66,4865,0.0014388489208633094
say,ya,6,67,4865,0.0012332990750256938
say,grandma,6,68,4865,0.0012332990750256938
say,train,6,69,4865,0.0012332990750256938
say,squawky,6,70,4865,0.0012332990750256938
say,goose,6,71,4865,0.0012332990750256938
say,kitty_cat,6,72,4865,0.0012332990750256938
say,chickie,6,73,4865,0.0012332990750256938
say,bert,6,74,4865,0.0012332990750256938
say,truck,5,75,4865,0.0010277492291880781
say,mom,5,76,4865,0.0010277492291880781
say,choo,5,77,4865,0.0010277492291880781
say,bee,5,78,4865,0.0010277492291880781
say,driver,5,79,4865,0.0010277492291880781
say,girl,5,80,4865,0.0010277492291880781
say,engine,5,81,4865,0.0010277492291880781
say,meow,4,82,4865,0.0008221993833504625
say,mother,4,83,4865,0.0008221993833504625
say,woof,4,84,4865,0.0008221993833504625
say,pooh,4,85,4865,0.0008221993833504625
say,eyeore,4,86,4865,0.0008221993833504625
say,woody,4,87,4865,0.0008221993833504625
say,no,4,88,4865,0.0008221993833504625
say,fishie,4,89,4865,0.0008221993833504625
say,pinocchio,4,90,4865,0.0008221993833504625
say,stromboli,4,91,4865,0.0008221993833504625
say,motorcycle,4,92,4865,0.0008221993833504625
say,pardon,4,93,4865,0.0008221993833504625
say,grandpa_pete,4,94,4865,0.0008221993833504625
say,jane,4,95,4865,0.0008221993833504625
say,fei,4,96,4865,0.0008221993833504625
say,peter,3,97,4865,0.0006166495375128469
say,recorder,3,98,4865,0.0006166495375128469
say,morgan,3,99,4865,0.0006166495375128469
say,baa,3,100,4865,0.0006166495375128469
say,book,3,101,4865,0.0006166495375128469
say,dada,3,102,4865,0.0006166495375128469
say,nana,3,103,4865,0.0006166495375128469
say,tom,3,104,4865,0.0006166495375128469
say,tree,3,105,4865,0.0006166495375128469
say,clock,3,106,4865,0.0006166495375128469
say,crocodile,3,107,4865,0.0006166495375128469
say,papa,3,108,4865,0.0006166495375128469
say,lewis,3,109,4865,0.0006166495375128469
say,ernie,3,110,4865,0.0006166495375128469
say,giraffe,3,111,4865,0.0006166495375128469
say,katie,3,112,4865,0.0006166495375128469
say,clown,3,113,4865,0.0006166495375128469
say,lara,3,114,4865,0.0006166495375128469
say,baah,3,115,4865,0.0006166495375128469
say,chad,3,116,4865,0.0006166495375128469
say,ramona,3,117,4865,0.0006166495375128469
say,chin,3,118,4865,0.0006166495375128469
say,haw,3,119,4865,0.0006166495375128469
say,camel,2,120,4865,0.00041109969167523125
say,chico,2,121,4865,0.00041109969167523125
say,kid,2,122,4865,0.00041109969167523125
say,boy,2,123,4865,0.00041109969167523125
say,gwww,2,124,4865,0.00041109969167523125
say,nobody,2,125,4865,0.00041109969167523125
say,noah,2,126,4865,0.00041109969167523125
say,byebye,2,127,4865,0.00041109969167523125
say,juice,2,128,4865,0.00041109969167523125
say,piglet,2,129,4865,0.00041109969167523125
say,pony,2,130,4865,0.00041109969167523125
say,duckling,2,131,4865,0.00041109969167523125
say,cock_a_doodle_doo,2,132,4865,0.00041109969167523125
say,ladybug,2,133,4865,0.00041109969167523125
say,hen,2,134,4865,0.00041109969167523125
say,thing,2,135,4865,0.00041109969167523125
say,bible,2,136,4865,0.00041109969167523125
say,useta,2,137,4865,0.00041109969167523125
say,jiminy,2,138,4865,0.00041109969167523125
say,gita,2,139,4865,0.00041109969167523125
say,ross,2,140,4865,0.00041109969167523125
say,puppys,2,141,4865,0.00041109969167523125
say,piggys,2,142,4865,0.00041109969167523125
say,word,2,143,4865,0.00041109969167523125
say,debbie,2,144,4865,0.00041109969167523125
say,kikuyus,2,145,4865,0.00041109969167523125
say,wife,2,146,4865,0.00041109969167523125
say,firetruck,2,147,4865,0.00041109969167523125
say,gammy,2,148,4865,0.00041109969167523125
say,ma,2,149,4865,0.00041109969167523125
say,butterfly,2,150,4865,0.00041109969167523125
say,dinosaur,2,151,4865,0.00041109969167523125
say,spock,2,152,4865,0.00041109969167523125
say,jill,2,153,4865,0.00041109969167523125
say,claus,2,154,4865,0.00041109969167523125
say,caroline,2,155,4865,0.00041109969167523125
say,teddy,2,156,4865,0.00041109969167523125
say,spot,2,157,4865,0.00041109969167523125
say,thomas,2,158,4865,0.00041109969167523125
say,carl,2,159,4865,0.00041109969167523125
say,parrot,2,160,4865,0.00041109969167523125
say,mummie,2,161,4865,0.00041109969167523125
say,grandpa,2,162,4865,0.00041109969167523125
say,grandpa_sid,2,163,4865,0.00041109969167523125
say,sid,2,164,4865,0.00041109969167523125
say,nicky,2,165,4865,0.00041109969167523125
say,benjamin,2,166,4865,0.00041109969167523125
say,nicola,2,167,4865,0.00041109969167523125
say,dicky,2,168,4865,0.00041109969167523125
say,phone,2,169,4865,0.00041109969167523125
say,horsy,2,170,4865,0.00041109969167523125
say,dad,2,171,4865,0.00041109969167523125
say,peep,2,172,4865,0.00041109969167523125
say,uhoh,2,173,4865,0.00041109969167523125
say,mey,2,174,4865,0.00041109969167523125
say,bump,2,175,4865,0.00041109969167523125
say,max,2,176,4865,0.00041109969167523125
say,puppy_dog,2,177,4865,0.00041109969167523125
say,ken,2,178,4865,0.00041109969167523125
say,terry,2,179,4865,0.00041109969167523125
say,tracy,2,180,4865,0.00041109969167523125
say,nenna,2,181,4865,0.00041109969167523125
say,dog_dog,1,182,4865,0.00020554984583761563
say,loren,1,183,4865,0.00020554984583761563
say,tick,1,184,4865,0.00020554984583761563
say,paul,1,185,4865,0.00020554984583761563
say,mimi,1,186,4865,0.00020554984583761563
say,pepe,1,187,4865,0.00020554984583761563
say,way,1,188,4865,0.00020554984583761563
say,someone,1,189,4865,0.00020554984583761563
say,stranger,1,190,4865,0.00020554984583761563
say,yo,1,191,4865,0.00020554984583761563
say,which,1,192,4865,0.00020554984583761563
say,dirt,1,193,4865,0.00020554984583761563
say,hippie,1,194,4865,0.00020554984583761563
say,ewww,1,195,4865,0.00020554984583761563
say,cheese,1,196,4865,0.00020554984583761563
say,everyone,1,197,4865,0.00020554984583761563
say,susie,1,198,4865,0.00020554984583761563
say,brisco,1,199,4865,0.00020554984583761563
say,poppy,1,200,4865,0.00020554984583761563
say,squawky_the_parrot,1,201,4865,0.00020554984583761563
say,quack,1,202,4865,0.00020554984583761563
say,neigh,1,203,4865,0.00020554984583761563
say,suzy,1,204,4865,0.00020554984583761563
say,gatorade,1,205,4865,0.00020554984583761563
say,mandy,1,206,4865,0.00020554984583761563
say,chart,1,207,4865,0.00020554984583761563
say,katy,1,208,4865,0.00020554984583761563
say,angel,1,209,4865,0.00020554984583761563
say,robin,1,210,4865,0.00020554984583761563
say,tweedledum,1,211,4865,0.00020554984583761563
say,toddler,1,212,4865,0.00020554984583761563
say,teacher,1,213,4865,0.00020554984583761563
say,dillon,1,214,4865,0.00020554984583761563
say,favorite,1,215,4865,0.00020554984583761563
say,brooklyn,1,216,4865,0.00020554984583761563
say,somebody,1,217,4865,0.00020554984583761563
say,ramble,1,218,4865,0.00020554984583761563
say,bang,1,219,4865,0.00020554984583761563
say,joe,1,220,4865,0.00020554984583761563
say,chugga,1,221,4865,0.00020554984583761563
say,wee,1,222,4865,0.00020554984583761563
say,timmy,1,223,4865,0.00020554984583761563
say,spaghettio,1,224,4865,0.00020554984583761563
say,farmer_joe,1,225,4865,0.00020554984583761563
say,dong,1,226,4865,0.00020554984583761563
say,matthew,1,227,4865,0.00020554984583761563
say,brush,1,228,4865,0.00020554984583761563
say,dakota,1,229,4865,0.00020554984583761563
say,god,1,230,4865,0.00020554984583761563
say,clifford,1,231,4865,0.00020554984583761563
say,elmo,1,232,4865,0.00020554984583761563
say,tortoise,1,233,4865,0.00020554984583761563
say,+,1,234,4865,0.00020554984583761563
say,see_and_say,1,235,4865,0.00020554984583761563
say,dictionary,1,236,4865,0.00020554984583761563
say,grandmother,1,237,4865,0.00020554984583761563
say,sign,1,238,4865,0.00020554984583761563
say,baebae,1,239,4865,0.00020554984583761563
say,z,1,240,4865,0.00020554984583761563
say,dyeisha,1,241,4865,0.00020554984583761563
say,gibberish,1,242,4865,0.00020554984583761563
say,bobo,1,243,4865,0.00020554984583761563
say,whatcha,1,244,4865,0.00020554984583761563
say,pencil,1,245,4865,0.00020554984583761563
say,cookie,1,246,4865,0.00020554984583761563
say,sock,1,247,4865,0.00020554984583761563
say,camera,1,248,4865,0.00020554984583761563
say,ahem,1,249,4865,0.00020554984583761563
say,hood,1,250,4865,0.00020554984583761563
say,dewey,1,251,4865,0.00020554984583761563
say,donald,1,252,4865,0.00020554984583761563
say,potatohead,1,253,4865,0.00020554984583761563
say,letter,1,254,4865,0.00020554984583761563
say,stepmother,1,255,4865,0.00020554984583761563
say,lampwick,1,256,4865,0.00020554984583761563
say,cricket,1,257,4865,0.00020554984583761563
say,gepetto,1,258,4865,0.00020554984583761563
say,battery,1,259,4865,0.00020554984583761563
say,mary,1,260,4865,0.00020554984583761563
say,sposta,1,261,4865,0.00020554984583761563
say,squeak_squeak,1,262,4865,0.00020554984583761563
say,opossum,1,263,4865,0.00020554984583761563
say,birthday,1,264,4865,0.00020554984583761563
say,zack,1,265,4865,0.00020554984583761563
say,ema,1,266,4865,0.00020554984583761563
say,box,1,267,4865,0.00020554984583761563
say,kitten,1,268,4865,0.00020554984583761563
say,meow_meow,1,269,4865,0.00020554984583761563
say,guy,1,270,4865,0.00020554984583761563
say,owlet,1,271,4865,0.00020554984583761563
say,woman,1,272,4865,0.00020554984583761563
say,betty,1,273,4865,0.00020554984583761563
say,stork,1,274,4865,0.00020554984583761563
say,didldow,1,275,4865,0.00020554984583761563
say,granma,1,276,4865,0.00020554984583761563
say,glenn,1,277,4865,0.00020554984583761563
say,blup,1,278,4865,0.00020554984583761563
say,prayer,1,279,4865,0.00020554984583761563
say,some,1,280,4865,0.00020554984583761563
say,dabee,1,281,4865,0.00020554984583761563
say,gobble,1,282,4865,0.00020554984583761563
say,everybody,1,283,4865,0.00020554984583761563
say,gramma,1,284,4865,0.00020554984583761563
say,baugh,1,285,4865,0.00020554984583761563
say,snowman,1,286,4865,0.00020554984583761563
say,hafta,1,287,4865,0.00020554984583761563
say,unicorn,1,288,4865,0.00020554984583761563
say,snoopy,1,289,4865,0.00020554984583761563
say,rubber,1,290,4865,0.00020554984583761563
say,kermit,1,291,4865,0.00020554984583761563
say,oink,1,292,4865,0.00020554984583761563
say,ahhah,1,293,4865,0.00020554984583761563
say,naomi,1,294,4865,0.00020554984583761563
say,uhhuh,1,295,4865,0.00020554984583761563
say,pottie,1,296,4865,0.00020554984583761563
say,good,1,297,4865,0.00020554984583761563
say,wonderful,1,298,4865,0.00020554984583761563
say,georgie,1,299,4865,0.00020554984583761563
say,honey,1,300,4865,0.00020554984583761563
say,michael,1,301,4865,0.00020554984583761563
say,kangaroo,1,302,4865,0.00020554984583761563
say,santa,1,303,4865,0.00020554984583761563
say,dadadada,1,304,4865,0.00020554984583761563
say,needta,1,305,4865,0.00020554984583761563
say,jesse,1,306,4865,0.00020554984583761563
say,apple,1,307,4865,0.00020554984583761563
say,my,1,308,4865,0.00020554984583761563
say,violin,1,309,4865,0.00020554984583761563
say,julia,1,310,4865,0.00020554984583761563
say,yours,1,311,4865,0.00020554984583761563
say,tweet,1,312,4865,0.00020554984583761563
say,ring,1,313,4865,0.00020554984583761563
say,kit,1,314,4865,0.00020554984583761563
say,dan,1,315,4865,0.00020554984583761563
say,amye,1,316,4865,0.00020554984583761563
say,jasper,1,317,4865,0.00020554984583761563
say,dougall,1,318,4865,0.00020554984583761563
say,john,1,319,4865,0.00020554984583761563
say,mildred,1,320,4865,0.00020554984583761563
say,farmer,1,321,4865,0.00020554984583761563
say,whale,1,322,4865,0.00020554984583761563
say,anne,1,323,4865,0.00020554984583761563
say,daddy'll,1,324,4865,0.00020554984583761563
say,pat,1,325,4865,0.00020554984583761563
say,whistle,1,326,4865,0.00020554984583761563
say,fat_controller,1,327,4865,0.00020554984583761563
say,number,1,328,4865,0.00020554984583761563
say,joel,1,329,4865,0.00020554984583761563
say,grandma_doris,1,330,4865,0.00020554984583761563
say,yuck,1,331,4865,0.00020554984583761563
say,place,1,332,4865,0.00020554984583761563
say,boss,1,333,4865,0.00020554984583761563
say,van,1,334,4865,0.00020554984583761563
say,margaret,1,335,4865,0.00020554984583761563
say,auntie,1,336,4865,0.00020554984583761563
say,sandra,1,337,4865,0.00020554984583761563
say,scotland,1,338,4865,0.00020554984583761563
say,forecast,1,339,4865,0.00020554984583761563
say,steve,1,340,4865,0.00020554984583761563
say,pete,1,341,4865,0.00020554984583761563
say,wonder,1,342,4865,0.00020554984583761563
say,judy,1,343,4865,0.00020554984583761563
say,whoops,1,344,4865,0.00020554984583761563
say,love,1,345,4865,0.00020554984583761563
say,kiss,1,346,4865,0.00020554984583761563
say,ball,1,347,4865,0.00020554984583761563
say,w,1,348,4865,0.00020554984583761563
say,brrr,1,349,4865,0.00020554984583761563
say,cmon,1,350,4865,0.00020554984583761563
say,cookie_monster,1,351,4865,0.00020554984583761563
say,peggy,1,352,4865,0.00020554984583761563
say,rachel,1,353,4865,0.00020554984583761563
say,barb,1,354,4865,0.00020554984583761563
say,bottle,1,355,4865,0.00020554984583761563
say,either,1,356,4865,0.00020554984583761563
say,booger,1,357,4865,0.00020554984583761563
say,morning,1,358,4865,0.00020554984583761563
say,barn,1,359,4865,0.00020554984583761563
say,controller,1,360,4865,0.00020554984583761563
say,b,1,361,4865,0.00020554984583761563
say,choo_choo,1,362,4865,0.00020554984583761563
say,blue,1,363,4865,0.00020554984583761563
say,gig,1,364,4865,0.00020554984583761563
say,lambie,1,365,4865,0.00020554984583761563
say,gla,1,366,4865,0.00020554984583761563
say,hap,1,367,4865,0.00020554984583761563
say,orange,1,368,4865,0.00020554984583761563
say,froggy,1,369,4865,0.00020554984583761563
say,rom,1,370,4865,0.00020554984583761563
say,mum,1,371,4865,0.00020554984583761563
say,mrs_dentist,1,372,4865,0.00020554984583761563
say,ow,1,373,4865,0.00020554984583761563
say,call,1,374,4865,0.00020554984583761563
say,wix,1,375,4865,0.00020554984583761563
say,mailbox,1,376,4865,0.00020554984583761563
say,tina,1,377,4865,0.00020554984583761563
say,telephone,1,378,4865,0.00020554984583761563
say,ellisy,1,379,4865,0.00020554984583761563
say,rance,1,380,4865,0.00020554984583761563
say,mammy,1,381,4865,0.00020554984583761563
say,oik,1,382,4865,0.00020554984583761563
say,cacacadoo,1,383,4865,0.00020554984583761563
say,ritty,1,384,4865,0.00020554984583761563
say,kim,1,385,4865,0.00020554984583761563
say,danny,1,386,4865,0.00020554984583761563
say,rachael,1,387,4865,0.00020554984583761563
say,grape,1,388,4865,0.00020554984583761563
know,you,1879,1,3807,0.4935644864722879
know,i,1629,2,3807,0.42789598108747046
know,she,105,3,3807,0.027580772261623327
know,we,57,4,3807,0.014972419227738377
know,he,31,5,3807,0.008142894667717364
know,mommy,12,6,3807,0.0031520882584712374
know,wanna,8,7,3807,0.0021013921723141583
know,they,6,8,3807,0.0015760441292356187
know,ya,5,9,3807,0.001313370107696349
know,nobody,4,10,3807,0.0010506960861570791
know,kid,3,11,3807,0.0007880220646178094
know,daddy,3,12,3807,0.0007880220646178094
know,god,3,13,3807,0.0007880220646178094
know,elmo,3,14,3807,0.0007880220646178094
know,everyone,2,15,3807,0.0005253480430785396
know,needta,2,16,3807,0.0005253480430785396
know,panther,2,17,3807,0.0005253480430785396
know,everybody,2,18,3807,0.0005253480430785396
know,one,2,19,3807,0.0005253480430785396
know,rabbit,2,20,3807,0.0005253480430785396
know,sister,2,21,3807,0.0005253480430785396
know,oughta,2,22,3807,0.0005253480430785396
know,baby,2,23,3807,0.0005253480430785396
know,carl,2,24,3807,0.0005253480430785396
know,mummy,2,25,3807,0.0005253480430785396
know,mom,2,26,3807,0.0005253480430785396
know,dog,1,27,3807,0.0002626740215392698
know,amelia,1,28,3807,0.0002626740215392698
know,lena,1,29,3807,0.0002626740215392698
know,part,1,30,3807,0.0002626740215392698
know,eric,1,31,3807,0.0002626740215392698
know,toy,1,32,3807,0.0002626740215392698
know,laura,1,33,3807,0.0002626740215392698
know,dad,1,34,3807,0.0002626740215392698
know,brisco,1,35,3807,0.0002626740215392698
know,morgan,1,36,3807,0.0002626740215392698
know,elephant,1,37,3807,0.0002626740215392698
know,timmy,1,38,3807,0.0002626740215392698
know,dakota,1,39,3807,0.0002626740215392698
know,adam,1,40,3807,0.0002626740215392698
know,woody,1,41,3807,0.0002626740215392698
know,book,1,42,3807,0.0002626740215392698
know,booboo,1,43,3807,0.0002626740215392698
know,nick,1,44,3807,0.0002626740215392698
know,boy,1,45,3807,0.0002626740215392698
know,merry,1,46,3807,0.0002626740215392698
know,kathy,1,47,3807,0.0002626740215392698
know,travis,1,48,3807,0.0002626740215392698
know,idont,1,49,3807,0.0002626740215392698
know,all,1,50,3807,0.0002626740215392698
know,joseph,1,51,3807,0.0002626740215392698
know,observer,1,52,3807,0.0002626740215392698
know,heaven,1,53,3807,0.0002626740215392698
know,mummie,1,54,3807,0.0002626740215392698
know,robin,1,55,3807,0.0002626740215392698
know,people,1,56,3807,0.0002626740215392698
know,bunny,1,57,3807,0.0002626740215392698
know,guy,1,58,3807,0.0002626740215392698
know,rom,1,59,3807,0.0002626740215392698
know,who,1,60,3807,0.0002626740215392698
know,moose,1,61,3807,0.0002626740215392698
think,i,2272,1,3280,0.6926829268292682
think,you,910,2,3280,0.2774390243902439
think,she,23,3,3280,0.00701219512195122
think,he,13,4,3280,0.0039634146341463415
think,we,9,5,3280,0.00274390243902439
think,ya,6,6,3280,0.001829268292682927
think,monkey,6,7,3280,0.001829268292682927
think,whatcha,5,8,3280,0.001524390243902439
think,joy,5,9,3280,0.001524390243902439
think,mommy,4,10,3280,0.0012195121951219512
think,us,2,11,3280,0.0006097560975609756
think,they,2,12,3280,0.0006097560975609756
think,man,1,13,3280,0.0003048780487804878
think,mummy,1,14,3280,0.0003048780487804878
think,lemme,1,15,3280,0.0003048780487804878
think,daddy,1,16,3280,0.0003048780487804878
think,pig,1,17,3280,0.0003048780487804878
think,yoda,1,18,3280,0.0003048780487804878
think,toy,1,19,3280,0.0003048780487804878
think,granny,1,20,3280,0.0003048780487804878
think,baby,1,21,3280,0.0003048780487804878
think,potatohead,1,22,3280,0.0003048780487804878
think,bunny,1,23,3280,0.0003048780487804878
think,mary,1,24,3280,0.0003048780487804878
think,brian,1,25,3280,0.0003048780487804878
think,whatever,1,26,3280,0.0003048780487804878
think,melissa,1,27,3280,0.0003048780487804878
think,somebody,1,28,3280,0.0003048780487804878
think,elephant,1,29,3280,0.0003048780487804878
think,pat,1,30,3280,0.0003048780487804878
think,percy,1,31,3280,0.0003048780487804878
think,james,1,32,3280,0.0003048780487804878
think,it,1,33,3280,0.0003048780487804878
think,hug,1,34,3280,0.0003048780487804878
think,bed,1,35,3280,0.0003048780487804878
like,you,2310,1,3170,0.7287066246056783
like,i,301,2,3170,0.09495268138801262
like,he,113,3,3170,0.03564668769716088
like,she,110,4,3170,0.03470031545741325
like,baby,37,5,3170,0.01167192429022082
like,we,35,6,3170,0.011041009463722398
like,they,25,7,3170,0.007886435331230283
like,mommy,19,8,3170,0.005993690851735016
like,ya,17,9,3170,0.005362776025236593
like,who,14,10,3170,0.004416403785488959
like,carl,11,11,3170,0.003470031545741325
like,daddy,10,12,3170,0.0031545741324921135
like,kitty,9,13,3170,0.0028391167192429023
like,kitten,6,14,3170,0.0018927444794952682
like,firstname,5,15,3170,0.0015772870662460567
like,mummy,5,16,3170,0.0015772870662460567
like,elmo,4,17,3170,0.0012618296529968455
like,henry,4,18,3170,0.0012618296529968455
like,mickey,4,19,3170,0.0012618296529968455
like,claire,4,20,3170,0.0012618296529968455
like,josh,4,21,3170,0.0012618296529968455
like,boy,3,22,3170,0.0009463722397476341
like,laura,3,23,3170,0.0009463722397476341
like,one,3,24,3170,0.0009463722397476341
like,baby_mickey,3,25,3170,0.0009463722397476341
like,teddy,3,26,3170,0.0009463722397476341
like,brother,3,27,3170,0.0009463722397476341
like,barney,3,28,3170,0.0009463722397476341
like,dragon,2,29,3170,0.0006309148264984228
like,doggie,2,30,3170,0.0006309148264984228
like,eric,2,31,3170,0.0006309148264984228
like,everybody,2,32,3170,0.0006309148264984228
like,bird,2,33,3170,0.0006309148264984228
like,mama,2,34,3170,0.0006309148264984228
like,alex,2,35,3170,0.0006309148264984228
like,it,2,36,3170,0.0006309148264984228
like,sarah,2,37,3170,0.0006309148264984228
like,puppy,2,38,3170,0.0006309148264984228
like,mouse,2,39,3170,0.0006309148264984228
like,animal,2,40,3170,0.0006309148264984228
like,joseph,2,41,3170,0.0006309148264984228
like,nina,2,42,3170,0.0006309148264984228
like,patrick,2,43,3170,0.0006309148264984228
like,mummie,2,44,3170,0.0006309148264984228
like,paddington,2,45,3170,0.0006309148264984228
like,panda,2,46,3170,0.0006309148264984228
like,doggy,2,47,3170,0.0006309148264984228
like,chris,2,48,3170,0.0006309148264984228
like,elephant,2,49,3170,0.0006309148264984228
like,thing,1,50,3170,0.0003154574132492114
like,tiger,1,51,3170,0.0003154574132492114
like,child,1,52,3170,0.0003154574132492114
like,peter,1,53,3170,0.0003154574132492114
like,swww,1,54,3170,0.0003154574132492114
like,dwww,1,55,3170,0.0003154574132492114
like,anyone,1,56,3170,0.0003154574132492114
like,people,1,57,3170,0.0003154574132492114
like,morgan,1,58,3170,0.0003154574132492114
like,dada,1,59,3170,0.0003154574132492114
like,alexander,1,60,3170,0.0003154574132492114
like,tiggers,1,61,3170,0.0003154574132492114
like,cow,1,62,3170,0.0003154574132492114
like,gorilla,1,63,3170,0.0003154574132492114
like,sid,1,64,3170,0.0003154574132492114
like,yuli,1,65,3170,0.0003154574132492114
like,mikey,1,66,3170,0.0003154574132492114
like,your,1,67,3170,0.0003154574132492114
like,rangy,1,68,3170,0.0003154574132492114
like,fraser,1,69,3170,0.0003154574132492114
like,bear,1,70,3170,0.0003154574132492114
like,stepmother,1,71,3170,0.0003154574132492114
like,bug,1,72,3170,0.0003154574132492114
like,grandma,1,73,3170,0.0003154574132492114
like,michael,1,74,3170,0.0003154574132492114
like,nobody,1,75,3170,0.0003154574132492114
like,brittany,1,76,3170,0.0003154574132492114
like,sister,1,77,3170,0.0003154574132492114
like,diplodocus,1,78,3170,0.0003154574132492114
like,rexes,1,79,3170,0.0003154574132492114
like,piggy,1,80,3170,0.0003154574132492114
like,the,1,81,3170,0.0003154574132492114
like,sandy,1,82,3170,0.0003154574132492114
like,georgie,1,83,3170,0.0003154574132492114
like,some,1,84,3170,0.0003154574132492114
like,lady,1,85,3170,0.0003154574132492114
like,bud,1,86,3170,0.0003154574132492114
like,sheep,1,87,3170,0.0003154574132492114
like,caroline,1,88,3170,0.0003154574132492114
like,penguin,1,89,3170,0.0003154574132492114
like,anne,1,90,3170,0.0003154574132492114
like,teddy'd,1,91,3170,0.0003154574132492114
like,andy,1,92,3170,0.0003154574132492114
like,dog,1,93,3170,0.0003154574132492114
like,rabbit,1,94,3170,0.0003154574132492114
like,bonny,1,95,3170,0.0003154574132492114
like,piglet,1,96,3170,0.0003154574132492114
like,grampa_jim,1,97,3170,0.0003154574132492114
like,paul,1,98,3170,0.0003154574132492114
like,gar,1,99,3170,0.0003154574132492114
like,med,1,100,3170,0.0003154574132492114
like,mey,1,101,3170,0.0003154574132492114
like,ramona,1,102,3170,0.0003154574132492114
like,nat,1,103,3170,0.0003154574132492114
like,girl,1,104,3170,0.0003154574132492114
like,duck,1,105,3170,0.0003154574132492114
like,mammy,1,106,3170,0.0003154574132492114
like,bunny,1,107,3170,0.0003154574132492114
like,grover,1,108,3170,0.0003154574132492114
like,johnny,1,109,3170,0.0003154574132492114
look,you,512,1,2389,0.21431561322729176
look,it,300,2,2389,0.12557555462536626
look,that,269,3,2389,0.11259941398074508
look,we,179,4,2389,0.07492674759313521
look,us,169,5,2389,0.07074089577228966
look,he,105,6,2389,0.04395144411887819
look,wanna,88,7,2389,0.03683549602344077
look,i,83,8,2389,0.034742570113018
look,they,64,9,2389,0.02678945165341147
look,firstname,50,10,2389,0.020929259104227712
look,she,48,11,2389,0.020092088740058602
look,this,35,12,2389,0.014650481372959398
look,those,15,13,2389,0.006278777731268313
look,lookee,14,14,2389,0.0058601925491837585
look,mama,13,15,2389,0.0054416073670992045
look,one,13,16,2389,0.0054416073670992045
look,judy,11,17,2389,0.0046044370029300966
look,baby,10,18,2389,0.004185851820845542
look,mommy,9,19,2389,0.0037672666387609877
look,horse,9,20,2389,0.0037672666387609877
look,whatcha,9,21,2389,0.0037672666387609877
look,ya,8,22,2389,0.0033486814566764337
look,duck,8,23,2389,0.0033486814566764337
look,dog,8,24,2389,0.0033486814566764337
look,lin,8,25,2389,0.0033486814566764337
look,jac,8,26,2389,0.0033486814566764337
look,frog,7,27,2389,0.0029300962745918793
look,daddy,6,28,2389,0.0025115110925073253
look,mummy,6,29,2389,0.0025115110925073253
look,fish,5,30,2389,0.002092925910422771
look,who,5,31,2389,0.002092925910422771
look,med,5,32,2389,0.002092925910422771
look,what,4,33,2389,0.0016743407283382169
look,cat,4,34,2389,0.0016743407283382169
look,these,4,35,2389,0.0016743407283382169
look,kalie,4,36,2389,0.0016743407283382169
look,carl,4,37,2389,0.0016743407283382169
look,gal,4,38,2389,0.0016743407283382169
look,mey,4,39,2389,0.0016743407283382169
look,aislinn,4,40,2389,0.0016743407283382169
look,patrick,4,41,2389,0.0016743407283382169
look,alice,3,42,2389,0.0012557555462536626
look,cow,3,43,2389,0.0012557555462536626
look,man,3,44,2389,0.0012557555462536626
look,child,3,45,2389,0.0012557555462536626
look,boy,3,46,2389,0.0012557555462536626
look,lemme,3,47,2389,0.0012557555462536626
look,andrew,3,48,2389,0.0012557555462536626
look,michael,3,49,2389,0.0012557555462536626
look,corinna,3,50,2389,0.0012557555462536626
look,bunny,3,51,2389,0.0012557555462536626
look,liam,3,52,2389,0.0012557555462536626
look,sally,3,53,2389,0.0012557555462536626
look,travis,3,54,2389,0.0012557555462536626
look,oh_my_goodness,3,55,2389,0.0012557555462536626
look,dup,3,56,2389,0.0012557555462536626
look,gar,3,57,2389,0.0012557555462536626
look,gig,3,58,2389,0.0012557555462536626
look,honey,3,59,2389,0.0012557555462536626
look,ew,3,60,2389,0.0012557555462536626
look,raffi,3,61,2389,0.0012557555462536626
look,almeda,3,62,2389,0.0012557555462536626
look,chester,3,63,2389,0.0012557555462536626
look,edena,3,64,2389,0.0012557555462536626
look,hedda,3,65,2389,0.0012557555462536626
look,tooth,2,66,2389,0.0008371703641691084
look,mummie,2,67,2389,0.0008371703641691084
look,thing,2,68,2389,0.0008371703641691084
look,shoe,2,69,2389,0.0008371703641691084
look,peter,2,70,2389,0.0008371703641691084
look,all,2,71,2389,0.0008371703641691084
look,window,2,72,2389,0.0008371703641691084
look,mother,2,73,2389,0.0008371703641691084
look,kitten,2,74,2389,0.0008371703641691084
look,diaper,2,75,2389,0.0008371703641691084
look,ross,2,76,2389,0.0008371703641691084
look,rachel,2,77,2389,0.0008371703641691084
look,elana,2,78,2389,0.0008371703641691084
look,nathan,2,79,2389,0.0008371703641691084
look,megan,2,80,2389,0.0008371703641691084
look,a,2,81,2389,0.0008371703641691084
look,kangaroo,2,82,2389,0.0008371703641691084
look,girl,2,83,2389,0.0008371703641691084
look,nomi,2,84,2389,0.0008371703641691084
look,eye,2,85,2389,0.0008371703641691084
look,car,2,86,2389,0.0008371703641691084
look,sorcerer,2,87,2389,0.0008371703641691084
look,doll,2,88,2389,0.0008371703641691084
look,toy,2,89,2389,0.0008371703641691084
look,maddie,2,90,2389,0.0008371703641691084
look,let,2,91,2389,0.0008371703641691084
look,uhoh,2,92,2389,0.0008371703641691084
look,boat,2,93,2389,0.0008371703641691084
look,gra,2,94,2389,0.0008371703641691084
look,bro,2,95,2389,0.0008371703641691084
look,mye,2,96,2389,0.0008371703641691084
look,nea,2,97,2389,0.0008371703641691084
look,pop,2,98,2389,0.0008371703641691084
look,jon,2,99,2389,0.0008371703641691084
look,gst,2,100,2389,0.0008371703641691084
look,jalenny,2,101,2389,0.0008371703641691084
look,kalkin,2,102,2389,0.0008371703641691084
look,ellisy,2,103,2389,0.0008371703641691084
look,errol,2,104,2389,0.0008371703641691084
look,animal,1,105,2389,0.0004185851820845542
look,marie,1,106,2389,0.0004185851820845542
look,phone,1,107,2389,0.0004185851820845542
look,mwww,1,108,2389,0.0004185851820845542
look,jwww,1,109,2389,0.0004185851820845542
look,doctor_rwww,1,110,2389,0.0004185851820845542
look,peanut,1,111,2389,0.0004185851820845542
look,mandy,1,112,2389,0.0004185851820845542
look,trash,1,113,2389,0.0004185851820845542
look,hole,1,114,2389,0.0004185851820845542
look,dillon,1,115,2389,0.0004185851820845542
look,path,1,116,2389,0.0004185851820845542
look,bootie,1,117,2389,0.0004185851820845542
look,hair,1,118,2389,0.0004185851820845542
look,stefan,1,119,2389,0.0004185851820845542
look,while,1,120,2389,0.0004185851820845542
look,mm,1,121,2389,0.0004185851820845542
look,gepetto,1,122,2389,0.0004185851820845542
look,mouse,1,123,2389,0.0004185851820845542
look,danger,1,124,2389,0.0004185851820845542
look,boo,1,125,2389,0.0004185851820845542
look,towel,1,126,2389,0.0004185851820845542
look,joanna,1,127,2389,0.0004185851820845542
look,booboo,1,128,2389,0.0004185851820845542
look,daniel,1,129,2389,0.0004185851820845542
look,jamie,1,130,2389,0.0004185851820845542
look,somebody,1,131,2389,0.0004185851820845542
look,erica,1,132,2389,0.0004185851820845542
look,norman,1,133,2389,0.0004185851820845542
look,look_it,1,134,2389,0.0004185851820845542
look,sarah,1,135,2389,0.0004185851820845542
look,ahhah,1,136,2389,0.0004185851820845542
look,chrissie,1,137,2389,0.0004185851820845542
look,piece,1,138,2389,0.0004185851820845542
look,medicine,1,139,2389,0.0004185851820845542
look,hat,1,140,2389,0.0004185851820845542
look,face,1,141,2389,0.0004185851820845542
look,some,1,142,2389,0.0004185851820845542
look,mel,1,143,2389,0.0004185851820845542
look,puppy,1,144,2389,0.0004185851820845542
look,look,1,145,2389,0.0004185851820845542
look,indians,1,146,2389,0.0004185851820845542
look,hunhunh,1,147,2389,0.0004185851820845542
look,block,1,148,2389,0.0004185851820845542
look,mash,1,149,2389,0.0004185851820845542
look,open,1,150,2389,0.0004185851820845542
look,mom,1,151,2389,0.0004185851820845542
look,train,1,152,2389,0.0004185851820845542
look,uhhum,1,153,2389,0.0004185851820845542
look,brother,1,154,2389,0.0004185851820845542
look,joseph,1,155,2389,0.0004185851820845542
look,fireman,1,156,2389,0.0004185851820845542
look,charlie,1,157,2389,0.0004185851820845542
look,anything,1,158,2389,0.0004185851820845542
look,jaylyn,1,159,2389,0.0004185851820845542
look,matthew,1,160,2389,0.0004185851820845542
look,barney,1,161,2389,0.0004185851820845542
look,chair,1,162,2389,0.0004185851820845542
look,key,1,163,2389,0.0004185851820845542
look,drawing,1,164,2389,0.0004185851820845542
look,mind,1,165,2389,0.0004185851820845542
look,teddy,1,166,2389,0.0004185851820845542
look,horsie,1,167,2389,0.0004185851820845542
look,abi,1,168,2389,0.0004185851820845542
look,anne,1,169,2389,0.0004185851820845542
look,field,1,170,2389,0.0004185851820845542
look,lid,1,171,2389,0.0004185851820845542
look,dot,1,172,2389,0.0004185851820845542
look,engine,1,173,2389,0.0004185851820845542
look,nose,1,174,2389,0.0004185851820845542
look,side,1,175,2389,0.0004185851820845542
look,hers,1,176,2389,0.0004185851820845542
look,leg,1,177,2389,0.0004185851820845542
look,grass,1,178,2389,0.0004185851820845542
look,yeh,1,179,2389,0.0004185851820845542
look,shh,1,180,2389,0.0004185851820845542
look,piggy,1,181,2389,0.0004185851820845542
look,sweetie,1,182,2389,0.0004185851820845542
look,moo,1,183,2389,0.0004185851820845542
look,number,1,184,2389,0.0004185851820845542
look,slipper,1,185,2389,0.0004185851820845542
look,pin,1,186,2389,0.0004185851820845542
look,bike,1,187,2389,0.0004185851820845542
look,jammie,1,188,2389,0.0004185851820845542
look,stuff,1,189,2389,0.0004185851820845542
look,spaghetti,1,190,2389,0.0004185851820845542
look,kaleb,1,191,2389,0.0004185851820845542
look,thomas,1,192,2389,0.0004185851820845542
look,doggy,1,193,2389,0.0004185851820845542
look,come,1,194,2389,0.0004185851820845542
look,my_god,1,195,2389,0.0004185851820845542
look,mailbox,1,196,2389,0.0004185851820845542
look,cha,1,197,2389,0.0004185851820845542
look,kittys,1,198,2389,0.0004185851820845542
look,whoop,1,199,2389,0.0004185851820845542
look,gla,1,200,2389,0.0004185851820845542
look,cake,1,201,2389,0.0004185851820845542
look,people,1,202,2389,0.0004185851820845542
look,cup,1,203,2389,0.0004185851820845542
look,string,1,204,2389,0.0004185851820845542
look,yours,1,205,2389,0.0004185851820845542
look,color,1,206,2389,0.0004185851820845542
look,drink,1,207,2389,0.0004185851820845542
look,oop,1,208,2389,0.0004185851820845542
look,guy,1,209,2389,0.0004185851820845542
look,lois,1,210,2389,0.0004185851820845542
look,orange,1,211,2389,0.0004185851820845542
look,dea,1,212,2389,0.0004185851820845542
look,rabbit,1,213,2389,0.0004185851820845542
look,hand,1,214,2389,0.0004185851820845542
look,teetee,1,215,2389,0.0004185851820845542
look,cosette,1,216,2389,0.0004185851820845542
look,l,1,217,2389,0.0004185851820845542
look,buddy,1,218,2389,0.0004185851820845542
look,many,1,219,2389,0.0004185851820845542
look,jael,1,220,2389,0.0004185851820845542
look,milk,1,221,2389,0.0004185851820845542
look,birdie,1,222,2389,0.0004185851820845542
look,rachael,1,223,2389,0.0004185851820845542
look,laura,1,224,2389,0.0004185851820845542
look,oscar,1,225,2389,0.0004185851820845542
look,julie,1,226,2389,0.0004185851820845542
look,johnny,1,227,2389,0.0004185851820845542
look,david,1,228,2389,0.0004185851820845542
come,it,443,1,2357,0.1879507848960543
come,he,227,2,2357,0.09630886720407297
come,you,221,3,2357,0.09376325837929571
come,they,117,4,2357,0.04963937208315655
come,i,114,5,2357,0.048366567670767927
come,she,66,6,2357,0.02800169707254985
come,that,63,7,2357,0.02672889266016122
come,we,48,8,2357,0.020364870598218072
come,what,46,9,2357,0.01951633432329232
come,wanna,45,10,2357,0.019092066185829443
come,who,39,11,2357,0.016546457361052185
come,daddy,32,12,2357,0.013576580398812049
come,one,32,13,2357,0.013576580398812049
come,car,23,14,2357,0.00975816716164616
come,mommy,22,15,2357,0.009333899024183284
come,us,17,16,2357,0.007212558336868901
come,sun,16,17,2357,0.0067882901994060245
come,shoe,14,18,2357,0.005939753924480272
come,this,14,19,2357,0.005939753924480272
come,ball,14,20,2357,0.005939753924480272
come,ladybug,14,21,2357,0.005939753924480272
come,baby,13,22,2357,0.005515485787017395
come,rain,13,23,2357,0.005515485787017395
come,man,11,24,2357,0.004666949512091642
come,somebody,10,25,2357,0.004242681374628765
come,light,10,26,2357,0.004242681374628765
come,foot,10,27,2357,0.004242681374628765
come,airplane,9,28,2357,0.003818413237165889
come,water,9,29,2357,0.003818413237165889
come,guy,8,30,2357,0.0033941450997030122
come,almeda,8,31,2357,0.0033941450997030122
come,truck,7,32,2357,0.002969876962240136
come,thing,7,33,2357,0.002969876962240136
come,these,7,34,2357,0.002969876962240136
come,bird,7,35,2357,0.002969876962240136
come,hat,7,36,2357,0.002969876962240136
come,+,7,37,2357,0.002969876962240136
come,carl,7,38,2357,0.002969876962240136
come,mama,6,39,2357,0.002545608824777259
come,cromer,6,40,2357,0.002545608824777259
come,travis,6,41,2357,0.002545608824777259
come,mummy,6,42,2357,0.002545608824777259
come,morning,6,43,2357,0.002545608824777259
come,firstname,6,44,2357,0.002545608824777259
come,dragon,5,45,2357,0.0021213406873143827
come,kitty,5,46,2357,0.0021213406873143827
come,boy,5,47,2357,0.0021213406873143827
come,matthew,5,48,2357,0.0021213406873143827
come,hair,5,49,2357,0.0021213406873143827
come,abi,5,50,2357,0.0021213406873143827
come,lady,5,51,2357,0.0021213406873143827
come,caterpillar,5,52,2357,0.0021213406873143827
come,nothing,5,53,2357,0.0021213406873143827
come,patrick,5,54,2357,0.0021213406873143827
come,top,4,55,2357,0.0016970725498515061
come,swww,4,56,2357,0.0016970725498515061
come,go,4,57,2357,0.0016970725498515061
come,something,4,58,2357,0.0016970725498515061
come,diapie,4,59,2357,0.0016970725498515061
come,nobody,4,60,2357,0.0016970725498515061
come,noise,4,61,2357,0.0016970725498515061
come,come,4,62,2357,0.0016970725498515061
come,head,4,63,2357,0.0016970725498515061
come,nomi,4,64,2357,0.0016970725498515061
come,train,4,65,2357,0.0016970725498515061
come,butterfly,4,66,2357,0.0016970725498515061
come,fish,4,67,2357,0.0016970725498515061
come,nose,4,68,2357,0.0016970725498515061
come,mye,4,69,2357,0.0016970725498515061
come,edena,4,70,2357,0.0016970725498515061
come,string,3,71,2357,0.0012728044123886295
come,coffee,3,72,2357,0.0012728044123886295
come,cow,3,73,2357,0.0012728044123886295
come,friend,3,74,2357,0.0012728044123886295
come,mouth,3,75,2357,0.0012728044123886295
come,kate,3,76,2357,0.0012728044123886295
come,clown,3,77,2357,0.0012728044123886295
come,piece,3,78,2357,0.0012728044123886295
come,bite,3,79,2357,0.0012728044123886295
come,tray,3,80,2357,0.0012728044123886295
come,megan,3,81,2357,0.0012728044123886295
come,sally,3,82,2357,0.0012728044123886295
come,money,3,83,2357,0.0012728044123886295
come,leah,3,84,2357,0.0012728044123886295
come,dinosaur,3,85,2357,0.0012728044123886295
come,lid,3,86,2357,0.0012728044123886295
come,hearing,3,87,2357,0.0012728044123886295
come,paper,3,88,2357,0.0012728044123886295
come,bunny,3,89,2357,0.0012728044123886295
come,gaston,3,90,2357,0.0012728044123886295
come,jj,3,91,2357,0.0012728044123886295
come,peekaboo,2,92,2357,0.0008485362749257531
come,tongue,2,93,2357,0.0008485362749257531
come,table,2,94,2357,0.0008485362749257531
come,doggie,2,95,2357,0.0008485362749257531
come,clothe,2,96,2357,0.0008485362749257531
come,strap,2,97,2357,0.0008485362749257531
come,animal,2,98,2357,0.0008485362749257531
come,people,2,99,2357,0.0008485362749257531
come,peter,2,100,2357,0.0008485362749257531
come,jwww,2,101,2357,0.0008485362749257531
come,food,2,102,2357,0.0008485362749257531
come,elephant,2,103,2357,0.0008485362749257531
come,dwww,2,104,2357,0.0008485362749257531
come,penny,2,105,2357,0.0008485362749257531
come,nwww,2,106,2357,0.0008485362749257531
come,everyone,2,107,2357,0.0008485362749257531
come,sammy,2,108,2357,0.0008485362749257531
come,piglet,2,109,2357,0.0008485362749257531
come,mandy,2,110,2357,0.0008485362749257531
come,spider,2,111,2357,0.0008485362749257531
come,sheep,2,112,2357,0.0008485362749257531
come,squirrelie,2,113,2357,0.0008485362749257531
come,uhoh,2,114,2357,0.0008485362749257531
come,chicken,2,115,2357,0.0008485362749257531
come,banana,2,116,2357,0.0008485362749257531
come,teethie,2,117,2357,0.0008485362749257531
come,duck,2,118,2357,0.0008485362749257531
come,bert,2,119,2357,0.0008485362749257531
come,hasta,2,120,2357,0.0008485362749257531
come,snort,2,121,2357,0.0008485362749257531
come,turtle,2,122,2357,0.0008485362749257531
come,papa,2,123,2357,0.0008485362749257531
come,cheese,2,124,2357,0.0008485362749257531
come,grandma,2,125,2357,0.0008485362749257531
come,chick,2,126,2357,0.0008485362749257531
come,jane,2,127,2357,0.0008485362749257531
come,someone,2,128,2357,0.0008485362749257531
come,diaper,2,129,2357,0.0008485362749257531
come,teddy,2,130,2357,0.0008485362749257531
come,dabee,2,131,2357,0.0008485362749257531
come,medicine,2,132,2357,0.0008485362749257531
come,melissa,2,133,2357,0.0008485362749257531
come,brittany,2,134,2357,0.0008485362749257531
come,uhhum,2,135,2357,0.0008485362749257531
come,kalie,2,136,2357,0.0008485362749257531
come,snow,2,137,2357,0.0008485362749257531
come,birthday,2,138,2357,0.0008485362749257531
come,button,2,139,2357,0.0008485362749257531
come,egg,2,140,2357,0.0008485362749257531
come,joseph,2,141,2357,0.0008485362749257531
come,motorcycle,2,142,2357,0.0008485362749257531
come,dog,2,143,2357,0.0008485362749257531
come,engine,2,144,2357,0.0008485362749257531
come,frog,2,145,2357,0.0008485362749257531
come,kean,2,146,2357,0.0008485362749257531
come,jill,2,147,2357,0.0008485362749257531
come,nicola,2,148,2357,0.0008485362749257531
come,lara,2,149,2357,0.0008485362749257531
come,floyd,2,150,2357,0.0008485362749257531
come,nanny,2,151,2357,0.0008485362749257531
come,bus,2,152,2357,0.0008485362749257531
come,caroline,2,153,2357,0.0008485362749257531
come,arm,2,154,2357,0.0008485362749257531
come,slipper,2,155,2357,0.0008485362749257531
come,weeble,2,156,2357,0.0008485362749257531
come,susanne,2,157,2357,0.0008485362749257531
come,guinness,2,158,2357,0.0008485362749257531
come,door,2,159,2357,0.0008485362749257531
come,wind,2,160,2357,0.0008485362749257531
come,big_bird,2,161,2357,0.0008485362749257531
come,those,2,162,2357,0.0008485362749257531
come,‡,2,163,2357,0.0008485362749257531
come,grasshopper,2,164,2357,0.0008485362749257531
come,part,2,165,2357,0.0008485362749257531
come,mickey,2,166,2357,0.0008485362749257531
come,boom,2,167,2357,0.0008485362749257531
come,chair,2,168,2357,0.0008485362749257531
come,bear,2,169,2357,0.0008485362749257531
come,word,1,170,2357,0.00042426813746287653
come,jesse,1,171,2357,0.00042426813746287653
come,woof,1,172,2357,0.00042426813746287653
come,kay,1,173,2357,0.00042426813746287653
come,voice,1,174,2357,0.00042426813746287653
come,meat,1,175,2357,0.00042426813746287653
come,allison,1,176,2357,0.00042426813746287653
come,block,1,177,2357,0.00042426813746287653
come,walk,1,178,2357,0.00042426813746287653
come,tricycle,1,179,2357,0.00042426813746287653
come,deedee,1,180,2357,0.00042426813746287653
come,joanna,1,181,2357,0.00042426813746287653
come,grape,1,182,2357,0.00042426813746287653
come,toto,1,183,2357,0.00042426813746287653
come,pwww,1,184,2357,0.00042426813746287653
come,mail,1,185,2357,0.00042426813746287653
come,laura,1,186,2357,0.00042426813746287653
come,awww,1,187,2357,0.00042426813746287653
come,hwww,1,188,2357,0.00042426813746287653
come,william,1,189,2357,0.00042426813746287653
come,flower,1,190,2357,0.00042426813746287653
come,morgan,1,191,2357,0.00042426813746287653
come,storm,1,192,2357,0.00042426813746287653
come,squawky_the_parrot,1,193,2357,0.00042426813746287653
come,camel,1,194,2357,0.00042426813746287653
come,nana,1,195,2357,0.00042426813746287653
come,tigger,1,196,2357,0.00042426813746287653
come,fishie,1,197,2357,0.00042426813746287653
come,kwanzaa,1,198,2357,0.00042426813746287653
come,liz,1,199,2357,0.00042426813746287653
come,wash,1,200,2357,0.00042426813746287653
come,patty,1,201,2357,0.00042426813746287653
come,package,1,202,2357,0.00042426813746287653
come,day,1,203,2357,0.00042426813746287653
come,poopie,1,204,2357,0.00042426813746287653
come,alexander,1,205,2357,0.00042426813746287653
come,doggy,1,206,2357,0.00042426813746287653
come,oh_man,1,207,2357,0.00042426813746287653
come,house,1,208,2357,0.00042426813746287653
come,son,1,209,2357,0.00042426813746287653
come,booboo,1,210,2357,0.00042426813746287653
come,leaf,1,211,2357,0.00042426813746287653
come,stick,1,212,2357,0.00042426813746287653
come,wolf,1,213,2357,0.00042426813746287653
come,mailman,1,214,2357,0.00042426813746287653
come,mouse,1,215,2357,0.00042426813746287653
come,cat,1,216,2357,0.00042426813746287653
come,lamb,1,217,2357,0.00042426813746287653
come,music,1,218,2357,0.00042426813746287653
come,tabitha,1,219,2357,0.00042426813746287653
come,andy,1,220,2357,0.00042426813746287653
come,toy,1,221,2357,0.00042426813746287653
come,kelly,1,222,2357,0.00042426813746287653
come,flash,1,223,2357,0.00042426813746287653
come,stain,1,224,2357,0.00042426813746287653
come,back,1,225,2357,0.00042426813746287653
come,mary,1,226,2357,0.00042426813746287653
come,bag,1,227,2357,0.00042426813746287653
come,movie,1,228,2357,0.00042426813746287653
come,choo,1,229,2357,0.00042426813746287653
come,squirrely,1,230,2357,0.00042426813746287653
come,yeh,1,231,2357,0.00042426813746287653
come,all,1,232,2357,0.00042426813746287653
come,footstep,1,233,2357,0.00042426813746287653
come,everybody,1,234,2357,0.00042426813746287653
come,down,1,235,2357,0.00042426813746287653
come,spratt,1,236,2357,0.00042426813746287653
come,andrew,1,237,2357,0.00042426813746287653
come,zackary,1,238,2357,0.00042426813746287653
come,krystal,1,239,2357,0.00042426813746287653
come,tooth,1,240,2357,0.00042426813746287653
come,sara,1,241,2357,0.00042426813746287653
come,duckie,1,242,2357,0.00042426813746287653
come,chickie,1,243,2357,0.00042426813746287653
come,seth,1,244,2357,0.00042426813746287653
come,drain,1,245,2357,0.00042426813746287653
come,zacchariah,1,246,2357,0.00042426813746287653
come,boat,1,247,2357,0.00042426813746287653
come,finger,1,248,2357,0.00042426813746287653
come,anybody,1,249,2357,0.00042426813746287653
come,fan,1,250,2357,0.00042426813746287653
come,grandaddy,1,251,2357,0.00042426813746287653
come,grandaddy'll,1,252,2357,0.00042426813746287653
come,daddy'll,1,253,2357,0.00042426813746287653
come,everything,1,254,2357,0.00042426813746287653
come,oatmeal,1,255,2357,0.00042426813746287653
come,connie,1,256,2357,0.00042426813746287653
come,dirt,1,257,2357,0.00042426813746287653
come,deal,1,258,2357,0.00042426813746287653
come,eye,1,259,2357,0.00042426813746287653
come,goofy,1,260,2357,0.00042426813746287653
come,britche,1,261,2357,0.00042426813746287653
come,book,1,262,2357,0.00042426813746287653
come,frosty,1,263,2357,0.00042426813746287653
come,two,1,264,2357,0.00042426813746287653
come,ya,1,265,2357,0.00042426813746287653
come,critter,1,266,2357,0.00042426813746287653
come,momma,1,267,2357,0.00042426813746287653
come,yogurt,1,268,2357,0.00042426813746287653
come,honey,1,269,2357,0.00042426813746287653
come,page,1,270,2357,0.00042426813746287653
come,violin,1,271,2357,0.00042426813746287653
come,kite,1,272,2357,0.00042426813746287653
come,road,1,273,2357,0.00042426813746287653
come,hook,1,274,2357,0.00042426813746287653
come,child,1,275,2357,0.00042426813746287653
come,sorcerer,1,276,2357,0.00042426813746287653
come,marker,1,277,2357,0.00042426813746287653
come,useta,1,278,2357,0.00042426813746287653
come,monster,1,279,2357,0.00042426813746287653
come,ribena,1,280,2357,0.00042426813746287653
come,popper,1,281,2357,0.00042426813746287653
come,toby,1,282,2357,0.00042426813746287653
come,mummie,1,283,2357,0.00042426813746287653
come,mummy'll,1,284,2357,0.00042426813746287653
come,emily,1,285,2357,0.00042426813746287653
come,dinner,1,286,2357,0.00042426813746287653
come,more_dadaw,1,287,2357,0.00042426813746287653
come,snake,1,288,2357,0.00042426813746287653
come,ellie'll,1,289,2357,0.00042426813746287653
come,penguin,1,290,2357,0.00042426813746287653
come,helicopter,1,291,2357,0.00042426813746287653
come,car'll,1,292,2357,0.00042426813746287653
come,giraffe,1,293,2357,0.00042426813746287653
come,rachel,1,294,2357,0.00042426813746287653
come,girl,1,295,2357,0.00042426813746287653
come,anne,1,296,2357,0.00042426813746287653
come,mannie,1,297,2357,0.00042426813746287653
come,tiger,1,298,2357,0.00042426813746287653
come,monkey,1,299,2357,0.00042426813746287653
come,postman,1,300,2357,0.00042426813746287653
come,trouble,1,301,2357,0.00042426813746287653
come,smoke,1,302,2357,0.00042426813746287653
come,sunshine,1,303,2357,0.00042426813746287653
come,stuff,1,304,2357,0.00042426813746287653
come,draught,1,305,2357,0.00042426813746287653
come,granddad,1,306,2357,0.00042426813746287653
come,tractor,1,307,2357,0.00042426813746287653
come,gary,1,308,2357,0.00042426813746287653
come,bit,1,309,2357,0.00042426813746287653
come,pipe,1,310,2357,0.00042426813746287653
come,carol,1,311,2357,0.00042426813746287653
come,abbey,1,312,2357,0.00042426813746287653
come,warm,1,313,2357,0.00042426813746287653
come,betty,1,314,2357,0.00042426813746287653
come,debbie,1,315,2357,0.00042426813746287653
come,hammy,1,316,2357,0.00042426813746287653
come,mum,1,317,2357,0.00042426813746287653
come,el,1,318,2357,0.00042426813746287653
come,georgina,1,319,2357,0.00042426813746287653
come,tea,1,320,2357,0.00042426813746287653
come,rachael,1,321,2357,0.00042426813746287653
come,richard,1,322,2357,0.00042426813746287653
come,harriet,1,323,2357,0.00042426813746287653
come,judy,1,324,2357,0.00042426813746287653
come,christmas,1,325,2357,0.00042426813746287653
come,jonathan,1,326,2357,0.00042426813746287653
come,sarah,1,327,2357,0.00042426813746287653
come,neil,1,328,2357,0.00042426813746287653
come,mum'll,1,329,2357,0.00042426813746287653
come,milkman,1,330,2357,0.00042426813746287653
come,bee,1,331,2357,0.00042426813746287653
come,october,1,332,2357,0.00042426813746287653
come,sign,1,333,2357,0.00042426813746287653
come,clippy,1,334,2357,0.00042426813746287653
come,oscar,1,335,2357,0.00042426813746287653
come,cookie_monster,1,336,2357,0.00042426813746287653
come,four,1,337,2357,0.00042426813746287653
come,bucket,1,338,2357,0.00042426813746287653
come,pacifier,1,339,2357,0.00042426813746287653
come,firstname_middlename,1,340,2357,0.00042426813746287653
come,bumblebee,1,341,2357,0.00042426813746287653
come,shirt,1,342,2357,0.00042426813746287653
come,glass,1,343,2357,0.00042426813746287653
come,help,1,344,2357,0.00042426813746287653
come,swang,1,345,2357,0.00042426813746287653
come,job,1,346,2357,0.00042426813746287653
come,vest,1,347,2357,0.00042426813746287653
come,icecream,1,348,2357,0.00042426813746287653
come,bob,1,349,2357,0.00042426813746287653
come,nope,1,350,2357,0.00042426813746287653
come,donald,1,351,2357,0.00042426813746287653
come,daisy,1,352,2357,0.00042426813746287653
come,controller,1,353,2357,0.00042426813746287653
come,whee,1,354,2357,0.00042426813746287653
come,bea,1,355,2357,0.00042426813746287653
come,lookee,1,356,2357,0.00042426813746287653
come,mister_bear,1,357,2357,0.00042426813746287653
come,shh,1,358,2357,0.00042426813746287653
come,color,1,359,2357,0.00042426813746287653
come,ball_ball,1,360,2357,0.00042426813746287653
come,leo,1,361,2357,0.00042426813746287653
come,med,1,362,2357,0.00042426813746287653
come,jody,1,363,2357,0.00042426813746287653
come,nea,1,364,2357,0.00042426813746287653
come,liquid,1,365,2357,0.00042426813746287653
come,em,1,366,2357,0.00042426813746287653
come,ace,1,367,2357,0.00042426813746287653
come,minute,1,368,2357,0.00042426813746287653
come,bed,1,369,2357,0.00042426813746287653
come,anything,1,370,2357,0.00042426813746287653
come,phone,1,371,2357,0.00042426813746287653
come,rabbit,1,372,2357,0.00042426813746287653
come,earnest,1,373,2357,0.00042426813746287653
come,haha,1,374,2357,0.00042426813746287653
come,ritty,1,375,2357,0.00042426813746287653
come,cracker,1,376,2357,0.00042426813746287653
come,snap,1,377,2357,0.00042426813746287653
come,aislinn,1,378,2357,0.00042426813746287653
come,smell,1,379,2357,0.00042426813746287653
come,whoa,1,380,2357,0.00042426813746287653
make,you,625,1,1858,0.3363832077502691
make,we,216,2,1858,0.116254036598493
make,i,165,3,1858,0.08880516684607104
make,it,164,4,1858,0.08826695371367062
make,that,89,5,1858,0.04790096878363832
make,us,58,6,1858,0.031216361679224973
make,he,56,7,1858,0.030139935414424113
make,mommy,41,8,1858,0.022066738428417654
make,they,38,9,1858,0.02045209903121636
make,one,27,10,1858,0.014531754574811625
make,wanna,26,11,1858,0.013993541442411194
make,daddy,24,12,1858,0.012917115177610334
make,this,23,13,1858,0.012378902045209902
make,she,21,14,1858,0.011302475780409042
make,who,19,15,1858,0.01022604951560818
make,mummy,17,16,1858,0.00914962325080732
make,what,16,17,1858,0.008611410118406888
make,carl,11,18,1858,0.005920344456404736
make,train,6,19,1858,0.0032292787944025836
make,mom,6,20,1858,0.0032292787944025836
make,car,6,21,1858,0.0032292787944025836
make,mama,5,22,1858,0.002691065662002153
make,brown,5,23,1858,0.002691065662002153
make,machine,4,24,1858,0.002152852529601722
make,truck,4,25,1858,0.002152852529601722
make,god,4,26,1858,0.002152852529601722
make,sheep,3,27,1858,0.0016146393972012918
make,kitty,3,28,1858,0.0016146393972012918
make,michael,3,29,1858,0.0016146393972012918
make,rachel,3,30,1858,0.0016146393972012918
make,elephant,3,31,1858,0.0016146393972012918
make,grandma,3,32,1858,0.0016146393972012918
make,chicken,3,33,1858,0.0016146393972012918
make,tyler,3,34,1858,0.0016146393972012918
make,book,2,35,1858,0.001076426264800861
make,let,2,36,1858,0.001076426264800861
make,rock,2,37,1858,0.001076426264800861
make,conditioner,2,38,1858,0.001076426264800861
make,eric,2,39,1858,0.001076426264800861
make,mouse,2,40,1858,0.001076426264800861
make,laura,2,41,1858,0.001076426264800861
make,bird,2,42,1858,0.001076426264800861
make,person,2,43,1858,0.001076426264800861
make,dakota,2,44,1858,0.001076426264800861
make,duckie,2,45,1858,0.001076426264800861
make,mcgregor,2,46,1858,0.001076426264800861
make,bug,2,47,1858,0.001076426264800861
make,someone,2,48,1858,0.001076426264800861
make,somebody,2,49,1858,0.001076426264800861
make,switch,2,50,1858,0.001076426264800861
make,button,2,51,1858,0.001076426264800861
make,ben,2,52,1858,0.001076426264800861
make,ya,2,53,1858,0.001076426264800861
make,salley,2,54,1858,0.001076426264800861
make,kalie,2,55,1858,0.001076426264800861
make,sun,2,56,1858,0.001076426264800861
make,these,2,57,1858,0.001076426264800861
make,mummie,2,58,1858,0.001076426264800861
make,mr_brown,2,59,1858,0.001076426264800861
make,puppy,2,60,1858,0.001076426264800861
make,fei,2,61,1858,0.001076426264800861
make,vroom,2,62,1858,0.001076426264800861
make,rom,2,63,1858,0.001076426264800861
make,mommy'll,2,64,1858,0.001076426264800861
make,dog,2,65,1858,0.001076426264800861
make,engine,2,66,1858,0.001076426264800861
make,jackie,1,67,1858,0.0005382131324004305
make,sound,1,68,1858,0.0005382131324004305
make,husband,1,69,1858,0.0005382131324004305
make,clean,1,70,1858,0.0005382131324004305
make,pwww,1,71,1858,0.0005382131324004305
make,vacuum,1,72,1858,0.0005382131324004305
make,mother,1,73,1858,0.0005382131324004305
make,jack,1,74,1858,0.0005382131324004305
make,lemme,1,75,1858,0.0005382131324004305
make,neighbor,1,76,1858,0.0005382131324004305
make,some,1,77,1858,0.0005382131324004305
make,linda,1,78,1858,0.0005382131324004305
make,wind,1,79,1858,0.0005382131324004305
make,elf,1,80,1858,0.0005382131324004305
make,bee,1,81,1858,0.0005382131324004305
make,snail,1,82,1858,0.0005382131324004305
make,geese,1,83,1858,0.0005382131324004305
make,henry,1,84,1858,0.0005382131324004305
make,jesus,1,85,1858,0.0005382131324004305
make,orioles,1,86,1858,0.0005382131324004305
make,yaya,1,87,1858,0.0005382131324004305
make,tyco,1,88,1858,0.0005382131324004305
make,dyeisha,1,89,1858,0.0005382131324004305
make,pamper,1,90,1858,0.0005382131324004305
make,elmo,1,91,1858,0.0005382131324004305
make,stuff,1,92,1858,0.0005382131324004305
make,thing,1,93,1858,0.0005382131324004305
make,you_all,1,94,1858,0.0005382131324004305
make,battery,1,95,1858,0.0005382131324004305
make,birdie,1,96,1858,0.0005382131324004305
make,seaweed,1,97,1858,0.0005382131324004305
make,gepetto,1,98,1858,0.0005382131324004305
make,duck,1,99,1858,0.0005382131324004305
make,katie,1,100,1858,0.0005382131324004305
make,ball,1,101,1858,0.0005382131324004305
make,light,1,102,1858,0.0005382131324004305
make,norman,1,103,1858,0.0005382131324004305
make,fish,1,104,1858,0.0005382131324004305
make,nathan,1,105,1858,0.0005382131324004305
make,something,1,106,1858,0.0005382131324004305
make,water,1,107,1858,0.0005382131324004305
make,candle,1,108,1858,0.0005382131324004305
make,megan,1,109,1858,0.0005382131324004305
make,t,1,110,1858,0.0005382131324004305
make,messy,1,111,1858,0.0005382131324004305
make,jerry,1,112,1858,0.0005382131324004305
make,man,1,113,1858,0.0005382131324004305
make,toy,1,114,1858,0.0005382131324004305
make,catherine,1,115,1858,0.0005382131324004305
make,guitar,1,116,1858,0.0005382131324004305
make,frank,1,117,1858,0.0005382131324004305
make,rabbit,1,118,1858,0.0005382131324004305
make,violin,1,119,1858,0.0005382131324004305
make,green,1,120,1858,0.0005382131324004305
make,wheel,1,121,1858,0.0005382131324004305
make,chick,1,122,1858,0.0005382131324004305
make,ours,1,123,1858,0.0005382131324004305
make,monkey,1,124,1858,0.0005382131324004305
make,fire,1,125,1858,0.0005382131324004305
make,mister_sun,1,126,1858,0.0005382131324004305
make,dominic,1,127,1858,0.0005382131324004305
make,hilary,1,128,1858,0.0005382131324004305
make,james,1,129,1858,0.0005382131324004305
make,snake,1,130,1858,0.0005382131324004305
make,warren,1,131,1858,0.0005382131324004305
make,granny,1,132,1858,0.0005382131324004305
make,nan,1,133,1858,0.0005382131324004305
make,samantha,1,134,1858,0.0005382131324004305
make,turtle,1,135,1858,0.0005382131324004305
make,character,1,136,1858,0.0005382131324004305
make,horse,1,137,1858,0.0005382131324004305
make,party,1,138,1858,0.0005382131324004305
make,noise,1,139,1858,0.0005382131324004305
make,piggy,1,140,1858,0.0005382131324004305
make,cow,1,141,1858,0.0005382131324004305
make,ducky,1,142,1858,0.0005382131324004305
make,papa,1,143,1858,0.0005382131324004305
make,cic,1,144,1858,0.0005382131324004305
make,moose,1,145,1858,0.0005382131324004305
make,bear,1,146,1858,0.0005382131324004305
make,med,1,147,1858,0.0005382131324004305
make,red,1,148,1858,0.0005382131324004305
make,purple,1,149,1858,0.0005382131324004305
make,black,1,150,1858,0.0005382131324004305
make,yours,1,151,1858,0.0005382131324004305
make,mummy'll,1,152,1858,0.0005382131324004305
make,whew,1,153,1858,0.0005382131324004305
make,zic,1,154,1858,0.0005382131324004305
make,jac,1,155,1858,0.0005382131324004305
make,boy,1,156,1858,0.0005382131324004305
make,good,1,157,1858,0.0005382131324004305
make,tracy,1,158,1858,0.0005382131324004305
make,soap,1,159,1858,0.0005382131324004305
make,orange,1,160,1858,0.0005382131324004305
play,you,577,1,1707,0.3380199179847686
play,we,317,2,1707,0.18570591681312243
play,wanna,206,3,1707,0.12067955477445812
play,us,147,4,1707,0.08611599297012303
play,he,95,5,1707,0.05565319273579379
play,she,83,6,1707,0.04862331575864089
play,i,65,7,1707,0.038078500292911543
play,they,49,8,1707,0.02870533099004101
play,mommy,9,9,1707,0.005272407732864675
play,abi,9,10,1707,0.005272407732864675
play,child,8,11,1707,0.0046865846514352666
play,judy,8,12,1707,0.0046865846514352666
play,daddy,8,13,1707,0.0046865846514352666
play,baby,7,14,1707,0.004100761570005858
play,boy,6,15,1707,0.0035149384885764497
play,it,5,16,1707,0.0029291154071470417
play,elephant,5,17,1707,0.0029291154071470417
play,that,4,18,1707,0.0023432923257176333
play,who,4,19,1707,0.0023432923257176333
play,cat,3,20,1707,0.0017574692442882249
play,puppy,3,21,1707,0.0017574692442882249
play,snowman,3,22,1707,0.0017574692442882249
play,mey,3,23,1707,0.0017574692442882249
play,kitten,2,24,1707,0.0011716461628588166
play,girl,2,25,1707,0.0011716461628588166
play,people,2,26,1707,0.0011716461628588166
play,lot,2,27,1707,0.0011716461628588166
play,one,2,28,1707,0.0011716461628588166
play,henry,2,29,1707,0.0011716461628588166
play,fiddler_cat,2,30,1707,0.0011716461628588166
play,krystal,2,31,1707,0.0011716461628588166
play,mama,2,32,1707,0.0011716461628588166
play,emily,2,33,1707,0.0011716461628588166
play,carl,2,34,1707,0.0011716461628588166
play,toy,2,35,1707,0.0011716461628588166
play,firstname,2,36,1707,0.0011716461628588166
play,everybody,2,37,1707,0.0011716461628588166
play,kid,2,38,1707,0.0011716461628588166
play,ya,1,39,1707,0.0005858230814294083
play,a_lot_of,1,40,1707,0.0005858230814294083
play,her,1,41,1707,0.0005858230814294083
play,peter,1,42,1707,0.0005858230814294083
play,dwww,1,43,1707,0.0005858230814294083
play,pan,1,44,1707,0.0005858230814294083
play,guy,1,45,1707,0.0005858230814294083
play,kitty,1,46,1707,0.0005858230814294083
play,alexander,1,47,1707,0.0005858230814294083
play,bear,1,48,1707,0.0005858230814294083
play,taxi,1,49,1707,0.0005858230814294083
play,piglet,1,50,1707,0.0005858230814294083
play,whatcha,1,51,1707,0.0005858230814294083
play,sister,1,52,1707,0.0005858230814294083
play,animal,1,53,1707,0.0005858230814294083
play,seal,1,54,1707,0.0005858230814294083
play,yeh,1,55,1707,0.0005858230814294083
play,dog,1,56,1707,0.0005858230814294083
play,ross,1,57,1707,0.0005858230814294083
play,teddy,1,58,1707,0.0005858230814294083
play,norman,1,59,1707,0.0005858230814294083
play,terry,1,60,1707,0.0005858230814294083
play,puppys,1,61,1707,0.0005858230814294083
play,something,1,62,1707,0.0005858230814294083
play,buddy,1,63,1707,0.0005858230814294083
play,melissa,1,64,1707,0.0005858230814294083
play,salley,1,65,1707,0.0005858230814294083
play,brittany,1,66,1707,0.0005858230814294083
play,travis,1,67,1707,0.0005858230814294083
play,flower,1,68,1707,0.0005858230814294083
play,skunk,1,69,1707,0.0005858230814294083
play,both,1,70,1707,0.0005858230814294083
play,nomi,1,71,1707,0.0005858230814294083
play,bunny,1,72,1707,0.0005858230814294083
play,rabbit,1,73,1707,0.0005858230814294083
play,jeff,1,74,1707,0.0005858230814294083
play,mouse,1,75,1707,0.0005858230814294083
play,sarah,1,76,1707,0.0005858230814294083
play,nobody,1,77,1707,0.0005858230814294083
play,katie,1,78,1707,0.0005858230814294083
play,drew,1,79,1707,0.0005858230814294083
play,mummy,1,80,1707,0.0005858230814294083
play,lara,1,81,1707,0.0005858230814294083
play,england,1,82,1707,0.0005858230814294083
play,other,1,83,1707,0.0005858230814294083
play,pottie,1,84,1707,0.0005858230814294083
play,what,1,85,1707,0.0005858230814294083
play,harriet,1,86,1707,0.0005858230814294083
play,nea,1,87,1707,0.0005858230814294083
play,any,1,88,1707,0.0005858230814294083
play,edena,1,89,1707,0.0005858230814294083
play,no,1,90,1707,0.0005858230814294083
play,paul,1,91,1707,0.0005858230814294083
take,you,635,1,1638,0.3876678876678877
take,i,287,2,1638,0.1752136752136752
take,we,189,3,1638,0.11538461538461539
take,us,96,4,1638,0.05860805860805861
take,wanna,50,5,1638,0.030525030525030524
take,mommy,50,6,1638,0.030525030525030524
take,she,44,7,1638,0.026862026862026864
take,he,43,8,1638,0.026251526251526252
take,it,24,9,1638,0.014652014652014652
take,they,23,10,1638,0.014041514041514042
take,daddy,17,11,1638,0.010378510378510378
take,lemme,13,12,1638,0.007936507936507936
take,who,10,13,1638,0.006105006105006105
take,baby,7,14,1638,0.004273504273504274
take,hasta,5,15,1638,0.0030525030525030525
take,mama,5,16,1638,0.0030525030525030525
take,picture,4,17,1638,0.002442002442002442
take,this,4,18,1638,0.002442002442002442
take,mummy,4,19,1638,0.002442002442002442
take,firstname,4,20,1638,0.002442002442002442
take,lady,3,21,1638,0.0018315018315018315
take,that,3,22,1638,0.0018315018315018315
take,people,3,23,1638,0.0018315018315018315
take,rooster,3,24,1638,0.0018315018315018315
take,carl,3,25,1638,0.0018315018315018315
take,old_farmer_gile,3,26,1638,0.0018315018315018315
take,ross,3,27,1638,0.0018315018315018315
take,mom,3,28,1638,0.0018315018315018315
take,granddad,3,29,1638,0.0018315018315018315
take,ya,2,30,1638,0.001221001221001221
take,go,2,31,1638,0.001221001221001221
take,needta,2,32,1638,0.001221001221001221
take,daddy'll,2,33,1638,0.001221001221001221
take,brisco,2,34,1638,0.001221001221001221
take,boy,2,35,1638,0.001221001221001221
take,mommy'll,2,36,1638,0.001221001221001221
take,caitlin,2,37,1638,0.001221001221001221
take,camera,2,38,1638,0.001221001221001221
take,somebody,2,39,1638,0.001221001221001221
take,connie,2,40,1638,0.001221001221001221
take,crocodile,2,41,1638,0.001221001221001221
take,travis,2,42,1638,0.001221001221001221
take,nomi,2,43,1638,0.001221001221001221
take,mummie,2,44,1638,0.001221001221001221
take,choo_choo,2,45,1638,0.001221001221001221
take,mye,2,46,1638,0.001221001221001221
take,door,1,47,1638,0.0006105006105006105
take,child,1,48,1638,0.0006105006105006105
take,screwdriver,1,49,1638,0.0006105006105006105
take,peter,1,50,1638,0.0006105006105006105
take,conversation,1,51,1638,0.0006105006105006105
take,mrs_gwww,1,52,1638,0.0006105006105006105
take,mwww,1,53,1638,0.0006105006105006105
take,gwww,1,54,1638,0.0006105006105006105
take,swww'll,1,55,1638,0.0006105006105006105
take,joanna,1,56,1638,0.0006105006105006105
take,trudie,1,57,1638,0.0006105006105006105
take,weed,1,58,1638,0.0006105006105006105
take,pig,1,59,1638,0.0006105006105006105
take,terry,1,60,1638,0.0006105006105006105
take,hadta,1,61,1638,0.0006105006105006105
take,dakota,1,62,1638,0.0006105006105006105
take,dad,1,63,1638,0.0006105006105006105
take,defender,1,64,1638,0.0006105006105006105
take,god,1,65,1638,0.0006105006105006105
take,sister,1,66,1638,0.0006105006105006105
take,dyeisha,1,67,1638,0.0006105006105006105
take,man_man,1,68,1638,0.0006105006105006105
take,no,1,69,1638,0.0006105006105006105
take,suit,1,70,1638,0.0006105006105006105
take,sarah,1,71,1638,0.0006105006105006105
take,yeh,1,72,1638,0.0006105006105006105
take,ema,1,73,1638,0.0006105006105006105
take,jane,1,74,1638,0.0006105006105006105
take,grandma,1,75,1638,0.0006105006105006105
take,titus,1,76,1638,0.0006105006105006105
take,kalie,1,77,1638,0.0006105006105006105
take,your,1,78,1638,0.0006105006105006105
take,catherine,1,79,1638,0.0006105006105006105
take,joseph,1,80,1638,0.0006105006105006105
take,leah,1,81,1638,0.0006105006105006105
take,bunny,1,82,1638,0.0006105006105006105
take,howe,1,83,1638,0.0006105006105006105
take,caroline,1,84,1638,0.0006105006105006105
take,sandwich,1,85,1638,0.0006105006105006105
take,pat,1,86,1638,0.0006105006105006105
take,thomas,1,87,1638,0.0006105006105006105
take,nobody,1,88,1638,0.0006105006105006105
take,forklift,1,89,1638,0.0006105006105006105
take,one,1,90,1638,0.0006105006105006105
take,train,1,91,1638,0.0006105006105006105
take,ball,1,92,1638,0.0006105006105006105
take,psht,1,93,1638,0.0006105006105006105
take,firetruck,1,94,1638,0.0006105006105006105
take,‡,1,95,1638,0.0006105006105006105
take,hood,1,96,1638,0.0006105006105006105
take,ernie,1,97,1638,0.0006105006105006105
take,many,1,98,1638,0.0006105006105006105
take,med,1,99,1638,0.0006105006105006105
take,mey,1,100,1638,0.0006105006105006105
take,sul,1,101,1638,0.0006105006105006105
take,zic,1,102,1638,0.0006105006105006105
take,max,1,103,1638,0.0006105006105006105
take,gst,1,104,1638,0.0006105006105006105
take,purse,1,105,1638,0.0006105006105006105
take,uhoh,1,106,1638,0.0006105006105006105
take,edena,1,107,1638,0.0006105006105006105
take,let,1,108,1638,0.0006105006105006105
take,man,1,109,1638,0.0006105006105006105
find,you,678,1,1371,0.49452954048140046
find,we,242,2,1371,0.1765134938001459
find,i,239,3,1371,0.17432530999270604
find,us,60,4,1371,0.0437636761487965
find,he,20,5,1371,0.014587892049598834
find,mummy,19,6,1371,0.013858497447118891
find,mommy,16,7,1371,0.011670313639679067
find,daddy,11,8,1371,0.008023340627279359
find,mama,11,9,1371,0.008023340627279359
find,they,10,10,1371,0.007293946024799417
find,she,8,11,1371,0.005835156819839533
find,carl,6,12,1371,0.00437636761487965
find,lemme,4,13,1371,0.0029175784099197666
find,rachel,4,14,1371,0.0029175784099197666
find,needta,3,15,1371,0.002188183807439825
find,wanna,3,16,1371,0.002188183807439825
find,timmy,2,17,1371,0.0014587892049598833
find,mcgregor,2,18,1371,0.0014587892049598833
find,peter,2,19,1371,0.0014587892049598833
find,mickey,2,20,1371,0.0014587892049598833
find,who,2,21,1371,0.0014587892049598833
find,mummy'll,2,22,1371,0.0014587892049598833
find,whatcha,2,23,1371,0.0014587892049598833
find,ya,1,24,1371,0.0007293946024799417
find,brother,1,25,1371,0.0007293946024799417
find,taxi,1,26,1371,0.0007293946024799417
find,everyone,1,27,1371,0.0007293946024799417
find,andy,1,28,1371,0.0007293946024799417
find,bird,1,29,1371,0.0007293946024799417
find,hafta,1,30,1371,0.0007293946024799417
find,happiness,1,31,1371,0.0007293946024799417
find,that,1,32,1371,0.0007293946024799417
find,it,1,33,1371,0.0007293946024799417
find,sally,1,34,1371,0.0007293946024799417
find,travis,1,35,1371,0.0007293946024799417
find,flower,1,36,1371,0.0007293946024799417
find,grandma,1,37,1371,0.0007293946024799417
find,anne,1,38,1371,0.0007293946024799417
find,controller,1,39,1371,0.0007293946024799417
find,baby,1,40,1371,0.0007293946024799417
find,mom,1,41,1371,0.0007293946024799417
find,fei,1,42,1371,0.0007293946024799417
find,little_bo_peep,1,43,1371,0.0007293946024799417
find,ramona,1,44,1371,0.0007293946024799417
find,bryan,1,45,1371,0.0007293946024799417
find,let,1,46,1371,0.0007293946024799417
sit,you,542,1,1281,0.42310694769711166
sit,wanna,109,2,1281,0.08508977361436378
sit,i,95,3,1281,0.0741608118657299
sit,he,93,4,1281,0.07259953161592506
sit,we,66,5,1281,0.05152224824355972
sit,she,63,6,1281,0.04918032786885246
sit,us,44,7,1281,0.03434816549570648
sit,baby,26,8,1281,0.02029664324746292
sit,mommy,23,9,1281,0.01795472287275566
sit,man,19,10,1281,0.01483216237314598
sit,who,19,11,1281,0.01483216237314598
sit,it,14,12,1281,0.01092896174863388
sit,they,11,13,1281,0.00858704137392662
sit,firstname,7,14,1281,0.00546448087431694
sit,mummy,7,15,1281,0.00546448087431694
sit,boy,6,16,1281,0.00468384074941452
sit,daddy,5,17,1281,0.0039032006245121
sit,people,4,18,1281,0.00312256049960968
sit,go,4,19,1281,0.00312256049960968
sit,bear,4,20,1281,0.00312256049960968
sit,bird,4,21,1281,0.00312256049960968
sit,dog,3,22,1281,0.00234192037470726
sit,needta,3,23,1281,0.00234192037470726
sit,this,3,24,1281,0.00234192037470726
sit,chair,3,25,1281,0.00234192037470726
sit,mama,3,26,1281,0.00234192037470726
sit,cha,3,27,1281,0.00234192037470726
sit,lady,2,28,1281,0.00156128024980484
sit,doll,2,29,1281,0.00156128024980484
sit,laura,2,30,1281,0.00156128024980484
sit,swww,2,31,1281,0.00156128024980484
sit,girl,2,32,1281,0.00156128024980484
sit,that,2,33,1281,0.00156128024980484
sit,neil,2,34,1281,0.00156128024980484
sit,sarah,2,35,1281,0.00156128024980484
sit,cheeky,2,36,1281,0.00156128024980484
sit,jane,2,37,1281,0.00156128024980484
sit,georgie,2,38,1281,0.00156128024980484
sit,lap,2,39,1281,0.00156128024980484
sit,mom,2,40,1281,0.00156128024980484
sit,what,2,41,1281,0.00156128024980484
sit,job,2,42,1281,0.00156128024980484
sit,ball,2,43,1281,0.00156128024980484
sit,oop,2,44,1281,0.00156128024980484
sit,rom,2,45,1281,0.00156128024980484
sit,dog_dog,1,46,1281,0.00078064012490242
sit,dumpty,1,47,1281,0.00078064012490242
sit,clean,1,48,1281,0.00078064012490242
sit,eric,1,49,1281,0.00078064012490242
sit,anyone,1,50,1281,0.00078064012490242
sit,hasta,1,51,1281,0.00078064012490242
sit,all,1,52,1281,0.00078064012490242
sit,horner,1,53,1281,0.00078064012490242
sit,cock_a_doodle_doo,1,54,1281,0.00078064012490242
sit,bummie,1,55,1281,0.00078064012490242
sit,bee,1,56,1281,0.00078064012490242
sit,man'll,1,57,1281,0.00078064012490242
sit,eve,1,58,1281,0.00078064012490242
sit,fraser,1,59,1281,0.00078064012490242
sit,horsie,1,60,1281,0.00078064012490242
sit,the,1,61,1281,0.00078064012490242
sit,cup,1,62,1281,0.00078064012490242
sit,papa,1,63,1281,0.00078064012490242
sit,smurf,1,64,1281,0.00078064012490242
sit,roy,1,65,1281,0.00078064012490242
sit,rachel,1,66,1281,0.00078064012490242
sit,henry,1,67,1281,0.00078064012490242
sit,liam,1,68,1281,0.00078064012490242
sit,somebody,1,69,1281,0.00078064012490242
sit,bryan,1,70,1281,0.00078064012490242
sit,bert,1,71,1281,0.00078064012490242
sit,chicken,1,72,1281,0.00078064012490242
sit,child,1,73,1281,0.00078064012490242
sit,little_miss_muffet,1,74,1281,0.00078064012490242
sit,sandy,1,75,1281,0.00078064012490242
sit,moe,1,76,1281,0.00078064012490242
sit,crumble,1,77,1281,0.00078064012490242
sit,bunny,1,78,1281,0.00078064012490242
sit,teddy,1,79,1281,0.00078064012490242
sit,mummy'll,1,80,1281,0.00078064012490242
sit,lara,1,81,1281,0.00078064012490242
sit,abi,1,82,1281,0.00078064012490242
sit,tummy,1,83,1281,0.00078064012490242
sit,bottle,1,84,1281,0.00078064012490242
sit,anne,1,85,1281,0.00078064012490242
sit,zita,1,86,1281,0.00078064012490242
sit,monkey,1,87,1281,0.00078064012490242
sit,carl,1,88,1281,0.00078064012490242
sit,car,1,89,1281,0.00078064012490242
sit,pooh_bear,1,90,1281,0.00078064012490242
sit,anna,1,91,1281,0.00078064012490242
sit,donald,1,92,1281,0.00078064012490242
sit,father,1,93,1281,0.00078064012490242
sit,‡,1,94,1281,0.00078064012490242
sit,whoops,1,95,1281,0.00078064012490242
sit,baby_blue,1,96,1281,0.00078064012490242
sit,detective_mickey_mouse,1,97,1281,0.00078064012490242
sit,guy,1,98,1281,0.00078064012490242
sit,med,1,99,1281,0.00078064012490242
sit,nea,1,100,1281,0.00078064012490242
sit,jon,1,101,1281,0.00078064012490242
sit,lai,1,102,1281,0.00078064012490242
sit,mommy'll,1,103,1281,0.00078064012490242
sit,gst,1,104,1281,0.00078064012490242
sit,doggie,1,105,1281,0.00078064012490242
sit,cosette,1,106,1281,0.00078064012490242
sit,josh,1,107,1281,0.00078064012490242
eat,you,534,1,1252,0.426517571884984
eat,he,137,2,1252,0.10942492012779553
eat,we,94,3,1252,0.07507987220447285
eat,they,60,4,1252,0.04792332268370607
eat,she,59,5,1252,0.04712460063897764
eat,i,48,6,1252,0.038338658146964855
eat,baby,27,7,1252,0.02156549520766773
eat,mommy,23,8,1252,0.018370607028753993
eat,it,17,9,1252,0.013578274760383386
eat,daddy,17,10,1252,0.013578274760383386
eat,us,16,11,1252,0.012779552715654952
eat,who,15,12,1252,0.011980830670926517
eat,wanna,15,13,1252,0.011980830670926517
eat,bunny,12,14,1252,0.009584664536741214
eat,kitty,12,15,1252,0.009584664536741214
eat,firstname,7,16,1252,0.005591054313099041
eat,cow,6,17,1252,0.004792332268370607
eat,cat,5,18,1252,0.003993610223642172
eat,hasta,5,19,1252,0.003993610223642172
eat,mandy,5,20,1252,0.003993610223642172
eat,dakota,5,21,1252,0.003993610223642172
eat,mummy,5,22,1252,0.003993610223642172
eat,monkey,5,23,1252,0.003993610223642172
eat,timmy,4,24,1252,0.003194888178913738
eat,somebody,4,25,1252,0.003194888178913738
eat,anteater,4,26,1252,0.003194888178913738
eat,horse,4,27,1252,0.003194888178913738
eat,goat,4,28,1252,0.003194888178913738
eat,rabbit,3,29,1252,0.0023961661341853034
eat,laura,3,30,1252,0.0023961661341853034
eat,winnie_the_pooh,3,31,1252,0.0023961661341853034
eat,squirrel,3,32,1252,0.0023961661341853034
eat,no,3,33,1252,0.0023961661341853034
eat,kalie,3,34,1252,0.0023961661341853034
eat,nomi,3,35,1252,0.0023961661341853034
eat,momma,3,36,1252,0.0023961661341853034
eat,dillon,2,37,1252,0.001597444089456869
eat,someone,2,38,1252,0.001597444089456869
eat,bird,2,39,1252,0.001597444089456869
eat,the,2,40,1252,0.001597444089456869
eat,people,2,41,1252,0.001597444089456869
eat,chicken,2,42,1252,0.001597444089456869
eat,mouse,2,43,1252,0.001597444089456869
eat,tiger,2,44,1252,0.001597444089456869
eat,spot,2,45,1252,0.001597444089456869
eat,horsie,2,46,1252,0.001597444089456869
eat,mummy'll,2,47,1252,0.001597444089456869
eat,kid,2,48,1252,0.001597444089456869
eat,sammy,2,49,1252,0.001597444089456869
eat,larry,2,50,1252,0.001597444089456869
eat,ya,1,51,1252,0.0007987220447284345
eat,picture,1,52,1252,0.0007987220447284345
eat,joanna,1,53,1252,0.0007987220447284345
eat,swww,1,54,1252,0.0007987220447284345
eat,egg,1,55,1252,0.0007987220447284345
eat,peanut,1,56,1252,0.0007987220447284345
eat,morgan,1,57,1252,0.0007987220447284345
eat,sprat,1,58,1252,0.0007987220447284345
eat,wife,1,59,1252,0.0007987220447284345
eat,doggie,1,60,1252,0.0007987220447284345
eat,adam,1,61,1252,0.0007987220447284345
eat,peter,1,62,1252,0.0007987220447284345
eat,maggie,1,63,1252,0.0007987220447284345
eat,dyeisha,1,64,1252,0.0007987220447284345
eat,eve,1,65,1252,0.0007987220447284345
eat,aardvark,1,66,1252,0.0007987220447284345
eat,roy,1,67,1252,0.0007987220447284345
eat,puppy,1,68,1252,0.0007987220447284345
eat,rachel,1,69,1252,0.0007987220447284345
eat,child,1,70,1252,0.0007987220447284345
eat,anybody,1,71,1252,0.0007987220447284345
eat,animal,1,72,1252,0.0007987220447284345
eat,needta,1,73,1252,0.0007987220447284345
eat,dragon,1,74,1252,0.0007987220447284345
eat,that,1,75,1252,0.0007987220447284345
eat,dinosaur,1,76,1252,0.0007987220447284345
eat,man,1,77,1252,0.0007987220447284345
eat,birdie,1,78,1252,0.0007987220447284345
eat,piggie,1,79,1252,0.0007987220447284345
eat,butter,1,80,1252,0.0007987220447284345
eat,what,1,81,1252,0.0007987220447284345
eat,pittsburg,1,82,1252,0.0007987220447284345
eat,bug,1,83,1252,0.0007987220447284345
eat,lara,1,84,1252,0.0007987220447284345
eat,whale,1,85,1252,0.0007987220447284345
eat,anne,1,86,1252,0.0007987220447284345
eat,dog,1,87,1252,0.0007987220447284345
eat,carl,1,88,1252,0.0007987220447284345
eat,fish,1,89,1252,0.0007987220447284345
eat,doggy,1,90,1252,0.0007987220447284345
eat,nanny,1,91,1252,0.0007987220447284345
eat,mama,1,92,1252,0.0007987220447284345
eat,food,1,93,1252,0.0007987220447284345
eat,penguin,1,94,1252,0.0007987220447284345
eat,bumper,1,95,1252,0.0007987220447284345
eat,mommy'll,1,96,1252,0.0007987220447284345
eat,eric,1,97,1252,0.0007987220447284345
eat,pig,1,98,1252,0.0007987220447284345
eat,hafta,1,99,1252,0.0007987220447284345
eat,dumbo,1,100,1252,0.0007987220447284345
eat,johnny,1,101,1252,0.0007987220447284345
need,you,458,1,1024,0.447265625
need,i,161,2,1024,0.1572265625
need,we,124,3,1024,0.12109375
need,she,79,4,1024,0.0771484375
need,he,51,5,1024,0.0498046875
need,mommy,29,6,1024,0.0283203125
need,baby,27,7,1024,0.0263671875
need,it,26,8,1024,0.025390625
need,daddy,8,9,1024,0.0078125
need,they,6,10,1024,0.005859375
need,mama,4,11,1024,0.00390625
need,who,2,12,1024,0.001953125
need,everything,2,13,1024,0.001953125
need,that,2,14,1024,0.001953125
need,teddy,2,15,1024,0.001953125
need,mom,2,16,1024,0.001953125
need,hair,2,17,1024,0.001953125
need,anybody,1,18,1024,0.0009765625
need,house,1,19,1024,0.0009765625
need,train,1,20,1024,0.0009765625
need,jennifer,1,21,1024,0.0009765625
need,mommy'll,1,22,1024,0.0009765625
need,kitty,1,23,1024,0.0009765625
need,anyone,1,24,1024,0.0009765625
need,girl,1,25,1024,0.0009765625
need,one,1,26,1024,0.0009765625
need,whatcha,1,27,1024,0.0009765625
need,dog,1,28,1024,0.0009765625
need,car,1,29,1024,0.0009765625
need,sister,1,30,1024,0.0009765625
need,dyeisha,1,31,1024,0.0009765625
need,fraser,1,32,1024,0.0009765625
need,home,1,33,1024,0.0009765625
need,hand,1,34,1024,0.0009765625
need,mouth,1,35,1024,0.0009765625
need,nothing,1,36,1024,0.0009765625
need,g,1,37,1024,0.0009765625
need,foot,1,38,1024,0.0009765625
need,leg,1,39,1024,0.0009765625
need,somebody,1,40,1024,0.0009765625
need,airport,1,41,1024,0.0009765625
need,some,1,42,1024,0.0009765625
need,nomi,1,43,1024,0.0009765625
need,frog,1,44,1024,0.0009765625
need,nobody,1,45,1024,0.0009765625
need,bunny,1,46,1024,0.0009765625
need,mummie,1,47,1024,0.0009765625
need,bike,1,48,1024,0.0009765625
need,caroline,1,49,1024,0.0009765625
need,nope,1,50,1024,0.0009765625
need,firstname,1,51,1024,0.0009765625
need,honey,1,52,1024,0.0009765625
need,boy,1,53,1024,0.0009765625
need,jon,1,54,1024,0.0009765625
need,carole,1,55,1024,0.0009765625
need,floor,1,56,1024,0.0009765625
give,you,416,1,997,0.4172517552657974
give,i,211,2,997,0.21163490471414242
give,we,97,3,997,0.09729187562688064
give,wanna,37,4,997,0.037111334002006016
give,us,27,5,997,0.02708124373119358
give,mommy,25,6,997,0.025075225677031094
give,he,22,7,997,0.022066198595787363
give,she,18,8,997,0.01805416248746239
give,daddy,10,9,997,0.010030090270812437
give,who,9,10,997,0.009027081243731194
give,they,8,11,997,0.00802407221664995
give,mummy,6,12,997,0.006018054162487462
give,lemme,5,13,997,0.0050150451354062184
give,whack,5,14,997,0.0050150451354062184
give,mama,4,15,997,0.004012036108324975
give,mary,4,16,997,0.004012036108324975
give,grandma,3,17,997,0.003009027081243731
give,granny,3,18,997,0.003009027081243731
give,travis,3,19,997,0.003009027081243731
give,wack,3,20,997,0.003009027081243731
give,teddy,3,21,997,0.003009027081243731
give,jwww,2,22,997,0.0020060180541624875
give,laura,2,23,997,0.0020060180541624875
give,pooh,2,24,997,0.0020060180541624875
give,all,2,25,997,0.0020060180541624875
give,donkey,2,26,997,0.0020060180541624875
give,eve,2,27,997,0.0020060180541624875
give,granma,2,28,997,0.0020060180541624875
give,it,2,29,997,0.0020060180541624875
give,bunny,2,30,997,0.0020060180541624875
give,carl,2,31,997,0.0020060180541624875
give,mom,2,32,997,0.0020060180541624875
give,kinda,1,33,997,0.0010030090270812437
give,peter,1,34,997,0.0010030090270812437
give,tunnel,1,35,997,0.0010030090270812437
give,lois,1,36,997,0.0010030090270812437
give,laura_lastname,1,37,997,0.0010030090270812437
give,doctor,1,38,997,0.0010030090270812437
give,baby,1,39,997,0.0010030090270812437
give,that,1,40,997,0.0010030090270812437
give,god,1,41,997,0.0010030090270812437
give,dad,1,42,997,0.0010030090270812437
give,henry,1,43,997,0.0010030090270812437
give,girl,1,44,997,0.0010030090270812437
give,papa,1,45,997,0.0010030090270812437
give,mommy'll,1,46,997,0.0010030090270812437
give,margaret,1,47,997,0.0010030090270812437
give,father,1,48,997,0.0010030090270812437
give,king,1,49,997,0.0010030090270812437
give,mike,1,50,997,0.0010030090270812437
give,ross,1,51,997,0.0010030090270812437
give,rachel,1,52,997,0.0010030090270812437
give,jamie,1,53,997,0.0010030090270812437
give,toe,1,54,997,0.0010030090270812437
give,ducky,1,55,997,0.0010030090270812437
give,lady,1,56,997,0.0010030090270812437
give,raisin,1,57,997,0.0010030090270812437
give,weener,1,58,997,0.0010030090270812437
give,megan,1,59,997,0.0010030090270812437
give,sally,1,60,997,0.0010030090270812437
give,hunhunh,1,61,997,0.0010030090270812437
give,kalie,1,62,997,0.0010030090270812437
give,cow,1,63,997,0.0010030090270812437
give,gammy,1,64,997,0.0010030090270812437
give,person,1,65,997,0.0010030090270812437
give,president,1,66,997,0.0010030090270812437
give,samuel,1,67,997,0.0010030090270812437
give,engine,1,68,997,0.0010030090270812437
give,mouse,1,69,997,0.0010030090270812437
give,bear,1,70,997,0.0010030090270812437
give,woman,1,71,997,0.0010030090270812437
give,judy,1,72,997,0.0010030090270812437
give,mummy'll,1,73,997,0.0010030090270812437
give,kiss,1,74,997,0.0010030090270812437
give,muah,1,75,997,0.0010030090270812437
give,firstname,1,76,997,0.0010030090270812437
give,yay,1,77,997,0.0010030090270812437
give,spoon,1,78,997,0.0010030090270812437
give,fei,1,79,997,0.0010030090270812437
give,gar,1,80,997,0.0010030090270812437
give,lin,1,81,997,0.0010030090270812437
give,mey,1,82,997,0.0010030090270812437
give,byebye,1,83,997,0.0010030090270812437
give,dentist,1,84,997,0.0010030090270812437
give,pat,1,85,997,0.0010030090270812437
give,let,1,86,997,0.0010030090270812437
give,nanna,1,87,997,0.0010030090270812437
give,johnny,1,88,997,0.0010030090270812437
turn,you,391,1,990,0.39494949494949494
turn,we,184,2,990,0.18585858585858586
turn,i,114,3,990,0.11515151515151516
turn,us,68,4,990,0.06868686868686869
turn,it,67,5,990,0.06767676767676768
turn,wanna,36,6,990,0.03636363636363636
turn,daddy,13,7,990,0.013131313131313131
turn,mommy,12,8,990,0.012121212121212121
turn,they,10,9,990,0.010101010101010102
turn,mama,10,10,990,0.010101010101010102
turn,wheel,8,11,990,0.00808080808080808
turn,that,8,12,990,0.00808080808080808
turn,he,5,13,990,0.005050505050505051
turn,she,4,14,990,0.00404040404040404
turn,head,4,15,990,0.00404040404040404
turn,travis,3,16,990,0.0030303030303030303
turn,one,3,17,990,0.0030303030303030303
turn,tape,2,18,990,0.00202020202020202
turn,this,2,19,990,0.00202020202020202
turn,eyeore,2,20,990,0.00202020202020202
turn,needta,2,21,990,0.00202020202020202
turn,brittany,2,22,990,0.00202020202020202
turn,firstname,2,23,990,0.00202020202020202
turn,eric,1,24,990,0.00101010101010101
turn,propeller,1,25,990,0.00101010101010101
turn,peter,1,26,990,0.00101010101010101
turn,water,1,27,990,0.00101010101010101
turn,something,1,28,990,0.00101010101010101
turn,chair,1,29,990,0.00101010101010101
turn,car,1,30,990,0.00101010101010101
turn,alex,1,31,990,0.00101010101010101
turn,who,1,32,990,0.00101010101010101
turn,carl,1,33,990,0.00101010101010101
turn,tomcat,1,34,990,0.00101010101010101
turn,cat,1,35,990,0.00101010101010101
turn,somebody,1,36,990,0.00101010101010101
turn,switch,1,37,990,0.00101010101010101
turn,daddy'll,1,38,990,0.00101010101010101
turn,sound,1,39,990,0.00101010101010101
turn,tv,1,40,990,0.00101010101010101
turn,way,1,41,990,0.00101010101010101
turn,kalie,1,42,990,0.00101010101010101
turn,no,1,43,990,0.00101010101010101
turn,child,1,44,990,0.00101010101010101
turn,puzzle,1,45,990,0.00101010101010101
turn,button,1,46,990,0.00101010101010101
turn,nina,1,47,990,0.00101010101010101
turn,monkey,1,48,990,0.00101010101010101
turn,guy,1,49,990,0.00101010101010101
turn,whoop,1,50,990,0.00101010101010101
turn,train,1,51,990,0.00101010101010101
turn,cmon,1,52,990,0.00101010101010101
turn,hand,1,53,990,0.00101010101010101
turn,boy,1,54,990,0.00101010101010101
turn,girl,1,55,990,0.00101010101010101
turn,ya,1,56,990,0.00101010101010101
turn,mummy,1,57,990,0.00101010101010101
turn,med,1,58,990,0.00101010101010101
turn,bro,1,59,990,0.00101010101010101
turn,ramona,1,60,990,0.00101010101010101
turn,what,1,61,990,0.00101010101010101
read,you,187,1,927,0.2017259978425027
read,we,185,2,927,0.19956850053937433
read,wanna,152,3,927,0.16396979503775622
read,i,147,4,927,0.15857605177993528
read,us,67,5,927,0.07227615965480043
read,mommy,66,6,927,0.07119741100323625
read,he,15,7,927,0.016181229773462782
read,judy,11,8,927,0.011866235167206042
read,she,9,9,927,0.009708737864077669
read,eve,9,10,927,0.009708737864077669
read,mummy,8,11,927,0.008629989212513484
read,mom,6,12,927,0.006472491909385114
read,mommy'll,5,13,927,0.005393743257820928
read,mama,5,14,927,0.005393743257820928
read,who,5,15,927,0.005393743257820928
read,go,5,16,927,0.005393743257820928
read,laura,4,17,927,0.004314994606256742
read,daddy,4,18,927,0.004314994606256742
read,barney,3,19,927,0.003236245954692557
read,needta,2,20,927,0.002157497303128371
read,fraser,2,21,927,0.002157497303128371
read,let,2,22,927,0.002157497303128371
read,michael,2,23,927,0.002157497303128371
read,they,2,24,927,0.002157497303128371
read,nina,2,25,927,0.002157497303128371
read,warren,2,26,927,0.002157497303128371
read,firstname,2,27,927,0.002157497303128371
read,book,2,28,927,0.002157497303128371
read,patsy,1,29,927,0.0010787486515641855
read,yours,1,30,927,0.0010787486515641855
read,newspaper,1,31,927,0.0010787486515641855
read,all,1,32,927,0.0010787486515641855
read,finish,1,33,927,0.0010787486515641855
read,lemme,1,34,927,0.0010787486515641855
read,sister,1,35,927,0.0010787486515641855
read,fraser'll,1,36,927,0.0010787486515641855
read,stepmother,1,37,927,0.0010787486515641855
read,rachel,1,38,927,0.0010787486515641855
read,mama'll,1,39,927,0.0010787486515641855
read,jill,1,40,927,0.0010787486515641855
read,terry,1,41,927,0.0010787486515641855
read,mammy,1,42,927,0.0010787486515641855
read,mouse,1,43,927,0.0010787486515641855
read,as_soon_as,1,44,927,0.0010787486515641855
fall,you,187,1,901,0.20754716981132076
fall,it,186,2,901,0.20643729189789123
fall,he,106,3,901,0.11764705882352941
fall,they,79,4,901,0.0876803551609323
fall,one,38,5,901,0.042175360710321866
fall,she,26,6,901,0.02885682574916759
fall,baby,12,7,901,0.013318534961154272
fall,we,11,8,901,0.01220865704772475
fall,that,9,9,901,0.009988901220865706
fall,whoop,9,10,901,0.009988901220865706
fall,all,8,11,901,0.008879023307436182
fall,i,7,12,901,0.00776914539400666
fall,what,6,13,901,0.006659267480577136
fall,bridge,6,14,901,0.006659267480577136
fall,this,6,15,901,0.006659267480577136
fall,lady,6,16,901,0.006659267480577136
fall,block,5,17,901,0.005549389567147614
fall,pant,5,18,901,0.005549389567147614
fall,book,5,19,901,0.005549389567147614
fall,hat,5,20,901,0.005549389567147614
fall,man,4,21,901,0.004439511653718091
fall,shoe,4,22,901,0.004439511653718091
fall,nose,4,23,901,0.004439511653718091
fall,ball,4,24,901,0.004439511653718091
fall,monkey,4,25,901,0.004439511653718091
fall,mommy,3,26,901,0.003329633740288568
fall,egg,3,27,901,0.003329633740288568
fall,people,3,28,901,0.003329633740288568
fall,stick,3,29,901,0.003329633740288568
fall,cradle,3,30,901,0.003329633740288568
fall,goldie,3,31,901,0.003329633740288568
fall,tower,3,32,901,0.003329633740288568
fall,car,3,33,901,0.003329633740288568
fall,bird,3,34,901,0.003329633740288568
fall,go,3,35,901,0.003329633740288568
fall,oscar,3,36,901,0.003329633740288568
fall,girl,2,37,901,0.0022197558268590455
fall,boom,2,38,901,0.0022197558268590455
fall,rain,2,39,901,0.0022197558268590455
fall,microphone,2,40,901,0.0022197558268590455
fall,someone,2,41,901,0.0022197558268590455
fall,nut,2,42,901,0.0022197558268590455
fall,thing,2,43,901,0.0022197558268590455
fall,box,2,44,901,0.0022197558268590455
fall,telephone,2,45,901,0.0022197558268590455
fall,cracker,2,46,901,0.0022197558268590455
fall,lid,2,47,901,0.0022197558268590455
fall,horsie,2,48,901,0.0022197558268590455
fall,kangaroo,2,49,901,0.0022197558268590455
fall,nina,2,50,901,0.0022197558268590455
fall,frog,2,51,901,0.0022197558268590455
fall,uhoh,2,52,901,0.0022197558268590455
fall,moo,2,53,901,0.0022197558268590455
fall,lara,2,54,901,0.0022197558268590455
fall,trouser,2,55,901,0.0022197558268590455
fall,who,2,56,901,0.0022197558268590455
fall,vest,2,57,901,0.0022197558268590455
fall,oop,2,58,901,0.0022197558268590455
fall,hotdog,2,59,901,0.0022197558268590455
fall,battery,2,60,901,0.0022197558268590455
fall,rock,1,61,901,0.0011098779134295228
fall,house'll,1,62,901,0.0011098779134295228
fall,donkey,1,63,901,0.0011098779134295228
fall,mouse,1,64,901,0.0011098779134295228
fall,boy,1,65,901,0.0011098779134295228
fall,seesaw,1,66,901,0.0011098779134295228
fall,truck,1,67,901,0.0011098779134295228
fall,laura,1,68,901,0.0011098779134295228
fall,everything,1,69,901,0.0011098779134295228
fall,hair,1,70,901,0.0011098779134295228
fall,ya,1,71,901,0.0011098779134295228
fall,simba,1,72,901,0.0011098779134295228
fall,some,1,73,901,0.0011098779134295228
fall,crumb,1,74,901,0.0011098779134295228
fall,stuff,1,75,901,0.0011098779134295228
fall,yellow,1,76,901,0.0011098779134295228
fall,bear,1,77,901,0.0011098779134295228
fall,henry,1,78,901,0.0011098779134295228
fall,buzz,1,79,901,0.0011098779134295228
fall,useta,1,80,901,0.0011098779134295228
fall,head,1,81,901,0.0011098779134295228
fall,sister,1,82,901,0.0011098779134295228
fall,oshka,1,83,901,0.0011098779134295228
fall,gepetto,1,84,901,0.0011098779134295228
fall,rachel,1,85,901,0.0011098779134295228
fall,nobody,1,86,901,0.0011098779134295228
fall,oh,1,87,901,0.0011098779134295228
fall,register,1,88,901,0.0011098779134295228
fall,everybody,1,89,901,0.0011098779134295228
fall,britche,1,90,901,0.0011098779134295228
fall,sandy,1,91,901,0.0011098779134295228
fall,these,1,92,901,0.0011098779134295228
fall,snow,1,93,901,0.0011098779134295228
fall,chair,1,94,901,0.0011098779134295228
fall,chicken,1,95,901,0.0011098779134295228
fall,bunny,1,96,901,0.0011098779134295228
fall,hook,1,97,901,0.0011098779134295228
fall,animal,1,98,901,0.0011098779134295228
fall,elephant,1,99,901,0.0011098779134295228
fall,giraffe,1,100,901,0.0011098779134295228
fall,farmer,1,101,901,0.0011098779134295228
fall,penguin,1,102,901,0.0011098779134295228
fall,field,1,103,901,0.0011098779134295228
fall,shovel,1,104,901,0.0011098779134295228
fall,tree,1,105,901,0.0011098779134295228
fall,carl,1,106,901,0.0011098779134295228
fall,train,1,107,901,0.0011098779134295228
fall,cushion,1,108,901,0.0011098779134295228
fall,baba,1,109,901,0.0011098779134295228
fall,ruth,1,110,901,0.0011098779134295228
fall,which,1,111,901,0.0011098779134295228
fall,brick,1,112,901,0.0011098779134295228
fall,plane,1,113,901,0.0011098779134295228
fall,dress,1,114,901,0.0011098779134295228
fall,cow,1,115,901,0.0011098779134295228
fall,dad,1,116,901,0.0011098779134295228
fall,teacher,1,117,901,0.0011098779134295228
fall,person,1,118,901,0.0011098779134295228
fall,mustache,1,119,901,0.0011098779134295228
fall,character,1,120,901,0.0011098779134295228
fall,green,1,121,901,0.0011098779134295228
fall,phone,1,122,901,0.0011098779134295228
fall,comb,1,123,901,0.0011098779134295228
fall,mom,1,124,901,0.0011098779134295228
fall,eye,1,125,901,0.0011098779134295228
fall,babydoll,1,126,901,0.0011098779134295228
fall,tooth,1,127,901,0.0011098779134295228
fall,mouth,1,128,901,0.0011098779134295228
fall,cookie,1,129,901,0.0011098779134295228
fall,end,1,130,901,0.0011098779134295228
fall,london_bridge,1,131,901,0.0011098779134295228
fall,whoa,1,132,901,0.0011098779134295228
fall,cooky,1,133,901,0.0011098779134295228
fall,building,1,134,901,0.0011098779134295228
fall,grape,1,135,901,0.0011098779134295228
fall,thumb,1,136,901,0.0011098779134295228
fall,grover,1,137,901,0.0011098779134295228
fall,banana,1,138,901,0.0011098779134295228
try,you,357,1,892,0.40022421524663676
try,we,136,2,892,0.15246636771300448
try,i,110,3,892,0.12331838565022421
try,us,94,4,892,0.10538116591928251
try,wanna,57,5,892,0.06390134529147982
try,he,32,6,892,0.03587443946188341
try,she,26,7,892,0.02914798206278027
try,mommy,9,8,892,0.010089686098654708
try,daddy,8,9,892,0.008968609865470852
try,they,5,10,892,0.005605381165919282
try,it,5,11,892,0.005605381165919282
try,oughta,4,12,892,0.004484304932735426
try,one,2,13,892,0.002242152466367713
try,lemme,2,14,892,0.002242152466367713
try,whatcha,2,15,892,0.002242152466367713
try,somebody,2,16,892,0.002242152466367713
try,spot,2,17,892,0.002242152466367713
try,fei,2,18,892,0.002242152466367713
try,johnny,2,19,892,0.002242152466367713
try,dragon,1,20,892,0.0011210762331838565
try,ya,1,21,892,0.0011210762331838565
try,babycakes,1,22,892,0.0011210762331838565
try,tabitha,1,23,892,0.0011210762331838565
try,cat,1,24,892,0.0011210762331838565
try,dakota,1,25,892,0.0011210762331838565
try,doggie,1,26,892,0.0011210762331838565
try,lassie,1,27,892,0.0011210762331838565
try,duke,1,28,892,0.0011210762331838565
try,boy,1,29,892,0.0011210762331838565
try,nice,1,30,892,0.0011210762331838565
try,someone,1,31,892,0.0011210762331838565
try,krystal,1,32,892,0.0011210762331838565
try,go,1,33,892,0.0011210762331838565
try,hum,1,34,892,0.0011210762331838565
try,kalie,1,35,892,0.0011210762331838565
try,chick,1,36,892,0.0011210762331838565
try,wind,1,37,892,0.0011210762331838565
try,joseph,1,38,892,0.0011210762331838565
try,blue,1,39,892,0.0011210762331838565
try,tom,1,40,892,0.0011210762331838565
try,mummie,1,41,892,0.0011210762331838565
try,shark,1,42,892,0.0011210762331838565
try,anyone,1,43,892,0.0011210762331838565
try,mummy,1,44,892,0.0011210762331838565
try,warren,1,45,892,0.0011210762331838565
try,job,1,46,892,0.0011210762331838565
try,baby,1,47,892,0.0011210762331838565
try,swiper,1,48,892,0.0011210762331838565
try,gla,1,49,892,0.0011210762331838565
try,finger,1,50,892,0.0011210762331838565
try,piggy,1,51,892,0.0011210762331838565
try,ew,1,52,892,0.0011210762331838565
try,rabbit,1,53,892,0.0011210762331838565
try,kitty,1,54,892,0.0011210762331838565
open,you,326,1,824,0.39563106796116504
open,i,108,2,824,0.13106796116504854
open,it,96,3,824,0.11650485436893204
open,we,84,4,824,0.10194174757281553
open,that,31,5,824,0.03762135922330097
open,us,19,6,824,0.023058252427184466
open,wanna,16,7,824,0.019417475728155338
open,one,15,8,824,0.01820388349514563
open,this,14,9,824,0.01699029126213592
open,door,12,10,824,0.014563106796116505
open,mommy,11,11,824,0.013349514563106795
open,he,10,12,824,0.012135922330097087
open,they,10,13,824,0.012135922330097087
open,lemme,7,14,824,0.00849514563106796
open,hood,6,15,824,0.007281553398058253
open,she,5,16,824,0.006067961165048544
open,daddy,4,17,824,0.0048543689320388345
open,mom,3,18,824,0.0036407766990291263
open,hasta,2,19,824,0.0024271844660194173
open,carl,2,20,824,0.0024271844660194173
open,mama,2,21,824,0.0024271844660194173
open,window,2,22,824,0.0024271844660194173
open,rom,2,23,824,0.0024271844660194173
open,momma,2,24,824,0.0024271844660194173
open,josh,2,25,824,0.0024271844660194173
open,what,2,26,824,0.0024271844660194173
open,ya,1,27,824,0.0012135922330097086
open,egg,1,28,824,0.0012135922330097086
open,man,1,29,824,0.0012135922330097086
open,car,1,30,824,0.0012135922330097086
open,who,1,31,824,0.0012135922330097086
open,robin,1,32,824,0.0012135922330097086
open,zipper,1,33,824,0.0012135922330097086
open,someone,1,34,824,0.0012135922330097086
open,woody,1,35,824,0.0012135922330097086
open,andy,1,36,824,0.0012135922330097086
open,rick,1,37,824,0.0012135922330097086
open,ball,1,38,824,0.0012135922330097086
open,card,1,39,824,0.0012135922330097086
open,yours,1,40,824,0.0012135922330097086
open,daddy'll,1,41,824,0.0012135922330097086
open,mummy,1,42,824,0.0012135922330097086
open,shh,1,43,824,0.0012135922330097086
open,tony,1,44,824,0.0012135922330097086
open,farm,1,45,824,0.0012135922330097086
open,help,1,46,824,0.0012135922330097086
open,job,1,47,824,0.0012135922330097086
open,beetle,1,48,824,0.0012135922330097086
open,lotion,1,49,824,0.0012135922330097086
open,gig,1,50,824,0.0012135922330097086
open,bro,1,51,824,0.0012135922330097086
open,wld,1,52,824,0.0012135922330097086
open,zedekiah,1,53,824,0.0012135922330097086
open,side,1,54,824,0.0012135922330097086
open,baby,1,55,824,0.0012135922330097086
open,patrick,1,56,824,0.0012135922330097086
open,johnny,1,57,824,0.0012135922330097086
hear,you,394,1,735,0.5360544217687074
hear,i,228,2,735,0.31020408163265306
hear,we,42,3,735,0.05714285714285714
hear,he,11,4,735,0.014965986394557823
hear,they,10,5,735,0.013605442176870748
hear,us,8,6,735,0.010884353741496598
hear,she,6,7,735,0.00816326530612245
hear,wanna,6,8,735,0.00816326530612245
hear,ya,3,9,735,0.004081632653061225
hear,sam,3,10,735,0.004081632653061225
hear,recorder,2,11,735,0.0027210884353741495
hear,jeremy,2,12,735,0.0027210884353741495
hear,andy,2,13,735,0.0027210884353741495
hear,brittany,2,14,735,0.0027210884353741495
hear,mommy,2,15,735,0.0027210884353741495
hear,elephant,1,16,735,0.0013605442176870747
hear,mama,1,17,735,0.0013605442176870747
hear,anybody,1,18,735,0.0013605442176870747
hear,dakota,1,19,735,0.0013605442176870747
hear,toy,1,20,735,0.0013605442176870747
hear,act,1,21,735,0.0013605442176870747
hear,lemme,1,22,735,0.0013605442176870747
hear,daddy,1,23,735,0.0013605442176870747
hear,everybody,1,24,735,0.0013605442176870747
hear,one,1,25,735,0.0013605442176870747
hear,carl,1,26,735,0.0013605442176870747
hear,firstname,1,27,735,0.0013605442176870747
hear,barney,1,28,735,0.0013605442176870747
hear,mammy,1,29,735,0.0013605442176870747
throw,you,425,1,715,0.5944055944055944
throw,i,86,2,715,0.12027972027972028
throw,we,59,3,715,0.08251748251748252
throw,wanna,25,4,715,0.03496503496503497
throw,mommy,18,5,715,0.025174825174825177
throw,rachel,11,6,715,0.015384615384615385
throw,she,10,7,715,0.013986013986013986
throw,no,9,8,715,0.012587412587412588
throw,he,7,9,715,0.009790209790209791
throw,it,4,10,715,0.005594405594405594
throw,us,4,11,715,0.005594405594405594
throw,that,4,12,715,0.005594405594405594
throw,mummy,3,13,715,0.004195804195804196
throw,firstname,3,14,715,0.004195804195804196
throw,jerry,2,15,715,0.002797202797202797
throw,one,2,16,715,0.002797202797202797
throw,mama,2,17,715,0.002797202797202797
throw,they,2,18,715,0.002797202797202797
throw,monkey,2,19,715,0.002797202797202797
throw,travis,2,20,715,0.002797202797202797
throw,who,2,21,715,0.002797202797202797
throw,yay,2,22,715,0.002797202797202797
throw,cic,2,23,715,0.002797202797202797
throw,peter,1,24,715,0.0013986013986013986
throw,yep,1,25,715,0.0013986013986013986
throw,penguin,1,26,715,0.0013986013986013986
throw,mister,1,27,715,0.0013986013986013986
throw,dad,1,28,715,0.0013986013986013986
throw,hasta,1,29,715,0.0013986013986013986
throw,henry,1,30,715,0.0013986013986013986
throw,needta,1,31,715,0.0013986013986013986
throw,what's_her_name,1,32,715,0.0013986013986013986
throw,baebae,1,33,715,0.0013986013986013986
throw,mama'll,1,34,715,0.0013986013986013986
throw,matthew,1,35,715,0.0013986013986013986
throw,liam,1,36,715,0.0013986013986013986
throw,nomi,1,37,715,0.0013986013986013986
throw,throw,1,38,715,0.0013986013986013986
throw,sally,1,39,715,0.0013986013986013986
throw,somebody,1,40,715,0.0013986013986013986
throw,job,1,41,715,0.0013986013986013986
throw,girl,1,42,715,0.0013986013986013986
throw,dor,1,43,715,0.0013986013986013986
throw,gig,1,44,715,0.0013986013986013986
throw,whee,1,45,715,0.0013986013986013986
throw,ball,1,46,715,0.0013986013986013986
throw,bro,1,47,715,0.0013986013986013986
throw,boy,1,48,715,0.0013986013986013986
throw,sul,1,49,715,0.0013986013986013986
throw,mom,1,50,715,0.0013986013986013986
throw,baby,1,51,715,0.0013986013986013986
throw,oop,1,52,715,0.0013986013986013986
tell,you,374,1,696,0.5373563218390804
tell,i,178,2,696,0.2557471264367816
tell,she,15,3,696,0.021551724137931036
tell,we,14,4,696,0.020114942528735632
tell,he,13,5,696,0.01867816091954023
tell,wanna,11,6,696,0.015804597701149427
tell,mummy,9,7,696,0.01293103448275862
tell,it,8,8,696,0.011494252873563218
tell,they,7,9,696,0.010057471264367816
tell,daddy,7,10,696,0.010057471264367816
tell,bible,5,11,696,0.007183908045977011
tell,mommy,4,12,696,0.005747126436781609
tell,mama,4,13,696,0.005747126436781609
tell,somebody,3,14,696,0.004310344827586207
tell,mother,3,15,696,0.004310344827586207
tell,who,3,16,696,0.004310344827586207
tell,one,2,17,696,0.0028735632183908046
tell,buzz,2,18,696,0.0028735632183908046
tell,stepmother,2,19,696,0.0028735632183908046
tell,that,2,20,696,0.0028735632183908046
tell,gig,2,21,696,0.0028735632183908046
tell,lot,1,22,696,0.0014367816091954023
tell,ya,1,23,696,0.0014367816091954023
tell,patsy,1,24,696,0.0014367816091954023
tell,laura,1,25,696,0.0014367816091954023
tell,jwww,1,26,696,0.0014367816091954023
tell,doctor,1,27,696,0.0014367816091954023
tell,god,1,28,696,0.0014367816091954023
tell,serpent,1,29,696,0.0014367816091954023
tell,woody,1,30,696,0.0014367816091954023
tell,shoulda,1,31,696,0.0014367816091954023
tell,eve,1,32,696,0.0014367816091954023
tell,hood,1,33,696,0.0014367816091954023
tell,liam,1,34,696,0.0014367816091954023
tell,anybody,1,35,696,0.0014367816091954023
tell,weener,1,36,696,0.0014367816091954023
tell,nana,1,37,696,0.0014367816091954023
tell,projectdirector,1,38,696,0.0014367816091954023
tell,engine,1,39,696,0.0014367816091954023
tell,poster,1,40,696,0.0014367816091954023
tell,teddy,1,41,696,0.0014367816091954023
tell,train,1,42,696,0.0014367816091954023
tell,whoop,1,43,696,0.0014367816091954023
tell,baby,1,44,696,0.0014367816091954023
tell,ball,1,45,696,0.0014367816091954023
tell,med,1,46,696,0.0014367816091954023
tell,jac,1,47,696,0.0014367816091954023
tell,shawn,1,48,696,0.0014367816091954023
tell,grandpa,1,49,696,0.0014367816091954023
help,i,279,1,664,0.42018072289156627
help,you,149,2,664,0.22439759036144577
help,mommy,67,3,664,0.10090361445783133
help,mummy,17,4,664,0.025602409638554216
help,mama,16,5,664,0.024096385542168676
help,wanna,13,6,664,0.01957831325301205
help,we,10,7,664,0.015060240963855422
help,that,8,8,664,0.012048192771084338
help,daddy,8,9,664,0.012048192771084338
help,it,6,10,664,0.009036144578313253
help,lemme,6,11,664,0.009036144578313253
help,she,6,12,664,0.009036144578313253
help,mom,6,13,664,0.009036144578313253
help,he,5,14,664,0.007530120481927711
help,god,5,15,664,0.007530120481927711
help,mummy'll,5,16,664,0.007530120481927711
help,laura,3,17,664,0.004518072289156626
help,who,3,18,664,0.004518072289156626
help,this,3,19,664,0.004518072289156626
help,baby,2,20,664,0.0030120481927710845
help,hasta,2,21,664,0.0030120481927710845
help,daddy'll,2,22,664,0.0030120481927710845
help,gammy,2,23,664,0.0030120481927710845
help,mahmaw,2,24,664,0.0030120481927710845
help,mommy'll,2,25,664,0.0030120481927710845
help,yo,1,26,664,0.0015060240963855422
help,eric,1,27,664,0.0015060240963855422
help,lois,1,28,664,0.0015060240963855422
help,one,1,29,664,0.0015060240963855422
help,some,1,30,664,0.0015060240963855422
help,us,1,31,664,0.0015060240963855422
help,swww,1,32,664,0.0015060240963855422
help,somebody,1,33,664,0.0015060240963855422
help,nobody,1,34,664,0.0015060240963855422
help,oughta,1,35,664,0.0015060240963855422
help,window,1,36,664,0.0015060240963855422
help,hafta,1,37,664,0.0015060240963855422
help,henry,1,38,664,0.0015060240963855422
help,sarah,1,39,664,0.0015060240963855422
help,puppet,1,40,664,0.0015060240963855422
help,joseph,1,41,664,0.0015060240963855422
help,sister,1,42,664,0.0015060240963855422
help,grandpa,1,43,664,0.0015060240963855422
help,rachel,1,44,664,0.0015060240963855422
help,anne,1,45,664,0.0015060240963855422
help,shaving,1,46,664,0.0015060240963855422
help,carl,1,47,664,0.0015060240963855422
help,thomas,1,48,664,0.0015060240963855422
help,ruth,1,49,664,0.0015060240963855422
help,noise,1,50,664,0.0015060240963855422
help,rachael,1,51,664,0.0015060240963855422
help,gran,1,52,664,0.0015060240963855422
help,yay,1,53,664,0.0015060240963855422
help,percy,1,54,664,0.0015060240963855422
help,map,1,55,664,0.0015060240963855422
help,gig,1,56,664,0.0015060240963855422
help,dad,1,57,664,0.0015060240963855422
help,mum'll,1,58,664,0.0015060240963855422
help,mum,1,59,664,0.0015060240963855422
help,rom,1,60,664,0.0015060240963855422
help,myself,1,61,664,0.0015060240963855422
help,mammy,1,62,664,0.0015060240963855422
fit,it,213,1,613,0.3474714518760196
fit,that,72,2,613,0.11745513866231648
fit,they,62,3,613,0.10114192495921696
fit,you,49,4,613,0.0799347471451876
fit,he,49,5,613,0.0799347471451876
fit,one,28,6,613,0.04567699836867863
fit,she,15,7,613,0.024469820554649267
fit,this,11,8,613,0.01794453507340946
fit,baby,10,9,613,0.01631321370309951
fit,we,8,10,613,0.013050570962479609
fit,i,6,11,613,0.009787928221859706
fit,car,4,12,613,0.0065252854812398045
fit,hand,4,13,613,0.0065252854812398045
fit,ball,4,14,613,0.0065252854812398045
fit,egg,3,15,613,0.004893964110929853
fit,finger,3,16,613,0.004893964110929853
fit,grover,3,17,613,0.004893964110929853
fit,wheel,2,18,613,0.0032626427406199023
fit,bottle,2,19,613,0.0032626427406199023
fit,mommy,2,20,613,0.0032626427406199023
fit,man,2,21,613,0.0032626427406199023
fit,chicken,2,22,613,0.0032626427406199023
fit,lion,2,23,613,0.0032626427406199023
fit,anne,2,24,613,0.0032626427406199023
fit,more,2,25,613,0.0032626427406199023
fit,trailer,2,26,613,0.0032626427406199023
fit,duckie,2,27,613,0.0032626427406199023
fit,kitty,2,28,613,0.0032626427406199023
fit,pan,2,29,613,0.0032626427406199023
fit,someone,1,30,613,0.0016313213703099511
fit,book,1,31,613,0.0016313213703099511
fit,one'll,1,32,613,0.0016313213703099511
fit,those,1,33,613,0.0016313213703099511
fit,diaper,1,34,613,0.0016313213703099511
fit,money,1,35,613,0.0016313213703099511
fit,stewardess,1,36,613,0.0016313213703099511
fit,much,1,37,613,0.0016313213703099511
fit,cat,1,38,613,0.0016313213703099511
fit,any,1,39,613,0.0016313213703099511
fit,bit,1,40,613,0.0016313213703099511
fit,helicopter,1,41,613,0.0016313213703099511
fit,rabbit,1,42,613,0.0016313213703099511
fit,giraffe,1,43,613,0.0016313213703099511
fit,teddy,1,44,613,0.0016313213703099511
fit,tiger,1,45,613,0.0016313213703099511
fit,foot,1,46,613,0.0016313213703099511
fit,who,1,47,613,0.0016313213703099511
fit,monkey,1,48,613,0.0016313213703099511
fit,gorilla,1,49,613,0.0016313213703099511
fit,cow,1,50,613,0.0016313213703099511
fit,these,1,51,613,0.0016313213703099511
fit,shape,1,52,613,0.0016313213703099511
fit,lid,1,53,613,0.0016313213703099511
fit,bear,1,54,613,0.0016313213703099511
fit,uhoh,1,55,613,0.0016313213703099511
fit,firstname,1,56,613,0.0016313213703099511
fit,turkey,1,57,613,0.0016313213703099511
fit,hat,1,58,613,0.0016313213703099511
fit,circle,1,59,613,0.0016313213703099511
fit,you_all,1,60,613,0.0016313213703099511
fit,what,1,61,613,0.0016313213703099511
fit,piece,1,62,613,0.0016313213703099511
fit,door,1,63,613,0.0016313213703099511
fit,bert,1,64,613,0.0016313213703099511
fit,ernie,1,65,613,0.0016313213703099511
fit,daisy,1,66,613,0.0016313213703099511
fit,people,1,67,613,0.0016313213703099511
fit,lana,1,68,613,0.0016313213703099511
fit,ya,1,69,613,0.0016313213703099511
fit,shoe,1,70,613,0.0016313213703099511
fit,oop,1,71,613,0.0016313213703099511
fit,go,1,72,613,0.0016313213703099511
fit,its,1,73,613,0.0016313213703099511
fit,truck,1,74,613,0.0016313213703099511
talk,you,257,1,548,0.46897810218978103
talk,i,53,2,548,0.09671532846715329
talk,he,45,3,548,0.08211678832116788
talk,we,41,4,548,0.07481751824817519
talk,she,33,5,548,0.060218978102189784
talk,wanna,30,6,548,0.05474452554744526
talk,they,13,7,548,0.023722627737226276
talk,who,6,8,548,0.010948905109489052
talk,mommy,5,9,548,0.009124087591240875
talk,it,5,10,548,0.009124087591240875
talk,that,4,11,548,0.0072992700729927005
talk,baby,4,12,548,0.0072992700729927005
talk,people,4,13,548,0.0072992700729927005
talk,ya,3,14,548,0.005474452554744526
talk,somebody,3,15,548,0.005474452554744526
talk,mwww,3,16,548,0.005474452554744526
talk,lady,3,17,548,0.005474452554744526
talk,mummy,3,18,548,0.005474452554744526
talk,boy,2,19,548,0.0036496350364963502
talk,us,2,20,548,0.0036496350364963502
talk,bunny,2,21,548,0.0036496350364963502
talk,ross,2,22,548,0.0036496350364963502
talk,man,1,23,548,0.0018248175182481751
talk,recorder,1,24,548,0.0018248175182481751
talk,laura,1,25,548,0.0018248175182481751
talk,cream,1,26,548,0.0018248175182481751
talk,monkey,1,27,548,0.0018248175182481751
talk,andreas,1,28,548,0.0018248175182481751
talk,anybody,1,29,548,0.0018248175182481751
talk,nobody,1,30,548,0.0018248175182481751
talk,don,1,31,548,0.0018248175182481751
talk,melissa,1,32,548,0.0018248175182481751
talk,brittany,1,33,548,0.0018248175182481751
talk,bert,1,34,548,0.0018248175182481751
talk,nomi,1,35,548,0.0018248175182481751
talk,guy,1,36,548,0.0018248175182481751
talk,rabbit,1,37,548,0.0018248175182481751
talk,dinosaur,1,38,548,0.0018248175182481751
talk,daddy,1,39,548,0.0018248175182481751
talk,mummie,1,40,548,0.0018248175182481751
talk,carl,1,41,548,0.0018248175182481751
talk,mama,1,42,548,0.0018248175182481751
talk,everyone,1,43,548,0.0018248175182481751
talk,the,1,44,548,0.0018248175182481751
talk,mom,1,45,548,0.0018248175182481751
talk,doggy,1,46,548,0.0018248175182481751
talk,earnest,1,47,548,0.0018248175182481751
hold,i,196,1,543,0.36095764272559855
hold,you,169,2,543,0.31123388581952116
hold,mommy,26,3,543,0.04788213627992634
hold,she,23,4,543,0.0423572744014733
hold,he,16,5,543,0.029465930018416207
hold,we,14,6,543,0.02578268876611418
hold,mummy,11,7,543,0.020257826887661142
hold,wanna,10,8,543,0.01841620626151013
hold,that,9,9,543,0.016574585635359115
hold,mama,7,10,543,0.01289134438305709
hold,girl,5,11,543,0.009208103130755065
hold,they,4,12,543,0.007366482504604052
hold,rabbit,4,13,543,0.007366482504604052
hold,boy,4,14,543,0.007366482504604052
hold,lemme,3,15,543,0.0055248618784530384
hold,pinocchio,3,16,543,0.0055248618784530384
hold,it,3,17,543,0.0055248618784530384
hold,who,2,18,543,0.003683241252302026
hold,smurf,2,19,543,0.003683241252302026
hold,daddy,2,20,543,0.003683241252302026
hold,everybody,2,21,543,0.003683241252302026
hold,man,2,22,543,0.003683241252302026
hold,hand,2,23,543,0.003683241252302026
hold,gran,2,24,543,0.003683241252302026
hold,mom,2,25,543,0.003683241252302026
hold,mommy'll,2,26,543,0.003683241252302026
hold,ya,1,27,543,0.001841620626151013
hold,laura,1,28,543,0.001841620626151013
hold,piglet,1,29,543,0.001841620626151013
hold,lady,1,30,543,0.001841620626151013
hold,elephant,1,31,543,0.001841620626151013
hold,one,1,32,543,0.001841620626151013
hold,sandy,1,33,543,0.001841620626151013
hold,hasta,1,34,543,0.001841620626151013
hold,kitty,1,35,543,0.001841620626151013
hold,hook,1,36,543,0.001841620626151013
hold,mummie,1,37,543,0.001841620626151013
hold,granddad,1,38,543,0.001841620626151013
hold,zita,1,39,543,0.001841620626151013
hold,mummy'll,1,40,543,0.001841620626151013
hold,mum'll,1,41,543,0.001841620626151013
hold,gst,1,42,543,0.001841620626151013
hold,raffi,1,43,543,0.001841620626151013
hold,ill,1,44,543,0.001841620626151013
push,you,362,1,538,0.6728624535315985
push,we,35,2,538,0.06505576208178439
push,i,34,3,538,0.06319702602230483
push,us,20,4,538,0.03717472118959108
push,wanna,15,5,538,0.027881040892193308
push,it,9,6,538,0.016728624535315983
push,duck,7,7,538,0.013011152416356878
push,he,6,8,538,0.011152416356877323
push,she,4,9,538,0.007434944237918215
push,daddy,3,10,538,0.0055762081784386614
push,they,3,11,538,0.0055762081784386614
push,who,3,12,538,0.0055762081784386614
push,mommy,3,13,538,0.0055762081784386614
push,squirrel,2,14,538,0.0037174721189591076
push,boat,2,15,538,0.0037174721189591076
push,button,2,16,538,0.0037174721189591076
push,firstname,2,17,538,0.0037174721189591076
push,awoh,1,18,538,0.0018587360594795538
push,what,1,19,538,0.0018587360594795538
push,wave,1,20,538,0.0018587360594795538
push,cupcake,1,21,538,0.0018587360594795538
push,papa,1,22,538,0.0018587360594795538
push,daniel,1,23,538,0.0018587360594795538
push,jimmy,1,24,538,0.0018587360594795538
push,daddy'll,1,25,538,0.0018587360594795538
push,mash,1,26,538,0.0018587360594795538
push,sally,1,27,538,0.0018587360594795538
push,hunhunh,1,28,538,0.0018587360594795538
push,thing,1,29,538,0.0018587360594795538
push,rabbit,1,30,538,0.0018587360594795538
push,broom,1,31,538,0.0018587360594795538
push,mummie,1,32,538,0.0018587360594795538
push,grandma,1,33,538,0.0018587360594795538
push,mummy,1,34,538,0.0018587360594795538
push,carl,1,35,538,0.0018587360594795538
push,camera,1,36,538,0.0018587360594795538
push,one,1,37,538,0.0018587360594795538
push,needta,1,38,538,0.0018587360594795538
push,that,1,39,538,0.0018587360594795538
push,finger,1,40,538,0.0018587360594795538
push,no,1,41,538,0.0018587360594795538
push,raffi,1,42,538,0.0018587360594795538
push,good,1,43,538,0.0018587360594795538
happen,what,481,1,516,0.9321705426356589
happen,that,12,2,516,0.023255813953488372
happen,it,7,3,516,0.013565891472868217
happen,something,5,4,516,0.009689922480620155
happen,nothing,2,5,516,0.003875968992248062
happen,more,1,6,516,0.001937984496124031
happen,this,1,7,516,0.001937984496124031
happen,i,1,8,516,0.001937984496124031
happen,who,1,9,516,0.001937984496124031
happen,thing,1,10,516,0.001937984496124031
happen,go,1,11,516,0.001937984496124031
happen,anything,1,12,516,0.001937984496124031
happen,sposta,1,13,516,0.001937984496124031
happen,something'd,1,14,516,0.001937984496124031
show,you,176,1,483,0.36438923395445133
show,i,169,2,483,0.3498964803312629
show,mommy,39,3,483,0.08074534161490683
show,wanna,14,4,483,0.028985507246376812
show,we,11,5,483,0.022774327122153208
show,it,8,6,483,0.016563146997929608
show,us,8,7,483,0.016563146997929608
show,lemme,7,8,483,0.014492753623188406
show,life,4,9,483,0.008281573498964804
show,mummy,4,10,483,0.008281573498964804
show,mom,4,11,483,0.008281573498964804
show,that,3,12,483,0.006211180124223602
show,face,3,13,483,0.006211180124223602
show,he,3,14,483,0.006211180124223602
show,gig,3,15,483,0.006211180124223602
show,mama,2,16,483,0.004140786749482402
show,they,2,17,483,0.004140786749482402
show,eric,1,18,483,0.002070393374741201
show,beard,1,19,483,0.002070393374741201
show,uhhuh,1,20,483,0.002070393374741201
show,decibel,1,21,483,0.002070393374741201
show,something,1,22,483,0.002070393374741201
show,dad,1,23,483,0.002070393374741201
show,eve,1,24,483,0.002070393374741201
show,stromboli,1,25,483,0.002070393374741201
show,ema,1,26,483,0.002070393374741201
show,mom'll,1,27,483,0.002070393374741201
show,tree,1,28,483,0.002070393374741201
show,tower,1,29,483,0.002070393374741201
show,carl,1,30,483,0.002070393374741201
show,mummy'll,1,31,483,0.002070393374741201
show,who,1,32,483,0.002070393374741201
show,none,1,33,483,0.002070393374741201
show,kaleb,1,34,483,0.002070393374741201
show,daddy,1,35,483,0.002070393374741201
show,zip,1,36,483,0.002070393374741201
show,gramma,1,37,483,0.002070393374741201
show,mommy'll,1,38,483,0.002070393374741201
show,edena,1,39,483,0.002070393374741201
show,ill,1,40,483,0.002070393374741201
draw,you,219,1,483,0.453416149068323
draw,i,77,2,483,0.15942028985507245
draw,we,68,3,483,0.14078674948240166
draw,wanna,34,4,483,0.07039337474120083
draw,us,14,5,483,0.028985507246376812
draw,mommy,10,6,483,0.020703933747412008
draw,mummy,10,7,483,0.020703933747412008
draw,he,7,8,483,0.014492753623188406
draw,rachel,4,9,483,0.008281573498964804
draw,rom,4,10,483,0.008281573498964804
draw,who,3,11,483,0.006211180124223602
draw,they,3,12,483,0.006211180124223602
draw,somebody,3,13,483,0.006211180124223602
draw,nomi,3,14,483,0.006211180124223602
draw,mummy'll,3,15,483,0.006211180124223602
draw,warren,3,16,483,0.006211180124223602
draw,no,2,17,483,0.004140786749482402
draw,this,2,18,483,0.004140786749482402
draw,benjamin,2,19,483,0.004140786749482402
draw,mama,1,20,483,0.002070393374741201
draw,andrew,1,21,483,0.002070393374741201
draw,thing,1,22,483,0.002070393374741201
draw,brittany,1,23,483,0.002070393374741201
draw,it,1,24,483,0.002070393374741201
draw,barry,1,25,483,0.002070393374741201
draw,carl,1,26,483,0.002070393374741201
draw,daddy,1,27,483,0.002070393374741201
draw,she,1,28,483,0.002070393374741201
draw,richard,1,29,483,0.002070393374741201
draw,gig,1,30,483,0.002070393374741201
draw,lin,1,31,483,0.002070393374741201
love,i,208,1,460,0.45217391304347826
love,you,126,2,460,0.27391304347826084
love,he,22,3,460,0.04782608695652174
love,mommy,17,4,460,0.03695652173913044
love,jesus,17,5,460,0.03695652173913044
love,she,12,6,460,0.02608695652173913
love,we,8,7,460,0.017391304347826087
love,baby,6,8,460,0.013043478260869565
love,mama,3,9,460,0.006521739130434782
love,alex,3,10,460,0.006521739130434782
love,daddy,3,11,460,0.006521739130434782
love,god,3,12,460,0.006521739130434782
love,it,3,13,460,0.006521739130434782
love,cookie_monster,3,14,460,0.006521739130434782
love,kim,2,15,460,0.004347826086956522
love,andy,2,16,460,0.004347826086956522
love,boy,2,17,460,0.004347826086956522
love,pepe,1,18,460,0.002173913043478261
love,who,1,19,460,0.002173913043478261
love,bear,1,20,460,0.002173913043478261
love,child,1,21,460,0.002173913043478261
love,potatohead,1,22,460,0.002173913043478261
love,kid,1,23,460,0.002173913043478261
love,dabee,1,24,460,0.002173913043478261
love,needta,1,25,460,0.002173913043478261
love,carl,1,26,460,0.002173913043478261
love,mummy,1,27,460,0.002173913043478261
love,cup,1,28,460,0.002173913043478261
love,night_night,1,29,460,0.002173913043478261
love,firstname,1,30,460,0.002173913043478261
love,grandma,1,31,460,0.002173913043478261
love,cookie,1,32,460,0.002173913043478261
love,bro,1,33,460,0.002173913043478261
love,mot,1,34,460,0.002173913043478261
love,sarah,1,35,460,0.002173913043478261
love,josh,1,36,460,0.002173913043478261
love,monkey,1,37,460,0.002173913043478261
can,you,214,1,412,0.5194174757281553
can,i,84,2,412,0.20388349514563106
can,we,28,3,412,0.06796116504854369
can,she,25,4,412,0.06067961165048544
can,he,18,5,412,0.043689320388349516
can,they,6,6,412,0.014563106796116505
can,garbage,6,7,412,0.014563106796116505
can,it,3,8,412,0.007281553398058253
can,ya,2,9,412,0.0048543689320388345
can,water,2,10,412,0.0048543689320388345
can,what,2,11,412,0.0048543689320388345
can,+,2,12,412,0.0048543689320388345
can,that,2,13,412,0.0048543689320388345
can,milk,1,14,412,0.0024271844660194173
can,laura,1,15,412,0.0024271844660194173
can,mommy,1,16,412,0.0024271844660194173
can,watering,1,17,412,0.0024271844660194173
can,daddy,1,18,412,0.0024271844660194173
can,matthew,1,19,412,0.0024271844660194173
can,brown,1,20,412,0.0024271844660194173
can,p,1,21,412,0.0024271844660194173
can,papa,1,22,412,0.0024271844660194173
can,mom,1,23,412,0.0024271844660194173
can,nobody,1,24,412,0.0024271844660194173
can,coke,1,25,412,0.0024271844660194173
can,brittany,1,26,412,0.0024271844660194173
can,tooth,1,27,412,0.0024271844660194173
can,edena,1,28,412,0.0024271844660194173
can,some,1,29,412,0.0024271844660194173
can,one,1,30,412,0.0024271844660194173
can,spray,1,31,412,0.0024271844660194173
call,you,135,1,394,0.3426395939086294
call,we,51,2,394,0.12944162436548223
call,i,29,3,394,0.07360406091370558
call,he,26,4,394,0.06598984771573604
call,us,21,5,394,0.0532994923857868
call,she,18,6,394,0.04568527918781726
call,mama,17,7,394,0.04314720812182741
call,mommy,15,8,394,0.03807106598984772
call,who,13,9,394,0.03299492385786802
call,they,10,10,394,0.025380710659898477
call,wanna,8,11,394,0.02030456852791878
call,ya,5,12,394,0.012690355329949238
call,somebody,4,13,394,0.01015228426395939
call,that,3,14,394,0.007614213197969543
call,daddy,2,15,394,0.005076142131979695
call,animal,2,16,394,0.005076142131979695
call,grandma,2,17,394,0.005076142131979695
call,mother,2,18,394,0.005076142131979695
call,needta,2,19,394,0.005076142131979695
call,someone,2,20,394,0.005076142131979695
call,sister,2,21,394,0.005076142131979695
call,baby,2,22,394,0.005076142131979695
call,dada,1,23,394,0.0025380710659898475
call,kid,1,24,394,0.0025380710659898475
call,quack,1,25,394,0.0025380710659898475
call,lemme,1,26,394,0.0025380710659898475
call,pokemon,1,27,394,0.0025380710659898475
call,hello,1,28,394,0.0025380710659898475
call,people,1,29,394,0.0025380710659898475
call,elmo,1,30,394,0.0025380710659898475
call,whitey,1,31,394,0.0025380710659898475
call,literature,1,32,394,0.0025380710659898475
call,granma,1,33,394,0.0025380710659898475
call,cat,1,34,394,0.0025380710659898475
call,fish,1,35,394,0.0025380710659898475
call,train,1,36,394,0.0025380710659898475
call,rabbit,1,37,394,0.0025380710659898475
call,it,1,38,394,0.0025380710659898475
call,boy,1,39,394,0.0025380710659898475
call,steamroller,1,40,394,0.0025380710659898475
call,mom,1,41,394,0.0025380710659898475
call,doctor,1,42,394,0.0025380710659898475
call,momma,1,43,394,0.0025380710659898475
call,cube,1,44,394,0.0025380710659898475
call,edena,1,45,394,0.0025380710659898475
drink,you,191,1,383,0.49869451697127937
drink,i,30,2,383,0.0783289817232376
drink,he,22,3,383,0.057441253263707574
drink,baby,20,4,383,0.05221932114882506
drink,she,20,5,383,0.05221932114882506
drink,we,20,6,383,0.05221932114882506
drink,who,12,7,383,0.031331592689295036
drink,wanna,10,8,383,0.02610966057441253
drink,mommy,9,9,383,0.02349869451697128
drink,daddy,6,10,383,0.015665796344647518
drink,firstname,4,11,383,0.010443864229765013
drink,ya,3,12,383,0.007832898172323759
drink,fraser,3,13,383,0.007832898172323759
drink,they,3,14,383,0.007832898172323759
drink,fuzzy_tail_lamb,2,15,383,0.005221932114882507
drink,piglet,2,16,383,0.005221932114882507
drink,eve,2,17,383,0.005221932114882507
drink,sarah,2,18,383,0.005221932114882507
drink,kitty,2,19,383,0.005221932114882507
drink,kitty_cat,2,20,383,0.005221932114882507
drink,needta,1,21,383,0.0026109660574412533
drink,laura,1,22,383,0.0026109660574412533
drink,us,1,23,383,0.0026109660574412533
drink,some,1,24,383,0.0026109660574412533
drink,pooh_bear,1,25,383,0.0026109660574412533
drink,timmy,1,26,383,0.0026109660574412533
drink,fuzzy_little_tail_lamb,1,27,383,0.0026109660574412533
drink,cow,1,28,383,0.0026109660574412533
drink,sister,1,29,383,0.0026109660574412533
drink,people,1,30,383,0.0026109660574412533
drink,anybody,1,31,383,0.0026109660574412533
drink,soda,1,32,383,0.0026109660574412533
drink,anne,1,33,383,0.0026109660574412533
drink,it,1,34,383,0.0026109660574412533
drink,mommy'll,1,35,383,0.0026109660574412533
drink,mama,1,36,383,0.0026109660574412533
drink,ann,1,37,383,0.0026109660574412533
drink,monkey,1,38,383,0.0026109660574412533
pick,you,137,1,381,0.35958005249343833
pick,i,82,2,381,0.2152230971128609
pick,we,27,3,381,0.07086614173228346
pick,us,20,4,381,0.05249343832020997
pick,piper,19,5,381,0.049868766404199474
pick,mommy,12,6,381,0.031496062992125984
pick,daddy,11,7,381,0.028871391076115485
pick,she,9,8,381,0.023622047244094488
pick,they,6,9,381,0.015748031496062992
pick,he,6,10,381,0.015748031496062992
pick,peck,5,11,381,0.013123359580052493
pick,wanna,4,12,381,0.010498687664041995
pick,it,3,13,381,0.007874015748031496
pick,mwww,3,14,381,0.007874015748031496
pick,peter_piper,3,15,381,0.007874015748031496
pick,that,3,16,381,0.007874015748031496
pick,mom,3,17,381,0.007874015748031496
pick,let,2,18,381,0.005249343832020997
pick,grandma,2,19,381,0.005249343832020997
pick,mother,1,20,381,0.0026246719160104987
pick,daddy'll,1,21,381,0.0026246719160104987
pick,swww,1,22,381,0.0026246719160104987
pick,lemme,1,23,381,0.0026246719160104987
pick,man,1,24,381,0.0026246719160104987
pick,baby,1,25,381,0.0026246719160104987
pick,hasta,1,26,381,0.0026246719160104987
pick,tong,1,27,381,0.0026246719160104987
pick,who,1,28,381,0.0026246719160104987
pick,girl,1,29,381,0.0026246719160104987
pick,travis,1,30,381,0.0026246719160104987
pick,old,1,31,381,0.0026246719160104987
pick,sister,1,32,381,0.0026246719160104987
pick,machine,1,33,381,0.0026246719160104987
pick,lara,1,34,381,0.0026246719160104987
pick,carl,1,35,381,0.0026246719160104987
pick,everyone,1,36,381,0.0026246719160104987
pick,firstname,1,37,381,0.0026246719160104987
pick,‡,1,38,381,0.0026246719160104987
pick,job,1,39,381,0.0026246719160104987
pick,six,1,40,381,0.0026246719160104987
pick,hat,1,41,381,0.0026246719160104987
pick,ramona,1,42,381,0.0026246719160104987
pick,edena,1,43,381,0.0026246719160104987
bring,you,129,1,371,0.3477088948787062
bring,i,86,2,371,0.23180592991913745
bring,we,38,3,371,0.10242587601078167
bring,us,26,4,371,0.07008086253369272
bring,she,16,5,371,0.0431266846361186
bring,wanna,9,6,371,0.02425876010781671
bring,he,7,7,371,0.018867924528301886
bring,they,6,8,371,0.016172506738544475
bring,who,4,9,371,0.01078167115902965
bring,mommy,3,10,371,0.008086253369272238
bring,somebody,2,11,371,0.005390835579514825
bring,daddy,2,12,371,0.005390835579514825
bring,it,2,13,371,0.005390835579514825
bring,olwin,2,14,371,0.005390835579514825
bring,firstname,2,15,371,0.005390835579514825
bring,shell,2,16,371,0.005390835579514825
bring,patrick,2,17,371,0.005390835579514825
bring,anything,1,18,371,0.0026954177897574125
bring,people,1,19,371,0.0026954177897574125
bring,laura,1,20,371,0.0026954177897574125
bring,noah,1,21,371,0.0026954177897574125
bring,linda,1,22,371,0.0026954177897574125
bring,honey,1,23,371,0.0026954177897574125
bring,wish,1,24,371,0.0026954177897574125
bring,andy,1,25,371,0.0026954177897574125
bring,lemme,1,26,371,0.0026954177897574125
bring,mailman,1,27,371,0.0026954177897574125
bring,cromer,1,28,371,0.0026954177897574125
bring,someone,1,29,371,0.0026954177897574125
bring,bryan,1,30,371,0.0026954177897574125
bring,whoa,1,31,371,0.0026954177897574125
bring,joseph,1,32,371,0.0026954177897574125
bring,one,1,33,371,0.0026954177897574125
bring,thunderstorm,1,34,371,0.0026954177897574125
bring,investigator,1,35,371,0.0026954177897574125
bring,carline,1,36,371,0.0026954177897574125
bring,nana,1,37,371,0.0026954177897574125
bring,let,1,38,371,0.0026954177897574125
bring,mike,1,39,371,0.0026954177897574125
bring,farmer_drey,1,40,371,0.0026954177897574125
bring,sally,1,41,371,0.0026954177897574125
bring,gran,1,42,371,0.0026954177897574125
bring,judy,1,43,371,0.0026954177897574125
bring,nanny,1,44,371,0.0026954177897574125
bring,gst,1,45,371,0.0026954177897574125
bring,ace,1,46,371,0.0026954177897574125
bring,barnabas,1,47,371,0.0026954177897574125
bring,lee,1,48,371,0.0026954177897574125
bring,lady,1,49,371,0.0026954177897574125
bring,tansy,1,50,371,0.0026954177897574125
pull,you,193,1,360,0.5361111111111111
pull,i,37,2,360,0.10277777777777777
pull,we,31,3,360,0.08611111111111111
pull,us,22,4,360,0.06111111111111111
pull,no,7,5,360,0.019444444444444445
pull,he,7,6,360,0.019444444444444445
pull,wanna,5,7,360,0.013888888888888888
pull,horse,5,8,360,0.013888888888888888
pull,engine,4,9,360,0.011111111111111112
pull,horsie,3,10,360,0.008333333333333333
pull,mommy,3,11,360,0.008333333333333333
pull,they,3,12,360,0.008333333333333333
pull,lois,2,13,360,0.005555555555555556
pull,pant,2,14,360,0.005555555555555556
pull,pooh,2,15,360,0.005555555555555556
pull,daddy,2,16,360,0.005555555555555556
pull,it,2,17,360,0.005555555555555556
pull,nomi,2,18,360,0.005555555555555556
pull,this,2,19,360,0.005555555555555556
pull,mummy,2,20,360,0.005555555555555556
pull,dog,1,21,360,0.002777777777777778
pull,awoh,1,22,360,0.002777777777777778
pull,daddy'll,1,23,360,0.002777777777777778
pull,someone,1,24,360,0.002777777777777778
pull,rhino,1,25,360,0.002777777777777778
pull,tree,1,26,360,0.002777777777777778
pull,mom,1,27,360,0.002777777777777778
pull,wilson,1,28,360,0.002777777777777778
pull,chicken,1,29,360,0.002777777777777778
pull,do,1,30,360,0.002777777777777778
pull,who,1,31,360,0.002777777777777778
pull,whoop,1,32,360,0.002777777777777778
pull,what,1,33,360,0.002777777777777778
pull,toy,1,34,360,0.002777777777777778
pull,sock,1,35,360,0.002777777777777778
pull,gran,1,36,360,0.002777777777777778
pull,she,1,37,360,0.002777777777777778
pull,gordon,1,38,360,0.002777777777777778
pull,train,1,39,360,0.002777777777777778
pull,lookee,1,40,360,0.002777777777777778
pull,zipper,1,41,360,0.002777777777777778
pull,rom,1,42,360,0.002777777777777778
pull,ew,1,43,360,0.002777777777777778
pull,tan,1,44,360,0.002777777777777778
stay,you,108,1,357,0.3025210084033613
stay,it,47,2,357,0.13165266106442577
stay,he,28,3,357,0.0784313725490196
stay,we,25,4,357,0.0700280112044818
stay,that,24,5,357,0.06722689075630252
stay,they,24,6,357,0.06722689075630252
stay,us,14,7,357,0.0392156862745098
stay,piggy,14,8,357,0.0392156862745098
stay,hasta,7,9,357,0.0196078431372549
stay,i,7,10,357,0.0196078431372549
stay,one,6,11,357,0.01680672268907563
stay,dumbo,6,12,357,0.01680672268907563
stay,she,2,13,357,0.0056022408963585435
stay,little,2,14,357,0.0056022408963585435
stay,microphone,2,15,357,0.0056022408963585435
stay,animal,2,16,357,0.0056022408963585435
stay,piggie,2,17,357,0.0056022408963585435
stay,daddy,2,18,357,0.0056022408963585435
stay,mommy,2,19,357,0.0056022408963585435
stay,tray,2,20,357,0.0056022408963585435
stay,head,2,21,357,0.0056022408963585435
stay,door,1,22,357,0.0028011204481792717
stay,cat,1,23,357,0.0028011204481792717
stay,laura,1,24,357,0.0028011204481792717
stay,bowl,1,25,357,0.0028011204481792717
stay,nala,1,26,357,0.0028011204481792717
stay,doggie,1,27,357,0.0028011204481792717
stay,stuff,1,28,357,0.0028011204481792717
stay,rabbit,1,29,357,0.0028011204481792717
stay,chris,1,30,357,0.0028011204481792717
stay,mommy'll,1,31,357,0.0028011204481792717
stay,whoop,1,32,357,0.0028011204481792717
stay,johnnie,1,33,357,0.0028011204481792717
stay,guy,1,34,357,0.0028011204481792717
stay,eye,1,35,357,0.0028011204481792717
stay,girl,1,36,357,0.0028011204481792717
stay,what,1,37,357,0.0028011204481792717
stay,dog,1,38,357,0.0028011204481792717
stay,kalie,1,39,357,0.0028011204481792717
stay,this,1,40,357,0.0028011204481792717
stay,hadta,1,41,357,0.0028011204481792717
stay,ya,1,42,357,0.0028011204481792717
stay,dadaw,1,43,357,0.0028011204481792717
stay,moo,1,44,357,0.0028011204481792717
stay,those,1,45,357,0.0028011204481792717
stay,hafta,1,46,357,0.0028011204481792717
stay,needta,1,47,357,0.0028011204481792717
stay,part,1,48,357,0.0028011204481792717
stay,nea,1,49,357,0.0028011204481792717
stay,dress,1,50,357,0.0028011204481792717
move,you,84,1,353,0.23796033994334279
move,i,57,2,353,0.16147308781869688
move,we,43,3,353,0.12181303116147309
move,it,39,4,353,0.11048158640226628
move,us,26,5,353,0.07365439093484419
move,he,16,6,353,0.0453257790368272
move,mommy,13,7,353,0.036827195467422094
move,they,7,8,353,0.019830028328611898
move,head,6,9,353,0.0169971671388102
move,eye,6,10,353,0.0169971671388102
move,mummy,5,11,353,0.014164305949008499
move,that,4,12,353,0.0113314447592068
move,lemme,4,13,353,0.0113314447592068
move,she,3,14,353,0.0084985835694051
move,jeremy,2,15,353,0.0056657223796034
move,needle,2,16,353,0.0056657223796034
move,car,2,17,353,0.0056657223796034
move,daddy,2,18,353,0.0056657223796034
move,no,2,19,353,0.0056657223796034
move,one,2,20,353,0.0056657223796034
move,something,1,21,353,0.0028328611898017
move,this,1,22,353,0.0028328611898017
move,wind,1,23,353,0.0028328611898017
move,mommy'll,1,24,353,0.0028328611898017
move,chair,1,25,353,0.0028328611898017
move,light,1,26,353,0.0028328611898017
move,toe,1,27,353,0.0028328611898017
move,hat,1,28,353,0.0028328611898017
move,sloth,1,29,353,0.0028328611898017
move,eyeball,1,30,353,0.0028328611898017
move,some,1,31,353,0.0028328611898017
move,wanna,1,32,353,0.0028328611898017
move,wheel,1,33,353,0.0028328611898017
move,tail,1,34,353,0.0028328611898017
move,button,1,35,353,0.0028328611898017
move,hasta,1,36,353,0.0028328611898017
move,guy,1,37,353,0.0028328611898017
move,cow,1,38,353,0.0028328611898017
move,bus,1,39,353,0.0028328611898017
move,go,1,40,353,0.0028328611898017
move,donut,1,41,353,0.0028328611898017
move,table,1,42,353,0.0028328611898017
move,phone,1,43,353,0.0028328611898017
move,mr_brown,1,44,353,0.0028328611898017
move,oop,1,45,353,0.0028328611898017
move,ramona,1,46,353,0.0028328611898017
move,baby,1,47,353,0.0028328611898017
move,hand,1,48,353,0.0028328611898017
work,it,150,1,349,0.4297994269340974
work,that,51,2,349,0.14613180515759314
work,you,29,3,349,0.0830945558739255
work,this,24,4,349,0.06876790830945559
work,they,10,5,349,0.02865329512893983
work,i,9,6,349,0.025787965616045846
work,one,8,7,349,0.022922636103151862
work,she,7,8,349,0.02005730659025788
work,he,7,9,349,0.02005730659025788
work,we,6,10,349,0.017191977077363897
work,daddy,5,11,349,0.014326647564469915
work,thing,4,12,349,0.011461318051575931
work,switch,3,13,349,0.008595988538681949
work,button,3,14,349,0.008595988538681949
work,light,2,15,349,0.0057306590257879654
work,car,2,16,349,0.0057306590257879654
work,door,1,17,349,0.0028653295128939827
work,people,1,18,349,0.0028653295128939827
work,man,1,19,349,0.0028653295128939827
work,who,1,20,349,0.0028653295128939827
work,lid,1,21,349,0.0028653295128939827
work,everything,1,22,349,0.0028653295128939827
work,pause,1,23,349,0.0028653295128939827
work,wanna,1,24,349,0.0028653295128939827
work,rabbit,1,25,349,0.0028653295128939827
work,shoe,1,26,349,0.0028653295128939827
work,cup,1,27,349,0.0028653295128939827
work,hadta,1,28,349,0.0028653295128939827
work,a_lot_of,1,29,349,0.0028653295128939827
work,d,1,30,349,0.0028653295128939827
work,tomlinson,1,31,349,0.0028653295128939827
work,two,1,32,349,0.0028653295128939827
work,sun,1,33,349,0.0028653295128939827
work,lots_of,1,34,349,0.0028653295128939827
work,dad,1,35,349,0.0028653295128939827
work,brush,1,36,349,0.0028653295128939827
work,some,1,37,349,0.0028653295128939827
work,wheel,1,38,349,0.0028653295128939827
work,sposta,1,39,349,0.0028653295128939827
work,its,1,40,349,0.0028653295128939827
work,guy,1,41,349,0.0028653295128939827
work,these,1,42,349,0.0028653295128939827
work,dada,1,43,349,0.0028653295128939827
work,puppet,1,44,349,0.0028653295128939827
work,someone,1,45,349,0.0028653295128939827
fix,i,123,1,341,0.36070381231671556
fix,you,88,2,341,0.25806451612903225
fix,we,31,3,341,0.09090909090909091
fix,daddy,14,4,341,0.04105571847507331
fix,mommy,11,5,341,0.03225806451612903
fix,us,10,6,341,0.02932551319648094
fix,he,8,7,341,0.02346041055718475
fix,she,7,8,341,0.020527859237536656
fix,they,5,9,341,0.01466275659824047
fix,carl,4,10,341,0.011730205278592375
fix,it,3,11,341,0.008797653958944282
fix,who,3,12,341,0.008797653958944282
fix,mummy,3,13,341,0.008797653958944282
fix,mama,3,14,341,0.008797653958944282
fix,that,3,15,341,0.008797653958944282
fix,wanna,2,16,341,0.005865102639296188
fix,papa,2,17,341,0.005865102639296188
fix,train,1,18,341,0.002932551319648094
fix,slide,1,19,341,0.002932551319648094
fix,jwww,1,20,341,0.002932551319648094
fix,sewing,1,21,341,0.002932551319648094
fix,needta,1,22,341,0.002932551319648094
fix,lemme,1,23,341,0.002932551319648094
fix,this,1,24,341,0.002932551319648094
fix,hasta,1,25,341,0.002932551319648094
fix,kathy,1,26,341,0.002932551319648094
fix,eve,1,27,341,0.002932551319648094
fix,papa'll,1,28,341,0.002932551319648094
fix,hafta,1,29,341,0.002932551319648094
fix,grandpa,1,30,341,0.002932551319648094
fix,grandma,1,31,341,0.002932551319648094
fix,emily,1,32,341,0.002932551319648094
fix,mummy'll,1,33,341,0.002932551319648094
fix,mummie,1,34,341,0.002932551319648094
fix,firstname,1,35,341,0.002932551319648094
fix,shirt,1,36,341,0.002932551319648094
fix,mom,1,37,341,0.002932551319648094
fix,johnny,1,38,341,0.002932551319648094
feel,you,124,1,330,0.37575757575757573
feel,that,49,2,330,0.1484848484848485
feel,it,35,3,330,0.10606060606060606
feel,i,27,4,330,0.08181818181818182
feel,he,10,5,330,0.030303030303030304
feel,they,10,6,330,0.030303030303030304
feel,we,7,7,330,0.021212121212121213
feel,bunny,7,8,330,0.021212121212121213
feel,lemme,6,9,330,0.01818181818181818
feel,judy,6,10,330,0.01818181818181818
feel,ya,5,11,330,0.015151515151515152
feel,she,4,12,330,0.012121212121212121
feel,wanna,4,13,330,0.012121212121212121
feel,mommy,3,14,330,0.00909090909090909
feel,baby,2,15,330,0.006060606060606061
feel,tooth,2,16,330,0.006060606060606061
feel,this,2,17,330,0.006060606060606061
feel,hair,2,18,330,0.006060606060606061
feel,kitty,2,19,330,0.006060606060606061
feel,us,2,20,330,0.006060606060606061
feel,dor,2,21,330,0.006060606060606061
feel,lookee,2,22,330,0.006060606060606061
feel,face,1,23,330,0.0030303030303030303
feel,these,1,24,330,0.0030303030303030303
feel,diaper,1,25,330,0.0030303030303030303
feel,youse,1,26,330,0.0030303030303030303
feel,something,1,27,330,0.0030303030303030303
feel,hand,1,28,330,0.0030303030303030303
feel,tummy,1,29,330,0.0030303030303030303
feel,nose,1,30,330,0.0030303030303030303
feel,carrot,1,31,330,0.0030303030303030303
feel,grandma,1,32,330,0.0030303030303030303
feel,leaf,1,33,330,0.0030303030303030303
feel,daddy,1,34,330,0.0030303030303030303
feel,duck,1,35,330,0.0030303030303030303
feel,ew,1,36,330,0.0030303030303030303
feel,ooh,1,37,330,0.0030303030303030303
feel,puppy,1,38,330,0.0030303030303030303
feel,fishy,1,39,330,0.0030303030303030303
mean,that,102,1,329,0.3100303951367781
mean,i,82,2,329,0.24924012158054712
mean,you,76,3,329,0.23100303951367782
mean,it,17,4,329,0.05167173252279635
mean,she,8,5,329,0.0243161094224924
mean,he,4,6,329,0.0121580547112462
mean,word,4,7,329,0.0121580547112462
mean,which,3,8,329,0.00911854103343465
mean,this,3,9,329,0.00911854103343465
mean,they,3,10,329,0.00911854103343465
mean,we,2,11,329,0.0060790273556231
mean,tikatika,2,12,329,0.0060790273556231
mean,chih,2,13,329,0.0060790273556231
mean,nggo,2,14,329,0.0060790273556231
mean,mummy,2,15,329,0.0060790273556231
mean,kaktur,1,16,329,0.00303951367781155
mean,uhvi,1,17,329,0.00303951367781155
mean,no,1,18,329,0.00303951367781155
mean,tight,1,19,329,0.00303951367781155
mean,noise,1,20,329,0.00303951367781155
mean,shoe,1,21,329,0.00303951367781155
mean,poppop,1,22,329,0.00303951367781155
mean,choo,1,23,329,0.00303951367781155
mean,puddy,1,24,329,0.00303951367781155
mean,nuff,1,25,329,0.00303951367781155
mean,ehe,1,26,329,0.00303951367781155
mean,horse,1,27,329,0.00303951367781155
mean,hair,1,28,329,0.00303951367781155
mean,mom,1,29,329,0.00303951367781155
mean,yellow,1,30,329,0.00303951367781155
mean,nea,1,31,329,0.00303951367781155
mean,mammy,1,32,329,0.00303951367781155
leave,you,89,1,326,0.27300613496932513
leave,we,85,2,326,0.2607361963190184
leave,i,36,3,326,0.11042944785276074
leave,us,25,4,326,0.07668711656441718
leave,mommy,11,5,326,0.03374233128834356
leave,foot,10,6,326,0.03067484662576687
leave,she,9,7,326,0.027607361963190184
leave,daddy,9,8,326,0.027607361963190184
leave,he,8,9,326,0.024539877300613498
leave,they,5,10,326,0.015337423312883436
leave,needta,4,11,326,0.012269938650306749
leave,jeremy,3,12,326,0.009202453987730062
leave,two,2,13,326,0.006134969325153374
leave,who,2,14,326,0.006134969325153374
leave,mama,2,15,326,0.006134969325153374
leave,samuel,2,16,326,0.006134969325153374
leave,penguin,2,17,326,0.006134969325153374
leave,juice,1,18,326,0.003067484662576687
leave,laura,1,19,326,0.003067484662576687
leave,honey,1,20,326,0.003067484662576687
leave,jacob,1,21,326,0.003067484662576687
leave,steve,1,22,326,0.003067484662576687
leave,somebody,1,23,326,0.003067484662576687
leave,piece,1,24,326,0.003067484662576687
leave,hadta,1,25,326,0.003067484662576687
leave,pat,1,26,326,0.003067484662576687
leave,cromer,1,27,326,0.003067484662576687
leave,cook,1,28,326,0.003067484662576687
leave,katie,1,29,326,0.003067484662576687
leave,jane,1,30,326,0.003067484662576687
leave,liam,1,31,326,0.003067484662576687
leave,adi,1,32,326,0.003067484662576687
leave,rachel,1,33,326,0.003067484662576687
leave,wanna,1,34,326,0.003067484662576687
leave,jason,1,35,326,0.003067484662576687
leave,none,1,36,326,0.003067484662576687
leave,it,1,37,326,0.003067484662576687
leave,dinner,1,38,326,0.003067484662576687
leave,mom,1,39,326,0.003067484662576687
close,you,133,1,321,0.4143302180685358
close,i,48,2,321,0.14953271028037382
close,we,44,3,321,0.13707165109034267
close,it,26,4,321,0.08099688473520249
close,us,17,5,321,0.0529595015576324
close,mommy,9,6,321,0.028037383177570093
close,door,7,7,321,0.021806853582554516
close,wanna,5,8,321,0.01557632398753894
close,eye,4,9,321,0.012461059190031152
close,all,3,10,321,0.009345794392523364
close,one,2,11,321,0.006230529595015576
close,lemme,2,12,321,0.006230529595015576
close,no,2,13,321,0.006230529595015576
close,daddy,2,14,321,0.006230529595015576
close,firstname,2,15,321,0.006230529595015576
close,that,2,16,321,0.006230529595015576
close,ya,1,17,321,0.003115264797507788
close,part,1,18,321,0.003115264797507788
close,someone,1,19,321,0.003115264797507788
close,this,1,20,321,0.003115264797507788
close,push,1,21,321,0.003115264797507788
close,she,1,22,321,0.003115264797507788
close,he,1,23,321,0.003115264797507788
close,carl,1,24,321,0.003115264797507788
close,mummy'll,1,25,321,0.003115264797507788
close,nah,1,26,321,0.003115264797507788
close,edena,1,27,321,0.003115264797507788
close,mom,1,28,321,0.003115264797507788
close,box,1,29,321,0.003115264797507788
use,you,119,1,318,0.3742138364779874
use,we,49,2,318,0.1540880503144654
use,i,34,3,318,0.1069182389937107
use,she,25,4,318,0.07861635220125786
use,he,16,5,318,0.050314465408805034
use,wanna,15,6,318,0.04716981132075472
use,mommy,10,7,318,0.031446540880503145
use,they,6,8,318,0.018867924528301886
use,daddy,6,9,318,0.018867924528301886
use,bob,5,10,318,0.015723270440251572
use,catherine,3,11,318,0.009433962264150943
use,mom,2,12,318,0.006289308176100629
use,it,2,13,318,0.006289308176100629
use,fraser,2,14,318,0.006289308176100629
use,baby,2,15,318,0.006289308176100629
use,us,2,16,318,0.006289308176100629
use,dog,1,17,318,0.0031446540880503146
use,lady,1,18,318,0.0031446540880503146
use,pepe,1,19,318,0.0031446540880503146
use,jwww,1,20,318,0.0031446540880503146
use,cat,1,21,318,0.0031446540880503146
use,laura,1,22,318,0.0031446540880503146
use,jeremy,1,23,318,0.0031446540880503146
use,cromer,1,24,318,0.0031446540880503146
use,ross,1,25,318,0.0031446540880503146
use,mama,1,26,318,0.0031446540880503146
use,husband,1,27,318,0.0031446540880503146
use,needta,1,28,318,0.0031446540880503146
use,engine,1,29,318,0.0031446540880503146
use,mummy,1,30,318,0.0031446540880503146
use,claire,1,31,318,0.0031446540880503146
use,grandma,1,32,318,0.0031446540880503146
use,mel,1,33,318,0.0031446540880503146
use,rom,1,34,318,0.0031446540880503146
use,who,1,35,318,0.0031446540880503146
use,nanny,1,36,318,0.0031446540880503146
remember,you,261,1,317,0.8233438485804416
remember,i,29,2,317,0.0914826498422713
remember,she,6,3,317,0.01892744479495268
remember,mommy,2,4,317,0.006309148264984227
remember,ya,1,5,317,0.0031545741324921135
remember,we,1,6,317,0.0031545741324921135
remember,it,1,7,317,0.0031545741324921135
remember,herself,1,8,317,0.0031545741324921135
remember,figaro,1,9,317,0.0031545741324921135
remember,crying,1,10,317,0.0031545741324921135
remember,tonight,1,11,317,0.0031545741324921135
remember,fritzy,1,12,317,0.0031545741324921135
remember,nobody,1,13,317,0.0031545741324921135
remember,he,1,14,317,0.0031545741324921135
remember,daddy,1,15,317,0.0031545741324921135
remember,kalie,1,16,317,0.0031545741324921135
remember,some,1,17,317,0.0031545741324921135
remember,nomi,1,18,317,0.0031545741324921135
remember,color,1,19,317,0.0031545741324921135
remember,firstname,1,20,317,0.0031545741324921135
remember,they,1,21,317,0.0031545741324921135
remember,this,1,22,317,0.0031545741324921135
remember,baby,1,23,317,0.0031545741324921135
build,you,97,1,305,0.3180327868852459
build,we,57,2,305,0.18688524590163935
build,i,39,3,305,0.12786885245901639
build,us,32,4,305,0.10491803278688525
build,mommy,13,5,305,0.04262295081967213
build,he,13,6,305,0.04262295081967213
build,they,11,7,305,0.036065573770491806
build,wanna,10,8,305,0.03278688524590164
build,she,6,9,305,0.019672131147540985
build,who,3,10,305,0.009836065573770493
build,ya,2,11,305,0.006557377049180328
build,boy,2,12,305,0.006557377049180328
build,mummy,2,13,305,0.006557377049180328
build,warren,2,14,305,0.006557377049180328
build,people,1,15,305,0.003278688524590164
build,eric,1,16,305,0.003278688524590164
build,lemme,1,17,305,0.003278688524590164
build,henry,1,18,305,0.003278688524590164
build,pippin,1,19,305,0.003278688524590164
build,somebody,1,20,305,0.003278688524590164
build,horsie,1,21,305,0.003278688524590164
build,one,1,22,305,0.003278688524590164
build,anything,1,23,305,0.003278688524590164
build,mama,1,24,305,0.003278688524590164
build,mom,1,25,305,0.003278688524590164
build,carl,1,26,305,0.003278688524590164
build,it,1,27,305,0.003278688524590164
build,firstname,1,28,305,0.003278688524590164
build,daddy,1,29,305,0.003278688524590164
build,mammy,1,30,305,0.003278688524590164
hurt,you,102,1,302,0.33774834437086093
hurt,it,70,2,302,0.23178807947019867
hurt,that,53,3,302,0.17549668874172186
hurt,he,14,4,302,0.046357615894039736
hurt,what,7,5,302,0.023178807947019868
hurt,i,5,6,302,0.016556291390728478
hurt,nose,3,7,302,0.009933774834437087
hurt,they,3,8,302,0.009933774834437087
hurt,ear,3,9,302,0.009933774834437087
hurt,foot,3,10,302,0.009933774834437087
hurt,she,3,11,302,0.009933774834437087
hurt,tooth,2,12,302,0.006622516556291391
hurt,one,2,13,302,0.006622516556291391
hurt,teethie,2,14,302,0.006622516556291391
hurt,rex,2,15,302,0.006622516556291391
hurt,door,1,16,302,0.0033112582781456954
hurt,jwww,1,17,302,0.0033112582781456954
hurt,knife,1,18,302,0.0033112582781456954
hurt,orange,1,19,302,0.0033112582781456954
hurt,apple,1,20,302,0.0033112582781456954
hurt,eye,1,21,302,0.0033112582781456954
hurt,hadta,1,22,302,0.0033112582781456954
hurt,jacob,1,23,302,0.0033112582781456954
hurt,hit,1,24,302,0.0033112582781456954
hurt,mouthie,1,25,302,0.0033112582781456954
hurt,whoa,1,26,302,0.0033112582781456954
hurt,floor,1,27,302,0.0033112582781456954
hurt,henry,1,28,302,0.0033112582781456954
hurt,mouth,1,29,302,0.0033112582781456954
hurt,stomach,1,30,302,0.0033112582781456954
hurt,thing,1,31,302,0.0033112582781456954
hurt,daddy,1,32,302,0.0033112582781456954
hurt,shoe,1,33,302,0.0033112582781456954
hurt,we,1,34,302,0.0033112582781456954
hurt,leg,1,35,302,0.0033112582781456954
hurt,thomas,1,36,302,0.0033112582781456954
hurt,toe,1,37,302,0.0033112582781456954
hurt,car,1,38,302,0.0033112582781456954
hurt,spider,1,39,302,0.0033112582781456954
hurt,this,1,40,302,0.0033112582781456954
hurt,head,1,41,302,0.0033112582781456954
hurt,your,1,42,302,0.0033112582781456954
hurt,tummy,1,43,302,0.0033112582781456954
sleep,he,58,1,295,0.19661016949152543
sleep,she,50,2,295,0.1694915254237288
sleep,baby,41,3,295,0.13898305084745763
sleep,you,28,4,295,0.09491525423728814
sleep,bunny,24,5,295,0.08135593220338982
sleep,they,16,6,295,0.05423728813559322
sleep,who,15,7,295,0.05084745762711865
sleep,i,8,8,295,0.02711864406779661
sleep,it,3,9,295,0.010169491525423728
sleep,hen,3,10,295,0.010169491525423728
sleep,daddy,3,11,295,0.010169491525423728
sleep,piggie,3,12,295,0.010169491525423728
sleep,cow,3,13,295,0.010169491525423728
sleep,rabbit,2,14,295,0.006779661016949152
sleep,timmy,2,15,295,0.006779661016949152
sleep,kitty,2,16,295,0.006779661016949152
sleep,kitten,2,17,295,0.006779661016949152
sleep,we,2,18,295,0.006779661016949152
sleep,boy,2,19,295,0.006779661016949152
sleep,moon,2,20,295,0.006779661016949152
sleep,horse,2,21,295,0.006779661016949152
sleep,man,1,22,295,0.003389830508474576
sleep,swww,1,23,295,0.003389830508474576
sleep,mwww,1,24,295,0.003389830508474576
sleep,dad,1,25,295,0.003389830508474576
sleep,ducky,1,26,295,0.003389830508474576
sleep,sandy,1,27,295,0.003389830508474576
sleep,mommy,1,28,295,0.003389830508474576
sleep,georgie,1,29,295,0.003389830508474576
sleep,ann,1,30,295,0.003389830508474576
sleep,jill,1,31,295,0.003389830508474576
sleep,mummy,1,32,295,0.003389830508474576
sleep,teddy,1,33,295,0.003389830508474576
sleep,baba,1,34,295,0.003389830508474576
sleep,guy,1,35,295,0.003389830508474576
sleep,firstname,1,36,295,0.003389830508474576
sleep,somebody,1,37,295,0.003389830508474576
sleep,bear,1,38,295,0.003389830508474576
sleep,birdie,1,39,295,0.003389830508474576
sleep,horsie,1,40,295,0.003389830508474576
sleep,ya,1,41,295,0.003389830508474576
sleep,doggy,1,42,295,0.003389830508474576
sleep,oscar,1,43,295,0.003389830508474576
sleep,dumbo,1,44,295,0.003389830508474576
sleep,kim,1,45,295,0.003389830508474576
let,you,78,1,295,0.26440677966101694
let,i,54,2,295,0.18305084745762712
let,we,33,3,295,0.11186440677966102
let,us,25,4,295,0.0847457627118644
let,it,9,5,295,0.030508474576271188
let,he,5,6,295,0.01694915254237288
let,patrick,4,7,295,0.013559322033898305
let,wanna,3,8,295,0.010169491525423728
let,she,3,9,295,0.010169491525423728
let,one,3,10,295,0.010169491525423728
let,daddy,3,11,295,0.010169491525423728
let,that,3,12,295,0.010169491525423728
let,firstname,3,13,295,0.010169491525423728
let,mommy,2,14,295,0.006779661016949152
let,beep,2,15,295,0.006779661016949152
let,honey,2,16,295,0.006779661016949152
let,matthew,2,17,295,0.006779661016949152
let,mama,2,18,295,0.006779661016949152
let,sally,2,19,295,0.006779661016949152
let,salley,2,20,295,0.006779661016949152
let,travis,2,21,295,0.006779661016949152
let,what,2,22,295,0.006779661016949152
let,gra,2,23,295,0.006779661016949152
let,whoop,1,24,295,0.003389830508474576
let,key,1,25,295,0.003389830508474576
let,kind,1,26,295,0.003389830508474576
let,hello,1,27,295,0.003389830508474576
let,car,1,28,295,0.003389830508474576
let,eric,1,29,295,0.003389830508474576
let,paper,1,30,295,0.003389830508474576
let,everybody,1,31,295,0.003389830508474576
let,kitty,1,32,295,0.003389830508474576
let,eve,1,33,295,0.003389830508474576
let,girl,1,34,295,0.003389830508474576
let,yeh,1,35,295,0.003389830508474576
let,ross,1,36,295,0.003389830508474576
let,jane,1,37,295,0.003389830508474576
let,nathan,1,38,295,0.003389830508474576
let,symphony,1,39,295,0.003389830508474576
let,megan,1,40,295,0.003389830508474576
let,brittany,1,41,295,0.003389830508474576
let,a,1,42,295,0.003389830508474576
let,nomi,1,43,295,0.003389830508474576
let,nina,1,44,295,0.003389830508474576
let,lion,1,45,295,0.003389830508474576
let,+,1,46,295,0.003389830508474576
let,rro,1,47,295,0.003389830508474576
let,paint,1,48,295,0.003389830508474576
let,they,1,49,295,0.003389830508474576
let,shoe,1,50,295,0.003389830508474576
let,truck,1,51,295,0.003389830508474576
let,whose,1,52,295,0.003389830508474576
let,ernie,1,53,295,0.003389830508474576
let,ball,1,54,295,0.003389830508474576
let,laugh,1,55,295,0.003389830508474576
let,cha,1,56,295,0.003389830508474576
let,dup,1,57,295,0.003389830508474576
let,lookee,1,58,295,0.003389830508474576
let,mahmaw,1,59,295,0.003389830508474576
let,sis,1,60,295,0.003389830508474576
let,oop,1,61,295,0.003389830508474576
let,bro,1,62,295,0.003389830508474576
let,dada,1,63,295,0.003389830508474576
let,jon,1,64,295,0.003389830508474576
let,wld,1,65,295,0.003389830508474576
let,hon,1,66,295,0.003389830508474576
let,sec,1,67,295,0.003389830508474576
let,benjamin,1,68,295,0.003389830508474576
let,edena,1,69,295,0.003389830508474576
let,errol,1,70,295,0.003389830508474576
let,toy,1,71,295,0.003389830508474576
let,ya,1,72,295,0.003389830508474576
walk,you,98,1,289,0.3391003460207612
walk,he,57,2,289,0.1972318339100346
walk,we,44,3,289,0.1522491349480969
walk,they,23,4,289,0.07958477508650519
walk,us,11,5,289,0.03806228373702422
walk,she,10,6,289,0.03460207612456748
walk,i,8,7,289,0.02768166089965398
walk,wanna,6,8,289,0.020761245674740483
walk,who,3,9,289,0.010380622837370242
walk,baby,3,10,289,0.010380622837370242
walk,shoe,2,11,289,0.006920415224913495
walk,mommy,1,12,289,0.0034602076124567475
walk,wheel,1,13,289,0.0034602076124567475
walk,mandy,1,14,289,0.0034602076124567475
walk,son,1,15,289,0.0034602076124567475
walk,guy,1,16,289,0.0034602076124567475
walk,cupcake,1,17,289,0.0034602076124567475
walk,cow,1,18,289,0.0034602076124567475
walk,all,1,19,289,0.0034602076124567475
walk,these,1,20,289,0.0034602076124567475
walk,crab,1,21,289,0.0034602076124567475
walk,somebody,1,22,289,0.0034602076124567475
walk,arte,1,23,289,0.0034602076124567475
walk,her,1,24,289,0.0034602076124567475
walk,elephant,1,25,289,0.0034602076124567475
walk,deer,1,26,289,0.0034602076124567475
walk,foot,1,27,289,0.0034602076124567475
walk,frog,1,28,289,0.0034602076124567475
walk,bird,1,29,289,0.0034602076124567475
walk,penguin,1,30,289,0.0034602076124567475
walk,which,1,31,289,0.0034602076124567475
walk,wee,1,32,289,0.0034602076124567475
walk,someone,1,33,289,0.0034602076124567475
walk,em,1,34,289,0.0034602076124567475
walk,something,1,35,289,0.0034602076124567475
cry,he,59,1,286,0.2062937062937063
cry,she,41,2,286,0.14335664335664336
cry,baby,41,3,286,0.14335664335664336
cry,you,37,4,286,0.12937062937062938
cry,who,15,5,286,0.05244755244755245
cry,they,14,6,286,0.04895104895104895
cry,i,8,7,286,0.027972027972027972
cry,that,4,8,286,0.013986013986013986
cry,it,4,9,286,0.013986013986013986
cry,jimmy,4,10,286,0.013986013986013986
cry,mommy,3,11,286,0.01048951048951049
cry,ewww,3,12,286,0.01048951048951049
cry,piggie,3,13,286,0.01048951048951049
cry,carl,3,14,286,0.01048951048951049
cry,eric,2,15,286,0.006993006993006993
cry,man,2,16,286,0.006993006993006993
cry,jennifer,2,17,286,0.006993006993006993
cry,laura,2,18,286,0.006993006993006993
cry,boy,2,19,286,0.006993006993006993
cry,kid,2,20,286,0.006993006993006993
cry,mummy,2,21,286,0.006993006993006993
cry,lamb,1,22,286,0.0034965034965034965
cry,somebody,1,23,286,0.0034965034965034965
cry,door,1,24,286,0.0034965034965034965
cry,caca,1,25,286,0.0034965034965034965
cry,dwww,1,26,286,0.0034965034965034965
cry,swww,1,27,286,0.0034965034965034965
cry,jwww,1,28,286,0.0034965034965034965
cry,chair,1,29,286,0.0034965034965034965
cry,meow,1,30,286,0.0034965034965034965
cry,piggy,1,31,286,0.0034965034965034965
cry,woody,1,32,286,0.0034965034965034965
cry,kiki,1,33,286,0.0034965034965034965
cry,wanna,1,34,286,0.0034965034965034965
cry,kathy,1,35,286,0.0034965034965034965
cry,sarah,1,36,286,0.0034965034965034965
cry,bunny,1,37,286,0.0034965034965034965
cry,pinocchio,1,38,286,0.0034965034965034965
cry,bay,1,39,286,0.0034965034965034965
cry,bug'll,1,40,286,0.0034965034965034965
cry,bug,1,41,286,0.0034965034965034965
cry,katlin,1,42,286,0.0034965034965034965
cry,mormor,1,43,286,0.0034965034965034965
cry,tanta,1,44,286,0.0034965034965034965
cry,kitty,1,45,286,0.0034965034965034965
cry,puppy,1,46,286,0.0034965034965034965
cry,doggie,1,47,286,0.0034965034965034965
cry,people,1,48,286,0.0034965034965034965
cry,cat,1,49,286,0.0034965034965034965
cry,help,1,50,286,0.0034965034965034965
cry,grandma,1,51,286,0.0034965034965034965
cry,teddy,1,52,286,0.0034965034965034965
cry,bath,1,53,286,0.0034965034965034965
cry,quit,1,54,286,0.0034965034965034965
color,you,163,1,286,0.5699300699300699
color,we,46,2,286,0.16083916083916083
color,i,15,3,286,0.05244755244755245
color,us,10,4,286,0.03496503496503497
color,michael,9,5,286,0.03146853146853147
color,mommy,8,6,286,0.027972027972027972
color,they,6,7,286,0.02097902097902098
color,wanna,6,8,286,0.02097902097902098
color,what,5,9,286,0.017482517482517484
color,some,4,10,286,0.013986013986013986
color,ema,3,11,286,0.01048951048951049
color,that,2,12,286,0.006993006993006993
color,he,2,13,286,0.006993006993006993
color,she,1,14,286,0.0034965034965034965
color,finish,1,15,286,0.0034965034965034965
color,gar,1,16,286,0.0034965034965034965
color,mummy,1,17,286,0.0034965034965034965
color,daddy,1,18,286,0.0034965034965034965
color,mey,1,19,286,0.0034965034965034965
color,it,1,20,286,0.0034965034965034965
keep,you,107,1,283,0.37809187279151946
keep,i,36,2,283,0.127208480565371
keep,we,35,3,283,0.12367491166077739
keep,he,18,4,283,0.0636042402826855
keep,it,13,5,283,0.045936395759717315
keep,us,12,6,283,0.04240282685512368
keep,they,11,7,283,0.038869257950530034
keep,she,9,8,283,0.03180212014134275
keep,that,6,9,283,0.02120141342756184
keep,this,2,10,283,0.007067137809187279
keep,wanna,2,11,283,0.007067137809187279
keep,daddy,2,12,283,0.007067137809187279
keep,one,2,13,283,0.007067137809187279
keep,these,2,14,283,0.007067137809187279
keep,recorder,1,15,283,0.0035335689045936395
keep,mommy,1,16,283,0.0035335689045936395
keep,angel,1,17,283,0.0035335689045936395
keep,star,1,18,283,0.0035335689045936395
keep,alphabet,1,19,283,0.0035335689045936395
keep,sister,1,20,283,0.0035335689045936395
keep,somebody,1,21,283,0.0035335689045936395
keep,people,1,22,283,0.0035335689045936395
keep,gucky,1,23,283,0.0035335689045936395
keep,drawer,1,24,283,0.0035335689045936395
keep,carpet,1,25,283,0.0035335689045936395
keep,hafta,1,26,283,0.0035335689045936395
keep,carrot,1,27,283,0.0035335689045936395
keep,carrots,1,28,283,0.0035335689045936395
keep,animal,1,29,283,0.0035335689045936395
keep,baby,1,30,283,0.0035335689045936395
keep,squonk,1,31,283,0.0035335689045936395
keep,glove,1,32,283,0.0035335689045936395
keep,laura,1,33,283,0.0035335689045936395
keep,mummie,1,34,283,0.0035335689045936395
keep,honey,1,35,283,0.0035335689045936395
keep,job,1,36,283,0.0035335689045936395
keep,truck,1,37,283,0.0035335689045936395
keep,bear,1,38,283,0.0035335689045936395
keep,sunshine,1,39,283,0.0035335689045936395
keep,patrick,1,40,283,0.0035335689045936395
sing,you,173,1,272,0.6360294117647058
sing,we,30,2,272,0.11029411764705882
sing,i,11,3,272,0.04044117647058824
sing,wanna,8,4,272,0.029411764705882353
sing,us,8,5,272,0.029411764705882353
sing,who,4,6,272,0.014705882352941176
sing,she,4,7,272,0.014705882352941176
sing,it,4,8,272,0.014705882352941176
sing,mommy,3,9,272,0.011029411764705883
sing,bird,3,10,272,0.011029411764705883
sing,he,3,11,272,0.011029411764705883
sing,mellason,2,12,272,0.007352941176470588
sing,carl,2,13,272,0.007352941176470588
sing,whatcha,2,14,272,0.007352941176470588
sing,laura,1,15,272,0.003676470588235294
sing,jwww,1,16,272,0.003676470588235294
sing,that,1,17,272,0.003676470588235294
sing,sister,1,18,272,0.003676470588235294
sing,dyeisha,1,19,272,0.003676470588235294
sing,elmo,1,20,272,0.003676470588235294
sing,hiho,1,21,272,0.003676470588235294
sing,tucker,1,22,272,0.003676470588235294
sing,dabee,1,23,272,0.003676470588235294
sing,they,1,24,272,0.003676470588235294
sing,child,1,25,272,0.003676470588235294
sing,birdie,1,26,272,0.003676470588235294
sing,granddad,1,27,272,0.003676470588235294
sing,man,1,28,272,0.003676470588235294
sing,mey,1,29,272,0.003676470588235294
stand,you,112,1,267,0.41947565543071164
stand,he,45,2,267,0.16853932584269662
stand,they,16,3,267,0.0599250936329588
stand,it,15,4,267,0.056179775280898875
stand,i,15,5,267,0.056179775280898875
stand,we,12,6,267,0.0449438202247191
stand,she,8,7,267,0.0299625468164794
stand,man,5,8,267,0.018726591760299626
stand,wanna,4,9,267,0.0149812734082397
stand,us,3,10,267,0.011235955056179775
stand,hen,3,11,267,0.011235955056179775
stand,this,2,12,267,0.00749063670411985
stand,horse,2,13,267,0.00749063670411985
stand,elf,2,14,267,0.00749063670411985
stand,bed,1,15,267,0.003745318352059925
stand,all,1,16,267,0.003745318352059925
stand,yourself,1,17,267,0.003745318352059925
stand,go,1,18,267,0.003745318352059925
stand,foot,1,19,267,0.003745318352059925
stand,taxi,1,20,267,0.003745318352059925
stand,what,1,21,267,0.003745318352059925
stand,some,1,22,267,0.003745318352059925
stand,mama,1,23,267,0.003745318352059925
stand,look,1,24,267,0.003745318352059925
stand,mom,1,25,267,0.003745318352059925
stand,motorcycle,1,26,267,0.003745318352059925
stand,dog,1,27,267,0.003745318352059925
stand,daddy,1,28,267,0.003745318352059925
stand,penguin,1,29,267,0.003745318352059925
stand,monkey,1,30,267,0.003745318352059925
stand,anne,1,31,267,0.003745318352059925
stand,oop,1,32,267,0.003745318352059925
stand,who,1,33,267,0.003745318352059925
stand,somebody,1,34,267,0.003745318352059925
stand,uhoh,1,35,267,0.003745318352059925
stand,mommy'll,1,36,267,0.003745318352059925
stand,baby,1,37,267,0.003745318352059925
wear,you,81,1,264,0.3068181818181818
wear,he,31,2,264,0.11742424242424243
wear,she,29,3,264,0.10984848484848485
wear,i,19,4,264,0.07196969696969698
wear,mommy,12,5,264,0.045454545454545456
wear,who,12,6,264,0.045454545454545456
wear,daddy,7,7,264,0.026515151515151516
wear,we,5,8,264,0.01893939393939394
wear,they,5,9,264,0.01893939393939394
wear,man,5,10,264,0.01893939393939394
wear,girl,3,11,264,0.011363636363636364
wear,firstname,3,12,264,0.011363636363636364
wear,dad,3,13,264,0.011363636363636364
wear,one,3,14,264,0.011363636363636364
wear,us,2,15,264,0.007575757575757576
wear,grandma,2,16,264,0.007575757575757576
wear,eve,2,17,264,0.007575757575757576
wear,doctor,2,18,264,0.007575757575757576
wear,clown,2,19,264,0.007575757575757576
wear,animal,2,20,264,0.007575757575757576
wear,mummy,2,21,264,0.007575757575757576
wear,workman,2,22,264,0.007575757575757576
wear,novelty,1,23,264,0.003787878787878788
wear,doll,1,24,264,0.003787878787878788
wear,jennifer,1,25,264,0.003787878787878788
wear,morgie,1,26,264,0.003787878787878788
wear,benjamin,1,27,264,0.003787878787878788
wear,bear,1,28,264,0.003787878787878788
wear,mom,1,29,264,0.003787878787878788
wear,timmy,1,30,264,0.003787878787878788
wear,pooh_bear,1,31,264,0.003787878787878788
wear,maggie,1,32,264,0.003787878787878788
wear,boy,1,33,264,0.003787878787878788
wear,wanna,1,34,264,0.003787878787878788
wear,cromer,1,35,264,0.003787878787878788
wear,snowman,1,36,264,0.003787878787878788
wear,sarah,1,37,264,0.003787878787878788
wear,mama,1,38,264,0.003787878787878788
wear,fry,1,39,264,0.003787878787878788
wear,most,1,40,264,0.003787878787878788
wear,monster,1,41,264,0.003787878787878788
wear,ring,1,42,264,0.003787878787878788
wear,everybody,1,43,264,0.003787878787878788
wear,what,1,44,264,0.003787878787878788
wear,people,1,45,264,0.003787878787878788
wear,mouse,1,46,264,0.003787878787878788
wear,oughta,1,47,264,0.003787878787878788
wear,baby,1,48,264,0.003787878787878788
wear,mr_potato_head,1,49,264,0.003787878787878788
wear,georgie,1,50,264,0.003787878787878788
wear,eileen,1,51,264,0.003787878787878788
wear,johnny,1,52,264,0.003787878787878788
needta,you,101,1,261,0.38697318007662834
needta,we,84,2,261,0.3218390804597701
needta,i,64,3,261,0.24521072796934865
needta,he,3,4,261,0.011494252873563218
needta,they,3,5,261,0.011494252873563218
needta,it,2,6,261,0.007662835249042145
needta,she,2,7,261,0.007662835249042145
needta,girl,1,8,261,0.0038314176245210726
needta,baby,1,9,261,0.0038314176245210726
roll,you,85,1,256,0.33203125
roll,i,35,2,256,0.13671875
roll,it,30,3,256,0.1171875
roll,they,20,4,256,0.078125
roll,we,20,5,256,0.078125
roll,mommy,8,6,256,0.03125
roll,she,7,7,256,0.02734375
roll,wanna,7,8,256,0.02734375
roll,that,5,9,256,0.01953125
roll,us,5,10,256,0.01953125
roll,he,5,11,256,0.01953125
roll,wheel,4,12,256,0.015625
roll,mummy,3,13,256,0.01171875
roll,one,2,14,256,0.0078125
roll,jar,2,15,256,0.0078125
roll,whee,2,16,256,0.0078125
roll,who,2,17,256,0.0078125
roll,this,2,18,256,0.0078125
roll,kitty,1,19,256,0.00390625
roll,ball,1,20,256,0.00390625
roll,fish,1,21,256,0.00390625
roll,strawberry,1,22,256,0.00390625
roll,firstname,1,23,256,0.00390625
roll,mama,1,24,256,0.00390625
roll,yay,1,25,256,0.00390625
roll,fei,1,26,256,0.00390625
roll,vroom,1,27,256,0.00390625
roll,lemme,1,28,256,0.00390625
roll,mommy'll,1,29,256,0.00390625
roll,nea,1,30,256,0.00390625
break,you,86,1,250,0.344
break,it,52,2,250,0.208
break,i,13,3,250,0.052
break,chick,11,4,250,0.044
break,that,9,5,250,0.036
break,we,8,6,250,0.032
break,who,6,7,250,0.024
break,one,6,8,250,0.024
break,she,5,9,250,0.02
break,they,4,10,250,0.016
break,bough,4,11,250,0.016
break,he,4,12,250,0.016
break,mommy,3,13,250,0.012
break,pencil,3,14,250,0.012
break,someone,2,15,250,0.008
break,arm,2,16,250,0.008
break,somebody,2,17,250,0.008
break,what,2,18,250,0.008
break,mummy,2,19,250,0.008
break,eric,1,20,250,0.004
break,nail,1,21,250,0.004
break,nothing,1,22,250,0.004
break,anything,1,23,250,0.004
break,shoe,1,24,250,0.004
break,boot,1,25,250,0.004
break,chicken,1,26,250,0.004
break,player,1,27,250,0.004
break,our,1,28,250,0.004
break,daddy,1,29,250,0.004
break,us,1,30,250,0.004
break,way,1,31,250,0.004
break,whoa,1,32,250,0.004
break,julia,1,33,250,0.004
break,joseph,1,34,250,0.004
break,engine,1,35,250,0.004
break,bird,1,36,250,0.004
break,bridge,1,37,250,0.004
break,anne,1,38,250,0.004
break,mummie,1,39,250,0.004
break,two,1,40,250,0.004
break,wire,1,41,250,0.004
break,this,1,42,250,0.004
break,wanna,1,43,250,0.004
break,josh,1,44,250,0.004
break,string,1,45,250,0.004
write,you,118,1,231,0.5108225108225108
write,we,29,2,231,0.12554112554112554
write,i,19,3,231,0.08225108225108226
write,he,11,4,231,0.047619047619047616
write,wanna,11,5,231,0.047619047619047616
write,us,10,6,231,0.04329004329004329
write,mommy,9,7,231,0.03896103896103896
write,it,6,8,231,0.025974025974025976
write,she,3,9,231,0.012987012987012988
write,pen,2,10,231,0.008658008658008658
write,who,2,11,231,0.008658008658008658
write,they,2,12,231,0.008658008658008658
write,eve,1,13,231,0.004329004329004329
write,nanny,1,14,231,0.004329004329004329
write,one,1,15,231,0.004329004329004329
write,sit,1,16,231,0.004329004329004329
write,daddy,1,17,231,0.004329004329004329
write,nomi,1,18,231,0.004329004329004329
write,goldie,1,19,231,0.004329004329004329
write,oughta,1,20,231,0.004329004329004329
write,lookee,1,21,231,0.004329004329004329
feed,you,120,1,228,0.5263157894736842
feed,we,44,2,228,0.19298245614035087
feed,wanna,11,3,228,0.04824561403508772
feed,i,11,4,228,0.04824561403508772
feed,she,10,5,228,0.043859649122807015
feed,us,9,6,228,0.039473684210526314
feed,mommy,4,7,228,0.017543859649122806
feed,baby,3,8,228,0.013157894736842105
feed,daddy,3,9,228,0.013157894736842105
feed,they,2,10,228,0.008771929824561403
feed,ya,1,11,228,0.0043859649122807015
feed,husband,1,12,228,0.0043859649122807015
feed,someone,1,13,228,0.0043859649122807015
feed,chair,1,14,228,0.0043859649122807015
feed,somebody,1,15,228,0.0043859649122807015
feed,friend,1,16,228,0.0043859649122807015
feed,sandra,1,17,228,0.0043859649122807015
feed,finish,1,18,228,0.0043859649122807015
feed,mummy,1,19,228,0.0043859649122807015
feed,firstname,1,20,228,0.0043859649122807015
feed,he,1,21,228,0.0043859649122807015
finish,you,111,1,228,0.4868421052631579
finish,we,27,2,228,0.11842105263157894
finish,i,25,3,228,0.10964912280701754
finish,us,15,4,228,0.06578947368421052
finish,all,12,5,228,0.05263157894736842
finish,mommy,8,6,228,0.03508771929824561
finish,she,5,7,228,0.021929824561403508
finish,one,4,8,228,0.017543859649122806
finish,mama,4,9,228,0.017543859649122806
finish,mummy,3,10,228,0.013157894736842105
finish,he,2,11,228,0.008771929824561403
finish,it,2,12,228,0.008771929824561403
finish,lara,2,13,228,0.008771929824561403
finish,house,1,14,228,0.0043859649122807015
finish,you_all,1,15,228,0.0043859649122807015
finish,eve,1,16,228,0.0043859649122807015
finish,ross,1,17,228,0.0043859649122807015
finish,daddy,1,18,228,0.0043859649122807015
finish,wanna,1,19,228,0.0043859649122807015
finish,elli,1,20,228,0.0043859649122807015
finish,patsy,1,21,228,0.0043859649122807015
catch,you,113,1,224,0.5044642857142857
catch,i,37,2,224,0.16517857142857142
catch,wanna,14,3,224,0.0625
catch,he,8,4,224,0.03571428571428571
catch,mommy,8,5,224,0.03571428571428571
catch,we,8,6,224,0.03571428571428571
catch,she,2,7,224,0.008928571428571428
catch,morgie,2,8,224,0.008928571428571428
catch,it,2,9,224,0.008928571428571428
catch,they,2,10,224,0.008928571428571428
catch,mom,2,11,224,0.008928571428571428
catch,carl,2,12,224,0.008928571428571428
catch,mummy,2,13,224,0.008928571428571428
catch,finger,2,14,224,0.008928571428571428
catch,mammy,2,15,224,0.008928571428571428
catch,ya,1,16,224,0.004464285714285714
catch,nose,1,17,224,0.004464285714285714
catch,cat,1,18,224,0.004464285714285714
catch,spider,1,19,224,0.004464285714285714
catch,which,1,20,224,0.004464285714285714
catch,tie,1,21,224,0.004464285714285714
catch,man,1,22,224,0.004464285714285714
catch,monkey,1,23,224,0.004464285714285714
catch,ema,1,24,224,0.004464285714285714
catch,who,1,25,224,0.004464285714285714
catch,mummy'll,1,26,224,0.004464285714285714
catch,firstname,1,27,224,0.004464285714285714
catch,net,1,28,224,0.004464285714285714
catch,lemme,1,29,224,0.004464285714285714
catch,mommy'll,1,30,224,0.004464285714285714
catch,whoo,1,31,224,0.004464285714285714
catch,us,1,32,224,0.004464285714285714
catch,baby,1,33,224,0.004464285714285714
will,i,49,1,218,0.22477064220183487
will,it,47,2,218,0.21559633027522937
will,you,40,3,218,0.1834862385321101
will,we,31,4,218,0.14220183486238533
will,he,16,5,218,0.07339449541284404
will,they,12,6,218,0.05504587155963303
will,she,9,7,218,0.04128440366972477
will,that,4,8,218,0.01834862385321101
will,mommy,2,9,218,0.009174311926605505
will,this,2,10,218,0.009174311926605505
will,one,1,11,218,0.0045871559633027525
will,these,1,12,218,0.0045871559633027525
will,head,1,13,218,0.0045871559633027525
will,lady,1,14,218,0.0045871559633027525
will,+,1,15,218,0.0045871559633027525
will,mummy,1,16,218,0.0045871559633027525
wash,you,54,1,215,0.25116279069767444
wash,i,42,2,215,0.19534883720930232
wash,we,29,3,215,0.13488372093023257
wash,mommy,19,4,215,0.08837209302325581
wash,us,14,5,215,0.06511627906976744
wash,he,8,6,215,0.037209302325581395
wash,lemme,6,7,215,0.027906976744186046
wash,hasta,5,8,215,0.023255813953488372
wash,she,3,9,215,0.013953488372093023
wash,face,3,10,215,0.013953488372093023
wash,who,3,11,215,0.013953488372093023
wash,wanna,3,12,215,0.013953488372093023
wash,it,3,13,215,0.013953488372093023
wash,daddy,2,14,215,0.009302325581395349
wash,roo,2,15,215,0.009302325581395349
wash,hafta,2,16,215,0.009302325581395349
wash,mummy,2,17,215,0.009302325581395349
wash,firstname,2,18,215,0.009302325581395349
wash,job,2,19,215,0.009302325581395349
wash,cup,1,20,215,0.004651162790697674
wash,somebody,1,21,215,0.004651162790697674
wash,hand,1,22,215,0.004651162790697674
wash,mom,1,23,215,0.004651162790697674
wash,waterloo,1,24,215,0.004651162790697674
wash,needta,1,25,215,0.004651162790697674
wash,go,1,26,215,0.004651162790697674
wash,they,1,27,215,0.004651162790697674
wash,mummie,1,28,215,0.004651162790697674
wash,hair,1,29,215,0.004651162790697674
wash,car,1,30,215,0.004651162790697674
drive,you,66,1,214,0.308411214953271
drive,he,26,2,214,0.12149532710280374
drive,who,15,3,214,0.07009345794392523
drive,it,14,4,214,0.06542056074766354
drive,we,13,5,214,0.06074766355140187
drive,i,11,6,214,0.0514018691588785
drive,daddy,5,7,214,0.02336448598130841
drive,mummy,5,8,214,0.02336448598130841
drive,wanna,5,9,214,0.02336448598130841
drive,they,5,10,214,0.02336448598130841
drive,she,5,11,214,0.02336448598130841
drive,somebody,3,12,214,0.014018691588785047
drive,man,3,13,214,0.014018691588785047
drive,that,3,14,214,0.014018691588785047
drive,us,3,15,214,0.014018691588785047
drive,car,2,16,214,0.009345794392523364
drive,teddy,2,17,214,0.009345794392523364
drive,tiger,2,18,214,0.009345794392523364
drive,mommy,2,19,214,0.009345794392523364
drive,boy,1,20,214,0.004672897196261682
drive,one,1,21,214,0.004672897196261682
drive,captain,1,22,214,0.004672897196261682
drive,all,1,23,214,0.004672897196261682
drive,motorcycle,1,24,214,0.004672897196261682
drive,dog,1,25,214,0.004672897196261682
drive,this,1,26,214,0.004672897196261682
drive,what,1,27,214,0.004672897196261682
drive,grape,1,28,214,0.004672897196261682
drive,tin,1,29,214,0.004672897196261682
drive,burger,1,30,214,0.004672897196261682
drive,whale,1,31,214,0.004672897196261682
drive,nobody,1,32,214,0.004672897196261682
drive,tractor,1,33,214,0.004672897196261682
drive,firstname,1,34,214,0.004672897196261682
drive,girl,1,35,214,0.004672897196261682
drive,mom,1,36,214,0.004672897196261682
drive,engine,1,37,214,0.004672897196261682
drive,dada,1,38,214,0.004672897196261682
drive,rom,1,39,214,0.004672897196261682
drive,guy,1,40,214,0.004672897196261682
drive,indian,1,41,214,0.004672897196261682
drive,grover,1,42,214,0.004672897196261682
drive,uncle,1,43,214,0.004672897196261682
run,you,48,1,214,0.22429906542056074
run,he,44,2,214,0.205607476635514
run,i,19,3,214,0.08878504672897196
run,it,14,4,214,0.06542056074766354
run,we,10,5,214,0.04672897196261682
run,they,10,6,214,0.04672897196261682
run,she,7,7,214,0.03271028037383177
run,water,5,8,214,0.02336448598130841
run,mouse,4,9,214,0.018691588785046728
run,nose,4,10,214,0.018691588785046728
run,dish,3,11,214,0.014018691588785047
run,that,3,12,214,0.014018691588785047
run,cat,3,13,214,0.014018691588785047
run,mommy,2,14,214,0.009345794392523364
run,wanna,2,15,214,0.009345794392523364
run,peter,2,16,214,0.009345794392523364
run,toy,2,17,214,0.009345794392523364
run,tape,2,18,214,0.009345794392523364
run,battery,2,19,214,0.009345794392523364
run,recorder,2,20,214,0.009345794392523364
run,sheep,2,21,214,0.009345794392523364
run,fox,2,22,214,0.009345794392523364
run,hadta,1,23,214,0.004672897196261682
run,hose,1,24,214,0.004672897196261682
run,woody,1,25,214,0.004672897196261682
run,dyeisha,1,26,214,0.004672897196261682
run,everything,1,27,214,0.004672897196261682
run,tomcat,1,28,214,0.004672897196261682
run,wee_willie_winkie,1,29,214,0.004672897196261682
run,winkey,1,30,214,0.004672897196261682
run,jiminy,1,31,214,0.004672897196261682
run,daddy'll,1,32,214,0.004672897196261682
run,room,1,33,214,0.004672897196261682
run,what,1,34,214,0.004672897196261682
run,star,1,35,214,0.004672897196261682
run,daddy,1,36,214,0.004672897196261682
run,frog,1,37,214,0.004672897196261682
run,letter,1,38,214,0.004672897196261682
run,wheel,1,39,214,0.004672897196261682
run,doggy,1,40,214,0.004672897196261682
run,monkey,1,41,214,0.004672897196261682
run,dog,1,42,214,0.004672897196261682
run,this,1,43,214,0.004672897196261682
run,kitty,1,44,214,0.004672897196261682
cook,you,93,1,210,0.44285714285714284
cook,it,29,2,210,0.1380952380952381
cook,we,27,3,210,0.12857142857142856
cook,us,15,4,210,0.07142857142857142
cook,wanna,10,5,210,0.047619047619047616
cook,they,9,6,210,0.04285714285714286
cook,i,4,7,210,0.01904761904761905
cook,he,3,8,210,0.014285714285714285
cook,she,3,9,210,0.014285714285714285
cook,all_done,3,10,210,0.014285714285714285
cook,firstname,2,11,210,0.009523809523809525
cook,john,2,12,210,0.009523809523809525
cook,piece,1,13,210,0.004761904761904762
cook,toast,1,14,210,0.004761904761904762
cook,mama,1,15,210,0.004761904761904762
cook,booboo,1,16,210,0.004761904761904762
cook,mommy,1,17,210,0.004761904761904762
cook,cook,1,18,210,0.004761904761904762
cook,dinner,1,19,210,0.004761904761904762
cook,what,1,20,210,0.004761904761904762
cook,grandma,1,21,210,0.004761904761904762
cook,somebody,1,22,210,0.004761904761904762
stop,you,60,1,208,0.28846153846153844
stop,he,27,2,208,0.12980769230769232
stop,it,23,3,208,0.11057692307692307
stop,i,18,4,208,0.08653846153846154
stop,rabbit,13,5,208,0.0625
stop,we,10,6,208,0.04807692307692308
stop,they,7,7,208,0.03365384615384615
stop,whoever,6,8,208,0.028846153846153848
stop,us,5,9,208,0.02403846153846154
stop,she,4,10,208,0.019230769230769232
stop,man_man,3,11,208,0.014423076923076924
stop,that,3,12,208,0.014423076923076924
stop,hyena,3,13,208,0.014423076923076924
stop,baby,2,14,208,0.009615384615384616
stop,needta,2,15,208,0.009615384615384616
stop,plane,2,16,208,0.009615384615384616
stop,door,2,17,208,0.009615384615384616
stop,daddy,2,18,208,0.009615384615384616
stop,sally,2,19,208,0.009615384615384616
stop,nomi,2,20,208,0.009615384615384616
stop,train,2,21,208,0.009615384615384616
stop,everyone,1,22,208,0.004807692307692308
stop,guy,1,23,208,0.004807692307692308
stop,bird,1,24,208,0.004807692307692308
stop,boat,1,25,208,0.004807692307692308
stop,car,1,26,208,0.004807692307692308
stop,gee,1,27,208,0.004807692307692308
stop,brittany,1,28,208,0.004807692307692308
stop,mummy,1,29,208,0.004807692307692308
stop,carl,1,30,208,0.004807692307692308
stop,georgina,1,31,208,0.004807692307692308
touch,you,103,1,207,0.4975845410628019
touch,we,25,2,207,0.12077294685990338
touch,he,14,3,207,0.06763285024154589
touch,no,9,4,207,0.043478260869565216
touch,i,8,5,207,0.03864734299516908
touch,she,7,6,207,0.033816425120772944
touch,wanna,5,7,207,0.024154589371980676
touch,us,5,8,207,0.024154589371980676
touch,it,4,9,207,0.01932367149758454
touch,mama,3,10,207,0.014492753623188406
touch,mommy,3,11,207,0.014492753623188406
touch,thing,2,12,207,0.00966183574879227
touch,foot,2,13,207,0.00966183574879227
touch,josh,2,14,207,0.00966183574879227
touch,timmy,1,15,207,0.004830917874396135
touch,jesus,1,16,207,0.004830917874396135
touch,booboo,1,17,207,0.004830917874396135
touch,abbey,1,18,207,0.004830917874396135
touch,david,1,19,207,0.004830917874396135
touch,jamie,1,20,207,0.004830917874396135
touch,sara,1,21,207,0.004830917874396135
touch,all,1,22,207,0.004830917874396135
touch,nomi,1,23,207,0.004830917874396135
touch,that,1,24,207,0.004830917874396135
touch,off,1,25,207,0.004830917874396135
touch,stella,1,26,207,0.004830917874396135
touch,firstname,1,27,207,0.004830917874396135
touch,watch,1,28,207,0.004830917874396135
touch,fishy,1,29,207,0.004830917874396135
s,what,109,1,205,0.5317073170731708
s,this,63,2,205,0.3073170731707317
s,johnny,11,3,205,0.05365853658536585
s,matter,9,4,205,0.04390243902439024
s,name,5,5,205,0.024390243902439025
s,that,3,6,205,0.014634146341463415
s,one,2,7,205,0.00975609756097561
s,aislinn,2,8,205,0.00975609756097561
s,alice,1,9,205,0.004878048780487805
jump,he,48,1,205,0.23414634146341465
jump,you,40,2,205,0.1951219512195122
jump,they,19,3,205,0.09268292682926829
jump,we,17,4,205,0.08292682926829269
jump,it,8,5,205,0.03902439024390244
jump,bunny,6,6,205,0.02926829268292683
jump,cow,5,7,205,0.024390243902439025
jump,wanna,5,8,205,0.024390243902439025
jump,daddy,5,9,205,0.024390243902439025
jump,monkey,5,10,205,0.024390243902439025
jump,that,4,11,205,0.01951219512195122
jump,she,4,12,205,0.01951219512195122
jump,egg,4,13,205,0.01951219512195122
jump,elephant,2,14,205,0.00975609756097561
jump,us,2,15,205,0.00975609756097561
jump,smurf,2,16,205,0.00975609756097561
jump,rabbit,2,17,205,0.00975609756097561
jump,no,2,18,205,0.00975609756097561
jump,goofy,2,19,205,0.00975609756097561
jump,hasta,1,20,205,0.004878048780487805
jump,boy,1,21,205,0.004878048780487805
jump,piglet,1,22,205,0.004878048780487805
jump,simba,1,23,205,0.004878048780487805
jump,who,1,24,205,0.004878048780487805
jump,tigger,1,25,205,0.004878048780487805
jump,ball,1,26,205,0.004878048780487805
jump,toy,1,27,205,0.004878048780487805
jump,buzz,1,28,205,0.004878048780487805
jump,i,1,29,205,0.004878048780487805
jump,girl,1,30,205,0.004878048780487805
jump,mouse,1,31,205,0.004878048780487805
jump,look,1,32,205,0.004878048780487805
jump,marco,1,33,205,0.004878048780487805
jump,doggie,1,34,205,0.004878048780487805
jump,fish,1,35,205,0.004878048780487805
jump,birdie,1,36,205,0.004878048780487805
jump,bertie,1,37,205,0.004878048780487805
jump,horse,1,38,205,0.004878048780487805
jump,chicken,1,39,205,0.004878048780487805
jump,anybody,1,40,205,0.004878048780487805
jump,anyone,1,41,205,0.004878048780487805
jump,people,1,42,205,0.004878048780487805
blow,you,93,1,196,0.4744897959183674
blow,i,22,2,196,0.11224489795918367
blow,daddy,13,3,196,0.0663265306122449
blow,he,11,4,196,0.05612244897959184
blow,wind,11,5,196,0.05612244897959184
blow,it,8,6,196,0.04081632653061224
blow,we,8,7,196,0.04081632653061224
blow,mommy,5,8,196,0.025510204081632654
blow,us,5,9,196,0.025510204081632654
blow,she,4,10,196,0.02040816326530612
blow,breeze,2,11,196,0.01020408163265306
blow,that,2,12,196,0.01020408163265306
blow,horn,2,13,196,0.01020408163265306
blow,leaf,1,14,196,0.00510204081632653
blow,wanna,1,15,196,0.00510204081632653
blow,tree,1,16,196,0.00510204081632653
blow,hat,1,17,196,0.00510204081632653
blow,nose,1,18,196,0.00510204081632653
blow,mummy,1,19,196,0.00510204081632653
blow,man,1,20,196,0.00510204081632653
blow,phone,1,21,196,0.00510204081632653
blow,turn,1,22,196,0.00510204081632653
blow,fei,1,23,196,0.00510204081632653
smell,you,57,1,184,0.30978260869565216
smell,it,33,2,184,0.1793478260869565
smell,they,20,3,184,0.10869565217391304
smell,paul,14,4,184,0.07608695652173914
smell,flower,12,5,184,0.06521739130434782
smell,he,9,6,184,0.04891304347826087
smell,she,8,7,184,0.043478260869565216
smell,i,5,8,184,0.02717391304347826
smell,wanna,4,9,184,0.021739130434782608
smell,that,3,10,184,0.016304347826086956
smell,lemme,2,11,184,0.010869565217391304
smell,one,2,12,184,0.010869565217391304
smell,what,1,13,184,0.005434782608695652
smell,people,1,14,184,0.005434782608695652
smell,mommy,1,15,184,0.005434782608695652
smell,cooky,1,16,184,0.005434782608695652
smell,mm,1,17,184,0.005434782608695652
smell,fairy,1,18,184,0.005434782608695652
smell,blanket,1,19,184,0.005434782608695652
smell,georgie,1,20,184,0.005434782608695652
smell,kitty,1,21,184,0.005434782608695652
smell,fish,1,22,184,0.005434782608695652
smell,trouser,1,23,184,0.005434782608695652
smell,mama,1,24,184,0.005434782608695652
smell,baby,1,25,184,0.005434782608695652
smell,skunk,1,26,184,0.005434782608695652
smell,laura,1,27,184,0.005434782608695652
drop,you,134,1,184,0.7282608695652174
drop,i,16,2,184,0.08695652173913043
drop,he,6,3,184,0.03260869565217391
drop,she,5,4,184,0.02717391304347826
drop,we,5,5,184,0.02717391304347826
drop,mommy,4,6,184,0.021739130434782608
drop,ya,2,7,184,0.010869565217391304
drop,mummy,2,8,184,0.010869565217391304
drop,nose,1,9,184,0.005434782608695652
drop,it,1,10,184,0.005434782608695652
drop,eve,1,11,184,0.005434782608695652
drop,what,1,12,184,0.005434782608695652
drop,garfield,1,13,184,0.005434782608695652
drop,whoop,1,14,184,0.005434782608695652
drop,daddy,1,15,184,0.005434782608695652
drop,nomi,1,16,184,0.005434782608695652
drop,ear,1,17,184,0.005434782608695652
drop,they,1,18,184,0.005434782608695652
miss,you,84,1,176,0.4772727272727273
miss,we,45,2,176,0.2556818181818182
miss,i,15,3,176,0.08522727272727272
miss,she,7,4,176,0.03977272727272727
miss,mommy,4,5,176,0.022727272727272728
miss,it,3,6,176,0.017045454545454544
miss,one,3,7,176,0.017045454545454544
miss,he,3,8,176,0.017045454545454544
miss,that,2,9,176,0.011363636363636364
miss,they,1,10,176,0.005681818181818182
miss,whoa,1,11,176,0.005681818181818182
miss,kitty,1,12,176,0.005681818181818182
miss,ya,1,13,176,0.005681818181818182
miss,man,1,14,176,0.005681818181818182
miss,baby,1,15,176,0.005681818181818182
miss,some,1,16,176,0.005681818181818182
miss,whoop,1,17,176,0.005681818181818182
miss,thing,1,18,176,0.005681818181818182
miss,two,1,19,176,0.005681818181818182
brush,you,79,1,175,0.4514285714285714
brush,we,15,2,175,0.08571428571428572
brush,he,14,3,175,0.08
brush,she,11,4,175,0.06285714285714286
brush,i,11,5,175,0.06285714285714286
brush,bear,8,6,175,0.045714285714285714
brush,they,7,7,175,0.04
brush,hair,6,8,175,0.03428571428571429
brush,wanna,4,9,175,0.022857142857142857
brush,mommy,4,10,175,0.022857142857142857
brush,one,3,11,175,0.017142857142857144
brush,ya,2,12,175,0.011428571428571429
brush,comb,2,13,175,0.011428571428571429
brush,us,2,14,175,0.011428571428571429
brush,rom,2,15,175,0.011428571428571429
brush,her,1,16,175,0.005714285714285714
brush,daddy,1,17,175,0.005714285714285714
brush,it,1,18,175,0.005714285714285714
brush,gar,1,19,175,0.005714285714285714
brush,that,1,20,175,0.005714285714285714
hide,you,58,1,168,0.34523809523809523
hide,he,34,2,168,0.20238095238095238
hide,i,18,3,168,0.10714285714285714
hide,they,15,4,168,0.08928571428571429
hide,it,8,5,168,0.047619047619047616
hide,we,5,6,168,0.02976190476190476
hide,mommy,3,7,168,0.017857142857142856
hide,what,3,8,168,0.017857142857142856
hide,she,3,9,168,0.017857142857142856
hide,bunny,2,10,168,0.011904761904761904
hide,goldie,2,11,168,0.011904761904761904
hide,lady,2,12,168,0.011904761904761904
hide,mouth,1,13,168,0.005952380952380952
hide,elmo,1,14,168,0.005952380952380952
hide,bert,1,15,168,0.005952380952380952
hide,puppy,1,16,168,0.005952380952380952
hide,firstname,1,17,168,0.005952380952380952
hide,fox,1,18,168,0.005952380952380952
hide,matthew,1,19,168,0.005952380952380952
hide,ball,1,20,168,0.005952380952380952
hide,guy,1,21,168,0.005952380952380952
hide,that,1,22,168,0.005952380952380952
hide,someone,1,23,168,0.005952380952380952
hide,who,1,24,168,0.005952380952380952
hide,monkey,1,25,168,0.005952380952380952
hide,yellow,1,26,168,0.005952380952380952
hide,paul,1,27,168,0.005952380952380952
watch,you,56,1,161,0.34782608695652173
watch,we,25,2,161,0.15527950310559005
watch,i,14,3,161,0.08695652173913043
watch,us,8,4,161,0.049689440993788817
watch,firstname,7,5,161,0.043478260869565216
watch,he,5,6,161,0.031055900621118012
watch,she,4,7,161,0.024844720496894408
watch,they,4,8,161,0.024844720496894408
watch,lookee,3,9,161,0.018633540372670808
watch,puppy,2,10,161,0.012422360248447204
watch,bunny,2,11,161,0.012422360248447204
watch,wanna,2,12,161,0.012422360248447204
watch,doll,2,13,161,0.012422360248447204
watch,it,2,14,161,0.012422360248447204
watch,baby,2,15,161,0.012422360248447204
watch,anybody,1,16,161,0.006211180124223602
watch,angel,1,17,161,0.006211180124223602
watch,who,1,18,161,0.006211180124223602
watch,something,1,19,161,0.006211180124223602
watch,kid,1,20,161,0.006211180124223602
watch,mommy,1,21,161,0.006211180124223602
watch,grand,1,22,161,0.006211180124223602
watch,somebody,1,23,161,0.006211180124223602
watch,mom,1,24,161,0.006211180124223602
watch,camera,1,25,161,0.006211180124223602
watch,sally,1,26,161,0.006211180124223602
watch,kalie,1,27,161,0.006211180124223602
watch,travis,1,28,161,0.006211180124223602
watch,mama,1,29,161,0.006211180124223602
watch,animal,1,30,161,0.006211180124223602
watch,mummy,1,31,161,0.006211180124223602
watch,penny,1,32,161,0.006211180124223602
watch,job,1,33,161,0.006211180124223602
watch,whee,1,34,161,0.006211180124223602
watch,daddy,1,35,161,0.006211180124223602
watch,don,1,36,161,0.006211180124223602
watch,this,1,37,161,0.006211180124223602
watch,josh,1,38,161,0.006211180124223602
hafta,you,103,1,160,0.64375
hafta,we,32,2,160,0.2
hafta,i,19,3,160,0.11875
hafta,he,2,4,160,0.0125
hafta,ya,1,5,160,0.00625
hafta,they,1,6,160,0.00625
hafta,it,1,7,160,0.00625
hafta,dog,1,8,160,0.00625
bet,i,151,1,159,0.949685534591195
bet,you,6,2,159,0.03773584905660377
bet,ill,2,3,159,0.012578616352201259
ride,you,68,1,159,0.4276729559748428
ride,he,16,2,159,0.10062893081761007
ride,we,9,3,159,0.05660377358490566
ride,they,9,4,159,0.05660377358490566
ride,man,6,5,159,0.03773584905660377
ride,wanna,4,6,159,0.025157232704402517
ride,she,4,7,159,0.025157232704402517
ride,us,3,8,159,0.018867924528301886
ride,people,3,9,159,0.018867924528301886
ride,bear,3,10,159,0.018867924528301886
ride,i,2,11,159,0.012578616352201259
ride,donkey,2,12,159,0.012578616352201259
ride,who,2,13,159,0.012578616352201259
ride,some,2,14,159,0.012578616352201259
ride,chad,2,15,159,0.012578616352201259
ride,lamb,1,16,159,0.006289308176100629
ride,mouse,1,17,159,0.006289308176100629
ride,boy,1,18,159,0.006289308176100629
ride,peter,1,19,159,0.006289308176100629
ride,horse,1,20,159,0.006289308176100629
ride,joanna,1,21,159,0.006289308176100629
ride,child,1,22,159,0.006289308176100629
ride,koalas,1,23,159,0.006289308176100629
ride,everybody,1,24,159,0.006289308176100629
ride,girl,1,25,159,0.006289308176100629
ride,dog,1,26,159,0.006289308176100629
ride,money,1,27,159,0.006289308176100629
ride,kermit,1,28,159,0.006289308176100629
ride,chicken,1,29,159,0.006289308176100629
ride,daddy,1,30,159,0.006289308176100629
ride,it,1,31,159,0.006289308176100629
ride,megan,1,32,159,0.006289308176100629
ride,dadaw,1,33,159,0.006289308176100629
ride,chip,1,34,159,0.006289308176100629
ride,grandpa,1,35,159,0.006289308176100629
ride,cowboy_bill,1,36,159,0.006289308176100629
ride,one,1,37,159,0.006289308176100629
ride,baby,1,38,159,0.006289308176100629
ride,the,1,39,159,0.006289308176100629
rid,he,31,1,159,0.1949685534591195
rid,kangaroo,17,2,159,0.1069182389937107
rid,you,15,3,159,0.09433962264150944
rid,who,14,4,159,0.0880503144654088
rid,bear,12,5,159,0.07547169811320754
rid,that,9,6,159,0.05660377358490566
rid,man,9,7,159,0.05660377358490566
rid,they,5,8,159,0.031446540880503145
rid,boy,4,9,159,0.025157232704402517
rid,she,4,10,159,0.025157232704402517
rid,grandad,3,11,159,0.018867924528301886
rid,nobody,2,12,159,0.012578616352201259
rid,somebody,2,13,159,0.012578616352201259
rid,guy,2,14,159,0.012578616352201259
rid,dinosaur,2,15,159,0.012578616352201259
rid,child,2,16,159,0.012578616352201259
rid,kermit,2,17,159,0.012578616352201259
rid,lady,2,18,159,0.012578616352201259
rid,anne,2,19,159,0.012578616352201259
rid,rabbit,2,20,159,0.012578616352201259
rid,the,1,21,159,0.006289308176100629
rid,mouse,1,22,159,0.006289308176100629
rid,donkey,1,23,159,0.006289308176100629
rid,people,1,24,159,0.006289308176100629
rid,horse,1,25,159,0.006289308176100629
rid,it,1,26,159,0.006289308176100629
rid,boat,1,27,159,0.006289308176100629
rid,we,1,28,159,0.006289308176100629
rid,koala,1,29,159,0.006289308176100629
rid,girl,1,30,159,0.006289308176100629
rid,clown,1,31,159,0.006289308176100629
rid,scooter,1,32,159,0.006289308176100629
rid,i,1,33,159,0.006289308176100629
rid,george,1,34,159,0.006289308176100629
rid,mummy'll,1,35,159,0.006289308176100629
rid,ya,1,36,159,0.006289308176100629
rid,elephant,1,37,159,0.006289308176100629
rid,daddy,1,38,159,0.006289308176100629
wipe,i,45,1,159,0.2830188679245283
wipe,you,32,2,159,0.20125786163522014
wipe,us,18,3,159,0.11320754716981132
wipe,we,17,4,159,0.1069182389937107
wipe,mommy,12,5,159,0.07547169811320754
wipe,lemme,10,6,159,0.06289308176100629
wipe,nose,6,7,159,0.03773584905660377
wipe,grandma,4,8,159,0.025157232704402517
wipe,he,3,9,159,0.018867924528301886
wipe,she,2,10,159,0.012578616352201259
wipe,mommy'll,2,11,159,0.012578616352201259
wipe,mummy,2,12,159,0.012578616352201259
wipe,milk,1,13,159,0.006289308176100629
wipe,hadta,1,14,159,0.006289308176100629
wipe,lara,1,15,159,0.006289308176100629
wipe,mama,1,16,159,0.006289308176100629
wipe,needta,1,17,159,0.006289308176100629
wipe,wanna,1,18,159,0.006289308176100629
pop,it,44,1,159,0.27672955974842767
pop,he,36,2,159,0.22641509433962265
pop,they,13,3,159,0.08176100628930817
pop,you,12,4,159,0.07547169811320754
pop,we,9,5,159,0.05660377358490566
pop,i,8,6,159,0.050314465408805034
pop,man,4,7,159,0.025157232704402517
pop,us,2,8,159,0.012578616352201259
pop,ear,2,9,159,0.012578616352201259
pop,one,2,10,159,0.012578616352201259
pop,lady,2,11,159,0.012578616352201259
pop,what,2,12,159,0.012578616352201259
pop,bunny,2,13,159,0.012578616352201259
pop,do,1,14,159,0.006289308176100629
pop,rabbit,1,15,159,0.006289308176100629
pop,jack,1,16,159,0.006289308176100629
pop,something,1,17,159,0.006289308176100629
pop,clown,1,18,159,0.006289308176100629
pop,balloon,1,19,159,0.006289308176100629
pop,daddy,1,20,159,0.006289308176100629
pop,bird,1,21,159,0.006289308176100629
pop,grandma,1,22,159,0.006289308176100629
pop,piece,1,23,159,0.006289308176100629
pop,pip,1,24,159,0.006289308176100629
pop,uhoh,1,25,159,0.006289308176100629
pop,five,1,26,159,0.006289308176100629
pop,lid,1,27,159,0.006289308176100629
pop,that,1,28,159,0.006289308176100629
pop,sun,1,29,159,0.006289308176100629
pop,this,1,30,159,0.006289308176100629
pop,em,1,31,159,0.006289308176100629
pop,guy,1,32,159,0.006289308176100629
pop,thing,1,33,159,0.006289308176100629
pop,those,1,34,159,0.006289308176100629
guess,i,151,1,157,0.9617834394904459
guess,you,3,2,157,0.01910828025477707
guess,sue,1,3,157,0.006369426751592357
guess,wanna,1,4,157,0.006369426751592357
guess,no,1,5,157,0.006369426751592357
sound,he,57,1,155,0.36774193548387096
sound,that,41,2,155,0.2645161290322581
sound,it,27,3,155,0.17419354838709677
sound,you,8,4,155,0.05161290322580645
sound,what,4,5,155,0.025806451612903226
sound,animal,2,6,155,0.012903225806451613
sound,they,2,7,155,0.012903225806451613
sound,word,1,8,155,0.0064516129032258064
sound,dog,1,9,155,0.0064516129032258064
sound,uhoh,1,10,155,0.0064516129032258064
sound,hotdog,1,11,155,0.0064516129032258064
sound,ninight,1,12,155,0.0064516129032258064
sound,nomi,1,13,155,0.0064516129032258064
sound,duck,1,14,155,0.0064516129032258064
sound,motorcycle,1,15,155,0.0064516129032258064
sound,sound,1,16,155,0.0064516129032258064
sound,kinda,1,17,155,0.0064516129032258064
sound,car,1,18,155,0.0064516129032258064
sound,boat,1,19,155,0.0064516129032258064
sound,phone,1,20,155,0.0064516129032258064
sound,cat,1,21,155,0.0064516129032258064
live,who,33,1,151,0.2185430463576159
live,they,25,2,151,0.16556291390728478
live,he,20,3,151,0.13245033112582782
live,you,8,4,151,0.052980132450331126
live,bat,5,5,151,0.033112582781456956
live,duck,5,6,151,0.033112582781456956
live,that,3,7,151,0.019867549668874173
live,she,3,8,151,0.019867549668874173
live,i,3,9,151,0.019867549668874173
live,friend,2,10,151,0.013245033112582781
live,what,2,11,151,0.013245033112582781
live,we,2,12,151,0.013245033112582781
live,adam,2,13,151,0.013245033112582781
live,horse,2,14,151,0.013245033112582781
live,crab,2,15,151,0.013245033112582781
live,dinosaur,2,16,151,0.013245033112582781
live,one,2,17,151,0.013245033112582781
live,oscar,2,18,151,0.013245033112582781
live,sister,1,19,151,0.006622516556291391
live,bear,1,20,151,0.006622516556291391
live,ewww,1,21,151,0.006622516556291391
live,mwww,1,22,151,0.006622516556291391
live,nothing,1,23,151,0.006622516556291391
live,dog,1,24,151,0.006622516556291391
live,mouse,1,25,151,0.006622516556291391
live,ant,1,26,151,0.006622516556291391
live,fish,1,27,151,0.006622516556291391
live,horsie,1,28,151,0.006622516556291391
live,animal,1,29,151,0.006622516556291391
live,cinderella,1,30,151,0.006622516556291391
live,birdie,1,31,151,0.006622516556291391
live,guy,1,32,151,0.006622516556291391
live,lot,1,33,151,0.006622516556291391
live,crocodile,1,34,151,0.006622516556291391
live,monkey,1,35,151,0.006622516556291391
live,baby,1,36,151,0.006622516556291391
live,princess,1,37,151,0.006622516556291391
live,dino,1,38,151,0.006622516556291391
live,hammer,1,39,151,0.006622516556291391
live,man,1,40,151,0.006622516556291391
live,elephant,1,41,151,0.006622516556291391
live,it,1,42,151,0.006622516556291391
live,owl,1,43,151,0.006622516556291391
live,chicken,1,44,151,0.006622516556291391
live,big_bird,1,45,151,0.006622516556291391
live,dumbo,1,46,151,0.006622516556291391
start,you,25,1,147,0.17006802721088435
start,we,23,2,147,0.1564625850340136
start,us,15,3,147,0.10204081632653061
start,i,13,4,147,0.08843537414965986
start,he,9,5,147,0.061224489795918366
start,they,8,6,147,0.05442176870748299
start,it,8,7,147,0.05442176870748299
start,she,6,8,147,0.04081632653061224
start,mommy,3,9,147,0.02040816326530612
start,party,3,10,147,0.02040816326530612
start,daddy,3,11,147,0.02040816326530612
start,wanna,2,12,147,0.013605442176870748
start,that,2,13,147,0.013605442176870748
start,name,2,14,147,0.013605442176870748
start,cookie,2,15,147,0.013605442176870748
start,crocodile,2,16,147,0.013605442176870748
start,cindy,1,17,147,0.006802721088435374
start,flower,1,18,147,0.006802721088435374
start,key,1,19,147,0.006802721088435374
start,school,1,20,147,0.006802721088435374
start,shoulda,1,21,147,0.006802721088435374
start,elephant,1,22,147,0.006802721088435374
start,henry,1,23,147,0.006802721088435374
start,lemme,1,24,147,0.006802721088435374
start,stuff,1,25,147,0.006802721088435374
start,thing,1,26,147,0.006802721088435374
start,cook,1,27,147,0.006802721088435374
start,show,1,28,147,0.006802721088435374
start,everybody,1,29,147,0.006802721088435374
start,pinocchio,1,30,147,0.006802721088435374
start,coffee,1,31,147,0.006802721088435374
start,brittany,1,32,147,0.006802721088435374
start,piece,1,33,147,0.006802721088435374
start,water,1,34,147,0.006802721088435374
start,ours,1,35,147,0.006802721088435374
start,firstname,1,36,147,0.006802721088435374
start,what,1,37,147,0.006802721088435374
