verb,subject,frequency,rank,total,proportion
go,you,10577,1,29274,0.36131037780966047
go,we,3983,2,29274,0.13605930176948827
go,it,2492,3,29274,0.08512673362027738
go,i,2209,4,29274,0.07545945207351233
go,he,1534,5,29274,0.05240144838423174
go,they,814,6,29274,0.027806244448999113
go,she,732,7,29274,0.02500512400081984
go,us,619,8,29274,0.02114504338320694
go,that,579,9,29274,0.019778643164582905
go,one,452,10,29274,0.015440322470451595
go,ya,287,11,29274,0.00980392156862745
go,daddy,219,12,29274,0.007481041196966591
go,baby,217,13,29274,0.00741272118603539
go,this,215,14,29274,0.007344401175104188
go,mommy,210,15,29274,0.007173601147776184
go,wanna,171,16,29274,0.00584136093461775
go,what,169,17,29274,0.0057730409236865475
go,who,162,18,29274,0.005533920885427342
go,mummy,131,19,29274,0.004474960715993715
go,car,117,20,29274,0.003996720639475302
go,ball,70,21,29274,0.0023912003825920613
go,piggy,69,22,29274,0.00235704037712646
go,cow,57,23,29274,0.0019471203115392498
go,bunny,53,24,29274,0.0018104802896768463
go,man,50,25,29274,0.0017080002732800437
go,horse,42,26,29274,0.0014347202295552368
go,all,38,27,29274,0.0012980802076928333
go,wheel,34,28,29274,0.0011614401858304297
go,hasta,32,29,29274,0.001093120174899228
go,truck,32,30,29274,0.001093120174899228
go,pop,30,31,29274,0.0010248001639680262
go,people,29,32,29274,0.0009906401585024253
go,doggie,29,33,29274,0.0009906401585024253
go,dog,29,34,29274,0.0009906401585024253
go,duck,28,35,29274,0.0009564801530368245
go,horsie,28,36,29274,0.0009564801530368245
go,sheep,28,37,29274,0.0009564801530368245
go,chicken,28,38,29274,0.0009564801530368245
go,carl,28,39,29274,0.0009564801530368245
go,hat,27,40,29274,0.0009223201475712236
go,lion,27,41,29274,0.0009223201475712236
go,these,26,42,29274,0.0008881601421056228
go,pig,26,43,29274,0.0008881601421056228
go,spider,24,44,29274,0.000819840131174421
go,bear,24,45,29274,0.000819840131174421
go,lady,22,46,29274,0.0007515201202432192
go,block,22,47,29274,0.0007515201202432192
go,monkey,22,48,29274,0.0007515201202432192
go,train,22,49,29274,0.0007515201202432192
go,kitty,22,50,29274,0.0007515201202432192
go,bit,22,51,29274,0.0007515201202432192
go,hand,21,52,29274,0.0007173601147776184
go,nose,21,53,29274,0.0007173601147776184
go,laura,20,54,29274,0.0006832001093120175
go,foot,20,55,29274,0.0006832001093120175
go,those,19,56,29274,0.0006490401038464166
go,arm,19,57,29274,0.0006490401038464166
go,rabbit,19,58,29274,0.0006490401038464166
go,mouth,19,59,29274,0.0006490401038464166
go,birdie,19,60,29274,0.0006490401038464166
go,cat,18,61,29274,0.0006148800983808157
go,eye,18,62,29274,0.0006148800983808157
go,danny,18,63,29274,0.0006148800983808157
go,elephant,18,64,29274,0.0006148800983808157
go,firstname,18,65,29274,0.0006148800983808157
go,mama,17,66,29274,0.0005807200929152149
go,animal,17,67,29274,0.0005807200929152149
go,lid,17,68,29274,0.0005807200929152149
go,tractor,17,69,29274,0.0005807200929152149
go,doggy,16,70,29274,0.000546560087449614
go,piece,16,71,29274,0.000546560087449614
go,bird,16,72,29274,0.000546560087449614
go,bubble,16,73,29274,0.000546560087449614
go,thomas,16,74,29274,0.000546560087449614
go,everything,15,75,29274,0.0005124000819840131
go,thing,15,76,29274,0.0005124000819840131
go,guy,15,77,29274,0.0005124000819840131
go,sun,15,78,29274,0.0005124000819840131
go,nina,15,79,29274,0.0005124000819840131
go,juice,14,80,29274,0.00047824007651841227
go,egg,14,81,29274,0.00047824007651841227
go,milk,14,82,29274,0.00047824007651841227
go,water,14,83,29274,0.00047824007651841227
go,everybody,14,84,29274,0.00047824007651841227
go,lemme,14,85,29274,0.00047824007651841227
go,ear,14,86,29274,0.00047824007651841227
go,whatcha,14,87,29274,0.00047824007651841227
go,horn,14,88,29274,0.00047824007651841227
go,square,13,89,29274,0.0004440800710528114
go,somebody,13,90,29274,0.0004440800710528114
go,frog,13,91,29274,0.0004440800710528114
go,bus,13,92,29274,0.0004440800710528114
go,boy,12,93,29274,0.0004099200655872105
go,kitty_cat,12,94,29274,0.0004099200655872105
go,girl,12,95,29274,0.0004099200655872105
go,sock,12,96,29274,0.0004099200655872105
go,shoe,12,97,29274,0.0004099200655872105
go,butterfly,12,98,29274,0.0004099200655872105
go,weasel,12,99,29274,0.0004099200655872105
go,circle,11,100,29274,0.0003757600601216096
go,food,11,101,29274,0.0003757600601216096
go,door,11,102,29274,0.0003757600601216096
go,fish,11,103,29274,0.0003757600601216096
go,piggie,11,104,29274,0.0003757600601216096
go,teddy,11,105,29274,0.0003757600601216096
go,triangle,10,106,29274,0.00034160005465600873
go,book,10,107,29274,0.00034160005465600873
go,dinosaur,10,108,29274,0.00034160005465600873
go,shirt,10,109,29274,0.00034160005465600873
go,light,10,110,29274,0.00034160005465600873
go,chair,9,111,29274,0.00030744004919040785
go,mouse,9,112,29274,0.00030744004919040785
go,head,9,113,29274,0.00030744004919040785
go,christopher,9,114,29274,0.00030744004919040785
go,mom,9,115,29274,0.00030744004919040785
go,crayon,9,116,29274,0.00030744004919040785
go,wiper,9,117,29274,0.00030744004919040785
go,leg,9,118,29274,0.00030744004919040785
go,eve,9,119,29274,0.00030744004919040785
go,farmer,9,120,29274,0.00030744004919040785
go,penguin,9,121,29274,0.00030744004919040785
go,apple,9,122,29274,0.00030744004919040785
go,giraffe,9,123,29274,0.00030744004919040785
go,pg,9,124,29274,0.00030744004919040785
go,key,8,125,29274,0.000273280043724807
go,needta,8,126,29274,0.000273280043724807
go,bottle,8,127,29274,0.000273280043724807
go,ernie,8,128,29274,0.000273280043724807
go,money,8,129,29274,0.000273280043724807
go,blue,8,130,29274,0.000273280043724807
go,rooster,8,131,29274,0.000273280043724807
go,glass,8,132,29274,0.000273280043724807
go,bella,8,133,29274,0.000273280043724807
go,anne,8,134,29274,0.000273280043724807
go,go,7,135,29274,0.00023912003825920613
go,something,7,136,29274,0.00023912003825920613
go,dada,7,137,29274,0.00023912003825920613
go,someone,7,138,29274,0.00023912003825920613
go,fence,7,139,29274,0.00023912003825920613
go,two,7,140,29274,0.00023912003825920613
go,cup,7,141,29274,0.00023912003825920613
go,pea,7,142,29274,0.00023912003825920613
go,red,7,143,29274,0.00023912003825920613
go,penny,7,144,29274,0.00023912003825920613
go,bed,6,145,29274,0.00020496003279360525
go,balloon,6,146,29274,0.00020496003279360525
go,joanna,6,147,29274,0.00020496003279360525
go,kangaroo,6,148,29274,0.00020496003279360525
go,bee,6,149,29274,0.00020496003279360525
go,dad,6,150,29274,0.00020496003279360525
go,tongue,6,151,29274,0.00020496003279360525
go,lexy,6,152,29274,0.00020496003279360525
go,clock,6,153,29274,0.00020496003279360525
go,mum,6,154,29274,0.00020496003279360525
go,shape,6,155,29274,0.00020496003279360525
go,lara,6,156,29274,0.00020496003279360525
go,mummie,6,157,29274,0.00020496003279360525
go,hotdog,6,158,29274,0.00020496003279360525
go,finger,5,159,29274,0.00017080002732800437
go,picture,5,160,29274,0.00017080002732800437
go,bowl,5,161,29274,0.00017080002732800437
go,top,5,162,29274,0.00017080002732800437
go,matthew,5,163,29274,0.00017080002732800437
go,star,5,164,29274,0.00017080002732800437
go,pant,5,165,29274,0.00017080002732800437
go,duckie,5,166,29274,0.00017080002732800437
go,timmy,5,167,29274,0.00017080002732800437
go,face,5,168,29274,0.00017080002732800437
go,flower,5,169,29274,0.00017080002732800437
go,carrot,5,170,29274,0.00017080002732800437
go,snort,5,171,29274,0.00017080002732800437
go,papa,5,172,29274,0.00017080002732800437
go,fraser,5,173,29274,0.00017080002732800437
go,spoon,5,174,29274,0.00017080002732800437
go,clothe,5,175,29274,0.00017080002732800437
go,bumblebee,5,176,29274,0.00017080002732800437
go,cassie,5,177,29274,0.00017080002732800437
go,your,5,178,29274,0.00017080002732800437
go,ladder,5,179,29274,0.00017080002732800437
go,snake,5,180,29274,0.00017080002732800437
go,box,5,181,29274,0.00017080002732800437
go,owl,5,182,29274,0.00017080002732800437
go,tail,5,183,29274,0.00017080002732800437
go,phone,5,184,29274,0.00017080002732800437
go,digger,5,185,29274,0.00017080002732800437
go,pingu,5,186,29274,0.00017080002732800437
go,number,5,187,29274,0.00017080002732800437
go,heart,5,188,29274,0.00017080002732800437
go,diamond,5,189,29274,0.00017080002732800437
go,joey,5,190,29274,0.00017080002732800437
go,pen,4,191,29274,0.0001366400218624035
go,dwww,4,192,29274,0.0001366400218624035
go,morgan,4,193,29274,0.0001366400218624035
go,uhoh,4,194,29274,0.0001366400218624035
go,turtle,4,195,29274,0.0001366400218624035
go,toy,4,196,29274,0.0001366400218624035
go,henry,4,197,29274,0.0001366400218624035
go,beep,4,198,29274,0.0001366400218624035
go,boat,4,199,29274,0.0001366400218624035
go,airplane,4,200,29274,0.0001366400218624035
go,granny,4,201,29274,0.0001366400218624035
go,coffee,4,202,29274,0.0001366400218624035
go,banana,4,203,29274,0.0001366400218624035
go,hair,4,204,29274,0.0001366400218624035
go,lip,4,205,29274,0.0001366400218624035
go,house,4,206,29274,0.0001366400218624035
go,malasia,4,207,29274,0.0001366400218624035
go,mary,4,208,29274,0.0001366400218624035
go,hadta,4,209,29274,0.0001366400218624035
go,whoop,4,210,29274,0.0001366400218624035
go,tiger,4,211,29274,0.0001366400218624035
go,friend,4,212,29274,0.0001366400218624035
go,bell,4,213,29274,0.0001366400218624035
go,bead,4,214,29274,0.0001366400218624035
go,motorcycle,4,215,29274,0.0001366400218624035
go,grandma,4,216,29274,0.0001366400218624035
go,the,4,217,29274,0.0001366400218624035
go,panda,4,218,29274,0.0001366400218624035
go,ellen,4,219,29274,0.0001366400218624035
go,lorry,4,220,29274,0.0001366400218624035
go,warren,4,221,29274,0.0001366400218624035
go,ring,4,222,29274,0.0001366400218624035
go,some,3,223,29274,0.00010248001639680262
go,susie,3,224,29274,0.00010248001639680262
go,eric,3,225,29274,0.00010248001639680262
go,machine,3,226,29274,0.00010248001639680262
go,hafta,3,227,29274,0.00010248001639680262
go,swww,3,228,29274,0.00010248001639680262
go,yours,3,229,29274,0.00010248001639680262
go,recorder,3,230,29274,0.00010248001639680262
go,pepper,3,231,29274,0.00010248001639680262
go,andy,3,232,29274,0.00010248001639680262
go,brisco,3,233,29274,0.00010248001639680262
go,froggie,3,234,29274,0.00010248001639680262
go,max,3,235,29274,0.00010248001639680262
go,timer,3,236,29274,0.00010248001639680262
go,three,3,237,29274,0.00010248001639680262
go,part,3,238,29274,0.00010248001639680262
go,oink,3,239,29274,0.00010248001639680262
go,plate,3,240,29274,0.00010248001639680262
go,y,3,241,29274,0.00010248001639680262
go,nine,3,242,29274,0.00010248001639680262
go,sailboat,3,243,29274,0.00010248001639680262
go,little,3,244,29274,0.00010248001639680262
go,neil,3,245,29274,0.00010248001639680262
go,syrup,3,246,29274,0.00010248001639680262
go,person,3,247,29274,0.00010248001639680262
go,jakey,3,248,29274,0.00010248001639680262
go,vegetable,3,249,29274,0.00010248001639680262
go,hippo,3,250,29274,0.00010248001639680262
go,nothing,3,251,29274,0.00010248001639680262
go,anything,3,252,29274,0.00010248001639680262
go,toe,3,253,29274,0.00010248001639680262
go,doctor_foster,3,254,29274,0.00010248001639680262
go,mormor,3,255,29274,0.00010248001639680262
go,chick,3,256,29274,0.00010248001639680262
go,hop,3,257,29274,0.00010248001639680262
go,tummy,3,258,29274,0.00010248001639680262
go,tape,3,259,29274,0.00010248001639680262
go,h,3,260,29274,0.00010248001639680262
go,helicopter,3,261,29274,0.00010248001639680262
go,four,3,262,29274,0.00010248001639680262
go,rex,3,263,29274,0.00010248001639680262
go,lamb,3,264,29274,0.00010248001639680262
go,mitten,3,265,29274,0.00010248001639680262
go,let,3,266,29274,0.00010248001639680262
go,bang,3,267,29274,0.00010248001639680262
go,gorilla,3,268,29274,0.00010248001639680262
go,ella,3,269,29274,0.00010248001639680262
go,sophie,3,270,29274,0.00010248001639680262
go,ping,3,271,29274,0.00010248001639680262
go,zoe,3,272,29274,0.00010248001639680262
go,boom,3,273,29274,0.00010248001639680262
go,pussycat,3,274,29274,0.00010248001639680262
go,°,3,275,29274,0.00010248001639680262
go,abi,3,276,29274,0.00010248001639680262
go,nobody,3,277,29274,0.00010248001639680262
go,granddad,3,278,29274,0.00010248001639680262
go,indian,3,279,29274,0.00010248001639680262
go,green,3,280,29274,0.00010248001639680262
go,rom,3,281,29274,0.00010248001639680262
go,teacher,2,282,29274,6.832001093120175e-05
go,dragon,2,283,29274,6.832001093120175e-05
go,zipper,2,284,29274,6.832001093120175e-05
go,peter,2,285,29274,6.832001093120175e-05
go,lois,2,286,29274,6.832001093120175e-05
go,nana,2,287,29274,6.832001093120175e-05
go,pwww,2,288,29274,6.832001093120175e-05
go,name,2,289,29274,6.832001093120175e-05
go,everyone,2,290,29274,6.832001093120175e-05
go,game,2,291,29274,6.832001093120175e-05
go,cereal,2,292,29274,6.832001093120175e-05
go,sue,2,293,29274,6.832001093120175e-05
go,byebye,2,294,29274,6.832001093120175e-05
go,end,2,295,29274,6.832001093120175e-05
go,spud,2,296,29274,6.832001093120175e-05
go,noah,2,297,29274,6.832001093120175e-05
go,sammy,2,298,29274,6.832001093120175e-05
go,elmo,2,299,29274,6.832001093120175e-05
go,mister,2,300,29274,6.832001093120175e-05
go,blanket,2,301,29274,6.832001093120175e-05
go,look,2,302,29274,6.832001093120175e-05
go,sposta,2,303,29274,6.832001093120175e-05
go,anybody,2,304,29274,6.832001093120175e-05
go,big_bird,2,305,29274,6.832001093120175e-05
go,brush,2,306,29274,6.832001093120175e-05
go,pear,2,307,29274,6.832001093120175e-05
go,dakota,2,308,29274,6.832001093120175e-05
go,time,2,309,29274,6.832001093120175e-05
go,clifford,2,310,29274,6.832001093120175e-05
go,honey,2,311,29274,6.832001093120175e-05
go,parent,2,312,29274,6.832001093120175e-05
go,seat,2,313,29274,6.832001093120175e-05
go,plane,2,314,29274,6.832001093120175e-05
go,maggie,2,315,29274,6.832001093120175e-05
go,paper,2,316,29274,6.832001093120175e-05
go,soap,2,317,29274,6.832001093120175e-05
go,op,2,318,29274,6.832001093120175e-05
go,grape,2,319,29274,6.832001093120175e-05
go,placemat,2,320,29274,6.832001093120175e-05
go,bib,2,321,29274,6.832001093120175e-05
go,froggy,2,322,29274,6.832001093120175e-05
go,diaper,2,323,29274,6.832001093120175e-05
go,crown,2,324,29274,6.832001093120175e-05
go,ladybug,2,325,29274,6.832001093120175e-05
go,ducky,2,326,29274,6.832001093120175e-05
go,gra,2,327,29274,6.832001093120175e-05
go,potato,2,328,29274,6.832001093120175e-05
go,josh,2,329,29274,6.832001093120175e-05
go,shh,2,330,29274,6.832001093120175e-05
go,evan,2,331,29274,6.832001093120175e-05
go,white,2,332,29274,6.832001093120175e-05
go,donkey,2,333,29274,6.832001093120175e-05
go,michael,2,334,29274,6.832001093120175e-05
go,emory,2,335,29274,6.832001093120175e-05
go,rest,2,336,29274,6.832001093120175e-05
go,tree,2,337,29274,6.832001093120175e-05
go,jiminy,2,338,29274,6.832001093120175e-05
go,cinderella,2,339,29274,6.832001093120175e-05
go,ross,2,340,29274,6.832001093120175e-05
go,color,2,341,29274,6.832001093120175e-05
go,rachel,2,342,29274,6.832001093120175e-05
go,colin,2,343,29274,6.832001093120175e-05
go,christina,2,344,29274,6.832001093120175e-05
go,jane,2,345,29274,6.832001093120175e-05
go,thunder,2,346,29274,6.832001093120175e-05
go,haha,2,347,29274,6.832001093120175e-05
go,buddy,2,348,29274,6.832001093120175e-05
go,connie,2,349,29274,6.832001093120175e-05
go,sandra,2,350,29274,6.832001093120175e-05
go,story,2,351,29274,6.832001093120175e-05
go,brittany,2,352,29274,6.832001093120175e-05
go,five,2,353,29274,6.832001093120175e-05
go,whoo,2,354,29274,6.832001093120175e-05
go,tweet,2,355,29274,6.832001093120175e-05
go,other,2,356,29274,6.832001093120175e-05
go,baa_baa,2,357,29274,6.832001093120175e-05
go,dolly,2,358,29274,6.832001093120175e-05
go,nomi,2,359,29274,6.832001093120175e-05
go,music,2,360,29274,6.832001093120175e-05
go,bob,2,361,29274,6.832001093120175e-05
go,pot,2,362,29274,6.832001093120175e-05
go,bridge,2,363,29274,6.832001093120175e-05
go,song,2,364,29274,6.832001093120175e-05
go,hook,2,365,29274,6.832001093120175e-05
go,child,2,366,29274,6.832001093120175e-05
go,jill,2,367,29274,6.832001093120175e-05
go,corky,2,368,29274,6.832001093120175e-05
go,fox,2,369,29274,6.832001093120175e-05
go,arran,2,370,29274,6.832001093120175e-05
go,which,2,371,29274,6.832001093120175e-05
go,alistair,2,372,29274,6.832001093120175e-05
go,quack_quack,2,373,29274,6.832001093120175e-05
go,driver,2,374,29274,6.832001093120175e-05
go,cake,2,375,29274,6.832001093120175e-05
go,voice,2,376,29274,6.832001093120175e-05
go,erin,2,377,29274,6.832001093120175e-05
go,freya,2,378,29274,6.832001093120175e-05
go,piglet,2,379,29274,6.832001093120175e-05
go,brick,2,380,29274,6.832001093120175e-05
go,harvey,2,381,29274,6.832001093120175e-05
go,rectangle,2,382,29274,6.832001093120175e-05
go,breakfast,2,383,29274,6.832001093120175e-05
go,kitchen,2,384,29274,6.832001093120175e-05
go,iggle_piggle,2,385,29274,6.832001093120175e-05
go,cubby_buggy,2,386,29274,6.832001093120175e-05
go,∆i'm,2,387,29274,6.832001093120175e-05
go,nanny,2,388,29274,6.832001093120175e-05
go,dadda,2,389,29274,6.832001093120175e-05
go,mummy'll,2,390,29274,6.832001093120175e-05
go,teddys,2,391,29274,6.832001093120175e-05
go,zita,2,392,29274,6.832001093120175e-05
go,neenaw,2,393,29274,6.832001093120175e-05
go,percy,2,394,29274,6.832001093120175e-05
go,goat,2,395,29274,6.832001093120175e-05
go,squeak,2,396,29274,6.832001093120175e-05
go,joel,2,397,29274,6.832001093120175e-05
go,ian,2,398,29274,6.832001093120175e-05
go,ticktock,2,399,29274,6.832001093120175e-05
go,cookie,2,400,29274,6.832001093120175e-05
go,bea,2,401,29274,6.832001093120175e-05
go,lookee,2,402,29274,6.832001093120175e-05
go,kitty_kitty,2,403,29274,6.832001093120175e-05
go,pap,2,404,29274,6.832001093120175e-05
go,lambie,2,405,29274,6.832001093120175e-05
go,oop,2,406,29274,6.832001093120175e-05
go,mahmaw,2,407,29274,6.832001093120175e-05
go,roz,2,408,29274,6.832001093120175e-05
go,hole,2,409,29274,6.832001093120175e-05
go,doodoos,2,410,29274,6.832001093120175e-05
go,allie,2,411,29274,6.832001093120175e-05
go,woofwoof,2,412,29274,6.832001093120175e-05
go,claus,2,413,29274,6.832001093120175e-05
go,leaf,2,414,29274,6.832001093120175e-05
go,swing,2,415,29274,6.832001093120175e-05
go,sandy,1,416,29274,3.416000546560088e-05
go,frank,1,417,29274,3.416000546560088e-05
go,sissie,1,418,29274,3.416000546560088e-05
go,alice,1,419,29274,3.416000546560088e-05
go,button,1,420,29274,3.416000546560088e-05
go,marco,1,421,29274,3.416000546560088e-05
go,any,1,422,29274,3.416000546560088e-05
go,seesaw,1,423,29274,3.416000546560088e-05
go,pat,1,424,29274,3.416000546560088e-05
go,dope,1,425,29274,3.416000546560088e-05
go,jwww,1,426,29274,3.416000546560088e-05
go,dingdong,1,427,29274,3.416000546560088e-05
go,mwww,1,428,29274,3.416000546560088e-05
go,none,1,429,29274,3.416000546560088e-05
go,carton,1,430,29274,3.416000546560088e-05
go,jody,1,431,29274,3.416000546560088e-05
go,tofu,1,432,29274,3.416000546560088e-05
go,mm,1,433,29274,3.416000546560088e-05
go,pee,1,434,29274,3.416000546560088e-05
go,mark_lastname,1,435,29274,3.416000546560088e-05
go,hilary,1,436,29274,3.416000546560088e-05
go,harness,1,437,29274,3.416000546560088e-05
go,jack,1,438,29274,3.416000546560088e-05
go,much,1,439,29274,3.416000546560088e-05
go,morgie,1,440,29274,3.416000546560088e-05
go,moon,1,441,29274,3.416000546560088e-05
go,puppy,1,442,29274,3.416000546560088e-05
go,tom,1,443,29274,3.416000546560088e-05
go,yankee_doodle,1,444,29274,3.416000546560088e-05
go,project,1,445,29274,3.416000546560088e-05
go,o,1,446,29274,3.416000546560088e-05
go,p,1,447,29274,3.416000546560088e-05
go,letter,1,448,29274,3.416000546560088e-05
go,m,1,449,29274,3.416000546560088e-05
go,hose,1,450,29274,3.416000546560088e-05
go,sheet,1,451,29274,3.416000546560088e-05
go,poopie,1,452,29274,3.416000546560088e-05
go,goose,1,453,29274,3.416000546560088e-05
go,joe,1,454,29274,3.416000546560088e-05
go,telephone,1,455,29274,3.416000546560088e-05
go,propeller,1,456,29274,3.416000546560088e-05
go,weensie,1,457,29274,3.416000546560088e-05
go,ribbon,1,458,29274,3.416000546560088e-05
go,policeman,1,459,29274,3.416000546560088e-05
go,ben,1,460,29274,3.416000546560088e-05
go,bert,1,461,29274,3.416000546560088e-05
go,neighbor,1,462,29274,3.416000546560088e-05
go,w,1,463,29274,3.416000546560088e-05
go,q,1,464,29274,3.416000546560088e-05
go,oatmeal,1,465,29274,3.416000546560088e-05
go,kim,1,466,29274,3.416000546560088e-05
go,each,1,467,29274,3.416000546560088e-05
go,slink,1,468,29274,3.416000546560088e-05
go,rosie,1,469,29274,3.416000546560088e-05
go,dryer,1,470,29274,3.416000546560088e-05
go,barbie,1,471,29274,3.416000546560088e-05
go,dyeisha,1,472,29274,3.416000546560088e-05
go,brocovich,1,473,29274,3.416000546560088e-05
go,kid,1,474,29274,3.416000546560088e-05
go,can,1,475,29274,3.416000546560088e-05
go,soup,1,476,29274,3.416000546560088e-05
go,frosty_the_snowman,1,477,29274,3.416000546560088e-05
go,reel,1,478,29274,3.416000546560088e-05
go,toaster,1,479,29274,3.416000546560088e-05
go,fraser'll,1,480,29274,3.416000546560088e-05
go,pizza,1,481,29274,3.416000546560088e-05
go,wing,1,482,29274,3.416000546560088e-05
go,barn,1,483,29274,3.416000546560088e-05
go,mustard,1,484,29274,3.416000546560088e-05
go,wagon,1,485,29274,3.416000546560088e-05
go,blankey,1,486,29274,3.416000546560088e-05
go,hairband,1,487,29274,3.416000546560088e-05
go,mustache,1,488,29274,3.416000546560088e-05
go,sink,1,489,29274,3.416000546560088e-05
go,shampoo,1,490,29274,3.416000546560088e-05
go,pretzel,1,491,29274,3.416000546560088e-05
go,basket,1,492,29274,3.416000546560088e-05
go,poohbear,1,493,29274,3.416000546560088e-05
go,cname,1,494,29274,3.416000546560088e-05
go,pooh,1,495,29274,3.416000546560088e-05
go,wand,1,496,29274,3.416000546560088e-05
go,say,1,497,29274,3.416000546560088e-05
go,energy,1,498,29274,3.416000546560088e-05
go,bubblebath,1,499,29274,3.416000546560088e-05
go,jacob,1,500,29274,3.416000546560088e-05
go,betsy,1,501,29274,3.416000546560088e-05
go,sierra,1,502,29274,3.416000546560088e-05
go,dinner,1,503,29274,3.416000546560088e-05
go,alicia,1,504,29274,3.416000546560088e-05
go,laundry,1,505,29274,3.416000546560088e-05
go,elaina,1,506,29274,3.416000546560088e-05
go,taste,1,507,29274,3.416000546560088e-05
go,raymond,1,508,29274,3.416000546560088e-05
go,stove,1,509,29274,3.416000546560088e-05
go,ryan,1,510,29274,3.416000546560088e-05
go,alexa,1,511,29274,3.416000546560088e-05
go,yep,1,512,29274,3.416000546560088e-05
go,activity,1,513,29274,3.416000546560088e-05
go,saurus,1,514,29274,3.416000546560088e-05
go,ruff,1,515,29274,3.416000546560088e-05
go,sam,1,516,29274,3.416000546560088e-05
go,machine'll,1,517,29274,3.416000546560088e-05
go,lego,1,518,29274,3.416000546560088e-05
go,stef,1,519,29274,3.416000546560088e-05
go,stefan,1,520,29274,3.416000546560088e-05
go,badji,1,521,29274,3.416000546560088e-05
go,guga,1,522,29274,3.416000546560088e-05
go,safe,1,523,29274,3.416000546560088e-05
go,anteater,1,524,29274,3.416000546560088e-05
go,uhhuh,1,525,29274,3.416000546560088e-05
go,hood,1,526,29274,3.416000546560088e-05
go,potatohead,1,527,29274,3.416000546560088e-05
go,pinocchio,1,528,29274,3.416000546560088e-05
go,counter,1,529,29274,3.416000546560088e-05
go,lorraine,1,530,29274,3.416000546560088e-05
go,emily,1,531,29274,3.416000546560088e-05
go,norman,1,532,29274,3.416000546560088e-05
go,hoo_hoo,1,533,29274,3.416000546560088e-05
go,ema,1,534,29274,3.416000546560088e-05
go,towel,1,535,29274,3.416000546560088e-05
go,cookie_monster,1,536,29274,3.416000546560088e-05
go,oink_oink,1,537,29274,3.416000546560088e-05
go,hoppity_hoppity_hop,1,538,29274,3.416000546560088e-05
go,zack,1,539,29274,3.416000546560088e-05
go,daniel,1,540,29274,3.416000546560088e-05
go,nathan,1,541,29274,3.416000546560088e-05
go,chrissie,1,542,29274,3.416000546560088e-05
go,roof_roof,1,543,29274,3.416000546560088e-05
go,liam,1,544,29274,3.416000546560088e-05
go,tv,1,545,29274,3.416000546560088e-05
go,bill,1,546,29274,3.416000546560088e-05
go,grandmother,1,547,29274,3.416000546560088e-05
go,property,1,548,29274,3.416000546560088e-05
go,citizen,1,549,29274,3.416000546560088e-05
go,student,1,550,29274,3.416000546560088e-05
go,rock,1,551,29274,3.416000546560088e-05
go,motor,1,552,29274,3.416000546560088e-05
go,awning,1,553,29274,3.416000546560088e-05
go,both,1,554,29274,3.416000546560088e-05
go,willie,1,555,29274,3.416000546560088e-05
go,grandaddy,1,556,29274,3.416000546560088e-05
go,glenn,1,557,29274,3.416000546560088e-05
go,doorbell,1,558,29274,3.416000546560088e-05
go,eddie,1,559,29274,3.416000546560088e-05
go,see,1,560,29274,3.416000546560088e-05
go,nancy,1,561,29274,3.416000546560088e-05
go,shower,1,562,29274,3.416000546560088e-05
go,medicine,1,563,29274,3.416000546560088e-05
go,daddy'll,1,564,29274,3.416000546560088e-05
go,week,1,565,29274,3.416000546560088e-05
go,diy,1,566,29274,3.416000546560088e-05
go,microwave,1,567,29274,3.416000546560088e-05
go,megan,1,568,29274,3.416000546560088e-05
go,woof,1,569,29274,3.416000546560088e-05
go,need,1,570,29274,3.416000546560088e-05
go,yoyo,1,571,29274,3.416000546560088e-05
go,salley,1,572,29274,3.416000546560088e-05
go,sally,1,573,29274,3.416000546560088e-05
go,grover,1,574,29274,3.416000546560088e-05
go,yellow,1,575,29274,3.416000546560088e-05
go,suitcase,1,576,29274,3.416000546560088e-05
go,soldier,1,577,29274,3.416000546560088e-05
go,clack,1,578,29274,3.416000546560088e-05
go,tie,1,579,29274,3.416000546560088e-05
go,kalie,1,580,29274,3.416000546560088e-05
go,uhhum,1,581,29274,3.416000546560088e-05
go,travis,1,582,29274,3.416000546560088e-05
go,kathy,1,583,29274,3.416000546560088e-05
go,mot,1,584,29274,3.416000546560088e-05
go,point,1,585,29274,3.416000546560088e-05
go,+,1,586,29274,3.416000546560088e-05
go,calf,1,587,29274,3.416000546560088e-05
go,colt,1,588,29274,3.416000546560088e-05
go,georgie,1,589,29274,3.416000546560088e-05
go,microphone,1,590,29274,3.416000546560088e-05
go,taperecorder,1,591,29274,3.416000546560088e-05
go,ot,1,592,29274,3.416000546560088e-05
go,wind,1,593,29274,3.416000546560088e-05
go,day,1,594,29274,3.416000546560088e-05
go,crash,1,595,29274,3.416000546560088e-05
go,town,1,596,29274,3.416000546560088e-05
go,nonna,1,597,29274,3.416000546560088e-05
go,miriam,1,598,29274,3.416000546560088e-05
go,earring,1,599,29274,3.416000546560088e-05
go,julia,1,600,29274,3.416000546560088e-05
go,whoa,1,601,29274,3.416000546560088e-05
go,ribbit,1,602,29274,3.416000546560088e-05
go,glove,1,603,29274,3.416000546560088e-05
go,ch,1,604,29274,3.416000546560088e-05
go,tower,1,605,29274,3.416000546560088e-05
go,mooo,1,606,29274,3.416000546560088e-05
go,antenna,1,607,29274,3.416000546560088e-05
go,piggywinkle,1,608,29274,3.416000546560088e-05
go,hedgehog,1,609,29274,3.416000546560088e-05
go,mickey,1,610,29274,3.416000546560088e-05
go,tock,1,611,29274,3.416000546560088e-05
go,angel,1,612,29274,3.416000546560088e-05
go,wine,1,613,29274,3.416000546560088e-05
go,archie,1,614,29274,3.416000546560088e-05
go,tide,1,615,29274,3.416000546560088e-05
go,bran,1,616,29274,3.416000546560088e-05
go,slipper,1,617,29274,3.416000546560088e-05
go,prince,1,618,29274,3.416000546560088e-05
go,pram,1,619,29274,3.416000546560088e-05
go,flag,1,620,29274,3.416000546560088e-05
go,leopard,1,621,29274,3.416000546560088e-05
go,zebra,1,622,29274,3.416000546560088e-05
go,g,1,623,29274,3.416000546560088e-05
go,orange,1,624,29274,3.416000546560088e-05
go,daisy,1,625,29274,3.416000546560088e-05
go,weetabix,1,626,29274,3.416000546560088e-05
go,muzzie,1,627,29274,3.416000546560088e-05
go,dish,1,628,29274,3.416000546560088e-05
go,makka_pakka,1,629,29274,3.416000546560088e-05
go,d,1,630,29274,3.416000546560088e-05
go,sponge,1,631,29274,3.416000546560088e-05
go,biting,1,632,29274,3.416000546560088e-05
go,minute,1,633,29274,3.416000546560088e-05
go,mumm,1,634,29274,3.416000546560088e-05
go,paint,1,635,29274,3.416000546560088e-05
go,pod,1,636,29274,3.416000546560088e-05
go,evie,1,637,29274,3.416000546560088e-05
go,stan,1,638,29274,3.416000546560088e-05
go,upsy_daisy,1,639,29274,3.416000546560088e-05
go,teapot,1,640,29274,3.416000546560088e-05
go,frida,1,641,29274,3.416000546560088e-05
go,dumpertruck,1,642,29274,3.416000546560088e-05
go,camel,1,643,29274,3.416000546560088e-05
go,maisy,1,644,29274,3.416000546560088e-05
go,hannah,1,645,29274,3.416000546560088e-05
go,ralfie,1,646,29274,3.416000546560088e-05
go,tin,1,647,29274,3.416000546560088e-05
go,mister_potato_head,1,648,29274,3.416000546560088e-05
go,ink,1,649,29274,3.416000546560088e-05
go,riley,1,650,29274,3.416000546560088e-05
go,raisin,1,651,29274,3.416000546560088e-05
go,rain,1,652,29274,3.416000546560088e-05
go,lot,1,653,29274,3.416000546560088e-05
go,cockerel,1,654,29274,3.416000546560088e-05
go,dove,1,655,29274,3.416000546560088e-05
go,mixer,1,656,29274,3.416000546560088e-05
go,peg,1,657,29274,3.416000546560088e-05
go,beans,1,658,29274,3.416000546560088e-05
go,sweetheart,1,659,29274,3.416000546560088e-05
go,round,1,660,29274,3.416000546560088e-05
go,mister_leopard,1,661,29274,3.416000546560088e-05
go,luca,1,662,29274,3.416000546560088e-05
go,buster,1,663,29274,3.416000546560088e-05
go,fire_engine,1,664,29274,3.416000546560088e-05
go,toothpaste,1,665,29274,3.416000546560088e-05
go,yum,1,666,29274,3.416000546560088e-05
go,shane,1,667,29274,3.416000546560088e-05
go,no,1,668,29274,3.416000546560088e-05
go,mia,1,669,29274,3.416000546560088e-05
go,erybody,1,670,29274,3.416000546560088e-05
go,green_guy,1,671,29274,3.416000546560088e-05
go,sophia,1,672,29274,3.416000546560088e-05
go,brain,1,673,29274,3.416000546560088e-05
go,sheepie,1,674,29274,3.416000546560088e-05
go,zach,1,675,29274,3.416000546560088e-05
go,ten,1,676,29274,3.416000546560088e-05
go,scooter,1,677,29274,3.416000546560088e-05
go,writing,1,678,29274,3.416000546560088e-05
go,∆just,1,679,29274,3.416000546560088e-05
go,∆you're,1,680,29274,3.416000546560088e-05
go,tootsie,1,681,29274,3.416000546560088e-05
go,↓duck,1,682,29274,3.416000546560088e-05
go,noise,1,683,29274,3.416000546560088e-05
go,love,1,684,29274,3.416000546560088e-05
go,eva,1,685,29274,3.416000546560088e-05
go,stim,1,686,29274,3.416000546560088e-05
go,kevin,1,687,29274,3.416000546560088e-05
go,lucy,1,688,29274,3.416000546560088e-05
go,grip,1,689,29274,3.416000546560088e-05
go,martin,1,690,29274,3.416000546560088e-05
go,coventry,1,691,29274,3.416000546560088e-05
go,poppy,1,692,29274,3.416000546560088e-05
go,james,1,693,29274,3.416000546560088e-05
go,caroline,1,694,29274,3.416000546560088e-05
go,paddington,1,695,29274,3.416000546560088e-05
go,da_bear,1,696,29274,3.416000546560088e-05
go,mannie,1,697,29274,3.416000546560088e-05
go,bench,1,698,29274,3.416000546560088e-05
go,rail,1,699,29274,3.416000546560088e-05
go,coal,1,700,29274,3.416000546560088e-05
go,worzel,1,701,29274,3.416000546560088e-05
go,crocodile,1,702,29274,3.416000546560088e-05
go,brum^brum,1,703,29274,3.416000546560088e-05
go,tiggie,1,704,29274,3.416000546560088e-05
go,rocket,1,705,29274,3.416000546560088e-05
go,edward,1,706,29274,3.416000546560088e-05
go,spot,1,707,29274,3.416000546560088e-05
go,track,1,708,29274,3.416000546560088e-05
go,where,1,709,29274,3.416000546560088e-05
go,one're,1,710,29274,3.416000546560088e-05
go,hippos,1,711,29274,3.416000546560088e-05
go,sharon,1,712,29274,3.416000546560088e-05
go,grandpa_sid,1,713,29274,3.416000546560088e-05
go,washman,1,714,29274,3.416000546560088e-05
go,caravan,1,715,29274,3.416000546560088e-05
go,godfrey,1,716,29274,3.416000546560088e-05
go,liz,1,717,29274,3.416000546560088e-05
go,ours,1,718,29274,3.416000546560088e-05
go,trailer,1,719,29274,3.416000546560088e-05
go,aeroplane,1,720,29274,3.416000546560088e-05
go,arch,1,721,29274,3.416000546560088e-05
go,line,1,722,29274,3.416000546560088e-05
go,becky,1,723,29274,3.416000546560088e-05
go,packet,1,724,29274,3.416000546560088e-05
go,debbie,1,725,29274,3.416000546560088e-05
go,tool,1,726,29274,3.416000546560088e-05
go,bike,1,727,29274,3.416000546560088e-05
go,gerry,1,728,29274,3.416000546560088e-05
go,record,1,729,29274,3.416000546560088e-05
go,useta,1,730,29274,3.416000546560088e-05
go,post,1,731,29274,3.416000546560088e-05
go,cupboard,1,732,29274,3.416000546560088e-05
go,steven,1,733,29274,3.416000546560088e-05
go,oughta,1,734,29274,3.416000546560088e-05
go,radio,1,735,29274,3.416000546560088e-05
go,auntie,1,736,29274,3.416000546560088e-05
go,kingswood,1,737,29274,3.416000546560088e-05
go,band,1,738,29274,3.416000546560088e-05
go,recording,1,739,29274,3.416000546560088e-05
go,coffeepot,1,740,29274,3.416000546560088e-05
go,whee,1,741,29274,3.416000546560088e-05
go,trash,1,742,29274,3.416000546560088e-05
go,their,1,743,29274,3.416000546560088e-05
go,moo,1,744,29274,3.416000546560088e-05
go,meow,1,745,29274,3.416000546560088e-05
go,fry,1,746,29274,3.416000546560088e-05
go,hamburger,1,747,29274,3.416000546560088e-05
go,whale,1,748,29274,3.416000546560088e-05
go,crack,1,749,29274,3.416000546560088e-05
go,battery,1,750,29274,3.416000546560088e-05
go,goofy,1,751,29274,3.416000546560088e-05
go,pacifier,1,752,29274,3.416000546560088e-05
go,pluto,1,753,29274,3.416000546560088e-05
go,popcorn,1,754,29274,3.416000546560088e-05
go,firetruck,1,755,29274,3.416000546560088e-05
go,maddie,1,756,29274,3.416000546560088e-05
go,baby_blue,1,757,29274,3.416000546560088e-05
go,schoolbus,1,758,29274,3.416000546560088e-05
go,pan,1,759,29274,3.416000546560088e-05
go,cessie,1,760,29274,3.416000546560088e-05
go,room,1,761,29274,3.416000546560088e-05
go,appointment,1,762,29274,3.416000546560088e-05
go,lyssa,1,763,29274,3.416000546560088e-05
go,mobile,1,764,29274,3.416000546560088e-05
go,corn,1,765,29274,3.416000546560088e-05
go,pacifi,1,766,29274,3.416000546560088e-05
go,mr_bus_driver,1,767,29274,3.416000546560088e-05
go,fat,1,768,29274,3.416000546560088e-05
go,crisscross,1,769,29274,3.416000546560088e-05
go,kiki,1,770,29274,3.416000546560088e-05
go,ho,1,771,29274,3.416000546560088e-05
go,caution,1,772,29274,3.416000546560088e-05
go,clothespin,1,773,29274,3.416000546560088e-05
go,monster,1,774,29274,3.416000546560088e-05
go,santa_claus,1,775,29274,3.416000546560088e-05
go,rj,1,776,29274,3.416000546560088e-05
go,chickie,1,777,29274,3.416000546560088e-05
go,hal,1,778,29274,3.416000546560088e-05
go,mmmm,1,779,29274,3.416000546560088e-05
go,ball_ball,1,780,29274,3.416000546560088e-05
go,hold_on,1,781,29274,3.416000546560088e-05
go,piggys,1,782,29274,3.416000546560088e-05
go,insurance,1,783,29274,3.416000546560088e-05
go,car_car,1,784,29274,3.416000546560088e-05
go,big_bad_wolf,1,785,29274,3.416000546560088e-05
go,you_all,1,786,29274,3.416000546560088e-05
go,saucer,1,787,29274,3.416000546560088e-05
go,puppet,1,788,29274,3.416000546560088e-05
go,beak,1,789,29274,3.416000546560088e-05
go,whoopsie,1,790,29274,3.416000546560088e-05
go,kristen,1,791,29274,3.416000546560088e-05
go,bite,1,792,29274,3.416000546560088e-05
go,beeper,1,793,29274,3.416000546560088e-05
go,meredith,1,794,29274,3.416000546560088e-05
go,coke,1,795,29274,3.416000546560088e-05
go,doll,1,796,29274,3.416000546560088e-05
go,horsey,1,797,29274,3.416000546560088e-05
go,oinkoink,1,798,29274,3.416000546560088e-05
go,neigh,1,799,29274,3.416000546560088e-05
go,vroom,1,800,29274,3.416000546560088e-05
go,christmas,1,801,29274,3.416000546560088e-05
go,judy,1,802,29274,3.416000546560088e-05
go,bump,1,803,29274,3.416000546560088e-05
go,santa,1,804,29274,3.416000546560088e-05
go,cream,1,805,29274,3.416000546560088e-05
go,zip,1,806,29274,3.416000546560088e-05
go,cross,1,807,29274,3.416000546560088e-05
go,purse,1,808,29274,3.416000546560088e-05
go,em,1,809,29274,3.416000546560088e-05
go,ramona,1,810,29274,3.416000546560088e-05
go,bread,1,811,29274,3.416000546560088e-05
go,necklace,1,812,29274,3.416000546560088e-05
go,window,1,813,29274,3.416000546560088e-05
go,momma,1,814,29274,3.416000546560088e-05
go,kirk,1,815,29274,3.416000546560088e-05
go,paul,1,816,29274,3.416000546560088e-05
go,bonnet,1,817,29274,3.416000546560088e-05
go,chipmunk,1,818,29274,3.416000546560088e-05
go,gum,1,819,29274,3.416000546560088e-05
do,you,6499,1,14793,0.4393294125599946
do,we,1349,2,14793,0.0911917798958967
do,i,1112,3,14793,0.0751706888393159
do,he,886,4,14793,0.059893192726289464
do,it,788,5,14793,0.05326843777462313
do,she,550,6,14793,0.03717974717771919
do,they,441,7,14793,0.02981139728249848
do,mommy,224,8,14793,0.01514229703238018
do,wanna,195,9,14793,0.013181910363009532
do,us,155,10,14793,0.010477928750084499
do,baby,129,11,14793,0.008720340701683229
do,that,119,12,14793,0.008044345298451971
do,mummy,94,13,14793,0.006354356790373826
do,daddy,93,14,14793,0.006286757250050699
do,one,83,15,14793,0.0056107618468194415
do,this,65,16,14793,0.004393970121003178
do,ya,59,17,14793,0.003988372879064422
do,whatcha,58,18,14793,0.003920773338741297
do,what,57,19,14793,0.0038531737984181707
do,who,43,20,14793,0.0029067802338944094
do,carl,43,21,14793,0.0029067802338944094
do,mama,39,22,14793,0.0026363820726019063
do,guy,36,23,14793,0.0024335834516325287
do,monkey,33,24,14793,0.0022307848306631515
do,bunny,30,25,14793,0.002027986209693774
do,boy,26,26,14793,0.0017575880484012709
do,man,26,27,14793,0.0017575880484012709
do,rabbit,23,28,14793,0.0015547894274318935
do,horse,22,29,14793,0.0014871898871087676
do,rachel,21,30,14793,0.001419590346785642
do,cow,20,31,14793,0.001351990806462516
do,elephant,20,32,14793,0.001351990806462516
do,car,19,33,14793,0.0012843912661393902
do,horsie,18,34,14793,0.0012167917258162643
do,bear,18,35,14793,0.0012167917258162643
do,firstname,18,36,14793,0.0012167917258162643
do,doggie,17,37,14793,0.0011491921854931387
do,fish,16,38,14793,0.0010815926451700128
do,butterfly,16,39,14793,0.0010815926451700128
do,girl,16,40,14793,0.0010815926451700128
do,mom,15,41,14793,0.001013993104846887
do,fei,15,42,14793,0.001013993104846887
do,brown,14,43,14793,0.0009463935645237612
do,machine,13,44,14793,0.0008787940242006354
do,duck,13,45,14793,0.0008787940242006354
do,frog,13,46,14793,0.0008787940242006354
do,anne,13,47,14793,0.0008787940242006354
do,noise,12,48,14793,0.0008111944838775097
do,you_all,12,49,14793,0.0008111944838775097
do,cat,12,50,14793,0.0008111944838775097
do,dog,12,51,14793,0.0008111944838775097
do,kid,12,52,14793,0.0008111944838775097
do,eric,12,53,14793,0.0008111944838775097
do,henry,12,54,14793,0.0008111944838775097
do,doggy,12,55,14793,0.0008111944838775097
do,somebody,11,56,14793,0.0007435949435543838
do,sheep,11,57,14793,0.0007435949435543838
do,bird,10,58,14793,0.000675995403231258
do,all,10,59,14793,0.000675995403231258
do,kitty,10,60,14793,0.000675995403231258
do,laura,9,61,14793,0.0006083958629081322
do,ramona,9,62,14793,0.0006083958629081322
do,child,8,63,14793,0.0005407963225850064
do,button,8,64,14793,0.0005407963225850064
do,sister,8,65,14793,0.0005407963225850064
do,sound,8,66,14793,0.0005407963225850064
do,thomas,8,67,14793,0.0005407963225850064
do,erin,8,68,14793,0.0005407963225850064
do,lara,8,69,14793,0.0005407963225850064
do,warren,8,70,14793,0.0005407963225850064
do,gar,8,71,14793,0.0005407963225850064
do,joanna,7,72,14793,0.0004731967822618806
do,people,7,73,14793,0.0004731967822618806
do,nina,7,74,14793,0.0004731967822618806
do,ball,6,75,14793,0.00040559724193875484
do,fraser,6,76,14793,0.00040559724193875484
do,+,6,77,14793,0.00040559724193875484
do,lady,6,78,14793,0.00040559724193875484
do,thing,6,79,14793,0.00040559724193875484
do,mouse,6,80,14793,0.00040559724193875484
do,pg,6,81,14793,0.00040559724193875484
do,toy,6,82,14793,0.00040559724193875484
do,daniel,6,83,14793,0.00040559724193875484
do,grandma,6,84,14793,0.00040559724193875484
do,birdie,5,85,14793,0.000337997701615629
do,some,5,86,14793,0.000337997701615629
do,wheel,5,87,14793,0.000337997701615629
do,swww,5,88,14793,0.000337997701615629
do,recorder,5,89,14793,0.000337997701615629
do,froggie,5,90,14793,0.000337997701615629
do,tigger,5,91,14793,0.000337997701615629
do,everybody,5,92,14793,0.000337997701615629
do,go,5,93,14793,0.000337997701615629
do,pig,5,94,14793,0.000337997701615629
do,chicken,5,95,14793,0.000337997701615629
do,penguin,5,96,14793,0.000337997701615629
do,hasta,5,97,14793,0.000337997701615629
do,ross,5,98,14793,0.000337997701615629
do,krystal,5,99,14793,0.000337997701615629
do,truck,5,100,14793,0.000337997701615629
do,animal,5,101,14793,0.000337997701615629
do,georgie,5,102,14793,0.000337997701615629
do,spot,5,103,14793,0.000337997701615629
do,mummie,5,104,14793,0.000337997701615629
do,teddy,4,105,14793,0.0002703981612925032
do,the,4,106,14793,0.0002703981612925032
do,lemme,4,107,14793,0.0002703981612925032
do,bee,4,108,14793,0.0002703981612925032
do,dakota,4,109,14793,0.0002703981612925032
do,hair,4,110,14793,0.0002703981612925032
do,eve,4,111,14793,0.0002703981612925032
do,cname,4,112,14793,0.0002703981612925032
do,froggy,4,113,14793,0.0002703981612925032
do,pooh,4,114,14793,0.0002703981612925032
do,lot,4,115,14793,0.0002703981612925032
do,pinocchio,4,116,14793,0.0002703981612925032
do,crayon,4,117,14793,0.0002703981612925032
do,michael,4,118,14793,0.0002703981612925032
do,kangaroo,4,119,14793,0.0002703981612925032
do,needta,4,120,14793,0.0002703981612925032
do,phone,4,121,14793,0.0002703981612925032
do,jesse,4,122,14793,0.0002703981612925032
do,george,4,123,14793,0.0002703981612925032
do,bubble,4,124,14793,0.0002703981612925032
do,clock,4,125,14793,0.0002703981612925032
do,▔,4,126,14793,0.0002703981612925032
do,ella,4,127,14793,0.0002703981612925032
do,dominic,4,128,14793,0.0002703981612925032
do,shoe,4,129,14793,0.0002703981612925032
do,rom,4,130,14793,0.0002703981612925032
do,judy,3,131,14793,0.00020279862096937742
do,train,3,132,14793,0.00020279862096937742
do,peter,3,133,14793,0.00020279862096937742
do,sue,3,134,14793,0.00020279862096937742
do,tickle,3,135,14793,0.00020279862096937742
do,water,3,136,14793,0.00020279862096937742
do,timmy,3,137,14793,0.00020279862096937742
do,choo,3,138,14793,0.00020279862096937742
do,tractor,3,139,14793,0.00020279862096937742
do,book,3,140,14793,0.00020279862096937742
do,nuhhuh,3,141,14793,0.00020279862096937742
do,job,3,142,14793,0.00020279862096937742
do,piggy,3,143,14793,0.00020279862096937742
do,danny,3,144,14793,0.00020279862096937742
do,those,3,145,14793,0.00020279862096937742
do,light,3,146,14793,0.00020279862096937742
do,cinderella,3,147,14793,0.00020279862096937742
do,bug,3,148,14793,0.00020279862096937742
do,block,3,149,14793,0.00020279862096937742
do,h,3,150,14793,0.00020279862096937742
do,hop,3,151,14793,0.00020279862096937742
do,brother,3,152,14793,0.00020279862096937742
do,yours,3,153,14793,0.00020279862096937742
do,sally,3,154,14793,0.00020279862096937742
do,leo,3,155,14793,0.00020279862096937742
do,whoop,3,156,14793,0.00020279862096937742
do,nomi,3,157,14793,0.00020279862096937742
do,joseph,3,158,14793,0.00020279862096937742
do,mickey,3,159,14793,0.00020279862096937742
do,crocodile,3,160,14793,0.00020279862096937742
do,mammy,3,161,14793,0.00020279862096937742
do,freya,3,162,14793,0.00020279862096937742
do,yay,3,163,14793,0.00020279862096937742
do,john,3,164,14793,0.00020279862096937742
do,mum,3,165,14793,0.00020279862096937742
do,zoe,3,166,14793,0.00020279862096937742
do,abi,3,167,14793,0.00020279862096937742
do,fox,3,168,14793,0.00020279862096937742
do,ellie,3,169,14793,0.00020279862096937742
do,fri,3,170,14793,0.00020279862096937742
do,gam,3,171,14793,0.00020279862096937742
do,joey,3,172,14793,0.00020279862096937742
do,ring,2,173,14793,0.0001351990806462516
do,these,2,174,14793,0.0001351990806462516
do,ear,2,175,14793,0.0001351990806462516
do,clown,2,176,14793,0.0001351990806462516
do,box,2,177,14793,0.0001351990806462516
do,patsy,2,178,14793,0.0001351990806462516
do,pen,2,179,14793,0.0001351990806462516
do,cup,2,180,14793,0.0001351990806462516
do,chair,2,181,14793,0.0001351990806462516
do,dwww,2,182,14793,0.0001351990806462516
do,cracker,2,183,14793,0.0001351990806462516
do,peanut,2,184,14793,0.0001351990806462516
do,sammy,2,185,14793,0.0001351990806462516
do,piglet,2,186,14793,0.0001351990806462516
do,help,2,187,14793,0.0001351990806462516
do,something,2,188,14793,0.0001351990806462516
do,worm,2,189,14793,0.0001351990806462516
do,top,2,190,14793,0.0001351990806462516
do,jacob,2,191,14793,0.0001351990806462516
do,airplane,2,192,14793,0.0001351990806462516
do,bus,2,193,14793,0.0001351990806462516
do,eye,2,194,14793,0.0001351990806462516
do,no,2,195,14793,0.0001351990806462516
do,dad,2,196,14793,0.0001351990806462516
do,nobody,2,197,14793,0.0001351990806462516
do,yuli,2,198,14793,0.0001351990806462516
do,maggie,2,199,14793,0.0001351990806462516
do,lassie,2,200,14793,0.0001351990806462516
do,papa,2,201,14793,0.0001351990806462516
do,jim,2,202,14793,0.0001351990806462516
do,op,2,203,14793,0.0001351990806462516
do,oname,2,204,14793,0.0001351990806462516
do,lion,2,205,14793,0.0001351990806462516
do,orange,2,206,14793,0.0001351990806462516
do,caterpillar,2,207,14793,0.0001351990806462516
do,seal,2,208,14793,0.0001351990806462516
do,christopher,2,209,14793,0.0001351990806462516
do,person,2,210,14793,0.0001351990806462516
do,justin,2,211,14793,0.0001351990806462516
do,good,2,212,14793,0.0001351990806462516
do,giraffe,2,213,14793,0.0001351990806462516
do,de,2,214,14793,0.0001351990806462516
do,farmer,2,215,14793,0.0001351990806462516
do,friend,2,216,14793,0.0001351990806462516
do,boo,2,217,14793,0.0001351990806462516
do,jerry,2,218,14793,0.0001351990806462516
do,piggie,2,219,14793,0.0001351990806462516
do,hen,2,220,14793,0.0001351990806462516
do,cheerios,2,221,14793,0.0001351990806462516
do,parent,2,222,14793,0.0001351990806462516
do,outfit,2,223,14793,0.0001351990806462516
do,pie,2,224,14793,0.0001351990806462516
do,husband,2,225,14793,0.0001351990806462516
do,diaper,2,226,14793,0.0001351990806462516
do,nancy,2,227,14793,0.0001351990806462516
do,look,2,228,14793,0.0001351990806462516
do,anybody,2,229,14793,0.0001351990806462516
do,both,2,230,14793,0.0001351990806462516
do,kalie,2,231,14793,0.0001351990806462516
do,bert,2,232,14793,0.0001351990806462516
do,travis,2,233,14793,0.0001351990806462516
do,ant,2,234,14793,0.0001351990806462516
do,tree,2,235,14793,0.0001351990806462516
do,coffee,2,236,14793,0.0001351990806462516
do,music,2,237,14793,0.0001351990806462516
do,motorcycle,2,238,14793,0.0001351990806462516
do,a,2,239,14793,0.0001351990806462516
do,much,2,240,14793,0.0001351990806462516
do,gorilla,2,241,14793,0.0001351990806462516
do,mister_froggie,2,242,14793,0.0001351990806462516
do,daisy,2,243,14793,0.0001351990806462516
do,mummy'll,2,244,14793,0.0001351990806462516
do,more,2,245,14793,0.0001351990806462516
do,maisy,2,246,14793,0.0001351990806462516
do,wipe,2,247,14793,0.0001351990806462516
do,lid,2,248,14793,0.0001351990806462516
do,flower,2,249,14793,0.0001351990806462516
do,tucky,2,250,14793,0.0001351990806462516
do,mister_leopard,2,251,14793,0.0001351990806462516
do,horsie_horsie,2,252,14793,0.0001351990806462516
do,sheepie,2,253,14793,0.0001351990806462516
do,zach,2,254,14793,0.0001351990806462516
do,wh↑at,2,255,14793,0.0001351990806462516
do,y↓ou,2,256,14793,0.0001351990806462516
do,↑you,2,257,14793,0.0001351990806462516
do,∆what,2,258,14793,0.0001351990806462516
do,richard,2,259,14793,0.0001351990806462516
do,yvonne,2,260,14793,0.0001351990806462516
do,percy,2,261,14793,0.0001351990806462516
do,tiger,2,262,14793,0.0001351990806462516
do,one'll,2,263,14793,0.0001351990806462516
do,page,2,264,14793,0.0001351990806462516
do,liz,2,265,14793,0.0001351990806462516
do,baba,2,266,14793,0.0001351990806462516
do,billybumpe,2,267,14793,0.0001351990806462516
do,towel,2,268,14793,0.0001351990806462516
do,neil,2,269,14793,0.0001351990806462516
do,uhoh,2,270,14793,0.0001351990806462516
do,barn,2,271,14793,0.0001351990806462516
do,mr_brown,2,272,14793,0.0001351990806462516
do,kevin,2,273,14793,0.0001351990806462516
do,horsy,2,274,14793,0.0001351990806462516
do,mey,2,275,14793,0.0001351990806462516
do,apple,2,276,14793,0.0001351990806462516
do,your,2,277,14793,0.0001351990806462516
do,wld,2,278,14793,0.0001351990806462516
do,name,2,279,14793,0.0001351990806462516
do,hamburger,2,280,14793,0.0001351990806462516
do,jabir,2,281,14793,0.0001351990806462516
do,work,1,282,14793,6.75995403231258e-05
do,bite,1,283,14793,6.75995403231258e-05
do,face,1,284,14793,6.75995403231258e-05
do,telephone,1,285,14793,6.75995403231258e-05
do,unicorn,1,286,14793,6.75995403231258e-05
do,dragon,1,287,14793,6.75995403231258e-05
do,whom,1,288,14793,6.75995403231258e-05
do,three,1,289,14793,6.75995403231258e-05
do,motor,1,290,14793,6.75995403231258e-05
do,annie,1,291,14793,6.75995403231258e-05
do,many,1,292,14793,6.75995403231258e-05
do,maura,1,293,14793,6.75995403231258e-05
do,a_lot_of,1,294,14793,6.75995403231258e-05
do,father,1,295,14793,6.75995403231258e-05
do,mother,1,296,14793,6.75995403231258e-05
do,yo,1,297,14793,6.75995403231258e-05
do,wire,1,298,14793,6.75995403231258e-05
do,oop,1,299,14793,6.75995403231258e-05
do,down,1,300,14793,6.75995403231258e-05
do,caca,1,301,14793,6.75995403231258e-05
do,deedee,1,302,14793,6.75995403231258e-05
do,jwww,1,303,14793,6.75995403231258e-05
do,bedroom,1,304,14793,6.75995403231258e-05
do,kwww,1,305,14793,6.75995403231258e-05
do,oigan,1,306,14793,6.75995403231258e-05
do,my,1,307,14793,6.75995403231258e-05
do,milk,1,308,14793,6.75995403231258e-05
do,mine,1,309,14793,6.75995403231258e-05
do,sylvia,1,310,14793,6.75995403231258e-05
do,sock,1,311,14793,6.75995403231258e-05
do,vacuum,1,312,14793,6.75995403231258e-05
do,eugene,1,313,14793,6.75995403231258e-05
do,evans,1,314,14793,6.75995403231258e-05
do,erica,1,315,14793,6.75995403231258e-05
do,creek,1,316,14793,6.75995403231258e-05
do,morgie,1,317,14793,6.75995403231258e-05
do,rock,1,318,14793,6.75995403231258e-05
do,morgan,1,319,14793,6.75995403231258e-05
do,bib,1,320,14793,6.75995403231258e-05
do,microphone,1,321,14793,6.75995403231258e-05
do,sneeze,1,322,14793,6.75995403231258e-05
do,letter,1,323,14793,6.75995403231258e-05
do,dillon,1,324,14793,6.75995403231258e-05
do,lord,1,325,14793,6.75995403231258e-05
do,yummy,1,326,14793,6.75995403231258e-05
do,bump,1,327,14793,6.75995403231258e-05
do,ti,1,328,14793,6.75995403231258e-05
do,mi,1,329,14793,6.75995403231258e-05
do,grinch,1,330,14793,6.75995403231258e-05
do,hog,1,331,14793,6.75995403231258e-05
do,smackerel,1,332,14793,6.75995403231258e-05
do,door,1,333,14793,6.75995403231258e-05
do,woody,1,334,14793,6.75995403231258e-05
do,combing,1,335,14793,6.75995403231258e-05
do,bond,1,336,14793,6.75995403231258e-05
do,dyeisha,1,337,14793,6.75995403231258e-05
do,study,1,338,14793,6.75995403231258e-05
do,taperecorder,1,339,14793,6.75995403231258e-05
do,macdonald,1,340,14793,6.75995403231258e-05
do,sarah,1,341,14793,6.75995403231258e-05
do,raccoon,1,342,14793,6.75995403231258e-05
do,cromer,1,343,14793,6.75995403231258e-05
do,becky,1,344,14793,6.75995403231258e-05
do,sponge,1,345,14793,6.75995403231258e-05
do,chirp,1,346,14793,6.75995403231258e-05
do,egg,1,347,14793,6.75995403231258e-05
do,winnie,1,348,14793,6.75995403231258e-05
do,table,1,349,14793,6.75995403231258e-05
do,nanna,1,350,14793,6.75995403231258e-05
do,ename,1,351,14793,6.75995403231258e-05
do,carpet,1,352,14793,6.75995403231258e-05
do,ernie,1,353,14793,6.75995403231258e-05
do,match,1,354,14793,6.75995403231258e-05
do,beep,1,355,14793,6.75995403231258e-05
do,wind,1,356,14793,6.75995403231258e-05
do,someone,1,357,14793,6.75995403231258e-05
do,anyone,1,358,14793,6.75995403231258e-05
do,chrisptopher,1,359,14793,6.75995403231258e-05
do,alexandra,1,360,14793,6.75995403231258e-05
do,nia,1,361,14793,6.75995403231258e-05
do,shannia,1,362,14793,6.75995403231258e-05
do,carrot,1,363,14793,6.75995403231258e-05
do,pot,1,364,14793,6.75995403231258e-05
do,keagan,1,365,14793,6.75995403231258e-05
do,knob,1,366,14793,6.75995403231258e-05
do,spatula,1,367,14793,6.75995403231258e-05
do,stink,1,368,14793,6.75995403231258e-05
do,dryer,1,369,14793,6.75995403231258e-05
do,isaiah,1,370,14793,6.75995403231258e-05
do,barky,1,371,14793,6.75995403231258e-05
do,phoebe,1,372,14793,6.75995403231258e-05
do,line,1,373,14793,6.75995403231258e-05
do,elena,1,374,14793,6.75995403231258e-05
do,key,1,375,14793,6.75995403231258e-05
do,spigot,1,376,14793,6.75995403231258e-05
do,brittany,1,377,14793,6.75995403231258e-05
do,town,1,378,14793,6.75995403231258e-05
do,elmo,1,379,14793,6.75995403231258e-05
do,activity,1,380,14793,6.75995403231258e-05
do,hippos,1,381,14793,6.75995403231258e-05
do,part,1,382,14793,6.75995403231258e-05
do,horn,1,383,14793,6.75995403231258e-05
do,gregory,1,384,14793,6.75995403231258e-05
do,sam,1,385,14793,6.75995403231258e-05
do,sabrina,1,386,14793,6.75995403231258e-05
do,tweet,1,387,14793,6.75995403231258e-05
do,hoop,1,388,14793,6.75995403231258e-05
do,finger,1,389,14793,6.75995403231258e-05
do,roy,1,390,14793,6.75995403231258e-05
do,godmother,1,391,14793,6.75995403231258e-05
do,tom,1,392,14793,6.75995403231258e-05
do,moo,1,393,14793,6.75995403231258e-05
do,crawl,1,394,14793,6.75995403231258e-05
do,potatohead,1,395,14793,6.75995403231258e-05
do,yeh,1,396,14793,6.75995403231258e-05
do,queen,1,397,14793,6.75995403231258e-05
do,scissor,1,398,14793,6.75995403231258e-05
do,pookiepie,1,399,14793,6.75995403231258e-05
do,mirror,1,400,14793,6.75995403231258e-05
do,ema,1,401,14793,6.75995403231258e-05
do,davidal,1,402,14793,6.75995403231258e-05
do,bunny_rabbit,1,403,14793,6.75995403231258e-05
do,laurie,1,404,14793,6.75995403231258e-05
do,puppys,1,405,14793,6.75995403231258e-05
do,duckie,1,406,14793,6.75995403231258e-05
do,matthew,1,407,14793,6.75995403231258e-05
do,heidi,1,408,14793,6.75995403231258e-05
do,ab,1,409,14793,6.75995403231258e-05
do,christina,1,410,14793,6.75995403231258e-05
do,wiggle,1,411,14793,6.75995403231258e-05
do,anything,1,412,14793,6.75995403231258e-05
do,in_order_to,1,413,14793,6.75995403231258e-05
do,abbie,1,414,14793,6.75995403231258e-05
do,reaction,1,415,14793,6.75995403231258e-05
do,love,1,416,14793,6.75995403231258e-05
do,useta,1,417,14793,6.75995403231258e-05
do,crusoe,1,418,14793,6.75995403231258e-05
do,toot,1,419,14793,6.75995403231258e-05
do,pop,1,420,14793,6.75995403231258e-05
do,nothing,1,421,14793,6.75995403231258e-05
do,grass,1,422,14793,6.75995403231258e-05
do,cemetery,1,423,14793,6.75995403231258e-05
do,megan,1,424,14793,6.75995403231258e-05
do,salley,1,425,14793,6.75995403231258e-05
do,lewis,1,426,14793,6.75995403231258e-05
do,hunhunh,1,427,14793,6.75995403231258e-05
do,diamond,1,428,14793,6.75995403231258e-05
do,snoopy,1,429,14793,6.75995403231258e-05
do,four,1,430,14793,6.75995403231258e-05
do,stewardess,1,431,14793,6.75995403231258e-05
do,fly,1,432,14793,6.75995403231258e-05
do,hat,1,433,14793,6.75995403231258e-05
do,mot,1,434,14793,6.75995403231258e-05
do,big_bird,1,435,14793,6.75995403231258e-05
do,lamb,1,436,14793,6.75995403231258e-05
do,shadow,1,437,14793,6.75995403231258e-05
do,sandy,1,438,14793,6.75995403231258e-05
do,picture,1,439,14793,6.75995403231258e-05
do,foot,1,440,14793,6.75995403231258e-05
do,jo,1,441,14793,6.75995403231258e-05
do,catherine,1,442,14793,6.75995403231258e-05
do,triangle,1,443,14793,6.75995403231258e-05
do,nose,1,444,14793,6.75995403231258e-05
do,:,1,445,14793,6.75995403231258e-05
do,squirrel,1,446,14793,6.75995403231258e-05
do,swing,1,447,14793,6.75995403231258e-05
do,damage,1,448,14793,6.75995403231258e-05
do,lindsey,1,449,14793,6.75995403231258e-05
do,nanu,1,450,14793,6.75995403231258e-05
do,momma,1,451,14793,6.75995403231258e-05
do,julia,1,452,14793,6.75995403231258e-05
do,lincoln,1,453,14793,6.75995403231258e-05
do,keep,1,454,14793,6.75995403231258e-05
do,tip,1,455,14793,6.75995403231258e-05
do,talk,1,456,14793,6.75995403231258e-05
do,dinosaur,1,457,14793,6.75995403231258e-05
do,zebra,1,458,14793,6.75995403231258e-05
do,noah,1,459,14793,6.75995403231258e-05
do,adam,1,460,14793,6.75995403231258e-05
do,fishie,1,461,14793,6.75995403231258e-05
do,roaring,1,462,14793,6.75995403231258e-05
do,swimming,1,463,14793,6.75995403231258e-05
do,panda,1,464,14793,6.75995403231258e-05
do,alien,1,465,14793,6.75995403231258e-05
do,twootwoo,1,466,14793,6.75995403231258e-05
do,uncle,1,467,14793,6.75995403231258e-05
do,mister_frog,1,468,14793,6.75995403231258e-05
do,crabbie,1,469,14793,6.75995403231258e-05
do,mmm,1,470,14793,6.75995403231258e-05
do,daisy_rose,1,471,14793,6.75995403231258e-05
do,weather,1,472,14793,6.75995403231258e-05
do,porridge,1,473,14793,6.75995403231258e-05
do,jump,1,474,14793,6.75995403231258e-05
do,self,1,475,14793,6.75995403231258e-05
do,little_miss_chatterbox,1,476,14793,6.75995403231258e-05
do,ckly,1,477,14793,6.75995403231258e-05
do,polly,1,478,14793,6.75995403231258e-05
do,food,1,479,14793,6.75995403231258e-05
do,toenail,1,480,14793,6.75995403231258e-05
do,answer,1,481,14793,6.75995403231258e-05
do,bum,1,482,14793,6.75995403231258e-05
do,goat,1,483,14793,6.75995403231258e-05
do,landing,1,484,14793,6.75995403231258e-05
do,peekaboo,1,485,14793,6.75995403231258e-05
do,riley,1,486,14793,6.75995403231258e-05
do,ivan,1,487,14793,6.75995403231258e-05
do,//.,1,488,14793,6.75995403231258e-05
do,sweetheart,1,489,14793,6.75995403231258e-05
do,ham,1,490,14793,6.75995403231258e-05
do,soldier,1,491,14793,6.75995403231258e-05
do,digger,1,492,14793,6.75995403231258e-05
do,dumper,1,493,14793,6.75995403231258e-05
do,zuzu,1,494,14793,6.75995403231258e-05
do,swamp_attack,1,495,14793,6.75995403231258e-05
do,mummum,1,496,14793,6.75995403231258e-05
do,shane,1,497,14793,6.75995403231258e-05
do,dada,1,498,14793,6.75995403231258e-05
do,puppy,1,499,14793,6.75995403231258e-05
do,lift,1,500,14793,6.75995403231258e-05
do,darling,1,501,14793,6.75995403231258e-05
do,prawn,1,502,14793,6.75995403231258e-05
do,se,1,503,14793,6.75995403231258e-05
do,aunty,1,504,14793,6.75995403231258e-05
do,sophia,1,505,14793,6.75995403231258e-05
do,cheese,1,506,14793,6.75995403231258e-05
do,granda,1,507,14793,6.75995403231258e-05
do,zachie,1,508,14793,6.75995403231258e-05
do,eddie,1,509,14793,6.75995403231258e-05
do,question,1,510,14793,6.75995403231258e-05
do,balloon,1,511,14793,6.75995403231258e-05
do,∆sorry,1,512,14793,6.75995403231258e-05
do,∙hhh,1,513,14793,6.75995403231258e-05
do,↑we,1,514,14793,6.75995403231258e-05
do,eva,1,515,14793,6.75995403231258e-05
do,°,1,516,14793,6.75995403231258e-05
do,pussy,1,517,14793,6.75995403231258e-05
do,∆↑that,1,518,14793,6.75995403231258e-05
do,∆how,1,519,14793,6.75995403231258e-05
do,y↓ea,1,520,14793,6.75995403231258e-05
do,eeya,1,521,14793,6.75995403231258e-05
do,out,1,522,14793,6.75995403231258e-05
do,tongue,1,523,14793,6.75995403231258e-05
do,samuel,1,524,14793,6.75995403231258e-05
do,card,1,525,14793,6.75995403231258e-05
do,dadda,1,526,14793,6.75995403231258e-05
do,dadaw,1,527,14793,6.75995403231258e-05
do,do,1,528,14793,6.75995403231258e-05
do,hafta,1,529,14793,6.75995403231258e-05
do,madam,1,530,14793,6.75995403231258e-05
do,deer,1,531,14793,6.75995403231258e-05
do,pajama,1,532,14793,6.75995403231258e-05
do,nummy,1,533,14793,6.75995403231258e-05
do,shirt,1,534,14793,6.75995403231258e-05
do,kirsty,1,535,14793,6.75995403231258e-05
do,boss,1,536,14793,6.75995403231258e-05
do,chip,1,537,14793,6.75995403231258e-05
do,sort,1,538,14793,6.75995403231258e-05
do,sack,1,539,14793,6.75995403231258e-05
do,gordon,1,540,14793,6.75995403231258e-05
do,neenaw,1,541,14793,6.75995403231258e-05
do,sweetie,1,542,14793,6.75995403231258e-05
do,tiggie,1,543,14793,6.75995403231258e-05
do,eeyore,1,544,14793,6.75995403231258e-05
do,cough,1,545,14793,6.75995403231258e-05
do,pat,1,546,14793,6.75995403231258e-05
do,nana,1,547,14793,6.75995403231258e-05
do,piggys,1,548,14793,6.75995403231258e-05
do,diesel,1,549,14793,6.75995403231258e-05
do,rhino,1,550,14793,6.75995403231258e-05
do,vegetable,1,551,14793,6.75995403231258e-05
do,blob,1,552,14793,6.75995403231258e-05
do,pingu,1,553,14793,6.75995403231258e-05
do,mob,1,554,14793,6.75995403231258e-05
do,doctor,1,555,14793,6.75995403231258e-05
do,caroline,1,556,14793,6.75995403231258e-05
do,peter_schmeichel,1,557,14793,6.75995403231258e-05
do,wing,1,558,14793,6.75995403231258e-05
do,ruth,1,559,14793,6.75995403231258e-05
do,mummys,1,560,14793,6.75995403231258e-05
do,record,1,561,14793,6.75995403231258e-05
do,el,1,562,14793,6.75995403231258e-05
do,nanny,1,563,14793,6.75995403231258e-05
do,magazine,1,564,14793,6.75995403231258e-05
do,mess,1,565,14793,6.75995403231258e-05
do,mixer,1,566,14793,6.75995403231258e-05
do,pottie,1,567,14793,6.75995403231258e-05
do,wee,1,568,14793,6.75995403231258e-05
do,iris,1,569,14793,6.75995403231258e-05
do,fellow,1,570,14793,6.75995403231258e-05
do,eee,1,571,14793,6.75995403231258e-05
do,hurt,1,572,14793,6.75995403231258e-05
do,dudley,1,573,14793,6.75995403231258e-05
do,microwave,1,574,14793,6.75995403231258e-05
do,potty,1,575,14793,6.75995403231258e-05
do,‡,1,576,14793,6.75995403231258e-05
do,sposta,1,577,14793,6.75995403231258e-05
do,doggys,1,578,14793,6.75995403231258e-05
do,bob,1,579,14793,6.75995403231258e-05
do,saw,1,580,14793,6.75995403231258e-05
do,ketchup,1,581,14793,6.75995403231258e-05
do,popcorn,1,582,14793,6.75995403231258e-05
do,fireman,1,583,14793,6.75995403231258e-05
do,hadta,1,584,14793,6.75995403231258e-05
do,jeremy,1,585,14793,6.75995403231258e-05
do,barney,1,586,14793,6.75995403231258e-05
do,blanket,1,587,14793,6.75995403231258e-05
do,kitty_cat,1,588,14793,6.75995403231258e-05
do,alligator,1,589,14793,6.75995403231258e-05
do,lookee,1,590,14793,6.75995403231258e-05
do,boat,1,591,14793,6.75995403231258e-05
do,owl,1,592,14793,6.75995403231258e-05
do,cic,1,593,14793,6.75995403231258e-05
do,cookie_monster,1,594,14793,6.75995403231258e-05
do,gra,1,595,14793,6.75995403231258e-05
do,little,1,596,14793,6.75995403231258e-05
do,blankie,1,597,14793,6.75995403231258e-05
do,med,1,598,14793,6.75995403231258e-05
do,bro,1,599,14793,6.75995403231258e-05
do,mye,1,600,14793,6.75995403231258e-05
do,honey,1,601,14793,6.75995403231258e-05
do,heart,1,602,14793,6.75995403231258e-05
do,gasoline,1,603,14793,6.75995403231258e-05
do,zic,1,604,14793,6.75995403231258e-05
do,bucket,1,605,14793,6.75995403231258e-05
do,push,1,606,14793,6.75995403231258e-05
do,puzzle,1,607,14793,6.75995403231258e-05
do,fit,1,608,14793,6.75995403231258e-05
do,ste,1,609,14793,6.75995403231258e-05
do,rec,1,610,14793,6.75995403231258e-05
do,cream,1,611,14793,6.75995403231258e-05
do,turkey,1,612,14793,6.75995403231258e-05
do,lens,1,613,14793,6.75995403231258e-05
do,researcher,1,614,14793,6.75995403231258e-05
do,slide,1,615,14793,6.75995403231258e-05
do,claus,1,616,14793,6.75995403231258e-05
do,dip,1,617,14793,6.75995403231258e-05
do,kit,1,618,14793,6.75995403231258e-05
do,casey,1,619,14793,6.75995403231258e-05
do,bye,1,620,14793,6.75995403231258e-05
do,devon,1,621,14793,6.75995403231258e-05
do,adolfo,1,622,14793,6.75995403231258e-05
do,zedekiah,1,623,14793,6.75995403231258e-05
do,mommy'll,1,624,14793,6.75995403231258e-05
do,anna,1,625,14793,6.75995403231258e-05
do,raffi,1,626,14793,6.75995403231258e-05
do,jacy,1,627,14793,6.75995403231258e-05
do,callista,1,628,14793,6.75995403231258e-05
do,goody,1,629,14793,6.75995403231258e-05
do,tyler,1,630,14793,6.75995403231258e-05
do,piece,1,631,14793,6.75995403231258e-05
do,sissie,1,632,14793,6.75995403231258e-05
do,tomato,1,633,14793,6.75995403231258e-05
do,josh,1,634,14793,6.75995403231258e-05
do,stick,1,635,14793,6.75995403231258e-05
get,you,5076,1,11942,0.4250544297437615
get,i,2001,2,11942,0.16755987271813766
get,we,1832,3,11942,0.15340813934014402
get,us,342,4,11942,0.028638419025288898
get,he,305,5,11942,0.02554011053424887
get,she,264,6,11942,0.022106849773907217
get,it,213,7,11942,0.017836208340311504
get,they,186,8,11942,0.01557528052252554
get,mommy,181,9,11942,0.01515659018589851
get,mummy,153,10,11942,0.012811924300787137
get,daddy,126,11,11942,0.010550996483001172
get,wanna,116,12,11942,0.009713615809747111
get,baby,64,13,11942,0.005359236308825992
get,mama,51,14,11942,0.004270641433595713
get,ya,44,15,11942,0.0036844749623178696
get,who,33,16,11942,0.002763356221738402
get,whatcha,32,17,11942,0.002679618154412996
get,lemme,27,18,11942,0.0022609278177859655
get,that,25,19,11942,0.002093451683135153
get,one,25,20,11942,0.002093451683135153
get,this,18,21,11942,0.0015072852118573103
get,carl,15,22,11942,0.001256071009881092
get,mummy'll,15,23,11942,0.001256071009881092
get,go,14,24,11942,0.0011723329425556857
get,grandma,14,25,11942,0.0011723329425556857
get,everybody,13,26,11942,0.0010885948752302798
get,mom,12,27,11942,0.0010048568079048736
get,mummie,12,28,11942,0.0010048568079048736
get,somebody,11,29,11942,0.0009211187405794674
get,boy,10,30,11942,0.0008373806732540613
get,mum,10,31,11942,0.0008373806732540613
get,doggie,9,32,11942,0.0007536426059286551
get,he'has,9,33,11942,0.0007536426059286551
get,firstname,9,34,11942,0.0007536426059286551
get,mommy'll,8,35,11942,0.000669904538603249
get,man,8,36,11942,0.000669904538603249
get,momma,8,37,11942,0.000669904538603249
get,teddy,8,38,11942,0.000669904538603249
get,lara,8,39,11942,0.000669904538603249
get,hasta,7,40,11942,0.0005861664712778429
get,cow,7,41,11942,0.0005861664712778429
get,ball,7,42,11942,0.0005861664712778429
get,danny,7,43,11942,0.0005861664712778429
get,dog,7,44,11942,0.0005861664712778429
get,rabbit,7,45,11942,0.0005861664712778429
get,sally,7,46,11942,0.0005861664712778429
get,zita,7,47,11942,0.0005861664712778429
get,no,6,48,11942,0.0005024284039524368
get,freya,6,49,11942,0.0005024284039524368
get,lady,6,50,11942,0.0005024284039524368
get,laura,5,51,11942,0.00041869033662703066
get,bunny,5,52,11942,0.00041869033662703066
get,she'has,5,53,11942,0.00041869033662703066
get,rachel,5,54,11942,0.00041869033662703066
get,daddy'll,5,55,11942,0.00041869033662703066
get,santa,5,56,11942,0.00041869033662703066
get,nanny,5,57,11942,0.00041869033662703066
get,dwww,4,58,11942,0.0003349522693016245
get,hair,4,59,11942,0.0003349522693016245
get,water,4,60,11942,0.0003349522693016245
get,hand,4,61,11942,0.0003349522693016245
get,needta,4,62,11942,0.0003349522693016245
get,uhoh,4,63,11942,0.0003349522693016245
get,foot,4,64,11942,0.0003349522693016245
get,finger,4,65,11942,0.0003349522693016245
get,bear,4,66,11942,0.0003349522693016245
get,book,4,67,11942,0.0003349522693016245
get,sister,4,68,11942,0.0003349522693016245
get,uncle,4,69,11942,0.0003349522693016245
get,eve,4,70,11942,0.0003349522693016245
get,sun,4,71,11942,0.0003349522693016245
get,what,4,72,11942,0.0003349522693016245
get,people,4,73,11942,0.0003349522693016245
get,ooh,4,74,11942,0.0003349522693016245
get,megan,4,75,11942,0.0003349522693016245
get,pg,4,76,11942,0.0003349522693016245
get,spot,4,77,11942,0.0003349522693016245
get,bus,3,78,11942,0.0002512142019762184
get,kitty,3,79,11942,0.0002512142019762184
get,dad,3,80,11942,0.0002512142019762184
get,dinosaur,3,81,11942,0.0002512142019762184
get,elmo,3,82,11942,0.0002512142019762184
get,shoe,3,83,11942,0.0002512142019762184
get,stove,3,84,11942,0.0002512142019762184
get,girl,3,85,11942,0.0002512142019762184
get,whose,3,86,11942,0.0002512142019762184
get,guy,3,87,11942,0.0002512142019762184
get,jenna,3,88,11942,0.0002512142019762184
get,h,3,89,11942,0.0002512142019762184
get,car,3,90,11942,0.0002512142019762184
get,child,3,91,11942,0.0002512142019762184
get,mammy,3,92,11942,0.0002512142019762184
get,granny,3,93,11942,0.0002512142019762184
get,ted,3,94,11942,0.0002512142019762184
get,toy,3,95,11942,0.0002512142019762184
get,gruffalo,3,96,11942,0.0002512142019762184
get,zoe,3,97,11942,0.0002512142019762184
get,mouse,3,98,11942,0.0002512142019762184
get,anna,3,99,11942,0.0002512142019762184
get,chad,3,100,11942,0.0002512142019762184
get,mahmaw,3,101,11942,0.0002512142019762184
get,gramma,3,102,11942,0.0002512142019762184
get,chair,2,103,11942,0.00016747613465081226
get,two,2,104,11942,0.00016747613465081226
get,anyone,2,105,11942,0.00016747613465081226
get,family,2,106,11942,0.00016747613465081226
get,bird,2,107,11942,0.00016747613465081226
get,morgan,2,108,11942,0.00016747613465081226
get,animal,2,109,11942,0.00016747613465081226
get,mandy,2,110,11942,0.00016747613465081226
get,piggy,2,111,11942,0.00016747613465081226
get,mamma,2,112,11942,0.00016747613465081226
get,toe,2,113,11942,0.00016747613465081226
get,bert,2,114,11942,0.00016747613465081226
get,dakota,2,115,11942,0.00016747613465081226
get,chickie,2,116,11942,0.00016747613465081226
get,feetie,2,117,11942,0.00016747613465081226
get,some,2,118,11942,0.00016747613465081226
get,dyeisha,2,119,11942,0.00016747613465081226
get,thing,2,120,11942,0.00016747613465081226
get,fraser,2,121,11942,0.00016747613465081226
get,monkey,2,122,11942,0.00016747613465081226
get,op,2,123,11942,0.00016747613465081226
get,mommy'has,2,124,11942,0.00016747613465081226
get,bubble,2,125,11942,0.00016747613465081226
get,sink,2,126,11942,0.00016747613465081226
get,plate,2,127,11942,0.00016747613465081226
get,nina,2,128,11942,0.00016747613465081226
get,woofwoof,2,129,11942,0.00016747613465081226
get,oop,2,130,11942,0.00016747613465081226
get,mariah,2,131,11942,0.00016747613465081226
get,let,2,132,11942,0.00016747613465081226
get,brother,2,133,11942,0.00016747613465081226
get,amanda,2,134,11942,0.00016747613465081226
get,wave,2,135,11942,0.00016747613465081226
get,lissa,2,136,11942,0.00016747613465081226
get,duck,2,137,11942,0.00016747613465081226
get,clothe,2,138,11942,0.00016747613465081226
get,kalie,2,139,11942,0.00016747613465081226
get,nomi,2,140,11942,0.00016747613465081226
get,joseph,2,141,11942,0.00016747613465081226
get,honey,2,142,11942,0.00016747613465081226
get,george,2,143,11942,0.00016747613465081226
get,archie,2,144,11942,0.00016747613465081226
get,janie,2,145,11942,0.00016747613465081226
get,person,2,146,11942,0.00016747613465081226
get,grandpa,2,147,11942,0.00016747613465081226
get,penguin,2,148,11942,0.00016747613465081226
get,erin,2,149,11942,0.00016747613465081226
get,lily,2,150,11942,0.00016747613465081226
get,giraffe,2,151,11942,0.00016747613465081226
get,harvey,2,152,11942,0.00016747613465081226
get,train,2,153,11942,0.00016747613465081226
get,john,2,154,11942,0.00016747613465081226
get,mia,2,155,11942,0.00016747613465081226
get,christine,2,156,11942,0.00016747613465081226
get,wind,2,157,11942,0.00016747613465081226
get,amy,2,158,11942,0.00016747613465081226
get,thomas,2,159,11942,0.00016747613465081226
get,joel,2,160,11942,0.00016747613465081226
get,driver,2,161,11942,0.00016747613465081226
get,nancy,2,162,11942,0.00016747613465081226
get,father,2,163,11942,0.00016747613465081226
get,elephant,2,164,11942,0.00016747613465081226
get,lookee,2,165,11942,0.00016747613465081226
get,wix,2,166,11942,0.00016747613465081226
get,reagan,2,167,11942,0.00016747613465081226
get,odera,2,168,11942,0.00016747613465081226
get,wheel,1,169,11942,8.373806732540613e-05
get,bike,1,170,11942,8.373806732540613e-05
get,swww,1,171,11942,8.373806732540613e-05
get,zwww,1,172,11942,8.373806732540613e-05
get,anybody,1,173,11942,8.373806732540613e-05
get,mwww,1,174,11942,8.373806732540613e-05
get,christopher,1,175,11942,8.373806732540613e-05
get,brittney,1,176,11942,8.373806732540613e-05
get,doctor,1,177,11942,8.373806732540613e-05
get,rinse,1,178,11942,8.373806732540613e-05
get,puppy,1,179,11942,8.373806732540613e-05
get,truth,1,180,11942,8.373806732540613e-05
get,dillon,1,181,11942,8.373806732540613e-05
get,place,1,182,11942,8.373806732540613e-05
get,garden,1,183,11942,8.373806732540613e-05
get,skin,1,184,11942,8.373806732540613e-05
get,brush,1,185,11942,8.373806732540613e-05
get,eeyore,1,186,11942,8.373806732540613e-05
get,everyone,1,187,11942,8.373806732540613e-05
get,those,1,188,11942,8.373806732540613e-05
get,clifford,1,189,11942,8.373806732540613e-05
get,seven,1,190,11942,8.373806732540613e-05
get,henry,1,191,11942,8.373806732540613e-05
get,fuss,1,192,11942,8.373806732540613e-05
get,andy,1,193,11942,8.373806732540613e-05
get,woody,1,194,11942,8.373806732540613e-05
get,maggie,1,195,11942,8.373806732540613e-05
get,weepee,1,196,11942,8.373806732540613e-05
get,hadta,1,197,11942,8.373806732540613e-05
get,door,1,198,11942,8.373806732540613e-05
get,stuff,1,199,11942,8.373806732540613e-05
get,shrimp,1,200,11942,8.373806732540613e-05
get,grandaddy,1,201,11942,8.373806732540613e-05
get,fool,1,202,11942,8.373806732540613e-05
get,nana,1,203,11942,8.373806732540613e-05
get,shoulda,1,204,11942,8.373806732540613e-05
get,baebae,1,205,11942,8.373806732540613e-05
get,sandwich,1,206,11942,8.373806732540613e-05
get,eve'll,1,207,11942,8.373806732540613e-05
get,mom'll,1,208,11942,8.373806732540613e-05
get,hole,1,209,11942,8.373806732540613e-05
get,tapioca,1,210,11942,8.373806732540613e-05
get,↫,1,211,11942,8.373806732540613e-05
get,nana'has,1,212,11942,8.373806732540613e-05
get,house,1,213,11942,8.373806732540613e-05
get,help,1,214,11942,8.373806732540613e-05
get,bunny'has,1,215,11942,8.373806732540613e-05
get,oven,1,216,11942,8.373806732540613e-05
get,bear'has,1,217,11942,8.373806732540613e-05
get,mama'has,1,218,11942,8.373806732540613e-05
get,tower,1,219,11942,8.373806732540613e-05
get,shampoo,1,220,11942,8.373806732540613e-05
get,your,1,221,11942,8.373806732540613e-05
get,bottle,1,222,11942,8.373806732540613e-05
get,sissy,1,223,11942,8.373806732540613e-05
get,mom'ha,1,224,11942,8.373806732540613e-05
get,seal,1,225,11942,8.373806732540613e-05
get,someone,1,226,11942,8.373806732540613e-05
get,sandy,1,227,11942,8.373806732540613e-05
get,nope,1,228,11942,8.373806732540613e-05
get,chelsi,1,229,11942,8.373806732540613e-05
get,puzzle,1,230,11942,8.373806732540613e-05
get,isaiah,1,231,11942,8.373806732540613e-05
get,lexy,1,232,11942,8.373806732540613e-05
get,malasia,1,233,11942,8.373806732540613e-05
get,sophie,1,234,11942,8.373806732540613e-05
get,kelsey,1,235,11942,8.373806732540613e-05
get,caterpillar,1,236,11942,8.373806732540613e-05
get,johnny,1,237,11942,8.373806732540613e-05
get,brittany,1,238,11942,8.373806732540613e-05
get,bug,1,239,11942,8.373806732540613e-05
get,cat,1,240,11942,8.373806732540613e-05
get,wolf,1,241,11942,8.373806732540613e-05
get,nose,1,242,11942,8.373806732540613e-05
get,nobody,1,243,11942,8.373806732540613e-05
get,time,1,244,11942,8.373806732540613e-05
get,around,1,245,11942,8.373806732540613e-05
get,its,1,246,11942,8.373806732540613e-05
get,bite,1,247,11942,8.373806732540613e-05
get,chichi,1,248,11942,8.373806732540613e-05
get,diaper,1,249,11942,8.373806732540613e-05
get,turkey,1,250,11942,8.373806732540613e-05
get,woowoo,1,251,11942,8.373806732540613e-05
get,wawawa,1,252,11942,8.373806732540613e-05
get,barbara,1,253,11942,8.373806732540613e-05
get,hyena,1,254,11942,8.373806732540613e-05
get,arm,1,255,11942,8.373806732540613e-05
get,something,1,256,11942,8.373806732540613e-05
get,push,1,257,11942,8.373806732540613e-05
get,pinocchio,1,258,11942,8.373806732540613e-05
get,ouch,1,259,11942,8.373806732540613e-05
get,bell,1,260,11942,8.373806732540613e-05
get,ernie,1,261,11942,8.373806732540613e-05
get,rex,1,262,11942,8.373806732540613e-05
get,mot,1,263,11942,8.373806732540613e-05
get,naomi,1,264,11942,8.373806732540613e-05
get,julia,1,265,11942,8.373806732540613e-05
get,zoom,1,266,11942,8.373806732540613e-05
get,emma,1,267,11942,8.373806732540613e-05
get,mosquito,1,268,11942,8.373806732540613e-05
get,sarah,1,269,11942,8.373806732540613e-05
get,marco,1,270,11942,8.373806732540613e-05
get,broom,1,271,11942,8.373806732540613e-05
get,jill,1,272,11942,8.373806732540613e-05
get,toesie,1,273,11942,8.373806732540613e-05
get,tigger,1,274,11942,8.373806732540613e-05
get,jimmy,1,275,11942,8.373806732540613e-05
get,blossom_possum,1,276,11942,8.373806732540613e-05
get,piglet,1,277,11942,8.373806732540613e-05
get,angel,1,278,11942,8.373806732540613e-05
get,you:'ve,1,279,11942,8.373806732540613e-05
get,marty,1,280,11942,8.373806732540613e-05
get,finley,1,281,11942,8.373806732540613e-05
get,horsie,1,282,11942,8.373806732540613e-05
get,lizzie,1,283,11942,8.373806732540613e-05
get,max,1,284,11942,8.373806732540613e-05
get,grandad,1,285,11942,8.373806732540613e-05
get,dais,1,286,11942,8.373806732540613e-05
get,daisy,1,287,11942,8.373806732540613e-05
get,amie,1,288,11942,8.373806732540613e-05
get,makka_pakka,1,289,11942,8.373806732540613e-05
get,daniel,1,290,11942,8.373806732540613e-05
get,orange,1,291,11942,8.373806732540613e-05
get,mister_penguin,1,292,11942,8.373806732540613e-05
get,little_miss_chatterbox,1,293,11942,8.373806732540613e-05
get,tinker_winker,1,294,11942,8.373806732540613e-05
get,camel,1,295,11942,8.373806732540613e-05
get,hanna,1,296,11942,8.373806732540613e-05
get,hannah,1,297,11942,8.373806732540613e-05
get,ralfie,1,298,11942,8.373806732540613e-05
get,building,1,299,11942,8.373806732540613e-05
get,riley,1,300,11942,8.373806732540613e-05
get,toddle_waddle,1,301,11942,8.373806732540613e-05
get,kind_of,1,302,11942,8.373806732540613e-05
get,jason,1,303,11942,8.373806732540613e-05
get,shop,1,304,11942,8.373806732540613e-05
get,pasta,1,305,11942,8.373806732540613e-05
get,mister_bun,1,306,11942,8.373806732540613e-05
get,grandpa'll,1,307,11942,8.373806732540613e-05
get,martin,1,308,11942,8.373806732540613e-05
get,sophia,1,309,11942,8.373806732540613e-05
get,cucumber,1,310,11942,8.373806732540613e-05
get,sam,1,311,11942,8.373806732540613e-05
get,∙hhh,1,312,11942,8.373806732540613e-05
get,heart,1,313,11942,8.373806732540613e-05
get,d'you,1,314,11942,8.373806732540613e-05
get,▔,1,315,11942,8.373806732540613e-05
get,°,1,316,11942,8.373806732540613e-05
get,s,1,317,11942,8.373806732540613e-05
get,sort,1,318,11942,8.373806732540613e-05
get,eeya,1,319,11942,8.373806732540613e-05
get,flan,1,320,11942,8.373806732540613e-05
get,dougall,1,321,11942,8.373806732540613e-05
get,mind,1,322,11942,8.373806732540613e-05
get,nanna,1,323,11942,8.373806732540613e-05
get,dino,1,324,11942,8.373806732540613e-05
get,baa,1,325,11942,8.373806732540613e-05
get,dadaw,1,326,11942,8.373806732540613e-05
get,meow,1,327,11942,8.373806732540613e-05
get,octopus,1,328,11942,8.373806732540613e-05
get,choo_choo,1,329,11942,8.373806732540613e-05
get,mike,1,330,11942,8.373806732540613e-05
get,bit,1,331,11942,8.373806732540613e-05
get,pram,1,332,11942,8.373806732540613e-05
get,sausage,1,333,11942,8.373806732540613e-05
get,nicola,1,334,11942,8.373806732540613e-05
get,doll,1,335,11942,8.373806732540613e-05
get,fireman,1,336,11942,8.373806732540613e-05
get,toby,1,337,11942,8.373806732540613e-05
get,goat,1,338,11942,8.373806732540613e-05
get,nappie,1,339,11942,8.373806732540613e-05
get,panda,1,340,11942,8.373806732540613e-05
get,everything,1,341,11942,8.373806732540613e-05
get,dominic,1,342,11942,8.373806732540613e-05
get,aunty_meg,1,343,11942,8.373806732540613e-05
get,hafta,1,344,11942,8.373806732540613e-05
get,aunty_josie,1,345,11942,8.373806732540613e-05
get,uncle_martin,1,346,11942,8.373806732540613e-05
get,ella,1,347,11942,8.373806732540613e-05
get,dress,1,348,11942,8.373806732540613e-05
get,head,1,349,11942,8.373806732540613e-05
get,tower'll,1,350,11942,8.373806732540613e-05
get,warren,1,351,11942,8.373806732540613e-05
get,kind,1,352,11942,8.373806732540613e-05
get,other,1,353,11942,8.373806732540613e-05
get,alice,1,354,11942,8.373806732540613e-05
get,el,1,355,11942,8.373806732540613e-05
get,minute,1,356,11942,8.373806732540613e-05
get,gary,1,357,11942,8.373806732540613e-05
get,sharon,1,358,11942,8.373806732540613e-05
get,gavvy,1,359,11942,8.373806732540613e-05
get,stair,1,360,11942,8.373806732540613e-05
get,harriet,1,361,11942,8.373806732540613e-05
get,iris,1,362,11942,8.373806732540613e-05
get,sleeve,1,363,11942,8.373806732540613e-05
get,jonathan,1,364,11942,8.373806732540613e-05
get,grannie,1,365,11942,8.373806732540613e-05
get,chris,1,366,11942,8.373806732540613e-05
get,she've,1,367,11942,8.373806732540613e-05
get,these,1,368,11942,8.373806732540613e-05
get,bag,1,369,11942,8.373806732540613e-05
get,shh,1,370,11942,8.373806732540613e-05
get,farmer,1,371,11942,8.373806732540613e-05
get,‡,1,372,11942,8.373806732540613e-05
get,wah,1,373,11942,8.373806732540613e-05
get,get,1,374,11942,8.373806732540613e-05
get,betcha,1,375,11942,8.373806732540613e-05
get,stinker,1,376,11942,8.373806732540613e-05
get,rooster,1,377,11942,8.373806732540613e-05
get,track,1,378,11942,8.373806732540613e-05
get,job,1,379,11942,8.373806732540613e-05
get,chicken,1,380,11942,8.373806732540613e-05
get,top,1,381,11942,8.373806732540613e-05
get,corn,1,382,11942,8.373806732540613e-05
get,michael,1,383,11942,8.373806732540613e-05
get,fei,1,384,11942,8.373806732540613e-05
get,teddy_bear,1,385,11942,8.373806732540613e-05
get,mum'll,1,386,11942,8.373806732540613e-05
get,gar,1,387,11942,8.373806732540613e-05
get,gra,1,388,11942,8.373806732540613e-05
get,hal,1,389,11942,8.373806732540613e-05
get,lin,1,390,11942,8.373806732540613e-05
get,bro,1,391,11942,8.373806732540613e-05
get,rom,1,392,11942,8.373806732540613e-05
get,roz,1,393,11942,8.373806732540613e-05
get,zic,1,394,11942,8.373806732540613e-05
get,dea,1,395,11942,8.373806732540613e-05
get,jac,1,396,11942,8.373806732540613e-05
get,egg,1,397,11942,8.373806732540613e-05
get,bye,1,398,11942,8.373806732540613e-05
get,ow,1,399,11942,8.373806732540613e-05
get,peter,1,400,11942,8.373806732540613e-05
get,allie,1,401,11942,8.373806732540613e-05
get,tummy,1,402,11942,8.373806732540613e-05
get,floor,1,403,11942,8.373806732540613e-05
get,ramona,1,404,11942,8.373806732540613e-05
get,almeda,1,405,11942,8.373806732540613e-05
get,bed,1,406,11942,8.373806732540613e-05
get,josh,1,407,11942,8.373806732540613e-05
want,you,8290,1,10830,0.765466297322253
want,i,788,2,10830,0.07276084949215143
want,she,350,3,10830,0.032317636195752536
want,he,304,4,10830,0.028070175438596492
want,we,134,5,10830,0.0123730378578024
want,baby,126,6,10830,0.011634349030470914
want,mommy,99,7,10830,0.009141274238227148
want,who,66,8,10830,0.006094182825484765
want,they,58,9,10830,0.005355493998153278
want,d'you,43,10,10830,0.003970452446906741
want,daddy,41,11,10830,0.003785780240073869
want,ya,38,12,10830,0.0035087719298245615
want,danny,32,13,10830,0.0029547553093259462
want,nina,25,14,10830,0.0023084025854108957
want,mummy,22,15,10830,0.002031394275161588
want,bear,15,16,10830,0.0013850415512465374
want,pooh,15,17,10830,0.0013850415512465374
want,mama,14,18,10830,0.0012927054478301017
want,whatcha,13,19,10830,0.0012003693444136657
want,laura,10,20,10830,0.0009233610341643582
want,it,9,21,10830,0.0008310249307479224
want,teddy,9,22,10830,0.0008310249307479224
want,lady,8,23,10830,0.0007386888273314866
want,elmo,8,24,10830,0.0007386888273314866
want,poohbear,8,25,10830,0.0007386888273314866
want,one,7,26,10830,0.0006463527239150508
want,bunny,6,27,10830,0.000554016620498615
want,elephant,6,28,10830,0.000554016620498615
want,firstname,6,29,10830,0.000554016620498615
want,mom,5,30,10830,0.0004616805170821791
want,°,5,31,10830,0.0004616805170821791
want,man,4,32,10830,0.0003693444136657433
want,jaylen,4,33,10830,0.0003693444136657433
want,what,4,34,10830,0.0003693444136657433
want,horse,4,35,10830,0.0003693444136657433
want,nomi,4,36,10830,0.0003693444136657433
want,▔,4,37,10830,0.0003693444136657433
want,joey,4,38,10830,0.0003693444136657433
want,doggie,3,39,10830,0.0002770083102493075
want,puppet,3,40,10830,0.0002770083102493075
want,dwww,3,41,10830,0.0002770083102493075
want,guy,3,42,10830,0.0002770083102493075
want,boy,3,43,10830,0.0002770083102493075
want,horsie,3,44,10830,0.0002770083102493075
want,cname,3,45,10830,0.0002770083102493075
want,lion,3,46,10830,0.0002770083102493075
want,potato,3,47,10830,0.0002770083102493075
want,kid,3,48,10830,0.0002770083102493075
want,jane,3,49,10830,0.0002770083102493075
want,joseph,3,50,10830,0.0002770083102493075
want,hannah,3,51,10830,0.0002770083102493075
want,dyou,3,52,10830,0.0002770083102493075
want,∆d'you,3,53,10830,0.0002770083102493075
want,carl,3,54,10830,0.0002770083102493075
want,grandma,3,55,10830,0.0002770083102493075
want,dragon,2,56,10830,0.00018467220683287164
want,gail,2,57,10830,0.00018467220683287164
want,peter,2,58,10830,0.00018467220683287164
want,mandy,2,59,10830,0.00018467220683287164
want,someone,2,60,10830,0.00018467220683287164
want,kitty,2,61,10830,0.00018467220683287164
want,girl,2,62,10830,0.00018467220683287164
want,fraser,2,63,10830,0.00018467220683287164
want,eve,2,64,10830,0.00018467220683287164
want,pickle,2,65,10830,0.00018467220683287164
want,penguin,2,66,10830,0.00018467220683287164
want,duck,2,67,10830,0.00018467220683287164
want,animal,2,68,10830,0.00018467220683287164
want,sheep,2,69,10830,0.00018467220683287164
want,chair,2,70,10830,0.00018467220683287164
want,dog,2,71,10830,0.00018467220683287164
want,mary,2,72,10830,0.00018467220683287164
want,chicken,2,73,10830,0.00018467220683287164
want,sally,2,74,10830,0.00018467220683287164
want,that,2,75,10830,0.00018467220683287164
want,lamb,2,76,10830,0.00018467220683287164
want,people,2,77,10830,0.00018467220683287164
want,daisy,2,78,10830,0.00018467220683287164
want,makka_pakka,2,79,10830,0.00018467220683287164
want,ellen,2,80,10830,0.00018467220683287164
want,nobody,2,81,10830,0.00018467220683287164
want,granny,2,82,10830,0.00018467220683287164
want,rabbit,2,83,10830,0.00018467220683287164
want,maggie,2,84,10830,0.00018467220683287164
want,somebody,2,85,10830,0.00018467220683287164
want,sophia,2,86,10830,0.00018467220683287164
want,spot,2,87,10830,0.00018467220683287164
want,bertie,2,88,10830,0.00018467220683287164
want,barney,2,89,10830,0.00018467220683287164
want,nanna,2,90,10830,0.00018467220683287164
want,kitty_cat,2,91,10830,0.00018467220683287164
want,mahmaw,2,92,10830,0.00018467220683287164
want,fei,2,93,10830,0.00018467220683287164
want,bro,2,94,10830,0.00018467220683287164
want,dan,1,95,10830,9.233610341643582e-05
want,dada,1,96,10830,9.233610341643582e-05
want,flower,1,97,10830,9.233610341643582e-05
want,patsy,1,98,10830,9.233610341643582e-05
want,wagon,1,99,10830,9.233610341643582e-05
want,anybody,1,100,10830,9.233610341643582e-05
want,ahoh,1,101,10830,9.233610341643582e-05
want,cat,1,102,10830,9.233610341643582e-05
want,nala,1,103,10830,9.233610341643582e-05
want,simba,1,104,10830,9.233610341643582e-05
want,megan,1,105,10830,9.233610341643582e-05
want,cow,1,106,10830,9.233610341643582e-05
want,picachu,1,107,10830,9.233610341643582e-05
want,fisher,1,108,10830,9.233610341643582e-05
want,henry,1,109,10830,9.233610341643582e-05
want,woody,1,110,10830,9.233610341643582e-05
want,baebae,1,111,10830,9.233610341643582e-05
want,kathy,1,112,10830,9.233610341643582e-05
want,papa,1,113,10830,9.233610341643582e-05
want,doll,1,114,10830,9.233610341643582e-05
want,winnie,1,115,10830,9.233610341643582e-05
want,froggy,1,116,10830,9.233610341643582e-05
want,potatohead,1,117,10830,9.233610341643582e-05
want,thing,1,118,10830,9.233610341643582e-05
want,lily,1,119,10830,9.233610341643582e-05
want,red,1,120,10830,9.233610341643582e-05
want,look,1,121,10830,9.233610341643582e-05
want,yum,1,122,10830,9.233610341643582e-05
want,hush,1,123,10830,9.233610341643582e-05
want,ready,1,124,10830,9.233610341643582e-05
want,mariah,1,125,10830,9.233610341643582e-05
want,phoebe,1,126,10830,9.233610341643582e-05
want,color,1,127,10830,9.233610341643582e-05
want,stefan,1,128,10830,9.233610341643582e-05
want,thank_you,1,129,10830,9.233610341643582e-05
want,yeh,1,130,10830,9.233610341643582e-05
want,cinderella,1,131,10830,9.233610341643582e-05
want,bug,1,132,10830,9.233610341643582e-05
want,ross,1,133,10830,9.233610341643582e-05
want,oscar,1,134,10830,9.233610341643582e-05
want,aislinn,1,135,10830,9.233610341643582e-05
want,bird,1,136,10830,9.233610341643582e-05
want,rachel,1,137,10830,9.233610341643582e-05
want,kitten,1,138,10830,9.233610341643582e-05
want,zach,1,139,10830,9.233610341643582e-05
want,melissa,1,140,10830,9.233610341643582e-05
want,chicken'll,1,141,10830,9.233610341643582e-05
want,brittany,1,142,10830,9.233610341643582e-05
want,which,1,143,10830,9.233610341643582e-05
want,goldie,1,144,10830,9.233610341643582e-05
want,kangaroo,1,145,10830,9.233610341643582e-05
want,catherine,1,146,10830,9.233610341643582e-05
want,nicky,1,147,10830,9.233610341643582e-05
want,yaya,1,148,10830,9.233610341643582e-05
want,finley,1,149,10830,9.233610341643582e-05
want,clarice,1,150,10830,9.233610341643582e-05
want,amelie,1,151,10830,9.233610341643582e-05
want,everyone,1,152,10830,9.233610341643582e-05
want,daniel,1,153,10830,9.233610341643582e-05
want,person,1,154,10830,9.233610341643582e-05
want,ellie,1,155,10830,9.233610341643582e-05
want,boot,1,156,10830,9.233610341643582e-05
want,hakeem,1,157,10830,9.233610341643582e-05
want,alfie,1,158,10830,9.233610341643582e-05
want,your,1,159,10830,9.233610341643582e-05
want,sally_face,1,160,10830,9.233610341643582e-05
want,job,1,161,10830,9.233610341643582e-05
want,ted,1,162,10830,9.233610341643582e-05
want,mister_leopard,1,163,10830,9.233610341643582e-05
want,zoe,1,164,10830,9.233610341643582e-05
want,d'ya,1,165,10830,9.233610341643582e-05
want,∆d'you∆,1,166,10830,9.233610341643582e-05
want,cubah,1,167,10830,9.233610341643582e-05
want,nicola,1,168,10830,9.233610341643582e-05
want,howe,1,169,10830,9.233610341643582e-05
want,abi,1,170,10830,9.233610341643582e-05
want,lara,1,171,10830,9.233610341643582e-05
want,paddington_bear,1,172,10830,9.233610341643582e-05
want,anne,1,173,10830,9.233610341643582e-05
want,paddington,1,174,10830,9.233610341643582e-05
want,train,1,175,10830,9.233610341643582e-05
want,zita,1,176,10830,9.233610341643582e-05
want,percy,1,177,10830,9.233610341643582e-05
want,dominic,1,178,10830,9.233610341643582e-05
want,mummie,1,179,10830,9.233610341643582e-05
want,caroline,1,180,10830,9.233610341643582e-05
want,anna,1,181,10830,9.233610341643582e-05
want,liz,1,182,10830,9.233610341643582e-05
want,dinosaur,1,183,10830,9.233610341643582e-05
want,baba,1,184,10830,9.233610341643582e-05
want,ticky,1,185,10830,9.233610341643582e-05
want,puss,1,186,10830,9.233610341643582e-05
want,daddy'll,1,187,10830,9.233610341643582e-05
want,rachael,1,188,10830,9.233610341643582e-05
want,doggy,1,189,10830,9.233610341643582e-05
want,richard,1,190,10830,9.233610341643582e-05
want,our,1,191,10830,9.233610341643582e-05
want,airplane,1,192,10830,9.233610341643582e-05
want,goofy,1,193,10830,9.233610341643582e-05
want,woo,1,194,10830,9.233610341643582e-05
want,thomas,1,195,10830,9.233610341643582e-05
want,porsche,1,196,10830,9.233610341643582e-05
want,mey,1,197,10830,9.233610341643582e-05
want,lookee,1,198,10830,9.233610341643582e-05
want,stinker,1,199,10830,9.233610341643582e-05
want,shayna,1,200,10830,9.233610341643582e-05
want,help,1,201,10830,9.233610341643582e-05
want,ramona,1,202,10830,9.233610341643582e-05
want,gaston,1,203,10830,9.233610341643582e-05
want,jacob,1,204,10830,9.233610341643582e-05
want,mammy,1,205,10830,9.233610341643582e-05
want,tansy,1,206,10830,9.233610341643582e-05
want,nenna,1,207,10830,9.233610341643582e-05
have,you,3235,1,10584,0.30565003779289496
have,we,1709,2,10584,0.16147014361300074
have,i,1541,3,10584,0.14559712773998487
have,he,718,4,10584,0.06783824640967498
have,she,652,5,10584,0.06160241874527589
have,they,364,6,10584,0.03439153439153439
have,mommy,261,7,10584,0.02465986394557823
have,it,234,8,10584,0.022108843537414966
have,baby,150,9,10584,0.01417233560090703
have,us,133,10,10584,0.012566137566137565
have,daddy,107,11,10584,0.010109599395313681
have,one,91,12,10584,0.008597883597883597
have,mummy,79,13,10584,0.007464096749811035
have,that,65,14,10584,0.0061413454270597126
have,who,47,15,10584,0.004440665154950869
have,piggy,45,16,10584,0.004251700680272109
have,mama,40,17,10584,0.003779289493575208
have,nina,29,18,10584,0.0027399848828420256
have,boy,28,19,10584,0.0026455026455026454
have,mom,25,20,10584,0.002362055933484505
have,macdonald,21,21,10584,0.001984126984126984
have,dog,14,22,10584,0.0013227513227513227
have,lemme,14,23,10584,0.0013227513227513227
have,guy,13,24,10584,0.0012282690854119426
have,firstname,13,25,10584,0.0012282690854119426
have,man,12,26,10584,0.0011337868480725624
have,danny,12,27,10584,0.0011337868480725624
have,this,12,28,10584,0.0011337868480725624
have,wanna,11,29,10584,0.0010393046107331821
have,everybody,10,30,10584,0.000944822373393802
have,car,10,31,10584,0.000944822373393802
have,girl,10,32,10584,0.000944822373393802
have,eve,10,33,10584,0.000944822373393802
have,sarah,10,34,10584,0.000944822373393802
have,mahmaw,10,35,10584,0.000944822373393802
have,go,9,36,10584,0.0008503401360544217
have,kitty,9,37,10584,0.0008503401360544217
have,farmer,9,38,10584,0.0008503401360544217
have,travis,9,39,10584,0.0008503401360544217
have,book,8,40,10584,0.0007558578987150416
have,laura,8,41,10584,0.0007558578987150416
have,rabbit,8,42,10584,0.0007558578987150416
have,fraser,8,43,10584,0.0007558578987150416
have,cname,8,44,10584,0.0007558578987150416
have,carl,8,45,10584,0.0007558578987150416
have,doggie,7,46,10584,0.0006613756613756613
have,bear,7,47,10584,0.0006613756613756613
have,tree,7,48,10584,0.0006613756613756613
have,erin,7,49,10584,0.0006613756613756613
have,mummie,7,50,10584,0.0006613756613756613
have,ya,6,51,10584,0.0005668934240362812
have,yours,6,52,10584,0.0005668934240362812
have,truck,6,53,10584,0.0005668934240362812
have,lady,6,54,10584,0.0005668934240362812
have,cat,6,55,10584,0.0005668934240362812
have,needta,6,56,10584,0.0005668934240362812
have,brother,6,57,10584,0.0005668934240362812
have,what,6,58,10584,0.0005668934240362812
have,daisy,6,59,10584,0.0005668934240362812
have,bunny,5,60,10584,0.000472411186696901
have,lois,5,61,10584,0.000472411186696901
have,dwww,5,62,10584,0.000472411186696901
have,bird,5,63,10584,0.000472411186696901
have,some,5,64,10584,0.000472411186696901
have,baba,5,65,10584,0.000472411186696901
have,cow,5,66,10584,0.000472411186696901
have,roy,5,67,10584,0.000472411186696901
have,rachel,5,68,10584,0.000472411186696901
have,useta,5,69,10584,0.000472411186696901
have,thomas,5,70,10584,0.000472411186696901
have,grandma,5,71,10584,0.000472411186696901
have,mummy'll,5,72,10584,0.000472411186696901
have,peter,4,73,10584,0.0003779289493575208
have,sheep,4,74,10584,0.0003779289493575208
have,jwww,4,75,10584,0.0003779289493575208
have,recorder,4,76,10584,0.0003779289493575208
have,old_macdonald,4,77,10584,0.0003779289493575208
have,the,4,78,10584,0.0003779289493575208
have,cromer,4,79,10584,0.0003779289493575208
have,frog,4,80,10584,0.0003779289493575208
have,table,4,81,10584,0.0003779289493575208
have,elephant,4,82,10584,0.0003779289493575208
have,kasey,4,83,10584,0.0003779289493575208
have,somebody,4,84,10584,0.0003779289493575208
have,piggie,4,85,10584,0.0003779289493575208
have,sister,4,86,10584,0.0003779289493575208
have,bert,4,87,10584,0.0003779289493575208
have,phone,4,88,10584,0.0003779289493575208
have,emma,4,89,10584,0.0003779289493575208
have,teddy,4,90,10584,0.0003779289493575208
have,mum,4,91,10584,0.0003779289493575208
have,jesse,4,92,10584,0.0003779289493575208
have,mey,4,93,10584,0.0003779289493575208
have,rom,4,94,10584,0.0003779289493575208
have,lauren,3,95,10584,0.0002834467120181406
have,child,3,96,10584,0.0002834467120181406
have,eric,3,97,10584,0.0002834467120181406
have,mwww,3,98,10584,0.0002834467120181406
have,anyone,3,99,10584,0.0002834467120181406
have,timmy,3,100,10584,0.0002834467120181406
have,christopher,3,101,10584,0.0002834467120181406
have,mommy'll,3,102,10584,0.0002834467120181406
have,monkey,3,103,10584,0.0002834467120181406
have,fish,3,104,10584,0.0002834467120181406
have,winnie_the_pooh,3,105,10584,0.0002834467120181406
have,maggie,3,106,10584,0.0002834467120181406
have,hasta,3,107,10584,0.0002834467120181406
have,papa,3,108,10584,0.0002834467120181406
have,these,3,109,10584,0.0002834467120181406
have,rebecca,3,110,10584,0.0002834467120181406
have,barney,3,111,10584,0.0002834467120181406
have,kitten,3,112,10584,0.0002834467120181406
have,train,3,113,10584,0.0002834467120181406
have,jane,3,114,10584,0.0002834467120181406
have,lot,3,115,10584,0.0002834467120181406
have,kalie,3,116,10584,0.0002834467120181406
have,mouse,3,117,10584,0.0002834467120181406
have,mammy,3,118,10584,0.0002834467120181406
have,bob,3,119,10584,0.0002834467120181406
have,°,3,120,10584,0.0002834467120181406
have,zita,3,121,10584,0.0002834467120181406
have,pg,3,122,10584,0.0002834467120181406
have,clock,3,123,10584,0.0002834467120181406
have,josh,3,124,10584,0.0002834467120181406
have,patrick,2,125,10584,0.0001889644746787604
have,susie,2,126,10584,0.0001889644746787604
have,digby,2,127,10584,0.0001889644746787604
have,kristin,2,128,10584,0.0001889644746787604
have,shirt,2,129,10584,0.0001889644746787604
have,jack,2,130,10584,0.0001889644746787604
have,nanny,2,131,10584,0.0001889644746787604
have,swww,2,132,10584,0.0001889644746787604
have,matthew,2,133,10584,0.0001889644746787604
have,those,2,134,10584,0.0001889644746787604
have,pokemon,2,135,10584,0.0001889644746787604
have,puppy,2,136,10584,0.0001889644746787604
have,butterfly,2,137,10584,0.0001889644746787604
have,water,2,138,10584,0.0001889644746787604
have,dyeisha,2,139,10584,0.0001889644746787604
have,donald,2,140,10584,0.0001889644746787604
have,op,2,141,10584,0.0001889644746787604
have,horsie,2,142,10584,0.0001889644746787604
have,lion,2,143,10584,0.0001889644746787604
have,tractor,2,144,10584,0.0001889644746787604
have,pooh,2,145,10584,0.0001889644746787604
have,sissy,2,146,10584,0.0001889644746787604
have,mrpotatohead,2,147,10584,0.0001889644746787604
have,potato,2,148,10584,0.0001889644746787604
have,potatohead,2,149,10584,0.0001889644746787604
have,mine,2,150,10584,0.0001889644746787604
have,granny,2,151,10584,0.0001889644746787604
have,noah,2,152,10584,0.0001889644746787604
have,giraffe,2,153,10584,0.0001889644746787604
have,wife,2,154,10584,0.0001889644746787604
have,+,2,155,10584,0.0001889644746787604
have,ross,2,156,10584,0.0001889644746787604
have,honey,2,157,10584,0.0001889644746787604
have,michael,2,158,10584,0.0001889644746787604
have,clown,2,159,10584,0.0001889644746787604
have,kangaroo,2,160,10584,0.0001889644746787604
have,ema,2,161,10584,0.0001889644746787604
have,katie,2,162,10584,0.0001889644746787604
have,duck,2,163,10584,0.0001889644746787604
have,daughter,2,164,10584,0.0001889644746787604
have,grownup,2,165,10584,0.0001889644746787604
have,beaver,2,166,10584,0.0001889644746787604
have,kid,2,167,10584,0.0001889644746787604
have,animal,2,168,10584,0.0001889644746787604
have,jenny,2,169,10584,0.0001889644746787604
have,sally,2,170,10584,0.0001889644746787604
have,brittany,2,171,10584,0.0001889644746787604
have,horse,2,172,10584,0.0001889644746787604
have,lucy,2,173,10584,0.0001889644746787604
have,alexander,2,174,10584,0.0001889644746787604
have,kind,2,175,10584,0.0001889644746787604
have,observer,2,176,10584,0.0001889644746787604
have,mcdonald,2,177,10584,0.0001889644746787604
have,alice,2,178,10584,0.0001889644746787604
have,clarice,2,179,10584,0.0001889644746787604
have,boat,2,180,10584,0.0001889644746787604
have,polly,2,181,10584,0.0001889644746787604
have,daniel,2,182,10584,0.0001889644746787604
have,nurse,2,183,10584,0.0001889644746787604
have,people,2,184,10584,0.0001889644746787604
have,toe,2,185,10584,0.0001889644746787604
have,poppy_cat,2,186,10584,0.0001889644746787604
have,mia,2,187,10584,0.0001889644746787604
have,grandad,2,188,10584,0.0001889644746787604
have,hers,2,189,10584,0.0001889644746787604
have,zach,2,190,10584,0.0001889644746787604
have,cup,2,191,10584,0.0001889644746787604
have,alistair,2,192,10584,0.0001889644746787604
have,nicola,2,193,10584,0.0001889644746787604
have,eye,2,194,10584,0.0001889644746787604
have,emily,2,195,10584,0.0001889644746787604
have,anne,2,196,10584,0.0001889644746787604
have,tiger,2,197,10584,0.0001889644746787604
have,panda,2,198,10584,0.0001889644746787604
have,johnny,2,199,10584,0.0001889644746787604
have,let,2,200,10584,0.0001889644746787604
have,neither,2,201,10584,0.0001889644746787604
have,doll,2,202,10584,0.0001889644746787604
have,warren,2,203,10584,0.0001889644746787604
have,carol,2,204,10584,0.0001889644746787604
have,benjamin,2,205,10584,0.0001889644746787604
have,robert,2,206,10584,0.0001889644746787604
have,mr_potato_head,2,207,10584,0.0001889644746787604
have,dad,2,208,10584,0.0001889644746787604
have,uncle_ronny,2,209,10584,0.0001889644746787604
have,chad,2,210,10584,0.0001889644746787604
have,food,1,211,10584,9.44822373393802e-05
have,plate,1,212,10584,9.44822373393802e-05
have,shoe,1,213,10584,9.44822373393802e-05
have,mother,1,214,10584,9.44822373393802e-05
have,mousie,1,215,10584,9.44822373393802e-05
have,thank_you,1,216,10584,9.44822373393802e-05
have,dragon,1,217,10584,9.44822373393802e-05
have,cindy,1,218,10584,9.44822373393802e-05
have,most,1,219,10584,9.44822373393802e-05
have,vehicle,1,220,10584,9.44822373393802e-05
have,ew,1,221,10584,9.44822373393802e-05
have,gwww,1,222,10584,9.44822373393802e-05
have,mrs_gwww,1,223,10584,9.44822373393802e-05
have,owww,1,224,10584,9.44822373393802e-05
have,strawberry,1,225,10584,9.44822373393802e-05
have,peanut,1,226,10584,9.44822373393802e-05
have,morgie,1,227,10584,9.44822373393802e-05
have,cj,1,228,10584,9.44822373393802e-05
have,morgan,1,229,10584,9.44822373393802e-05
have,mandy,1,230,10584,9.44822373393802e-05
have,face,1,231,10584,9.44822373393802e-05
have,squirrelie,1,232,10584,9.44822373393802e-05
have,tummy,1,233,10584,9.44822373393802e-05
have,lord,1,234,10584,9.44822373393802e-05
have,wolf,1,235,10584,9.44822373393802e-05
have,everyone,1,236,10584,9.44822373393802e-05
have,do,1,237,10584,9.44822373393802e-05
have,sandal,1,238,10584,9.44822373393802e-05
have,beef,1,239,10584,9.44822373393802e-05
have,terry,1,240,10584,9.44822373393802e-05
have,moose,1,241,10584,9.44822373393802e-05
have,ten,1,242,10584,9.44822373393802e-05
have,mom_mom,1,243,10584,9.44822373393802e-05
have,henry,1,244,10584,9.44822373393802e-05
have,mopsy,1,245,10584,9.44822373393802e-05
have,yulibobs,1,246,10584,9.44822373393802e-05
have,egg,1,247,10584,9.44822373393802e-05
have,nana,1,248,10584,9.44822373393802e-05
have,rangy,1,249,10584,9.44822373393802e-05
have,cathy,1,250,10584,9.44822373393802e-05
have,cheese,1,251,10584,9.44822373393802e-05
have,pizza,1,252,10584,9.44822373393802e-05
have,pen,1,253,10584,9.44822373393802e-05
have,orange,1,254,10584,9.44822373393802e-05
have,peewee,1,255,10584,9.44822373393802e-05
have,mommmy,1,256,10584,9.44822373393802e-05
have,oname,1,257,10584,9.44822373393802e-05
have,other,1,258,10584,9.44822373393802e-05
have,froggy,1,259,10584,9.44822373393802e-05
have,mr,1,260,10584,9.44822373393802e-05
have,dumpty,1,261,10584,9.44822373393802e-05
have,winnie,1,262,10584,9.44822373393802e-05
have,angie,1,263,10584,9.44822373393802e-05
have,angus,1,264,10584,9.44822373393802e-05
have,kasey'll,1,265,10584,9.44822373393802e-05
have,shania,1,266,10584,9.44822373393802e-05
have,alicia,1,267,10584,9.44822373393802e-05
have,sydney,1,268,10584,9.44822373393802e-05
have,malik,1,269,10584,9.44822373393802e-05
have,shelby,1,270,10584,9.44822373393802e-05
have,glen,1,271,10584,9.44822373393802e-05
have,wayne,1,272,10584,9.44822373393802e-05
have,bag,1,273,10584,9.44822373393802e-05
have,moon,1,274,10584,9.44822373393802e-05
have,mishayla,1,275,10584,9.44822373393802e-05
have,ambulance,1,276,10584,9.44822373393802e-05
have,seal,1,277,10584,9.44822373393802e-05
have,bat,1,278,10584,9.44822373393802e-05
have,uncle,1,279,10584,9.44822373393802e-05
have,griggs,1,280,10584,9.44822373393802e-05
have,yeh,1,281,10584,9.44822373393802e-05
have,eater,1,282,10584,9.44822373393802e-05
have,pinocchio,1,283,10584,9.44822373393802e-05
have,puppet,1,284,10584,9.44822373393802e-05
have,jamie,1,285,10584,9.44822373393802e-05
have,jean,1,286,10584,9.44822373393802e-05
have,grammy,1,287,10584,9.44822373393802e-05
have,norman,1,288,10584,9.44822373393802e-05
have,calf,1,289,10584,9.44822373393802e-05
have,i_mean,1,290,10584,9.44822373393802e-05
have,neva,1,291,10584,9.44822373393802e-05
have,costello,1,292,10584,9.44822373393802e-05
have,kokowk,1,293,10584,9.44822373393802e-05
have,city,1,294,10584,9.44822373393802e-05
have,apple,1,295,10584,9.44822373393802e-05
have,bite,1,296,10584,9.44822373393802e-05
have,swing,1,297,10584,9.44822373393802e-05
have,ben,1,298,10584,9.44822373393802e-05
have,song,1,299,10584,9.44822373393802e-05
have,kathy,1,300,10584,9.44822373393802e-05
have,whoop,1,301,10584,9.44822373393802e-05
have,lisa,1,302,10584,9.44822373393802e-05
have,mot,1,303,10584,9.44822373393802e-05
have,nomi,1,304,10584,9.44822373393802e-05
have,your,1,305,10584,9.44822373393802e-05
have,wall,1,306,10584,9.44822373393802e-05
have,part,1,307,10584,9.44822373393802e-05
have,sticky,1,308,10584,9.44822373393802e-05
have,paper,1,309,10584,9.44822373393802e-05
have,doggy,1,310,10584,9.44822373393802e-05
have,slate,1,311,10584,9.44822373393802e-05
have,chick,1,312,10584,9.44822373393802e-05
have,bud,1,313,10584,9.44822373393802e-05
have,julia,1,314,10584,9.44822373393802e-05
have,duncan,1,315,10584,9.44822373393802e-05
have,ion,1,316,10584,9.44822373393802e-05
have,zack,1,317,10584,9.44822373393802e-05
have,marco,1,318,10584,9.44822373393802e-05
have,doctor,1,319,10584,9.44822373393802e-05
have,broom,1,320,10584,9.44822373393802e-05
have,adam,1,321,10584,9.44822373393802e-05
have,ge,1,322,10584,9.44822373393802e-05
have,finley,1,323,10584,9.44822373393802e-05
have,time,1,324,10584,9.44822373393802e-05
have,colin,1,325,10584,9.44822373393802e-05
have,beard,1,326,10584,9.44822373393802e-05
have,max,1,327,10584,9.44822373393802e-05
have,bit,1,328,10584,9.44822373393802e-05
have,mister_bunny,1,329,10584,9.44822373393802e-05
have,friend,1,330,10584,9.44822373393802e-05
have,freya,1,331,10584,9.44822373393802e-05
have,pea,1,332,10584,9.44822373393802e-05
have,much,1,333,10584,9.44822373393802e-05
have,skill,1,334,10584,9.44822373393802e-05
have,hanna,1,335,10584,9.44822373393802e-05
have,hannah,1,336,10584,9.44822373393802e-05
have,box,1,337,10584,9.44822373393802e-05
have,bicycle,1,338,10584,9.44822373393802e-05
have,jennifer,1,339,10584,9.44822373393802e-05
have,jeremy,1,340,10584,9.44822373393802e-05
have,joanna,1,341,10584,9.44822373393802e-05
have,casey,1,342,10584,9.44822373393802e-05
have,allie,1,343,10584,9.44822373393802e-05
have,mum'll,1,344,10584,9.44822373393802e-05
have,mummum,1,345,10584,9.44822373393802e-05
have,toy,1,346,10584,9.44822373393802e-05
have,mama'll,1,347,10584,9.44822373393802e-05
have,garage,1,348,10584,9.44822373393802e-05
have,jake,1,349,10584,9.44822373393802e-05
have,dada,1,350,10584,9.44822373393802e-05
have,agogo,1,351,10584,9.44822373393802e-05
have,daddy'll,1,352,10584,9.44822373393802e-05
have,sainsbury,1,353,10584,9.44822373393802e-05
have,helping,1,354,10584,9.44822373393802e-05
have,space,1,355,10584,9.44822373393802e-05
have,le,1,356,10584,9.44822373393802e-05
have,∆you,1,357,10584,9.44822373393802e-05
have,b↓e↑,1,358,10584,9.44822373393802e-05
have,mortgage,1,359,10584,9.44822373393802e-05
have,goona,1,360,10584,9.44822373393802e-05
have,silvia⁎,1,361,10584,9.44822373393802e-05
have,door,1,362,10584,9.44822373393802e-05
have,hair,1,363,10584,9.44822373393802e-05
have,shell,1,364,10584,9.44822373393802e-05
have,brush,1,365,10584,9.44822373393802e-05
have,dadaw,1,366,10584,9.44822373393802e-05
have,pebbles,1,367,10584,9.44822373393802e-05
have,name,1,368,10584,9.44822373393802e-05
have,jim,1,369,10584,9.44822373393802e-05
have,abi,1,370,10584,9.44822373393802e-05
have,person,1,371,10584,9.44822373393802e-05
have,glass,1,372,10584,9.44822373393802e-05
have,money,1,373,10584,9.44822373393802e-05
have,dolly'll,1,374,10584,9.44822373393802e-05
have,fascination,1,375,10584,9.44822373393802e-05
have,worzel,1,376,10584,9.44822373393802e-05
have,noise,1,377,10584,9.44822373393802e-05
have,none,1,378,10584,9.44822373393802e-05
have,amy,1,379,10584,9.44822373393802e-05
have,piglet,1,380,10584,9.44822373393802e-05
have,clue,1,381,10584,9.44822373393802e-05
have,rhino,1,382,10584,9.44822373393802e-05
have,joel,1,383,10584,9.44822373393802e-05
have,sticker,1,384,10584,9.44822373393802e-05
have,penguin,1,385,10584,9.44822373393802e-05
have,house,1,386,10584,9.44822373393802e-05
have,steamroller,1,387,10584,9.44822373393802e-05
have,thomas_the_tank_engine,1,388,10584,9.44822373393802e-05
have,ruth,1,389,10584,9.44822373393802e-05
have,babas,1,390,10584,9.44822373393802e-05
have,abbey,1,391,10584,9.44822373393802e-05
have,hand,1,392,10584,9.44822373393802e-05
have,anything,1,393,10584,9.44822373393802e-05
have,pooed,1,394,10584,9.44822373393802e-05
have,work,1,395,10584,9.44822373393802e-05
have,ian,1,396,10584,9.44822373393802e-05
have,be,1,397,10584,9.44822373393802e-05
have,lee_lee,1,398,10584,9.44822373393802e-05
have,bears,1,399,10584,9.44822373393802e-05
have,harriet,1,400,10584,9.44822373393802e-05
have,come,1,401,10584,9.44822373393802e-05
have,mess,1,402,10584,9.44822373393802e-05
have,byebye,1,403,10584,9.44822373393802e-05
have,pal,1,404,10584,9.44822373393802e-05
have,paul,1,405,10584,9.44822373393802e-05
have,em,1,406,10584,9.44822373393802e-05
have,lorna,1,407,10584,9.44822373393802e-05
have,number,1,408,10584,9.44822373393802e-05
have,big_bird,1,409,10584,9.44822373393802e-05
have,spoon,1,410,10584,9.44822373393802e-05
have,telephone,1,411,10584,9.44822373393802e-05
have,whoops,1,412,10584,9.44822373393802e-05
have,goofy,1,413,10584,9.44822373393802e-05
have,town,1,414,10584,9.44822373393802e-05
have,all,1,415,10584,9.44822373393802e-05
have,bus,1,416,10584,9.44822373393802e-05
have,dress,1,417,10584,9.44822373393802e-05
have,kiss,1,418,10584,9.44822373393802e-05
have,farm,1,419,10584,9.44822373393802e-05
have,collin,1,420,10584,9.44822373393802e-05
have,anybody,1,421,10584,9.44822373393802e-05
have,mm,1,422,10584,9.44822373393802e-05
have,look,1,423,10584,9.44822373393802e-05
have,sam,1,424,10584,9.44822373393802e-05
have,spaghetti,1,425,10584,9.44822373393802e-05
have,gramma,1,426,10584,9.44822373393802e-05
have,ball,1,427,10584,9.44822373393802e-05
have,camera,1,428,10584,9.44822373393802e-05
have,nan,1,429,10584,9.44822373393802e-05
have,fei,1,430,10584,9.44822373393802e-05
have,gig,1,431,10584,9.44822373393802e-05
have,raggedy_ann,1,432,10584,9.44822373393802e-05
have,marker,1,433,10584,9.44822373393802e-05
have,lid,1,434,10584,9.44822373393802e-05
have,bro,1,435,10584,9.44822373393802e-05
have,mye,1,436,10584,9.44822373393802e-05
have,zipper,1,437,10584,9.44822373393802e-05
have,zic,1,438,10584,9.44822373393802e-05
have,jon,1,439,10584,9.44822373393802e-05
have,brianne,1,440,10584,9.44822373393802e-05
have,tyler,1,441,10584,9.44822373393802e-05
have,engine,1,442,10584,9.44822373393802e-05
have,byron,1,443,10584,9.44822373393802e-05
have,natalie,1,444,10584,9.44822373393802e-05
have,dan,1,445,10584,9.44822373393802e-05
have,day,1,446,10584,9.44822373393802e-05
have,pacific,1,447,10584,9.44822373393802e-05
have,mouth,1,448,10584,9.44822373393802e-05
have,zip,1,449,10584,9.44822373393802e-05
have,monster,1,450,10584,9.44822373393802e-05
have,danielle,1,451,10584,9.44822373393802e-05
have,joey,1,452,10584,9.44822373393802e-05
have,icecream,1,453,10584,9.44822373393802e-05
have,adolfo,1,454,10584,9.44822373393802e-05
have,bed,1,455,10584,9.44822373393802e-05
have,almeda,1,456,10584,9.44822373393802e-05
have,edena,1,457,10584,9.44822373393802e-05
have,little,1,458,10584,9.44822373393802e-05
have,megan,1,459,10584,9.44822373393802e-05
have,jamal,1,460,10584,9.44822373393802e-05
have,momma,1,461,10584,9.44822373393802e-05
have,ursula,1,462,10584,9.44822373393802e-05
have,picture,1,463,10584,9.44822373393802e-05
have,ken,1,464,10584,9.44822373393802e-05
have,corey,1,465,10584,9.44822373393802e-05
have,pinichio,1,466,10584,9.44822373393802e-05
have,line,1,467,10584,9.44822373393802e-05
have,school,1,468,10584,9.44822373393802e-05
have,lizard,1,469,10584,9.44822373393802e-05
have,dot,1,470,10584,9.44822373393802e-05
have,mamma,1,471,10584,9.44822373393802e-05
see,you,3046,1,8715,0.34951233505450374
see,i,2374,2,8715,0.272403901319564
see,us,1522,3,8715,0.17464142283419393
see,we,792,4,8715,0.09087779690189329
see,wanna,256,5,8715,0.029374641422834195
see,lemme,132,6,8715,0.015146299483648882
see,he,122,7,8715,0.013998852553069421
see,she,82,8,8715,0.009409064830751577
see,mommy,43,9,8715,0.004934021801491681
see,mummy,34,10,8715,0.0039013195639701665
see,they,29,11,8715,0.003327596098680436
see,ya,22,12,8715,0.0025243832472748137
see,mama,18,13,8715,0.002065404475043029
see,carl,15,14,8715,0.0017211703958691911
see,let,13,15,8715,0.001491681009753299
see,daddy,12,16,8715,0.001376936316695353
see,it,11,17,8715,0.0012621916236374069
see,rachel,8,18,8715,0.0009179575444635686
see,whatcha,7,19,8715,0.0008032128514056225
see,baby,7,20,8715,0.0008032128514056225
see,lookee,6,21,8715,0.0006884681583476765
see,mom,5,22,8715,0.0005737234652897303
see,this,4,23,8715,0.0004589787722317843
see,mickey,4,24,8715,0.0004589787722317843
see,everybody,4,25,8715,0.0004589787722317843
see,baby_mickey,3,26,8715,0.00034423407917383823
see,bird,3,27,8715,0.00034423407917383823
see,somebody,3,28,8715,0.00034423407917383823
see,camera,3,29,8715,0.00034423407917383823
see,one,3,30,8715,0.00034423407917383823
see,ball,3,31,8715,0.00034423407917383823
see,mahmaw,3,32,8715,0.00034423407917383823
see,bunny,2,33,8715,0.00022948938611589215
see,anybody,2,34,8715,0.00022948938611589215
see,the,2,35,8715,0.00022948938611589215
see,laura,2,36,8715,0.00022948938611589215
see,who,2,37,8715,0.00022948938611589215
see,nina,2,38,8715,0.00022948938611589215
see,doggie,2,39,8715,0.00022948938611589215
see,elephant,2,40,8715,0.00022948938611589215
see,bear,2,41,8715,0.00022948938611589215
see,anyone,2,42,8715,0.00022948938611589215
see,herself,2,43,8715,0.00022948938611589215
see,book,2,44,8715,0.00022948938611589215
see,that,2,45,8715,0.00022948938611589215
see,fish,2,46,8715,0.00022948938611589215
see,h,2,47,8715,0.00022948938611589215
see,granny,2,48,8715,0.00022948938611589215
see,mum,2,49,8715,0.00022948938611589215
see,what,2,50,8715,0.00022948938611589215
see,byebye,2,51,8715,0.00022948938611589215
see,joann,2,52,8715,0.00022948938611589215
see,mey,2,53,8715,0.00022948938611589215
see,ew,2,54,8715,0.00022948938611589215
see,inge,1,55,8715,0.00011474469305794607
see,hand,1,56,8715,0.00011474469305794607
see,puppet,1,57,8715,0.00011474469305794607
see,eric,1,58,8715,0.00011474469305794607
see,button,1,59,8715,0.00011474469305794607
see,airplane,1,60,8715,0.00011474469305794607
see,seesaw,1,61,8715,0.00011474469305794607
see,patsy,1,62,8715,0.00011474469305794607
see,angel,1,63,8715,0.00011474469305794607
see,moon,1,64,8715,0.00011474469305794607
see,nobody,1,65,8715,0.00011474469305794607
see,alexander,1,66,8715,0.00011474469305794607
see,nala,1,67,8715,0.00011474469305794607
see,simba,1,68,8715,0.00011474469305794607
see,dakota,1,69,8715,0.00011474469305794607
see,basket,1,70,8715,0.00011474469305794607
see,kim,1,71,8715,0.00011474469305794607
see,forehead,1,72,8715,0.00011474469305794607
see,rabbit,1,73,8715,0.00011474469305794607
see,fraser,1,74,8715,0.00011474469305794607
see,danny,1,75,8715,0.00011474469305794607
see,wamma,1,76,8715,0.00011474469305794607
see,glass,1,77,8715,0.00011474469305794607
see,cname,1,78,8715,0.00011474469305794607
see,colleen,1,79,8715,0.00011474469305794607
see,meagan,1,80,8715,0.00011474469305794607
see,cann't,1,81,8715,0.00011474469305794607
see,uhoh,1,82,8715,0.00011474469305794607
see,nose,1,83,8715,0.00011474469305794607
see,brittney,1,84,8715,0.00011474469305794607
see,tickle,1,85,8715,0.00011474469305794607
see,word,1,86,8715,0.00011474469305794607
see,kiddo,1,87,8715,0.00011474469305794607
see,beard,1,88,8715,0.00011474469305794607
see,stove,1,89,8715,0.00011474469305794607
see,michelle,1,90,8715,0.00011474469305794607
see,jackie,1,91,8715,0.00011474469305794607
see,pete,1,92,8715,0.00011474469305794607
see,whoop,1,93,8715,0.00011474469305794607
see,john,1,94,8715,0.00011474469305794607
see,whee,1,95,8715,0.00011474469305794607
see,melissa,1,96,8715,0.00011474469305794607
see,mash,1,97,8715,0.00011474469305794607
see,pg,1,98,8715,0.00011474469305794607
see,push,1,99,8715,0.00011474469305794607
see,ten,1,100,8715,0.00011474469305794607
see,travis,1,101,8715,0.00011474469305794607
see,swing,1,102,8715,0.00011474469305794607
see,uhhum,1,103,8715,0.00011474469305794607
see,kalie,1,104,8715,0.00011474469305794607
see,sister,1,105,8715,0.00011474469305794607
see,mot,1,106,8715,0.00011474469305794607
see,nomi,1,107,8715,0.00011474469305794607
see,theo,1,108,8715,0.00011474469305794607
see,moo,1,109,8715,0.00011474469305794607
see,god,1,110,8715,0.00011474469305794607
see,d,1,111,8715,0.00011474469305794607
see,everyone,1,112,8715,0.00011474469305794607
see,jennifer,1,113,8715,0.00011474469305794607
see,°,1,114,8715,0.00011474469305794607
see,dja,1,115,8715,0.00011474469305794607
see,lara,1,116,8715,0.00011474469305794607
see,percy,1,117,8715,0.00011474469305794607
see,sharon,1,118,8715,0.00011474469305794607
see,yeh,1,119,8715,0.00011474469305794607
see,dad,1,120,8715,0.00011474469305794607
see,firstname,1,121,8715,0.00011474469305794607
see,guy,1,122,8715,0.00011474469305794607
see,horse,1,123,8715,0.00011474469305794607
see,baah,1,124,8715,0.00011474469305794607
see,fei,1,125,8715,0.00011474469305794607
see,gal,1,126,8715,0.00011474469305794607
see,gar,1,127,8715,0.00011474469305794607
see,gla,1,128,8715,0.00011474469305794607
see,crayon,1,129,8715,0.00011474469305794607
see,girl,1,130,8715,0.00011474469305794607
see,gst,1,131,8715,0.00011474469305794607
see,son,1,132,8715,0.00011474469305794607
see,mother,1,133,8715,0.00011474469305794607
see,casey,1,134,8715,0.00011474469305794607
see,ramona,1,135,8715,0.00011474469305794607
see,kalkin,1,136,8715,0.00011474469305794607
put,you,3178,1,7888,0.4028904665314402
put,we,1684,2,7888,0.21348884381338742
put,i,958,3,7888,0.12145030425963489
put,us,729,4,7888,0.09241886409736308
put,wanna,434,5,7888,0.05502028397565923
put,mommy,137,6,7888,0.01736815415821501
put,she,77,7,7888,0.009761663286004058
put,daddy,77,8,7888,0.009761663286004058
put,he,74,9,7888,0.009381338742393509
put,mummy,50,10,7888,0.006338742393509128
put,lemme,28,11,7888,0.0035496957403651115
put,they,25,12,7888,0.003169371196754564
put,mama,17,13,7888,0.0021551724137931034
put,who,16,14,7888,0.002028397565922921
put,needta,15,15,7888,0.0019016227180527383
put,carl,14,16,7888,0.0017748478701825558
put,nomi,14,17,7888,0.0017748478701825558
put,go,13,18,7888,0.0016480730223123732
put,mom,12,19,7888,0.0015212981744421906
put,it,12,20,7888,0.0015212981744421906
put,baby,10,21,7888,0.0012677484787018255
put,ya,9,22,7888,0.001140973630831643
put,boy,9,23,7888,0.001140973630831643
put,somebody,8,24,7888,0.0010141987829614604
put,op,8,25,7888,0.0010141987829614604
put,firstname,8,26,7888,0.0010141987829614604
put,rachel,7,27,7888,0.0008874239350912779
put,that,6,28,7888,0.0007606490872210953
put,yep,5,29,7888,0.0006338742393509128
put,one,5,30,7888,0.0006338742393509128
put,edena,5,31,7888,0.0006338742393509128
put,paul,4,32,7888,0.0005070993914807302
put,peter,4,33,7888,0.0005070993914807302
put,h,4,34,7888,0.0005070993914807302
put,honey,4,35,7888,0.0005070993914807302
put,daddy'll,4,36,7888,0.0005070993914807302
put,dad,4,37,7888,0.0005070993914807302
put,sally,4,38,7888,0.0005070993914807302
put,kalie,4,39,7888,0.0005070993914807302
put,let,4,40,7888,0.0005070993914807302
put,lookee,4,41,7888,0.0005070993914807302
put,lois,3,42,7888,0.00038032454361054766
put,oughta,3,43,7888,0.00038032454361054766
put,laura,3,44,7888,0.00038032454361054766
put,toy,3,45,7888,0.00038032454361054766
put,snort,3,46,7888,0.00038032454361054766
put,what,3,47,7888,0.00038032454361054766
put,doggie,3,48,7888,0.00038032454361054766
put,megan,3,49,7888,0.00038032454361054766
put,mum,3,50,7888,0.00038032454361054766
put,mummy'll,3,51,7888,0.00038032454361054766
put,girl,3,52,7888,0.00038032454361054766
put,mummie,3,53,7888,0.00038032454361054766
put,patsy,2,54,7888,0.0002535496957403651
put,jwww,2,55,7888,0.0002535496957403651
put,joanna,2,56,7888,0.0002535496957403651
put,clothe,2,57,7888,0.0002535496957403651
put,hasta,2,58,7888,0.0002535496957403651
put,timmy,2,59,7888,0.0002535496957403651
put,eve,2,60,7888,0.0002535496957403651
put,cname,2,61,7888,0.0002535496957403651
put,bed,2,62,7888,0.0002535496957403651
put,pea,2,63,7888,0.0002535496957403651
put,mother,2,64,7888,0.0002535496957403651
put,yeh,2,65,7888,0.0002535496957403651
put,ross,2,66,7888,0.0002535496957403651
put,yay,2,67,7888,0.0002535496957403651
put,bib,2,68,7888,0.0002535496957403651
put,nina,2,69,7888,0.0002535496957403651
put,yo,2,70,7888,0.0002535496957403651
put,no,2,71,7888,0.0002535496957403651
put,grandma,2,72,7888,0.0002535496957403651
put,sandwich,2,73,7888,0.0002535496957403651
put,warren,2,74,7888,0.0002535496957403651
put,nanny,2,75,7888,0.0002535496957403651
put,bla,2,76,7888,0.0002535496957403651
put,gar,2,77,7888,0.0002535496957403651
put,gig,2,78,7888,0.0002535496957403651
put,rom,2,79,7888,0.0002535496957403651
put,cow,1,80,7888,0.00012677484787018255
put,nobody,1,81,7888,0.00012677484787018255
put,frisbee,1,82,7888,0.00012677484787018255
put,juice,1,83,7888,0.00012677484787018255
put,four,1,84,7888,0.00012677484787018255
put,foot,1,85,7888,0.00012677484787018255
put,bike,1,86,7888,0.00012677484787018255
put,top,1,87,7888,0.00012677484787018255
put,kitty,1,88,7888,0.00012677484787018255
put,someone,1,89,7888,0.00012677484787018255
put,pg,1,90,7888,0.00012677484787018255
put,kitten,1,91,7888,0.00012677484787018255
put,hadta,1,92,7888,0.00012677484787018255
put,stuff,1,93,7888,0.00012677484787018255
put,helphenry,1,94,7888,0.00012677484787018255
put,andy,1,95,7888,0.00012677484787018255
put,granddaddy,1,96,7888,0.00012677484787018255
put,fraser'll,1,97,7888,0.00012677484787018255
put,cromer,1,98,7888,0.00012677484787018255
put,uhohbetter,1,99,7888,0.00012677484787018255
put,plate,1,100,7888,0.00012677484787018255
put,caroline,1,101,7888,0.00012677484787018255
put,this,1,102,7888,0.00012677484787018255
put,chelsi,1,103,7888,0.00012677484787018255
put,watch,1,104,7888,0.00012677484787018255
put,kristen,1,105,7888,0.00012677484787018255
put,michael,1,106,7888,0.00012677484787018255
put,makeup,1,107,7888,0.00012677484787018255
put,fun,1,108,7888,0.00012677484787018255
put,bowl,1,109,7888,0.00012677484787018255
put,dana,1,110,7888,0.00012677484787018255
put,nicky,1,111,7888,0.00012677484787018255
put,elephant,1,112,7888,0.00012677484787018255
put,elena,1,113,7888,0.00012677484787018255
put,wayne,1,114,7888,0.00012677484787018255
put,uhhuh,1,115,7888,0.00012677484787018255
put,cook,1,116,7888,0.00012677484787018255
put,stromboli,1,117,7888,0.00012677484787018255
put,brian,1,118,7888,0.00012677484787018255
put,way,1,119,7888,0.00012677484787018255
put,trick,1,120,7888,0.00012677484787018255
put,aislinn,1,121,7888,0.00012677484787018255
put,monkey,1,122,7888,0.00012677484787018255
put,ema,1,123,7888,0.00012677484787018255
put,jane,1,124,7888,0.00012677484787018255
put,cookie,1,125,7888,0.00012677484787018255
put,come,1,126,7888,0.00012677484787018255
put,sheep,1,127,7888,0.00012677484787018255
put,chicken,1,128,7888,0.00012677484787018255
put,lissa,1,129,7888,0.00012677484787018255
put,salley,1,130,7888,0.00012677484787018255
put,travis,1,131,7888,0.00012677484787018255
put,your,1,132,7888,0.00012677484787018255
put,jo,1,133,7888,0.00012677484787018255
put,sock,1,134,7888,0.00012677484787018255
put,sister,1,135,7888,0.00012677484787018255
put,flower,1,136,7888,0.00012677484787018255
put,claus,1,137,7888,0.00012677484787018255
put,mammy,1,138,7888,0.00012677484787018255
put,jacket,1,139,7888,0.00012677484787018255
put,mm,1,140,7888,0.00012677484787018255
put,finley,1,141,7888,0.00012677484787018255
put,sophie,1,142,7888,0.00012677484787018255
put,look,1,143,7888,0.00012677484787018255
put,piece,1,144,7888,0.00012677484787018255
put,cup,1,145,7888,0.00012677484787018255
put,tess,1,146,7888,0.00012677484787018255
put,zoe,1,147,7888,0.00012677484787018255
put,naw,1,148,7888,0.00012677484787018255
put,mike,1,149,7888,0.00012677484787018255
put,thank_you,1,150,7888,0.00012677484787018255
put,jason,1,151,7888,0.00012677484787018255
put,oliver,1,152,7888,0.00012677484787018255
put,pen,1,153,7888,0.00012677484787018255
put,lara,1,154,7888,0.00012677484787018255
put,anne,1,155,7888,0.00012677484787018255
put,forget,1,156,7888,0.00012677484787018255
put,tractor,1,157,7888,0.00012677484787018255
put,husband,1,158,7888,0.00012677484787018255
put,because_of,1,159,7888,0.00012677484787018255
put,lid,1,160,7888,0.00012677484787018255
put,jack,1,161,7888,0.00012677484787018255
put,lorraine,1,162,7888,0.00012677484787018255
put,tony,1,163,7888,0.00012677484787018255
put,turn,1,164,7888,0.00012677484787018255
put,good,1,165,7888,0.00012677484787018255
put,oh,1,166,7888,0.00012677484787018255
put,circle,1,167,7888,0.00012677484787018255
put,yup,1,168,7888,0.00012677484787018255
put,camera,1,169,7888,0.00012677484787018255
put,nope,1,170,7888,0.00012677484787018255
put,grape,1,171,7888,0.00012677484787018255
put,cha,1,172,7888,0.00012677484787018255
put,cic,1,173,7888,0.00012677484787018255
put,sweetie,1,174,7888,0.00012677484787018255
put,bunny,1,175,7888,0.00012677484787018255
put,gal,1,176,7888,0.00012677484787018255
put,whoop,1,177,7888,0.00012677484787018255
put,roz,1,178,7888,0.00012677484787018255
put,whee,1,179,7888,0.00012677484787018255
put,leo,1,180,7888,0.00012677484787018255
put,mommy'll,1,181,7888,0.00012677484787018255
put,jac,1,182,7888,0.00012677484787018255
put,some,1,183,7888,0.00012677484787018255
put,crane,1,184,7888,0.00012677484787018255
put,want,1,185,7888,0.00012677484787018255
put,byron,1,186,7888,0.00012677484787018255
put,allie,1,187,7888,0.00012677484787018255
put,benji,1,188,7888,0.00012677484787018255
put,edith,1,189,7888,0.00012677484787018255
put,stack,1,190,7888,0.00012677484787018255
put,ellisy,1,191,7888,0.00012677484787018255
put,blue,1,192,7888,0.00012677484787018255
put,taste,1,193,7888,0.00012677484787018255
put,josh,1,194,7888,0.00012677484787018255
put,people,1,195,7888,0.00012677484787018255
wanna,you,6995,1,7807,0.8959907775073652
wanna,i,520,2,7807,0.06660689125144101
wanna,we,97,3,7807,0.01242474702190342
wanna,he,54,4,7807,0.0069168694761111826
wanna,she,44,5,7807,0.005635967721275778
wanna,they,30,6,7807,0.0038427052645062126
wanna,ya,11,7,7807,0.0014089919303189446
wanna,one,7,8,7807,0.0008966312283847829
wanna,baby,4,9,7807,0.0005123607019341616
wanna,nathan,3,10,7807,0.00038427052645062125
wanna,it,3,11,7807,0.00038427052645062125
wanna,mummy,3,12,7807,0.00038427052645062125
wanna,firstname,3,13,7807,0.00038427052645062125
wanna,man,2,14,7807,0.0002561803509670808
wanna,guy,2,15,7807,0.0002561803509670808
wanna,that,2,16,7807,0.0002561803509670808
wanna,train,1,17,7807,0.0001280901754835404
wanna,dwww,1,18,7807,0.0001280901754835404
wanna,laura,1,19,7807,0.0001280901754835404
wanna,mommy,1,20,7807,0.0001280901754835404
wanna,cat,1,21,7807,0.0001280901754835404
wanna,kitty,1,22,7807,0.0001280901754835404
wanna,piggies,1,23,7807,0.0001280901754835404
wanna,cupcake,1,24,7807,0.0001280901754835404
wanna,cow,1,25,7807,0.0001280901754835404
wanna,eve,1,26,7807,0.0001280901754835404
wanna,doll,1,27,7807,0.0001280901754835404
wanna,op,1,28,7807,0.0001280901754835404
wanna,cookie,1,29,7807,0.0001280901754835404
wanna,come,1,30,7807,0.0001280901754835404
wanna,who,1,31,7807,0.0001280901754835404
wanna,pinocchio,1,32,7807,0.0001280901754835404
wanna,daddy,1,33,7807,0.0001280901754835404
wanna,goldie,1,34,7807,0.0001280901754835404
wanna,piggie,1,35,7807,0.0001280901754835404
wanna,brother,1,36,7807,0.0001280901754835404
wanna,penguin,1,37,7807,0.0001280901754835404
wanna,ear,1,38,7807,0.0001280901754835404
wanna,shoe,1,39,7807,0.0001280901754835404
wanna,whee,1,40,7807,0.0001280901754835404
wanna,oliver,1,41,7807,0.0001280901754835404
wanna,wanna,1,42,7807,0.0001280901754835404
wanna,marcus,1,43,7807,0.0001280901754835404
say,you,2522,1,7049,0.35778124556674706
say,he,494,2,7049,0.07008086253369272
say,i,377,3,7049,0.05348276351255497
say,she,374,4,7049,0.053057171229961696
say,it,279,5,7049,0.039580082281174635
say,cow,148,6,7049,0.020995885941268264
say,duck,113,7,7049,0.016030642644346716
say,they,94,8,7049,0.013335224854589304
say,doggie,91,9,7049,0.012909632571996028
say,we,81,10,7049,0.011490991630018443
say,who,78,11,7049,0.011065399347425167
say,kitty,73,12,7049,0.010356078876436374
say,that,70,13,7049,0.009930486593843098
say,cat,69,14,7049,0.00978862249964534
say,lion,68,15,7049,0.009646758405447582
say,mommy,66,16,7049,0.009363030217052063
say,dog,59,17,7049,0.008369981557667754
say,sheep,54,18,7049,0.007660661086678962
say,horsie,53,19,7049,0.007518796992481203
say,baby,41,20,7049,0.0058164278621081
say,chicken,39,21,7049,0.005532699673712583
say,this,39,22,7049,0.005532699673712583
say,daddy,39,23,7049,0.005532699673712583
say,horse,39,24,7049,0.005532699673712583
say,pg,37,25,7049,0.005248971485317066
say,doctor,36,26,7049,0.005107107391119308
say,monkey,36,27,7049,0.005107107391119308
say,mama,35,28,7049,0.004965243296921549
say,doggy,32,29,7049,0.004539651014328273
say,pig,32,30,7049,0.004539651014328273
say,owl,32,31,7049,0.004539651014328273
say,bird,31,32,7049,0.004397786920130515
say,moo,31,33,7049,0.004397786920130515
say,nomi,31,34,7049,0.004397786920130515
say,piggy,27,35,7049,0.003830330543339481
say,one,26,36,7049,0.003688466449141722
say,frog,26,37,7049,0.003688466449141722
say,elephant,26,38,7049,0.003688466449141722
say,bear,24,39,7049,0.003404738260746205
say,firstname,20,40,7049,0.002837281883955171
say,wanna,18,41,7049,0.002553553695559654
say,us,18,42,7049,0.002553553695559654
say,laura,18,43,7049,0.002553553695559654
say,rooster,18,44,7049,0.002553553695559654
say,car,18,45,7049,0.002553553695559654
say,snake,18,46,7049,0.002553553695559654
say,donkey,18,47,7049,0.002553553695559654
say,rabbit,18,48,7049,0.002553553695559654
say,lamb,17,49,7049,0.0024116896013618955
say,birdie,17,50,7049,0.0024116896013618955
say,hyena,17,51,7049,0.0024116896013618955
say,animal,17,52,7049,0.0024116896013618955
say,geese,16,53,7049,0.0022698255071641367
say,puppy,16,54,7049,0.0022698255071641367
say,bunny,16,55,7049,0.0022698255071641367
say,what,15,56,7049,0.0021279614129663784
say,turkey,14,57,7049,0.0019860973187686196
say,mummy,14,58,7049,0.0019860973187686196
say,tiger,11,59,7049,0.001560505036175344
say,what'does,11,60,7049,0.001560505036175344
say,piggie,10,61,7049,0.0014186409419775854
say,ya,10,62,7049,0.0014186409419775854
say,goat,10,63,7049,0.0014186409419775854
say,chick,10,64,7049,0.0014186409419775854
say,kitty_cat,10,65,7049,0.0014186409419775854
say,mouse,9,66,7049,0.001276776847779827
say,man,9,67,7049,0.001276776847779827
say,lady,9,68,7049,0.001276776847779827
say,grandma,8,69,7049,0.0011349127535820683
say,mother,8,70,7049,0.0011349127535820683
say,train,8,71,7049,0.0011349127535820683
say,duckie,8,72,7049,0.0011349127535820683
say,dada,8,73,7049,0.0011349127535820683
say,wolf,7,74,7049,0.0009930486593843098
say,danny,7,75,7049,0.0009930486593843098
say,clock,7,76,7049,0.0009930486593843098
say,girl,7,77,7049,0.0009930486593843098
say,squawky,6,78,7049,0.0008511845651865513
say,truck,6,79,7049,0.0008511845651865513
say,goose,6,80,7049,0.0008511845651865513
say,chickie,6,81,7049,0.0008511845651865513
say,giraffe,6,82,7049,0.0008511845651865513
say,ernie,6,83,7049,0.0008511845651865513
say,jane,6,84,7049,0.0008511845651865513
say,bert,6,85,7049,0.0008511845651865513
say,mum,6,86,7049,0.0008511845651865513
say,boy,5,87,7049,0.0007093204709887927
say,woof,5,88,7049,0.0007093204709887927
say,mom,5,89,7049,0.0007093204709887927
say,pooh,5,90,7049,0.0007093204709887927
say,choo,5,91,7049,0.0007093204709887927
say,bee,5,92,7049,0.0007093204709887927
say,driver,5,93,7049,0.0007093204709887927
say,no,5,94,7049,0.0007093204709887927
say,guy,5,95,7049,0.0007093204709887927
say,ball,5,96,7049,0.0007093204709887927
say,crocodile,5,97,7049,0.0007093204709887927
say,motorcycle,5,98,7049,0.0007093204709887927
say,clown,5,99,7049,0.0007093204709887927
say,engine,5,100,7049,0.0007093204709887927
say,max,5,101,7049,0.0007093204709887927
say,dad,5,102,7049,0.0007093204709887927
say,grandpa_pete,5,103,7049,0.0007093204709887927
say,meow,4,104,7049,0.0005674563767910342
say,baa,4,105,7049,0.0005674563767910342
say,piglet,4,106,7049,0.0005674563767910342
say,eyeore,4,107,7049,0.0005674563767910342
say,woody,4,108,7049,0.0005674563767910342
say,book,4,109,7049,0.0005674563767910342
say,cluck,4,110,7049,0.0005674563767910342
say,tractor,4,111,7049,0.0005674563767910342
say,fishie,4,112,7049,0.0005674563767910342
say,pinocchio,4,113,7049,0.0005674563767910342
say,stromboli,4,114,7049,0.0005674563767910342
say,dinosaur,4,115,7049,0.0005674563767910342
say,pardon,4,116,7049,0.0005674563767910342
say,fei,4,117,7049,0.0005674563767910342
say,joey,4,118,7049,0.0005674563767910342
say,peter,3,119,7049,0.00042559228259327563
say,recorder,3,120,7049,0.00042559228259327563
say,nobody,3,121,7049,0.00042559228259327563
say,morgan,3,122,7049,0.00042559228259327563
say,teacher,3,123,7049,0.00042559228259327563
say,nana,3,124,7049,0.00042559228259327563
say,farmer,3,125,7049,0.00042559228259327563
say,uhoh,3,126,7049,0.00042559228259327563
say,wife,3,127,7049,0.00042559228259327563
say,tom,3,128,7049,0.00042559228259327563
say,bowwow,3,129,7049,0.00042559228259327563
say,tree,3,130,7049,0.00042559228259327563
say,woman,3,131,7049,0.00042559228259327563
say,papa,3,132,7049,0.00042559228259327563
say,lewis,3,133,7049,0.00042559228259327563
say,firetruck,3,134,7049,0.00042559228259327563
say,o,3,135,7049,0.00042559228259327563
say,d,3,136,7049,0.00042559228259327563
say,katie,3,137,7049,0.00042559228259327563
say,jill,3,138,7049,0.00042559228259327563
say,miaow,3,139,7049,0.00042559228259327563
say,frida,3,140,7049,0.00042559228259327563
say,harvey,3,141,7049,0.00042559228259327563
say,lara,3,142,7049,0.00042559228259327563
say,thomas,3,143,7049,0.00042559228259327563
say,carl,3,144,7049,0.00042559228259327563
say,baah,3,145,7049,0.00042559228259327563
say,chad,3,146,7049,0.00042559228259327563
say,sandy,3,147,7049,0.00042559228259327563
say,ramona,3,148,7049,0.00042559228259327563
say,chin,3,149,7049,0.00042559228259327563
say,camel,2,150,7049,0.0002837281883955171
say,chico,2,151,7049,0.0002837281883955171
say,kid,2,152,7049,0.0002837281883955171
say,someone,2,153,7049,0.0002837281883955171
say,gwww,2,154,7049,0.0002837281883955171
say,cheese,2,155,7049,0.0002837281883955171
say,everyone,2,156,7049,0.0002837281883955171
say,joanna,2,157,7049,0.0002837281883955171
say,noah,2,158,7049,0.0002837281883955171
say,quack,2,159,7049,0.0002837281883955171
say,byebye,2,160,7049,0.0002837281883955171
say,juice,2,161,7049,0.0002837281883955171
say,pony,2,162,7049,0.0002837281883955171
say,duckling,2,163,7049,0.0002837281883955171
say,cock_a_doodle_doo,2,164,7049,0.0002837281883955171
say,bang,2,165,7049,0.0002837281883955171
say,ladybug,2,166,7049,0.0002837281883955171
say,+,2,167,7049,0.0002837281883955171
say,hen,2,168,7049,0.0002837281883955171
say,thing,2,169,7049,0.0002837281883955171
say,bible,2,170,7049,0.0002837281883955171
say,useta,2,171,7049,0.0002837281883955171
say,ducky,2,172,7049,0.0002837281883955171
say,poohbear,2,173,7049,0.0002837281883955171
say,froggy,2,174,7049,0.0002837281883955171
say,deer,2,175,7049,0.0002837281883955171
say,jiminy,2,176,7049,0.0002837281883955171
say,gita,2,177,7049,0.0002837281883955171
say,mary,2,178,7049,0.0002837281883955171
say,ross,2,179,7049,0.0002837281883955171
say,puppys,2,180,7049,0.0002837281883955171
say,piggys,2,181,7049,0.0002837281883955171
say,madelyn,2,182,7049,0.0002837281883955171
say,holly,2,183,7049,0.0002837281883955171
say,her,2,184,7049,0.0002837281883955171
say,word,2,185,7049,0.0002837281883955171
say,debbie,2,186,7049,0.0002837281883955171
say,kikuyus,2,187,7049,0.0002837281883955171
say,good,2,188,7049,0.0002837281883955171
say,gammy,2,189,7049,0.0002837281883955171
say,h,2,190,7049,0.0002837281883955171
say,ma,2,191,7049,0.0002837281883955171
say,butterfly,2,192,7049,0.0002837281883955171
say,tweet,2,193,7049,0.0002837281883955171
say,ring,2,194,7049,0.0002837281883955171
say,spock,2,195,7049,0.0002837281883955171
say,rhinoceros,2,196,7049,0.0002837281883955171
say,gorilla,2,197,7049,0.0002837281883955171
say,leopard,2,198,7049,0.0002837281883955171
say,cheep,2,199,7049,0.0002837281883955171
say,penguin,2,200,7049,0.0002837281883955171
say,egbert,2,201,7049,0.0002837281883955171
say,casey,2,202,7049,0.0002837281883955171
say,myself,2,203,7049,0.0002837281883955171
say,john,2,204,7049,0.0002837281883955171
say,fish,2,205,7049,0.0002837281883955171
say,e,2,206,7049,0.0002837281883955171
say,caroline,2,207,7049,0.0002837281883955171
say,teddy,2,208,7049,0.0002837281883955171
say,spot,2,209,7049,0.0002837281883955171
say,parrot,2,210,7049,0.0002837281883955171
say,mummie,2,211,7049,0.0002837281883955171
say,grandpa,2,212,7049,0.0002837281883955171
say,grandpa_sid,2,213,7049,0.0002837281883955171
say,sid,2,214,7049,0.0002837281883955171
say,bike,2,215,7049,0.0002837281883955171
say,cockerel,2,216,7049,0.0002837281883955171
say,nicky,2,217,7049,0.0002837281883955171
say,benjamin,2,218,7049,0.0002837281883955171
say,nicola,2,219,7049,0.0002837281883955171
say,dicky,2,220,7049,0.0002837281883955171
say,phone,2,221,7049,0.0002837281883955171
say,horsy,2,222,7049,0.0002837281883955171
say,peep,2,223,7049,0.0002837281883955171
say,mey,2,224,7049,0.0002837281883955171
say,bump,2,225,7049,0.0002837281883955171
say,tay,2,226,7049,0.0002837281883955171
say,puppy_dog,2,227,7049,0.0002837281883955171
say,barney,2,228,7049,0.0002837281883955171
say,ken,2,229,7049,0.0002837281883955171
say,terry,2,230,7049,0.0002837281883955171
say,tracy,2,231,7049,0.0002837281883955171
say,nenna,2,232,7049,0.0002837281883955171
say,dog_dog,1,233,7049,0.00014186409419775854
say,shena,1,234,7049,0.00014186409419775854
say,loren,1,235,7049,0.00014186409419775854
say,ding,1,236,7049,0.00014186409419775854
say,ty,1,237,7049,0.00014186409419775854
say,tick,1,238,7049,0.00014186409419775854
say,paul,1,239,7049,0.00014186409419775854
say,mimi,1,240,7049,0.00014186409419775854
say,pepe,1,241,7049,0.00014186409419775854
say,way,1,242,7049,0.00014186409419775854
say,stranger,1,243,7049,0.00014186409419775854
say,yo,1,244,7049,0.00014186409419775854
say,which,1,245,7049,0.00014186409419775854
say,dirt,1,246,7049,0.00014186409419775854
say,hippie,1,247,7049,0.00014186409419775854
say,ewww,1,248,7049,0.00014186409419775854
say,susie,1,249,7049,0.00014186409419775854
say,brisco,1,250,7049,0.00014186409419775854
say,poppy,1,251,7049,0.00014186409419775854
say,squawky_the_parrot,1,252,7049,0.00014186409419775854
say,neigh,1,253,7049,0.00014186409419775854
say,suzy,1,254,7049,0.00014186409419775854
say,gatorade,1,255,7049,0.00014186409419775854
say,mandy,1,256,7049,0.00014186409419775854
say,chart,1,257,7049,0.00014186409419775854
say,katy,1,258,7049,0.00014186409419775854
say,angel,1,259,7049,0.00014186409419775854
say,robin,1,260,7049,0.00014186409419775854
say,tweedledum,1,261,7049,0.00014186409419775854
say,toddler,1,262,7049,0.00014186409419775854
say,dillon,1,263,7049,0.00014186409419775854
say,favorite,1,264,7049,0.00014186409419775854
say,brooklyn,1,265,7049,0.00014186409419775854
say,somebody,1,266,7049,0.00014186409419775854
say,ramble,1,267,7049,0.00014186409419775854
say,joe,1,268,7049,0.00014186409419775854
say,chugga,1,269,7049,0.00014186409419775854
say,wee,1,270,7049,0.00014186409419775854
say,timmy,1,271,7049,0.00014186409419775854
say,spaghettio,1,272,7049,0.00014186409419775854
say,farmer_joe,1,273,7049,0.00014186409419775854
say,dong,1,274,7049,0.00014186409419775854
say,matthew,1,275,7049,0.00014186409419775854
say,brush,1,276,7049,0.00014186409419775854
say,dakota,1,277,7049,0.00014186409419775854
say,god,1,278,7049,0.00014186409419775854
say,inchworm,1,279,7049,0.00014186409419775854
say,clifford,1,280,7049,0.00014186409419775854
say,elmo,1,281,7049,0.00014186409419775854
say,tortoise,1,282,7049,0.00014186409419775854
say,see_and_say,1,283,7049,0.00014186409419775854
say,dictionary,1,284,7049,0.00014186409419775854
say,grandmother,1,285,7049,0.00014186409419775854
say,sign,1,286,7049,0.00014186409419775854
say,baebae,1,287,7049,0.00014186409419775854
say,z,1,288,7049,0.00014186409419775854
say,dyeisha,1,289,7049,0.00014186409419775854
say,gibberish,1,290,7049,0.00014186409419775854
say,bobo,1,291,7049,0.00014186409419775854
say,whatcha,1,292,7049,0.00014186409419775854
say,pencil,1,293,7049,0.00014186409419775854
say,cookie,1,294,7049,0.00014186409419775854
say,oliver,1,295,7049,0.00014186409419775854
say,calf,1,296,7049,0.00014186409419775854
say,sister,1,297,7049,0.00014186409419775854
say,oname,1,298,7049,0.00014186409419775854
say,op,1,299,7049,0.00014186409419775854
say,nina,1,300,7049,0.00014186409419775854
say,humpty,1,301,7049,0.00014186409419775854
say,kittycat,1,302,7049,0.00014186409419775854
say,cname,1,303,7049,0.00014186409419775854
say,roof,1,304,7049,0.00014186409419775854
say,jacob,1,305,7049,0.00014186409419775854
say,maurica,1,306,7049,0.00014186409419775854
say,raaah,1,307,7049,0.00014186409419775854
say,hippos,1,308,7049,0.00014186409419775854
say,emma,1,309,7049,0.00014186409419775854
say,those,1,310,7049,0.00014186409419775854
say,yay,1,311,7049,0.00014186409419775854
say,shh,1,312,7049,0.00014186409419775854
say,elena,1,313,7049,0.00014186409419775854
say,perfect,1,314,7049,0.00014186409419775854
say,arthur,1,315,7049,0.00014186409419775854
say,husband,1,316,7049,0.00014186409419775854
say,weather,1,317,7049,0.00014186409419775854
say,bag,1,318,7049,0.00014186409419775854
say,ttttt,1,319,7049,0.00014186409419775854
say,sock,1,320,7049,0.00014186409419775854
say,camera,1,321,7049,0.00014186409419775854
say,ahem,1,322,7049,0.00014186409419775854
say,hood,1,323,7049,0.00014186409419775854
say,dewey,1,324,7049,0.00014186409419775854
say,donald,1,325,7049,0.00014186409419775854
say,potatohead,1,326,7049,0.00014186409419775854
say,letter,1,327,7049,0.00014186409419775854
say,stepmother,1,328,7049,0.00014186409419775854
say,lampwick,1,329,7049,0.00014186409419775854
say,cricket,1,330,7049,0.00014186409419775854
say,gepetto,1,331,7049,0.00014186409419775854
say,battery,1,332,7049,0.00014186409419775854
say,hadta,1,333,7049,0.00014186409419775854
say,sposta,1,334,7049,0.00014186409419775854
say,squeak_squeak,1,335,7049,0.00014186409419775854
say,opossum,1,336,7049,0.00014186409419775854
say,birthday,1,337,7049,0.00014186409419775854
say,zack,1,338,7049,0.00014186409419775854
say,ema,1,339,7049,0.00014186409419775854
say,oink_oink,1,340,7049,0.00014186409419775854
say,fro,1,341,7049,0.00014186409419775854
say,ggie,1,342,7049,0.00014186409419775854
say,box,1,343,7049,0.00014186409419775854
say,kitten,1,344,7049,0.00014186409419775854
say,meow_meow,1,345,7049,0.00014186409419775854
say,owlet,1,346,7049,0.00014186409419775854
say,betty,1,347,7049,0.00014186409419775854
say,stork,1,348,7049,0.00014186409419775854
say,didldow,1,349,7049,0.00014186409419775854
say,granma,1,350,7049,0.00014186409419775854
say,glenn,1,351,7049,0.00014186409419775854
say,blup,1,352,7049,0.00014186409419775854
say,prayer,1,353,7049,0.00014186409419775854
say,some,1,354,7049,0.00014186409419775854
say,dabee,1,355,7049,0.00014186409419775854
say,gobble,1,356,7049,0.00014186409419775854
say,sharon,1,357,7049,0.00014186409419775854
say,everybody,1,358,7049,0.00014186409419775854
say,gramma,1,359,7049,0.00014186409419775854
say,baugh,1,360,7049,0.00014186409419775854
say,snowman,1,361,7049,0.00014186409419775854
say,hafta,1,362,7049,0.00014186409419775854
say,unicorn,1,363,7049,0.00014186409419775854
say,snoopy,1,364,7049,0.00014186409419775854
say,rubber,1,365,7049,0.00014186409419775854
say,kermit,1,366,7049,0.00014186409419775854
say,oink,1,367,7049,0.00014186409419775854
say,ahhah,1,368,7049,0.00014186409419775854
say,naomi,1,369,7049,0.00014186409419775854
say,uhhuh,1,370,7049,0.00014186409419775854
say,pottie,1,371,7049,0.00014186409419775854
say,wonderful,1,372,7049,0.00014186409419775854
say,georgie,1,373,7049,0.00014186409419775854
say,honey,1,374,7049,0.00014186409419775854
say,michael,1,375,7049,0.00014186409419775854
say,kangaroo,1,376,7049,0.00014186409419775854
say,santa,1,377,7049,0.00014186409419775854
say,dadadada,1,378,7049,0.00014186409419775854
say,needta,1,379,7049,0.00014186409419775854
say,conducter,1,380,7049,0.00014186409419775854
say,mud,1,381,7049,0.00014186409419775854
say,jesse,1,382,7049,0.00014186409419775854
say,apple,1,383,7049,0.00014186409419775854
say,my,1,384,7049,0.00014186409419775854
say,violin,1,385,7049,0.00014186409419775854
say,julia,1,386,7049,0.00014186409419775854
say,yours,1,387,7049,0.00014186409419775854
say,kit,1,388,7049,0.00014186409419775854
say,dan,1,389,7049,0.00014186409419775854
say,claus,1,390,7049,0.00014186409419775854
say,amye,1,391,7049,0.00014186409419775854
say,moorhen,1,392,7049,0.00014186409419775854
say,wildebe,1,393,7049,0.00014186409419775854
say,g,1,394,7049,0.00014186409419775854
say,gruffalo,1,395,7049,0.00014186409419775854
say,peppa_pig,1,396,7049,0.00014186409419775854
say,doc,1,397,7049,0.00014186409419775854
say,mister_crayola,1,398,7049,0.00014186409419775854
say,mmm,1,399,7049,0.00014186409419775854
say,all,1,400,7049,0.00014186409419775854
say,erin,1,401,7049,0.00014186409419775854
say,ralfie,1,402,7049,0.00014186409419775854
say,everything,1,403,7049,0.00014186409419775854
say,smile,1,404,7049,0.00014186409419775854
say,pop,1,405,7049,0.00014186409419775854
say,bubble,1,406,7049,0.00014186409419775854
say,mole,1,407,7049,0.00014186409419775854
say,i_pa,1,408,7049,0.00014186409419775854
say,mousie,1,409,7049,0.00014186409419775854
say,momma,1,410,7049,0.00014186409419775854
say,anna,1,411,7049,0.00014186409419775854
say,rhona,1,412,7049,0.00014186409419775854
say,si,1,413,7049,0.00014186409419775854
say,need,1,414,7049,0.00014186409419775854
say,ch,1,415,7049,0.00014186409419775854
say,ella∆,1,416,7049,0.00014186409419775854
say,e↓:↑va,1,417,7049,0.00014186409419775854
say,s,1,418,7049,0.00014186409419775854
say,°,1,419,7049,0.00014186409419775854
say,lee,1,420,7049,0.00014186409419775854
say,mo,1,421,7049,0.00014186409419775854
say,gran,1,422,7049,0.00014186409419775854
say,↑mum,1,423,7049,0.00014186409419775854
say,ella,1,424,7049,0.00014186409419775854
say,jasper,1,425,7049,0.00014186409419775854
say,dougall,1,426,7049,0.00014186409419775854
say,mildred,1,427,7049,0.00014186409419775854
say,whale,1,428,7049,0.00014186409419775854
say,anne,1,429,7049,0.00014186409419775854
say,daddy'll,1,430,7049,0.00014186409419775854
say,choo^choo,1,431,7049,0.00014186409419775854
say,pat,1,432,7049,0.00014186409419775854
say,whistle,1,433,7049,0.00014186409419775854
say,fat_controller,1,434,7049,0.00014186409419775854
say,number,1,435,7049,0.00014186409419775854
say,joel,1,436,7049,0.00014186409419775854
say,grandma_doris,1,437,7049,0.00014186409419775854
say,grandma_peggy,1,438,7049,0.00014186409419775854
say,yuck,1,439,7049,0.00014186409419775854
say,place,1,440,7049,0.00014186409419775854
say,boss,1,441,7049,0.00014186409419775854
say,van,1,442,7049,0.00014186409419775854
say,nee^naw,1,443,7049,0.00014186409419775854
say,margaret,1,444,7049,0.00014186409419775854
say,richard,1,445,7049,0.00014186409419775854
say,auntie,1,446,7049,0.00014186409419775854
say,sandra,1,447,7049,0.00014186409419775854
say,scotland,1,448,7049,0.00014186409419775854
say,walker,1,449,7049,0.00014186409419775854
say,tommy,1,450,7049,0.00014186409419775854
say,forecast,1,451,7049,0.00014186409419775854
say,steve,1,452,7049,0.00014186409419775854
say,pete,1,453,7049,0.00014186409419775854
say,wonder,1,454,7049,0.00014186409419775854
say,judy,1,455,7049,0.00014186409419775854
say,whoops,1,456,7049,0.00014186409419775854
say,love,1,457,7049,0.00014186409419775854
say,kiss,1,458,7049,0.00014186409419775854
say,w,1,459,7049,0.00014186409419775854
say,squeak,1,460,7049,0.00014186409419775854
say,ribbit,1,461,7049,0.00014186409419775854
say,brrr,1,462,7049,0.00014186409419775854
say,cmon,1,463,7049,0.00014186409419775854
say,water,1,464,7049,0.00014186409419775854
say,cookie_monster,1,465,7049,0.00014186409419775854
say,peggy,1,466,7049,0.00014186409419775854
say,rachel,1,467,7049,0.00014186409419775854
say,barb,1,468,7049,0.00014186409419775854
say,bottle,1,469,7049,0.00014186409419775854
say,either,1,470,7049,0.00014186409419775854
say,booger,1,471,7049,0.00014186409419775854
say,morning,1,472,7049,0.00014186409419775854
say,barn,1,473,7049,0.00014186409419775854
say,controller,1,474,7049,0.00014186409419775854
say,b,1,475,7049,0.00014186409419775854
say,choo_choo,1,476,7049,0.00014186409419775854
say,blue,1,477,7049,0.00014186409419775854
say,gig,1,478,7049,0.00014186409419775854
say,lambie,1,479,7049,0.00014186409419775854
say,gla,1,480,7049,0.00014186409419775854
say,hap,1,481,7049,0.00014186409419775854
say,orange,1,482,7049,0.00014186409419775854
say,trooper,1,483,7049,0.00014186409419775854
say,nea,1,484,7049,0.00014186409419775854
say,rom,1,485,7049,0.00014186409419775854
say,mrs_dentist,1,486,7049,0.00014186409419775854
say,ow,1,487,7049,0.00014186409419775854
say,call,1,488,7049,0.00014186409419775854
say,wix,1,489,7049,0.00014186409419775854
say,mailbox,1,490,7049,0.00014186409419775854
say,allen,1,491,7049,0.00014186409419775854
say,ghost,1,492,7049,0.00014186409419775854
say,zebra,1,493,7049,0.00014186409419775854
say,kristen,1,494,7049,0.00014186409419775854
say,home,1,495,7049,0.00014186409419775854
say,floppier,1,496,7049,0.00014186409419775854
say,beaver,1,497,7049,0.00014186409419775854
say,zip,1,498,7049,0.00014186409419775854
say,help,1,499,7049,0.00014186409419775854
say,tina,1,500,7049,0.00014186409419775854
say,malik,1,501,7049,0.00014186409419775854
say,ronnie,1,502,7049,0.00014186409419775854
say,shay,1,503,7049,0.00014186409419775854
say,telephone,1,504,7049,0.00014186409419775854
say,ellisy,1,505,7049,0.00014186409419775854
say,rance,1,506,7049,0.00014186409419775854
say,mammy,1,507,7049,0.00014186409419775854
say,oik,1,508,7049,0.00014186409419775854
say,cacacadoo,1,509,7049,0.00014186409419775854
say,ritty,1,510,7049,0.00014186409419775854
say,kim,1,511,7049,0.00014186409419775854
know,you,2809,1,6402,0.43876913464542333
know,i,2719,2,6402,0.4247110278038113
know,she,425,3,6402,0.06638550452983442
know,he,164,4,6402,0.025616994689159636
know,we,100,5,6402,0.015620118712902219
know,mommy,18,6,6402,0.0028116213683223993
know,they,16,7,6402,0.002499218994064355
know,ya,11,8,6402,0.001718213058419244
know,wanna,11,9,6402,0.001718213058419244
know,nobody,4,10,6402,0.0006248047485160887
know,everybody,4,11,6402,0.0006248047485160887
know,god,4,12,6402,0.0006248047485160887
know,baby,4,13,6402,0.0006248047485160887
know,mummy,4,14,6402,0.0006248047485160887
know,kid,3,15,6402,0.00046860356138706655
know,needta,3,16,6402,0.00046860356138706655
know,everyone,3,17,6402,0.00046860356138706655
know,daddy,3,18,6402,0.00046860356138706655
know,elmo,3,19,6402,0.00046860356138706655
know,mom,3,20,6402,0.00046860356138706655
know,who,3,21,6402,0.00046860356138706655
know,d'you,3,22,6402,0.00046860356138706655
know,toy,2,23,6402,0.00031240237425804435
know,that,2,24,6402,0.00031240237425804435
know,panther,2,25,6402,0.00031240237425804435
know,one,2,26,6402,0.00031240237425804435
know,rabbit,2,27,6402,0.00031240237425804435
know,sister,2,28,6402,0.00031240237425804435
know,oughta,2,29,6402,0.00031240237425804435
know,mama,2,30,6402,0.00031240237425804435
know,boy,2,31,6402,0.00031240237425804435
know,food,2,32,6402,0.00031240237425804435
know,jason,2,33,6402,0.00031240237425804435
know,∙hhh,2,34,6402,0.00031240237425804435
know,it,2,35,6402,0.00031240237425804435
know,carl,2,36,6402,0.00031240237425804435
know,dog,1,37,6402,0.00015620118712902218
know,amelia,1,38,6402,0.00015620118712902218
know,lena,1,39,6402,0.00015620118712902218
know,part,1,40,6402,0.00015620118712902218
know,eric,1,41,6402,0.00015620118712902218
know,laura,1,42,6402,0.00015620118712902218
know,dad,1,43,6402,0.00015620118712902218
know,brisco,1,44,6402,0.00015620118712902218
know,morgan,1,45,6402,0.00015620118712902218
know,elephant,1,46,6402,0.00015620118712902218
know,timmy,1,47,6402,0.00015620118712902218
know,dakota,1,48,6402,0.00015620118712902218
know,adam,1,49,6402,0.00015620118712902218
know,woody,1,50,6402,0.00015620118712902218
know,book,1,51,6402,0.00015620118712902218
know,booboo,1,52,6402,0.00015620118712902218
know,poohbear,1,53,6402,0.00015620118712902218
know,kevin,1,54,6402,0.00015620118712902218
know,jenna,1,55,6402,0.00015620118712902218
know,jonah,1,56,6402,0.00015620118712902218
know,phoebe,1,57,6402,0.00015620118712902218
know,kelsey,1,58,6402,0.00015620118712902218
know,home,1,59,6402,0.00015620118712902218
know,anthony,1,60,6402,0.00015620118712902218
know,lane,1,61,6402,0.00015620118712902218
know,hank,1,62,6402,0.00015620118712902218
know,keegan,1,63,6402,0.00015620118712902218
know,wyatt,1,64,6402,0.00015620118712902218
know,tegan,1,65,6402,0.00015620118712902218
know,madison,1,66,6402,0.00015620118712902218
know,nicholas,1,67,6402,0.00015620118712902218
know,nick,1,68,6402,0.00015620118712902218
know,merry,1,69,6402,0.00015620118712902218
know,kathy,1,70,6402,0.00015620118712902218
know,travis,1,71,6402,0.00015620118712902218
know,idont,1,72,6402,0.00015620118712902218
know,all,1,73,6402,0.00015620118712902218
know,joseph,1,74,6402,0.00015620118712902218
know,observer,1,75,6402,0.00015620118712902218
know,angel,1,76,6402,0.00015620118712902218
know,jaden,1,77,6402,0.00015620118712902218
know,ted,1,78,6402,0.00015620118712902218
know,∆d'you,1,79,6402,0.00015620118712902218
know,eva,1,80,6402,0.00015620118712902218
know,∆you,1,81,6402,0.00015620118712902218
know,°,1,82,6402,0.00015620118712902218
know,heaven,1,83,6402,0.00015620118712902218
know,mummie,1,84,6402,0.00015620118712902218
know,robin,1,85,6402,0.00015620118712902218
know,people,1,86,6402,0.00015620118712902218
know,bunny,1,87,6402,0.00015620118712902218
know,guy,1,88,6402,0.00015620118712902218
know,rom,1,89,6402,0.00015620118712902218
know,lemme,1,90,6402,0.00015620118712902218
know,kay,1,91,6402,0.00015620118712902218
know,joey,1,92,6402,0.00015620118712902218
know,moose,1,93,6402,0.00015620118712902218
think,i,3974,1,5932,0.669925826028321
think,you,1738,2,5932,0.2929871881321645
think,she,66,3,5932,0.011126095751854349
think,he,27,4,5932,0.004551584625758598
think,we,21,5,5932,0.0035401213755900203
think,ya,15,6,5932,0.0025286581254214432
think,they,11,7,5932,0.0018543492919757248
think,monkey,7,8,5932,0.0011800404585300068
think,mummy,6,9,5932,0.0010114632501685772
think,d'you,6,10,5932,0.0010114632501685772
think,whatcha,5,11,5932,0.0008428860418071476
think,joy,5,12,5932,0.0008428860418071476
think,mommy,5,13,5932,0.0008428860418071476
think,toy,4,14,5932,0.0006743088334457181
think,lemme,3,15,5932,0.0005057316250842886
think,daddy,3,16,5932,0.0005057316250842886
think,us,2,17,5932,0.00033715441672285906
think,let,2,18,5932,0.00033715441672285906
think,man,1,19,5932,0.00016857720836142953
think,someone,1,20,5932,0.00016857720836142953
think,pig,1,21,5932,0.00016857720836142953
think,yoda,1,22,5932,0.00016857720836142953
think,granny,1,23,5932,0.00016857720836142953
think,baby,1,24,5932,0.00016857720836142953
think,danny,1,25,5932,0.00016857720836142953
think,potatohead,1,26,5932,0.00016857720836142953
think,bunny,1,27,5932,0.00016857720836142953
think,mary,1,28,5932,0.00016857720836142953
think,brian,1,29,5932,0.00016857720836142953
think,mom,1,30,5932,0.00016857720836142953
think,whatever,1,31,5932,0.00016857720836142953
think,melissa,1,32,5932,0.00016857720836142953
think,somebody,1,33,5932,0.00016857720836142953
think,one,1,34,5932,0.00016857720836142953
think,erin,1,35,5932,0.00016857720836142953
think,bottle,1,36,5932,0.00016857720836142953
think,mum,1,37,5932,0.00016857720836142953
think,d'tou,1,38,5932,0.00016857720836142953
think,∆don't,1,39,5932,0.00016857720836142953
think,tsk,1,40,5932,0.00016857720836142953
think,elephant,1,41,5932,0.00016857720836142953
think,pat,1,42,5932,0.00016857720836142953
think,percy,1,43,5932,0.00016857720836142953
think,james,1,44,5932,0.00016857720836142953
think,what,1,45,5932,0.00016857720836142953
think,creole,1,46,5932,0.00016857720836142953
think,mud,1,47,5932,0.00016857720836142953
think,it,1,48,5932,0.00016857720836142953
think,hug,1,49,5932,0.00016857720836142953
think,bed,1,50,5932,0.00016857720836142953
like,you,3375,1,5292,0.6377551020408163
like,i,476,2,5292,0.08994708994708994
like,she,374,3,5292,0.07067271352985639
like,he,332,4,5292,0.06273620559334846
like,we,190,5,5292,0.035903250188964474
like,baby,48,6,5292,0.009070294784580499
like,they,47,7,5292,0.008881330309901738
like,danny,39,8,5292,0.007369614512471655
like,who,31,9,5292,0.005857898715041572
like,nina,29,10,5292,0.005479969765684051
like,mommy,28,11,5292,0.005291005291005291
like,ya,17,12,5292,0.003212396069538927
like,daddy,15,13,5292,0.002834467120181406
like,pooh,14,14,5292,0.0026455026455026454
like,mummy,14,15,5292,0.0026455026455026454
like,carl,12,16,5292,0.0022675736961451248
like,kitty,9,17,5292,0.0017006802721088435
like,kitten,8,18,5292,0.0015117157974300832
like,it,6,19,5292,0.0011337868480725624
like,brother,6,20,5292,0.0011337868480725624
like,firstname,5,21,5292,0.000944822373393802
like,elmo,4,22,5292,0.0007558578987150416
like,henry,4,23,5292,0.0007558578987150416
like,mickey,4,24,5292,0.0007558578987150416
like,poohbear,4,25,5292,0.0007558578987150416
like,penguin,4,26,5292,0.0007558578987150416
like,guy,4,27,5292,0.0007558578987150416
like,teddy,4,28,5292,0.0007558578987150416
like,claire,4,29,5292,0.0007558578987150416
like,josh,4,30,5292,0.0007558578987150416
like,boy,3,31,5292,0.0005668934240362812
like,doggie,3,32,5292,0.0005668934240362812
like,laura,3,33,5292,0.0005668934240362812
like,one,3,34,5292,0.0005668934240362812
like,mama,3,35,5292,0.0005668934240362812
like,baby_mickey,3,36,5292,0.0005668934240362812
like,doggy,3,37,5292,0.0005668934240362812
like,mister_bunny,3,38,5292,0.0005668934240362812
like,barney,3,39,5292,0.0005668934240362812
like,dragon,2,40,5292,0.0003779289493575208
like,eric,2,41,5292,0.0003779289493575208
like,everybody,2,42,5292,0.0003779289493575208
like,anyone,2,43,5292,0.0003779289493575208
like,bird,2,44,5292,0.0003779289493575208
like,dada,2,45,5292,0.0003779289493575208
like,cow,2,46,5292,0.0003779289493575208
like,alex,2,47,5292,0.0003779289493575208
like,sarah,2,48,5292,0.0003779289493575208
like,grandma,2,49,5292,0.0003779289493575208
like,sister,2,50,5292,0.0003779289493575208
like,ocname,2,51,5292,0.0003779289493575208
like,rabbit,2,52,5292,0.0003779289493575208
like,cname,2,53,5292,0.0003779289493575208
like,bunny,2,54,5292,0.0003779289493575208
like,michael,2,55,5292,0.0003779289493575208
like,monster,2,56,5292,0.0003779289493575208
like,some,2,57,5292,0.0003779289493575208
like,mouse,2,58,5292,0.0003779289493575208
like,animal,2,59,5292,0.0003779289493575208
like,joseph,2,60,5292,0.0003779289493575208
like,mister_bear,2,61,5292,0.0003779289493575208
like,ellie,2,62,5292,0.0003779289493575208
like,egbert,2,63,5292,0.0003779289493575208
like,mummie,2,64,5292,0.0003779289493575208
like,paddington,2,65,5292,0.0003779289493575208
like,panda,2,66,5292,0.0003779289493575208
like,chris,2,67,5292,0.0003779289493575208
like,kid,2,68,5292,0.0003779289493575208
like,sally,2,69,5292,0.0003779289493575208
like,thing,1,70,5292,0.0001889644746787604
like,tiger,1,71,5292,0.0001889644746787604
like,thank_you,1,72,5292,0.0001889644746787604
like,child,1,73,5292,0.0001889644746787604
like,peter,1,74,5292,0.0001889644746787604
like,swww,1,75,5292,0.0001889644746787604
like,dwww,1,76,5292,0.0001889644746787604
like,people,1,77,5292,0.0001889644746787604
like,hilary,1,78,5292,0.0001889644746787604
like,morgan,1,79,5292,0.0001889644746787604
like,alexander,1,80,5292,0.0001889644746787604
like,nala,1,81,5292,0.0001889644746787604
like,tiggers,1,82,5292,0.0001889644746787604
like,gorilla,1,83,5292,0.0001889644746787604
like,sid,1,84,5292,0.0001889644746787604
like,yuli,1,85,5292,0.0001889644746787604
like,mikey,1,86,5292,0.0001889644746787604
like,your,1,87,5292,0.0001889644746787604
like,rangy,1,88,5292,0.0001889644746787604
like,fraser,1,89,5292,0.0001889644746787604
like,doll,1,90,5292,0.0001889644746787604
like,monkey,1,91,5292,0.0001889644746787604
like,beba,1,92,5292,0.0001889644746787604
like,pig,1,93,5292,0.0001889644746787604
like,farmer,1,94,5292,0.0001889644746787604
like,mrpotatohead,1,95,5292,0.0001889644746787604
like,winniethepooh,1,96,5292,0.0001889644746787604
like,sophie,1,97,5292,0.0001889644746787604
like,two,1,98,5292,0.0001889644746787604
like,bear,1,99,5292,0.0001889644746787604
like,puppy,1,100,5292,0.0001889644746787604
like,stepmother,1,101,5292,0.0001889644746787604
like,bug,1,102,5292,0.0001889644746787604
like,elizabeth,1,103,5292,0.0001889644746787604
like,go,1,104,5292,0.0001889644746787604
like,nobody,1,105,5292,0.0001889644746787604
like,brittany,1,106,5292,0.0001889644746787604
like,diplodocus,1,107,5292,0.0001889644746787604
like,rexes,1,108,5292,0.0001889644746787604
like,piggy,1,109,5292,0.0001889644746787604
like,the,1,110,5292,0.0001889644746787604
like,sandy,1,111,5292,0.0001889644746787604
like,georgie,1,112,5292,0.0001889644746787604
like,lady,1,113,5292,0.0001889644746787604
like,patrick,1,114,5292,0.0001889644746787604
like,bud,1,115,5292,0.0001889644746787604
like,alistair,1,116,5292,0.0001889644746787604
like,peppa_pig,1,117,5292,0.0001889644746787604
like,rob,1,118,5292,0.0001889644746787604
like,nk,1,119,5292,0.0001889644746787604
like,lion,1,120,5292,0.0001889644746787604
like,mister_lion,1,121,5292,0.0001889644746787604
like,erin,1,122,5292,0.0001889644746787604
like,eve,1,123,5292,0.0001889644746787604
like,upsy_daisy,1,124,5292,0.0001889644746787604
like,alfie,1,125,5292,0.0001889644746787604
like,riley,1,126,5292,0.0001889644746787604
like,harvey,1,127,5292,0.0001889644746787604
like,jaden,1,128,5292,0.0001889644746787604
like,joanna,1,129,5292,0.0001889644746787604
like,everyone,1,130,5292,0.0001889644746787604
like,noone,1,131,5292,0.0001889644746787604
like,that,1,132,5292,0.0001889644746787604
like,anybody,1,133,5292,0.0001889644746787604
like,zachs,1,134,5292,0.0001889644746787604
like,zach,1,135,5292,0.0001889644746787604
like,granny,1,136,5292,0.0001889644746787604
like,zoe,1,137,5292,0.0001889644746787604
like,eva,1,138,5292,0.0001889644746787604
like,d'you,1,139,5292,0.0001889644746787604
like,↓ella,1,140,5292,0.0001889644746787604
like,ella,1,141,5292,0.0001889644746787604
like,sheep,1,142,5292,0.0001889644746787604
like,caroline,1,143,5292,0.0001889644746787604
like,anne,1,144,5292,0.0001889644746787604
like,teddy'd,1,145,5292,0.0001889644746787604
like,andy,1,146,5292,0.0001889644746787604
like,dog,1,147,5292,0.0001889644746787604
like,bonny,1,148,5292,0.0001889644746787604
like,margaret,1,149,5292,0.0001889644746787604
like,simon,1,150,5292,0.0001889644746787604
like,piglet,1,151,5292,0.0001889644746787604
like,grampa_jim,1,152,5292,0.0001889644746787604
like,paul,1,153,5292,0.0001889644746787604
like,gar,1,154,5292,0.0001889644746787604
like,ryan,1,155,5292,0.0001889644746787604
like,med,1,156,5292,0.0001889644746787604
like,mey,1,157,5292,0.0001889644746787604
like,natalie,1,158,5292,0.0001889644746787604
like,ramona,1,159,5292,0.0001889644746787604
like,nat,1,160,5292,0.0001889644746787604
like,girl,1,161,5292,0.0001889644746787604
like,duck,1,162,5292,0.0001889644746787604
like,mammy,1,163,5292,0.0001889644746787604
look,you,720,1,3661,0.1966675771647091
look,it,500,2,3661,0.13657470636438132
look,that,370,3,3661,0.10106528270964217
look,we,243,4,3661,0.06637530729308933
look,us,233,5,3661,0.0636438131658017
look,he,214,6,3661,0.0584539743239552
look,i,132,7,3661,0.036055722480196666
look,wanna,122,8,3661,0.03332422835290904
look,they,117,9,3661,0.03195848128926523
look,she,88,10,3661,0.02403714832013111
look,this,65,11,3661,0.01775471182736957
look,firstname,52,12,3661,0.014203769461895657
look,h,23,13,3661,0.0062824364927615405
look,one,22,14,3661,0.006009287080032778
look,those,21,15,3661,0.0057361376673040155
look,baby,18,16,3661,0.004916689429117728
look,mama,15,17,3661,0.00409724119093144
look,mummy,15,18,3661,0.00409724119093144
look,lookee,14,19,3661,0.0038240917782026767
look,mommy,11,20,3661,0.003004643540016389
look,michael,11,21,3661,0.003004643540016389
look,jac,11,22,3661,0.003004643540016389
look,horse,10,23,3661,0.0027314941272876263
look,whatcha,10,24,3661,0.0027314941272876263
look,ya,9,25,3661,0.002458344714558864
look,dog,9,26,3661,0.002458344714558864
look,lin,9,27,3661,0.002458344714558864
look,duck,8,28,3661,0.002185195301830101
look,frog,8,29,3661,0.002185195301830101
look,these,8,30,3661,0.002185195301830101
look,guy,8,31,3661,0.002185195301830101
look,honey,8,32,3661,0.002185195301830101
look,what,7,33,3661,0.0019120458891013384
look,hair,7,34,3661,0.0019120458891013384
look,daddy,7,35,3661,0.0019120458891013384
look,isaiah,7,36,3661,0.0019120458891013384
look,med,7,37,3661,0.0019120458891013384
look,fish,6,38,3661,0.0016388964763725759
look,who,6,39,3661,0.0016388964763725759
look,doggie,6,40,3661,0.0016388964763725759
look,alice,5,41,3661,0.0013657470636438131
look,judy,5,42,3661,0.0013657470636438131
look,cat,5,43,3661,0.0013657470636438131
look,boy,5,44,3661,0.0013657470636438131
look,carl,5,45,3661,0.0013657470636438131
look,jasmine,5,46,3661,0.0013657470636438131
look,troy,4,47,3661,0.0010925976509150504
look,miranda,4,48,3661,0.0010925976509150504
look,brittney,4,49,3661,0.0010925976509150504
look,mom,4,50,3661,0.0010925976509150504
look,sally,4,51,3661,0.0010925976509150504
look,kalie,4,52,3661,0.0010925976509150504
look,gal,4,53,3661,0.0010925976509150504
look,mey,4,54,3661,0.0010925976509150504
look,joey,4,55,3661,0.0010925976509150504
look,+,3,56,3661,0.0008194482381862879
look,mummie,3,57,3661,0.0008194482381862879
look,cow,3,58,3661,0.0008194482381862879
look,man,3,59,3661,0.0008194482381862879
look,child,3,60,3661,0.0008194482381862879
look,lemme,3,61,3661,0.0008194482381862879
look,op,3,62,3661,0.0008194482381862879
look,foot,3,63,3661,0.0008194482381862879
look,shania,3,64,3661,0.0008194482381862879
look,kristopher,3,65,3661,0.0008194482381862879
look,megan,3,66,3661,0.0008194482381862879
look,girl,3,67,3661,0.0008194482381862879
look,toy,3,68,3661,0.0008194482381862879
look,mmm,3,69,3661,0.0008194482381862879
look,justin,3,70,3661,0.0008194482381862879
look,kirsten,3,71,3661,0.0008194482381862879
look,uhoh,3,72,3661,0.0008194482381862879
look,jason,3,73,3661,0.0008194482381862879
look,mariah,3,74,3661,0.0008194482381862879
look,mm,3,75,3661,0.0008194482381862879
look,andrew,3,76,3661,0.0008194482381862879
look,corinna,3,77,3661,0.0008194482381862879
look,bunny,3,78,3661,0.0008194482381862879
look,liam,3,79,3661,0.0008194482381862879
look,travis,3,80,3661,0.0008194482381862879
look,oh_my_goodness,3,81,3661,0.0008194482381862879
look,jeremy,3,82,3661,0.0008194482381862879
look,cha,3,83,3661,0.0008194482381862879
look,dup,3,84,3661,0.0008194482381862879
look,gar,3,85,3661,0.0008194482381862879
look,gig,3,86,3661,0.0008194482381862879
look,ew,3,87,3661,0.0008194482381862879
look,jon,3,88,3661,0.0008194482381862879
look,gst,3,89,3661,0.0008194482381862879
look,raffi,3,90,3661,0.0008194482381862879
look,almeda,3,91,3661,0.0008194482381862879
look,chester,3,92,3661,0.0008194482381862879
look,edena,3,93,3661,0.0008194482381862879
look,hedda,3,94,3661,0.0008194482381862879
look,tooth,2,95,3661,0.0005462988254575252
look,animal,2,96,3661,0.0005462988254575252
look,thing,2,97,3661,0.0005462988254575252
look,shoe,2,98,3661,0.0005462988254575252
look,peter,2,99,3661,0.0005462988254575252
look,all,2,100,3661,0.0005462988254575252
look,window,2,101,3661,0.0005462988254575252
look,mother,2,102,3661,0.0005462988254575252
look,kitten,2,103,3661,0.0005462988254575252
look,diaper,2,104,3661,0.0005462988254575252
look,nina,2,105,3661,0.0005462988254575252
look,danny,2,106,3661,0.0005462988254575252
look,austin,2,107,3661,0.0005462988254575252
look,go,2,108,3661,0.0005462988254575252
look,john,2,109,3661,0.0005462988254575252
look,alicia,2,110,3661,0.0005462988254575252
look,cassie,2,111,3661,0.0005462988254575252
look,page,2,112,3661,0.0005462988254575252
look,tyler,2,113,3661,0.0005462988254575252
look,victoria,2,114,3661,0.0005462988254575252
look,madison,2,115,3661,0.0005462988254575252
look,sawyer,2,116,3661,0.0005462988254575252
look,oop,2,117,3661,0.0005462988254575252
look,ahhah,2,118,3661,0.0005462988254575252
look,two,2,119,3661,0.0005462988254575252
look,person,2,120,3661,0.0005462988254575252
look,ross,2,121,3661,0.0005462988254575252
look,rachel,2,122,3661,0.0005462988254575252
look,jamie,2,123,3661,0.0005462988254575252
look,elana,2,124,3661,0.0005462988254575252
look,green,2,125,3661,0.0005462988254575252
look,nathan,2,126,3661,0.0005462988254575252
look,jar,2,127,3661,0.0005462988254575252
look,which,2,128,3661,0.0005462988254575252
look,face,2,129,3661,0.0005462988254575252
look,a,2,130,3661,0.0005462988254575252
look,kangaroo,2,131,3661,0.0005462988254575252
look,nomi,2,132,3661,0.0005462988254575252
look,eye,2,133,3661,0.0005462988254575252
look,car,2,134,3661,0.0005462988254575252
look,sorcerer,2,135,3661,0.0005462988254575252
look,chicken,2,136,3661,0.0005462988254575252
look,tree,2,137,3661,0.0005462988254575252
look,sophie,2,138,3661,0.0005462988254575252
look,engine,2,139,3661,0.0005462988254575252
look,doll,2,140,3661,0.0005462988254575252
look,yours,2,141,3661,0.0005462988254575252
look,maddie,2,142,3661,0.0005462988254575252
look,boat,2,143,3661,0.0005462988254575252
look,cake,2,144,3661,0.0005462988254575252
look,people,2,145,3661,0.0005462988254575252
look,gra,2,146,3661,0.0005462988254575252
look,you_all,2,147,3661,0.0005462988254575252
look,bro,2,148,3661,0.0005462988254575252
look,color,2,149,3661,0.0005462988254575252
look,mye,2,150,3661,0.0005462988254575252
look,nea,2,151,3661,0.0005462988254575252
look,pop,2,152,3661,0.0005462988254575252
look,creole,2,153,3661,0.0005462988254575252
look,jalenny,2,154,3661,0.0005462988254575252
look,kalkin,2,155,3661,0.0005462988254575252
look,ellisy,2,156,3661,0.0005462988254575252
look,errol,2,157,3661,0.0005462988254575252
look,gin,1,158,3661,0.0002731494127287626
look,marie,1,159,3661,0.0002731494127287626
look,phone,1,160,3661,0.0002731494127287626
look,mwww,1,161,3661,0.0002731494127287626
look,sandwich,1,162,3661,0.0002731494127287626
look,jwww,1,163,3661,0.0002731494127287626
look,doctor_rwww,1,164,3661,0.0002731494127287626
look,peanut,1,165,3661,0.0002731494127287626
look,laura,1,166,3661,0.0002731494127287626
look,mandy,1,167,3661,0.0002731494127287626
look,trash,1,168,3661,0.0002731494127287626
look,hole,1,169,3661,0.0002731494127287626
look,dillon,1,170,3661,0.0002731494127287626
look,path,1,171,3661,0.0002731494127287626
look,bootie,1,172,3661,0.0002731494127287626
look,bear,1,173,3661,0.0002731494127287626
look,mrpotatohead,1,174,3661,0.0002731494127287626
look,food,1,175,3661,0.0002731494127287626
look,cookie,1,176,3661,0.0002731494127287626
look,potatohead,1,177,3661,0.0002731494127287626
look,potato,1,178,3661,0.0002731494127287626
look,aww,1,179,3661,0.0002731494127287626
look,kasey,1,180,3661,0.0002731494127287626
look,nathaniel,1,181,3661,0.0002731494127287626
look,harmony,1,182,3661,0.0002731494127287626
look,kelsey,1,183,3661,0.0002731494127287626
look,caroline,1,184,3661,0.0002731494127287626
look,jessica,1,185,3661,0.0002731494127287626
look,puff,1,186,3661,0.0002731494127287626
look,colleen,1,187,3661,0.0002731494127287626
look,elaina,1,188,3661,0.0002731494127287626
look,aah,1,189,3661,0.0002731494127287626
look,meagan,1,190,3661,0.0002731494127287626
look,cecilia,1,191,3661,0.0002731494127287626
look,goodness,1,192,3661,0.0002731494127287626
look,jas,1,193,3661,0.0002731494127287626
look,jazzy,1,194,3661,0.0002731494127287626
look,jake,1,195,3661,0.0002731494127287626
look,ben,1,196,3661,0.0002731494127287626
look,vicky,1,197,3661,0.0002731494127287626
look,tegan,1,198,3661,0.0002731494127287626
look,picture,1,199,3661,0.0002731494127287626
look,stove,1,200,3661,0.0002731494127287626
look,nick,1,201,3661,0.0002731494127287626
look,gregory,1,202,3661,0.0002731494127287626
look,elena,1,203,3661,0.0002731494127287626
look,empty,1,204,3661,0.0002731494127287626
look,ear,1,205,3661,0.0002731494127287626
look,stefan,1,206,3661,0.0002731494127287626
look,while,1,207,3661,0.0002731494127287626
look,gepetto,1,208,3661,0.0002731494127287626
look,mouse,1,209,3661,0.0002731494127287626
look,danger,1,210,3661,0.0002731494127287626
look,boo,1,211,3661,0.0002731494127287626
look,towel,1,212,3661,0.0002731494127287626
look,joanna,1,213,3661,0.0002731494127287626
look,booboo,1,214,3661,0.0002731494127287626
look,daniel,1,215,3661,0.0002731494127287626
look,somebody,1,216,3661,0.0002731494127287626
look,mika,1,217,3661,0.0002731494127287626
look,mikey,1,218,3661,0.0002731494127287626
look,erica,1,219,3661,0.0002731494127287626
look,norman,1,220,3661,0.0002731494127287626
look,look_it,1,221,3661,0.0002731494127287626
look,sarah,1,222,3661,0.0002731494127287626
look,chrissie,1,223,3661,0.0002731494127287626
look,you_know,1,224,3661,0.0002731494127287626
look,piece,1,225,3661,0.0002731494127287626
look,medicine,1,226,3661,0.0002731494127287626
look,hat,1,227,3661,0.0002731494127287626
look,some,1,228,3661,0.0002731494127287626
look,mel,1,229,3661,0.0002731494127287626
look,my,1,230,3661,0.0002731494127287626
look,puppy,1,231,3661,0.0002731494127287626
look,look,1,232,3661,0.0002731494127287626
look,indians,1,233,3661,0.0002731494127287626
look,hunhunh,1,234,3661,0.0002731494127287626
look,block,1,235,3661,0.0002731494127287626
look,mash,1,236,3661,0.0002731494127287626
look,open,1,237,3661,0.0002731494127287626
look,train,1,238,3661,0.0002731494127287626
look,uhhum,1,239,3661,0.0002731494127287626
look,brother,1,240,3661,0.0002731494127287626
look,joseph,1,241,3661,0.0002731494127287626
look,fireman,1,242,3661,0.0002731494127287626
look,charlie,1,243,3661,0.0002731494127287626
look,anything,1,244,3661,0.0002731494127287626
look,jaylyn,1,245,3661,0.0002731494127287626
look,matthew,1,246,3661,0.0002731494127287626
look,barney,1,247,3661,0.0002731494127287626
look,chair,1,248,3661,0.0002731494127287626
look,key,1,249,3661,0.0002731494127287626
look,adam,1,250,3661,0.0002731494127287626
look,yummy,1,251,3661,0.0002731494127287626
look,kind_of,1,252,3661,0.0002731494127287626
look,finley,1,253,3661,0.0002731494127287626
look,costume,1,254,3661,0.0002731494127287626
look,rob,1,255,3661,0.0002731494127287626
look,fridge,1,256,3661,0.0002731494127287626
look,freya,1,257,3661,0.0002731494127287626
look,dad,1,258,3661,0.0002731494127287626
look,wenceslas,1,259,3661,0.0002731494127287626
look,hakeem,1,260,3661,0.0002731494127287626
look,recorder,1,261,3661,0.0002731494127287626
look,lord,1,262,3661,0.0002731494127287626
look,jennifer,1,263,3661,0.0002731494127287626
look,nursery,1,264,3661,0.0002731494127287626
look,ball,1,265,3661,0.0002731494127287626
look,mia,1,266,3661,0.0002731494127287626
look,tess,1,267,3661,0.0002731494127287626
look,gum,1,268,3661,0.0002731494127287626
look,tie,1,269,3661,0.0002731494127287626
look,toby,1,270,3661,0.0002731494127287626
look,upsy_daisy,1,271,3661,0.0002731494127287626
look,jump_jump,1,272,3661,0.0002731494127287626
look,sister,1,273,3661,0.0002731494127287626
look,d,1,274,3661,0.0002731494127287626
look,∙hhh,1,275,3661,0.0002731494127287626
look,°,1,276,3661,0.0002731494127287626
look,mum,1,277,3661,0.0002731494127287626
look,jimby,1,278,3661,0.0002731494127287626
look,drawing,1,279,3661,0.0002731494127287626
look,mind,1,280,3661,0.0002731494127287626
look,teddy,1,281,3661,0.0002731494127287626
look,horsie,1,282,3661,0.0002731494127287626
look,abi,1,283,3661,0.0002731494127287626
look,anne,1,284,3661,0.0002731494127287626
look,henry,1,285,3661,0.0002731494127287626
look,field,1,286,3661,0.0002731494127287626
look,lid,1,287,3661,0.0002731494127287626
look,paper,1,288,3661,0.0002731494127287626
look,dot,1,289,3661,0.0002731494127287626
look,nose,1,290,3661,0.0002731494127287626
look,short,1,291,3661,0.0002731494127287626
look,policeman,1,292,3661,0.0002731494127287626
look,side,1,293,3661,0.0002731494127287626
look,hers,1,294,3661,0.0002731494127287626
look,leg,1,295,3661,0.0002731494127287626
look,grass,1,296,3661,0.0002731494127287626
look,yeh,1,297,3661,0.0002731494127287626
look,shh,1,298,3661,0.0002731494127287626
look,piggy,1,299,3661,0.0002731494127287626
look,sweetie,1,300,3661,0.0002731494127287626
look,moo,1,301,3661,0.0002731494127287626
look,number,1,302,3661,0.0002731494127287626
look,slipper,1,303,3661,0.0002731494127287626
look,pin,1,304,3661,0.0002731494127287626
look,bike,1,305,3661,0.0002731494127287626
look,jammie,1,306,3661,0.0002731494127287626
look,stuff,1,307,3661,0.0002731494127287626
look,spaghetti,1,308,3661,0.0002731494127287626
look,let,1,309,3661,0.0002731494127287626
look,kaleb,1,310,3661,0.0002731494127287626
look,thomas,1,311,3661,0.0002731494127287626
look,doggy,1,312,3661,0.0002731494127287626
look,come,1,313,3661,0.0002731494127287626
look,my_god,1,314,3661,0.0002731494127287626
look,mailbox,1,315,3661,0.0002731494127287626
look,kinda,1,316,3661,0.0002731494127287626
look,kittys,1,317,3661,0.0002731494127287626
look,whoop,1,318,3661,0.0002731494127287626
look,gla,1,319,3661,0.0002731494127287626
look,hap,1,320,3661,0.0002731494127287626
look,cup,1,321,3661,0.0002731494127287626
look,string,1,322,3661,0.0002731494127287626
look,o,1,323,3661,0.0002731494127287626
look,bead,1,324,3661,0.0002731494127287626
look,drink,1,325,3661,0.0002731494127287626
look,lois,1,326,3661,0.0002731494127287626
look,orange,1,327,3661,0.0002731494127287626
look,dea,1,328,3661,0.0002731494127287626
look,rabbit,1,329,3661,0.0002731494127287626
look,hand,1,330,3661,0.0002731494127287626
look,bubble,1,331,3661,0.0002731494127287626
look,kristen,1,332,3661,0.0002731494127287626
look,dolly,1,333,3661,0.0002731494127287626
look,your,1,334,3661,0.0002731494127287626
look,douglas,1,335,3661,0.0002731494127287626
look,bird,1,336,3661,0.0002731494127287626
look,umbrella,1,337,3661,0.0002731494127287626
look,heart,1,338,3661,0.0002731494127287626
look,jerris,1,339,3661,0.0002731494127287626
look,mira,1,340,3661,0.0002731494127287626
look,teetee,1,341,3661,0.0002731494127287626
look,malik,1,342,3661,0.0002731494127287626
look,montel,1,343,3661,0.0002731494127287626
look,shay,1,344,3661,0.0002731494127287626
look,davey,1,345,3661,0.0002731494127287626
look,cosette,1,346,3661,0.0002731494127287626
look,l,1,347,3661,0.0002731494127287626
look,buddy,1,348,3661,0.0002731494127287626
look,many,1,349,3661,0.0002731494127287626
look,jael,1,350,3661,0.0002731494127287626
look,milk,1,351,3661,0.0002731494127287626
look,birdie,1,352,3661,0.0002731494127287626
come,it,563,1,3585,0.15704323570432357
come,you,386,2,3585,0.10767085076708507
come,he,328,3,3585,0.09149232914923291
come,i,202,4,3585,0.05634588563458856
come,they,159,5,3585,0.04435146443514645
come,she,117,6,3585,0.032635983263598324
come,that,92,7,3585,0.025662482566248257
come,we,80,8,3585,0.022315202231520222
come,wanna,70,9,3585,0.019525801952580194
come,what,59,10,3585,0.016457461645746164
come,who,58,11,3585,0.016178521617852163
come,one,43,12,3585,0.01199442119944212
come,daddy,38,13,3585,0.010599721059972107
come,mommy,34,14,3585,0.009483960948396096
come,sun,28,15,3585,0.007810320781032078
come,us,25,16,3585,0.00697350069735007
come,rain,25,17,3585,0.00697350069735007
come,car,24,18,3585,0.0066945606694560665
come,this,22,19,3585,0.006136680613668061
come,baby,20,20,3585,0.005578800557880056
come,ball,19,21,3585,0.005299860529986053
come,shoe,16,22,3585,0.004463040446304045
come,foot,14,23,3585,0.003905160390516039
come,ladybug,14,24,3585,0.003905160390516039
come,water,13,25,3585,0.0036262203626220364
come,somebody,13,26,3585,0.0036262203626220364
come,man,12,27,3585,0.0033472803347280333
come,mummy,12,28,3585,0.0033472803347280333
come,light,11,29,3585,0.0030683403068340305
come,airplane,10,30,3585,0.002789400278940028
come,michael,10,31,3585,0.002789400278940028
come,caterpillar,9,32,3585,0.002510460251046025
come,firstname,9,33,3585,0.002510460251046025
come,girl,8,34,3585,0.0022315202231520223
come,mama,8,35,3585,0.0022315202231520223
come,these,8,36,3585,0.0022315202231520223
come,hat,8,37,3585,0.0022315202231520223
come,nothing,8,38,3585,0.0022315202231520223
come,carl,8,39,3585,0.0022315202231520223
come,+,8,40,3585,0.0022315202231520223
come,lady,8,41,3585,0.0022315202231520223
come,guy,8,42,3585,0.0022315202231520223
come,travis,8,43,3585,0.0022315202231520223
come,almeda,8,44,3585,0.0022315202231520223
come,truck,7,45,3585,0.0019525801952580196
come,thing,7,46,3585,0.0019525801952580196
come,bird,7,47,3585,0.0019525801952580196
come,dog,7,48,3585,0.0019525801952580196
come,butterfly,7,49,3585,0.0019525801952580196
come,doggie,6,50,3585,0.0016736401673640166
come,cow,6,51,3585,0.0016736401673640166
come,cromer,6,52,3585,0.0016736401673640166
come,horse,6,53,3585,0.0016736401673640166
come,those,6,54,3585,0.0016736401673640166
come,head,6,55,3585,0.0016736401673640166
come,boy,6,56,3585,0.0016736401673640166
come,clown,6,57,3585,0.0016736401673640166
come,jane,6,58,3585,0.0016736401673640166
come,engine,6,59,3585,0.0016736401673640166
come,abi,6,60,3585,0.0016736401673640166
come,morning,6,61,3585,0.0016736401673640166
come,wind,6,62,3585,0.0016736401673640166
come,chicken,5,63,3585,0.001394700139470014
come,dragon,5,64,3585,0.001394700139470014
come,animal,5,65,3585,0.001394700139470014
come,swww,5,66,3585,0.001394700139470014
come,kitty,5,67,3585,0.001394700139470014
come,go,5,68,3585,0.001394700139470014
come,something,5,69,3585,0.001394700139470014
come,duck,5,70,3585,0.001394700139470014
come,pg,5,71,3585,0.001394700139470014
come,noise,5,72,3585,0.001394700139470014
come,headband,5,73,3585,0.001394700139470014
come,bubble,5,74,3585,0.001394700139470014
come,tray,5,75,3585,0.001394700139470014
come,mouth,5,76,3585,0.001394700139470014
come,honey,5,77,3585,0.001394700139470014
come,grandma,5,78,3585,0.001394700139470014
come,matthew,5,79,3585,0.001394700139470014
come,tooth,5,80,3585,0.001394700139470014
come,nomi,5,81,3585,0.001394700139470014
come,train,5,82,3585,0.001394700139470014
come,sunshine,5,83,3585,0.001394700139470014
come,people,4,84,3585,0.0011157601115760112
come,hasta,4,85,3585,0.0011157601115760112
come,top,4,86,3585,0.0011157601115760112
come,elephant,4,87,3585,0.0011157601115760112
come,pooh,4,88,3585,0.0011157601115760112
come,friend,4,89,3585,0.0011157601115760112
come,diapie,4,90,3585,0.0011157601115760112
come,nobody,4,91,3585,0.0011157601115760112
come,farmer,4,92,3585,0.0011157601115760112
come,mom,4,93,3585,0.0011157601115760112
come,horsie,4,94,3585,0.0011157601115760112
come,hair,4,95,3585,0.0011157601115760112
come,lid,4,96,3585,0.0011157601115760112
come,diaper,4,97,3585,0.0011157601115760112
come,trevor,4,98,3585,0.0011157601115760112
come,elena,4,99,3585,0.0011157601115760112
come,brittany,4,100,3585,0.0011157601115760112
come,piece,4,101,3585,0.0011157601115760112
come,chick,4,102,3585,0.0011157601115760112
come,sally,4,103,3585,0.0011157601115760112
come,come,4,104,3585,0.0011157601115760112
come,dinosaur,4,105,3585,0.0011157601115760112
come,time,4,106,3585,0.0011157601115760112
come,bear,4,107,3585,0.0011157601115760112
come,jeremy,4,108,3585,0.0011157601115760112
come,ted,4,109,3585,0.0011157601115760112
come,fish,4,110,3585,0.0011157601115760112
come,nose,4,111,3585,0.0011157601115760112
come,mye,4,112,3585,0.0011157601115760112
come,flip,4,113,3585,0.0011157601115760112
come,edena,4,114,3585,0.0011157601115760112
come,string,3,115,3585,0.0008368200836820083
come,joanna,3,116,3585,0.0008368200836820083
come,sheep,3,117,3585,0.0008368200836820083
come,coffee,3,118,3585,0.0008368200836820083
come,teethie,3,119,3585,0.0008368200836820083
come,ear,3,120,3585,0.0008368200836820083
come,brother,3,121,3585,0.0008368200836820083
come,cassie,3,122,3585,0.0008368200836820083
come,hippo,3,123,3585,0.0008368200836820083
come,page,3,124,3585,0.0008368200836820083
come,madison,3,125,3585,0.0008368200836820083
come,isaiah,3,126,3585,0.0008368200836820083
come,egg,3,127,3585,0.0008368200836820083
come,birthday,3,128,3585,0.0008368200836820083
come,badji,3,129,3585,0.0008368200836820083
come,kate,3,130,3585,0.0008368200836820083
come,bite,3,131,3585,0.0008368200836820083
come,medicine,3,132,3585,0.0008368200836820083
come,megan,3,133,3585,0.0008368200836820083
come,money,3,134,3585,0.0008368200836820083
come,joseph,3,135,3585,0.0008368200836820083
come,leah,3,136,3585,0.0008368200836820083
come,archie,3,137,3585,0.0008368200836820083
come,thomas,3,138,3585,0.0008368200836820083
come,dad,3,139,3585,0.0008368200836820083
come,erin,3,140,3585,0.0008368200836820083
come,nanny,3,141,3585,0.0008368200836820083
come,bus,3,142,3585,0.0008368200836820083
come,door,3,143,3585,0.0008368200836820083
come,hearing,3,144,3585,0.0008368200836820083
come,paper,3,145,3585,0.0008368200836820083
come,bunny,3,146,3585,0.0008368200836820083
come,gaston,3,147,3585,0.0008368200836820083
come,peekaboo,2,148,3585,0.0005578800557880056
come,tongue,2,149,3585,0.0005578800557880056
come,steam,2,150,3585,0.0005578800557880056
come,table,2,151,3585,0.0005578800557880056
come,clothe,2,152,3585,0.0005578800557880056
come,strap,2,153,3585,0.0005578800557880056
come,peter,2,154,3585,0.0005578800557880056
come,block,2,155,3585,0.0005578800557880056
come,jwww,2,156,3585,0.0005578800557880056
come,food,2,157,3585,0.0005578800557880056
come,dwww,2,158,3585,0.0005578800557880056
come,penny,2,159,3585,0.0005578800557880056
come,laura,2,160,3585,0.0005578800557880056
come,nwww,2,161,3585,0.0005578800557880056
come,everyone,2,162,3585,0.0005578800557880056
come,puppet,2,163,3585,0.0005578800557880056
come,sammy,2,164,3585,0.0005578800557880056
come,nana,2,165,3585,0.0005578800557880056
come,piglet,2,166,3585,0.0005578800557880056
come,mandy,2,167,3585,0.0005578800557880056
come,ship,2,168,3585,0.0005578800557880056
come,spider,2,169,3585,0.0005578800557880056
come,squirrelie,2,170,3585,0.0005578800557880056
come,doggy,2,171,3585,0.0005578800557880056
come,house,2,172,3585,0.0005578800557880056
come,uhoh,2,173,3585,0.0005578800557880056
come,banana,2,174,3585,0.0005578800557880056
come,wolf,2,175,3585,0.0005578800557880056
come,mouse,2,176,3585,0.0005578800557880056
come,bert,2,177,3585,0.0005578800557880056
come,snort,2,178,3585,0.0005578800557880056
come,toy,2,179,3585,0.0005578800557880056
come,flash,2,180,3585,0.0005578800557880056
come,turtle,2,181,3585,0.0005578800557880056
come,papa,2,182,3585,0.0005578800557880056
come,cheese,2,183,3585,0.0005578800557880056
come,tractor,2,184,3585,0.0005578800557880056
come,nina,2,185,3585,0.0005578800557880056
come,towel,2,186,3585,0.0005578800557880056
come,kid,2,187,3585,0.0005578800557880056
come,the,2,188,3585,0.0005578800557880056
come,child,2,189,3585,0.0005578800557880056
come,eye,2,190,3585,0.0005578800557880056
come,lily,2,191,3585,0.0005578800557880056
come,harmony,2,192,3585,0.0005578800557880056
come,alicia,2,193,3585,0.0005578800557880056
come,mikey,2,194,3585,0.0005578800557880056
come,mikala,2,195,3585,0.0005578800557880056
come,look,2,196,3585,0.0005578800557880056
come,ben,2,197,3585,0.0005578800557880056
come,brittney,2,198,3585,0.0005578800557880056
come,malik,2,199,3585,0.0005578800557880056
come,dana,2,200,3585,0.0005578800557880056
come,kelsey,2,201,3585,0.0005578800557880056
come,keegan,2,202,3585,0.0005578800557880056
come,jakey,2,203,3585,0.0005578800557880056
come,sam,2,204,3585,0.0005578800557880056
come,laurie,2,205,3585,0.0005578800557880056
come,o,2,206,3585,0.0005578800557880056
come,someone,2,207,3585,0.0005578800557880056
come,none,2,208,3585,0.0005578800557880056
come,boat,2,209,3585,0.0005578800557880056
come,teddy,2,210,3585,0.0005578800557880056
come,dabee,2,211,3585,0.0005578800557880056
come,melissa,2,212,3585,0.0005578800557880056
come,uhhum,2,213,3585,0.0005578800557880056
come,kalie,2,214,3585,0.0005578800557880056
come,snow,2,215,3585,0.0005578800557880056
come,button,2,216,3585,0.0005578800557880056
come,motorcycle,2,217,3585,0.0005578800557880056
come,frog,2,218,3585,0.0005578800557880056
come,kean,2,219,3585,0.0005578800557880056
come,jill,2,220,3585,0.0005578800557880056
come,monster,2,221,3585,0.0005578800557880056
come,number,2,222,3585,0.0005578800557880056
come,bran,2,223,3585,0.0005578800557880056
come,cowen,2,224,3585,0.0005578800557880056
come,makka_pakka,2,225,3585,0.0005578800557880056
come,mister_bear,2,226,3585,0.0005578800557880056
come,ssh,2,227,3585,0.0005578800557880056
come,alex,2,228,3585,0.0005578800557880056
come,tail,2,229,3585,0.0005578800557880056
come,mummy'll,2,230,3585,0.0005578800557880056
come,rabbit,2,231,3585,0.0005578800557880056
come,darling,2,232,3585,0.0005578800557880056
come,toby,2,233,3585,0.0005578800557880056
come,mum,2,234,3585,0.0005578800557880056
come,nicola,2,235,3585,0.0005578800557880056
come,lara,2,236,3585,0.0005578800557880056
come,floyd,2,237,3585,0.0005578800557880056
come,caroline,2,238,3585,0.0005578800557880056
come,dustman,2,239,3585,0.0005578800557880056
come,arm,2,240,3585,0.0005578800557880056
come,slipper,2,241,3585,0.0005578800557880056
come,weeble,2,242,3585,0.0005578800557880056
come,susanne,2,243,3585,0.0005578800557880056
come,guinness,2,244,3585,0.0005578800557880056
come,judy,2,245,3585,0.0005578800557880056
come,big_bird,2,246,3585,0.0005578800557880056
come,‡,2,247,3585,0.0005578800557880056
come,grasshopper,2,248,3585,0.0005578800557880056
come,part,2,249,3585,0.0005578800557880056
come,mickey,2,250,3585,0.0005578800557880056
come,glass,2,251,3585,0.0005578800557880056
come,boom,2,252,3585,0.0005578800557880056
come,nea,2,253,3585,0.0005578800557880056
come,tear,2,254,3585,0.0005578800557880056
come,chair,2,255,3585,0.0005578800557880056
come,cup,1,256,3585,0.0002789400278940028
come,word,1,257,3585,0.0002789400278940028
come,jesse,1,258,3585,0.0002789400278940028
come,woof,1,259,3585,0.0002789400278940028
come,kay,1,260,3585,0.0002789400278940028
come,voice,1,261,3585,0.0002789400278940028
come,meat,1,262,3585,0.0002789400278940028
come,father,1,263,3585,0.0002789400278940028
come,allison,1,264,3585,0.0002789400278940028
come,walk,1,265,3585,0.0002789400278940028
come,tricycle,1,266,3585,0.0002789400278940028
come,deedee,1,267,3585,0.0002789400278940028
come,grape,1,268,3585,0.0002789400278940028
come,toto,1,269,3585,0.0002789400278940028
come,pwww,1,270,3585,0.0002789400278940028
come,mail,1,271,3585,0.0002789400278940028
come,yours,1,272,3585,0.0002789400278940028
come,awww,1,273,3585,0.0002789400278940028
come,hwww,1,274,3585,0.0002789400278940028
come,benton,1,275,3585,0.0002789400278940028
come,sue,1,276,3585,0.0002789400278940028
come,peanut,1,277,3585,0.0002789400278940028
come,william,1,278,3585,0.0002789400278940028
come,flower,1,279,3585,0.0002789400278940028
come,morgan,1,280,3585,0.0002789400278940028
come,storm,1,281,3585,0.0002789400278940028
come,squawky_the_parrot,1,282,3585,0.0002789400278940028
come,camel,1,283,3585,0.0002789400278940028
come,tigger,1,284,3585,0.0002789400278940028
come,fishie,1,285,3585,0.0002789400278940028
come,kwanzaa,1,286,3585,0.0002789400278940028
come,liz,1,287,3585,0.0002789400278940028
come,bottle,1,288,3585,0.0002789400278940028
come,wash,1,289,3585,0.0002789400278940028
come,patty,1,290,3585,0.0002789400278940028
come,package,1,291,3585,0.0002789400278940028
come,day,1,292,3585,0.0002789400278940028
come,poopie,1,293,3585,0.0002789400278940028
come,alexander,1,294,3585,0.0002789400278940028
come,oh_man,1,295,3585,0.0002789400278940028
come,son,1,296,3585,0.0002789400278940028
come,booboo,1,297,3585,0.0002789400278940028
come,leaf,1,298,3585,0.0002789400278940028
come,stick,1,299,3585,0.0002789400278940028
come,mailman,1,300,3585,0.0002789400278940028
come,cat,1,301,3585,0.0002789400278940028
come,lamb,1,302,3585,0.0002789400278940028
come,music,1,303,3585,0.0002789400278940028
come,tabitha,1,304,3585,0.0002789400278940028
come,andy,1,305,3585,0.0002789400278940028
come,kelly,1,306,3585,0.0002789400278940028
come,stain,1,307,3585,0.0002789400278940028
come,back,1,308,3585,0.0002789400278940028
come,mary,1,309,3585,0.0002789400278940028
come,bag,1,310,3585,0.0002789400278940028
come,movie,1,311,3585,0.0002789400278940028
come,choo,1,312,3585,0.0002789400278940028
come,uhohyou,1,313,3585,0.0002789400278940028
come,world,1,314,3585,0.0002789400278940028
come,he'has,1,315,3585,0.0002789400278940028
come,oname,1,316,3585,0.0002789400278940028
come,froggy,1,317,3585,0.0002789400278940028
come,soap,1,318,3585,0.0002789400278940028
come,op,1,319,3585,0.0002789400278940028
come,ducky,1,320,3585,0.0002789400278940028
come,kasey,1,321,3585,0.0002789400278940028
come,puppy,1,322,3585,0.0002789400278940028
come,earthquake,1,323,3585,0.0002789400278940028
come,maurica,1,324,3585,0.0002789400278940028
come,matter,1,325,3585,0.0002789400278940028
come,dale,1,326,3585,0.0002789400278940028
come,tye,1,327,3585,0.0002789400278940028
come,jessica,1,328,3585,0.0002789400278940028
come,bubby,1,329,3585,0.0002789400278940028
come,emma,1,330,3585,0.0002789400278940028
come,keagan,1,331,3585,0.0002789400278940028
come,buddy,1,332,3585,0.0002789400278940028
come,anthony,1,333,3585,0.0002789400278940028
come,ryan,1,334,3585,0.0002789400278940028
come,tyler,1,335,3585,0.0002789400278940028
come,justin,1,336,3585,0.0002789400278940028
come,lion,1,337,3585,0.0002789400278940028
come,vicky,1,338,3585,0.0002789400278940028
come,victoria,1,339,3585,0.0002789400278940028
come,kristen,1,340,3585,0.0002789400278940028
come,mckenzie,1,341,3585,0.0002789400278940028
come,hippopotamus,1,342,3585,0.0002789400278940028
come,joshua,1,343,3585,0.0002789400278940028
come,jason,1,344,3585,0.0002789400278940028
come,good,1,345,3585,0.0002789400278940028
come,barky,1,346,3585,0.0002789400278940028
come,gregory,1,347,3585,0.0002789400278940028
come,mike,1,348,3585,0.0002789400278940028
come,emmy,1,349,3585,0.0002789400278940028
come,jacob,1,350,3585,0.0002789400278940028
come,nightnight,1,351,3585,0.0002789400278940028
come,kiana,1,352,3585,0.0002789400278940028
come,eric,1,353,3585,0.0002789400278940028
come,trailer,1,354,3585,0.0002789400278940028
come,swimsuit,1,355,3585,0.0002789400278940028
come,line,1,356,3585,0.0002789400278940028
come,squirrely,1,357,3585,0.0002789400278940028
come,yeh,1,358,3585,0.0002789400278940028
come,fairy,1,359,3585,0.0002789400278940028
come,all,1,360,3585,0.0002789400278940028
come,footstep,1,361,3585,0.0002789400278940028
come,everybody,1,362,3585,0.0002789400278940028
come,down,1,363,3585,0.0002789400278940028
come,ross,1,364,3585,0.0002789400278940028
come,spratt,1,365,3585,0.0002789400278940028
come,andrew,1,366,3585,0.0002789400278940028
come,zackary,1,367,3585,0.0002789400278940028
come,krystal,1,368,3585,0.0002789400278940028
come,key,1,369,3585,0.0002789400278940028
come,rory,1,370,3585,0.0002789400278940028
come,sara,1,371,3585,0.0002789400278940028
come,duckie,1,372,3585,0.0002789400278940028
come,chickie,1,373,3585,0.0002789400278940028
come,liam,1,374,3585,0.0002789400278940028
come,which,1,375,3585,0.0002789400278940028
come,seth,1,376,3585,0.0002789400278940028
come,drain,1,377,3585,0.0002789400278940028
come,zacchariah,1,378,3585,0.0002789400278940028
come,switch'll,1,379,3585,0.0002789400278940028
come,finger,1,380,3585,0.0002789400278940028
come,anybody,1,381,3585,0.0002789400278940028
come,design,1,382,3585,0.0002789400278940028
come,europeans,1,383,3585,0.0002789400278940028
come,fan,1,384,3585,0.0002789400278940028
come,grandaddy,1,385,3585,0.0002789400278940028
come,grandaddy'll,1,386,3585,0.0002789400278940028
come,daddy'll,1,387,3585,0.0002789400278940028
come,tradewind,1,388,3585,0.0002789400278940028
come,everything,1,389,3585,0.0002789400278940028
come,oatmeal,1,390,3585,0.0002789400278940028
come,connie,1,391,3585,0.0002789400278940028
come,dirt,1,392,3585,0.0002789400278940028
come,deal,1,393,3585,0.0002789400278940028
come,goofy,1,394,3585,0.0002789400278940028
come,britche,1,395,3585,0.0002789400278940028
come,book,1,396,3585,0.0002789400278940028
come,frosty,1,397,3585,0.0002789400278940028
come,two,1,398,3585,0.0002789400278940028
come,ya,1,399,3585,0.0002789400278940028
come,critter,1,400,3585,0.0002789400278940028
come,chi,1,401,3585,0.0002789400278940028
come,momma,1,402,3585,0.0002789400278940028
come,yogurt,1,403,3585,0.0002789400278940028
come,puzzle,1,404,3585,0.0002789400278940028
come,ng,1,405,3585,0.0002789400278940028
come,rocket,1,406,3585,0.0002789400278940028
come,jaylyn,1,407,3585,0.0002789400278940028
come,violin,1,408,3585,0.0002789400278940028
come,kite,1,409,3585,0.0002789400278940028
come,road,1,410,3585,0.0002789400278940028
come,hook,1,411,3585,0.0002789400278940028
come,sorcerer,1,412,3585,0.0002789400278940028
come,marker,1,413,3585,0.0002789400278940028
come,useta,1,414,3585,0.0002789400278940028
come,mate,1,415,3585,0.0002789400278940028
come,george,1,416,3585,0.0002789400278940028
come,teacher,1,417,3585,0.0002789400278940028
come,potato,1,418,3585,0.0002789400278940028
come,burp,1,419,3585,0.0002789400278940028
come,dow,1,420,3585,0.0002789400278940028
come,boop^boop,1,421,3585,0.0002789400278940028
come,walker,1,422,3585,0.0002789400278940028
come,lot,1,423,3585,0.0002789400278940028
come,toucan,1,424,3585,0.0002789400278940028
come,granny,1,425,3585,0.0002789400278940028
come,henry,1,426,3585,0.0002789400278940028
come,mister_lion,1,427,3585,0.0002789400278940028
come,spaghetti,1,428,3585,0.0002789400278940028
come,freya,1,429,3585,0.0002789400278940028
come,tallulah,1,430,3585,0.0002789400278940028
come,yoghurt,1,431,3585,0.0002789400278940028
come,frida,1,432,3585,0.0002789400278940028
come,harvey,1,433,3585,0.0002789400278940028
come,sophie,1,434,3585,0.0002789400278940028
come,mister_moo,1,435,3585,0.0002789400278940028
come,call,1,436,3585,0.0002789400278940028
come,brook,1,437,3585,0.0002789400278940028
come,mark,1,438,3585,0.0002789400278940028
come,dust,1,439,3585,0.0002789400278940028
come,uncle_michael,1,440,3585,0.0002789400278940028
come,natalie,1,441,3585,0.0002789400278940028
come,martina,1,442,3585,0.0002789400278940028
come,moshi_monster,1,443,3585,0.0002789400278940028
come,luca,1,444,3585,0.0002789400278940028
come,squiggle,1,445,3585,0.0002789400278940028
come,grandpa,1,446,3585,0.0002789400278940028
come,strawberry,1,447,3585,0.0002789400278940028
come,quack,1,448,3585,0.0002789400278940028
come,∆she,1,449,3585,0.0002789400278940028
come,toothie,1,450,3585,0.0002789400278940028
come,sock,1,451,3585,0.0002789400278940028
come,eva,1,452,3585,0.0002789400278940028
come,a:::nd,1,453,3585,0.0002789400278940028
come,ella,1,454,3585,0.0002789400278940028
come,pauleen,1,455,3585,0.0002789400278940028
come,ribena,1,456,3585,0.0002789400278940028
come,popper,1,457,3585,0.0002789400278940028
come,mummie,1,458,3585,0.0002789400278940028
come,emily,1,459,3585,0.0002789400278940028
come,dinner,1,460,3585,0.0002789400278940028
come,more_dadaw,1,461,3585,0.0002789400278940028
come,snake,1,462,3585,0.0002789400278940028
come,ellie'll,1,463,3585,0.0002789400278940028
come,penguin,1,464,3585,0.0002789400278940028
come,helicopter,1,465,3585,0.0002789400278940028
come,car'll,1,466,3585,0.0002789400278940028
come,giraffe,1,467,3585,0.0002789400278940028
come,rachel,1,468,3585,0.0002789400278940028
come,anne,1,469,3585,0.0002789400278940028
come,mannie,1,470,3585,0.0002789400278940028
come,tiger,1,471,3585,0.0002789400278940028
come,brush,1,472,3585,0.0002789400278940028
come,monkey,1,473,3585,0.0002789400278940028
come,postman,1,474,3585,0.0002789400278940028
come,trouble,1,475,3585,0.0002789400278940028
come,smoke,1,476,3585,0.0002789400278940028
come,stuff,1,477,3585,0.0002789400278940028
come,draught,1,478,3585,0.0002789400278940028
come,granddad,1,479,3585,0.0002789400278940028
come,gary,1,480,3585,0.0002789400278940028
come,bit,1,481,3585,0.0002789400278940028
come,pipe,1,482,3585,0.0002789400278940028
come,carol,1,483,3585,0.0002789400278940028
come,abbey,1,484,3585,0.0002789400278940028
come,warm,1,485,3585,0.0002789400278940028
come,betty,1,486,3585,0.0002789400278940028
come,as_soon_as,1,487,3585,0.0002789400278940028
come,debbie,1,488,3585,0.0002789400278940028
come,hammy,1,489,3585,0.0002789400278940028
come,el,1,490,3585,0.0002789400278940028
come,georgina,1,491,3585,0.0002789400278940028
come,tea,1,492,3585,0.0002789400278940028
come,rachael,1,493,3585,0.0002789400278940028
come,richard,1,494,3585,0.0002789400278940028
come,some,1,495,3585,0.0002789400278940028
come,harriet,1,496,3585,0.0002789400278940028
come,christmas,1,497,3585,0.0002789400278940028
come,jonathan,1,498,3585,0.0002789400278940028
come,sarah,1,499,3585,0.0002789400278940028
come,sharon,1,500,3585,0.0002789400278940028
come,neil,1,501,3585,0.0002789400278940028
come,mum'll,1,502,3585,0.0002789400278940028
come,milkman,1,503,3585,0.0002789400278940028
come,bee,1,504,3585,0.0002789400278940028
come,october,1,505,3585,0.0002789400278940028
come,sign,1,506,3585,0.0002789400278940028
come,beep,1,507,3585,0.0002789400278940028
come,clippy,1,508,3585,0.0002789400278940028
come,oscar,1,509,3585,0.0002789400278940028
come,cookie_monster,1,510,3585,0.0002789400278940028
come,four,1,511,3585,0.0002789400278940028
come,raven,1,512,3585,0.0002789400278940028
come,bucket,1,513,3585,0.0002789400278940028
come,pacifier,1,514,3585,0.0002789400278940028
come,firstname_middlename,1,515,3585,0.0002789400278940028
come,bumblebee,1,516,3585,0.0002789400278940028
come,shirt,1,517,3585,0.0002789400278940028
come,help,1,518,3585,0.0002789400278940028
come,swang,1,519,3585,0.0002789400278940028
come,job,1,520,3585,0.0002789400278940028
come,vest,1,521,3585,0.0002789400278940028
come,stop,1,522,3585,0.0002789400278940028
come,icecream,1,523,3585,0.0002789400278940028
come,bob,1,524,3585,0.0002789400278940028
come,nope,1,525,3585,0.0002789400278940028
come,donald,1,526,3585,0.0002789400278940028
come,daisy,1,527,3585,0.0002789400278940028
come,controller,1,528,3585,0.0002789400278940028
come,whee,1,529,3585,0.0002789400278940028
come,bea,1,530,3585,0.0002789400278940028
come,lookee,1,531,3585,0.0002789400278940028
come,cha,1,532,3585,0.0002789400278940028
come,shh,1,533,3585,0.0002789400278940028
come,color,1,534,3585,0.0002789400278940028
come,hap,1,535,3585,0.0002789400278940028
come,ball_ball,1,536,3585,0.0002789400278940028
come,leo,1,537,3585,0.0002789400278940028
come,whoop,1,538,3585,0.0002789400278940028
come,med,1,539,3585,0.0002789400278940028
come,jody,1,540,3585,0.0002789400278940028
come,liquid,1,541,3585,0.0002789400278940028
come,another,1,542,3585,0.0002789400278940028
come,douglas,1,543,3585,0.0002789400278940028
come,pop,1,544,3585,0.0002789400278940028
come,creole,1,545,3585,0.0002789400278940028
come,see,1,546,3585,0.0002789400278940028
come,genie,1,547,3585,0.0002789400278940028
come,joey,1,548,3585,0.0002789400278940028
come,gramma,1,549,3585,0.0002789400278940028
come,em,1,550,3585,0.0002789400278940028
come,ace,1,551,3585,0.0002789400278940028
come,minute,1,552,3585,0.0002789400278940028
come,bed,1,553,3585,0.0002789400278940028
come,anything,1,554,3585,0.0002789400278940028
come,phone,1,555,3585,0.0002789400278940028
come,earnest,1,556,3585,0.0002789400278940028
come,haha,1,557,3585,0.0002789400278940028
come,ritty,1,558,3585,0.0002789400278940028
come,cracker,1,559,3585,0.0002789400278940028
come,snap,1,560,3585,0.0002789400278940028
make,you,907,1,2803,0.3235818765608277
make,we,325,2,2803,0.11594719942918302
make,i,255,3,2803,0.09097395647520513
make,it,217,4,2803,0.07741705315733143
make,that,123,5,2803,0.04388155547627542
make,he,93,6,2803,0.03317873706742776
make,us,87,7,2803,0.031038173385658223
make,they,69,8,2803,0.024616482340349626
make,mommy,49,9,2803,0.017481270067784518
make,she,38,10,2803,0.013556903317873707
make,wanna,36,11,2803,0.012843382090617196
make,one,33,12,2803,0.011773100249732429
make,daddy,32,13,2803,0.011416339636104174
make,what,29,14,2803,0.010346057795219408
make,this,27,15,2803,0.009632536567962896
make,who,26,16,2803,0.00927577595433464
make,mummy,25,17,2803,0.008919015340706386
make,carl,12,18,2803,0.004281127363539065
make,mama,8,19,2803,0.0028540849090260435
make,sheep,8,20,2803,0.0028540849090260435
make,car,8,21,2803,0.0028540849090260435
make,doggy,8,22,2803,0.0028540849090260435
make,cow,8,23,2803,0.0028540849090260435
make,train,7,24,2803,0.0024973242953977882
make,mom,7,25,2803,0.0024973242953977882
make,these,7,26,2803,0.0024973242953977882
make,animal,7,27,2803,0.0024973242953977882
make,sister,6,28,2803,0.0021405636817695326
make,dog,6,29,2803,0.0021405636817695326
make,machine,5,30,2803,0.0017838030681412772
make,god,5,31,2803,0.0017838030681412772
make,brown,5,32,2803,0.0017838030681412772
make,monkey,5,33,2803,0.0017838030681412772
make,elephant,5,34,2803,0.0017838030681412772
make,duck,5,35,2803,0.0017838030681412772
make,lion,5,36,2803,0.0017838030681412772
make,truck,4,37,2803,0.0014270424545130217
make,somebody,4,38,2803,0.0014270424545130217
make,door,4,39,2803,0.0014270424545130217
make,book,3,40,2803,0.0010702818408847663
make,bird,3,41,2803,0.0010702818408847663
make,lemme,3,42,2803,0.0010702818408847663
make,which,3,43,2803,0.0010702818408847663
make,yours,3,44,2803,0.0010702818408847663
make,cname,3,45,2803,0.0010702818408847663
make,soap,3,46,2803,0.0010702818408847663
make,giraffe,3,47,2803,0.0010702818408847663
make,kitty,3,48,2803,0.0010702818408847663
make,michael,3,49,2803,0.0010702818408847663
make,rachel,3,50,2803,0.0010702818408847663
make,granny,3,51,2803,0.0010702818408847663
make,snake,3,52,2803,0.0010702818408847663
make,grandma,3,53,2803,0.0010702818408847663
make,horse,3,54,2803,0.0010702818408847663
make,chicken,3,55,2803,0.0010702818408847663
make,tyler,3,56,2803,0.0010702818408847663
make,rock,2,57,2803,0.0007135212272565109
make,conditioner,2,58,2803,0.0007135212272565109
make,eric,2,59,2803,0.0007135212272565109
make,mouse,2,60,2803,0.0007135212272565109
make,laura,2,61,2803,0.0007135212272565109
make,vacuum,2,62,2803,0.0007135212272565109
make,person,2,63,2803,0.0007135212272565109
make,seat,2,64,2803,0.0007135212272565109
make,wind,2,65,2803,0.0007135212272565109
make,dakota,2,66,2803,0.0007135212272565109
make,bee,2,67,2803,0.0007135212272565109
make,duckie,2,68,2803,0.0007135212272565109
make,mcgregor,2,69,2803,0.0007135212272565109
make,bug,2,70,2803,0.0007135212272565109
make,thing,2,71,2803,0.0007135212272565109
make,ball,2,72,2803,0.0007135212272565109
make,papa,2,73,2803,0.0007135212272565109
make,baby,2,74,2803,0.0007135212272565109
make,doggie,2,75,2803,0.0007135212272565109
make,kelsey,2,76,2803,0.0007135212272565109
make,mormor,2,77,2803,0.0007135212272565109
make,someone,2,78,2803,0.0007135212272565109
make,h,2,79,2803,0.0007135212272565109
make,green,2,80,2803,0.0007135212272565109
make,otter,2,81,2803,0.0007135212272565109
make,switch,2,82,2803,0.0007135212272565109
make,button,2,83,2803,0.0007135212272565109
make,water,2,84,2803,0.0007135212272565109
make,ben,2,85,2803,0.0007135212272565109
make,ya,2,86,2803,0.0007135212272565109
make,salley,2,87,2803,0.0007135212272565109
make,kalie,2,88,2803,0.0007135212272565109
make,sun,2,89,2803,0.0007135212272565109
make,hand,2,90,2803,0.0007135212272565109
make,piggy,2,91,2803,0.0007135212272565109
make,horsie,2,92,2803,0.0007135212272565109
make,tractor,2,93,2803,0.0007135212272565109
make,fire_engine,2,94,2803,0.0007135212272565109
make,cat,2,95,2803,0.0007135212272565109
make,face,2,96,2803,0.0007135212272565109
make,casey,2,97,2803,0.0007135212272565109
make,allie,2,98,2803,0.0007135212272565109
make,bear,2,99,2803,0.0007135212272565109
make,lady,2,100,2803,0.0007135212272565109
make,mummie,2,101,2803,0.0007135212272565109
make,mr_brown,2,102,2803,0.0007135212272565109
make,puppy,2,103,2803,0.0007135212272565109
make,fei,2,104,2803,0.0007135212272565109
make,vroom,2,105,2803,0.0007135212272565109
make,rom,2,106,2803,0.0007135212272565109
make,mommy'll,2,107,2803,0.0007135212272565109
make,engine,2,108,2803,0.0007135212272565109
make,jackie,1,109,2803,0.00035676061362825543
make,leg,1,110,2803,0.00035676061362825543
make,sound,1,111,2803,0.00035676061362825543
make,husband,1,112,2803,0.00035676061362825543
make,let,1,113,2803,0.00035676061362825543
make,clean,1,114,2803,0.00035676061362825543
make,girl,1,115,2803,0.00035676061362825543
make,jwww,1,116,2803,0.00035676061362825543
make,pwww,1,117,2803,0.00035676061362825543
make,mother,1,118,2803,0.00035676061362825543
make,jack,1,119,2803,0.00035676061362825543
make,joanna,1,120,2803,0.00035676061362825543
make,doll,1,121,2803,0.00035676061362825543
make,david,1,122,2803,0.00035676061362825543
make,washer,1,123,2803,0.00035676061362825543
make,neighbor,1,124,2803,0.00035676061362825543
make,some,1,125,2803,0.00035676061362825543
make,linda,1,126,2803,0.00035676061362825543
make,elf,1,127,2803,0.00035676061362825543
make,snail,1,128,2803,0.00035676061362825543
make,geese,1,129,2803,0.00035676061362825543
make,henry,1,130,2803,0.00035676061362825543
make,jesus,1,131,2803,0.00035676061362825543
make,kiss,1,132,2803,0.00035676061362825543
make,orioles,1,133,2803,0.00035676061362825543
make,yaya,1,134,2803,0.00035676061362825543
make,tyco,1,135,2803,0.00035676061362825543
make,dyeisha,1,136,2803,0.00035676061362825543
make,pamper,1,137,2803,0.00035676061362825543
make,elmo,1,138,2803,0.00035676061362825543
make,stuff,1,139,2803,0.00035676061362825543
make,you_all,1,140,2803,0.00035676061362825543
make,raindrop,1,141,2803,0.00035676061362825543
make,rain,1,142,2803,0.00035676061362825543
make,buck,1,143,2803,0.00035676061362825543
make,uhohyou're,1,144,2803,0.00035676061362825543
make,mud,1,145,2803,0.00035676061362825543
make,floor,1,146,2803,0.00035676061362825543
make,camera,1,147,2803,0.00035676061362825543
make,rooster,1,148,2803,0.00035676061362825543
make,our,1,149,2803,0.00035676061362825543
make,mmm,1,150,2803,0.00035676061362825543
make,chi,1,151,2803,0.00035676061362825543
make,bowl,1,152,2803,0.00035676061362825543
make,bunny,1,153,2803,0.00035676061362825543
make,woman,1,154,2803,0.00035676061362825543
make,alexa,1,155,2803,0.00035676061362825543
make,emma,1,156,2803,0.00035676061362825543
make,teacher,1,157,2803,0.00035676061362825543
make,battery,1,158,2803,0.00035676061362825543
make,birdie,1,159,2803,0.00035676061362825543
make,seaweed,1,160,2803,0.00035676061362825543
make,gepetto,1,161,2803,0.00035676061362825543
make,katie,1,162,2803,0.00035676061362825543
make,light,1,163,2803,0.00035676061362825543
make,norman,1,164,2803,0.00035676061362825543
make,booboo,1,165,2803,0.00035676061362825543
make,fish,1,166,2803,0.00035676061362825543
make,nathan,1,167,2803,0.00035676061362825543
make,something,1,168,2803,0.00035676061362825543
make,candle,1,169,2803,0.00035676061362825543
make,megan,1,170,2803,0.00035676061362825543
make,t,1,171,2803,0.00035676061362825543
make,messy,1,172,2803,0.00035676061362825543
make,jerry,1,173,2803,0.00035676061362825543
make,man,1,174,2803,0.00035676061362825543
make,toy,1,175,2803,0.00035676061362825543
make,catherine,1,176,2803,0.00035676061362825543
make,guitar,1,177,2803,0.00035676061362825543
make,frank,1,178,2803,0.00035676061362825543
make,rabbit,1,179,2803,0.00035676061362825543
make,violin,1,180,2803,0.00035676061362825543
make,wheel,1,181,2803,0.00035676061362825543
make,chick,1,182,2803,0.00035676061362825543
make,ours,1,183,2803,0.00035676061362825543
make,alexander,1,184,2803,0.00035676061362825543
make,george,1,185,2803,0.00035676061362825543
make,hairdryer,1,186,2803,0.00035676061362825543
make,bok_boks,1,187,2803,0.00035676061362825543
make,calf,1,188,2803,0.00035676061362825543
make,marty,1,189,2803,0.00035676061362825543
make,walrus,1,190,2803,0.00035676061362825543
make,trumpet,1,191,2803,0.00035676061362825543
make,buzzybee,1,192,2803,0.00035676061362825543
make,finger,1,193,2803,0.00035676061362825543
make,ellen,1,194,2803,0.00035676061362825543
make,freya,1,195,2803,0.00035676061362825543
make,tooth,1,196,2803,0.00035676061362825543
make,phone,1,197,2803,0.00035676061362825543
make,hippo,1,198,2803,0.00035676061362825543
make,whee,1,199,2803,0.00035676061362825543
make,crocodile,1,200,2803,0.00035676061362825543
make,apple,1,201,2803,0.00035676061362825543
make,mum,1,202,2803,0.00035676061362825543
make,jet,1,203,2803,0.00035676061362825543
make,mole,1,204,2803,0.00035676061362825543
make,digger,1,205,2803,0.00035676061362825543
make,aeroplane,1,206,2803,0.00035676061362825543
make,cuddle,1,207,2803,0.00035676061362825543
make,color,1,208,2803,0.00035676061362825543
make,pot,1,209,2803,0.00035676061362825543
make,s,1,210,2803,0.00035676061362825543
make,sarah,1,211,2803,0.00035676061362825543
make,bus,1,212,2803,0.00035676061362825543
make,fridge,1,213,2803,0.00035676061362825543
make,∆who,1,214,2803,0.00035676061362825543
make,↓didn't,1,215,2803,0.00035676061362825543
make,▔,1,216,2803,0.00035676061362825543
make,fire,1,217,2803,0.00035676061362825543
make,mister_sun,1,218,2803,0.00035676061362825543
make,dominic,1,219,2803,0.00035676061362825543
make,hilary,1,220,2803,0.00035676061362825543
make,james,1,221,2803,0.00035676061362825543
make,pg,1,222,2803,0.00035676061362825543
make,warren,1,223,2803,0.00035676061362825543
make,nan,1,224,2803,0.00035676061362825543
make,samantha,1,225,2803,0.00035676061362825543
make,turtle,1,226,2803,0.00035676061362825543
make,character,1,227,2803,0.00035676061362825543
make,party,1,228,2803,0.00035676061362825543
make,noise,1,229,2803,0.00035676061362825543
make,ducky,1,230,2803,0.00035676061362825543
make,cic,1,231,2803,0.00035676061362825543
make,moose,1,232,2803,0.00035676061362825543
make,med,1,233,2803,0.00035676061362825543
make,red,1,234,2803,0.00035676061362825543
make,purple,1,235,2803,0.00035676061362825543
make,black,1,236,2803,0.00035676061362825543
make,mummy'll,1,237,2803,0.00035676061362825543
make,whew,1,238,2803,0.00035676061362825543
make,zic,1,239,2803,0.00035676061362825543
make,jac,1,240,2803,0.00035676061362825543
make,deer,1,241,2803,0.00035676061362825543
make,porcupine,1,242,2803,0.00035676061362825543
make,peter,1,243,2803,0.00035676061362825543
make,boy,1,244,2803,0.00035676061362825543
make,good,1,245,2803,0.00035676061362825543
make,tracy,1,246,2803,0.00035676061362825543
play,you,874,1,2767,0.31586555836646185
play,we,469,2,2767,0.1694976508854355
play,wanna,287,3,2767,0.10372244307914709
play,he,231,4,2767,0.08348391760028913
play,she,230,5,2767,0.08312251535959522
play,us,208,6,2767,0.0751716660643296
play,i,110,7,2767,0.03975424647632815
play,they,86,8,2767,0.03108059269967474
play,guy,19,9,2767,0.0068666425731839535
play,mommy,13,10,2767,0.0046982291290206
play,abi,13,11,2767,0.0046982291290206
play,baby,12,12,2767,0.0043368268883267076
play,daddy,9,13,2767,0.0032526201662450307
play,it,9,14,2767,0.0032526201662450307
play,child,8,15,2767,0.0028912179255511385
play,boy,6,16,2767,0.0021684134441633538
play,who,6,17,2767,0.0021684134441633538
play,judy,5,18,2767,0.0018070112034694614
play,elephant,5,19,2767,0.0018070112034694614
play,that,4,20,2767,0.0014456089627755693
play,kid,4,21,2767,0.0014456089627755693
play,kitten,3,22,2767,0.0010842067220816769
play,girl,3,23,2767,0.0010842067220816769
play,people,3,24,2767,0.0010842067220816769
play,pg,3,25,2767,0.0010842067220816769
play,mom,3,26,2767,0.0010842067220816769
play,dog,3,27,2767,0.0010842067220816769
play,cat,3,28,2767,0.0010842067220816769
play,puppy,3,29,2767,0.0010842067220816769
play,toy,3,30,2767,0.0010842067220816769
play,snowman,3,31,2767,0.0010842067220816769
play,mey,3,32,2767,0.0010842067220816769
play,a_lot_of,2,33,2767,0.0007228044813877846
play,lot,2,34,2767,0.0007228044813877846
play,one,2,35,2767,0.0007228044813877846
play,henry,2,36,2767,0.0007228044813877846
play,sister,2,37,2767,0.0007228044813877846
play,penguin,2,38,2767,0.0007228044813877846
play,what,2,39,2767,0.0007228044813877846
play,cassie,2,40,2767,0.0007228044813877846
play,pooh,2,41,2767,0.0007228044813877846
play,fiddler_cat,2,42,2767,0.0007228044813877846
play,krystal,2,43,2767,0.0007228044813877846
play,pretend,2,44,2767,0.0007228044813877846
play,mama,2,45,2767,0.0007228044813877846
play,mummy,2,46,2767,0.0007228044813877846
play,erin,2,47,2767,0.0007228044813877846
play,riley,2,48,2767,0.0007228044813877846
play,emily,2,49,2767,0.0007228044813877846
play,carl,2,50,2767,0.0007228044813877846
play,firstname,2,51,2767,0.0007228044813877846
play,everybody,2,52,2767,0.0007228044813877846
play,ya,1,53,2767,0.0003614022406938923
play,record,1,54,2767,0.0003614022406938923
play,thing,1,55,2767,0.0003614022406938923
play,her,1,56,2767,0.0003614022406938923
play,peter,1,57,2767,0.0003614022406938923
play,dwww,1,58,2767,0.0003614022406938923
play,erica,1,59,2767,0.0003614022406938923
play,pan,1,60,2767,0.0003614022406938923
play,kitty,1,61,2767,0.0003614022406938923
play,alexander,1,62,2767,0.0003614022406938923
play,bear,1,63,2767,0.0003614022406938923
play,taxi,1,64,2767,0.0003614022406938923
play,piglet,1,65,2767,0.0003614022406938923
play,whatcha,1,66,2767,0.0003614022406938923
play,song,1,67,2767,0.0003614022406938923
play,eve,1,68,2767,0.0003614022406938923
play,oname,1,69,2767,0.0003614022406938923
play,ocname,1,70,2767,0.0003614022406938923
play,danny,1,71,2767,0.0003614022406938923
play,sissy,1,72,2767,0.0003614022406938923
play,kelsey,1,73,2767,0.0003614022406938923
play,megan,1,74,2767,0.0003614022406938923
play,no,1,75,2767,0.0003614022406938923
play,nathan,1,76,2767,0.0003614022406938923
play,brandon,1,77,2767,0.0003614022406938923
play,malik,1,78,2767,0.0003614022406938923
play,isaiah,1,79,2767,0.0003614022406938923
play,jason,1,80,2767,0.0003614022406938923
play,phoebe,1,81,2767,0.0003614022406938923
play,activity,1,82,2767,0.0003614022406938923
play,hank,1,83,2767,0.0003614022406938923
play,keegan,1,84,2767,0.0003614022406938923
play,wyatt,1,85,2767,0.0003614022406938923
play,jacob,1,86,2767,0.0003614022406938923
play,tegan,1,87,2767,0.0003614022406938923
play,two,1,88,2767,0.0003614022406938923
play,kiana,1,89,2767,0.0003614022406938923
play,bag,1,90,2767,0.0003614022406938923
play,gregory,1,91,2767,0.0003614022406938923
play,stefan,1,92,2767,0.0003614022406938923
play,animal,1,93,2767,0.0003614022406938923
play,seal,1,94,2767,0.0003614022406938923
play,yeh,1,95,2767,0.0003614022406938923
play,ross,1,96,2767,0.0003614022406938923
play,boat,1,97,2767,0.0003614022406938923
play,lindsay,1,98,2767,0.0003614022406938923
play,dada,1,99,2767,0.0003614022406938923
play,teddy,1,100,2767,0.0003614022406938923
play,norman,1,101,2767,0.0003614022406938923
play,terry,1,102,2767,0.0003614022406938923
play,puppys,1,103,2767,0.0003614022406938923
play,something,1,104,2767,0.0003614022406938923
play,buddy,1,105,2767,0.0003614022406938923
play,melissa,1,106,2767,0.0003614022406938923
play,salley,1,107,2767,0.0003614022406938923
play,brittany,1,108,2767,0.0003614022406938923
play,travis,1,109,2767,0.0003614022406938923
play,flower,1,110,2767,0.0003614022406938923
play,skunk,1,111,2767,0.0003614022406938923
play,both,1,112,2767,0.0003614022406938923
play,nomi,1,113,2767,0.0003614022406938923
play,bunny,1,114,2767,0.0003614022406938923
play,rabbit,1,115,2767,0.0003614022406938923
play,jeff,1,116,2767,0.0003614022406938923
play,mouse,1,117,2767,0.0003614022406938923
play,this,1,118,2767,0.0003614022406938923
play,sarah,1,119,2767,0.0003614022406938923
play,nobody,1,120,2767,0.0003614022406938923
play,katie,1,121,2767,0.0003614022406938923
play,drew,1,122,2767,0.0003614022406938923
play,diddle,1,123,2767,0.0003614022406938923
play,daisy,1,124,2767,0.0003614022406938923
play,ducks,1,125,2767,0.0003614022406938923
play,wipe,1,126,2767,0.0003614022406938923
play,ella,1,127,2767,0.0003614022406938923
play,brother,1,128,2767,0.0003614022406938923
play,ball,1,129,2767,0.0003614022406938923
play,bucket,1,130,2767,0.0003614022406938923
play,lara,1,131,2767,0.0003614022406938923
play,england,1,132,2767,0.0003614022406938923
play,other,1,133,2767,0.0003614022406938923
play,pottie,1,134,2767,0.0003614022406938923
play,harriet,1,135,2767,0.0003614022406938923
play,nea,1,136,2767,0.0003614022406938923
play,any,1,137,2767,0.0003614022406938923
play,edena,1,138,2767,0.0003614022406938923
take,you,865,1,2372,0.36467116357504215
take,i,424,2,2372,0.178752107925801
take,we,284,3,2372,0.11973018549747048
take,us,138,4,2372,0.0581787521079258
take,he,72,5,2372,0.03035413153456998
take,she,67,6,2372,0.02824620573355818
take,wanna,65,7,2372,0.02740303541315346
take,mommy,62,8,2372,0.026138279932546374
take,they,47,9,2372,0.01981450252951096
take,it,31,10,2372,0.013069139966273187
take,activity,28,11,2372,0.011804384485666104
take,daddy,26,12,2372,0.010961214165261383
take,lemme,15,13,2372,0.006323777403035413
take,who,13,14,2372,0.0054806070826306915
take,mummy,12,15,2372,0.00505902192242833
take,baby,10,16,2372,0.0042158516020236085
take,this,7,17,2372,0.002951096121416526
take,mama,7,18,2372,0.002951096121416526
take,daddy'll,5,19,2372,0.0021079258010118043
take,hasta,5,20,2372,0.0021079258010118043
take,danny,5,21,2372,0.0021079258010118043
take,that,4,22,2372,0.0016863406408094434
take,people,4,23,2372,0.0016863406408094434
take,picture,4,24,2372,0.0016863406408094434
take,carl,4,25,2372,0.0016863406408094434
take,camera,4,26,2372,0.0016863406408094434
take,firstname,4,27,2372,0.0016863406408094434
take,ya,3,28,2372,0.0012647554806070826
take,lady,3,29,2372,0.0012647554806070826
take,peter,3,30,2372,0.0012647554806070826
take,rooster,3,31,2372,0.0012647554806070826
take,somebody,3,32,2372,0.0012647554806070826
take,old_farmer_gile,3,33,2372,0.0012647554806070826
take,ross,3,34,2372,0.0012647554806070826
take,nomi,3,35,2372,0.0012647554806070826
take,mom,3,36,2372,0.0012647554806070826
take,granddad,3,37,2372,0.0012647554806070826
take,go,2,38,2372,0.0008431703204047217
take,needta,2,39,2372,0.0008431703204047217
take,gwww,2,40,2372,0.0008431703204047217
take,brisco,2,41,2372,0.0008431703204047217
take,boy,2,42,2372,0.0008431703204047217
take,mommy'll,2,43,2372,0.0008431703204047217
take,nina,2,44,2372,0.0008431703204047217
take,dog,2,45,2372,0.0008431703204047217
take,man,2,46,2372,0.0008431703204047217
take,caitlin,2,47,2372,0.0008431703204047217
take,connie,2,48,2372,0.0008431703204047217
take,crocodile,2,49,2372,0.0008431703204047217
take,kalie,2,50,2372,0.0008431703204047217
take,travis,2,51,2372,0.0008431703204047217
take,mum,2,52,2372,0.0008431703204047217
take,bear,2,53,2372,0.0008431703204047217
take,mummie,2,54,2372,0.0008431703204047217
take,choo_choo,2,55,2372,0.0008431703204047217
take,mye,2,56,2372,0.0008431703204047217
take,door,1,57,2372,0.00042158516020236085
take,child,1,58,2372,0.00042158516020236085
take,screwdriver,1,59,2372,0.00042158516020236085
take,conversation,1,60,2372,0.00042158516020236085
take,mrs_gwww,1,61,2372,0.00042158516020236085
take,mwww,1,62,2372,0.00042158516020236085
take,swww'll,1,63,2372,0.00042158516020236085
take,joanna,1,64,2372,0.00042158516020236085
take,trudie,1,65,2372,0.00042158516020236085
take,judie,1,66,2372,0.00042158516020236085
take,everyone,1,67,2372,0.00042158516020236085
take,weed,1,68,2372,0.00042158516020236085
take,pg,1,69,2372,0.00042158516020236085
take,pig,1,70,2372,0.00042158516020236085
take,terry,1,71,2372,0.00042158516020236085
take,hadta,1,72,2372,0.00042158516020236085
take,dakota,1,73,2372,0.00042158516020236085
take,dad,1,74,2372,0.00042158516020236085
take,defender,1,75,2372,0.00042158516020236085
take,god,1,76,2372,0.00042158516020236085
take,sister,1,77,2372,0.00042158516020236085
take,dyeisha,1,78,2372,0.00042158516020236085
take,man_man,1,79,2372,0.00042158516020236085
take,no,1,80,2372,0.00042158516020236085
take,suit,1,81,2372,0.00042158516020236085
take,sarah,1,82,2372,0.00042158516020236085
take,backyardigan,1,83,2372,0.00042158516020236085
take,backyardigans,1,84,2372,0.00042158516020236085
take,uhohyou,1,85,2372,0.00042158516020236085
take,horsie,1,86,2372,0.00042158516020236085
take,pooh,1,87,2372,0.00042158516020236085
take,lot,1,88,2372,0.00042158516020236085
take,doggie,1,89,2372,0.00042158516020236085
take,rebecca,1,90,2372,0.00042158516020236085
take,carrot,1,91,2372,0.00042158516020236085
take,evan,1,92,2372,0.00042158516020236085
take,nothing,1,93,2372,0.00042158516020236085
take,yeh,1,94,2372,0.00042158516020236085
take,let,1,95,2372,0.00042158516020236085
take,ema,1,96,2372,0.00042158516020236085
take,jane,1,97,2372,0.00042158516020236085
take,duck,1,98,2372,0.00042158516020236085
take,ray,1,99,2372,0.00042158516020236085
take,jamie,1,100,2372,0.00042158516020236085
take,grandma,1,101,2372,0.00042158516020236085
take,titus,1,102,2372,0.00042158516020236085
take,mot,1,103,2372,0.00042158516020236085
take,your,1,104,2372,0.00042158516020236085
take,catherine,1,105,2372,0.00042158516020236085
take,joseph,1,106,2372,0.00042158516020236085
take,leah,1,107,2372,0.00042158516020236085
take,bunny,1,108,2372,0.00042158516020236085
take,mickey,1,109,2372,0.00042158516020236085
take,mammy,1,110,2372,0.00042158516020236085
take,angel,1,111,2372,0.00042158516020236085
take,katherine,1,112,2372,0.00042158516020236085
take,mummy'll,1,113,2372,0.00042158516020236085
take,daniel,1,114,2372,0.00042158516020236085
take,girl,1,115,2372,0.00042158516020236085
take,howe,1,116,2372,0.00042158516020236085
take,caroline,1,117,2372,0.00042158516020236085
take,sandwich,1,118,2372,0.00042158516020236085
take,pat,1,119,2372,0.00042158516020236085
take,thomas,1,120,2372,0.00042158516020236085
take,nobody,1,121,2372,0.00042158516020236085
take,forklift,1,122,2372,0.00042158516020236085
take,one,1,123,2372,0.00042158516020236085
take,train,1,124,2372,0.00042158516020236085
take,nappie,1,125,2372,0.00042158516020236085
take,simon,1,126,2372,0.00042158516020236085
take,cup,1,127,2372,0.00042158516020236085
take,ball,1,128,2372,0.00042158516020236085
take,psht,1,129,2372,0.00042158516020236085
take,firetruck,1,130,2372,0.00042158516020236085
take,‡,1,131,2372,0.00042158516020236085
take,bus,1,132,2372,0.00042158516020236085
take,hood,1,133,2372,0.00042158516020236085
take,ernie,1,134,2372,0.00042158516020236085
take,many,1,135,2372,0.00042158516020236085
take,med,1,136,2372,0.00042158516020236085
take,mey,1,137,2372,0.00042158516020236085
take,sul,1,138,2372,0.00042158516020236085
take,zic,1,139,2372,0.00042158516020236085
take,max,1,140,2372,0.00042158516020236085
take,gst,1,141,2372,0.00042158516020236085
take,byron,1,142,2372,0.00042158516020236085
take,puppy,1,143,2372,0.00042158516020236085
take,cleaning,1,144,2372,0.00042158516020236085
take,the,1,145,2372,0.00042158516020236085
take,purse,1,146,2372,0.00042158516020236085
take,uhoh,1,147,2372,0.00042158516020236085
take,edena,1,148,2372,0.00042158516020236085
need,you,896,1,2315,0.38704103671706264
need,we,377,2,2315,0.1628509719222462
need,i,289,3,2315,0.12483801295896328
need,he,216,4,2315,0.09330453563714902
need,she,140,5,2315,0.06047516198704104
need,baby,62,6,2315,0.02678185745140389
need,it,46,7,2315,0.019870410367170625
need,mommy,36,8,2315,0.015550755939524838
need,they,28,9,2315,0.012095032397408207
need,danny,17,10,2315,0.00734341252699784
need,mummy,14,11,2315,0.006047516198704104
need,who,9,12,2315,0.0038876889848812094
need,that,9,13,2315,0.0038876889848812094
need,nina,9,14,2315,0.0038876889848812094
need,potatohead,8,15,2315,0.0034557235421166306
need,mrpotatohead,8,16,2315,0.0034557235421166306
need,daddy,8,17,2315,0.0034557235421166306
need,mama,7,18,2315,0.003023758099352052
need,pooh,7,19,2315,0.003023758099352052
need,one,6,20,2315,0.002591792656587473
need,poohbear,4,21,2315,0.0017278617710583153
need,potato,4,22,2315,0.0017278617710583153
need,doll,4,23,2315,0.0017278617710583153
need,what,4,24,2315,0.0017278617710583153
need,mom,4,25,2315,0.0017278617710583153
need,frog,3,26,2315,0.0012958963282937365
need,this,3,27,2315,0.0012958963282937365
need,guy,3,28,2315,0.0012958963282937365
need,somebody,3,29,2315,0.0012958963282937365
need,everything,2,30,2315,0.0008639308855291577
need,farmer,2,31,2315,0.0008639308855291577
need,some,2,32,2315,0.0008639308855291577
need,foot,2,33,2315,0.0008639308855291577
need,pizza,2,34,2315,0.0008639308855291577
need,nose,2,35,2315,0.0008639308855291577
need,sheep,2,36,2315,0.0008639308855291577
need,pear,2,37,2315,0.0008639308855291577
need,mummy'll,2,38,2315,0.0008639308855291577
need,teddy,2,39,2315,0.0008639308855291577
need,hair,2,40,2315,0.0008639308855291577
need,anybody,1,41,2315,0.00043196544276457883
need,house,1,42,2315,0.00043196544276457883
need,train,1,43,2315,0.00043196544276457883
need,jennifer,1,44,2315,0.00043196544276457883
need,mommy'll,1,45,2315,0.00043196544276457883
need,kitty,1,46,2315,0.00043196544276457883
need,anyone,1,47,2315,0.00043196544276457883
need,girl,1,48,2315,0.00043196544276457883
need,laura,1,49,2315,0.00043196544276457883
need,joanna,1,50,2315,0.00043196544276457883
need,horse,1,51,2315,0.00043196544276457883
need,whatcha,1,52,2315,0.00043196544276457883
need,dog,1,53,2315,0.00043196544276457883
need,car,1,54,2315,0.00043196544276457883
need,sister,1,55,2315,0.00043196544276457883
need,dyeisha,1,56,2315,0.00043196544276457883
need,clothe,1,57,2315,0.00043196544276457883
need,fraser,1,58,2315,0.00043196544276457883
need,bear,1,59,2315,0.00043196544276457883
need,fork,1,60,2315,0.00043196544276457883
need,peewee,1,61,2315,0.00043196544276457883
need,cup,1,62,2315,0.00043196544276457883
need,cookie,1,63,2315,0.00043196544276457883
need,op,1,64,2315,0.00043196544276457883
need,any,1,65,2315,0.00043196544276457883
need,diaper,1,66,2315,0.00043196544276457883
need,hotdog,1,67,2315,0.00043196544276457883
need,kelsey,1,68,2315,0.00043196544276457883
need,elephant,1,69,2315,0.00043196544276457883
need,animal,1,70,2315,0.00043196544276457883
need,home,1,71,2315,0.00043196544276457883
need,hand,1,72,2315,0.00043196544276457883
need,mouth,1,73,2315,0.00043196544276457883
need,nothing,1,74,2315,0.00043196544276457883
need,g,1,75,2315,0.00043196544276457883
need,leg,1,76,2315,0.00043196544276457883
need,airport,1,77,2315,0.00043196544276457883
need,nomi,1,78,2315,0.00043196544276457883
need,nobody,1,79,2315,0.00043196544276457883
need,bunny,1,80,2315,0.00043196544276457883
need,adam,1,81,2315,0.00043196544276457883
need,alistair,1,82,2315,0.00043196544276457883
need,finley,1,83,2315,0.00043196544276457883
need,polly,1,84,2315,0.00043196544276457883
need,darling,1,85,2315,0.00043196544276457883
need,toy,1,86,2315,0.00043196544276457883
need,tooth,1,87,2315,0.00043196544276457883
need,ellen,1,88,2315,0.00043196544276457883
need,everyone,1,89,2315,0.00043196544276457883
need,mum,1,90,2315,0.00043196544276457883
need,queen,1,91,2315,0.00043196544276457883
need,john,1,92,2315,0.00043196544276457883
need,ted,1,93,2315,0.00043196544276457883
need,mummum,1,94,2315,0.00043196544276457883
need,pikelet,1,95,2315,0.00043196544276457883
need,fox,1,96,2315,0.00043196544276457883
need,fridge,1,97,2315,0.00043196544276457883
need,dad,1,98,2315,0.00043196544276457883
need,°,1,99,2315,0.00043196544276457883
need,mummie,1,100,2315,0.00043196544276457883
need,bike,1,101,2315,0.00043196544276457883
need,caroline,1,102,2315,0.00043196544276457883
need,nope,1,103,2315,0.00043196544276457883
need,firstname,1,104,2315,0.00043196544276457883
need,honey,1,105,2315,0.00043196544276457883
need,boy,1,106,2315,0.00043196544276457883
need,jon,1,107,2315,0.00043196544276457883
need,you_all,1,108,2315,0.00043196544276457883
need,maggie,1,109,2315,0.00043196544276457883
find,you,1108,1,2125,0.5214117647058824
find,i,352,2,2125,0.16564705882352943
find,we,321,3,2125,0.15105882352941177
find,us,104,4,2125,0.04894117647058824
find,he,43,5,2125,0.02023529411764706
find,she,22,6,2125,0.010352941176470589
find,mummy,22,7,2125,0.010352941176470589
find,mommy,20,8,2125,0.009411764705882352
find,they,15,9,2125,0.007058823529411765
find,daddy,13,10,2125,0.00611764705882353
find,mama,13,11,2125,0.00611764705882353
find,wanna,10,12,2125,0.004705882352941176
find,carl,7,13,2125,0.0032941176470588237
find,lemme,6,14,2125,0.002823529411764706
find,rachel,4,15,2125,0.0018823529411764706
find,needta,3,16,2125,0.001411764705882353
find,mcgregor,3,17,2125,0.001411764705882353
find,grandma,3,18,2125,0.001411764705882353
find,laura,2,19,2125,0.0009411764705882353
find,timmy,2,20,2125,0.0009411764705882353
find,peter,2,21,2125,0.0009411764705882353
find,mickey,2,22,2125,0.0009411764705882353
find,momma,2,23,2125,0.0009411764705882353
find,mom,2,24,2125,0.0009411764705882353
find,sally,2,25,2125,0.0009411764705882353
find,baby,2,26,2125,0.0009411764705882353
find,who,2,27,2125,0.0009411764705882353
find,mummy'll,2,28,2125,0.0009411764705882353
find,whatcha,2,29,2125,0.0009411764705882353
find,ya,1,30,2125,0.00047058823529411766
find,brother,1,31,2125,0.00047058823529411766
find,taxi,1,32,2125,0.00047058823529411766
find,everyone,1,33,2125,0.00047058823529411766
find,andy,1,34,2125,0.00047058823529411766
find,bird,1,35,2125,0.00047058823529411766
find,hafta,1,36,2125,0.00047058823529411766
find,happiness,1,37,2125,0.00047058823529411766
find,cname,1,38,2125,0.00047058823529411766
find,tia,1,39,2125,0.00047058823529411766
find,matthew,1,40,2125,0.00047058823529411766
find,jacob,1,41,2125,0.00047058823529411766
find,nana,1,42,2125,0.00047058823529411766
find,whoever,1,43,2125,0.00047058823529411766
find,guy,1,44,2125,0.00047058823529411766
find,that,1,45,2125,0.00047058823529411766
find,it,1,46,2125,0.00047058823529411766
find,travis,1,47,2125,0.00047058823529411766
find,flower,1,48,2125,0.00047058823529411766
find,anyone,1,49,2125,0.00047058823529411766
find,harvey,1,50,2125,0.00047058823529411766
find,bambi,1,51,2125,0.00047058823529411766
find,jake,1,52,2125,0.00047058823529411766
find,anne,1,53,2125,0.00047058823529411766
find,controller,1,54,2125,0.00047058823529411766
find,fei,1,55,2125,0.00047058823529411766
find,gar,1,56,2125,0.00047058823529411766
find,little_bo_peep,1,57,2125,0.00047058823529411766
find,h,1,58,2125,0.00047058823529411766
find,whisper,1,59,2125,0.00047058823529411766
find,umbrella,1,60,2125,0.00047058823529411766
find,page,1,61,2125,0.00047058823529411766
find,ramona,1,62,2125,0.00047058823529411766
find,bryan,1,63,2125,0.00047058823529411766
eat,you,862,1,2110,0.4085308056872038
eat,he,259,2,2110,0.12274881516587678
eat,we,159,3,2110,0.07535545023696683
eat,she,156,4,2110,0.07393364928909953
eat,i,102,5,2110,0.04834123222748815
eat,they,88,6,2110,0.04170616113744076
eat,baby,65,7,2110,0.030805687203791468
eat,us,32,8,2110,0.015165876777251185
eat,mommy,28,9,2110,0.013270142180094787
eat,wanna,25,10,2110,0.011848341232227487
eat,it,18,11,2110,0.008530805687203791
eat,daddy,18,12,2110,0.008530805687203791
eat,who,18,13,2110,0.008530805687203791
eat,kitty,12,14,2110,0.005687203791469194
eat,bunny,9,15,2110,0.0042654028436018955
eat,cow,9,16,2110,0.0042654028436018955
eat,mummy,9,17,2110,0.0042654028436018955
eat,caterpillar,8,18,2110,0.0037914691943127963
eat,firstname,7,19,2110,0.0033175355450236967
eat,cat,6,20,2110,0.002843601895734597
eat,hasta,6,21,2110,0.002843601895734597
eat,joanna,5,22,2110,0.002369668246445498
eat,mandy,5,23,2110,0.002369668246445498
eat,dakota,5,24,2110,0.002369668246445498
eat,somebody,5,25,2110,0.002369668246445498
eat,squirrel,5,26,2110,0.002369668246445498
eat,monkey,5,27,2110,0.002369668246445498
eat,timmy,4,28,2110,0.0018957345971563982
eat,anteater,4,29,2110,0.0018957345971563982
eat,people,4,30,2110,0.0018957345971563982
eat,horse,4,31,2110,0.0018957345971563982
eat,goat,4,32,2110,0.0018957345971563982
eat,rabbit,3,33,2110,0.0014218009478672985
eat,laura,3,34,2110,0.0014218009478672985
eat,winnie_the_pooh,3,35,2110,0.0014218009478672985
eat,bird,3,36,2110,0.0014218009478672985
eat,penguin,3,37,2110,0.0014218009478672985
eat,mama,3,38,2110,0.0014218009478672985
eat,no,3,39,2110,0.0014218009478672985
eat,kalie,3,40,2110,0.0014218009478672985
eat,nomi,3,41,2110,0.0014218009478672985
eat,mouse,3,42,2110,0.0014218009478672985
eat,finley,3,43,2110,0.0014218009478672985
eat,gruffalo,3,44,2110,0.0014218009478672985
eat,momma,3,45,2110,0.0014218009478672985
eat,dillon,2,46,2110,0.0009478672985781991
eat,someone,2,47,2110,0.0009478672985781991
eat,peter,2,48,2110,0.0009478672985781991
eat,dyeisha,2,49,2110,0.0009478672985781991
eat,that,2,50,2110,0.0009478672985781991
eat,the,2,51,2110,0.0009478672985781991
eat,poohbear,2,52,2110,0.0009478672985781991
eat,pooh,2,53,2110,0.0009478672985781991
eat,danny,2,54,2110,0.0009478672985781991
eat,nina,2,55,2110,0.0009478672985781991
eat,sophie,2,56,2110,0.0009478672985781991
eat,pg,2,57,2110,0.0009478672985781991
eat,chicken,2,58,2110,0.0009478672985781991
eat,dinosaur,2,59,2110,0.0009478672985781991
eat,tiger,2,60,2110,0.0009478672985781991
eat,max,2,61,2110,0.0009478672985781991
eat,nanny,2,62,2110,0.0009478672985781991
eat,spot,2,63,2110,0.0009478672985781991
eat,horsie,2,64,2110,0.0009478672985781991
eat,mummy'll,2,65,2110,0.0009478672985781991
eat,kid,2,66,2110,0.0009478672985781991
eat,sammy,2,67,2110,0.0009478672985781991
eat,larry,2,68,2110,0.0009478672985781991
eat,ya,1,69,2110,0.00047393364928909954
eat,picture,1,70,2110,0.00047393364928909954
eat,swww,1,71,2110,0.00047393364928909954
eat,egg,1,72,2110,0.00047393364928909954
eat,peanut,1,73,2110,0.00047393364928909954
eat,morgan,1,74,2110,0.00047393364928909954
eat,sprat,1,75,2110,0.00047393364928909954
eat,wife,1,76,2110,0.00047393364928909954
eat,doggie,1,77,2110,0.00047393364928909954
eat,mosquito,1,78,2110,0.00047393364928909954
eat,adam,1,79,2110,0.00047393364928909954
eat,maggie,1,80,2110,0.00047393364928909954
eat,eve,1,81,2110,0.00047393364928909954
eat,mom'd,1,82,2110,0.00047393364928909954
eat,anything,1,83,2110,0.00047393364928909954
eat,go,1,84,2110,0.00047393364928909954
eat,sissy,1,85,2110,0.00047393364928909954
eat,tooth,1,86,2110,0.00047393364928909954
eat,bear,1,87,2110,0.00047393364928909954
eat,sheep,1,88,2110,0.00047393364928909954
eat,giraffe,1,89,2110,0.00047393364928909954
eat,pea,1,90,2110,0.00047393364928909954
eat,pretend,1,91,2110,0.00047393364928909954
eat,one,1,92,2110,0.00047393364928909954
eat,matthew,1,93,2110,0.00047393364928909954
eat,aardvark,1,94,2110,0.00047393364928909954
eat,roy,1,95,2110,0.00047393364928909954
eat,puppy,1,96,2110,0.00047393364928909954
eat,hafta,1,97,2110,0.00047393364928909954
eat,rachel,1,98,2110,0.00047393364928909954
eat,child,1,99,2110,0.00047393364928909954
eat,anybody,1,100,2110,0.00047393364928909954
eat,animal,1,101,2110,0.00047393364928909954
eat,needta,1,102,2110,0.00047393364928909954
eat,dragon,1,103,2110,0.00047393364928909954
eat,man,1,104,2110,0.00047393364928909954
eat,birdie,1,105,2110,0.00047393364928909954
eat,piggie,1,106,2110,0.00047393364928909954
eat,butter,1,107,2110,0.00047393364928909954
eat,what,1,108,2110,0.00047393364928909954
eat,pittsburg,1,109,2110,0.00047393364928909954
eat,bug,1,110,2110,0.00047393364928909954
eat,george,1,111,2110,0.00047393364928909954
eat,daisy,1,112,2110,0.00047393364928909954
eat,amie,1,113,2110,0.00047393364928909954
eat,fork,1,114,2110,0.00047393364928909954
eat,yuck,1,115,2110,0.00047393364928909954
eat,ellen,1,116,2110,0.00047393364928909954
eat,chef,1,117,2110,0.00047393364928909954
eat,piggy,1,118,2110,0.00047393364928909954
eat,daughter,1,119,2110,0.00047393364928909954
eat,grape,1,120,2110,0.00047393364928909954
eat,teddy,1,121,2110,0.00047393364928909954
eat,urgh,1,122,2110,0.00047393364928909954
eat,jeremy,1,123,2110,0.00047393364928909954
eat,jiggle,1,124,2110,0.00047393364928909954
eat,mary,1,125,2110,0.00047393364928909954
eat,sophia,1,126,2110,0.00047393364928909954
eat,brother,1,127,2110,0.00047393364928909954
eat,⁎eva,1,128,2110,0.00047393364928909954
eat,°,1,129,2110,0.00047393364928909954
eat,foot,1,130,2110,0.00047393364928909954
eat,lara,1,131,2110,0.00047393364928909954
eat,pigeon,1,132,2110,0.00047393364928909954
eat,whale,1,133,2110,0.00047393364928909954
eat,anne,1,134,2110,0.00047393364928909954
eat,dog,1,135,2110,0.00047393364928909954
eat,carl,1,136,2110,0.00047393364928909954
eat,fish,1,137,2110,0.00047393364928909954
eat,doggy,1,138,2110,0.00047393364928909954
eat,whose,1,139,2110,0.00047393364928909954
eat,food,1,140,2110,0.00047393364928909954
eat,bumper,1,141,2110,0.00047393364928909954
eat,guy,1,142,2110,0.00047393364928909954
eat,mother,1,143,2110,0.00047393364928909954
eat,plate,1,144,2110,0.00047393364928909954
eat,mommy'll,1,145,2110,0.00047393364928909954
eat,eric,1,146,2110,0.00047393364928909954
eat,pig,1,147,2110,0.00047393364928909954
sit,you,748,1,1831,0.4085199344620426
sit,i,144,2,1831,0.07864554888039323
sit,he,143,3,1831,0.0780993992353905
sit,wanna,136,4,1831,0.07427635172037138
sit,we,102,5,1831,0.05570726379027854
sit,she,93,6,1831,0.05079191698525396
sit,us,65,7,1831,0.0354997269251775
sit,baby,46,8,1831,0.025122883670125613
sit,mommy,32,9,1831,0.017476788640087382
sit,who,20,10,1831,0.010922992900054615
sit,man,19,11,1831,0.010376843255051884
sit,it,19,12,1831,0.010376843255051884
sit,they,18,13,1831,0.009830693610049153
sit,two,12,14,1831,0.006553795740032769
sit,mummy,12,15,1831,0.006553795740032769
sit,daddy,10,16,1831,0.005461496450027308
sit,people,8,17,1831,0.004369197160021846
sit,boy,7,18,1831,0.0038230475150191155
sit,firstname,7,19,1831,0.0038230475150191155
sit,mama,6,20,1831,0.0032768978700163844
sit,go,6,21,1831,0.0032768978700163844
sit,pooh,6,22,1831,0.0032768978700163844
sit,bear,4,23,1831,0.002184598580010923
sit,that,4,24,1831,0.002184598580010923
sit,bird,4,25,1831,0.002184598580010923
sit,nina,4,26,1831,0.002184598580010923
sit,cha,4,27,1831,0.002184598580010923
sit,dog,3,28,1831,0.0016384489350081922
sit,doll,3,29,1831,0.0016384489350081922
sit,laura,3,30,1831,0.0016384489350081922
sit,needta,3,31,1831,0.0016384489350081922
sit,girl,3,32,1831,0.0016384489350081922
sit,this,3,33,1831,0.0016384489350081922
sit,chicken,3,34,1831,0.0016384489350081922
sit,chair,3,35,1831,0.0016384489350081922
sit,mom,3,36,1831,0.0016384489350081922
sit,mommy'll,3,37,1831,0.0016384489350081922
sit,ted,3,38,1831,0.0016384489350081922
sit,lady,2,39,1831,0.0010922992900054614
sit,dumpty,2,40,1831,0.0010922992900054614
sit,swww,2,41,1831,0.0010922992900054614
sit,neil,2,42,1831,0.0010922992900054614
sit,eve,2,43,1831,0.0010922992900054614
sit,sarah,2,44,1831,0.0010922992900054614
sit,elaina,2,45,1831,0.0010922992900054614
sit,chelsi,2,46,1831,0.0010922992900054614
sit,jason,2,47,1831,0.0010922992900054614
sit,guy,2,48,1831,0.0010922992900054614
sit,cheeky,2,49,1831,0.0010922992900054614
sit,driver,2,50,1831,0.0010922992900054614
sit,jane,2,51,1831,0.0010922992900054614
sit,georgie,2,52,1831,0.0010922992900054614
sit,lap,2,53,1831,0.0010922992900054614
sit,what,2,54,1831,0.0010922992900054614
sit,job,2,55,1831,0.0010922992900054614
sit,ball,2,56,1831,0.0010922992900054614
sit,oop,2,57,1831,0.0010922992900054614
sit,rom,2,58,1831,0.0010922992900054614
sit,dog_dog,1,59,1831,0.0005461496450027307
sit,clean,1,60,1831,0.0005461496450027307
sit,eric,1,61,1831,0.0005461496450027307
sit,anyone,1,62,1831,0.0005461496450027307
sit,hasta,1,63,1831,0.0005461496450027307
sit,all,1,64,1831,0.0005461496450027307
sit,horner,1,65,1831,0.0005461496450027307
sit,cock_a_doodle_doo,1,66,1831,0.0005461496450027307
sit,bummie,1,67,1831,0.0005461496450027307
sit,bee,1,68,1831,0.0005461496450027307
sit,man'll,1,69,1831,0.0005461496450027307
sit,fraser,1,70,1831,0.0005461496450027307
sit,horsie,1,71,1831,0.0005461496450027307
sit,the,1,72,1831,0.0005461496450027307
sit,cup,1,73,1831,0.0005461496450027307
sit,pig,1,74,1831,0.0005461496450027307
sit,cow,1,75,1831,0.0005461496450027307
sit,danny,1,76,1831,0.0005461496450027307
sit,grandma,1,77,1831,0.0005461496450027307
sit,kelse,1,78,1831,0.0005461496450027307
sit,whoah,1,79,1831,0.0005461496450027307
sit,papa,1,80,1831,0.0005461496450027307
sit,smurf,1,81,1831,0.0005461496450027307
sit,roy,1,82,1831,0.0005461496450027307
sit,rachel,1,83,1831,0.0005461496450027307
sit,useta,1,84,1831,0.0005461496450027307
sit,henry,1,85,1831,0.0005461496450027307
sit,liam,1,86,1831,0.0005461496450027307
sit,somebody,1,87,1831,0.0005461496450027307
sit,bryan,1,88,1831,0.0005461496450027307
sit,megan,1,89,1831,0.0005461496450027307
sit,bert,1,90,1831,0.0005461496450027307
sit,child,1,91,1831,0.0005461496450027307
sit,little_miss_muffet,1,92,1831,0.0005461496450027307
sit,sandy,1,93,1831,0.0005461496450027307
sit,moe,1,94,1831,0.0005461496450027307
sit,crumble,1,95,1831,0.0005461496450027307
sit,bunny,1,96,1831,0.0005461496450027307
sit,mister,1,97,1831,0.0005461496450027307
sit,finley,1,98,1831,0.0005461496450027307
sit,colin,1,99,1831,0.0005461496450027307
sit,daisy,1,100,1831,0.0005461496450027307
sit,little,1,101,1831,0.0005461496450027307
sit,john,1,102,1831,0.0005461496450027307
sit,ye::s,1,103,1831,0.0005461496450027307
sit,teddy,1,104,1831,0.0005461496450027307
sit,mummy'll,1,105,1831,0.0005461496450027307
sit,lara,1,106,1831,0.0005461496450027307
sit,abi,1,107,1831,0.0005461496450027307
sit,tummy,1,108,1831,0.0005461496450027307
sit,bottle,1,109,1831,0.0005461496450027307
sit,anne,1,110,1831,0.0005461496450027307
sit,zita,1,111,1831,0.0005461496450027307
sit,monkey,1,112,1831,0.0005461496450027307
sit,carl,1,113,1831,0.0005461496450027307
sit,car,1,114,1831,0.0005461496450027307
sit,pooh_bear,1,115,1831,0.0005461496450027307
sit,anna,1,116,1831,0.0005461496450027307
sit,baba,1,117,1831,0.0005461496450027307
sit,donald,1,118,1831,0.0005461496450027307
sit,father,1,119,1831,0.0005461496450027307
sit,‡,1,120,1831,0.0005461496450027307
sit,whoops,1,121,1831,0.0005461496450027307
sit,baby_blue,1,122,1831,0.0005461496450027307
sit,barney,1,123,1831,0.0005461496450027307
sit,uhoh,1,124,1831,0.0005461496450027307
sit,detective_mickey_mouse,1,125,1831,0.0005461496450027307
sit,med,1,126,1831,0.0005461496450027307
sit,nea,1,127,1831,0.0005461496450027307
sit,jon,1,128,1831,0.0005461496450027307
sit,lai,1,129,1831,0.0005461496450027307
sit,gst,1,130,1831,0.0005461496450027307
sit,tylo,1,131,1831,0.0005461496450027307
sit,one,1,132,1831,0.0005461496450027307
sit,possum,1,133,1831,0.0005461496450027307
sit,joey,1,134,1831,0.0005461496450027307
sit,doggie,1,135,1831,0.0005461496450027307
sit,cosette,1,136,1831,0.0005461496450027307
sit,josh,1,137,1831,0.0005461496450027307
give,you,680,1,1619,0.420012353304509
give,i,319,2,1619,0.19703520691785054
give,we,181,3,1619,0.11179740580605312
give,wanna,58,4,1619,0.035824583075972825
give,us,52,5,1619,0.03211859172328598
give,he,34,6,1619,0.021000617665225447
give,mommy,28,7,1619,0.017294626312538603
give,she,26,8,1619,0.01605929586164299
give,mummy,22,9,1619,0.013588634959851761
give,they,15,10,1619,0.00926497838171711
give,daddy,14,11,1619,0.008647313156269302
give,who,9,12,1619,0.005558987029030266
give,doggie,7,13,1619,0.004323656578134651
give,mama,6,14,1619,0.0037059913526868438
give,whack,6,15,1619,0.0037059913526868438
give,lemme,5,16,1619,0.0030883261272390363
give,baby,5,17,1619,0.0030883261272390363
give,grandma,5,18,1619,0.0030883261272390363
give,it,5,19,1619,0.0030883261272390363
give,granny,4,20,1619,0.0024706609017912293
give,mary,4,21,1619,0.0024706609017912293
give,jwww,3,22,1619,0.0018529956763434219
give,laura,3,23,1619,0.0018529956763434219
give,carl,3,24,1619,0.0018529956763434219
give,travis,3,25,1619,0.0018529956763434219
give,wack,3,26,1619,0.0018529956763434219
give,teddy,3,27,1619,0.0018529956763434219
give,pooh,2,28,1619,0.0012353304508956147
give,all,2,29,1619,0.0012353304508956147
give,h,2,30,1619,0.0012353304508956147
give,donkey,2,31,1619,0.0012353304508956147
give,uncle,2,32,1619,0.0012353304508956147
give,girl,2,33,1619,0.0012353304508956147
give,eve,2,34,1619,0.0012353304508956147
give,father,2,35,1619,0.0012353304508956147
give,mike,2,36,1619,0.0012353304508956147
give,cabbage,2,37,1619,0.0012353304508956147
give,gramma,2,38,1619,0.0012353304508956147
give,parent,2,39,1619,0.0012353304508956147
give,lady,2,40,1619,0.0012353304508956147
give,granma,2,41,1619,0.0012353304508956147
give,sally,2,42,1619,0.0012353304508956147
give,bunny,2,43,1619,0.0012353304508956147
give,boy,2,44,1619,0.0012353304508956147
give,kiss,2,45,1619,0.0012353304508956147
give,mom,2,46,1619,0.0012353304508956147
give,kinda,1,47,1619,0.0006176652254478073
give,peter,1,48,1619,0.0006176652254478073
give,tunnel,1,49,1619,0.0006176652254478073
give,lois,1,50,1619,0.0006176652254478073
give,laura_lastname,1,51,1619,0.0006176652254478073
give,joanna,1,52,1619,0.0006176652254478073
give,doctor,1,53,1619,0.0006176652254478073
give,that,1,54,1619,0.0006176652254478073
give,god,1,55,1619,0.0006176652254478073
give,dad,1,56,1619,0.0006176652254478073
give,henry,1,57,1619,0.0006176652254478073
give,jodie,1,58,1619,0.0006176652254478073
give,shoulda,1,59,1619,0.0006176652254478073
give,somebody,1,60,1619,0.0006176652254478073
give,papa,1,61,1619,0.0006176652254478073
give,mommy'll,1,62,1619,0.0006176652254478073
give,margaret,1,63,1619,0.0006176652254478073
give,cname,1,64,1619,0.0006176652254478073
give,bowl,1,65,1619,0.0006176652254478073
give,oname,1,66,1619,0.0006176652254478073
give,winnie,1,67,1619,0.0006176652254478073
give,this,1,68,1619,0.0006176652254478073
give,keagan,1,69,1619,0.0006176652254478073
give,paddy,1,70,1619,0.0006176652254478073
give,come,1,71,1619,0.0006176652254478073
give,elmo,1,72,1619,0.0006176652254478073
give,king,1,73,1619,0.0006176652254478073
give,ross,1,74,1619,0.0006176652254478073
give,rachel,1,75,1619,0.0006176652254478073
give,jamie,1,76,1619,0.0006176652254478073
give,toe,1,77,1619,0.0006176652254478073
give,ducky,1,78,1619,0.0006176652254478073
give,jane,1,79,1619,0.0006176652254478073
give,raisin,1,80,1619,0.0006176652254478073
give,weener,1,81,1619,0.0006176652254478073
give,megan,1,82,1619,0.0006176652254478073
give,hunhunh,1,83,1619,0.0006176652254478073
give,kalie,1,84,1619,0.0006176652254478073
give,cow,1,85,1619,0.0006176652254478073
give,gammy,1,86,1619,0.0006176652254478073
give,granddaddy,1,87,1619,0.0006176652254478073
give,person,1,88,1619,0.0006176652254478073
give,president,1,89,1619,0.0006176652254478073
give,daddy'll,1,90,1619,0.0006176652254478073
give,jimmy,1,91,1619,0.0006176652254478073
give,katherine,1,92,1619,0.0006176652254478073
give,mum,1,93,1619,0.0006176652254478073
give,makka_pakka,1,94,1619,0.0006176652254478073
give,fox,1,95,1619,0.0006176652254478073
give,ellen,1,96,1619,0.0006176652254478073
give,eilidh,1,97,1619,0.0006176652254478073
give,sun,1,98,1619,0.0006176652254478073
give,jennifer,1,99,1619,0.0006176652254478073
give,le,1,100,1619,0.0006176652254478073
give,lena,1,101,1619,0.0006176652254478073
give,i∆,1,102,1619,0.0006176652254478073
give,d'you,1,103,1619,0.0006176652254478073
give,samuel,1,104,1619,0.0006176652254478073
give,engine,1,105,1619,0.0006176652254478073
give,mouse,1,106,1619,0.0006176652254478073
give,bear,1,107,1619,0.0006176652254478073
give,woman,1,108,1619,0.0006176652254478073
give,aunt,1,109,1619,0.0006176652254478073
give,judy,1,110,1619,0.0006176652254478073
give,mummy'll,1,111,1619,0.0006176652254478073
give,muah,1,112,1619,0.0006176652254478073
give,firstname,1,113,1619,0.0006176652254478073
give,yay,1,114,1619,0.0006176652254478073
give,spoon,1,115,1619,0.0006176652254478073
give,fei,1,116,1619,0.0006176652254478073
give,gar,1,117,1619,0.0006176652254478073
give,lin,1,118,1619,0.0006176652254478073
give,mey,1,119,1619,0.0006176652254478073
give,byebye,1,120,1619,0.0006176652254478073
give,dentist,1,121,1619,0.0006176652254478073
give,rabbit,1,122,1619,0.0006176652254478073
give,kelly,1,123,1619,0.0006176652254478073
give,pat,1,124,1619,0.0006176652254478073
try,you,608,1,1527,0.398166339227243
try,i,211,2,1527,0.13817943680419123
try,we,194,3,1527,0.12704649639816634
try,us,165,4,1527,0.10805500982318271
try,wanna,89,5,1527,0.058284217419777344
try,he,68,6,1527,0.04453176162409954
try,she,58,7,1527,0.03798297314996726
try,mommy,18,8,1527,0.011787819253438114
try,daddy,9,9,1527,0.005893909626719057
try,they,9,10,1527,0.005893909626719057
try,it,6,11,1527,0.003929273084479371
try,jamie,6,12,1527,0.003929273084479371
try,one,5,13,1527,0.0032743942370661427
try,mummy,5,14,1527,0.0032743942370661427
try,oughta,4,15,1527,0.0026195153896529143
try,whatcha,3,16,1527,0.0019646365422396855
try,mama,3,17,1527,0.0019646365422396855
try,lemme,2,18,1527,0.0013097576948264572
try,baby,2,19,1527,0.0013097576948264572
try,boy,2,20,1527,0.0013097576948264572
try,somebody,2,21,1527,0.0013097576948264572
try,zibberty_zabberty,2,22,1527,0.0013097576948264572
try,spot,2,23,1527,0.0013097576948264572
try,fei,2,24,1527,0.0013097576948264572
try,dragon,1,25,1527,0.0006548788474132286
try,ya,1,26,1527,0.0006548788474132286
try,babycakes,1,27,1527,0.0006548788474132286
try,tabitha,1,28,1527,0.0006548788474132286
try,cat,1,29,1527,0.0006548788474132286
try,dakota,1,30,1527,0.0006548788474132286
try,doggie,1,31,1527,0.0006548788474132286
try,lassie,1,32,1527,0.0006548788474132286
try,whoa,1,33,1527,0.0006548788474132286
try,nina,1,34,1527,0.0006548788474132286
try,op,1,35,1527,0.0006548788474132286
try,let,1,36,1527,0.0006548788474132286
try,oopsie,1,37,1527,0.0006548788474132286
try,oop,1,38,1527,0.0006548788474132286
try,keegan,1,39,1527,0.0006548788474132286
try,good,1,40,1527,0.0006548788474132286
try,both,1,41,1527,0.0006548788474132286
try,duke,1,42,1527,0.0006548788474132286
try,nice,1,43,1527,0.0006548788474132286
try,someone,1,44,1527,0.0006548788474132286
try,krystal,1,45,1527,0.0006548788474132286
try,go,1,46,1527,0.0006548788474132286
try,hum,1,47,1527,0.0006548788474132286
try,kalie,1,48,1527,0.0006548788474132286
try,chick,1,49,1527,0.0006548788474132286
try,wind,1,50,1527,0.0006548788474132286
try,joseph,1,51,1527,0.0006548788474132286
try,blue,1,52,1527,0.0006548788474132286
try,a,1,53,1527,0.0006548788474132286
try,tom,1,54,1527,0.0006548788474132286
try,archie,1,55,1527,0.0006548788474132286
try,marty,1,56,1527,0.0006548788474132286
try,daisy,1,57,1527,0.0006548788474132286
try,maisy,1,58,1527,0.0006548788474132286
try,sweetheart,1,59,1527,0.0006548788474132286
try,sophia,1,60,1527,0.0006548788474132286
try,that,1,61,1527,0.0006548788474132286
try,mummie,1,62,1527,0.0006548788474132286
try,shark,1,63,1527,0.0006548788474132286
try,anyone,1,64,1527,0.0006548788474132286
try,warren,1,65,1527,0.0006548788474132286
try,job,1,66,1527,0.0006548788474132286
try,swiper,1,67,1527,0.0006548788474132286
try,gla,1,68,1527,0.0006548788474132286
try,finger,1,69,1527,0.0006548788474132286
try,piggy,1,70,1527,0.0006548788474132286
try,ew,1,71,1527,0.0006548788474132286
try,cow,1,72,1527,0.0006548788474132286
try,joey,1,73,1527,0.0006548788474132286
try,ollie,1,74,1527,0.0006548788474132286
try,rabbit,1,75,1527,0.0006548788474132286
try,kitty,1,76,1527,0.0006548788474132286
turn,you,552,1,1351,0.4085862324204293
turn,we,235,2,1351,0.17394522575869725
turn,i,142,3,1351,0.10510732790525537
turn,us,97,4,1351,0.07179866765358993
turn,it,84,5,1351,0.06217616580310881
turn,wanna,52,6,1351,0.0384900074019245
turn,they,16,7,1351,0.011843079200592153
turn,mommy,14,8,1351,0.010362694300518135
turn,he,13,9,1351,0.009622501850481125
turn,daddy,13,10,1351,0.009622501850481125
turn,she,12,11,1351,0.008882309400444115
turn,mama,12,12,1351,0.008882309400444115
turn,wheel,9,13,1351,0.006661732050333087
turn,that,8,14,1351,0.005921539600296077
turn,one,6,15,1351,0.0044411547002220575
turn,this,4,16,1351,0.0029607698001480384
turn,head,4,17,1351,0.0029607698001480384
turn,mummy,4,18,1351,0.0029607698001480384
turn,carl,3,19,1351,0.0022205773501110288
turn,travis,3,20,1351,0.0022205773501110288
turn,tape,2,21,1351,0.0014803849000740192
turn,who,2,22,1351,0.0014803849000740192
turn,eyeore,2,23,1351,0.0014803849000740192
turn,button,2,24,1351,0.0014803849000740192
turn,guy,2,25,1351,0.0014803849000740192
turn,boy,2,26,1351,0.0014803849000740192
turn,caterpillar,2,27,1351,0.0014803849000740192
turn,what,2,28,1351,0.0014803849000740192
turn,needta,2,29,1351,0.0014803849000740192
turn,brittany,2,30,1351,0.0014803849000740192
turn,pea,2,31,1351,0.0014803849000740192
turn,firstname,2,32,1351,0.0014803849000740192
turn,eric,1,33,1351,0.0007401924500370096
turn,propeller,1,34,1351,0.0007401924500370096
turn,peter,1,35,1351,0.0007401924500370096
turn,water,1,36,1351,0.0007401924500370096
turn,something,1,37,1351,0.0007401924500370096
turn,laura,1,38,1351,0.0007401924500370096
turn,chair,1,39,1351,0.0007401924500370096
turn,car,1,40,1351,0.0007401924500370096
turn,alex,1,41,1351,0.0007401924500370096
turn,sister,1,42,1351,0.0007401924500370096
turn,help,1,43,1351,0.0007401924500370096
turn,kyle,1,44,1351,0.0007401924500370096
turn,honey,1,45,1351,0.0007401924500370096
turn,doggie,1,46,1351,0.0007401924500370096
turn,jessica,1,47,1351,0.0007401924500370096
turn,sophie,1,48,1351,0.0007401924500370096
turn,mmm,1,49,1351,0.0007401924500370096
turn,tomcat,1,50,1351,0.0007401924500370096
turn,cat,1,51,1351,0.0007401924500370096
turn,somebody,1,52,1351,0.0007401924500370096
turn,switch,1,53,1351,0.0007401924500370096
turn,daddy'll,1,54,1351,0.0007401924500370096
turn,sound,1,55,1351,0.0007401924500370096
turn,tv,1,56,1351,0.0007401924500370096
turn,way,1,57,1351,0.0007401924500370096
turn,kalie,1,58,1351,0.0007401924500370096
turn,no,1,59,1351,0.0007401924500370096
turn,child,1,60,1351,0.0007401924500370096
turn,puzzle,1,61,1351,0.0007401924500370096
turn,h,1,62,1351,0.0007401924500370096
turn,nina,1,63,1351,0.0007401924500370096
turn,monkey,1,64,1351,0.0007401924500370096
turn,whoop,1,65,1351,0.0007401924500370096
turn,eddie,1,66,1351,0.0007401924500370096
turn,train,1,67,1351,0.0007401924500370096
turn,cmon,1,68,1351,0.0007401924500370096
turn,hand,1,69,1351,0.0007401924500370096
turn,psh,1,70,1351,0.0007401924500370096
turn,girl,1,71,1351,0.0007401924500370096
turn,ya,1,72,1351,0.0007401924500370096
turn,med,1,73,1351,0.0007401924500370096
turn,bro,1,74,1351,0.0007401924500370096
turn,youu,1,75,1351,0.0007401924500370096
turn,ramona,1,76,1351,0.0007401924500370096
fall,it,261,1,1336,0.19535928143712575
fall,you,237,2,1336,0.17739520958083832
fall,he,168,3,1336,0.12574850299401197
fall,they,120,4,1336,0.08982035928143713
fall,she,51,5,1336,0.03817365269461078
fall,one,50,6,1336,0.0374251497005988
fall,baby,19,7,1336,0.014221556886227544
fall,all,19,8,1336,0.014221556886227544
fall,that,17,9,1336,0.012724550898203593
fall,we,16,10,1336,0.011976047904191617
fall,i,15,11,1336,0.01122754491017964
fall,whoop,11,12,1336,0.008233532934131737
fall,this,8,13,1336,0.005988023952095809
fall,block,7,14,1336,0.005239520958083832
fall,what,7,15,1336,0.005239520958083832
fall,hat,7,16,1336,0.005239520958083832
fall,bridge,6,17,1336,0.004491017964071856
fall,boy,6,18,1336,0.004491017964071856
fall,egg,6,19,1336,0.004491017964071856
fall,chicken,6,20,1336,0.004491017964071856
fall,lady,6,21,1336,0.004491017964071856
fall,pant,5,22,1336,0.0037425149700598802
fall,man,5,23,1336,0.0037425149700598802
fall,box,5,24,1336,0.0037425149700598802
fall,book,5,25,1336,0.0037425149700598802
fall,go,5,26,1336,0.0037425149700598802
fall,penguin,5,27,1336,0.0037425149700598802
fall,nose,5,28,1336,0.0037425149700598802
fall,monkey,5,29,1336,0.0037425149700598802
fall,shoe,4,30,1336,0.0029940119760479044
fall,cradle,4,31,1336,0.0029940119760479044
fall,horsie,4,32,1336,0.0029940119760479044
fall,danny,4,33,1336,0.0029940119760479044
fall,frog,4,34,1336,0.0029940119760479044
fall,ball,4,35,1336,0.0029940119760479044
fall,car,4,36,1336,0.0029940119760479044
fall,who,4,37,1336,0.0029940119760479044
fall,mommy,3,38,1336,0.002245508982035928
fall,people,3,39,1336,0.002245508982035928
fall,truck,3,40,1336,0.002245508982035928
fall,h,3,41,1336,0.002245508982035928
fall,stick,3,42,1336,0.002245508982035928
fall,thing,3,43,1336,0.002245508982035928
fall,op,3,44,1336,0.002245508982035928
fall,cow,3,45,1336,0.002245508982035928
fall,food,3,46,1336,0.002245508982035928
fall,eye,3,47,1336,0.002245508982035928
fall,glass,3,48,1336,0.002245508982035928
fall,card,3,49,1336,0.002245508982035928
fall,uhoh,3,50,1336,0.002245508982035928
fall,goldie,3,51,1336,0.002245508982035928
fall,bird,3,52,1336,0.002245508982035928
fall,london_bridge,3,53,1336,0.002245508982035928
fall,girl,2,54,1336,0.0014970059880239522
fall,boom,2,55,1336,0.0014970059880239522
fall,rain,2,56,1336,0.0014970059880239522
fall,microphone,2,57,1336,0.0014970059880239522
fall,someone,2,58,1336,0.0014970059880239522
fall,nut,2,59,1336,0.0014970059880239522
fall,telephone,2,60,1336,0.0014970059880239522
fall,bear,2,61,1336,0.0014970059880239522
fall,cracker,2,62,1336,0.0014970059880239522
fall,head,2,63,1336,0.0014970059880239522
fall,uhohit,2,64,1336,0.0014970059880239522
fall,bubble,2,65,1336,0.0014970059880239522
fall,guy,2,66,1336,0.0014970059880239522
fall,bunny,2,67,1336,0.0014970059880239522
fall,elephant,2,68,1336,0.0014970059880239522
fall,semistreet,2,69,1336,0.0014970059880239522
fall,bus,2,70,1336,0.0014970059880239522
fall,lid,2,71,1336,0.0014970059880239522
fall,kangaroo,2,72,1336,0.0014970059880239522
fall,nina,2,73,1336,0.0014970059880239522
fall,animal,2,74,1336,0.0014970059880239522
fall,phone,2,75,1336,0.0014970059880239522
fall,moo,2,76,1336,0.0014970059880239522
fall,lara,2,77,1336,0.0014970059880239522
fall,trouser,2,78,1336,0.0014970059880239522
fall,whoa,2,79,1336,0.0014970059880239522
fall,vest,2,80,1336,0.0014970059880239522
fall,hotdog,2,81,1336,0.0014970059880239522
fall,battery,2,82,1336,0.0014970059880239522
fall,a_lot_of,1,83,1336,0.0007485029940119761
fall,rock,1,84,1336,0.0007485029940119761
fall,house'll,1,85,1336,0.0007485029940119761
fall,donkey,1,86,1336,0.0007485029940119761
fall,mouse,1,87,1336,0.0007485029940119761
fall,seesaw,1,88,1336,0.0007485029940119761
fall,laura,1,89,1336,0.0007485029940119761
fall,ash,1,90,1336,0.0007485029940119761
fall,everything,1,91,1336,0.0007485029940119761
fall,hair,1,92,1336,0.0007485029940119761
fall,ya,1,93,1336,0.0007485029940119761
fall,simba,1,94,1336,0.0007485029940119761
fall,some,1,95,1336,0.0007485029940119761
fall,crumb,1,96,1336,0.0007485029940119761
fall,stuff,1,97,1336,0.0007485029940119761
fall,yellow,1,98,1336,0.0007485029940119761
fall,henry,1,99,1336,0.0007485029940119761
fall,buzz,1,100,1336,0.0007485029940119761
fall,useta,1,101,1336,0.0007485029940119761
fall,tray,1,102,1336,0.0007485029940119761
fall,apple,1,103,1336,0.0007485029940119761
fall,uhohthey,1,104,1336,0.0007485029940119761
fall,fence,1,105,1336,0.0007485029940119761
fall,uhohcup,1,106,1336,0.0007485029940119761
fall,tongue,1,107,1336,0.0007485029940119761
fall,fork,1,108,1336,0.0007485029940119761
fall,rooster,1,109,1336,0.0007485029940119761
fall,buffalo,1,110,1336,0.0007485029940119761
fall,mrpotatohead,1,111,1336,0.0007485029940119761
fall,headband,1,112,1336,0.0007485029940119761
fall,uhohhe,1,113,1336,0.0007485029940119761
fall,dog,1,114,1336,0.0007485029940119761
fall,juice,1,115,1336,0.0007485029940119761
fall,blanket,1,116,1336,0.0007485029940119761
fall,horse,1,117,1336,0.0007485029940119761
fall,poohbear,1,118,1336,0.0007485029940119761
fall,hippo,1,119,1336,0.0007485029940119761
fall,house,1,120,1336,0.0007485029940119761
fall,key,1,121,1336,0.0007485029940119761
fall,clarabel,1,122,1336,0.0007485029940119761
fall,terence,1,123,1336,0.0007485029940119761
fall,ben,1,124,1336,0.0007485029940119761
fall,caboose,1,125,1336,0.0007485029940119761
fall,guide,1,126,1336,0.0007485029940119761
fall,newsweek,1,127,1336,0.0007485029940119761
fall,kitten,1,128,1336,0.0007485029940119761
fall,system,1,129,1336,0.0007485029940119761
fall,heidi,1,130,1336,0.0007485029940119761
fall,tubbie,1,131,1336,0.0007485029940119761
fall,blue,1,132,1336,0.0007485029940119761
fall,foot,1,133,1336,0.0007485029940119761
fall,sister,1,134,1336,0.0007485029940119761
fall,oshka,1,135,1336,0.0007485029940119761
fall,gepetto,1,136,1336,0.0007485029940119761
fall,rachel,1,137,1336,0.0007485029940119761
fall,nobody,1,138,1336,0.0007485029940119761
fall,oh,1,139,1336,0.0007485029940119761
fall,yep,1,140,1336,0.0007485029940119761
fall,register,1,141,1336,0.0007485029940119761
fall,everybody,1,142,1336,0.0007485029940119761
fall,britche,1,143,1336,0.0007485029940119761
fall,sandy,1,144,1336,0.0007485029940119761
fall,these,1,145,1336,0.0007485029940119761
fall,snow,1,146,1336,0.0007485029940119761
fall,chair,1,147,1336,0.0007485029940119761
fall,tower,1,148,1336,0.0007485029940119761
fall,hook,1,149,1336,0.0007485029940119761
fall,fox,1,150,1336,0.0007485029940119761
fall,breek,1,151,1336,0.0007485029940119761
fall,mister_bear,1,152,1336,0.0007485029940119761
fall,arm,1,153,1336,0.0007485029940119761
fall,teddy,1,154,1336,0.0007485029940119761
fall,sheep,1,155,1336,0.0007485029940119761
fall,shape,1,156,1336,0.0007485029940119761
fall,number,1,157,1336,0.0007485029940119761
fall,jus,1,158,1336,0.0007485029940119761
fall,sock,1,159,1336,0.0007485029940119761
fall,glove,1,160,1336,0.0007485029940119761
fall,giraffe,1,161,1336,0.0007485029940119761
fall,farmer,1,162,1336,0.0007485029940119761
fall,none,1,163,1336,0.0007485029940119761
fall,field,1,164,1336,0.0007485029940119761
fall,shovel,1,165,1336,0.0007485029940119761
fall,earring,1,166,1336,0.0007485029940119761
fall,tree,1,167,1336,0.0007485029940119761
fall,carl,1,168,1336,0.0007485029940119761
fall,train,1,169,1336,0.0007485029940119761
fall,cushion,1,170,1336,0.0007485029940119761
fall,baba,1,171,1336,0.0007485029940119761
fall,ruth,1,172,1336,0.0007485029940119761
fall,which,1,173,1336,0.0007485029940119761
fall,brick,1,174,1336,0.0007485029940119761
fall,plane,1,175,1336,0.0007485029940119761
fall,dress,1,176,1336,0.0007485029940119761
fall,footr,1,177,1336,0.0007485029940119761
fall,dad,1,178,1336,0.0007485029940119761
fall,teacher,1,179,1336,0.0007485029940119761
fall,person,1,180,1336,0.0007485029940119761
fall,mustache,1,181,1336,0.0007485029940119761
fall,oop,1,182,1336,0.0007485029940119761
fall,character,1,183,1336,0.0007485029940119761
fall,green,1,184,1336,0.0007485029940119761
fall,comb,1,185,1336,0.0007485029940119761
fall,mom,1,186,1336,0.0007485029940119761
fall,babydoll,1,187,1336,0.0007485029940119761
fall,tooth,1,188,1336,0.0007485029940119761
fall,mouth,1,189,1336,0.0007485029940119761
fall,cookie,1,190,1336,0.0007485029940119761
fall,leo,1,191,1336,0.0007485029940119761
fall,crayon,1,192,1336,0.0007485029940119761
fall,end,1,193,1336,0.0007485029940119761
fall,bang,1,194,1336,0.0007485029940119761
fall,joey,1,195,1336,0.0007485029940119761
fall,cooky,1,196,1336,0.0007485029940119761
fall,building,1,197,1336,0.0007485029940119761
read,we,274,1,1275,0.21490196078431373
read,you,259,2,1275,0.20313725490196077
read,wanna,207,3,1275,0.1623529411764706
read,i,202,4,1275,0.1584313725490196
read,us,97,5,1275,0.07607843137254902
read,mommy,79,6,1275,0.06196078431372549
read,he,21,7,1275,0.01647058823529412
read,mummy,19,8,1275,0.014901960784313726
read,she,15,9,1275,0.011764705882352941
read,eve,10,10,1275,0.00784313725490196
read,mama,9,11,1275,0.007058823529411765
read,mom,7,12,1275,0.005490196078431373
read,judy,6,13,1275,0.004705882352941176
read,go,6,14,1275,0.004705882352941176
read,mommy'll,5,15,1275,0.00392156862745098
read,who,5,16,1275,0.00392156862745098
read,daddy,4,17,1275,0.003137254901960784
read,laura,3,18,1275,0.002352941176470588
read,needta,3,19,1275,0.002352941176470588
read,barney,3,20,1275,0.002352941176470588
read,fraser,2,21,1275,0.001568627450980392
read,michael,2,22,1275,0.001568627450980392
read,nanny,2,23,1275,0.001568627450980392
read,they,2,24,1275,0.001568627450980392
read,nina,2,25,1275,0.001568627450980392
read,mammy,2,26,1275,0.001568627450980392
read,warren,2,27,1275,0.001568627450980392
read,firstname,2,28,1275,0.001568627450980392
read,book,2,29,1275,0.001568627450980392
read,patsy,1,30,1275,0.000784313725490196
read,yours,1,31,1275,0.000784313725490196
read,newspaper,1,32,1275,0.000784313725490196
read,uncle,1,33,1275,0.000784313725490196
read,all,1,34,1275,0.000784313725490196
read,finish,1,35,1275,0.000784313725490196
read,lemme,1,36,1275,0.000784313725490196
read,sister,1,37,1275,0.000784313725490196
read,fraser'll,1,38,1275,0.000784313725490196
read,that,1,39,1275,0.000784313725490196
read,it,1,40,1275,0.000784313725490196
read,each,1,41,1275,0.000784313725490196
read,froggie,1,42,1275,0.000784313725490196
read,let,1,43,1275,0.000784313725490196
read,stepmother,1,44,1275,0.000784313725490196
read,rachel,1,45,1275,0.000784313725490196
read,mama'll,1,46,1275,0.000784313725490196
read,jill,1,47,1275,0.000784313725490196
read,jimby,1,48,1275,0.000784313725490196
read,ella,1,49,1275,0.000784313725490196
read,one,1,50,1275,0.000784313725490196
read,terry,1,51,1275,0.000784313725490196
read,mouse,1,52,1275,0.000784313725490196
help,i,373,1,1029,0.3624878522837707
help,you,274,2,1029,0.2662779397473275
help,mommy,83,3,1029,0.08066083576287658
help,mummy,33,4,1029,0.03206997084548105
help,mama,30,5,1029,0.029154518950437316
help,wanna,24,6,1029,0.023323615160349854
help,it,16,7,1029,0.015549076773566569
help,she,16,8,1029,0.015549076773566569
help,daddy,16,9,1029,0.015549076773566569
help,that,15,10,1029,0.014577259475218658
help,we,13,11,1029,0.012633624878522837
help,he,13,12,1029,0.012633624878522837
help,who,7,13,1029,0.006802721088435374
help,god,7,14,1029,0.006802721088435374
help,lemme,6,15,1029,0.0058309037900874635
help,mummy'll,6,16,1029,0.0058309037900874635
help,mom,5,17,1029,0.004859086491739553
help,baby,4,18,1029,0.003887269193391642
help,us,4,19,1029,0.003887269193391642
help,laura,3,20,1029,0.0029154518950437317
help,this,3,21,1029,0.0029154518950437317
help,dad,3,22,1029,0.0029154518950437317
help,go,3,23,1029,0.0029154518950437317
help,they,3,24,1029,0.0029154518950437317
help,mammy,3,25,1029,0.0029154518950437317
help,some,2,26,1029,0.001943634596695821
help,hasta,2,27,1029,0.001943634596695821
help,carl,2,28,1029,0.001943634596695821
help,daddy'll,2,29,1029,0.001943634596695821
help,gammy,2,30,1029,0.001943634596695821
help,polly,2,31,1029,0.001943634596695821
help,jeremy,2,32,1029,0.001943634596695821
help,mum,2,33,1029,0.001943634596695821
help,mahmaw,2,34,1029,0.001943634596695821
help,mommy'll,2,35,1029,0.001943634596695821
help,yo,1,36,1029,0.0009718172983479105
help,eric,1,37,1029,0.0009718172983479105
help,lois,1,38,1029,0.0009718172983479105
help,one,1,39,1029,0.0009718172983479105
help,everybody,1,40,1029,0.0009718172983479105
help,swww,1,41,1029,0.0009718172983479105
help,somebody,1,42,1029,0.0009718172983479105
help,nobody,1,43,1029,0.0009718172983479105
help,doctor,1,44,1029,0.0009718172983479105
help,oughta,1,45,1029,0.0009718172983479105
help,window,1,46,1029,0.0009718172983479105
help,hafta,1,47,1029,0.0009718172983479105
help,henry,1,48,1029,0.0009718172983479105
help,sarah,1,49,1029,0.0009718172983479105
help,oname,1,50,1029,0.0009718172983479105
help,ename,1,51,1029,0.0009718172983479105
help,washcloth,1,52,1029,0.0009718172983479105
help,mama'll,1,53,1029,0.0009718172983479105
help,doggie,1,54,1029,0.0009718172983479105
help,puppet,1,55,1029,0.0009718172983479105
help,joseph,1,56,1029,0.0009718172983479105
help,sister,1,57,1029,0.0009718172983479105
help,chi,1,58,1029,0.0009718172983479105
help,grandpa,1,59,1029,0.0009718172983479105
help,ellen,1,60,1029,0.0009718172983479105
help,erin,1,61,1029,0.0009718172983479105
help,ted,1,62,1029,0.0009718172983479105
help,john,1,63,1029,0.0009718172983479105
help,what,1,64,1029,0.0009718172983479105
help,nan,1,65,1029,0.0009718172983479105
help,rachel,1,66,1029,0.0009718172983479105
help,anne,1,67,1029,0.0009718172983479105
help,shaving,1,68,1029,0.0009718172983479105
help,thomas,1,69,1029,0.0009718172983479105
help,ruth,1,70,1029,0.0009718172983479105
help,noise,1,71,1029,0.0009718172983479105
help,chair,1,72,1029,0.0009718172983479105
help,rachael,1,73,1029,0.0009718172983479105
help,gran,1,74,1029,0.0009718172983479105
help,yay,1,75,1029,0.0009718172983479105
help,percy,1,76,1029,0.0009718172983479105
help,map,1,77,1029,0.0009718172983479105
help,gig,1,78,1029,0.0009718172983479105
help,mum'll,1,79,1029,0.0009718172983479105
help,rom,1,80,1029,0.0009718172983479105
help,myself,1,81,1029,0.0009718172983479105
open,you,360,1,1024,0.3515625
open,it,135,2,1024,0.1318359375
open,i,123,3,1024,0.1201171875
open,we,122,4,1024,0.119140625
open,that,36,5,1024,0.03515625
open,us,31,6,1024,0.0302734375
open,wanna,23,7,1024,0.0224609375
open,one,22,8,1024,0.021484375
open,this,18,9,1024,0.017578125
open,they,16,10,1024,0.015625
open,he,14,11,1024,0.013671875
open,door,13,12,1024,0.0126953125
open,mommy,12,13,1024,0.01171875
open,lemme,8,14,1024,0.0078125
open,mummy,7,15,1024,0.0068359375
open,hood,7,16,1024,0.0068359375
open,she,6,17,1024,0.005859375
open,vroom,5,18,1024,0.0048828125
open,daddy,4,19,1024,0.00390625
open,mama,4,20,1024,0.00390625
open,mouth,3,21,1024,0.0029296875
open,hasta,2,22,1024,0.001953125
open,ball,2,23,1024,0.001953125
open,carl,2,24,1024,0.001953125
open,mom,2,25,1024,0.001953125
open,window,2,26,1024,0.001953125
open,rom,2,27,1024,0.001953125
open,momma,2,28,1024,0.001953125
open,josh,2,29,1024,0.001953125
open,ya,1,30,1024,0.0009765625
open,box,1,31,1024,0.0009765625
open,egg,1,32,1024,0.0009765625
open,man,1,33,1024,0.0009765625
open,car,1,34,1024,0.0009765625
open,who,1,35,1024,0.0009765625
open,sue,1,36,1024,0.0009765625
open,robin,1,37,1024,0.0009765625
open,zipper,1,38,1024,0.0009765625
open,someone,1,39,1024,0.0009765625
open,woody,1,40,1024,0.0009765625
open,andy,1,41,1024,0.0009765625
open,rick,1,42,1024,0.0009765625
open,those,1,43,1024,0.0009765625
open,these,1,44,1024,0.0009765625
open,uhohyou,1,45,1024,0.0009765625
open,doggie,1,46,1024,0.0009765625
open,baby,1,47,1024,0.0009765625
open,part,1,48,1024,0.0009765625
open,card,1,49,1024,0.0009765625
open,yours,1,50,1024,0.0009765625
open,mammy,1,51,1024,0.0009765625
open,girl,1,52,1024,0.0009765625
open,num,1,53,1024,0.0009765625
open,yum,1,54,1024,0.0009765625
open,mama'll,1,55,1024,0.0009765625
open,daddy'll,1,56,1024,0.0009765625
open,shh,1,57,1024,0.0009765625
open,tony,1,58,1024,0.0009765625
open,farm,1,59,1024,0.0009765625
open,help,1,60,1024,0.0009765625
open,job,1,61,1024,0.0009765625
open,beetle,1,62,1024,0.0009765625
open,lotion,1,63,1024,0.0009765625
open,gig,1,64,1024,0.0009765625
open,bro,1,65,1024,0.0009765625
open,wld,1,66,1024,0.0009765625
open,zedekiah,1,67,1024,0.0009765625
open,side,1,68,1024,0.0009765625
hear,you,521,1,966,0.5393374741200828
hear,i,297,2,966,0.30745341614906835
hear,we,55,3,966,0.056935817805383024
hear,he,14,4,966,0.014492753623188406
hear,they,13,5,966,0.013457556935817806
hear,us,11,6,966,0.011387163561076604
hear,she,10,7,966,0.010351966873706004
hear,wanna,8,8,966,0.008281573498964804
hear,ya,3,9,966,0.003105590062111801
hear,sam,3,10,966,0.003105590062111801
hear,recorder,2,11,966,0.002070393374741201
hear,jeremy,2,12,966,0.002070393374741201
hear,andy,2,13,966,0.002070393374741201
hear,guy,2,14,966,0.002070393374741201
hear,brittany,2,15,966,0.002070393374741201
hear,mommy,2,16,966,0.002070393374741201
hear,that,1,17,966,0.0010351966873706005
hear,elephant,1,18,966,0.0010351966873706005
hear,mama,1,19,966,0.0010351966873706005
hear,anybody,1,20,966,0.0010351966873706005
hear,dakota,1,21,966,0.0010351966873706005
hear,toy,1,22,966,0.0010351966873706005
hear,act,1,23,966,0.0010351966873706005
hear,lemme,1,24,966,0.0010351966873706005
hear,doggie,1,25,966,0.0010351966873706005
hear,cann't,1,26,966,0.0010351966873706005
hear,daddy,1,27,966,0.0010351966873706005
hear,everybody,1,28,966,0.0010351966873706005
hear,one,1,29,966,0.0010351966873706005
hear,it,1,30,966,0.0010351966873706005
hear,d'you,1,31,966,0.0010351966873706005
hear,carl,1,32,966,0.0010351966873706005
hear,firstname,1,33,966,0.0010351966873706005
hear,barney,1,34,966,0.0010351966873706005
hear,mammy,1,35,966,0.0010351966873706005
tell,you,475,1,939,0.5058572949946751
tell,i,261,2,939,0.2779552715654952
tell,she,25,3,939,0.026624068157614485
tell,we,20,4,939,0.021299254526091587
tell,he,18,5,939,0.019169329073482427
tell,wanna,12,6,939,0.012779552715654952
tell,it,11,7,939,0.011714589989350373
tell,mummy,11,8,939,0.011714589989350373
tell,they,9,9,939,0.009584664536741214
tell,daddy,7,10,939,0.007454739084132056
tell,mommy,5,11,939,0.005324813631522897
tell,bible,5,12,939,0.005324813631522897
tell,who,4,13,939,0.004259850905218318
tell,mama,4,14,939,0.004259850905218318
tell,god,4,15,939,0.004259850905218318
tell,that,4,16,939,0.004259850905218318
tell,somebody,3,17,939,0.003194888178913738
tell,mother,3,18,939,0.003194888178913738
tell,laura,2,19,939,0.002129925452609159
tell,us,2,20,939,0.002129925452609159
tell,one,2,21,939,0.002129925452609159
tell,buzz,2,22,939,0.002129925452609159
tell,stepmother,2,23,939,0.002129925452609159
tell,h,2,24,939,0.002129925452609159
tell,lady,2,25,939,0.002129925452609159
tell,gig,2,26,939,0.002129925452609159
tell,hadta,1,27,939,0.0010649627263045794
tell,mike,1,28,939,0.0010649627263045794
tell,reason,1,29,939,0.0010649627263045794
tell,lot,1,30,939,0.0010649627263045794
tell,ya,1,31,939,0.0010649627263045794
tell,patsy,1,32,939,0.0010649627263045794
tell,jwww,1,33,939,0.0010649627263045794
tell,swww,1,34,939,0.0010649627263045794
tell,doctor,1,35,939,0.0010649627263045794
tell,andi,1,36,939,0.0010649627263045794
tell,serpent,1,37,939,0.0010649627263045794
tell,woody,1,38,939,0.0010649627263045794
tell,shoulda,1,39,939,0.0010649627263045794
tell,eve,1,40,939,0.0010649627263045794
tell,obs,1,41,939,0.0010649627263045794
tell,hood,1,42,939,0.0010649627263045794
tell,liam,1,43,939,0.0010649627263045794
tell,anybody,1,44,939,0.0010649627263045794
tell,weener,1,45,939,0.0010649627263045794
tell,nana,1,46,939,0.0010649627263045794
tell,ernie,1,47,939,0.0010649627263045794
tell,projectdirector,1,48,939,0.0010649627263045794
tell,erin,1,49,939,0.0010649627263045794
tell,jason,1,50,939,0.0010649627263045794
tell,bit,1,51,939,0.0010649627263045794
tell,∆just,1,52,939,0.0010649627263045794
tell,°,1,53,939,0.0010649627263045794
tell,∙hh,1,54,939,0.0010649627263045794
tell,engine,1,55,939,0.0010649627263045794
tell,poster,1,56,939,0.0010649627263045794
tell,teddy,1,57,939,0.0010649627263045794
tell,train,1,58,939,0.0010649627263045794
tell,whoop,1,59,939,0.0010649627263045794
tell,baby,1,60,939,0.0010649627263045794
tell,ball,1,61,939,0.0010649627263045794
tell,fei,1,62,939,0.0010649627263045794
tell,med,1,63,939,0.0010649627263045794
tell,jac,1,64,939,0.0010649627263045794
tell,shawn,1,65,939,0.0010649627263045794
tell,someone,1,66,939,0.0010649627263045794
tell,boy,1,67,939,0.0010649627263045794
tell,grandpa,1,68,939,0.0010649627263045794
throw,you,540,1,918,0.5882352941176471
throw,i,100,2,918,0.10893246187363835
throw,we,90,3,918,0.09803921568627451
throw,wanna,30,4,918,0.032679738562091505
throw,mommy,20,5,918,0.02178649237472767
throw,he,16,6,918,0.017429193899782137
throw,us,12,7,918,0.013071895424836602
throw,she,11,8,918,0.011982570806100218
throw,rachel,11,9,918,0.011982570806100218
throw,no,10,10,918,0.010893246187363835
throw,it,5,11,918,0.0054466230936819175
throw,that,5,12,918,0.0054466230936819175
throw,one,3,13,918,0.0032679738562091504
throw,they,3,14,918,0.0032679738562091504
throw,mummy,3,15,918,0.0032679738562091504
throw,who,3,16,918,0.0032679738562091504
throw,firstname,3,17,918,0.0032679738562091504
throw,jerry,2,18,918,0.002178649237472767
throw,mama,2,19,918,0.002178649237472767
throw,monkey,2,20,918,0.002178649237472767
throw,travis,2,21,918,0.002178649237472767
throw,mia,2,22,918,0.002178649237472767
throw,yay,2,23,918,0.002178649237472767
throw,cic,2,24,918,0.002178649237472767
throw,peter,1,25,918,0.0010893246187363835
throw,yep,1,26,918,0.0010893246187363835
throw,penguin,1,27,918,0.0010893246187363835
throw,mister,1,28,918,0.0010893246187363835
throw,dad,1,29,918,0.0010893246187363835
throw,hasta,1,30,918,0.0010893246187363835
throw,henry,1,31,918,0.0010893246187363835
throw,needta,1,32,918,0.0010893246187363835
throw,self,1,33,918,0.0010893246187363835
throw,what's_her_name,1,34,918,0.0010893246187363835
throw,baebae,1,35,918,0.0010893246187363835
throw,plan,1,36,918,0.0010893246187363835
throw,op,1,37,918,0.0010893246187363835
throw,keegan,1,38,918,0.0010893246187363835
throw,mama'll,1,39,918,0.0010893246187363835
throw,matthew,1,40,918,0.0010893246187363835
throw,jamie,1,41,918,0.0010893246187363835
throw,mommy'll,1,42,918,0.0010893246187363835
throw,liam,1,43,918,0.0010893246187363835
throw,nomi,1,44,918,0.0010893246187363835
throw,throw,1,45,918,0.0010893246187363835
throw,george,1,46,918,0.0010893246187363835
throw,↑don't,1,47,918,0.0010893246187363835
throw,sally,1,48,918,0.0010893246187363835
throw,ticky,1,49,918,0.0010893246187363835
throw,somebody,1,50,918,0.0010893246187363835
throw,job,1,51,918,0.0010893246187363835
throw,girl,1,52,918,0.0010893246187363835
throw,dor,1,53,918,0.0010893246187363835
throw,gig,1,54,918,0.0010893246187363835
throw,whee,1,55,918,0.0010893246187363835
throw,ball,1,56,918,0.0010893246187363835
throw,bro,1,57,918,0.0010893246187363835
throw,boy,1,58,918,0.0010893246187363835
throw,sul,1,59,918,0.0010893246187363835
throw,mom,1,60,918,0.0010893246187363835
throw,y,1,61,918,0.0010893246187363835
throw,people,1,62,918,0.0010893246187363835
throw,baby,1,63,918,0.0010893246187363835
fit,it,288,1,886,0.32505643340857787
fit,they,107,2,886,0.12076749435665914
fit,that,95,3,886,0.1072234762979684
fit,he,70,4,886,0.07900677200902935
fit,you,66,5,886,0.0744920993227991
fit,one,31,6,886,0.034988713318284424
fit,she,24,7,886,0.02708803611738149
fit,this,15,8,886,0.016930022573363433
fit,baby,13,9,886,0.014672686230248307
fit,we,10,10,886,0.011286681715575621
fit,i,7,11,886,0.007900677200902935
fit,chicken,6,12,886,0.006772009029345372
fit,lid,6,13,886,0.006772009029345372
fit,tractor,5,14,886,0.0056433408577878106
fit,car,4,15,886,0.004514672686230248
fit,who,4,16,886,0.004514672686230248
fit,cow,4,17,886,0.004514672686230248
fit,giraffe,4,18,886,0.004514672686230248
fit,ball,4,19,886,0.004514672686230248
fit,egg,3,20,886,0.003386004514672686
fit,those,3,21,886,0.003386004514672686
fit,hand,3,22,886,0.003386004514672686
fit,mommy,3,23,886,0.003386004514672686
fit,what,3,24,886,0.003386004514672686
fit,nina,3,25,886,0.003386004514672686
fit,people,3,26,886,0.003386004514672686
fit,jacket,3,27,886,0.003386004514672686
fit,wheel,2,28,886,0.002257336343115124
fit,these,2,29,886,0.002257336343115124
fit,eye,2,30,886,0.002257336343115124
fit,danny,2,31,886,0.002257336343115124
fit,op,2,32,886,0.002257336343115124
fit,ear,2,33,886,0.002257336343115124
fit,glass,2,34,886,0.002257336343115124
fit,butterfly,2,35,886,0.002257336343115124
fit,apple,2,36,886,0.002257336343115124
fit,house,2,37,886,0.002257336343115124
fit,hippo,2,38,886,0.002257336343115124
fit,man,2,39,886,0.002257336343115124
fit,shape,2,40,886,0.002257336343115124
fit,bit,2,41,886,0.002257336343115124
fit,lion,2,42,886,0.002257336343115124
fit,anne,2,43,886,0.002257336343115124
fit,more,2,44,886,0.002257336343115124
fit,trailer,2,45,886,0.002257336343115124
fit,duckie,2,46,886,0.002257336343115124
fit,kitty,2,47,886,0.002257336343115124
fit,pan,2,48,886,0.002257336343115124
fit,piece,2,49,886,0.002257336343115124
fit,block,1,50,886,0.001128668171557562
fit,someone,1,51,886,0.001128668171557562
fit,whoop,1,52,886,0.001128668171557562
fit,bottle,1,53,886,0.001128668171557562
fit,book,1,54,886,0.001128668171557562
fit,thing,1,55,886,0.001128668171557562
fit,one'll,1,56,886,0.001128668171557562
fit,soap,1,57,886,0.001128668171557562
fit,plate,1,58,886,0.001128668171557562
fit,nose,1,59,886,0.001128668171557562
fit,silo,1,60,886,0.001128668171557562
fit,goat,1,61,886,0.001128668171557562
fit,track,1,62,886,0.001128668171557562
fit,uhohit,1,63,886,0.001128668171557562
fit,sheep,1,64,886,0.001128668171557562
fit,arm,1,65,886,0.001128668171557562
fit,hippopotamus,1,66,886,0.001128668171557562
fit,animal,1,67,886,0.001128668171557562
fit,elephant,1,68,886,0.001128668171557562
fit,duck,1,69,886,0.001128668171557562
fit,diaper,1,70,886,0.001128668171557562
fit,money,1,71,886,0.001128668171557562
fit,stewardess,1,72,886,0.001128668171557562
fit,much,1,73,886,0.001128668171557562
fit,gonzo,1,74,886,0.001128668171557562
fit,cat,1,75,886,0.001128668171557562
fit,any,1,76,886,0.001128668171557562
fit,oop,1,77,886,0.001128668171557562
fit,raincoat,1,78,886,0.001128668171557562
fit,ted,1,79,886,0.001128668171557562
fit,letter,1,80,886,0.001128668171557562
fit,shell,1,81,886,0.001128668171557562
fit,helicopter,1,82,886,0.001128668171557562
fit,rabbit,1,83,886,0.001128668171557562
fit,teddy,1,84,886,0.001128668171557562
fit,tiger,1,85,886,0.001128668171557562
fit,foot,1,86,886,0.001128668171557562
fit,monkey,1,87,886,0.001128668171557562
fit,gorilla,1,88,886,0.001128668171557562
fit,bear,1,89,886,0.001128668171557562
fit,uhoh,1,90,886,0.001128668171557562
fit,firstname,1,91,886,0.001128668171557562
fit,doll,1,92,886,0.001128668171557562
fit,turkey,1,93,886,0.001128668171557562
fit,hat,1,94,886,0.001128668171557562
fit,circle,1,95,886,0.001128668171557562
fit,you_all,1,96,886,0.001128668171557562
fit,both,1,97,886,0.001128668171557562
fit,door,1,98,886,0.001128668171557562
fit,bert,1,99,886,0.001128668171557562
fit,ernie,1,100,886,0.001128668171557562
fit,daisy,1,101,886,0.001128668171557562
fit,lana,1,102,886,0.001128668171557562
fit,ya,1,103,886,0.001128668171557562
fit,shoe,1,104,886,0.001128668171557562
hold,i,289,1,855,0.33801169590643276
hold,you,276,2,855,0.32280701754385965
hold,mommy,46,3,855,0.05380116959064327
hold,she,30,4,855,0.03508771929824561
hold,he,27,5,855,0.031578947368421054
hold,wanna,24,6,855,0.028070175438596492
hold,mummy,21,7,855,0.02456140350877193
hold,we,18,8,855,0.021052631578947368
hold,mama,12,9,855,0.014035087719298246
hold,that,11,10,855,0.012865497076023392
hold,they,7,11,855,0.008187134502923977
hold,us,6,12,855,0.007017543859649123
hold,mommy'll,6,13,855,0.007017543859649123
hold,girl,6,14,855,0.007017543859649123
hold,lemme,4,15,855,0.004678362573099415
hold,it,4,16,855,0.004678362573099415
hold,mom,4,17,855,0.004678362573099415
hold,rabbit,4,18,855,0.004678362573099415
hold,boy,4,19,855,0.004678362573099415
hold,baby,3,20,855,0.0035087719298245615
hold,daddy,3,21,855,0.0035087719298245615
hold,pinocchio,3,22,855,0.0035087719298245615
hold,man,3,23,855,0.0035087719298245615
hold,who,2,24,855,0.0023391812865497076
hold,elaina,2,25,855,0.0023391812865497076
hold,smurf,2,26,855,0.0023391812865497076
hold,everybody,2,27,855,0.0023391812865497076
hold,hand,2,28,855,0.0023391812865497076
hold,mummy'll,2,29,855,0.0023391812865497076
hold,maggie,2,30,855,0.0023391812865497076
hold,gran,2,31,855,0.0023391812865497076
hold,ya,1,32,855,0.0011695906432748538
hold,laura,1,33,855,0.0011695906432748538
hold,piglet,1,34,855,0.0011695906432748538
hold,op,1,35,855,0.0011695906432748538
hold,bumpity,1,36,855,0.0011695906432748538
hold,lady,1,37,855,0.0011695906432748538
hold,elephant,1,38,855,0.0011695906432748538
hold,one,1,39,855,0.0011695906432748538
hold,sandy,1,40,855,0.0011695906432748538
hold,hasta,1,41,855,0.0011695906432748538
hold,kitty,1,42,855,0.0011695906432748538
hold,hook,1,43,855,0.0011695906432748538
hold,jason,1,44,855,0.0011695906432748538
hold,guy,1,45,855,0.0011695906432748538
hold,alright↓,1,46,855,0.0011695906432748538
hold,°,1,47,855,0.0011695906432748538
hold,felt,1,48,855,0.0011695906432748538
hold,mummie,1,49,855,0.0011695906432748538
hold,granddad,1,50,855,0.0011695906432748538
hold,zita,1,51,855,0.0011695906432748538
hold,truck,1,52,855,0.0011695906432748538
hold,mum'll,1,53,855,0.0011695906432748538
hold,gst,1,54,855,0.0011695906432748538
hold,monkey,1,55,855,0.0011695906432748538
hold,name,1,56,855,0.0011695906432748538
hold,joy,1,57,855,0.0011695906432748538
hold,whoop,1,58,855,0.0011695906432748538
hold,raffi,1,59,855,0.0011695906432748538
love,i,308,1,808,0.3811881188118812
love,you,187,2,808,0.23143564356435645
love,she,83,3,808,0.10272277227722772
love,he,41,4,808,0.050742574257425746
love,mommy,19,5,808,0.023514851485148515
love,we,18,6,808,0.022277227722772276
love,jesus,17,7,808,0.02103960396039604
love,baby,13,8,808,0.01608910891089109
love,danny,8,9,808,0.009900990099009901
love,daddy,7,10,808,0.008663366336633664
love,they,7,11,808,0.008663366336633664
love,mummy,7,12,808,0.008663366336633664
love,mama,6,13,808,0.007425742574257425
love,sister,6,14,808,0.007425742574257425
love,who,5,15,808,0.006188118811881188
love,poohbear,5,16,808,0.006188118811881188
love,it,4,17,808,0.0049504950495049506
love,alex,3,18,808,0.0037128712871287127
love,god,3,19,808,0.0037128712871287127
love,erin,3,20,808,0.0037128712871287127
love,boy,3,21,808,0.0037128712871287127
love,cookie_monster,3,22,808,0.0037128712871287127
love,some,2,23,808,0.0024752475247524753
love,kim,2,24,808,0.0024752475247524753
love,andy,2,25,808,0.0024752475247524753
love,pooh,2,26,808,0.0024752475247524753
love,nina,2,27,808,0.0024752475247524753
love,kitty,2,28,808,0.0024752475247524753
love,teddy,2,29,808,0.0024752475247524753
love,carl,2,30,808,0.0024752475247524753
love,pepe,1,31,808,0.0012376237623762376
love,bear,1,32,808,0.0012376237623762376
love,child,1,33,808,0.0012376237623762376
love,cname,1,34,808,0.0012376237623762376
love,mm,1,35,808,0.0012376237623762376
love,ernie,1,36,808,0.0012376237623762376
love,doggy,1,37,808,0.0012376237623762376
love,love,1,38,808,0.0012376237623762376
love,hank,1,39,808,0.0012376237623762376
love,elmo,1,40,808,0.0012376237623762376
love,potatohead,1,41,808,0.0012376237623762376
love,kid,1,42,808,0.0012376237623762376
love,dabee,1,43,808,0.0012376237623762376
love,needta,1,44,808,0.0012376237623762376
love,big_bird,1,45,808,0.0012376237623762376
love,winnie,1,46,808,0.0012376237623762376
love,amie,1,47,808,0.0012376237623762376
love,topsy,1,48,808,0.0012376237623762376
love,everyone,1,49,808,0.0012376237623762376
love,makka_pakka,1,50,808,0.0012376237623762376
love,mister_bunny,1,51,808,0.0012376237623762376
love,joanna,1,52,808,0.0012376237623762376
love,num,1,53,808,0.0012376237623762376
love,zach,1,54,808,0.0012376237623762376
love,°,1,55,808,0.0012376237623762376
love,thank,1,56,808,0.0012376237623762376
love,cup,1,57,808,0.0012376237623762376
love,packet,1,58,808,0.0012376237623762376
love,night_night,1,59,808,0.0012376237623762376
love,firstname,1,60,808,0.0012376237623762376
love,grandma,1,61,808,0.0012376237623762376
love,cookie,1,62,808,0.0012376237623762376
love,bro,1,63,808,0.0012376237623762376
love,mot,1,64,808,0.0012376237623762376
love,sarah,1,65,808,0.0012376237623762376
love,josh,1,66,808,0.0012376237623762376
show,you,338,1,793,0.4262295081967213
show,i,249,2,793,0.31399747793190413
show,mommy,47,3,793,0.05926860025220681
show,wanna,24,4,793,0.03026481715006305
show,we,16,5,793,0.0201765447667087
show,us,11,6,793,0.013871374527112233
show,it,10,7,793,0.012610340479192938
show,mummy,9,8,793,0.011349306431273645
show,he,8,9,793,0.01008827238335435
show,lemme,7,10,793,0.008827238335435058
show,mama,6,11,793,0.007566204287515763
show,she,6,12,793,0.007566204287515763
show,that,5,13,793,0.006305170239596469
show,life,4,14,793,0.005044136191677175
show,mom,4,15,793,0.005044136191677175
show,face,3,16,793,0.0037831021437578815
show,they,3,17,793,0.0037831021437578815
show,gig,3,18,793,0.0037831021437578815
show,eve,2,19,793,0.0025220680958385876
show,mummy'll,2,20,793,0.0025220680958385876
show,mother,1,21,793,0.0012610340479192938
show,eric,1,22,793,0.0012610340479192938
show,beard,1,23,793,0.0012610340479192938
show,uhhuh,1,24,793,0.0012610340479192938
show,recorder,1,25,793,0.0012610340479192938
show,decibel,1,26,793,0.0012610340479192938
show,something,1,27,793,0.0012610340479192938
show,dad,1,28,793,0.0012610340479192938
show,doggie,1,29,793,0.0012610340479192938
show,emma,1,30,793,0.0012610340479192938
show,girlfriend,1,31,793,0.0012610340479192938
show,sydney,1,32,793,0.0012610340479192938
show,brandon,1,33,793,0.0012610340479192938
show,water,1,34,793,0.0012610340479192938
show,rebecca,1,35,793,0.0012610340479192938
show,teacher,1,36,793,0.0012610340479192938
show,stromboli,1,37,793,0.0012610340479192938
show,ema,1,38,793,0.0012610340479192938
show,mom'll,1,39,793,0.0012610340479192938
show,tree,1,40,793,0.0012610340479192938
show,tower,1,41,793,0.0012610340479192938
show,max,1,42,793,0.0012610340479192938
show,sophie,1,43,793,0.0012610340479192938
show,mabel,1,44,793,0.0012610340479192938
show,carl,1,45,793,0.0012610340479192938
show,who,1,46,793,0.0012610340479192938
show,none,1,47,793,0.0012610340479192938
show,show,1,48,793,0.0012610340479192938
show,kaleb,1,49,793,0.0012610340479192938
show,daddy,1,50,793,0.0012610340479192938
show,zip,1,51,793,0.0012610340479192938
show,nothing,1,52,793,0.0012610340479192938
show,gramma,1,53,793,0.0012610340479192938
show,mommy'll,1,54,793,0.0012610340479192938
show,allie,1,55,793,0.0012610340479192938
show,edena,1,56,793,0.0012610340479192938
happen,what,653,1,753,0.8671978751660027
happen,that,45,2,753,0.05976095617529881
happen,it,21,3,753,0.027888446215139442
happen,something,9,4,753,0.01195219123505976
happen,nothing,8,5,753,0.010624169986719787
happen,thing,3,6,753,0.00398406374501992
happen,this,2,7,753,0.0026560424966799467
happen,which,2,8,753,0.0026560424966799467
happen,we,2,9,753,0.0026560424966799467
happen,more,1,10,753,0.0013280212483399733
happen,i,1,11,753,0.0013280212483399733
happen,who,1,12,753,0.0013280212483399733
happen,go,1,13,753,0.0013280212483399733
happen,anything,1,14,753,0.0013280212483399733
happen,sposta,1,15,753,0.0013280212483399733
happen,something'd,1,16,753,0.0013280212483399733
happen,whatever,1,17,753,0.0013280212483399733
draw,you,287,1,726,0.3953168044077135
draw,i,151,2,726,0.20798898071625344
draw,we,95,3,726,0.13085399449035812
draw,wanna,45,4,726,0.06198347107438017
draw,mommy,27,5,726,0.0371900826446281
draw,mummy,21,6,726,0.028925619834710745
draw,us,20,7,726,0.027548209366391185
draw,he,12,8,726,0.01652892561983471
draw,mama,11,9,726,0.015151515151515152
draw,rachel,4,10,726,0.005509641873278237
draw,she,4,11,726,0.005509641873278237
draw,rom,4,12,726,0.005509641873278237
draw,who,3,13,726,0.004132231404958678
draw,they,3,14,726,0.004132231404958678
draw,somebody,3,15,726,0.004132231404958678
draw,nomi,3,16,726,0.004132231404958678
draw,mummy'll,3,17,726,0.004132231404958678
draw,warren,3,18,726,0.004132231404958678
draw,no,2,19,726,0.0027548209366391185
draw,cann't,2,20,726,0.0027548209366391185
draw,this,2,21,726,0.0027548209366391185
draw,benjamin,2,22,726,0.0027548209366391185
draw,sally,2,23,726,0.0027548209366391185
draw,grandmother,1,24,726,0.0013774104683195593
draw,andrew,1,25,726,0.0013774104683195593
draw,thing,1,26,726,0.0013774104683195593
draw,mommy'll,1,27,726,0.0013774104683195593
draw,ya,1,28,726,0.0013774104683195593
draw,brittany,1,29,726,0.0013774104683195593
draw,it,1,30,726,0.0013774104683195593
draw,crayon,1,31,726,0.0013774104683195593
draw,mia,1,32,726,0.0013774104683195593
draw,barry,1,33,726,0.0013774104683195593
draw,carl,1,34,726,0.0013774104683195593
draw,daddy,1,35,726,0.0013774104683195593
draw,richard,1,36,726,0.0013774104683195593
draw,gig,1,37,726,0.0013774104683195593
draw,lin,1,38,726,0.0013774104683195593
draw,dada,1,39,726,0.0013774104683195593
draw,guy,1,40,726,0.0013774104683195593
talk,you,305,1,693,0.4401154401154401
talk,i,67,2,693,0.09668109668109669
talk,we,66,3,693,0.09523809523809523
talk,he,59,4,693,0.08513708513708514
talk,she,53,5,693,0.07647907647907648
talk,wanna,34,6,693,0.049062049062049064
talk,they,12,7,693,0.017316017316017316
talk,who,8,8,693,0.011544011544011544
talk,it,8,9,693,0.011544011544011544
talk,mommy,5,10,693,0.007215007215007215
talk,that,5,11,693,0.007215007215007215
talk,somebody,4,12,693,0.005772005772005772
talk,baby,4,13,693,0.005772005772005772
talk,people,4,14,693,0.005772005772005772
talk,us,3,15,693,0.004329004329004329
talk,ya,3,16,693,0.004329004329004329
talk,laura,3,17,693,0.004329004329004329
talk,mwww,3,18,693,0.004329004329004329
talk,mama,3,19,693,0.004329004329004329
talk,lady,3,20,693,0.004329004329004329
talk,mummy,3,21,693,0.004329004329004329
talk,boy,2,22,693,0.002886002886002886
talk,bunny,2,23,693,0.002886002886002886
talk,ross,2,24,693,0.002886002886002886
talk,hanna,2,25,693,0.002886002886002886
talk,man,1,26,693,0.001443001443001443
talk,recorder,1,27,693,0.001443001443001443
talk,cream,1,28,693,0.001443001443001443
talk,ourselves,1,29,693,0.001443001443001443
talk,monkey,1,30,693,0.001443001443001443
talk,jason,1,31,693,0.001443001443001443
talk,this,1,32,693,0.001443001443001443
talk,andreas,1,33,693,0.001443001443001443
talk,anybody,1,34,693,0.001443001443001443
talk,nobody,1,35,693,0.001443001443001443
talk,don,1,36,693,0.001443001443001443
talk,melissa,1,37,693,0.001443001443001443
talk,brittany,1,38,693,0.001443001443001443
talk,bert,1,39,693,0.001443001443001443
talk,nomi,1,40,693,0.001443001443001443
talk,guy,1,41,693,0.001443001443001443
talk,rabbit,1,42,693,0.001443001443001443
talk,dinosaur,1,43,693,0.001443001443001443
talk,daddy,1,44,693,0.001443001443001443
talk,little_miss_chatterbox,1,45,693,0.001443001443001443
talk,erin,1,46,693,0.001443001443001443
talk,tiger,1,47,693,0.001443001443001443
talk,rhona,1,48,693,0.001443001443001443
talk,mummie,1,49,693,0.001443001443001443
talk,carl,1,50,693,0.001443001443001443
talk,everyone,1,51,693,0.001443001443001443
talk,the,1,52,693,0.001443001443001443
talk,mom,1,53,693,0.001443001443001443
talk,doggy,1,54,693,0.001443001443001443
talk,earnest,1,55,693,0.001443001443001443
pick,you,236,1,673,0.35066864784546803
pick,i,114,2,673,0.16939078751857356
pick,she,62,3,673,0.09212481426448738
pick,we,52,4,673,0.07726597325408618
pick,he,51,5,673,0.07578008915304606
pick,us,33,6,673,0.04903417533432392
pick,piper,19,7,673,0.02823179791976226
pick,daddy,13,8,673,0.019316493313521546
pick,mommy,13,9,673,0.019316493313521546
pick,they,7,10,673,0.010401188707280832
pick,peck,5,11,673,0.007429420505200594
pick,wanna,5,12,673,0.007429420505200594
pick,that,5,13,673,0.007429420505200594
pick,it,4,14,673,0.005943536404160475
pick,mummy'll,4,15,673,0.005943536404160475
pick,mwww,3,16,673,0.004457652303120356
pick,mama,3,17,673,0.004457652303120356
pick,peter_piper,3,18,673,0.004457652303120356
pick,mom,3,19,673,0.004457652303120356
pick,ernie,2,20,673,0.0029717682020802376
pick,joanna,2,21,673,0.0029717682020802376
pick,grandma,2,22,673,0.0029717682020802376
pick,mother,1,23,673,0.0014858841010401188
pick,marie,1,24,673,0.0014858841010401188
pick,daddy'll,1,25,673,0.0014858841010401188
pick,swww,1,26,673,0.0014858841010401188
pick,lemme,1,27,673,0.0014858841010401188
pick,man,1,28,673,0.0014858841010401188
pick,baby,1,29,673,0.0014858841010401188
pick,hasta,1,30,673,0.0014858841010401188
pick,doggie,1,31,673,0.0014858841010401188
pick,the,1,32,673,0.0014858841010401188
pick,kid,1,33,673,0.0014858841010401188
pick,tong,1,34,673,0.0014858841010401188
pick,who,1,35,673,0.0014858841010401188
pick,girl,1,36,673,0.0014858841010401188
pick,travis,1,37,673,0.0014858841010401188
pick,old,1,38,673,0.0014858841010401188
pick,sister,1,39,673,0.0014858841010401188
pick,let,1,40,673,0.0014858841010401188
pick,machine,1,41,673,0.0014858841010401188
pick,recorder,1,42,673,0.0014858841010401188
pick,strawberry,1,43,673,0.0014858841010401188
pick,lara,1,44,673,0.0014858841010401188
pick,mummy,1,45,673,0.0014858841010401188
pick,carl,1,46,673,0.0014858841010401188
pick,everyone,1,47,673,0.0014858841010401188
pick,firstname,1,48,673,0.0014858841010401188
pick,‡,1,49,673,0.0014858841010401188
pick,job,1,50,673,0.0014858841010401188
pick,six,1,51,673,0.0014858841010401188
pick,hat,1,52,673,0.0014858841010401188
pick,ramona,1,53,673,0.0014858841010401188
pick,edena,1,54,673,0.0014858841010401188
can,you,342,1,667,0.512743628185907
can,i,137,2,667,0.20539730134932535
can,we,48,3,667,0.07196401799100449
can,she,37,4,667,0.05547226386806597
can,he,26,5,667,0.038980509745127435
can,they,10,6,667,0.014992503748125937
can,it,7,7,667,0.010494752623688156
can,garbage,6,8,667,0.008995502248875561
can,+,4,9,667,0.005997001499250375
can,water,3,10,667,0.004497751124437781
can,what,3,11,667,0.004497751124437781
can,that,3,12,667,0.004497751124437781
can,ya,2,13,667,0.0029985007496251873
can,this,2,14,667,0.0029985007496251873
can,watering,2,15,667,0.0029985007496251873
can,mom,2,16,667,0.0029985007496251873
can,one,2,17,667,0.0029985007496251873
can,milk,1,18,667,0.0014992503748125937
can,laura,1,19,667,0.0014992503748125937
can,joanna,1,20,667,0.0014992503748125937
can,mommy,1,21,667,0.0014992503748125937
can,daddy,1,22,667,0.0014992503748125937
can,matthew,1,23,667,0.0014992503748125937
can,brown,1,24,667,0.0014992503748125937
can,sockie,1,25,667,0.0014992503748125937
can,p,1,26,667,0.0014992503748125937
can,papa,1,27,667,0.0014992503748125937
can,tinkertoy,1,28,667,0.0014992503748125937
can,farmer,1,29,667,0.0014992503748125937
can,baby,1,30,667,0.0014992503748125937
can,dish,1,31,667,0.0014992503748125937
can,elephant,1,32,667,0.0014992503748125937
can,guy,1,33,667,0.0014992503748125937
can,nobody,1,34,667,0.0014992503748125937
can,coke,1,35,667,0.0014992503748125937
can,sally,1,36,667,0.0014992503748125937
can,brittany,1,37,667,0.0014992503748125937
can,hopper,1,38,667,0.0014992503748125937
can,music,1,39,667,0.0014992503748125937
can,anyone,1,40,667,0.0014992503748125937
can,cat,1,41,667,0.0014992503748125937
can,lena,1,42,667,0.0014992503748125937
can,whatever,1,43,667,0.0014992503748125937
can,eva,1,44,667,0.0014992503748125937
can,benjamin,1,45,667,0.0014992503748125937
can,tooth,1,46,667,0.0014992503748125937
can,edena,1,47,667,0.0014992503748125937
can,some,1,48,667,0.0014992503748125937
push,you,418,1,644,0.6490683229813664
push,i,52,2,644,0.08074534161490683
push,we,42,3,644,0.06521739130434782
push,us,23,4,644,0.03571428571428571
push,wanna,19,5,644,0.029503105590062112
push,it,10,6,644,0.015527950310559006
push,he,10,7,644,0.015527950310559006
push,duck,7,8,644,0.010869565217391304
push,mommy,5,9,644,0.007763975155279503
push,she,4,10,644,0.006211180124223602
push,firstname,4,11,644,0.006211180124223602
push,daddy,3,12,644,0.004658385093167702
push,button,3,13,644,0.004658385093167702
push,they,3,14,644,0.004658385093167702
push,who,3,15,644,0.004658385093167702
push,squirrel,2,16,644,0.003105590062111801
push,boat,2,17,644,0.003105590062111801
push,oname,2,18,644,0.003105590062111801
push,jamie,2,19,644,0.003105590062111801
push,one,2,20,644,0.003105590062111801
push,awoh,1,21,644,0.0015527950310559005
push,what,1,22,644,0.0015527950310559005
push,wave,1,23,644,0.0015527950310559005
push,cupcake,1,24,644,0.0015527950310559005
push,papa,1,25,644,0.0015527950310559005
push,daniel,1,26,644,0.0015527950310559005
push,mommy'll,1,27,644,0.0015527950310559005
push,jimmy,1,28,644,0.0015527950310559005
push,daddy'll,1,29,644,0.0015527950310559005
push,mash,1,30,644,0.0015527950310559005
push,sally,1,31,644,0.0015527950310559005
push,hunhunh,1,32,644,0.0015527950310559005
push,nomi,1,33,644,0.0015527950310559005
push,thing,1,34,644,0.0015527950310559005
push,rabbit,1,35,644,0.0015527950310559005
push,mom,1,36,644,0.0015527950310559005
push,broom,1,37,644,0.0015527950310559005
push,miss_t,1,38,644,0.0015527950310559005
push,mummie,1,39,644,0.0015527950310559005
push,grandma,1,40,644,0.0015527950310559005
push,mummy,1,41,644,0.0015527950310559005
push,carl,1,42,644,0.0015527950310559005
push,camera,1,43,644,0.0015527950310559005
push,needta,1,44,644,0.0015527950310559005
push,that,1,45,644,0.0015527950310559005
push,finger,1,46,644,0.0015527950310559005
push,no,1,47,644,0.0015527950310559005
push,raffi,1,48,644,0.0015527950310559005
call,you,162,1,568,0.2852112676056338
call,we,80,2,568,0.14084507042253522
call,i,53,3,568,0.09330985915492958
call,she,48,4,568,0.08450704225352113
call,he,41,5,568,0.0721830985915493
call,us,29,6,568,0.051056338028169015
call,mama,23,7,568,0.040492957746478875
call,they,17,8,568,0.02992957746478873
call,mommy,15,9,568,0.02640845070422535
call,wanna,13,10,568,0.022887323943661973
call,who,13,11,568,0.022887323943661973
call,ya,5,12,568,0.008802816901408451
call,that,4,13,568,0.007042253521126761
call,somebody,4,14,568,0.007042253521126761
call,daddy,3,15,568,0.00528169014084507
call,animal,3,16,568,0.00528169014084507
call,grandma,2,17,568,0.0035211267605633804
call,mother,2,18,568,0.0035211267605633804
call,needta,2,19,568,0.0035211267605633804
call,grandpa,2,20,568,0.0035211267605633804
call,someone,2,21,568,0.0035211267605633804
call,cat,2,22,568,0.0035211267605633804
call,sister,2,23,568,0.0035211267605633804
call,baby,2,24,568,0.0035211267605633804
call,joanne,2,25,568,0.0035211267605633804
call,clown,2,26,568,0.0035211267605633804
call,dada,1,27,568,0.0017605633802816902
call,father,1,28,568,0.0017605633802816902
call,kid,1,29,568,0.0017605633802816902
call,anyone,1,30,568,0.0017605633802816902
call,laura,1,31,568,0.0017605633802816902
call,mickey,1,32,568,0.0017605633802816902
call,quack,1,33,568,0.0017605633802816902
call,lemme,1,34,568,0.0017605633802816902
call,pokemon,1,35,568,0.0017605633802816902
call,hello,1,36,568,0.0017605633802816902
call,people,1,37,568,0.0017605633802816902
call,elmo,1,38,568,0.0017605633802816902
call,god,1,39,568,0.0017605633802816902
call,dad,1,40,568,0.0017605633802816902
call,house,1,41,568,0.0017605633802816902
call,cody,1,42,568,0.0017605633802816902
call,whitey,1,43,568,0.0017605633802816902
call,literature,1,44,568,0.0017605633802816902
call,granma,1,45,568,0.0017605633802816902
call,head,1,46,568,0.0017605633802816902
call,bye,1,47,568,0.0017605633802816902
call,mummy,1,48,568,0.0017605633802816902
call,fish,1,49,568,0.0017605633802816902
call,train,1,50,568,0.0017605633802816902
call,rabbit,1,51,568,0.0017605633802816902
call,it,1,52,568,0.0017605633802816902
call,boy,1,53,568,0.0017605633802816902
call,steamroller,1,54,568,0.0017605633802816902
call,mom,1,55,568,0.0017605633802816902
call,doctor,1,56,568,0.0017605633802816902
call,momma,1,57,568,0.0017605633802816902
call,man,1,58,568,0.0017605633802816902
call,one,1,59,568,0.0017605633802816902
call,cube,1,60,568,0.0017605633802816902
call,edena,1,61,568,0.0017605633802816902
mean,i,207,1,562,0.3683274021352313
mean,that,147,2,562,0.2615658362989324
mean,you,112,3,562,0.199288256227758
mean,it,28,4,562,0.0498220640569395
mean,she,9,5,562,0.01601423487544484
mean,word,6,6,562,0.010676156583629894
mean,he,6,7,562,0.010676156583629894
mean,this,4,8,562,0.0071174377224199285
mean,mummy,4,9,562,0.0071174377224199285
mean,which,3,10,562,0.005338078291814947
mean,they,3,11,562,0.005338078291814947
mean,we,2,12,562,0.0035587188612099642
mean,no,2,13,562,0.0035587188612099642
mean,tikatika,2,14,562,0.0035587188612099642
mean,chih,2,15,562,0.0035587188612099642
mean,nggo,2,16,562,0.0035587188612099642
mean,kaktur,1,17,562,0.0017793594306049821
mean,uhvi,1,18,562,0.0017793594306049821
mean,ciao,1,19,562,0.0017793594306049821
mean,heart,1,20,562,0.0017793594306049821
mean,tight,1,21,562,0.0017793594306049821
mean,so_that,1,22,562,0.0017793594306049821
mean,noise,1,23,562,0.0017793594306049821
mean,shoe,1,24,562,0.0017793594306049821
mean,poppop,1,25,562,0.0017793594306049821
mean,choo,1,26,562,0.0017793594306049821
mean,puddy,1,27,562,0.0017793594306049821
mean,nuff,1,28,562,0.0017793594306049821
mean,ehe,1,29,562,0.0017793594306049821
mean,horse,1,30,562,0.0017793594306049821
mean,anything,1,31,562,0.0017793594306049821
mean,lady,1,32,562,0.0017793594306049821
mean,yes,1,33,562,0.0017793594306049821
mean,d'you,1,34,562,0.0017793594306049821
mean,hair,1,35,562,0.0017793594306049821
mean,mom,1,36,562,0.0017793594306049821
mean,yellow,1,37,562,0.0017793594306049821
mean,nea,1,38,562,0.0017793594306049821
mean,mammy,1,39,562,0.0017793594306049821
use,you,197,1,539,0.3654916512059369
use,we,97,2,539,0.17996289424860853
use,i,52,3,539,0.09647495361781076
use,she,43,4,539,0.07977736549165121
use,he,34,5,539,0.06307977736549165
use,wanna,20,6,539,0.03710575139146568
use,they,14,7,539,0.025974025974025976
use,mommy,11,8,539,0.02040816326530612
use,daddy,10,9,539,0.01855287569573284
use,us,6,10,539,0.011131725417439703
use,bob,5,11,539,0.00927643784786642
use,mom,3,12,539,0.0055658627087198514
use,it,3,13,539,0.0055658627087198514
use,that,3,14,539,0.0055658627087198514
use,catherine,3,15,539,0.0055658627087198514
use,mummy,3,16,539,0.0055658627087198514
use,jeremy,2,17,539,0.0037105751391465678
use,fraser,2,18,539,0.0037105751391465678
use,baby,2,19,539,0.0037105751391465678
use,who,2,20,539,0.0037105751391465678
use,dog,1,21,539,0.0018552875695732839
use,lady,1,22,539,0.0018552875695732839
use,pepe,1,23,539,0.0018552875695732839
use,jwww,1,24,539,0.0018552875695732839
use,cat,1,25,539,0.0018552875695732839
use,laura,1,26,539,0.0018552875695732839
use,poppy,1,27,539,0.0018552875695732839
use,people,1,28,539,0.0018552875695732839
use,cromer,1,29,539,0.0018552875695732839
use,oname,1,30,539,0.0018552875695732839
use,nathaniel,1,31,539,0.0018552875695732839
use,caterpillar,1,32,539,0.0018552875695732839
use,ross,1,33,539,0.0018552875695732839
use,mama,1,34,539,0.0018552875695732839
use,color,1,35,539,0.0018552875695732839
use,husband,1,36,539,0.0018552875695732839
use,needta,1,37,539,0.0018552875695732839
use,momma,1,38,539,0.0018552875695732839
use,mummy'll,1,39,539,0.0018552875695732839
use,bellybutton,1,40,539,0.0018552875695732839
use,agogo,1,41,539,0.0018552875695732839
use,engine,1,42,539,0.0018552875695732839
use,claire,1,43,539,0.0018552875695732839
use,grandma,1,44,539,0.0018552875695732839
use,mel,1,45,539,0.0018552875695732839
use,rom,1,46,539,0.0018552875695732839
use,elliot,1,47,539,0.0018552875695732839
remember,you,390,1,532,0.7330827067669173
remember,i,90,2,532,0.16917293233082706
remember,she,11,3,532,0.020676691729323307
remember,he,6,4,532,0.011278195488721804
remember,mommy,3,5,532,0.005639097744360902
remember,we,2,6,532,0.0037593984962406013
remember,it,2,7,532,0.0037593984962406013
remember,mummy,2,8,532,0.0037593984962406013
remember,ya,1,9,532,0.0018796992481203006
remember,paddy,1,10,532,0.0018796992481203006
remember,piggy,1,11,532,0.0018796992481203006
remember,puppy,1,12,532,0.0018796992481203006
remember,herself,1,13,532,0.0018796992481203006
remember,figaro,1,14,532,0.0018796992481203006
remember,crying,1,15,532,0.0018796992481203006
remember,tonight,1,16,532,0.0018796992481203006
remember,fritzy,1,17,532,0.0018796992481203006
remember,jamie,1,18,532,0.0018796992481203006
remember,nobody,1,19,532,0.0018796992481203006
remember,daddy,1,20,532,0.0018796992481203006
remember,kalie,1,21,532,0.0018796992481203006
remember,some,1,22,532,0.0018796992481203006
remember,nomi,1,23,532,0.0018796992481203006
remember,color,1,24,532,0.0018796992481203006
remember,one,1,25,532,0.0018796992481203006
remember,buster,1,26,532,0.0018796992481203006
remember,d'you,1,27,532,0.0018796992481203006
remember,ding,1,28,532,0.0018796992481203006
remember,firstname,1,29,532,0.0018796992481203006
remember,they,1,30,532,0.0018796992481203006
remember,marie,1,31,532,0.0018796992481203006
remember,casey,1,32,532,0.0018796992481203006
remember,this,1,33,532,0.0018796992481203006
remember,baby,1,34,532,0.0018796992481203006
bring,you,182,1,531,0.3427495291902072
bring,i,116,2,531,0.2184557438794727
bring,we,51,3,531,0.096045197740113
bring,us,41,4,531,0.07721280602636535
bring,she,26,5,531,0.04896421845574388
bring,he,18,6,531,0.03389830508474576
bring,wanna,11,7,531,0.02071563088512241
bring,they,8,8,531,0.015065913370998116
bring,it,5,9,531,0.009416195856873822
bring,who,5,10,531,0.009416195856873822
bring,mommy,3,11,531,0.005649717514124294
bring,daddy,3,12,531,0.005649717514124294
bring,somebody,2,13,531,0.003766478342749529
bring,lady,2,14,531,0.003766478342749529
bring,mummy,2,15,531,0.003766478342749529
bring,olwin,2,16,531,0.003766478342749529
bring,firstname,2,17,531,0.003766478342749529
bring,mimi,2,18,531,0.003766478342749529
bring,shell,2,19,531,0.003766478342749529
bring,anything,1,20,531,0.0018832391713747645
bring,people,1,21,531,0.0018832391713747645
bring,laura,1,22,531,0.0018832391713747645
bring,noah,1,23,531,0.0018832391713747645
bring,linda,1,24,531,0.0018832391713747645
bring,honey,1,25,531,0.0018832391713747645
bring,wish,1,26,531,0.0018832391713747645
bring,andy,1,27,531,0.0018832391713747645
bring,sister,1,28,531,0.0018832391713747645
bring,lemme,1,29,531,0.0018832391713747645
bring,mailman,1,30,531,0.0018832391713747645
bring,cromer,1,31,531,0.0018832391713747645
bring,santa,1,32,531,0.0018832391713747645
bring,farmer,1,33,531,0.0018832391713747645
bring,doggie,1,34,531,0.0018832391713747645
bring,brother,1,35,531,0.0018832391713747645
bring,woofwoof,1,36,531,0.0018832391713747645
bring,carl,1,37,531,0.0018832391713747645
bring,isaiah,1,38,531,0.0018832391713747645
bring,mama,1,39,531,0.0018832391713747645
bring,mishayla,1,40,531,0.0018832391713747645
bring,laurie,1,41,531,0.0018832391713747645
bring,someone,1,42,531,0.0018832391713747645
bring,bryan,1,43,531,0.0018832391713747645
bring,whoa,1,44,531,0.0018832391713747645
bring,joseph,1,45,531,0.0018832391713747645
bring,one,1,46,531,0.0018832391713747645
bring,thunderstorm,1,47,531,0.0018832391713747645
bring,investigator,1,48,531,0.0018832391713747645
bring,grandad,1,49,531,0.0018832391713747645
bring,mummy'll,1,50,531,0.0018832391713747645
bring,tata,1,51,531,0.0018832391713747645
bring,∆well,1,52,531,0.0018832391713747645
bring,carline,1,53,531,0.0018832391713747645
bring,nana,1,54,531,0.0018832391713747645
bring,let,1,55,531,0.0018832391713747645
bring,mike,1,56,531,0.0018832391713747645
bring,farmer_drey,1,57,531,0.0018832391713747645
bring,sally,1,58,531,0.0018832391713747645
bring,gran,1,59,531,0.0018832391713747645
bring,judy,1,60,531,0.0018832391713747645
bring,nanny,1,61,531,0.0018832391713747645
bring,candy,1,62,531,0.0018832391713747645
bring,gst,1,63,531,0.0018832391713747645
bring,ace,1,64,531,0.0018832391713747645
bring,barnabas,1,65,531,0.0018832391713747645
bring,lee,1,66,531,0.0018832391713747645
bring,tansy,1,67,531,0.0018832391713747645
cook,you,233,1,530,0.439622641509434
cook,we,92,2,530,0.17358490566037735
cook,wanna,51,3,530,0.09622641509433963
cook,it,48,4,530,0.09056603773584905
cook,us,28,5,530,0.052830188679245285
cook,they,17,6,530,0.03207547169811321
cook,i,14,7,530,0.026415094339622643
cook,mommy,5,8,530,0.009433962264150943
cook,he,5,9,530,0.009433962264150943
cook,mama,4,10,530,0.007547169811320755
cook,she,4,11,530,0.007547169811320755
cook,what,3,12,530,0.005660377358490566
cook,somebody,3,13,530,0.005660377358490566
cook,all_done,3,14,530,0.005660377358490566
cook,who,2,15,530,0.0037735849056603774
cook,firstname,2,16,530,0.0037735849056603774
cook,john,2,17,530,0.0037735849056603774
cook,piece,1,18,530,0.0018867924528301887
cook,toast,1,19,530,0.0018867924528301887
cook,booboo,1,20,530,0.0018867924528301887
cook,apple,1,21,530,0.0018867924528301887
cook,job,1,22,530,0.0018867924528301887
cook,that,1,23,530,0.0018867924528301887
cook,someone,1,24,530,0.0018867924528301887
cook,madison,1,25,530,0.0018867924528301887
cook,matthew,1,26,530,0.0018867924528301887
cook,some,1,27,530,0.0018867924528301887
cook,cook,1,28,530,0.0018867924528301887
cook,dinner,1,29,530,0.0018867924528301887
cook,grandma,1,30,530,0.0018867924528301887
cook,cooky,1,31,530,0.0018867924528301887
move,you,125,1,524,0.2385496183206107
move,i,94,2,524,0.17938931297709923
move,we,64,3,524,0.12213740458015267
move,it,49,4,524,0.09351145038167939
move,us,44,5,524,0.08396946564885496
move,he,29,6,524,0.05534351145038168
move,mommy,14,7,524,0.026717557251908396
move,they,13,8,524,0.02480916030534351
move,head,7,9,524,0.013358778625954198
move,she,7,10,524,0.013358778625954198
move,eye,7,11,524,0.013358778625954198
move,that,5,12,524,0.009541984732824428
move,mummy,5,13,524,0.009541984732824428
move,lemme,4,14,524,0.007633587786259542
move,this,2,15,524,0.003816793893129771
move,jeremy,2,16,524,0.003816793893129771
move,evan,2,17,524,0.003816793893129771
move,jessica,2,18,524,0.003816793893129771
move,needle,2,19,524,0.003816793893129771
move,car,2,20,524,0.003816793893129771
move,chair,2,21,524,0.003816793893129771
move,go,2,22,524,0.003816793893129771
move,daddy,2,23,524,0.003816793893129771
move,no,2,24,524,0.003816793893129771
move,foot,2,25,524,0.003816793893129771
move,one,2,26,524,0.003816793893129771
move,something,1,27,524,0.0019083969465648854
move,wind,1,28,524,0.0019083969465648854
move,mommy'll,1,29,524,0.0019083969465648854
move,help,1,30,524,0.0019083969465648854
move,wing,1,31,524,0.0019083969465648854
move,tractor,1,32,524,0.0019083969465648854
move,shannon,1,33,524,0.0019083969465648854
move,animal,1,34,524,0.0019083969465648854
move,light,1,35,524,0.0019083969465648854
move,tree,1,36,524,0.0019083969465648854
move,toe,1,37,524,0.0019083969465648854
move,hat,1,38,524,0.0019083969465648854
move,sloth,1,39,524,0.0019083969465648854
move,eyeball,1,40,524,0.0019083969465648854
move,some,1,41,524,0.0019083969465648854
move,wanna,1,42,524,0.0019083969465648854
move,lizzie,1,43,524,0.0019083969465648854
move,wheel,1,44,524,0.0019083969465648854
move,tail,1,45,524,0.0019083969465648854
move,button,1,46,524,0.0019083969465648854
move,hasta,1,47,524,0.0019083969465648854
move,guy,1,48,524,0.0019083969465648854
move,cow,1,49,524,0.0019083969465648854
move,bus,1,50,524,0.0019083969465648854
move,donut,1,51,524,0.0019083969465648854
move,table,1,52,524,0.0019083969465648854
move,phone,1,53,524,0.0019083969465648854
move,mr_brown,1,54,524,0.0019083969465648854
move,oop,1,55,524,0.0019083969465648854
move,mmm,1,56,524,0.0019083969465648854
move,ramona,1,57,524,0.0019083969465648854
move,baby,1,58,524,0.0019083969465648854
move,hand,1,59,524,0.0019083969465648854
drink,you,233,1,511,0.45596868884540115
drink,she,46,2,511,0.09001956947162426
drink,he,45,3,511,0.08806262230919765
drink,i,38,4,511,0.07436399217221135
drink,baby,23,5,511,0.04500978473581213
drink,we,23,6,511,0.04500978473581213
drink,wanna,14,7,511,0.0273972602739726
drink,who,13,8,511,0.025440313111545987
drink,mommy,9,9,511,0.01761252446183953
drink,daddy,7,10,511,0.0136986301369863
drink,they,4,11,511,0.007827788649706457
drink,nina,4,12,511,0.007827788649706457
drink,firstname,4,13,511,0.007827788649706457
drink,ya,3,14,511,0.005870841487279843
drink,us,3,15,511,0.005870841487279843
drink,fraser,3,16,511,0.005870841487279843
drink,laura,2,17,511,0.003913894324853229
drink,fuzzy_tail_lamb,2,18,511,0.003913894324853229
drink,piglet,2,19,511,0.003913894324853229
drink,eve,2,20,511,0.003913894324853229
drink,sarah,2,21,511,0.003913894324853229
drink,danny,2,22,511,0.003913894324853229
drink,kitty,2,23,511,0.003913894324853229
drink,kitty_cat,2,24,511,0.003913894324853229
drink,it,2,25,511,0.003913894324853229
drink,needta,1,26,511,0.0019569471624266144
drink,some,1,27,511,0.0019569471624266144
drink,pooh_bear,1,28,511,0.0019569471624266144
drink,timmy,1,29,511,0.0019569471624266144
drink,fuzzy_little_tail_lamb,1,30,511,0.0019569471624266144
drink,cow,1,31,511,0.0019569471624266144
drink,sister,1,32,511,0.0019569471624266144
drink,people,1,33,511,0.0019569471624266144
drink,bear,1,34,511,0.0019569471624266144
drink,woo,1,35,511,0.0019569471624266144
drink,monkey,1,36,511,0.0019569471624266144
drink,anybody,1,37,511,0.0019569471624266144
drink,soda,1,38,511,0.0019569471624266144
drink,ellen,1,39,511,0.0019569471624266144
drink,polly,1,40,511,0.0019569471624266144
drink,no,1,41,511,0.0019569471624266144
drink,up,1,42,511,0.0019569471624266144
drink,anne,1,43,511,0.0019569471624266144
drink,mommy'll,1,44,511,0.0019569471624266144
drink,mama,1,45,511,0.0019569471624266144
drink,ann,1,46,511,0.0019569471624266144
work,it,185,1,506,0.36561264822134387
work,that,92,2,506,0.18181818181818182
work,you,36,3,506,0.07114624505928854
work,this,32,4,506,0.06324110671936758
work,we,27,5,506,0.0533596837944664
work,i,16,6,506,0.03162055335968379
work,he,15,7,506,0.029644268774703556
work,they,13,8,506,0.025691699604743084
work,one,10,9,506,0.019762845849802372
work,she,9,10,506,0.017786561264822136
work,daddy,6,11,506,0.011857707509881422
work,thing,5,12,506,0.009881422924901186
work,button,4,13,506,0.007905138339920948
work,who,3,14,506,0.005928853754940711
work,cup,3,15,506,0.005928853754940711
work,switch,3,16,506,0.005928853754940711
work,light,2,17,506,0.003952569169960474
work,shoe,2,18,506,0.003952569169960474
work,car,2,19,506,0.003952569169960474
work,both,2,20,506,0.003952569169960474
work,lots_of,2,21,506,0.003952569169960474
work,door,1,22,506,0.001976284584980237
work,people,1,23,506,0.001976284584980237
work,man,1,24,506,0.001976284584980237
work,lid,1,25,506,0.001976284584980237
work,everything,1,26,506,0.001976284584980237
work,pause,1,27,506,0.001976284584980237
work,wanna,1,28,506,0.001976284584980237
work,rabbit,1,29,506,0.001976284584980237
work,taperecorder,1,30,506,0.001976284584980237
work,handle,1,31,506,0.001976284584980237
work,oname,1,32,506,0.001976284584980237
work,somebody,1,33,506,0.001976284584980237
work,bubble,1,34,506,0.001976284584980237
work,bowl,1,35,506,0.001976284584980237
work,timer,1,36,506,0.001976284584980237
work,hadta,1,37,506,0.001976284584980237
work,a_lot_of,1,38,506,0.001976284584980237
work,d,1,39,506,0.001976284584980237
work,tomlinson,1,40,506,0.001976284584980237
work,two,1,41,506,0.001976284584980237
work,sun,1,42,506,0.001976284584980237
work,dad,1,43,506,0.001976284584980237
work,brush,1,44,506,0.001976284584980237
work,medicine,1,45,506,0.001976284584980237
work,plug,1,46,506,0.001976284584980237
work,eye,1,47,506,0.001976284584980237
work,some,1,48,506,0.001976284584980237
work,lady,1,49,506,0.001976284584980237
work,wheel,1,50,506,0.001976284584980237
work,sposta,1,51,506,0.001976284584980237
work,its,1,52,506,0.001976284584980237
work,guy,1,53,506,0.001976284584980237
work,these,1,54,506,0.001976284584980237
work,dada,1,55,506,0.001976284584980237
work,puppet,1,56,506,0.001976284584980237
work,someone,1,57,506,0.001976284584980237
work,spoon,1,58,506,0.001976284584980237
stay,you,162,1,506,0.3201581027667984
stay,it,63,2,506,0.12450592885375494
stay,he,51,3,506,0.1007905138339921
stay,that,31,4,506,0.06126482213438735
stay,we,30,5,506,0.05928853754940711
stay,they,29,6,506,0.05731225296442688
stay,piggy,21,7,506,0.041501976284584984
stay,us,16,8,506,0.03162055335968379
stay,i,11,9,506,0.021739130434782608
stay,one,11,10,506,0.021739130434782608
stay,hasta,6,11,506,0.011857707509881422
stay,she,3,12,506,0.005928853754940711
stay,those,3,13,506,0.005928853754940711
stay,glass,3,14,506,0.005928853754940711
stay,dog,3,15,506,0.005928853754940711
stay,laura,2,16,506,0.003952569169960474
stay,little,2,17,506,0.003952569169960474
stay,microphone,2,18,506,0.003952569169960474
stay,animal,2,19,506,0.003952569169960474
stay,guy,2,20,506,0.003952569169960474
stay,piggie,2,21,506,0.003952569169960474
stay,eat,2,22,506,0.003952569169960474
stay,daddy,2,23,506,0.003952569169960474
stay,mommy,2,24,506,0.003952569169960474
stay,tray,2,25,506,0.003952569169960474
stay,door,1,26,506,0.001976284584980237
stay,cat,1,27,506,0.001976284584980237
stay,kwww,1,28,506,0.001976284584980237
stay,nwww,1,29,506,0.001976284584980237
stay,bowl,1,30,506,0.001976284584980237
stay,nala,1,31,506,0.001976284584980237
stay,doggie,1,32,506,0.001976284584980237
stay,binkie,1,33,506,0.001976284584980237
stay,stuff,1,34,506,0.001976284584980237
stay,rabbit,1,35,506,0.001976284584980237
stay,thing,1,36,506,0.001976284584980237
stay,sink,1,37,506,0.001976284584980237
stay,ducky,1,38,506,0.001976284584980237
stay,pig,1,39,506,0.001976284584980237
stay,cassie,1,40,506,0.001976284584980237
stay,noah,1,41,506,0.001976284584980237
stay,brother,1,42,506,0.001976284584980237
stay,froggie,1,43,506,0.001976284584980237
stay,chris,1,44,506,0.001976284584980237
stay,mommy'll,1,45,506,0.001976284584980237
stay,whoop,1,46,506,0.001976284584980237
stay,johnnie,1,47,506,0.001976284584980237
stay,eye,1,48,506,0.001976284584980237
stay,girl,1,49,506,0.001976284584980237
stay,what,1,50,506,0.001976284584980237
stay,kalie,1,51,506,0.001976284584980237
stay,this,1,52,506,0.001976284584980237
stay,hadta,1,53,506,0.001976284584980237
stay,ya,1,54,506,0.001976284584980237
stay,arran,1,55,506,0.001976284584980237
stay,car,1,56,506,0.001976284584980237
stay,toothpaste,1,57,506,0.001976284584980237
stay,chef,1,58,506,0.001976284584980237
stay,↓e↑va,1,59,506,0.001976284584980237
stay,dadaw,1,60,506,0.001976284584980237
stay,moo,1,61,506,0.001976284584980237
stay,rain,1,62,506,0.001976284584980237
stay,hafta,1,63,506,0.001976284584980237
stay,needta,1,64,506,0.001976284584980237
stay,part,1,65,506,0.001976284584980237
stay,pg,1,66,506,0.001976284584980237
stay,nea,1,67,506,0.001976284584980237
stay,dress,1,68,506,0.001976284584980237
pull,you,257,1,501,0.5129740518962076
pull,i,52,2,501,0.10379241516966067
pull,we,41,3,501,0.08183632734530938
pull,us,30,4,501,0.059880239520958084
pull,wanna,11,5,501,0.021956087824351298
pull,no,11,6,501,0.021956087824351298
pull,he,9,7,501,0.017964071856287425
pull,they,8,8,501,0.015968063872255488
pull,she,7,9,501,0.013972055888223553
pull,horse,5,10,501,0.00998003992015968
pull,engine,4,11,501,0.007984031936127744
pull,horsie,3,12,501,0.005988023952095809
pull,mommy,3,13,501,0.005988023952095809
pull,this,3,14,501,0.005988023952095809
pull,mummy,3,15,501,0.005988023952095809
pull,lois,2,16,501,0.003992015968063872
pull,pant,2,17,501,0.003992015968063872
pull,pooh,2,18,501,0.003992015968063872
pull,daddy,2,19,501,0.003992015968063872
pull,it,2,20,501,0.003992015968063872
pull,nomi,2,21,501,0.003992015968063872
pull,who,2,22,501,0.003992015968063872
pull,train,2,23,501,0.003992015968063872
pull,h,2,24,501,0.003992015968063872
pull,zip,2,25,501,0.003992015968063872
pull,dog,1,26,501,0.001996007984031936
pull,awoh,1,27,501,0.001996007984031936
pull,farmer,1,28,501,0.001996007984031936
pull,doggie,1,29,501,0.001996007984031936
pull,lemme,1,30,501,0.001996007984031936
pull,daddy'll,1,31,501,0.001996007984031936
pull,someone,1,32,501,0.001996007984031936
pull,rhino,1,33,501,0.001996007984031936
pull,tree,1,34,501,0.001996007984031936
pull,mom,1,35,501,0.001996007984031936
pull,wilson,1,36,501,0.001996007984031936
pull,chicken,1,37,501,0.001996007984031936
pull,do,1,38,501,0.001996007984031936
pull,whoop,1,39,501,0.001996007984031936
pull,what,1,40,501,0.001996007984031936
pull,man,1,41,501,0.001996007984031936
pull,somebody,1,42,501,0.001996007984031936
pull,alistair,1,43,501,0.001996007984031936
pull,girl,1,44,501,0.001996007984031936
pull,ear,1,45,501,0.001996007984031936
pull,skirt,1,46,501,0.001996007984031936
pull,mo,1,47,501,0.001996007984031936
pull,°,1,48,501,0.001996007984031936
pull,toy,1,49,501,0.001996007984031936
pull,trevor,1,50,501,0.001996007984031936
pull,sock,1,51,501,0.001996007984031936
pull,gran,1,52,501,0.001996007984031936
pull,gordon,1,53,501,0.001996007984031936
pull,lookee,1,54,501,0.001996007984031936
pull,zipper,1,55,501,0.001996007984031936
pull,rom,1,56,501,0.001996007984031936
pull,ew,1,57,501,0.001996007984031936
pull,group,1,58,501,0.001996007984031936
pull,tan,1,59,501,0.001996007984031936
leave,you,130,1,484,0.26859504132231404
leave,we,130,2,484,0.26859504132231404
leave,i,60,3,484,0.12396694214876033
leave,us,31,4,484,0.0640495867768595
leave,he,15,5,484,0.030991735537190084
leave,she,14,6,484,0.028925619834710745
leave,daddy,14,7,484,0.028925619834710745
leave,mommy,11,8,484,0.022727272727272728
leave,foot,10,9,484,0.02066115702479339
leave,they,7,10,484,0.014462809917355372
leave,needta,4,11,484,0.008264462809917356
leave,who,3,12,484,0.006198347107438017
leave,jeremy,3,13,484,0.006198347107438017
leave,two,2,14,484,0.004132231404958678
leave,wanna,2,15,484,0.004132231404958678
leave,jane,2,16,484,0.004132231404958678
leave,mama,2,17,484,0.004132231404958678
leave,george,2,18,484,0.004132231404958678
leave,samuel,2,19,484,0.004132231404958678
leave,none,2,20,484,0.004132231404958678
leave,penguin,2,21,484,0.004132231404958678
leave,juice,1,22,484,0.002066115702479339
leave,laura,1,23,484,0.002066115702479339
leave,honey,1,24,484,0.002066115702479339
leave,jacob,1,25,484,0.002066115702479339
leave,steve,1,26,484,0.002066115702479339
leave,somebody,1,27,484,0.002066115702479339
leave,piece,1,28,484,0.002066115702479339
leave,hadta,1,29,484,0.002066115702479339
leave,pat,1,30,484,0.002066115702479339
leave,cromer,1,31,484,0.002066115702479339
leave,nobody,1,32,484,0.002066115702479339
leave,cow,1,33,484,0.002066115702479339
leave,michael,1,34,484,0.002066115702479339
leave,page,1,35,484,0.002066115702479339
leave,cook,1,36,484,0.002066115702479339
leave,katie,1,37,484,0.002066115702479339
leave,liam,1,38,484,0.002066115702479339
leave,adi,1,39,484,0.002066115702479339
leave,rachel,1,40,484,0.002066115702479339
leave,sauce,1,41,484,0.002066115702479339
leave,pea,1,42,484,0.002066115702479339
leave,finley,1,43,484,0.002066115702479339
leave,darling,1,44,484,0.002066115702479339
leave,sweetie,1,45,484,0.002066115702479339
leave,cowen,1,46,484,0.002066115702479339
leave,mummy,1,47,484,0.002066115702479339
leave,milk,1,48,484,0.002066115702479339
leave,tess,1,49,484,0.002066115702479339
leave,°,1,50,484,0.002066115702479339
leave,bean,1,51,484,0.002066115702479339
leave,eva,1,52,484,0.002066115702479339
leave,jason,1,53,484,0.002066115702479339
leave,it,1,54,484,0.002066115702479339
leave,dinner,1,55,484,0.002066115702479339
leave,lorna,1,56,484,0.002066115702479339
leave,mom,1,57,484,0.002066115702479339
let,you,109,1,473,0.23044397463002114
let,i,85,2,473,0.17970401691331925
let,we,52,3,473,0.10993657505285412
let,us,33,4,473,0.06976744186046512
let,h,16,5,473,0.03382663847780127
let,it,12,6,473,0.02536997885835095
let,she,8,7,473,0.016913319238900635
let,he,8,8,473,0.016913319238900635
let,mommy,7,9,473,0.014799154334038054
let,op,6,10,473,0.012684989429175475
let,that,6,11,473,0.012684989429175475
let,daddy,5,12,473,0.010570824524312896
let,what,5,13,473,0.010570824524312896
let,wanna,3,14,473,0.006342494714587738
let,one,3,15,473,0.006342494714587738
let,+,3,16,473,0.006342494714587738
let,honey,3,17,473,0.006342494714587738
let,°,3,18,473,0.006342494714587738
let,firstname,3,19,473,0.006342494714587738
let,they,2,20,473,0.004228329809725159
let,beep,2,21,473,0.004228329809725159
let,brandon,2,22,473,0.004228329809725159
let,kiana,2,23,473,0.004228329809725159
let,matthew,2,24,473,0.004228329809725159
let,on_the_farm,2,25,473,0.004228329809725159
let,mama,2,26,473,0.004228329809725159
let,sally,2,27,473,0.004228329809725159
let,salley,2,28,473,0.004228329809725159
let,travis,2,29,473,0.004228329809725159
let,mummy,2,30,473,0.004228329809725159
let,gra,2,31,473,0.004228329809725159
let,whoop,1,32,473,0.0021141649048625794
let,key,1,33,473,0.0021141649048625794
let,kind,1,34,473,0.0021141649048625794
let,hello,1,35,473,0.0021141649048625794
let,car,1,36,473,0.0021141649048625794
let,eric,1,37,473,0.0021141649048625794
let,trainman,1,38,473,0.0021141649048625794
let,paper,1,39,473,0.0021141649048625794
let,this,1,40,473,0.0021141649048625794
let,everybody,1,41,473,0.0021141649048625794
let,kitty,1,42,473,0.0021141649048625794
let,eve,1,43,473,0.0021141649048625794
let,no,1,44,473,0.0021141649048625794
let,mmm,1,45,473,0.0021141649048625794
let,meagan,1,46,473,0.0021141649048625794
let,kayla,1,47,473,0.0021141649048625794
let,brittney,1,48,473,0.0021141649048625794
let,mom,1,49,473,0.0021141649048625794
let,grandpa,1,50,473,0.0021141649048625794
let,//.,1,51,473,0.0021141649048625794
let,stefan,1,52,473,0.0021141649048625794
let,girl,1,53,473,0.0021141649048625794
let,yeh,1,54,473,0.0021141649048625794
let,ross,1,55,473,0.0021141649048625794
let,laurie,1,56,473,0.0021141649048625794
let,jane,1,57,473,0.0021141649048625794
let,nathan,1,58,473,0.0021141649048625794
let,grandma,1,59,473,0.0021141649048625794
let,liam,1,60,473,0.0021141649048625794
let,symphony,1,61,473,0.0021141649048625794
let,megan,1,62,473,0.0021141649048625794
let,brittany,1,63,473,0.0021141649048625794
let,page,1,64,473,0.0021141649048625794
let,a,1,65,473,0.0021141649048625794
let,nomi,1,66,473,0.0021141649048625794
let,w,1,67,473,0.0021141649048625794
let,nina,1,68,473,0.0021141649048625794
let,lion,1,69,473,0.0021141649048625794
let,fi,1,70,473,0.0021141649048625794
let,rro,1,71,473,0.0021141649048625794
let,whee,1,72,473,0.0021141649048625794
let,okey_dokes,1,73,473,0.0021141649048625794
let,potato,1,74,473,0.0021141649048625794
let,freya,1,75,473,0.0021141649048625794
let,piggy,1,76,473,0.0021141649048625794
let,home,1,77,473,0.0021141649048625794
let,luca,1,78,473,0.0021141649048625794
let,argh,1,79,473,0.0021141649048625794
let,love,1,80,473,0.0021141649048625794
let,d,1,81,473,0.0021141649048625794
let,∆no,1,82,473,0.0021141649048625794
let,something,1,83,473,0.0021141649048625794
let,paint,1,84,473,0.0021141649048625794
let,shoe,1,85,473,0.0021141649048625794
let,truck,1,86,473,0.0021141649048625794
let,whose,1,87,473,0.0021141649048625794
let,ernie,1,88,473,0.0021141649048625794
let,ball,1,89,473,0.0021141649048625794
let,laugh,1,90,473,0.0021141649048625794
let,cha,1,91,473,0.0021141649048625794
let,dup,1,92,473,0.0021141649048625794
let,lookee,1,93,473,0.0021141649048625794
let,mahmaw,1,94,473,0.0021141649048625794
let,sis,1,95,473,0.0021141649048625794
let,oop,1,96,473,0.0021141649048625794
let,bro,1,97,473,0.0021141649048625794
let,dada,1,98,473,0.0021141649048625794
let,jon,1,99,473,0.0021141649048625794
let,wld,1,100,473,0.0021141649048625794
let,byron,1,101,473,0.0021141649048625794
let,some,1,102,473,0.0021141649048625794
let,hon,1,103,473,0.0021141649048625794
let,sec,1,104,473,0.0021141649048625794
let,benjamin,1,105,473,0.0021141649048625794
let,edena,1,106,473,0.0021141649048625794
let,errol,1,107,473,0.0021141649048625794
let,toy,1,108,473,0.0021141649048625794
let,mouth,1,109,473,0.0021141649048625794
let,ya,1,110,473,0.0021141649048625794
feed,you,208,1,460,0.45217391304347826
feed,we,93,2,460,0.20217391304347826
feed,i,36,3,460,0.0782608695652174
feed,wanna,30,4,460,0.06521739130434782
feed,she,23,5,460,0.05
feed,us,21,6,460,0.04565217391304348
feed,he,7,7,460,0.015217391304347827
feed,mommy,6,8,460,0.013043478260869565
feed,baby,5,9,460,0.010869565217391304
feed,they,4,10,460,0.008695652173913044
feed,daddy,4,11,460,0.008695652173913044
feed,ya,1,12,460,0.002173913043478261
feed,husband,1,13,460,0.002173913043478261
feed,someone,1,14,460,0.002173913043478261
feed,chair,1,15,460,0.002173913043478261
feed,somebody,1,16,460,0.002173913043478261
feed,wannna,1,17,460,0.002173913043478261
feed,brother,1,18,460,0.002173913043478261
feed,mama,1,19,460,0.002173913043478261
feed,farmer,1,20,460,0.002173913043478261
feed,doggie,1,21,460,0.002173913043478261
feed,their,1,22,460,0.002173913043478261
feed,friend,1,23,460,0.002173913043478261
feed,sandra,1,24,460,0.002173913043478261
feed,that,1,25,460,0.002173913043478261
feed,finish,1,26,460,0.002173913043478261
feed,granny,1,27,460,0.002173913043478261
feed,girl,1,28,460,0.002173913043478261
feed,bang,1,29,460,0.002173913043478261
feed,∙hhh,1,30,460,0.002173913043478261
feed,mummy,1,31,460,0.002173913043478261
feed,num,1,32,460,0.002173913043478261
feed,firstname,1,33,460,0.002173913043478261
feed,it,1,34,460,0.002173913043478261
feel,you,164,1,454,0.36123348017621143
feel,that,62,2,454,0.13656387665198239
feel,i,51,3,454,0.11233480176211454
feel,it,44,4,454,0.09691629955947137
feel,he,27,5,454,0.05947136563876652
feel,she,15,6,454,0.03303964757709251
feel,they,13,7,454,0.028634361233480177
feel,we,8,8,454,0.01762114537444934
feel,lemme,6,9,454,0.013215859030837005
feel,ya,5,10,454,0.011013215859030838
feel,judy,4,11,454,0.00881057268722467
feel,wanna,4,12,454,0.00881057268722467
feel,baby,3,13,454,0.006607929515418502
feel,tooth,3,14,454,0.006607929515418502
feel,mommy,3,15,454,0.006607929515418502
feel,tummy,2,16,454,0.004405286343612335
feel,danny,2,17,454,0.004405286343612335
feel,one,2,18,454,0.004405286343612335
feel,this,2,19,454,0.004405286343612335
feel,hair,2,20,454,0.004405286343612335
feel,kitty,2,21,454,0.004405286343612335
feel,dor,2,22,454,0.004405286343612335
feel,lookee,2,23,454,0.004405286343612335
feel,face,1,24,454,0.0022026431718061676
feel,these,1,25,454,0.0022026431718061676
feel,diaper,1,26,454,0.0022026431718061676
feel,youse,1,27,454,0.0022026431718061676
feel,something,1,28,454,0.0022026431718061676
feel,hand,1,29,454,0.0022026431718061676
feel,nose,1,30,454,0.0022026431718061676
feel,carrot,1,31,454,0.0022026431718061676
feel,elmo,1,32,454,0.0022026431718061676
feel,nina,1,33,454,0.0022026431718061676
feel,blanket,1,34,454,0.0022026431718061676
feel,grandma,1,35,454,0.0022026431718061676
feel,leaf,1,36,454,0.0022026431718061676
feel,back,1,37,454,0.0022026431718061676
feel,daddy,1,38,454,0.0022026431718061676
feel,mummy,1,39,454,0.0022026431718061676
feel,darling,1,40,454,0.0022026431718061676
feel,herself,1,41,454,0.0022026431718061676
feel,brain,1,42,454,0.0022026431718061676
feel,hip,1,43,454,0.0022026431718061676
feel,fuzzy,1,44,454,0.0022026431718061676
feel,duck,1,45,454,0.0022026431718061676
feel,us,1,46,454,0.0022026431718061676
feel,ew,1,47,454,0.0022026431718061676
feel,train,1,48,454,0.0022026431718061676
feel,no,1,49,454,0.0022026431718061676
build,you,131,1,445,0.2943820224719101
build,we,104,2,445,0.23370786516853934
build,i,51,3,445,0.1146067415730337
build,us,44,4,445,0.09887640449438202
build,he,20,5,445,0.0449438202247191
build,mommy,19,6,445,0.04269662921348315
build,they,12,7,445,0.02696629213483146
build,wanna,12,8,445,0.02696629213483146
build,she,6,9,445,0.01348314606741573
build,mummy,6,10,445,0.01348314606741573
build,who,4,11,445,0.008988764044943821
build,one,3,12,445,0.006741573033707865
build,ya,2,13,445,0.0044943820224719105
build,pg,2,14,445,0.0044943820224719105
build,boy,2,15,445,0.0044943820224719105
build,mama,2,16,445,0.0044943820224719105
build,mammy,2,17,445,0.0044943820224719105
build,carl,2,18,445,0.0044943820224719105
build,warren,2,19,445,0.0044943820224719105
build,people,1,20,445,0.0022471910112359553
build,babysitter,1,21,445,0.0022471910112359553
build,eric,1,22,445,0.0022471910112359553
build,lemme,1,23,445,0.0022471910112359553
build,henry,1,24,445,0.0022471910112359553
build,someone,1,25,445,0.0022471910112359553
build,that,1,26,445,0.0022471910112359553
build,pippin,1,27,445,0.0022471910112359553
build,child,1,28,445,0.0022471910112359553
build,somebody,1,29,445,0.0022471910112359553
build,horsie,1,30,445,0.0022471910112359553
build,anything,1,31,445,0.0022471910112359553
build,mom,1,32,445,0.0022471910112359553
build,dad,1,33,445,0.0022471910112359553
build,mummy'll,1,34,445,0.0022471910112359553
build,it,1,35,445,0.0022471910112359553
build,firstname,1,36,445,0.0022471910112359553
build,daddy,1,37,445,0.0022471910112359553
build,mey,1,38,445,0.0022471910112359553
keep,you,161,1,441,0.36507936507936506
keep,we,59,2,441,0.13378684807256236
keep,i,53,3,441,0.12018140589569161
keep,he,32,4,441,0.07256235827664399
keep,she,23,5,441,0.05215419501133787
keep,it,16,6,441,0.036281179138321996
keep,they,16,7,441,0.036281179138321996
keep,us,13,8,441,0.02947845804988662
keep,that,10,9,441,0.022675736961451247
keep,wanna,4,10,441,0.009070294784580499
keep,this,2,11,441,0.0045351473922902496
keep,daddy,2,12,441,0.0045351473922902496
keep,one,2,13,441,0.0045351473922902496
keep,these,2,14,441,0.0045351473922902496
keep,recorder,1,15,441,0.0022675736961451248
keep,mommy,1,16,441,0.0022675736961451248
keep,angel,1,17,441,0.0022675736961451248
keep,star,1,18,441,0.0022675736961451248
keep,alphabet,1,19,441,0.0022675736961451248
keep,sister,1,20,441,0.0022675736961451248
keep,somebody,1,21,441,0.0022675736961451248
keep,people,1,22,441,0.0022675736961451248
keep,fence,1,23,441,0.0022675736961451248
keep,orange,1,24,441,0.0022675736961451248
keep,wheel,1,25,441,0.0022675736961451248
keep,block,1,26,441,0.0022675736961451248
keep,mommy'll,1,27,441,0.0022675736961451248
keep,towel,1,28,441,0.0022675736961451248
keep,soap,1,29,441,0.0022675736961451248
keep,cann't,1,30,441,0.0022675736961451248
keep,house,1,31,441,0.0022675736961451248
keep,carry,1,32,441,0.0022675736961451248
keep,gucky,1,33,441,0.0022675736961451248
keep,drawer,1,34,441,0.0022675736961451248
keep,thing,1,35,441,0.0022675736961451248
keep,carpet,1,36,441,0.0022675736961451248
keep,hafta,1,37,441,0.0022675736961451248
keep,carrot,1,38,441,0.0022675736961451248
keep,carrots,1,39,441,0.0022675736961451248
keep,animal,1,40,441,0.0022675736961451248
keep,broom,1,41,441,0.0022675736961451248
keep,cowen,1,42,441,0.0022675736961451248
keep,mummy,1,43,441,0.0022675736961451248
keep,puppy,1,44,441,0.0022675736961451248
keep,boy,1,45,441,0.0022675736961451248
keep,popper,1,46,441,0.0022675736961451248
keep,zachie,1,47,441,0.0022675736961451248
keep,ella,1,48,441,0.0022675736961451248
keep,do:::wn,1,49,441,0.0022675736961451248
keep,baby,1,50,441,0.0022675736961451248
keep,squonk,1,51,441,0.0022675736961451248
keep,glove,1,52,441,0.0022675736961451248
keep,laura,1,53,441,0.0022675736961451248
keep,mummie,1,54,441,0.0022675736961451248
keep,honey,1,55,441,0.0022675736961451248
keep,job,1,56,441,0.0022675736961451248
keep,truck,1,57,441,0.0022675736961451248
keep,sarah,1,58,441,0.0022675736961451248
keep,bear,1,59,441,0.0022675736961451248
keep,sunshine,1,60,441,0.0022675736961451248
blow,you,210,1,421,0.498812351543943
blow,i,56,2,421,0.1330166270783848
blow,we,25,3,421,0.05938242280285035
blow,wind,14,4,421,0.0332541567695962
blow,daddy,14,5,421,0.0332541567695962
blow,he,13,6,421,0.030878859857482184
blow,mommy,12,7,421,0.028503562945368172
blow,it,10,8,421,0.023752969121140142
blow,us,9,9,421,0.021377672209026127
blow,lion,7,10,421,0.0166270783847981
blow,elephant,7,11,421,0.0166270783847981
blow,she,5,12,421,0.011876484560570071
blow,monkey,3,13,421,0.007125890736342043
blow,that,3,14,421,0.007125890736342043
blow,nose,3,15,421,0.007125890736342043
blow,breeze,2,16,421,0.004750593824228029
blow,cname,2,17,421,0.004750593824228029
blow,sheep,2,18,421,0.004750593824228029
blow,winnie,2,19,421,0.004750593824228029
blow,horn,2,20,421,0.004750593824228029
blow,brody,1,21,421,0.0023752969121140144
blow,leaf,1,22,421,0.0023752969121140144
blow,who,1,23,421,0.0023752969121140144
blow,mama,1,24,421,0.0023752969121140144
blow,chicken,1,25,421,0.0023752969121140144
blow,they,1,26,421,0.0023752969121140144
blow,mommy'll,1,27,421,0.0023752969121140144
blow,wanna,1,28,421,0.0023752969121140144
blow,sally,1,29,421,0.0023752969121140144
blow,tree,1,30,421,0.0023752969121140144
blow,hasta,1,31,421,0.0023752969121140144
blow,hat,1,32,421,0.0023752969121140144
blow,gust,1,33,421,0.0023752969121140144
blow,joanna,1,34,421,0.0023752969121140144
blow,mummum,1,35,421,0.0023752969121140144
blow,mummy,1,36,421,0.0023752969121140144
blow,man,1,37,421,0.0023752969121140144
blow,phone,1,38,421,0.0023752969121140144
blow,turn,1,39,421,0.0023752969121140144
blow,fei,1,40,421,0.0023752969121140144
close,you,165,1,412,0.40048543689320387
close,we,58,2,412,0.1407766990291262
close,i,52,3,412,0.1262135922330097
close,it,36,4,412,0.08737864077669903
close,us,29,5,412,0.0703883495145631
close,door,11,6,412,0.02669902912621359
close,mommy,9,7,412,0.021844660194174758
close,that,6,8,412,0.014563106796116505
close,eye,6,9,412,0.014563106796116505
close,wanna,5,10,412,0.012135922330097087
close,she,5,11,412,0.012135922330097087
close,all,3,12,412,0.007281553398058253
close,no,3,13,412,0.007281553398058253
close,one,2,14,412,0.0048543689320388345
close,lemme,2,15,412,0.0048543689320388345
close,daddy,2,16,412,0.0048543689320388345
close,firstname,2,17,412,0.0048543689320388345
close,edena,2,18,412,0.0048543689320388345
close,ya,1,19,412,0.0024271844660194173
close,part,1,20,412,0.0024271844660194173
close,laura,1,21,412,0.0024271844660194173
close,someone,1,22,412,0.0024271844660194173
close,this,1,23,412,0.0024271844660194173
close,jamie,1,24,412,0.0024271844660194173
close,push,1,25,412,0.0024271844660194173
close,stairgate,1,26,412,0.0024271844660194173
close,he,1,27,412,0.0024271844660194173
close,carl,1,28,412,0.0024271844660194173
close,mummy'll,1,29,412,0.0024271844660194173
close,nah,1,30,412,0.0024271844660194173
close,bird,1,31,412,0.0024271844660194173
close,mom,1,32,412,0.0024271844660194173
sing,you,234,1,401,0.5835411471321695
sing,we,62,2,401,0.1546134663341646
sing,i,21,3,401,0.05236907730673317
sing,us,14,4,401,0.034912718204488775
sing,wanna,13,5,401,0.032418952618453865
sing,he,6,6,401,0.014962593516209476
sing,she,5,7,401,0.012468827930174564
sing,who,4,8,401,0.00997506234413965
sing,it,4,9,401,0.00997506234413965
sing,mommy,3,10,401,0.007481296758104738
sing,bird,3,11,401,0.007481296758104738
sing,man,3,12,401,0.007481296758104738
sing,that,2,13,401,0.004987531172069825
sing,mellason,2,14,401,0.004987531172069825
sing,they,2,15,401,0.004987531172069825
sing,carl,2,16,401,0.004987531172069825
sing,whatcha,2,17,401,0.004987531172069825
sing,laura,1,18,401,0.0024937655860349127
sing,jwww,1,19,401,0.0024937655860349127
sing,sister,1,20,401,0.0024937655860349127
sing,dyeisha,1,21,401,0.0024937655860349127
sing,elmo,1,22,401,0.0024937655860349127
sing,jenna,1,23,401,0.0024937655860349127
sing,finish,1,24,401,0.0024937655860349127
sing,hiho,1,25,401,0.0024937655860349127
sing,tucker,1,26,401,0.0024937655860349127
sing,dabee,1,27,401,0.0024937655860349127
sing,child,1,28,401,0.0024937655860349127
sing,birdie,1,29,401,0.0024937655860349127
sing,katherine,1,30,401,0.0024937655860349127
sing,ld,1,31,401,0.0024937655860349127
sing,∆shall,1,32,401,0.0024937655860349127
sing,ella,1,33,401,0.0024937655860349127
sing,granddad,1,34,401,0.0024937655860349127
sing,mey,1,35,401,0.0024937655860349127
sing,everybody,1,36,401,0.0024937655860349127
will,we,84,1,395,0.21265822784810126
will,i,81,2,395,0.20506329113924052
will,it,70,3,395,0.17721518987341772
will,you,60,4,395,0.1518987341772152
will,he,29,5,395,0.07341772151898734
will,they,23,6,395,0.05822784810126582
will,she,18,7,395,0.04556962025316456
will,that,6,8,395,0.015189873417721518
will,one,3,9,395,0.007594936708860759
will,mommy,3,10,395,0.007594936708860759
will,this,3,11,395,0.007594936708860759
will,mummy,2,12,395,0.005063291139240506
will,baby,1,13,395,0.002531645569620253
will,activity,1,14,395,0.002531645569620253
will,these,1,15,395,0.002531645569620253
will,daddy,1,16,395,0.002531645569620253
will,head,1,17,395,0.002531645569620253
will,dra,1,18,395,0.002531645569620253
will,pool,1,19,395,0.002531645569620253
will,door,1,20,395,0.002531645569620253
will,who,1,21,395,0.002531645569620253
will,°,1,22,395,0.002531645569620253
will,∙hh,1,23,395,0.002531645569620253
will,lady,1,24,395,0.002531645569620253
will,+,1,25,395,0.002531645569620253
walk,you,124,1,391,0.3171355498721228
walk,he,90,2,391,0.23017902813299232
walk,we,50,3,391,0.1278772378516624
walk,they,36,4,391,0.09207161125319693
walk,she,16,5,391,0.04092071611253197
walk,us,13,6,391,0.03324808184143223
walk,i,8,7,391,0.020460358056265986
walk,wanna,6,8,391,0.015345268542199489
walk,who,3,9,391,0.0076726342710997444
walk,bear,3,10,391,0.0076726342710997444
walk,baby,3,11,391,0.0076726342710997444
walk,mommy,2,12,391,0.005115089514066497
walk,people,2,13,391,0.005115089514066497
walk,pg,2,14,391,0.005115089514066497
walk,penguin,2,15,391,0.005115089514066497
walk,elephant,2,16,391,0.005115089514066497
walk,shoe,2,17,391,0.005115089514066497
walk,wheel,1,18,391,0.0025575447570332483
walk,mandy,1,19,391,0.0025575447570332483
walk,son,1,20,391,0.0025575447570332483
walk,guy,1,21,391,0.0025575447570332483
walk,cupcake,1,22,391,0.0025575447570332483
walk,cow,1,23,391,0.0025575447570332483
walk,all,1,24,391,0.0025575447570332483
walk,these,1,25,391,0.0025575447570332483
walk,it,1,26,391,0.0025575447570332483
walk,animal,1,27,391,0.0025575447570332483
walk,crab,1,28,391,0.0025575447570332483
walk,somebody,1,29,391,0.0025575447570332483
walk,arte,1,30,391,0.0025575447570332483
walk,her,1,31,391,0.0025575447570332483
walk,deer,1,32,391,0.0025575447570332483
walk,foot,1,33,391,0.0025575447570332483
walk,frog,1,34,391,0.0025575447570332483
walk,bird,1,35,391,0.0025575447570332483
walk,harvey,1,36,391,0.0025575447570332483
walk,which,1,37,391,0.0025575447570332483
walk,wee,1,38,391,0.0025575447570332483
walk,someone,1,39,391,0.0025575447570332483
walk,creole,1,40,391,0.0025575447570332483
walk,peter,1,41,391,0.0025575447570332483
walk,daddy,1,42,391,0.0025575447570332483
walk,em,1,43,391,0.0025575447570332483
walk,something,1,44,391,0.0025575447570332483
finish,you,192,1,389,0.493573264781491
finish,i,46,2,389,0.11825192802056556
finish,we,45,3,389,0.11568123393316196
finish,us,22,4,389,0.056555269922879174
finish,all,22,5,389,0.056555269922879174
finish,she,10,6,389,0.02570694087403599
finish,mommy,8,7,389,0.02056555269922879
finish,it,6,8,389,0.015424164524421594
finish,one,5,9,389,0.012853470437017995
finish,mama,4,10,389,0.010282776349614395
finish,wanna,4,11,389,0.010282776349614395
finish,mummy,3,12,389,0.007712082262210797
finish,he,2,13,389,0.005141388174807198
finish,they,2,14,389,0.005141388174807198
finish,lara,2,15,389,0.005141388174807198
finish,house,1,16,389,0.002570694087403599
finish,you_all,1,17,389,0.002570694087403599
finish,everyone,1,18,389,0.002570694087403599
finish,eve,1,19,389,0.002570694087403599
finish,guy,1,20,389,0.002570694087403599
finish,ross,1,21,389,0.002570694087403599
finish,daddy,1,22,389,0.002570694087403599
finish,daisy,1,23,389,0.002570694087403599
finish,boy,1,24,389,0.002570694087403599
finish,wee,1,25,389,0.002570694087403599
finish,your,1,26,389,0.002570694087403599
finish,love,1,27,389,0.002570694087403599
finish,▔,1,28,389,0.002570694087403599
finish,nice,1,29,389,0.002570694087403599
finish,elli,1,30,389,0.002570694087403599
finish,patsy,1,31,389,0.002570694087403599
fix,i,139,1,388,0.3582474226804124
fix,you,93,2,388,0.23969072164948454
fix,we,37,3,388,0.09536082474226804
fix,mommy,16,4,388,0.041237113402061855
fix,daddy,16,5,388,0.041237113402061855
fix,us,13,6,388,0.03350515463917526
fix,he,8,7,388,0.020618556701030927
fix,she,7,8,388,0.01804123711340206
fix,they,7,9,388,0.01804123711340206
fix,mama,5,10,388,0.01288659793814433
fix,mummy,4,11,388,0.010309278350515464
fix,that,4,12,388,0.010309278350515464
fix,carl,4,13,388,0.010309278350515464
fix,it,3,14,388,0.007731958762886598
fix,who,3,15,388,0.007731958762886598
fix,lemme,2,16,388,0.005154639175257732
fix,wanna,2,17,388,0.005154639175257732
fix,papa,2,18,388,0.005154639175257732
fix,mum,2,19,388,0.005154639175257732
fix,train,1,20,388,0.002577319587628866
fix,slide,1,21,388,0.002577319587628866
fix,jwww,1,22,388,0.002577319587628866
fix,sewing,1,23,388,0.002577319587628866
fix,needta,1,24,388,0.002577319587628866
fix,this,1,25,388,0.002577319587628866
fix,hasta,1,26,388,0.002577319587628866
fix,kathy,1,27,388,0.002577319587628866
fix,eve,1,28,388,0.002577319587628866
fix,papa'll,1,29,388,0.002577319587628866
fix,hafta,1,30,388,0.002577319587628866
fix,daddy'll,1,31,388,0.002577319587628866
fix,grandpa,1,32,388,0.002577319587628866
fix,battery,1,33,388,0.002577319587628866
fix,grandma,1,34,388,0.002577319587628866
fix,emily,1,35,388,0.002577319587628866
fix,mummy'll,1,36,388,0.002577319587628866
fix,mummie,1,37,388,0.002577319587628866
fix,firstname,1,38,388,0.002577319587628866
fix,shirt,1,39,388,0.002577319587628866
fix,string,1,40,388,0.002577319587628866
wear,you,111,1,384,0.2890625
wear,he,56,2,384,0.14583333333333334
wear,she,39,3,384,0.1015625
wear,i,32,4,384,0.08333333333333333
wear,mommy,17,5,384,0.044270833333333336
wear,who,15,6,384,0.0390625
wear,we,9,7,384,0.0234375
wear,they,8,8,384,0.020833333333333332
wear,baby,7,9,384,0.018229166666666668
wear,daddy,6,10,384,0.015625
wear,mummy,6,11,384,0.015625
wear,man,5,12,384,0.013020833333333334
wear,one,4,13,384,0.010416666666666666
wear,wanna,3,14,384,0.0078125
wear,firstname,3,15,384,0.0078125
wear,dad,3,16,384,0.0078125
wear,us,2,17,384,0.005208333333333333
wear,boy,2,18,384,0.005208333333333333
wear,eve,2,19,384,0.005208333333333333
wear,mrpotatohead,2,20,384,0.005208333333333333
wear,potato,2,21,384,0.005208333333333333
wear,mama,2,22,384,0.005208333333333333
wear,doctor,2,23,384,0.005208333333333333
wear,everybody,2,24,384,0.005208333333333333
wear,clown,2,25,384,0.005208333333333333
wear,animal,2,26,384,0.005208333333333333
wear,workman,2,27,384,0.005208333333333333
wear,novelty,1,28,384,0.0026041666666666665
wear,doll,1,29,384,0.0026041666666666665
wear,jennifer,1,30,384,0.0026041666666666665
wear,goat,1,31,384,0.0026041666666666665
wear,morgie,1,32,384,0.0026041666666666665
wear,grandma,1,33,384,0.0026041666666666665
wear,benjamin,1,34,384,0.0026041666666666665
wear,bear,1,35,384,0.0026041666666666665
wear,mom,1,36,384,0.0026041666666666665
wear,timmy,1,37,384,0.0026041666666666665
wear,pooh_bear,1,38,384,0.0026041666666666665
wear,maggie,1,39,384,0.0026041666666666665
wear,cromer,1,40,384,0.0026041666666666665
wear,snowman,1,41,384,0.0026041666666666665
wear,sarah,1,42,384,0.0026041666666666665
wear,grandad,1,43,384,0.0026041666666666665
wear,cname,1,44,384,0.0026041666666666665
wear,danny,1,45,384,0.0026041666666666665
wear,pooh,1,46,384,0.0026041666666666665
wear,nina,1,47,384,0.0026041666666666665
wear,testing,1,48,384,0.0026041666666666665
wear,elastic,1,49,384,0.0026041666666666665
wear,shirt,1,50,384,0.0026041666666666665
wear,fry,1,51,384,0.0026041666666666665
wear,eileen,1,52,384,0.0026041666666666665
wear,most,1,53,384,0.0026041666666666665
wear,monster,1,54,384,0.0026041666666666665
wear,mcnugget,1,55,384,0.0026041666666666665
wear,ring,1,56,384,0.0026041666666666665
wear,what,1,57,384,0.0026041666666666665
wear,girl,1,58,384,0.0026041666666666665
wear,people,1,59,384,0.0026041666666666665
wear,ted,1,60,384,0.0026041666666666665
wear,mouse,1,61,384,0.0026041666666666665
wear,little,1,62,384,0.0026041666666666665
wear,oughta,1,63,384,0.0026041666666666665
wear,mr_potato_head,1,64,384,0.0026041666666666665
wear,georgie,1,65,384,0.0026041666666666665
wash,you,111,1,383,0.2898172323759791
wash,i,62,2,383,0.1618798955613577
wash,we,53,3,383,0.13838120104438642
wash,us,22,4,383,0.057441253263707574
wash,mommy,20,5,383,0.05221932114882506
wash,he,15,6,383,0.0391644908616188
wash,hair,11,7,383,0.028720626631853787
wash,makka_pakka,7,8,383,0.018276762402088774
wash,lemme,6,9,383,0.015665796344647518
wash,wanna,6,10,383,0.015665796344647518
wash,it,6,11,383,0.015665796344647518
wash,hasta,5,12,383,0.013054830287206266
wash,face,4,13,383,0.010443864229765013
wash,daddy,4,14,383,0.010443864229765013
wash,she,3,15,383,0.007832898172323759
wash,who,3,16,383,0.007832898172323759
wash,this,3,17,383,0.007832898172323759
wash,that,3,18,383,0.007832898172323759
wash,daniel,3,19,383,0.007832898172323759
wash,mummy,3,20,383,0.007832898172323759
wash,roo,2,21,383,0.005221932114882507
wash,hafta,2,22,383,0.005221932114882507
wash,one,2,23,383,0.005221932114882507
wash,they,2,24,383,0.005221932114882507
wash,you_know,2,25,383,0.005221932114882507
wash,firstname,2,26,383,0.005221932114882507
wash,job,2,27,383,0.005221932114882507
wash,cup,1,28,383,0.0026109660574412533
wash,somebody,1,29,383,0.0026109660574412533
wash,hand,1,30,383,0.0026109660574412533
wash,mom,1,31,383,0.0026109660574412533
wash,waterloo,1,32,383,0.0026109660574412533
wash,sheep,1,33,383,0.0026109660574412533
wash,shampoo,1,34,383,0.0026109660574412533
wash,doggie,1,35,383,0.0026109660574412533
wash,bubble,1,36,383,0.0026109660574412533
wash,needta,1,37,383,0.0026109660574412533
wash,go,1,38,383,0.0026109660574412533
wash,no,1,39,383,0.0026109660574412533
wash,boy,1,40,383,0.0026109660574412533
wash,mummie,1,41,383,0.0026109660574412533
wash,car,1,42,383,0.0026109660574412533
wash,wash,1,43,383,0.0026109660574412533
wash,all,1,44,383,0.0026109660574412533
wash,kitty,1,45,383,0.0026109660574412533
wash,bunny,1,46,383,0.0026109660574412533
sleep,he,78,1,382,0.20418848167539266
sleep,baby,64,2,382,0.16753926701570682
sleep,she,59,3,382,0.1544502617801047
sleep,you,37,4,382,0.0968586387434555
sleep,they,28,5,382,0.07329842931937172
sleep,who,15,6,382,0.03926701570680628
sleep,i,10,7,382,0.02617801047120419
sleep,bunny,8,8,382,0.020942408376963352
sleep,danny,6,9,382,0.015706806282722512
sleep,nina,5,10,382,0.013089005235602094
sleep,it,4,11,382,0.010471204188481676
sleep,cow,4,12,382,0.010471204188481676
sleep,daddy,3,13,382,0.007853403141361256
sleep,hen,3,14,382,0.007853403141361256
sleep,we,3,15,382,0.007853403141361256
sleep,piggie,3,16,382,0.007853403141361256
sleep,rabbit,2,17,382,0.005235602094240838
sleep,man,2,18,382,0.005235602094240838
sleep,timmy,2,19,382,0.005235602094240838
sleep,kitty,2,20,382,0.005235602094240838
sleep,sister,2,21,382,0.005235602094240838
sleep,poohbear,2,22,382,0.005235602094240838
sleep,kitten,2,23,382,0.005235602094240838
sleep,boy,2,24,382,0.005235602094240838
sleep,moon,2,25,382,0.005235602094240838
sleep,horse,2,26,382,0.005235602094240838
sleep,pg,2,27,382,0.005235602094240838
sleep,dog,1,28,382,0.002617801047120419
sleep,swww,1,29,382,0.002617801047120419
sleep,mwww,1,30,382,0.002617801047120419
sleep,dad,1,31,382,0.002617801047120419
sleep,wanna,1,32,382,0.002617801047120419
sleep,potato,1,33,382,0.002617801047120419
sleep,carl,1,34,382,0.002617801047120419
sleep,one,1,35,382,0.002617801047120419
sleep,ducky,1,36,382,0.002617801047120419
sleep,sandy,1,37,382,0.002617801047120419
sleep,mommy,1,38,382,0.002617801047120419
sleep,georgie,1,39,382,0.002617801047120419
sleep,ann,1,40,382,0.002617801047120419
sleep,di,1,41,382,0.002617801047120419
sleep,papa,1,42,382,0.002617801047120419
sleep,jill,1,43,382,0.002617801047120419
sleep,mummy,1,44,382,0.002617801047120419
sleep,father,1,45,382,0.002617801047120419
sleep,teddy,1,46,382,0.002617801047120419
sleep,baba,1,47,382,0.002617801047120419
sleep,guy,1,48,382,0.002617801047120419
sleep,firstname,1,49,382,0.002617801047120419
sleep,what,1,50,382,0.002617801047120419
sleep,joey,1,51,382,0.002617801047120419
sleep,somebody,1,52,382,0.002617801047120419
sleep,bear,1,53,382,0.002617801047120419
sleep,birdie,1,54,382,0.002617801047120419
sleep,horsie,1,55,382,0.002617801047120419
sleep,ya,1,56,382,0.002617801047120419
sleep,doggy,1,57,382,0.002617801047120419
hurt,you,136,1,377,0.36074270557029176
hurt,it,80,2,377,0.21220159151193635
hurt,that,60,3,377,0.15915119363395225
hurt,he,19,4,377,0.050397877984084884
hurt,i,10,5,377,0.026525198938992044
hurt,what,8,6,377,0.021220159151193633
hurt,tooth,5,7,377,0.013262599469496022
hurt,she,5,8,377,0.013262599469496022
hurt,they,5,9,377,0.013262599469496022
hurt,nose,3,10,377,0.007957559681697613
hurt,ear,3,11,377,0.007957559681697613
hurt,foot,3,12,377,0.007957559681697613
hurt,one,2,13,377,0.005305039787798408
hurt,teethie,2,14,377,0.005305039787798408
hurt,floor,2,15,377,0.005305039787798408
hurt,rex,2,16,377,0.005305039787798408
hurt,door,1,17,377,0.002652519893899204
hurt,jwww,1,18,377,0.002652519893899204
hurt,knife,1,19,377,0.002652519893899204
hurt,orange,1,20,377,0.002652519893899204
hurt,apple,1,21,377,0.002652519893899204
hurt,eye,1,22,377,0.002652519893899204
hurt,hadta,1,23,377,0.002652519893899204
hurt,jacob,1,24,377,0.002652519893899204
hurt,hit,1,25,377,0.002652519893899204
hurt,mouthie,1,26,377,0.002652519893899204
hurt,whoa,1,27,377,0.002652519893899204
hurt,henry,1,28,377,0.002652519893899204
hurt,mouth,1,29,377,0.002652519893899204
hurt,stomach,1,30,377,0.002652519893899204
hurt,belly,1,31,377,0.002652519893899204
hurt,neck,1,32,377,0.002652519893899204
hurt,thing,1,33,377,0.002652519893899204
hurt,daddy,1,34,377,0.002652519893899204
hurt,shoe,1,35,377,0.002652519893899204
hurt,we,1,36,377,0.002652519893899204
hurt,us,1,37,377,0.002652519893899204
hurt,edward,1,38,377,0.002652519893899204
hurt,leg,1,39,377,0.002652519893899204
hurt,mummy,1,40,377,0.002652519893899204
hurt,thomas,1,41,377,0.002652519893899204
hurt,toe,1,42,377,0.002652519893899204
hurt,car,1,43,377,0.002652519893899204
hurt,spider,1,44,377,0.002652519893899204
hurt,this,1,45,377,0.002652519893899204
hurt,head,1,46,377,0.002652519893899204
hurt,your,1,47,377,0.002652519893899204
hurt,tummy,1,48,377,0.002652519893899204
pop,it,114,1,376,0.30319148936170215
pop,you,68,2,376,0.18085106382978725
pop,he,35,3,376,0.09308510638297872
pop,they,31,4,376,0.08244680851063829
pop,i,20,5,376,0.05319148936170213
pop,we,20,6,376,0.05319148936170213
pop,bubble,17,7,376,0.04521276595744681
pop,us,10,8,376,0.026595744680851064
pop,one,4,9,376,0.010638297872340425
pop,man,4,10,376,0.010638297872340425
pop,that,3,11,376,0.007978723404255319
pop,ear,2,12,376,0.005319148936170213
pop,monkey,2,13,376,0.005319148936170213
pop,lady,2,14,376,0.005319148936170213
pop,frog,2,15,376,0.005319148936170213
pop,chicken,2,16,376,0.005319148936170213
pop,what,2,17,376,0.005319148936170213
pop,bunny,2,18,376,0.005319148936170213
pop,do,1,19,376,0.0026595744680851063
pop,rabbit,1,20,376,0.0026595744680851063
pop,uhohthey,1,21,376,0.0026595744680851063
pop,mama,1,22,376,0.0026595744680851063
pop,mom,1,23,376,0.0026595744680851063
pop,op,1,24,376,0.0026595744680851063
pop,danny,1,25,376,0.0026595744680851063
pop,lion,1,26,376,0.0026595744680851063
pop,soap,1,27,376,0.0026595744680851063
pop,she,1,28,376,0.0026595744680851063
pop,pooh,1,29,376,0.0026595744680851063
pop,wanna,1,30,376,0.0026595744680851063
pop,caterpillar,1,31,376,0.0026595744680851063
pop,eyebrow,1,32,376,0.0026595744680851063
pop,jack,1,33,376,0.0026595744680851063
pop,something,1,34,376,0.0026595744680851063
pop,clown,1,35,376,0.0026595744680851063
pop,balloon,1,36,376,0.0026595744680851063
pop,daddy,1,37,376,0.0026595744680851063
pop,bird,1,38,376,0.0026595744680851063
pop,out,1,39,376,0.0026595744680851063
pop,freya,1,40,376,0.0026595744680851063
pop,cocoa,1,41,376,0.0026595744680851063
pop,grandma,1,42,376,0.0026595744680851063
pop,piece,1,43,376,0.0026595744680851063
pop,pip,1,44,376,0.0026595744680851063
pop,uhoh,1,45,376,0.0026595744680851063
pop,five,1,46,376,0.0026595744680851063
pop,lid,1,47,376,0.0026595744680851063
pop,sun,1,48,376,0.0026595744680851063
pop,hop,1,49,376,0.0026595744680851063
pop,this,1,50,376,0.0026595744680851063
pop,em,1,51,376,0.0026595744680851063
pop,guy,1,52,376,0.0026595744680851063
pop,thing,1,53,376,0.0026595744680851063
pop,those,1,54,376,0.0026595744680851063
stand,you,163,1,374,0.4358288770053476
stand,he,60,2,374,0.16042780748663102
stand,they,20,3,374,0.053475935828877004
stand,i,19,4,374,0.05080213903743316
stand,it,18,5,374,0.0481283422459893
stand,we,16,6,374,0.0427807486631016
stand,she,10,7,374,0.026737967914438502
stand,man,5,8,374,0.013368983957219251
stand,us,5,9,374,0.013368983957219251
stand,wanna,4,10,374,0.0106951871657754
stand,hen,3,11,374,0.008021390374331552
stand,baby,3,12,374,0.008021390374331552
stand,this,2,13,374,0.0053475935828877
stand,mrpotatohead,2,14,374,0.0053475935828877
stand,dog,2,15,374,0.0053475935828877
stand,some,2,16,374,0.0053475935828877
stand,horse,2,17,374,0.0053475935828877
stand,one,2,18,374,0.0053475935828877
stand,harvey,2,19,374,0.0053475935828877
stand,who,2,20,374,0.0053475935828877
stand,elf,2,21,374,0.0053475935828877
stand,bed,1,22,374,0.00267379679144385
stand,all,1,23,374,0.00267379679144385
stand,yourself,1,24,374,0.00267379679144385
stand,go,1,25,374,0.00267379679144385
stand,foot,1,26,374,0.00267379679144385
stand,taxi,1,27,374,0.00267379679144385
stand,block,1,28,374,0.00267379679144385
stand,hank,1,29,374,0.00267379679144385
stand,what,1,30,374,0.00267379679144385
stand,duck,1,31,374,0.00267379679144385
stand,mama,1,32,374,0.00267379679144385
stand,honey,1,33,374,0.00267379679144385
stand,look,1,34,374,0.00267379679144385
stand,mom,1,35,374,0.00267379679144385
stand,motorcycle,1,36,374,0.00267379679144385
stand,good,1,37,374,0.00267379679144385
stand,daisy,1,38,374,0.00267379679144385
stand,cow,1,39,374,0.00267379679144385
stand,three,1,40,374,0.00267379679144385
stand,leg,1,41,374,0.00267379679144385
stand,daddy,1,42,374,0.00267379679144385
stand,penguin,1,43,374,0.00267379679144385
stand,monkey,1,44,374,0.00267379679144385
stand,anne,1,45,374,0.00267379679144385
stand,steward,1,46,374,0.00267379679144385
stand,oop,1,47,374,0.00267379679144385
stand,somebody,1,48,374,0.00267379679144385
stand,uhoh,1,49,374,0.00267379679144385
stand,mommy'll,1,50,374,0.00267379679144385
stand,joey,1,51,374,0.00267379679144385
stop,you,92,1,369,0.24932249322493225
stop,he,50,2,369,0.13550135501355012
stop,it,33,3,369,0.08943089430894309
stop,she,31,4,369,0.08401084010840108
stop,i,24,5,369,0.06504065040650407
stop,we,24,6,369,0.06504065040650407
stop,rabbit,14,7,369,0.037940379403794036
stop,horsie,11,8,369,0.02981029810298103
stop,they,10,9,369,0.02710027100271003
stop,us,7,10,369,0.018970189701897018
stop,whoever,6,11,369,0.016260162601626018
stop,man_man,3,12,369,0.008130081300813009
stop,bunny,3,13,369,0.008130081300813009
stop,that,3,14,369,0.008130081300813009
stop,hyena,3,15,369,0.008130081300813009
stop,baby,2,16,369,0.005420054200542005
stop,needta,2,17,369,0.005420054200542005
stop,plane,2,18,369,0.005420054200542005
stop,frog,2,19,369,0.005420054200542005
stop,nathaniel,2,20,369,0.005420054200542005
stop,door,2,21,369,0.005420054200542005
stop,pie,2,22,369,0.005420054200542005
stop,daddy,2,23,369,0.005420054200542005
stop,sally,2,24,369,0.005420054200542005
stop,nomi,2,25,369,0.005420054200542005
stop,train,2,26,369,0.005420054200542005
stop,little_miss_chatterbox,2,27,369,0.005420054200542005
stop,ted,2,28,369,0.005420054200542005
stop,everyone,1,29,369,0.0027100271002710027
stop,guy,1,30,369,0.0027100271002710027
stop,talkie,1,31,369,0.0027100271002710027
stop,bird,1,32,369,0.0027100271002710027
stop,boat,1,33,369,0.0027100271002710027
stop,car,1,34,369,0.0027100271002710027
stop,dog,1,35,369,0.0027100271002710027
stop,bear,1,36,369,0.0027100271002710027
stop,horse,1,37,369,0.0027100271002710027
stop,heather,1,38,369,0.0027100271002710027
stop,kristopher,1,39,369,0.0027100271002710027
stop,matter,1,40,369,0.0027100271002710027
stop,gee,1,41,369,0.0027100271002710027
stop,brittany,1,42,369,0.0027100271002710027
stop,ninky_nonk,1,43,369,0.0027100271002710027
stop,kind_of,1,44,369,0.0027100271002710027
stop,jeremy,1,45,369,0.0027100271002710027
stop,d,1,46,369,0.0027100271002710027
stop,horsie_horsie,1,47,369,0.0027100271002710027
stop,°,1,48,369,0.0027100271002710027
stop,brain,1,49,369,0.0027100271002710027
stop,mummy,1,50,369,0.0027100271002710027
stop,carl,1,51,369,0.0027100271002710027
stop,georgina,1,52,369,0.0027100271002710027
stop,tay,1,53,369,0.0027100271002710027
stop,engine,1,54,369,0.0027100271002710027
stop,man,1,55,369,0.0027100271002710027
stop,mother,1,56,369,0.0027100271002710027
stop,christopher,1,57,369,0.0027100271002710027
color,you,194,1,369,0.5257452574525745
color,we,69,2,369,0.18699186991869918
color,i,22,3,369,0.05962059620596206
color,us,11,4,369,0.02981029810298103
color,some,11,5,369,0.02981029810298103
color,michael,9,6,369,0.024390243902439025
color,mommy,9,7,369,0.024390243902439025
color,they,7,8,369,0.018970189701897018
color,wanna,6,9,369,0.016260162601626018
color,what,5,10,369,0.013550135501355014
color,mummy,4,11,369,0.01084010840108401
color,he,3,12,369,0.008130081300813009
color,that,3,13,369,0.008130081300813009
color,ema,3,14,369,0.008130081300813009
color,mama,2,15,369,0.005420054200542005
color,mom,2,16,369,0.005420054200542005
color,which,1,17,369,0.0027100271002710027
color,she,1,18,369,0.0027100271002710027
color,mummy'll,1,19,369,0.0027100271002710027
color,carl,1,20,369,0.0027100271002710027
color,finish,1,21,369,0.0027100271002710027
color,gar,1,22,369,0.0027100271002710027
color,daddy,1,23,369,0.0027100271002710027
color,mey,1,24,369,0.0027100271002710027
color,it,1,25,369,0.0027100271002710027
run,he,92,1,365,0.25205479452054796
run,you,76,2,365,0.20821917808219179
run,i,26,3,365,0.07123287671232877
run,we,21,4,365,0.057534246575342465
run,it,16,5,365,0.043835616438356165
run,she,11,6,365,0.030136986301369864
run,they,11,7,365,0.030136986301369864
run,doggie,8,8,365,0.021917808219178082
run,mouse,7,9,365,0.019178082191780823
run,horsie,7,10,365,0.019178082191780823
run,nose,6,11,365,0.01643835616438356
run,water,6,12,365,0.01643835616438356
run,us,4,13,365,0.010958904109589041
run,dish,3,14,365,0.00821917808219178
run,that,3,15,365,0.00821917808219178
run,horse,3,16,365,0.00821917808219178
run,cat,3,17,365,0.00821917808219178
run,hadta,2,18,365,0.005479452054794521
run,mommy,2,19,365,0.005479452054794521
run,wanna,2,20,365,0.005479452054794521
run,peter,2,21,365,0.005479452054794521
run,toy,2,22,365,0.005479452054794521
run,tractor,2,23,365,0.005479452054794521
run,dog,2,24,365,0.005479452054794521
run,who,2,25,365,0.005479452054794521
run,tape,2,26,365,0.005479452054794521
run,battery,2,27,365,0.005479452054794521
run,recorder,2,28,365,0.005479452054794521
run,sheep,2,29,365,0.005479452054794521
run,fox,2,30,365,0.005479452054794521
run,man,2,31,365,0.005479452054794521
run,hose,1,32,365,0.0027397260273972603
run,pg,1,33,365,0.0027397260273972603
run,woody,1,34,365,0.0027397260273972603
run,dyeisha,1,35,365,0.0027397260273972603
run,puppy,1,36,365,0.0027397260273972603
run,honey,1,37,365,0.0027397260273972603
run,carl,1,38,365,0.0027397260273972603
run,chelsi,1,39,365,0.0027397260273972603
run,everything,1,40,365,0.0027397260273972603
run,tomcat,1,41,365,0.0027397260273972603
run,wee_willie_winkie,1,42,365,0.0027397260273972603
run,winkey,1,43,365,0.0027397260273972603
run,jiminy,1,44,365,0.0027397260273972603
run,daddy'll,1,45,365,0.0027397260273972603
run,room,1,46,365,0.0027397260273972603
run,what,1,47,365,0.0027397260273972603
run,star,1,48,365,0.0027397260273972603
run,daddy,1,49,365,0.0027397260273972603
run,train,1,50,365,0.0027397260273972603
run,frog,1,51,365,0.0027397260273972603
run,letter,1,52,365,0.0027397260273972603
run,piggy,1,53,365,0.0027397260273972603
run,snakey,1,54,365,0.0027397260273972603
run,wheel,1,55,365,0.0027397260273972603
run,doggy,1,56,365,0.0027397260273972603
run,monkey,1,57,365,0.0027397260273972603
run,h,1,58,365,0.0027397260273972603
run,color,1,59,365,0.0027397260273972603
run,chad,1,60,365,0.0027397260273972603
run,alligator,1,61,365,0.0027397260273972603
run,rabbit,1,62,365,0.0027397260273972603
run,fa,1,63,365,0.0027397260273972603
run,this,1,64,365,0.0027397260273972603
run,kitty,1,65,365,0.0027397260273972603
start,you,132,1,363,0.36363636363636365
start,we,42,2,363,0.11570247933884298
start,i,36,3,363,0.09917355371900827
start,he,31,4,363,0.08539944903581267
start,she,27,5,363,0.0743801652892562
start,us,22,6,363,0.06060606060606061
start,they,11,7,363,0.030303030303030304
start,it,11,8,363,0.030303030303030304
start,party,3,9,363,0.008264462809917356
start,daddy,3,10,363,0.008264462809917356
start,wanna,2,11,363,0.005509641873278237
start,that,2,12,363,0.005509641873278237
start,name,2,13,363,0.005509641873278237
start,mommy,2,14,363,0.005509641873278237
start,cookie,2,15,363,0.005509641873278237
start,thing,2,16,363,0.005509641873278237
start,crocodile,2,17,363,0.005509641873278237
start,cindy,1,18,363,0.0027548209366391185
start,flower,1,19,363,0.0027548209366391185
start,key,1,20,363,0.0027548209366391185
start,laura,1,21,363,0.0027548209366391185
start,school,1,22,363,0.0027548209366391185
start,shoulda,1,23,363,0.0027548209366391185
start,elephant,1,24,363,0.0027548209366391185
start,henry,1,25,363,0.0027548209366391185
start,lemme,1,26,363,0.0027548209366391185
start,stuff,1,27,363,0.0027548209366391185
start,doggie,1,28,363,0.0027548209366391185
start,penny,1,29,363,0.0027548209366391185
start,snow,1,30,363,0.0027548209366391185
start,cook,1,31,363,0.0027548209366391185
start,show,1,32,363,0.0027548209366391185
start,everybody,1,33,363,0.0027548209366391185
start,pinocchio,1,34,363,0.0027548209366391185
start,coffee,1,35,363,0.0027548209366391185
start,brittany,1,36,363,0.0027548209366391185
start,piece,1,37,363,0.0027548209366391185
start,water,1,38,363,0.0027548209366391185
start,term,1,39,363,0.0027548209366391185
start,mummy'll,1,40,363,0.0027548209366391185
start,cheese,1,41,363,0.0027548209366391185
start,machine,1,42,363,0.0027548209366391185
start,jennifer,1,43,363,0.0027548209366391185
start,ours,1,44,363,0.0027548209366391185
start,firstname,1,45,363,0.0027548209366391185
start,what,1,46,363,0.0027548209366391185
start,h,1,47,363,0.0027548209366391185
start,engine,1,48,363,0.0027548209366391185
roll,you,116,1,349,0.332378223495702
roll,i,42,2,349,0.12034383954154727
roll,it,36,3,349,0.10315186246418338
roll,we,31,4,349,0.08882521489971347
roll,they,23,5,349,0.0659025787965616
roll,us,11,6,349,0.03151862464183381
roll,mommy,9,7,349,0.025787965616045846
roll,wanna,9,8,349,0.025787965616045846
roll,she,8,9,349,0.022922636103151862
roll,he,8,10,349,0.022922636103151862
roll,that,6,11,349,0.017191977077363897
roll,one,5,12,349,0.014326647564469915
roll,wheel,4,13,349,0.011461318051575931
roll,who,4,14,349,0.011461318051575931
roll,ball,4,15,349,0.011461318051575931
roll,mummy,3,16,349,0.008595988538681949
roll,jar,2,17,349,0.0057306590257879654
roll,whee,2,18,349,0.0057306590257879654
roll,uhohit,2,19,349,0.0057306590257879654
roll,this,2,20,349,0.0057306590257879654
roll,ball'll,1,21,349,0.0028653295128939827
roll,kitty,1,22,349,0.0028653295128939827
roll,daddy,1,23,349,0.0028653295128939827
roll,fruit,1,24,349,0.0028653295128939827
roll,pig,1,25,349,0.0028653295128939827
roll,sheep,1,26,349,0.0028653295128939827
roll,apple,1,27,349,0.0028653295128939827
roll,all,1,28,349,0.0028653295128939827
roll,fish,1,29,349,0.0028653295128939827
roll,strawberry,1,30,349,0.0028653295128939827
roll,firstname,1,31,349,0.0028653295128939827
roll,mama,1,32,349,0.0028653295128939827
roll,yay,1,33,349,0.0028653295128939827
roll,fei,1,34,349,0.0028653295128939827
roll,vroom,1,35,349,0.0028653295128939827
roll,lemme,1,36,349,0.0028653295128939827
roll,mommy'll,1,37,349,0.0028653295128939827
roll,nea,1,38,349,0.0028653295128939827
roll,teacher,1,39,349,0.0028653295128939827
roll,nut,1,40,349,0.0028653295128939827
roll,tear,1,41,349,0.0028653295128939827
roll,guy,1,42,349,0.0028653295128939827
cry,he,68,1,347,0.19596541786743515
cry,she,53,2,347,0.15273775216138327
cry,baby,46,3,347,0.13256484149855907
cry,you,45,4,347,0.12968299711815562
cry,who,16,5,347,0.04610951008645533
cry,they,16,6,347,0.04610951008645533
cry,i,9,7,347,0.025936599423631124
cry,man,4,8,347,0.011527377521613832
cry,that,4,9,347,0.011527377521613832
cry,mommy,4,10,347,0.011527377521613832
cry,it,4,11,347,0.011527377521613832
cry,jimmy,4,12,347,0.011527377521613832
cry,ewww,3,13,347,0.008645533141210375
cry,laura,3,14,347,0.008645533141210375
cry,piggie,3,15,347,0.008645533141210375
cry,pg,3,16,347,0.008645533141210375
cry,carl,3,17,347,0.008645533141210375
cry,eric,2,18,347,0.005763688760806916
cry,jennifer,2,19,347,0.005763688760806916
cry,boy,2,20,347,0.005763688760806916
cry,piggy,2,21,347,0.005763688760806916
cry,kid,2,22,347,0.005763688760806916
cry,mummy,2,23,347,0.005763688760806916
cry,bobby,2,24,347,0.005763688760806916
cry,lamb,1,25,347,0.002881844380403458
cry,somebody,1,26,347,0.002881844380403458
cry,door,1,27,347,0.002881844380403458
cry,caca,1,28,347,0.002881844380403458
cry,dwww,1,29,347,0.002881844380403458
cry,swww,1,30,347,0.002881844380403458
cry,jwww,1,31,347,0.002881844380403458
cry,we,1,32,347,0.002881844380403458
cry,chair,1,33,347,0.002881844380403458
cry,lola,1,34,347,0.002881844380403458
cry,glass,1,35,347,0.002881844380403458
cry,christopher,1,36,347,0.002881844380403458
cry,matthew,1,37,347,0.002881844380403458
cry,meow,1,38,347,0.002881844380403458
cry,woody,1,39,347,0.002881844380403458
cry,kiki,1,40,347,0.002881844380403458
cry,wanna,1,41,347,0.002881844380403458
cry,kathy,1,42,347,0.002881844380403458
cry,sarah,1,43,347,0.002881844380403458
cry,nina,1,44,347,0.002881844380403458
cry,nobody,1,45,347,0.002881844380403458
cry,bunny,1,46,347,0.002881844380403458
cry,pinocchio,1,47,347,0.002881844380403458
cry,bay,1,48,347,0.002881844380403458
cry,bug'll,1,49,347,0.002881844380403458
cry,bug,1,50,347,0.002881844380403458
cry,katlin,1,51,347,0.002881844380403458
cry,mormor,1,52,347,0.002881844380403458
cry,tanta,1,53,347,0.002881844380403458
cry,kitty,1,54,347,0.002881844380403458
cry,puppy,1,55,347,0.002881844380403458
cry,doggie,1,56,347,0.002881844380403458
cry,people,1,57,347,0.002881844380403458
cry,cat,1,58,347,0.002881844380403458
cry,mom,1,59,347,0.002881844380403458
cry,help,1,60,347,0.002881844380403458
cry,by_jingo_dingo,1,61,347,0.002881844380403458
cry,anybody,1,62,347,0.002881844380403458
cry,grandma,1,63,347,0.002881844380403458
cry,teddy,1,64,347,0.002881844380403458
cry,bath,1,65,347,0.002881844380403458
cry,firstname,1,66,347,0.002881844380403458
cry,doll,1,67,347,0.002881844380403458
cry,daniel,1,68,347,0.002881844380403458
cry,quit,1,69,347,0.002881844380403458
catch,you,171,1,335,0.5104477611940299
catch,i,58,2,335,0.17313432835820897
catch,wanna,17,3,335,0.050746268656716415
catch,he,11,4,335,0.03283582089552239
catch,mommy,11,5,335,0.03283582089552239
catch,we,11,6,335,0.03283582089552239
catch,she,6,7,335,0.01791044776119403
catch,mummy,6,8,335,0.01791044776119403
catch,they,4,9,335,0.011940298507462687
catch,morgie,2,10,335,0.005970149253731343
catch,it,2,11,335,0.005970149253731343
catch,lion,2,12,335,0.005970149253731343
catch,elephant,2,13,335,0.005970149253731343
catch,mom,2,14,335,0.005970149253731343
catch,us,2,15,335,0.005970149253731343
catch,carl,2,16,335,0.005970149253731343
catch,catch,2,17,335,0.005970149253731343
catch,mammy,2,18,335,0.005970149253731343
catch,ya,1,19,335,0.0029850746268656717
catch,nose,1,20,335,0.0029850746268656717
catch,cat,1,21,335,0.0029850746268656717
catch,spider,1,22,335,0.0029850746268656717
catch,which,1,23,335,0.0029850746268656717
catch,tie,1,24,335,0.0029850746268656717
catch,man,1,25,335,0.0029850746268656717
catch,hand,1,26,335,0.0029850746268656717
catch,pooh,1,27,335,0.0029850746268656717
catch,monkey,1,28,335,0.0029850746268656717
catch,ema,1,29,335,0.0029850746268656717
catch,who,1,30,335,0.0029850746268656717
catch,lena,1,31,335,0.0029850746268656717
catch,mama,1,32,335,0.0029850746268656717
catch,mummy'll,1,33,335,0.0029850746268656717
catch,firstname,1,34,335,0.0029850746268656717
catch,net,1,35,335,0.0029850746268656717
catch,finger,1,36,335,0.0029850746268656717
catch,lemme,1,37,335,0.0029850746268656717
catch,mommy'll,1,38,335,0.0029850746268656717
catch,whoo,1,39,335,0.0029850746268656717
catch,ahh,1,40,335,0.0029850746268656717
break,you,111,1,330,0.33636363636363636
break,it,64,2,330,0.19393939393939394
break,i,23,3,330,0.0696969696969697
break,chick,14,4,330,0.04242424242424243
break,that,12,5,330,0.03636363636363636
break,they,10,6,330,0.030303030303030304
break,we,10,7,330,0.030303030303030304
break,he,9,8,330,0.02727272727272727
break,one,7,9,330,0.021212121212121213
break,who,6,10,330,0.01818181818181818
break,bough,5,11,330,0.015151515151515152
break,she,5,12,330,0.015151515151515152
break,mummy,4,13,330,0.012121212121212121
break,mommy,3,14,330,0.00909090909090909
break,pencil,3,15,330,0.00909090909090909
break,arm,3,16,330,0.00909090909090909
break,someone,2,17,330,0.006060606060606061
break,somebody,2,18,330,0.006060606060606061
break,mia,2,19,330,0.006060606060606061
break,what,2,20,330,0.006060606060606061
break,eric,1,21,330,0.0030303030303030303
break,nail,1,22,330,0.0030303030303030303
break,nothing,1,23,330,0.0030303030303030303
break,anything,1,24,330,0.0030303030303030303
break,shoe,1,25,330,0.0030303030303030303
break,boot,1,26,330,0.0030303030303030303
break,bubble,1,27,330,0.0030303030303030303
break,fence,1,28,330,0.0030303030303030303
break,baby,1,29,330,0.0030303030303030303
break,bind,1,30,330,0.0030303030303030303
break,chicken,1,31,330,0.0030303030303030303
break,player,1,32,330,0.0030303030303030303
break,our,1,33,330,0.0030303030303030303
break,daddy,1,34,330,0.0030303030303030303
break,us,1,35,330,0.0030303030303030303
break,way,1,36,330,0.0030303030303030303
break,whoa,1,37,330,0.0030303030303030303
break,julia,1,38,330,0.0030303030303030303
break,joseph,1,39,330,0.0030303030303030303
break,engine,1,40,330,0.0030303030303030303
break,bird,1,41,330,0.0030303030303030303
break,bridge,1,42,330,0.0030303030303030303
break,anne,1,43,330,0.0030303030303030303
break,mummie,1,44,330,0.0030303030303030303
break,two,1,45,330,0.0030303030303030303
break,wire,1,46,330,0.0030303030303030303
break,this,1,47,330,0.0030303030303030303
break,egg,1,48,330,0.0030303030303030303
break,whoop,1,49,330,0.0030303030303030303
break,wanna,1,50,330,0.0030303030303030303
break,josh,1,51,330,0.0030303030303030303
break,string,1,52,330,0.0030303030303030303
break,diamond,1,53,330,0.0030303030303030303
jump,he,87,1,329,0.26443768996960487
jump,you,64,2,329,0.1945288753799392
jump,they,27,3,329,0.08206686930091185
jump,we,18,4,329,0.0547112462006079
jump,it,16,5,329,0.0486322188449848
jump,she,11,6,329,0.03343465045592705
jump,bunny,11,7,329,0.03343465045592705
jump,cow,9,8,329,0.02735562310030395
jump,monkey,9,9,329,0.02735562310030395
jump,rabbit,6,10,329,0.0182370820668693
jump,that,5,11,329,0.015197568389057751
jump,wanna,5,12,329,0.015197568389057751
jump,daddy,5,13,329,0.015197568389057751
jump,egg,4,14,329,0.0121580547112462
jump,us,3,15,329,0.00911854103343465
jump,i,3,16,329,0.00911854103343465
jump,elephant,2,17,329,0.0060790273556231
jump,who,2,18,329,0.0060790273556231
jump,baby,2,19,329,0.0060790273556231
jump,smurf,2,20,329,0.0060790273556231
jump,clown,2,21,329,0.0060790273556231
jump,no,2,22,329,0.0060790273556231
jump,horse,2,23,329,0.0060790273556231
jump,goofy,2,24,329,0.0060790273556231
jump,hasta,1,25,329,0.00303951367781155
jump,boy,1,26,329,0.00303951367781155
jump,piglet,1,27,329,0.00303951367781155
jump,simba,1,28,329,0.00303951367781155
jump,tigger,1,29,329,0.00303951367781155
jump,ball,1,30,329,0.00303951367781155
jump,toy,1,31,329,0.00303951367781155
jump,buzz,1,32,329,0.00303951367781155
jump,horsie,1,33,329,0.00303951367781155
jump,bear,1,34,329,0.00303951367781155
jump,willie,1,35,329,0.00303951367781155
jump,box,1,36,329,0.00303951367781155
jump,girl,1,37,329,0.00303951367781155
jump,mouse,1,38,329,0.00303951367781155
jump,look,1,39,329,0.00303951367781155
jump,guy,1,40,329,0.00303951367781155
jump,marco,1,41,329,0.00303951367781155
jump,toey_joey,1,42,329,0.00303951367781155
jump,bubble,1,43,329,0.00303951367781155
jump,frog,1,44,329,0.00303951367781155
jump,somebody,1,45,329,0.00303951367781155
jump,maggie,1,46,329,0.00303951367781155
jump,doggie,1,47,329,0.00303951367781155
jump,fish,1,48,329,0.00303951367781155
jump,birdie,1,49,329,0.00303951367781155
jump,bertie,1,50,329,0.00303951367781155
jump,chicken,1,51,329,0.00303951367781155
jump,anybody,1,52,329,0.00303951367781155
jump,anyone,1,53,329,0.00303951367781155
jump,people,1,54,329,0.00303951367781155
drop,you,220,1,319,0.6896551724137931
drop,i,26,2,319,0.08150470219435736
drop,we,20,3,319,0.06269592476489028
drop,he,8,4,319,0.025078369905956112
drop,she,7,5,319,0.0219435736677116
drop,mommy,6,6,319,0.018808777429467086
drop,mummy,5,7,319,0.01567398119122257
drop,it,3,8,319,0.009404388714733543
drop,ya,2,9,319,0.006269592476489028
drop,uhohyou,2,10,319,0.006269592476489028
drop,problem,2,11,319,0.006269592476489028
drop,daddy,2,12,319,0.006269592476489028
drop,uhoh,2,13,319,0.006269592476489028
drop,nose,1,14,319,0.003134796238244514
drop,eve,1,15,319,0.003134796238244514
drop,what,1,16,319,0.003134796238244514
drop,chicken,1,17,319,0.003134796238244514
drop,nina,1,18,319,0.003134796238244514
drop,garfield,1,19,319,0.003134796238244514
drop,whoop,1,20,319,0.003134796238244514
drop,nomi,1,21,319,0.003134796238244514
drop,mmm,1,22,319,0.003134796238244514
drop,eye,1,23,319,0.003134796238244514
drop,that,1,24,319,0.003134796238244514
drop,who,1,25,319,0.003134796238244514
drop,ear,1,26,319,0.003134796238244514
drop,they,1,27,319,0.003134796238244514
guess,i,296,1,314,0.9426751592356688
guess,you,10,2,314,0.03184713375796178
guess,sue,1,3,314,0.0031847133757961785
guess,he,1,4,314,0.0031847133757961785
guess,rachel,1,5,314,0.0031847133757961785
guess,wanna,1,6,314,0.0031847133757961785
guess,no,1,7,314,0.0031847133757961785
guess,mummy,1,8,314,0.0031847133757961785
guess,people,1,9,314,0.0031847133757961785
guess,mommy,1,10,314,0.0031847133757961785
touch,you,144,1,309,0.46601941747572817
touch,we,43,2,309,0.13915857605177995
touch,he,25,3,309,0.08090614886731391
touch,i,16,4,309,0.05177993527508091
touch,she,15,5,309,0.04854368932038835
touch,no,12,6,309,0.038834951456310676
touch,wanna,5,7,309,0.016181229773462782
touch,us,5,8,309,0.016181229773462782
touch,it,4,9,309,0.012944983818770227
touch,mommy,4,10,309,0.012944983818770227
touch,they,4,11,309,0.012944983818770227
touch,mama,3,12,309,0.009708737864077669
touch,thing,2,13,309,0.006472491909385114
touch,sir,2,14,309,0.006472491909385114
touch,foot,2,15,309,0.006472491909385114
touch,josh,2,16,309,0.006472491909385114
touch,timmy,1,17,309,0.003236245954692557
touch,jesus,1,18,309,0.003236245954692557
touch,uhoh,1,19,309,0.003236245954692557
touch,a,1,20,309,0.003236245954692557
touch,h,1,21,309,0.003236245954692557
touch,booboo,1,22,309,0.003236245954692557
touch,abbey,1,23,309,0.003236245954692557
touch,david,1,24,309,0.003236245954692557
touch,jamie,1,25,309,0.003236245954692557
touch,sara,1,26,309,0.003236245954692557
touch,all,1,27,309,0.003236245954692557
touch,nomi,1,28,309,0.003236245954692557
touch,that,1,29,309,0.003236245954692557
touch,mummy,1,30,309,0.003236245954692557
touch,combat_wombat,1,31,309,0.003236245954692557
touch,joanna,1,32,309,0.003236245954692557
touch,john,1,33,309,0.003236245954692557
touch,off,1,34,309,0.003236245954692557
touch,stella,1,35,309,0.003236245954692557
touch,firstname,1,36,309,0.003236245954692557
touch,watch,1,37,309,0.003236245954692557
needta,you,114,1,305,0.3737704918032787
needta,we,97,2,305,0.3180327868852459
needta,i,81,3,305,0.26557377049180325
needta,he,4,4,305,0.013114754098360656
needta,they,3,5,305,0.009836065573770493
needta,it,2,6,305,0.006557377049180328
needta,she,2,7,305,0.006557377049180328
needta,girl,1,8,305,0.003278688524590164
needta,baby,1,9,305,0.003278688524590164
begin,you,254,1,298,0.8523489932885906
begin,what,18,2,298,0.06040268456375839
begin,he,4,3,298,0.013422818791946308
begin,it,3,4,298,0.010067114093959731
begin,jeremy,2,5,298,0.006711409395973154
begin,we,2,6,298,0.006711409395973154
begin,us,2,7,298,0.006711409395973154
begin,child,1,8,298,0.003355704697986577
begin,she,1,9,298,0.003355704697986577
begin,they,1,10,298,0.003355704697986577
begin,jar,1,11,298,0.003355704697986577
begin,snow,1,12,298,0.003355704697986577
begin,guy,1,13,298,0.003355704697986577
begin,mot,1,14,298,0.003355704697986577
begin,pinocchio,1,15,298,0.003355704697986577
begin,corn,1,16,298,0.003355704697986577
begin,who,1,17,298,0.003355704697986577
begin,i,1,18,298,0.003355704697986577
begin,doll,1,19,298,0.003355704697986577
begin,truck,1,20,298,0.003355704697986577
write,you,137,1,286,0.479020979020979
write,we,38,2,286,0.13286713286713286
write,i,30,3,286,0.1048951048951049
write,wanna,14,4,286,0.04895104895104895
write,he,11,5,286,0.038461538461538464
write,mommy,11,6,286,0.038461538461538464
write,us,10,7,286,0.03496503496503497
write,it,6,8,286,0.02097902097902098
write,she,4,9,286,0.013986013986013986
write,pen,2,10,286,0.006993006993006993
write,who,2,11,286,0.006993006993006993
write,they,2,12,286,0.006993006993006993
write,sue,1,13,286,0.0034965034965034965
write,that,1,14,286,0.0034965034965034965
write,eve,1,15,286,0.0034965034965034965
write,nanny,1,16,286,0.0034965034965034965
write,one,1,17,286,0.0034965034965034965
write,raymond,1,18,286,0.0034965034965034965
write,boy,1,19,286,0.0034965034965034965
write,somebody,1,20,286,0.0034965034965034965
write,sit,1,21,286,0.0034965034965034965
write,daddy,1,22,286,0.0034965034965034965
write,nomi,1,23,286,0.0034965034965034965
write,goldie,1,24,286,0.0034965034965034965
write,bear,1,25,286,0.0034965034965034965
write,ya,1,26,286,0.0034965034965034965
write,oughta,1,27,286,0.0034965034965034965
write,a_lot_of,1,28,286,0.0034965034965034965
write,lookee,1,29,286,0.0034965034965034965
write,mummy,1,30,286,0.0034965034965034965
write,andrea,1,31,286,0.0034965034965034965
hide,you,91,1,283,0.3215547703180212
hide,he,49,2,283,0.17314487632508835
hide,they,24,3,283,0.08480565371024736
hide,i,21,4,283,0.07420494699646643
hide,who,18,5,283,0.0636042402826855
hide,it,12,6,283,0.04240282685512368
hide,she,10,7,283,0.0353356890459364
hide,we,9,8,283,0.03180212014134275
hide,mommy,4,9,283,0.014134275618374558
hide,bunny,3,10,283,0.01060070671378092
hide,peter,3,11,283,0.01060070671378092
hide,what,3,12,283,0.01060070671378092
hide,toy,2,13,283,0.007067137809187279
hide,wanna,2,14,283,0.007067137809187279
hide,goldie,2,15,283,0.007067137809187279
hide,face,2,16,283,0.007067137809187279
hide,lady,2,17,283,0.007067137809187279
hide,mouth,1,18,283,0.0035335689045936395
hide,elmo,1,19,283,0.0035335689045936395
hide,bert,1,20,283,0.0035335689045936395
hide,puppy,1,21,283,0.0035335689045936395
hide,pig,1,22,283,0.0035335689045936395
hide,bottle,1,23,283,0.0035335689045936395
hide,food,1,24,283,0.0035335689045936395
hide,cow,1,25,283,0.0035335689045936395
hide,us,1,26,283,0.0035335689045936395
hide,one,1,27,283,0.0035335689045936395
hide,firstname,1,28,283,0.0035335689045936395
hide,fox,1,29,283,0.0035335689045936395
hide,matthew,1,30,283,0.0035335689045936395
hide,ball,1,31,283,0.0035335689045936395
hide,guy,1,32,283,0.0035335689045936395
hide,alistair,1,33,283,0.0035335689045936395
hide,mummy'll,1,34,283,0.0035335689045936395
hide,wolf,1,35,283,0.0035335689045936395
hide,mummy,1,36,283,0.0035335689045936395
hide,ivan,1,37,283,0.0035335689045936395
hide,chicken,1,38,283,0.0035335689045936395
hide,that,1,39,283,0.0035335689045936395
hide,someone,1,40,283,0.0035335689045936395
hide,monkey,1,41,283,0.0035335689045936395
hide,yellow,1,42,283,0.0035335689045936395
hide,lookee,1,43,283,0.0035335689045936395
drive,you,82,1,280,0.29285714285714287
drive,he,35,2,280,0.125
drive,we,20,3,280,0.07142857142857142
drive,it,20,4,280,0.07142857142857142
drive,who,15,5,280,0.05357142857142857
drive,i,13,6,280,0.04642857142857143
drive,wanna,9,7,280,0.03214285714285714
drive,they,7,8,280,0.025
drive,that,5,9,280,0.017857142857142856
drive,man,5,10,280,0.017857142857142856
drive,mummy,5,11,280,0.017857142857142856
drive,she,5,12,280,0.017857142857142856
drive,daddy,4,13,280,0.014285714285714285
drive,sheep,3,14,280,0.010714285714285714
drive,somebody,3,15,280,0.010714285714285714
drive,mommy,3,16,280,0.010714285714285714
drive,us,3,17,280,0.010714285714285714
drive,farmer,2,18,280,0.007142857142857143
drive,tractor,2,19,280,0.007142857142857143
drive,this,2,20,280,0.007142857142857143
drive,guy,2,21,280,0.007142857142857143
drive,car,2,22,280,0.007142857142857143
drive,teddy,2,23,280,0.007142857142857143
drive,tiger,2,24,280,0.007142857142857143
drive,baby,1,25,280,0.0035714285714285713
drive,frog,1,26,280,0.0035714285714285713
drive,animal,1,27,280,0.0035714285714285713
drive,boy,1,28,280,0.0035714285714285713
drive,one,1,29,280,0.0035714285714285713
drive,captain,1,30,280,0.0035714285714285713
drive,all,1,31,280,0.0035714285714285713
drive,motorcycle,1,32,280,0.0035714285714285713
drive,dog,1,33,280,0.0035714285714285713
drive,nursey,1,34,280,0.0035714285714285713
drive,pg,1,35,280,0.0035714285714285713
drive,jennifer,1,36,280,0.0035714285714285713
drive,agogo,1,37,280,0.0035714285714285713
drive,person,1,38,280,0.0035714285714285713
drive,what,1,39,280,0.0035714285714285713
drive,grape,1,40,280,0.0035714285714285713
drive,tin,1,41,280,0.0035714285714285713
drive,burger,1,42,280,0.0035714285714285713
drive,whale,1,43,280,0.0035714285714285713
drive,zookeeper,1,44,280,0.0035714285714285713
drive,nobody,1,45,280,0.0035714285714285713
drive,firstname,1,46,280,0.0035714285714285713
drive,girl,1,47,280,0.0035714285714285713
drive,mom,1,48,280,0.0035714285714285713
drive,engine,1,49,280,0.0035714285714285713
drive,dada,1,50,280,0.0035714285714285713
drive,rom,1,51,280,0.0035714285714285713
drive,indian,1,52,280,0.0035714285714285713
drive,train,1,53,280,0.0035714285714285713
watch,you,86,1,263,0.3269961977186312
watch,we,30,2,263,0.11406844106463879
watch,i,22,3,263,0.08365019011406843
watch,us,14,4,263,0.053231939163498096
watch,he,13,5,263,0.049429657794676805
watch,she,11,6,263,0.04182509505703422
watch,they,10,7,263,0.03802281368821293
watch,firstname,8,8,263,0.030418250950570342
watch,wanna,5,9,263,0.019011406844106463
watch,h,4,10,263,0.015209125475285171
watch,it,4,11,263,0.015209125475285171
watch,baby,3,12,263,0.011406844106463879
watch,bunny,3,13,263,0.011406844106463879
watch,lookee,3,14,263,0.011406844106463879
watch,doggie,2,15,263,0.0076045627376425855
watch,dog,2,16,263,0.0076045627376425855
watch,brittney,2,17,263,0.0076045627376425855
watch,puppy,2,18,263,0.0076045627376425855
watch,doll,2,19,263,0.0076045627376425855
watch,daddy,2,20,263,0.0076045627376425855
watch,anybody,1,21,263,0.0038022813688212928
watch,angel,1,22,263,0.0038022813688212928
watch,who,1,23,263,0.0038022813688212928
watch,something,1,24,263,0.0038022813688212928
watch,kid,1,25,263,0.0038022813688212928
watch,mommy,1,26,263,0.0038022813688212928
watch,poohbear,1,27,263,0.0038022813688212928
watch,horsie,1,28,263,0.0038022813688212928
watch,danny,1,29,263,0.0038022813688212928
watch,shania,1,30,263,0.0038022813688212928
watch,woofwoof,1,31,263,0.0038022813688212928
watch,meagan,1,32,263,0.0038022813688212928
watch,carl,1,33,263,0.0038022813688212928
watch,tv,1,34,263,0.0038022813688212928
watch,grand,1,35,263,0.0038022813688212928
watch,somebody,1,36,263,0.0038022813688212928
watch,mom,1,37,263,0.0038022813688212928
watch,camera,1,38,263,0.0038022813688212928
watch,sally,1,39,263,0.0038022813688212928
watch,kalie,1,40,263,0.0038022813688212928
watch,travis,1,41,263,0.0038022813688212928
watch,mama,1,42,263,0.0038022813688212928
watch,animal,1,43,263,0.0038022813688212928
watch,maisy,1,44,263,0.0038022813688212928
watch,someone,1,45,263,0.0038022813688212928
watch,mummy,1,46,263,0.0038022813688212928
watch,penny,1,47,263,0.0038022813688212928
watch,job,1,48,263,0.0038022813688212928
watch,whee,1,49,263,0.0038022813688212928
watch,lookit,1,50,263,0.0038022813688212928
watch,don,1,51,263,0.0038022813688212928
watch,disney,1,52,263,0.0038022813688212928
watch,her,1,53,263,0.0038022813688212928
watch,this,1,54,263,0.0038022813688212928
watch,josh,1,55,263,0.0038022813688212928
knock,you,159,1,261,0.6091954022988506
knock,we,20,2,261,0.07662835249042145
knock,i,14,3,261,0.05363984674329502
knock,he,7,4,261,0.02681992337164751
knock,she,5,5,261,0.019157088122605363
knock,who,5,6,261,0.019157088122605363
knock,ball,5,7,261,0.019157088122605363
knock,mommy,4,8,261,0.01532567049808429
knock,wanna,4,9,261,0.01532567049808429
knock,somebody,3,10,261,0.011494252873563218
knock,someone,3,11,261,0.011494252873563218
knock,sister,2,12,261,0.007662835249042145
knock,us,2,13,261,0.007662835249042145
knock,that,2,14,261,0.007662835249042145
knock,it,2,15,261,0.007662835249042145
knock,kanevil,2,16,261,0.007662835249042145
knock,they,2,17,261,0.007662835249042145
knock,dress,1,18,261,0.0038314176245210726
knock,dillon,1,19,261,0.0038314176245210726
knock,wolf,1,20,261,0.0038314176245210726
knock,andy,1,21,261,0.0038314176245210726
knock,tractor,1,22,261,0.0038314176245210726
knock,bear,1,23,261,0.0038314176245210726
knock,uhohwe,1,24,261,0.0038314176245210726
knock,mrpotatohead,1,25,261,0.0038314176245210726
knock,sissy,1,26,261,0.0038314176245210726
knock,daddy,1,27,261,0.0038314176245210726
knock,sleeve,1,28,261,0.0038314176245210726
knock,whoop,1,29,261,0.0038314176245210726
knock,mama,1,30,261,0.0038314176245210726
knock,zach,1,31,261,0.0038314176245210726
knock,mummy,1,32,261,0.0038314176245210726
knock,dominic,1,33,261,0.0038314176245210726
knock,mom,1,34,261,0.0038314176245210726
knock,uhoh,1,35,261,0.0038314176245210726
knock,sally,1,36,261,0.0038314176245210726
knock,rabbit,1,37,261,0.0038314176245210726
ask,you,79,1,257,0.30739299610894943
ask,i,77,2,257,0.29961089494163423
ask,he,29,3,257,0.11284046692607004
ask,we,21,4,257,0.08171206225680934
ask,she,18,5,257,0.07003891050583658
ask,mama,4,6,257,0.01556420233463035
ask,us,3,7,257,0.011673151750972763
ask,people,2,8,257,0.007782101167315175
ask,duckling,2,9,257,0.007782101167315175
ask,mommy,2,10,257,0.007782101167315175
ask,guy,2,11,257,0.007782101167315175
ask,someone,2,12,257,0.007782101167315175
ask,mummy,2,13,257,0.007782101167315175
ask,laura,1,14,257,0.0038910505836575876
ask,mwww,1,15,257,0.0038910505836575876
ask,god,1,16,257,0.0038910505836575876
ask,mother,1,17,257,0.0038910505836575876
ask,lady,1,18,257,0.0038910505836575876
ask,nomi,1,19,257,0.0038910505836575876
ask,george,1,20,257,0.0038910505836575876
ask,daddy,1,21,257,0.0038910505836575876
ask,grandma,1,22,257,0.0038910505836575876
ask,they,1,23,257,0.0038910505836575876
ask,show,1,24,257,0.0038910505836575876
ask,hadta,1,25,257,0.0038910505836575876
ask,carl,1,26,257,0.0038910505836575876
ask,everybody,1,27,257,0.0038910505836575876
bet,i,241,1,249,0.9678714859437751
bet,you,8,2,249,0.0321285140562249
miss,you,111,1,245,0.4530612244897959
miss,we,59,2,245,0.24081632653061225
miss,i,28,3,245,0.11428571428571428
miss,he,10,4,245,0.04081632653061224
miss,she,8,5,245,0.0326530612244898
miss,mommy,4,6,245,0.0163265306122449
miss,it,3,7,245,0.012244897959183673
miss,that,3,8,245,0.012244897959183673
miss,they,2,9,245,0.00816326530612245
miss,one,2,10,245,0.00816326530612245
miss,what,2,11,245,0.00816326530612245
miss,whoa,1,12,245,0.004081632653061225
miss,kitty,1,13,245,0.004081632653061225
miss,ya,1,14,245,0.004081632653061225
miss,oopsie,1,15,245,0.004081632653061225
miss,man,1,16,245,0.004081632653061225
miss,baby,1,17,245,0.004081632653061225
miss,mummy,1,18,245,0.004081632653061225
miss,no,1,19,245,0.004081632653061225
miss,some,1,20,245,0.004081632653061225
miss,whoop,1,21,245,0.004081632653061225
miss,mahmaw,1,22,245,0.004081632653061225
miss,thing,1,23,245,0.004081632653061225
miss,two,1,24,245,0.004081632653061225
dance,you,119,1,241,0.49377593360995853
dance,he,43,2,241,0.17842323651452283
dance,they,30,3,241,0.12448132780082988
dance,she,10,4,241,0.04149377593360996
dance,we,5,5,241,0.02074688796680498
dance,doggie,4,6,241,0.016597510373443983
dance,i,4,7,241,0.016597510373443983
dance,it,3,8,241,0.012448132780082987
dance,us,3,9,241,0.012448132780082987
dance,eric,2,10,241,0.008298755186721992
dance,frog,2,11,241,0.008298755186721992
dance,monkey,2,12,241,0.008298755186721992
dance,clown,1,13,241,0.004149377593360996
dance,girl,1,14,241,0.004149377593360996
dance,dog,1,15,241,0.004149377593360996
dance,alexa,1,16,241,0.004149377593360996
dance,jerry,1,17,241,0.004149377593360996
dance,pinocchio,1,18,241,0.004149377593360996
dance,ball,1,19,241,0.004149377593360996
dance,donkey,1,20,241,0.004149377593360996
dance,lady,1,21,241,0.004149377593360996
dance,people,1,22,241,0.004149377593360996
dance,paddington,1,23,241,0.004149377593360996
dance,who,1,24,241,0.004149377593360996
dance,baba,1,25,241,0.004149377593360996
dance,firefly,1,26,241,0.004149377593360996
sound,that,75,1,239,0.3138075313807531
sound,he,62,2,239,0.2594142259414226
sound,it,46,3,239,0.19246861924686193
sound,you,12,4,239,0.0502092050209205
sound,animal,9,5,239,0.03765690376569038
sound,what,5,6,239,0.02092050209205021
sound,they,4,7,239,0.016736401673640166
sound,water,2,8,239,0.008368200836820083
sound,bowl,2,9,239,0.008368200836820083
sound,word,1,10,239,0.0041841004184100415
sound,dog,1,11,239,0.0041841004184100415
sound,uhoh,1,12,239,0.0041841004184100415
sound,hotdog,1,13,239,0.0041841004184100415
sound,pig,1,14,239,0.0041841004184100415
sound,this,1,15,239,0.0041841004184100415
sound,ninight,1,16,239,0.0041841004184100415
sound,nomi,1,17,239,0.0041841004184100415
sound,duck,1,18,239,0.0041841004184100415
sound,motorcycle,1,19,239,0.0041841004184100415
sound,sound,1,20,239,0.0041841004184100415
sound,kinda,1,21,239,0.0041841004184100415
sound,car,1,22,239,0.0041841004184100415
sound,boat,1,23,239,0.0041841004184100415
sound,we,1,24,239,0.0041841004184100415
sound,she,1,25,239,0.0041841004184100415
sound,nap,1,26,239,0.0041841004184100415
sound,said∆,1,27,239,0.0041841004184100415
sound,your,1,28,239,0.0041841004184100415
sound,pg,1,29,239,0.0041841004184100415
sound,phone,1,30,239,0.0041841004184100415
sound,cat,1,31,239,0.0041841004184100415
clean,you,58,1,222,0.26126126126126126
clean,we,38,2,222,0.17117117117117117
clean,i,30,3,222,0.13513513513513514
clean,us,21,4,222,0.0945945945945946
clean,mommy,20,5,222,0.09009009009009009
clean,he,10,6,222,0.04504504504504504
clean,she,7,7,222,0.03153153153153153
clean,daddy,6,8,222,0.02702702702702703
clean,clean,3,9,222,0.013513513513513514
clean,lemme,2,10,222,0.009009009009009009
clean,it,2,11,222,0.009009009009009009
clean,wanna,2,12,222,0.009009009009009009
clean,doggie,2,13,222,0.009009009009009009
clean,mummy'll,2,14,222,0.009009009009009009
clean,everybody,2,15,222,0.009009009009009009
clean,face,2,16,222,0.009009009009009009
clean,bird,1,17,222,0.0045045045045045045
clean,mama,1,18,222,0.0045045045045045045
clean,hafta,1,19,222,0.0045045045045045045
clean,house,1,20,222,0.0045045045045045045
clean,mom,1,21,222,0.0045045045045045045
clean,hadta,1,22,222,0.0045045045045045045
clean,that,1,23,222,0.0045045045045045045
clean,cname,1,24,222,0.0045045045045045045
clean,baby,1,25,222,0.0045045045045045045
clean,carl,1,26,222,0.0045045045045045045
clean,they,1,27,222,0.0045045045045045045
clean,go,1,28,222,0.0045045045045045045
clean,bottom,1,29,222,0.0045045045045045045
clean,mummy,1,30,222,0.0045045045045045045
clean,broom,1,31,222,0.0045045045045045045
wipe,i,62,1,219,0.2831050228310502
wipe,you,41,2,219,0.1872146118721461
wipe,we,30,3,219,0.136986301369863
wipe,us,27,4,219,0.1232876712328767
wipe,mommy,16,5,219,0.0730593607305936
wipe,lemme,10,6,219,0.045662100456621
wipe,nose,8,7,219,0.0365296803652968
wipe,grandma,4,8,219,0.0182648401826484
wipe,he,3,9,219,0.0136986301369863
wipe,wanna,3,10,219,0.0136986301369863
wipe,mummy,3,11,219,0.0136986301369863
wipe,she,2,12,219,0.0091324200913242
wipe,mommy'll,2,13,219,0.0091324200913242
wipe,hand,2,14,219,0.0091324200913242
wipe,laura,1,15,219,0.0045662100456621
wipe,milk,1,16,219,0.0045662100456621
wipe,hadta,1,17,219,0.0045662100456621
wipe,lara,1,18,219,0.0045662100456621
wipe,mama,1,19,219,0.0045662100456621
wipe,needta,1,20,219,0.0045662100456621
taste,it,82,1,216,0.37962962962962965
taste,that,55,2,216,0.25462962962962965
taste,they,15,3,216,0.06944444444444445
taste,you,10,4,216,0.046296296296296294
taste,i,9,5,216,0.041666666666666664
taste,he,4,6,216,0.018518518518518517
taste,this,3,7,216,0.013888888888888888
taste,bubble,3,8,216,0.013888888888888888
taste,wanna,2,9,216,0.009259259259259259
taste,cow,2,10,216,0.009259259259259259
taste,maggie,2,11,216,0.009259259259259259
taste,mm,2,12,216,0.009259259259259259
taste,breakfast,2,13,216,0.009259259259259259
taste,°,2,14,216,0.009259259259259259
taste,boy,1,15,216,0.004629629629629629
taste,needta,1,16,216,0.004629629629629629
taste,what,1,17,216,0.004629629629629629
taste,strawberry,1,18,216,0.004629629629629629
taste,saw,1,19,216,0.004629629629629629
taste,mommy,1,20,216,0.004629629629629629
taste,lemme,1,21,216,0.004629629629629629
taste,juice,1,22,216,0.004629629629629629
taste,man,1,23,216,0.004629629629629629
taste,soap,1,24,216,0.004629629629629629
taste,water,1,25,216,0.004629629629629629
taste,those,1,26,216,0.004629629629629629
taste,mama,1,27,216,0.004629629629629629
taste,grass,1,28,216,0.004629629629629629
taste,shoe,1,29,216,0.004629629629629629
taste,toothpaste,1,30,216,0.004629629629629629
taste,something,1,31,216,0.004629629629629629
taste,one,1,32,216,0.004629629629629629
taste,if't,1,33,216,0.004629629629629629
taste,potato,1,34,216,0.004629629629629629
taste,rice,1,35,216,0.004629629629629629
taste,baby,1,36,216,0.004629629629629629
taste,door,1,37,216,0.004629629629629629
climb,you,108,1,215,0.5023255813953489
climb,spider,15,2,215,0.06976744186046512
climb,he,11,3,215,0.05116279069767442
climb,they,11,4,215,0.05116279069767442
climb,we,10,5,215,0.046511627906976744
climb,she,7,6,215,0.03255813953488372
climb,baby,6,7,215,0.027906976744186046
climb,us,5,8,215,0.023255813953488372
climb,it,5,9,215,0.023255813953488372
climb,animal,4,10,215,0.018604651162790697
climb,wanna,3,11,215,0.013953488372093023
climb,i,3,12,215,0.013953488372093023
climb,who,3,13,215,0.013953488372093023
climb,girl,2,14,215,0.009302325581395349
climb,monkey,2,15,215,0.009302325581395349
climb,nomi,2,16,215,0.009302325581395349
climb,mummy,2,17,215,0.009302325581395349
climb,laura,1,18,215,0.004651162790697674
climb,noah,1,19,215,0.004651162790697674
climb,pg,1,20,215,0.004651162790697674
climb,nala,1,21,215,0.004651162790697674
climb,go,1,22,215,0.004651162790697674
climb,op,1,23,215,0.004651162790697674
climb,pig,1,24,215,0.004651162790697674
climb,man,1,25,215,0.004651162790697674
climb,boy,1,26,215,0.004651162790697674
climb,sailor,1,27,215,0.004651162790697674
climb,george,1,28,215,0.004651162790697674
climb,bug,1,29,215,0.004651162790697674
climb,train,1,30,215,0.004651162790697674
climb,pingu,1,31,215,0.004651162790697674
climb,engine,1,32,215,0.004651162790697674
climb,guy,1,33,215,0.004651162790697674
rid,he,46,1,215,0.21395348837209302
rid,kangaroo,24,2,215,0.11162790697674418
rid,you,18,3,215,0.08372093023255814
rid,who,15,4,215,0.06976744186046512
rid,bear,12,5,215,0.05581395348837209
rid,she,11,6,215,0.05116279069767442
rid,baby,11,7,215,0.05116279069767442
rid,that,9,8,215,0.04186046511627907
rid,man,9,9,215,0.04186046511627907
rid,they,9,10,215,0.04186046511627907
rid,boy,5,11,215,0.023255813953488372
rid,grandad,3,12,215,0.013953488372093023
rid,nobody,2,13,215,0.009302325581395349
rid,somebody,2,14,215,0.009302325581395349
rid,guy,2,15,215,0.009302325581395349
rid,it,2,16,215,0.009302325581395349
rid,dinosaur,2,17,215,0.009302325581395349
rid,child,2,18,215,0.009302325581395349
rid,kermit,2,19,215,0.009302325581395349
rid,lady,2,20,215,0.009302325581395349
rid,anne,2,21,215,0.009302325581395349
rid,rabbit,2,22,215,0.009302325581395349
rid,the,1,23,215,0.004651162790697674
rid,mouse,1,24,215,0.004651162790697674
rid,donkey,1,25,215,0.004651162790697674
rid,people,1,26,215,0.004651162790697674
rid,horse,1,27,215,0.004651162790697674
rid,boat,1,28,215,0.004651162790697674
rid,we,1,29,215,0.004651162790697674
rid,chicken,1,30,215,0.004651162790697674
rid,farmer,1,31,215,0.004651162790697674
rid,danny,1,32,215,0.004651162790697674
rid,doggie,1,33,215,0.004651162790697674
rid,alexa,1,34,215,0.004651162790697674
rid,koala,1,35,215,0.004651162790697674
rid,girl,1,36,215,0.004651162790697674
rid,clown,1,37,215,0.004651162790697674
rid,scooter,1,38,215,0.004651162790697674
rid,i,1,39,215,0.004651162790697674
rid,george,1,40,215,0.004651162790697674
rid,one,1,41,215,0.004651162790697674
rid,mummy'll,1,42,215,0.004651162790697674
rid,ya,1,43,215,0.004651162790697674
rid,elephant,1,44,215,0.004651162790697674
rid,daddy,1,45,215,0.004651162790697674
