rank,actual_frequency,predicted_frequency,squared_error,num_verbs
1,0.37390170922284327,0.37791446158459846,1.610218151677185e-05,100
2,0.16130238966360308,0.13547810637257776,0.0006668936074951294,100
3,0.09216034295631195,0.07434539176419849,0.00031737248597738475,100
4,0.05151034953930439,0.048567385406051114,8.661037889615205e-06,100
5,0.03791178854430339,0.034907432337837246,9.026156215331631e-06,100
6,0.028243977262420415,0.026651991171516287,2.534419713632207e-06,100
7,0.019696767461185156,0.021215262614712283,2.3058275312853722e-06,99
8,0.012514946485506832,0.017410864296353582,2.3970011210566437e-05,99
9,0.009274896533649685,0.014625630502194604,2.8630354002140463e-05,99
10,0.007435867908174752,0.012513923948899787,2.5786653152744015e-05,99
11,0.006018870703241021,0.01086756727313081,2.3509858426861002e-05,99
12,0.0049539738363552745,0.009554440652616824,2.116429492752368e-05,99
13,0.004302362265476797,0.008487061512953463,1.7511707791831776e-05,99
14,0.0036833822777341584,0.007605434291100168,1.5382491995548366e-05,99
15,0.003183024875315449,0.006867180265494574,1.3573000938985899e-05,99
16,0.0028622711294155295,0.006241600057561907,1.1419864004606948e-05,99
17,0.0025338608999813344,0.005705965056066139,1.0062244777050491e-05,99
18,0.002361490700207382,0.005243124903540582,8.303815681819765e-06,98
19,0.0021699842288585586,0.004839919985842185,7.128556946419728e-06,98
20,0.0020589259310364013,0.00448610172994895,5.891182358826771e-06,98
21,0.0018996594167381181,0.0041735820425015955,5.170724107959067e-06,98
22,0.0017819415796702935,0.003895901281117747,4.468825619343807e-06,98
23,0.0017000317468336245,0.0036478444749218496,3.7939744237024936e-06,98
24,0.0016310131222422163,0.003425160078918917,3.218963302152267e-06,97
25,0.0015549221461563967,0.0032243508949389875,2.7869923472618065e-06,97
26,0.0014354111474799403,0.0030425165991831925,2.5827879328943142e-06,97
27,0.0013619515718535692,0.002877233712954008,2.2960799671379306e-06,97
28,0.0013225476323777562,0.0027264631037906563,1.970978650872506e-06,97
29,0.00125830582399287,0.0025884779775695943,1.7693579581509408e-06,97
30,0.0012269381707076255,0.002461807295194168,1.5249017546101602e-06,97
31,0.0011898578319667345,0.002345190922127101,1.3347945492195011e-06,97
32,0.001142253221318851,0.002237543789639198,1.1996614290515088e-06,97
33,0.001111640103586075,0.0021379270405713943,1.053264877026709e-06,97
34,0.0010626761768211925,0.0020455246342852423,9.659910903394622e-07,97
35,0.001039706418660944,0.0019596242523964276,8.462488208245848e-07,97
36,0.0009981227053091565,0.0018796016178586246,7.770050732693927e-07,97
37,0.0009757199248862132,0.0018049075419815715,6.875521043442785e-07,96
38,0.0009508561088175392,0.0017350571659187728,6.149712979586922e-07,96
39,0.0009228779612231153,0.0016696209784132037,5.576251337221565e-07,95
40,0.0009051313576515344,0.0016082172796982957,4.943298137803445e-07,94
41,0.0008863258275115452,0.0015505058293121402,4.4113507479183844e-07,93
42,0.0008607278688316104,0.001496182468217445,4.038025478806116e-07,93
43,0.000837949821014949,0.0014449745467176138,3.6847901761439546e-07,93
44,0.0008293236480674742,0.001396637021952595,3.218444641889188e-07,93
45,0.0008102719345602542,0.0013509491142859548,2.9233181267613757e-07,93
46,0.0007925002865603879,0.001307711432189932,2.6544252458090745e-07,93
47,0.0007866012555977201,0.0012667434914585937,2.305365666574788e-07,93
48,0.0007738015048765457,0.0012278815676150224,2.061887033765789e-07,92
49,0.0007636730420096043,0.0011909768309050375,1.8258852800439295e-07,92
50,0.0007311096236684068,0.0011558937218105732,1.8044153003445363e-07,92
51,0.0007253335850003681,0.0011225085319766241,1.5774793850559177e-07,91
52,0.0007242747991980942,0.0010907081611435023,1.3427340874661446e-07,91
53,0.0007119337759499355,0.0010603890253595703,1.214210608411308e-07,91
54,0.0007010489976653992,0.0010314560956146167,1.0916885037522383e-07,91
55,0.0006979317785150037,0.0010038220492358332,9.356885772166236e-08,91
56,0.0006825882622350369,0.0009774065190505338,8.691780455172828e-08,91
57,0.0006801169139543955,0.0009521354275410867,7.399407173391293e-08,91
58,0.0006700562950699625,0.0009279403950773293,6.650420903660953e-08,91
59,0.0006501419872693842,0.0009047582128739632,6.482942234112187e-08,91
60,0.0006303232101324788,0.000882530372636832,6.360845281849718e-08,91
61,0.0006269229198975224,0.0008612026459746321,5.488699005076554e-08,90
62,0.0006239276492824814,0.0008407247075958089,4.700096449331232e-08,90
63,0.0006148612651378517,0.0008210497971122105,4.251371071774114e-08,89
64,0.0006046097236124729,0.0008021344149545879,3.901600368979779e-08,88
65,0.0005994442285394297,0.0007839380484892232,3.403796959966686e-08,87
66,0.0005983176239663962,0.0007664229249255747,2.825939221057597e-08,87
67,0.0005942259349795691,0.0007495537880348539,2.4126741934764132e-08,87
68,0.0005819079426119194,0.0007332976960697451,2.2918857452021242e-08,86
69,0.000579059363422071,0.0007176238385950785,1.9200113779971006e-08,86
70,0.0005767133012881873,0.0007025033702157378,1.5823141440797902e-08,85
71,0.0005608540935701185,0.000687909259427764,1.6143015171113803e-08,82
72,0.0005581887998297474,0.0006738161510268539,1.3369684344859014e-08,82
73,0.0005565248099071669,0.0006602002406897241,1.074859494794881e-08,82
74,0.0005518924700019085,0.0006470391605019558,9.052892713111786e-09,82
75,0.0005409080768786767,0.0006343118743441398,8.724269380969245e-09,81
76,0.0005368306906328398,0.0006219985821691735,7.253569748744687e-09,80
77,0.0005349921205382048,0.0006100806323097294,5.638284600062378e-09,80
78,0.0005344144740912949,0.0005985404410482338,4.112139638162426e-09,80
79,0.0005354945085023478,0.0005873614187638337,2.6901763800730304e-09,79
80,0.0005279307941638845,0.0005765279020432776,2.361678894241369e-09,78
81,0.0005293878137715171,0.0005660250912066258,1.3422900978571247e-09,77
82,0.0005214022269941471,0.0005558389927553193,1.1858908360898372e-09,76
83,0.0005166167320863531,0.0005459563663003027,8.608141358083594e-10,75
84,0.0005140284243449353,0.0005363646755724201,4.989081188973139e-10,75
85,0.0005135308247127097,0.0005270520431568738,1.8282334821480287e-10,75
86,0.0005102784939607399,0.0005180072086287536,5.973303041957028e-11,74
87,0.0005087083441954194,0.000509219489798044,2.612698270824634e-13,73
88,0.0005077838889607471,0.0005006787468005302,5.048304511689092e-11,73
89,0.0004960443792851585,0.0004923753487960785,1.3461784729798565e-11,71
90,0.0004942258625875541,0.00048430014305816986,9.851990817599874e-11,70
91,0.000493587396059826,0.00047644442625866164,2.9388141360363234e-10,70
92,0.00048203311119909126,0.000468799917769762,1.7511740833804353e-10,66
93,0.00046964172203209343,0.000461358734821401,6.860787713249473e-11,65
94,0.0004689487983817994,0.00045411336936673606,2.2008995406098257e-10,63
95,0.0004615107909012682,0.00044705666652164336,2.0892171158166475e-10,63
96,0.00046123795951633827,0.0004401818044558658,4.433616659306606e-10,63
97,0.00045690193962603866,0.00043348227562415475,5.484806619611373e-10,63
98,0.00044380212457855773,0.0004269518692353846,2.839311051301353e-10,61
99,0.0004400534518773683,0.0004205846548663314,3.79034057056959e-10,60
100,0.0004264205006548053,0.00041437496713470475,1.450948777838665e-10,59
101,0.00042541407494642986,0.0004083173913531715,2.9229658988798964e-10,59
102,0.00042480006729021645,0.0004024067500926058,5.014606551128038e-10,58
103,0.00042551822350503143,0.00039663809058869046,8.340620772655214e-10,56
104,0.00042551822350503143,0.00039100667293135463,1.1910471229994515e-09,56
105,0.0004242055012679923,0.0003855079589814099,1.4974997790218344e-09,56
106,0.00042212858170951776,0.0003801376019631862,1.7632423800568294e-09,56
107,0.0004179579929292705,0.0003748914366860177,1.8547282666532535e-09,55
108,0.0004173249373834613,0.00036976547035112386,2.2619029043999895e-09,55
109,0.0004171373755209196,0.0003647558739038018,2.7438217116641142e-09,55
110,0.0004168248595709089,0.00035985897389393144,3.245112130962467e-09,55
111,0.0004146180738705029,0.0003550712448106143,3.5458248510875886e-09,55
112,0.0004131871057918405,0.0003503893018593488,3.943564178743666e-09,53
113,0.0004082966840447925,0.00034580989415251145,3.904598911042075e-09,52
114,0.000395762089680372,0.00034132989828608383,2.962863459984417e-09,49
115,0.0003893937292714605,0.0003369463122775543,2.7507315493326817e-09,49
116,0.0003893937292714605,0.0003326562498417543,3.219141572036338e-09,49
117,0.0003888907808911378,0.00032845693498306924,3.6522497312401753e-09,48
118,0.00038454844062691534,0.0003243456968840103,3.6243703541738898e-09,48
119,0.00038424247271330743,0.0003203199650715564,4.0860869832097165e-09,48
120,0.0003800550653087836,0.0003163772648439874,4.054862272034395e-09,48
121,0.000378744315007254,0.00031251521294213693,4.386293960351692e-09,47
122,0.0003743662135585078,0.00030873151345011025,4.30791385831928e-09,47
123,0.00036934745395680944,0.0003050239539115388,4.13751265807393e-09,46
124,0.00036934745395680944,0.00030139040164839565,4.618160958448487e-09,46
125,0.0003609348294937719,0.00029782880027027445,3.982370924356912e-09,44
126,0.0003600866483024784,0.0002943371663628463,4.322994375330011e-09,44
127,0.00036501675420061214,0.00029091358634496126,5.4912794862427696e-09,43
128,0.0003645220212615823,0.0002875562134845593,5.923735566769649e-09,43
129,0.0003645220212615823,0.0002842632650641974,6.441467946351263e-09,43
130,0.00036388238685017803,0.00028103301968760206,6.864017639239322e-09,43
131,0.00036169608129581557,0.00027786381471920903,7.0278489193712216e-09,43
132,0.00035999257825355534,0.00027475404384916724,7.2656077474080546e-09,43
133,0.00035737305582648023,0.00027170215477676527,7.3395032866700535e-09,43
134,0.0003565048629769496,0.0002687066470056806,7.708526727737597e-09,42
135,0.0003478864205435641,0.00026576606974486707,6.743752015301061e-09,41
136,0.00034561142480207807,0.0002628790199092817,6.844650819345601e-09,40
137,0.00034561142480207807,0.00026004414021500786,7.3217601916046625e-09,40
138,0.0003350084174071794,0.0002572601173636691,6.044798159655698e-09,39
139,0.00033456768978536936,0.0002545256803113354,6.406723280641344e-09,39
140,0.0003158309928288181,0.00025183959861741574,4.094898533119098e-09,37
141,0.0003114869132103182,0.0002492006808693025,3.879574739238993e-09,36
142,0.00031100945828669077,0.00024660777317878096,4.147577044738372e-09,36
143,0.0003105320033630632,0.00024405975774646036,4.4185594373139775e-09,36
144,0.00030719310754955047,0.00024155555149069576,4.308288765379294e-09,35
145,0.0003047341623092344,0.00023909410473768134,4.308617157996799e-09,35
146,0.0002988906455755736,0.00023667439996958567,3.87086121730461e-09,34
147,0.0002975774690006996,0.0002342954506277807,4.004613849350444e-09,34
148,0.00029651982264095066,0.00023195629996838378,4.168448459891059e-09,34
149,0.0002935998118758151,0.00022965601996749203,4.08880852361492e-09,32
150,0.00028402949419962387,0.00022739371027363396,3.2076120209114167e-09,31
151,0.0002725939720680181,0.00022516849720510373,2.249175665972923e-09,30
152,0.0002662304018944714,0.00022297953278997264,1.8706376782944827e-09,29
153,0.0002656376992306579,0.00022082599384669468,2.0080889394191187e-09,29
154,0.0002656376992306579,0.0002187070811033378,2.2024829178123453e-09,29
155,0.0002656376992306579,0.00021662201835357926,2.4025369718436125e-09,29
156,0.0002656376992306579,0.00021457005164770583,2.6079046296565904e-09,29
157,0.00026468927579305856,0.00021255044851695254,2.7184573097276164e-09,29
158,0.00026468927579305856,0.00021056249722960544,2.929708157657088e-09,29
159,0.0002621633919717762,0.00020860550607737502,2.868447141477698e-09,29
160,0.00025813195147354035,0.00020667880269062828,2.6474265196764856e-09,29
161,0.00025813195147354035,0.0002047817333811399,2.8462457705066917e-09,29
162,0.00025739838194325463,0.0002029136625110947,2.9685846516011867e-09,29
163,0.00025739838194325463,0.00020107397188713752,3.1724391681696264e-09,29
164,0.0002523481318730652,0.00019926206017833052,2.8181310079785114e-09,28
165,0.0002511046299080829,0.00019747734235693517,2.875885970093482e-09,28
166,0.0002511046299080829,0.0001957192491609927,3.067540400500148e-09,28
167,0.00023879937301234233,0.0001939872265777269,2.0081284680774174e-09,27
168,0.00023135509318207773,0.0001922807353468447,1.5268054402358379e-09,27
169,0.00023097302272134468,0.00019059925048285438,1.6300414847654893e-09,27
170,0.00023097302272134468,0.00018894226081556594,1.7665849463802606e-09,27
171,0.00023097302272134468,0.00018730926854797973,1.9065234285120447e-09,27
172,0.00023033641615650806,0.0001856997888308078,1.9924284990134505e-09,27
173,0.00023033641615650806,0.00018411334935291,2.1365719047298878e-09,27
174,0.00023033641615650806,0.0001825494899469619,2.283590316556608e-09,27
175,0.00023033641615650806,0.00018100776220970367,2.4333161002035795e-09,27
176,0.00020917108003034048,0.0001794877291361521,8.811013203075137e-10,26
177,0.00020917108003034048,0.0001779889647671853,9.723243122846954e-10,26
178,0.00020740153520019402,0.00017651105384994012,9.542218380503839e-10,26
179,0.00020740153520019402,0.00017505359151048644,1.046389460952492e-09,26
180,0.0002070047697217405,0.00017361618293826978,1.1147977273973553e-09,26
181,0.00020337169340339372,0.00017219844308183582,9.717715356105095e-10,26
182,0.00020271060197067872,0.00017079999635537455,1.0182867507354823e-09,26
183,0.00020349515500408993,0.00016942047635564133,1.1610837249950386e-09,25
184,0.00020308251890649825,0.00016805952558883471,1.2266100609291044e-09,25
185,0.00020308251890649825,0.00016671679520702826,1.3224658601861932e-09,25
186,0.0002024950605123711,0.00016539194475377267,1.3766411989959548e-09,25
187,0.0001922455968636149,0.00016408464191850216,7.930393834206693e-10,24
188,0.0001922455968636149,0.00016279456229939532,8.673634369028558e-10,24
189,0.00019152941447817364,0.00016152138917435558,9.004815826345847e-10,24
190,0.00019152941447817364,0.00016026481327979314,9.774752880937752e-10,24
191,0.00019152941447817364,0.00015902453259690195,1.0565673461154246e-09,24
192,0.00019064301796241175,0.00015780025214514145,1.0786472665280583e-09,24
193,0.00018992683557697053,0.00015659168378264298,1.111232345150859e-09,24
194,0.00018992683557697053,0.00015539854601327507,1.1922027801944005e-09,24
195,0.00018649927909932472,0.000154220563800112,1.041915461367629e-09,24
196,0.00018649927909932472,0.0001530574683850618,1.1183547038485898e-09,24
197,0.0001853532674455588,0.00015190899711441995,1.1185192179822952e-09,24
198,0.0001853532674455588,0.00015077489327012543,1.1956639606162777e-09,24
199,0.0001853532674455588,0.00014965490590650475,1.2743730165730143e-09,24
200,0.0001853532674455588,0.00014854878969229908,1.3545695826901905e-09,24
201,0.0001853532674455588,0.00014745630475777822,1.4361797809590338e-09,24
202,0.00018451445098029522,0.00014637721654675324,1.4544486502389407e-09,24
203,0.00018828400856558416,0.0001453112956733072,1.8466540533220662e-09,23
204,0.00018828400856558416,0.0001442583177830715,1.9382614488774195e-09,23
205,0.00018828400856558416,0.00014321806341888228,2.030939411965542e-09,23
206,0.00018828400856558416,0.00014219031789065753,2.124628320035818e-09,23
207,0.00018828400856558416,0.0001411748711493431,2.2192708281022823e-09,23
208,0.00018828400856558416,0.0001401715176647811,2.3148117806798567e-09,23
209,0.0001763239137720708,0.00013918005630736053,1.379666147358713e-09,22
210,0.0001763239137720708,0.00013820029023331587,1.4534106717247091e-09,22
211,0.0001763239137720708,0.00013723202677354393,1.5281756291055942e-09,22
212,0.0001763239137720708,0.0001362750773258157,1.6039093006988914e-09,22
213,0.0001758550091157166,0.00013532925725026303,1.6423365642603138e-09,22
214,0.00017376372886190715,0.00013439438576802714,1.549945175643637e-09,22
215,0.00017376372886190715,0.00013347028586295785,1.623561548709576e-09,22
216,0.00017376372886190715,0.00013255678418625877,1.698012289501946e-09,22
217,0.00017376372886190715,0.00013165371096397698,1.7732536073639991e-09,22
218,0.0001729824389868804,0.00013076089990723906,1.7826583622536803e-09,22
219,0.00016965286485882633,0.00012987818812514057,1.5820249092692033e-09,22
220,0.00016965286485882633,0.00012900541604019848,1.6522150954629702e-09,22
221,0.00016965286485882633,0.0001281424273062798,1.7231164258038645e-09,22
222,0.00016965286485882633,0.00012728906872892334,1.794691222535983e-09,22
223,0.00016887157498379952,0.00012644519018797416,1.7999981268434413e-09,22
224,0.00016887157498379952,0.00012561064456245382,1.8715081009205136e-09,22
225,0.00016887157498379952,0.00012478528765759203,1.943600730208923e-09,22
226,0.00016840267032744538,0.00012396897813394796,1.974353001946474e-09,22
227,0.00016840267032744538,0.0001231615774385533,2.0467564857813623e-09,22
228,0.0001674356923102506,0.0001223629497380097,2.031552122983497e-09,22
229,0.0001674356923102506,0.00012157296185347758,2.1033900449506142e-09,22
230,0.0001674356923102506,0.00012079148319749475,2.1756822437544944e-09,22
231,0.0001623808316389393,0.00012001838571256527,1.7945768248649638e-09,21
232,0.00016156233748414935,0.00011925354381146201,1.7900340220380278e-09,21
233,0.00016156233748414935,0.00011849683431918766,1.8546375628513253e-09,21
234,0.00016156233748414935,0.00011774813641654143,1.9196842151927744e-09,21
235,0.00016156233748414935,0.00011700733158524009,1.985148550651839e-09,21
236,0.00016156233748414935,0.0001162743035545444,2.051006017209049e-09,21
237,0.00016025260987984546,0.00011554893824934353,1.998418257247743e-09,21
238,0.00016025260987984546,0.00011483112373965127,2.0631114031838533e-09,21
239,0.00016025260987984546,0.00011412075019147043,2.1281484783079216e-09,21
240,0.0001514998871100095,0.00011341770981898232,1.4502522272252268e-09,21
241,0.0001514998871100095,0.00011272189683802072,1.5037325295344568e-09,21
242,0.00012658016119541547,0.00011203320742079033,2.1161386412108046e-10,20
243,0.00012551969352242408,0.00011135153965179132,2.007365841019258e-10,20
244,0.00012377879077144884,0.0001106767934849137,1.7166233289637423e-10,20
245,0.00012377879077144884,0.00011000887070166499,1.8961069872823614e-10,20
246,0.00012377879077144884,0.00010934767487049728,2.0825710614669716e-10,20
247,0.00012377879077144884,0.00010869311130720039,2.2757772489804743e-10,20
248,0.00012291937190891936,0.00010804508703632881,2.212443504709759e-10,20
249,0.00012291937190891936,0.00010740351075363145,2.407419473901723e-10,20
250,0.00012291937190891936,0.0001067682927894545,2.608573567232138e-10,20
251,0.00012291937190891936,0.00010613934507308784,2.815693006112258e-10,20
252,0.00012291937190891936,0.00010551658109802782,3.0285712800765093e-10,20
253,0.00012291937190891936,0.00010489991588812847,3.2470079528521705e-10,20
254,0.00012291937190891936,0.00010428926596461575,3.470808474959768e-10,20
255,0.00012291937190891936,0.00010368454931393907,3.699784002603643e-10,20
256,0.00012291937190891936,0.00010308568535643592,3.933751222621625e-10,20
257,0.00012240357678692976,0.00010249259491578567,3.9644719907302847e-10,20
258,0.00012240357678692976,0.00010190520018923006,4.2018344314112275e-10,20
259,0.00012240357678692976,0.00010132342471853799,4.4437281122652174e-10,20
260,0.00012240357678692976,0.00010074719336169313,4.689989430608636e-10,20
261,0.00012240357678692976,0.00010017643226528418,4.940459535861189e-10,20
262,0.00012154415792440028,9.961106883757687e-05,4.810603968905324e-10,20
263,0.00012154415792440028,9.90510317222493e-05,5.059407263458912e-10,20
264,0.00012154415792440028,9.849625077277107e-05,5.312060240701212e-10,20
265,0.00012154415792440028,9.794665702740843e-05,5.568420485835312e-10,20
266,0.00012154415792440028,9.740218268483784e-05,5.828349684676461e-10,20
267,0.00012154415792440028,9.686276108035069e-05,6.091713501734613e-10,20
268,0.00012154415792440028,9.632832666263308e-05,6.358381462219163e-10,20
269,0.00012102836280241067,9.579881497110416e-05,6.36530083772183e-10,20
270,0.00012102836280241067,9.527416261379818e-05,6.632788273551273e-10,20
271,0.00012102836280241067,9.475430724577476e-05,6.903259953931904e-10,20
272,0.0001172410037538471,9.423918754804294e-05,5.29083548765595e-10,20
273,0.0001202407807036299,9.372874320698544e-05,7.028881322234823e-10,19
274,0.00011912112194687806,9.322291489426859e-05,6.707171285398312e-10,19
275,0.00011899600574824171,9.272164424722569e-05,6.90342072286073e-10,18
276,0.00011899600574824171,9.222487384970029e-05,7.166935031291022e-10,18
277,0.00011643999654914129,9.173254721333725e-05,6.104580526813237e-10,18
278,0.00011643999654914129,9.124460875930957e-05,6.348075658800013e-10,18
279,0.00011237051705929743,9.076100380046922e-05,4.669710632834722e-10,18
280,0.00011237051705929743,9.028167852391078e-05,4.879167878423826e-10,18
281,0.00011237051705929743,8.980657997393662e-05,5.09131256792121e-10,18
282,0.00011237051705929743,8.933565603541348e-05,5.306048223896482e-10,18
283,0.00011237051705929743,8.886885541750956e-05,5.523280999250834e-10,18
284,0.00010788746566040426,8.840612763780247e-05,3.7952253115087e-10,17
285,0.00010788746566040426,8.794742300674834e-05,3.976053010296174e-10,17
286,0.00010687638464566371,8.749269261250211e-05,3.7572751683645237e-10,17
287,0.00010687638464566371,8.70418883060809e-05,3.934072450449239e-10,17
288,0.00010247550387656306,8.659496268686018e-05,2.521915884778497e-10,16
289,0.00010247550387656306,8.615186908839567e-05,2.664610526974684e-10,16
290,0.00010247550387656306,8.571256156456104e-05,2.8099623495550744e-10,16
291,0.00010247550387656306,8.527699487599459e-05,2.957887118426346e-10,16
292,0.00010247550387656306,8.484512447684613e-05,3.1083027777796313e-10,16
293,0.00010294379832742463,8.44169065018169e-05,3.4324572071777035e-10,15
294,0.00010196470100387938,8.399229775348486e-05,3.2300727859479125e-10,15
295,0.00010196470100387938,8.357125568990808e-05,3.3831883051805266e-10,15
296,0.00010127697417455993,8.315373841249938e-05,3.2845167448723054e-10,15
297,0.00010127697417455993,8.273970465416544e-05,3.4363036127174654e-10,15
298,0.00010016020272639706,8.232911376770324e-05,3.1794773345285256e-10,14
299,0.00010016020272639706,8.19219257144482e-05,3.326347483645822e-10,14
300,0.00010016020272639706,8.151810105316703e-05,3.475279547950459e-10,14
301,0.00010016020272639706,8.111760092918962e-05,3.6262068320700815e-10,14
302,0.00010016020272639706,8.072038706377396e-05,3.7790643299676634e-10,14
303,0.00010417229730121379,8.032642174369822e-05,5.686257811045184e-10,13
304,0.00010417229730121379,7.993566781107468e-05,5.874142090422806e-10,13
305,0.00010417229730121379,7.954808865337966e-05,6.063516515320692e-10,13
306,0.00010417229730121379,7.91636481936947e-05,6.254325301830156e-10,13
307,0.00010417229730121379,7.878231088115329e-05,6.446514104108565e-10,13
308,0.00010417229730121379,7.840404168158864e-05,6.640029976783429e-10,13
309,0.00010285011443578384,7.802880606837728e-05,6.160973490698868e-10,13
310,0.00010285011443578384,7.7656570013474e-05,6.347146805588989e-10,13
311,0.00010090670920383429,7.728729997863344e-05,5.578764921475031e-10,12
312,0.00010090670920383429,7.692096290681376e-05,5.753160254250339e-10,12
313,0.00010090670920383429,7.655752621375826e-05,5.928827122842081e-10,12
314,0.00010090670920383429,7.619695777975054e-05,6.105718154400087e-10,12
315,9.92290762733071e-05,7.583922594153918e-05,5.470850985425038e-10,12
316,9.92290762733071e-05,7.548429948442775e-05,5.638144247537035e-10,12
317,9.92290762733071e-05,7.513214763452663e-05,5.806619698224781e-10,12
318,9.92290762733071e-05,7.478274005116242e-05,5.97623354686143e-10,12
319,9.92290762733071e-05,7.443604681944138e-05,6.146943095002529e-10,12
320,9.836941773665776e-05,7.409203844296357e-05,5.893911453698913e-10,12
321,9.836941773665776e-05,7.375068583668374e-05,6.060819603627983e-10,12
322,9.836941773665776e-05,7.34119603199159e-05,6.228746807084829e-10,12
323,9.836941773665776e-05,7.30758336094781e-05,6.397653979987145e-10,12
324,9.836941773665776e-05,7.27422778129742e-05,6.567503006680554e-10,12
325,9.836941773665776e-05,7.241126542220945e-05,6.738256715800982e-10,12
326,9.693705296577529e-05,7.208276930673699e-05,6.177354162039386e-10,12
327,9.693705296577529e-05,7.175676270753196e-05,6.34047017489384e-10,12
328,9.693705296577529e-05,7.14332192307907e-05,6.504455351817381e-10,12
329,9.693705296577529e-05,7.111211284185174e-05,6.669275324042365e-10,12
330,9.693705296577529e-05,7.079341785923639e-05,6.834896565838534e-10,12
331,9.693705296577529e-05,7.047710894880554e-05,7.001286373811733e-10,12
332,9.693705296577529e-05,7.016316111803073e-05,7.168412846747228e-10,12
333,9.693705296577529e-05,6.985154971037654e-05,7.336244865982166e-10,12
334,9.693705296577529e-05,6.954225039979175e-05,7.504752076292181e-10,12
335,9.693705296577529e-05,6.92352391853072e-05,7.673904867277315e-10,12
336,9.693705296577529e-05,6.893049238573762e-05,7.843674355233202e-10,12
337,9.693705296577529e-05,6.862798663448524e-05,8.014032365493797e-10,12
338,9.693705296577529e-05,6.83276988744431e-05,8.184951415232261e-10,12
339,9.693705296577529e-05,6.802960635299553e-05,8.356404696707119e-10,12
340,9.693705296577529e-05,6.773368661711403e-05,8.528366060941208e-10,12
341,9.693705296577529e-05,6.743991750854612e-05,8.700810001821261e-10,12
342,9.693705296577529e-05,6.71482771590954e-05,8.873711640606372e-10,12
343,9.550468819489285e-05,6.685874398599061e-05,8.205901196195395e-10,12
344,9.550468819489285e-05,6.657129668734198e-05,8.371411441292167e-10,12
345,9.550468819489285e-05,6.628591423768274e-05,8.537367515625395e-10,12
346,9.550468819489285e-05,6.600257588359423e-05,8.703746308284779e-10,12
347,9.550468819489285e-05,6.572126113941244e-05,8.870525271691226e-10,12
348,9.550468819489285e-05,6.544194978301466e-05,9.037682408210165e-10,12
349,9.550468819489285e-05,6.516462185168416e-05,9.205196257103047e-10,12
350,9.550468819489285e-05,6.488925763805142e-05,9.3730458818078e-10,12
351,9.550468819489285e-05,6.461583768611023e-05,9.541210857539201e-10,12
352,9.550468819489285e-05,6.434434278730719e-05,9.70967125920045e-10,12
353,9.464502965824351e-05,6.407475397670268e-05,9.345417552454065e-10,12
354,9.464502965824351e-05,6.380705252920243e-05,9.509808334112607e-10,12
355,9.464502965824351e-05,6.354121995585744e-05,9.674469780022461e-10,12
356,9.464502965824351e-05,6.327723800023151e-05,9.839383535004471e-10,12
357,9.464502965824351e-05,6.301508863483454e-05,1.0004531691443295e-09,12
358,9.464502965824351e-05,6.275475405762026e-05,1.0169896778837066e-09,12
359,9.464502965824351e-05,6.249621668854729e-05,1.0335461753605079e-09,12
360,9.464502965824351e-05,6.223945916620201e-05,1.0501209989146712e-09,12
361,9.14398718558373e-05,6.198446434448187e-05,8.676210316600136e-10,12
362,9.14398718558373e-05,6.173121528933833e-05,8.826042749861824e-10,12
363,9.14398718558373e-05,6.147969527557759e-05,8.976121807203424e-10,12
364,9.14398718558373e-05,6.12298877837184e-05,9.126431376376776e-10,12
365,9.14398718558373e-05,6.098177649690563e-05,9.276955728937748e-10,12
366,9.14398718558373e-05,6.0735345297878344e-05,9.427679511484067e-10,12
367,9.14398718558373e-05,6.0490578265991506e-05,9.578587737104697e-10,12
368,9.14398718558373e-05,6.024745967428997e-05,9.72966577703542e-10,12
369,8.533565262107156e-05,6.000597398663393e-05,6.41592619723886e-10,12
370,8.533565262107156e-05,5.976610585487455e-05,6.538017218287358e-10,12
371,8.533565262107156e-05,5.952784011607908e-05,6.660431862928461e-10,12
372,8.533565262107156e-05,5.9291161789804046e-05,6.783155026599775e-10,12
373,8.533565262107156e-05,5.9056056075416004e-05,6.906171946024314e-10,12
374,8.533565262107156e-05,5.882250834945853e-05,7.029468191673668e-10,12
375,8.533565262107156e-05,5.859050416306474e-05,7.153029660408247e-10,12
376,8.533565262107156e-05,5.8360029239414394e-05,7.276842568290088e-10,12
377,8.533565262107156e-05,5.813106947123463e-05,7.400893443563914e-10,12
378,8.533565262107156e-05,5.7903610918343546e-05,7.525169119802089e-10,12
379,8.533565262107156e-05,5.767763980523574e-05,7.649656729209385e-10,12
380,8.533565262107156e-05,5.7453142518709033e-05,7.774343696083483e-10,12
381,8.533565262107156e-05,5.723010560553147e-05,7.899217730427346e-10,12
382,8.533565262107156e-05,5.7008515770147925e-05,8.024266821709558e-10,12
383,8.533565262107156e-05,5.6788359872425424e-05,8.149479232769042e-10,12
384,8.533565262107156e-05,5.6569624925436635e-05,8.274843493860355e-10,12
385,8.533565262107156e-05,5.6352298093280364e-05,8.400348396836343e-10,12
386,8.533565262107156e-05,5.6136366688938985e-05,8.525982989464353e-10,12
387,8.533565262107156e-05,5.5921818172171366e-05,8.651736569873078e-10,12
388,8.533565262107156e-05,5.5708640147441236e-05,8.777598681126467e-10,12
389,8.390328785018909e-05,5.5496820361879846e-05,8.069273951643702e-10,12
390,8.390328785018909e-05,5.528634670328261e-05,8.189293206055092e-10,12
391,8.390328785018909e-05,5.5077207198138836e-05,8.309429257585061e-10,12
392,8.267941619575753e-05,5.486939000969401e-05,7.733975564695389e-10,12
393,8.267941619575753e-05,5.466288343604407e-05,7.849261078760974e-10,12
394,8.267941619575753e-05,5.4457675908260944e-05,7.964666248549079e-10,12
395,8.267941619575753e-05,5.425375598854883e-05,8.080181582156881e-10,12
396,8.181975765910819e-05,5.4051112368430676e-05,7.710976612794666e-10,12
397,8.181975765910819e-05,5.3849733866964185e-05,7.823222309331019e-10,12
398,8.181975765910819e-05,5.364960942898685e-05,7.935572513070086e-10,12
399,8.181975765910819e-05,5.345072812338954e-05,8.048018367984771e-10,12
400,8.519900803305299e-05,5.325307914141794e-05,1.020542372749403e-09,11
401,8.519900803305299e-05,5.3056651795001525e-05,1.033131064533806e-09,11
402,8.519900803305299e-05,5.2861435515109356e-05,1.0457185963532636e-09,11
403,8.519900803305299e-05,5.266741985013235e-05,1.0583042297031418e-09,11
404,8.519900803305299e-05,5.247459446429153e-05,1.0708872434193392e-09,11
405,8.519900803305299e-05,5.228294913607161e-05,1.0834669333095473e-09,11
406,8.519900803305299e-05,5.2092473756679634e-05,1.096042611792684e-09,11
407,8.101644752543411e-05,5.190315832852819e-05,8.475836078626787e-10,11
408,8.101644752543411e-05,5.17149929637426e-05,8.58575239430872e-10,11
409,8.101644752543411e-05,5.152796788269181e-05,8.695704316404269e-10,11
410,8.101644752543411e-05,5.134207341254248e-05,8.805684789918527e-10,11
411,8.101644752543411e-05,5.11572999858358e-05,8.915686917914997e-10,11
412,8.101644752543411e-05,5.0973638139086815e-05,9.025703958243971e-10,11
413,8.101644752543411e-05,5.079107851140552e-05,9.135729320341994e-10,11
414,8.101644752543411e-05,5.060961184313973e-05,9.245756562100508e-10,11
415,8.101644752543411e-05,5.04292289745389e-05,9.355779386802279e-10,11
416,8.101644752543411e-05,5.024992084443906e-05,9.465791640123804e-10,11
417,8.101644752543411e-05,5.007167848896776e-05,9.575787307202463e-10,11
418,8.101644752543411e-05,4.9894493040269514e-05,9.685760509766567e-10,11
419,8.101644752543411e-05,4.9718355725250614e-05,9.795705503327133e-10,11
420,8.101644752543411e-05,4.954325786434346e-05,9.905616674429832e-10,11
421,8.101644752543411e-05,4.936919087028985e-05,1.0015488537965724e-09,11
422,8.101644752543411e-05,4.919614624694298e-05,1.012531573453944e-09,11
423,8.101644752543411e-05,4.902411558808775e-05,1.0235093027893518e-09,11
424,8.101644752543411e-05,4.885309057627905e-05,1.034481530238761e-09,11
425,7.945386777538051e-05,4.868306298169787e-05,9.468424276509227e-10,11
426,7.945386777538051e-05,4.851402466102469e-05,9.572738919409513e-10,11
427,7.945386777538051e-05,4.834596755632998e-05,9.677014560384043e-10,11
428,7.945386777538051e-05,4.817888369398156e-05,9.781246292917577e-10,11
429,7.945386777538051e-05,4.8012765183568316e-05,9.885429321888595e-10,11
430,7.945386777538051e-05,4.7847604216840296e-05,9.989558961319072e-10,11
431,7.945386777538051e-05,4.7683393066664555e-05,1.0093630632171603e-09,11
432,7.945386777538051e-05,4.752012408599683e-05,1.0197639860192522e-09,11
433,7.945386777538051e-05,4.7357789706868435e-05,1.030158227380022e-09,11
434,7.945386777538051e-05,4.7196382439388446e-05,1.040545360201743e-09,11
435,7.945386777538051e-05,4.7035894870760486e-05,1.050924967244678e-09,11
436,7.945386777538051e-05,4.687631966431446e-05,1.0612966409288233e-09,11
437,7.945386777538051e-05,4.6717649558552305e-05,1.071659983139795e-09,11
438,7.945386777538051e-05,4.655987736620808e-05,1.082014605038728e-09,11
439,7.945386777538051e-05,4.6402995973321795e-05,1.09236012687612e-09,11
440,7.945386777538051e-05,4.6246998338326976e-05,1.1026961778095201e-09,11
441,7.945386777538051e-05,4.609187749115148e-05,1.1130223957249921e-09,11
442,7.945386777538051e-05,4.593762653233167e-05,1.1233384270622482e-09,11
443,7.945386777538051e-05,4.5784238632139386e-05,1.133643926643392e-09,11
444,7.945386777538051e-05,4.563170702972176e-05,1.1439385575051797e-09,11
445,7.945386777538051e-05,4.548002503225345e-05,1.1542219907347272e-09,11
446,7.945386777538051e-05,4.532918601410126e-05,1.164493905308585e-09,11
447,7.945386777538051e-05,4.517918341600087e-05,1.1747539879351035e-09,11
448,7.851605846267214e-05,4.5030010744245385e-05,1.1213153918007537e-09,11
449,7.851605846267214e-05,4.488166156988568e-05,1.1312726543414837e-09,11
450,7.851605846267214e-05,4.473412952794221e-05,1.1412187225511435e-09,11
451,7.851605846267214e-05,4.4587408316628107e-05,1.1511533007326538e-09,11
452,7.668591344755155e-05,4.444149169658353e-05,1.0397027340542998e-09,11
453,7.668591344755155e-05,4.429637349012077e-05,1.0490822986540053e-09,11
454,7.668591344755155e-05,4.415204758048033e-05,1.0584524282565823e-09,11
455,7.668591344755155e-05,4.400850791109742e-05,1.0678128325938834e-09,11
456,7.668591344755155e-05,4.386574848487899e-05,1.0771632281770399e-09,11
457,7.668591344755155e-05,4.372376336349098e-05,1.0865033381641348e-09,11
458,7.668591344755155e-05,4.3582546666655564e-05,1.0958328922305283e-09,11
459,7.61283692459567e-05,4.3442092571458456e-05,1.068392682841848e-09,10
460,7.61283692459567e-05,4.3302395311665834e-05,1.0775445647347434e-09,10
461,7.61283692459567e-05,4.316344917705097e-05,1.086685955149344e-09,10
462,7.61283692459567e-05,4.302524851273021e-05,1.0958166022785693e-09,10
463,7.61283692459567e-05,4.288778771850832e-05,1.1049362602829425e-09,10
464,7.61283692459567e-05,4.2751061248232856e-05,1.11404468917492e-09,10
465,7.61283692459567e-05,4.26150636091577e-05,1.1231416547055036e-09,10
466,7.61283692459567e-05,4.247978936131531e-05,1.1322269282530933e-09,10
467,7.61283692459567e-05,4.234523311689764e-05,1.1413002867145356e-09,10
468,7.61283692459567e-05,4.2211389539645806e-05,1.150361512398305e-09,10
469,7.440953152089776e-05,4.2078253344248e-05,1.0453115485359088e-09,10
470,7.440953152089776e-05,4.194581929574579e-05,1.0538926114374813e-09,10
471,7.440953152089776e-05,4.181408220894858e-05,1.0624633158478478e-09,10
472,7.440953152089776e-05,4.16830369478561e-05,1.0710234470393251e-09,10
473,7.440953152089776e-05,4.155267842508872e-05,1.0795727953595756e-09,10
474,7.440953152089776e-05,4.142300160132575e-05,1.0881111561348192e-09,10
475,7.440953152089776e-05,4.1294001484751146e-05,1.0966383295749283e-09,10
476,7.440953152089776e-05,4.116567313050698e-05,1.1051541206803552e-09,10
477,7.440953152089776e-05,4.103801164015415e-05,1.113658339150866e-09,10
478,7.440953152089776e-05,4.091101216114058e-05,1.1221507992960264e-09,10
479,7.440953152089776e-05,4.0784669886276436e-05,1.1306313199474287e-09,10
480,7.440953152089776e-05,4.06589800532165e-05,1.1390997243726011e-09,10
481,7.440953152089776e-05,4.0533937943949586e-05,1.147555840190572e-09,10
482,7.440953152089776e-05,4.0409538884294656e-05,1.155999499289065e-09,10
483,7.440953152089776e-05,4.0285778243403835e-05,1.1644305377432772e-09,10
484,7.440953152089776e-05,4.016265143327202e-05,1.1728487957362158e-09,10
485,7.440953152089776e-05,4.004015390825303e-05,1.1812541174805646e-09,10
486,7.440953152089776e-05,3.991828116458218e-05,1.189646351142039e-09,10
487,7.440953152089776e-05,3.979702873990534e-05,1.1980253487642079e-09,10
488,7.440953152089776e-05,3.9676392212814e-05,1.2063909661947527e-09,10
489,7.440953152089776e-05,3.9556367202386796e-05,1.2147430630131256e-09,10
490,6.22542374491581e-05,3.94369493677368e-05,5.206286353905706e-10,9
491,6.22542374491581e-05,3.931813440756499e-05,5.260648227345768e-10,9
492,6.22542374491581e-05,3.9199918059719516e-05,5.315016425102441e-10,9
493,6.22542374491581e-05,3.908229610076077e-05,5.369388658535661e-10,9
494,6.22542374491581e-05,3.8965264345532135e-05,5.423762682214138e-10,9
495,6.22542374491581e-05,3.8848818646736404e-05,5.478136293167553e-10,9
496,6.22542374491581e-05,3.8732954894517646e-05,5.532507330152336e-10,9
497,6.22542374491581e-05,3.861766901604865e-05,5.586873672930664e-10,9
498,6.22542374491581e-05,3.850295697512357e-05,5.641233241562543e-10,9
499,6.22542374491581e-05,3.838881477175599e-05,5.695583995710591e-10,9
500,6.22542374491581e-05,3.827523844178219e-05,5.749923933957351e-10,9
501,6.22542374491581e-05,3.81622240564694e-05,5.804251093134919e-10,9
502,6.22542374491581e-05,3.8049767722129305e-05,5.858563547666536e-10,9
503,6.034441775464815e-05,3.793786557973638e-05,5.020535803670436e-10,9
504,6.034441775464815e-05,3.782651380455118e-05,5.070559983057928e-10,9
505,6.034441775464815e-05,3.7715708605748494e-05,5.120584777454951e-10,9
506,6.034441775464815e-05,3.7605446226050186e-05,5.170608261783889e-10,9
507,6.034441775464815e-05,3.749572294136283e-05,5.220628546706518e-10,9
508,6.034441775464815e-05,3.738653506041981e-05,5.270643778019492e-10,9
509,6.034441775464815e-05,3.727787892442815e-05,5.320652136060472e-10,9
510,6.034441775464815e-05,3.716975090671972e-05,5.370651835124731e-10,9
511,6.034441775464815e-05,3.706214741240686e-05,5.420641122892086e-10,9
512,6.523630079150074e-05,3.695506487804242e-05,7.998283047926847e-10,8
513,6.523630079150074e-05,3.6848499771284073e-05,8.058672467634144e-10,8
514,6.523630079150074e-05,3.674244859056281e-05,8.118996132488953e-10,8
515,6.523630079150074e-05,3.663690786475566e-05,8.179252757783564e-10,8
516,6.523630079150074e-05,3.65318741528625e-05,8.239441086529645e-10,8
517,6.523630079150074e-05,3.642734404368691e-05,8.299559888974078e-10,8
518,6.523630079150074e-05,3.6323314155521046e-05,8.359607962123403e-10,8
519,6.523630079150074e-05,3.621978113583436e-05,8.419584129276733e-10,8
520,6.394681298652673e-05,3.6116741660966316e-05,7.745128699857802e-10,8
521,6.394681298652673e-05,3.601419243582284e-05,7.802312908296053e-10,8
522,6.394681298652673e-05,3.5912130193576587e-05,7.85943439301335e-10,8
523,6.394681298652673e-05,3.581055169537088e-05,7.91649199444195e-10,8
524,6.394681298652673e-05,3.570945373002731e-05,7.973484577806135e-10,8
525,6.394681298652673e-05,3.560883311375702e-05,8.030411032695014e-10,8
526,6.394681298652673e-05,3.5508686689875406e-05,8.087270272642917e-10,8
527,6.394681298652673e-05,3.540901132852048e-05,8.144061234717046e-10,8
528,6.394681298652673e-05,3.530980392637454e-05,8.200782879112389e-10,8
529,6.394681298652673e-05,3.521106140638935e-05,8.25743418875368e-10,8
530,6.394681298652673e-05,3.5112780717514676e-05,8.314014168904286e-10,8
531,6.394681298652673e-05,3.5014958834430054e-05,8.370521846781939e-10,8
532,6.394681298652673e-05,3.491759275727991e-05,8.42695627118113e-10,8
533,6.394681298652673e-05,3.482067951141182e-05,8.483316512102094e-10,8
534,6.394681298652673e-05,3.472421614711804e-05,8.539601660386189e-10,8
535,6.394681298652673e-05,3.462819973938009e-05,8.595810827357625e-10,8
536,6.394681298652673e-05,3.453262738761643e-05,8.651943144471423e-10,8
537,6.394681298652673e-05,3.443749621543321e-05,8.707997762967416e-10,8
538,6.394681298652673e-05,3.4342803370378025e-05,8.763973853530251e-10,8
539,6.394681298652673e-05,3.4248546023696575e-05,8.819870605955292e-10,8
540,6.394681298652673e-05,3.415472137009233e-05,8.875687228820212e-10,8
541,6.394681298652673e-05,3.406132662748896e-05,8.931422949162326e-10,8
542,6.394681298652673e-05,3.396835903679573e-05,8.987077012161425e-10,8
543,6.394681298652673e-05,3.3875815861675565e-05,9.042648680828072e-10,8
544,6.394681298652673e-05,3.378369438831602e-05,9.098137235697251e-10,8
545,6.394681298652673e-05,3.36919919252028e-05,9.1535419745273e-10,8
546,6.394681298652673e-05,3.3600705802896166e-05,9.208862212003947e-10,8
547,6.394681298652673e-05,3.3509833373809774e-05,9.264097279449478e-10,8
548,6.394681298652673e-05,3.341937201199234e-05,9.319246524536816e-10,8
549,6.394681298652673e-05,3.332931911291167e-05,9.374309311008557e-10,8
550,6.128762343924111e-05,3.323967209324147e-05,7.866875747075628e-10,8
551,6.128762343924111e-05,3.315042839065041e-05,7.917017452024367e-10,8
552,5.913907628291741e-05,3.306158546359386e-05,6.800355274319043e-10,8
553,5.913907628291741e-05,3.297314079110797e-05,6.84656180161533e-10,8
554,5.913907628291741e-05,3.288509187260616e-05,6.892716974168662e-10,8
555,5.913907628291741e-05,3.279743622767809e-05,6.938820007997887e-10,8
556,5.913907628291741e-05,3.2710171395890736e-05,6.984870135275026e-10,8
557,5.913907628291741e-05,3.262329493659208e-05,7.030866604061345e-10,8
558,5.913907628291741e-05,3.253680442871684e-05,7.076808678047921e-10,8
559,5.913907628291741e-05,3.245069747059457e-05,7.122695636300429e-10,8
560,5.913907628291741e-05,3.2364971679759925e-05,7.168526773008189e-10,8
561,5.913907628291741e-05,3.22796246927652e-05,7.214301397237301e-10,8
562,5.913907628291741e-05,3.2194654164994896e-05,7.260018832687921e-10,8
563,5.913907628291741e-05,3.211005777048252e-05,7.305678417455482e-10,8
564,5.913907628291741e-05,3.202583320172951e-05,7.351279503795839e-10,8
565,5.913907628291741e-05,3.19419781695261e-05,7.396821457894332e-10,8
566,5.913907628291741e-05,3.185849040277442e-05,7.442303659638573e-10,8
567,5.913907628291741e-05,3.177536764831343e-05,7.487725502395005e-10,8
568,5.913907628291741e-05,3.1692607670746005e-05,7.533086392789103e-10,8
569,5.913907628291741e-05,3.1610208252267906e-05,7.578385750489165e-10,8
570,4.998274743076879e-05,3.152816719249869e-05,3.405715317707493e-10,8
571,4.998274743076879e-05,3.1446482308314594e-05,3.4359312468991187e-10,8
572,4.998274743076879e-05,3.136515143368327e-05,3.466148807106948e-10,8
573,4.998274743076879e-05,3.1284172419500377e-05,3.4963670745203155e-10,8
574,4.998274743076879e-05,3.120354313342805e-05,3.526585140412609e-10,8
575,4.998274743076879e-05,3.112326145973518e-05,3.5568021109161346e-10,8
576,4.998274743076879e-05,3.1043325299139494e-05,3.587017106800496e-10,8
577,4.998274743076879e-05,3.096373256865135e-05,3.6172292632544404e-10,8
578,4.998274743076879e-05,3.0884481201419394e-05,3.6474377296710763e-10,8
579,4.998274743076879e-05,3.080556914657784e-05,3.6776416694364487e-10,8
580,4.998274743076879e-05,3.072699436909552e-05,3.707840259721396e-10,8
581,4.998274743076879e-05,3.064875484962657e-05,3.7380326912766254e-10,8
582,4.998274743076879e-05,3.057084858436283e-05,3.7682181682309694e-10,8
583,4.998274743076879e-05,3.049327358488783e-05,3.7983959078927805e-10,8
584,4.998274743076879e-05,3.0416027878032424e-05,3.8285651405543563e-10,8
585,4.998274743076879e-05,3.033910950573204e-05,3.8587251092994213e-10,8
586,4.998274743076879e-05,3.026251652488546e-05,3.8888750698135605e-10,8
587,4.998274743076879e-05,3.01862470072152e-05,3.9190142901975744e-10,8
588,4.998274743076879e-05,3.0110299039129418e-05,3.949142050783703e-10,8
589,4.998274743076879e-05,3.0034670721585315e-05,3.9792576439546823e-10,8
590,4.998274743076879e-05,2.9959360169954078e-05,4.009360373965569e-10,8
591,4.998274743076879e-05,2.9884365513887275e-05,4.039449556768299e-10,8
592,4.814693994912144e-05,2.980968489718471e-05,3.362549228397792e-10,8
593,4.814693994912144e-05,2.9735316477663756e-05,3.389878788547316e-10,8
594,4.814693994912144e-05,2.9661258427030043e-05,3.417204213361914e-10,8
595,4.814693994912144e-05,2.9587508930749634e-05,3.444524797257016e-10,8
596,4.814693994912144e-05,2.9514066187922556e-05,3.471839846007739e-10,8
597,4.814693994912144e-05,2.9440928411157675e-05,3.499148676584336e-10,8
598,4.814693994912144e-05,2.9368093826448954e-05,3.5264506169901154e-10,8
599,4.814693994912144e-05,2.9295560673053086e-05,3.5537450061017947e-10,8
600,4.814693994912144e-05,2.9223327203368368e-05,3.581031193512282e-10,8
601,4.814693994912144e-05,2.9151391682814928e-05,3.608308539375804e-10,8
602,4.814693994912144e-05,2.907975238971627e-05,3.635576414255354e-10,8
603,4.814693994912144e-05,2.9008407615181995e-05,3.662834198972457e-10,8
604,4.42040483745286e-05,2.8937355662991907e-05,2.330719063484875e-10,7
605,4.42040483745286e-05,2.8866594849481234e-05,2.352374806329878e-10,7
606,4.42040483745286e-05,2.879612350342719e-05,2.374041488335053e-10,7
607,4.42040483745286e-05,2.8725939965936663e-05,2.3957183990812433e-10,7
608,4.42040483745286e-05,2.8656042590335103e-05,2.417404838653144e-10,7
609,4.42040483745286e-05,2.8586429742056692e-05,2.4391001174933364e-10,7
610,4.42040483745286e-05,2.8517099798535526e-05,2.460803556258511e-10,7
611,4.42040483745286e-05,2.84480511490981e-05,2.4825144856777357e-10,7
612,4.42040483745286e-05,2.837928219485681e-05,2.50423224641284e-10,7
613,4.42040483745286e-05,2.831079134860467e-05,2.5259561889208035e-10,7
614,4.42040483745286e-05,2.824257703471106e-05,2.547685673318166e-10,7
615,4.42040483745286e-05,2.8174637689018677e-05,2.569420069247396e-10,7
616,4.42040483745286e-05,2.8106971758741442e-05,2.5911587557452166e-10,7
617,4.42040483745286e-05,2.803957770236358e-05,2.6129011211128293e-10,7
618,4.42040483745286e-05,2.7972453989539724e-05,2.6346465627880235e-10,7
619,4.42040483745286e-05,2.7905599100996038e-05,2.6563944872191404e-10,7
620,4.42040483745286e-05,2.783901152843241e-05,2.678144309740859e-10,7
621,4.42040483745286e-05,2.7772689774425665e-05,2.699895454451766e-10,7
622,4.42040483745286e-05,2.7706632352333753e-05,2.7216473540937114e-10,7
623,4.42040483745286e-05,2.764083778620096e-05,2.7433994499328874e-10,7
624,4.42040483745286e-05,2.7575304610664108e-05,2.7651511916426217e-10,7
625,4.42040483745286e-05,2.7510031370859685e-05,2.786902037187868e-10,7
626,4.42040483745286e-05,2.7445016622331996e-05,2.808651452711339e-10,7
627,4.42040483745286e-05,2.7380258930942224e-05,2.830398912421283e-10,7
628,4.42040483745286e-05,2.7315756872778446e-05,2.852143898480864e-10,7
629,4.42040483745286e-05,2.7251509034066536e-05,2.8738859008991386e-10,7
630,4.42040483745286e-05,2.7187514011082056e-05,2.89562441742357e-10,7
631,4.42040483745286e-05,2.7123770410063e-05,2.917358953434091e-10,7
632,4.42040483745286e-05,2.7060276847123407e-05,2.939089021838689e-10,7
633,4.174856591015867e-05,2.6997031948167967e-05,2.1760775423176504e-10,7
634,4.174856591015867e-05,2.6934034348807368e-05,2.1947034538227377e-10,7
635,4.174856591015867e-05,2.6871282694274566e-05,2.2133355588562678e-10,7
636,4.174856591015867e-05,2.680877563934195e-05,2.231973333359898e-10,7
637,4.174856591015867e-05,2.6746511848239274e-05,2.2506162607675217e-10,7
638,4.174856591015867e-05,2.6684489994572458e-05,2.269263831905445e-10,7
639,4.174856591015867e-05,2.6622708761243225e-05,2.287915544893964e-10,7
640,4.174856591015867e-05,2.656116684036952e-05,2.306570905050322e-10,7
641,4.174856591015867e-05,2.6499862933206745e-05,2.325229424793024e-10,7
642,4.174856591015867e-05,2.6438795750069814e-05,2.3438906235474705e-10,7
643,4.174856591015867e-05,2.6377964010255945e-05,2.3625540276529317e-10,7
644,4.174856591015867e-05,2.6317366441968287e-05,2.3812191702707904e-10,7
645,4.174856591015867e-05,2.625700178224025e-05,2.3998855912940875e-10,7
646,4.174856591015867e-05,2.6196868776860647e-05,2.418552837258298e-10,7
647,4.174856591015867e-05,2.613696618029955e-05,2.4372204612533727e-10,7
648,4.174856591015867e-05,2.607729275563492e-05,2.4558880228369663e-10,7
649,4.174856591015867e-05,2.601784727447994e-05,2.4745550879488997e-10,7
650,4.174856591015867e-05,2.595862851691108e-05,2.493221228826784e-10,7
651,4.174856591015867e-05,2.5899635271396872e-05,2.5118860239228234e-10,7
652,4.027486556161694e-05,2.5840866334727436e-05,2.0834033368184687e-10,7
653,4.027486556161694e-05,2.5782320511944637e-05,2.1003386201678126e-10,7
654,4.027486556161694e-05,2.5723996616272975e-05,2.1172778706457545e-10,7
655,4.027486556161694e-05,2.566589346905117e-05,2.1342206560136555e-10,7
656,4.027486556161694e-05,2.560800989966437e-05,2.1511665500855025e-10,7
657,4.027486556161694e-05,2.555034474547709e-05,2.1681151326493583e-10,7
658,4.027486556161694e-05,2.549289685176677e-05,2.1850659893898955e-10,7
659,4.027486556161694e-05,2.5435665071657993e-05,2.2020187118119792e-10,7
660,4.027486556161694e-05,2.5378648266057368e-05,2.218972897165282e-10,7
661,4.027486556161694e-05,2.5321845303589024e-05,2.235928148369933e-10,7
662,4.027486556161694e-05,2.5265255060530743e-05,2.252884073943171e-10,7
663,4.027486556161694e-05,2.5208876420750755e-05,2.269840287926979e-10,7
664,4.027486556161694e-05,2.5152708275645066e-05,2.286796409816723e-10,7
665,4.027486556161694e-05,2.5096749524075494e-05,2.3037520644907294e-10,7
666,4.027486556161694e-05,2.504099907230823e-05,2.3207068821408291e-10,7
667,4.027486556161694e-05,2.498545583395304e-05,2.3376604982038356e-10,7
668,4.027486556161694e-05,2.493011872990305e-05,2.354612553293936e-10,7
669,4.027486556161694e-05,2.4874986688275073e-05,2.3715626931360125e-10,7
670,4.027486556161694e-05,2.4820058644350592e-05,2.3885105684998386e-10,7
671,4.027486556161694e-05,2.476533354051724e-05,2.40545583513517e-10,7
672,4.027486556161694e-05,2.4710810326210885e-05,2.422398153707707e-10,7
673,4.027486556161694e-05,2.4656487957858235e-05,2.439337189735916e-10,7
674,4.027486556161694e-05,2.4602365398820057e-05,2.456272613528684e-10,7
675,4.027486556161694e-05,2.4548441619334864e-05,2.47320410012383e-10,7
676,4.027486556161694e-05,2.4494715596463216e-05,2.490131329227412e-10,7
677,4.027486556161694e-05,2.444118631403249e-05,2.507053985153866e-10,7
678,4.027486556161694e-05,2.4387852762582213e-05,2.523971756766933e-10,7
679,4.027486556161694e-05,2.433471393930993e-05,2.5408843374213685e-10,7
680,4.027486556161694e-05,2.428176884801753e-05,2.5577914249054437e-10,7
681,4.027486556161694e-05,2.4229016499058157e-05,2.574692721384187e-10,7
682,4.027486556161694e-05,2.417645590928357e-05,2.5915879333434034e-10,7
683,4.027486556161694e-05,2.412408610199199e-05,2.608476771534433e-10,7
684,4.027486556161694e-05,2.4071906106876553e-05,2.62535895091961e-10,7
685,4.027486556161694e-05,2.4019914959974086e-05,2.6422341906184947e-10,7
686,4.027486556161694e-05,2.3968111703614482e-05,2.659102213854781e-10,7
687,4.027486556161694e-05,2.391649538637053e-05,2.675962747903913e-10,7
688,4.027486556161694e-05,2.3865065063008186e-05,2.6928155240414017e-10,7
689,4.027486556161694e-05,2.3813819794437345e-05,2.709660277491813e-10,7
690,4.027486556161694e-05,2.3762758647663066e-05,2.7264967473784344e-10,7
691,4.027486556161694e-05,2.3711880695737234e-05,2.7433246766736025e-10,7
692,4.027486556161694e-05,2.366118501771072e-05,2.760143812149682e-10,7
693,4.027486556161694e-05,2.3610670698585912e-05,2.7769539043306976e-10,7
694,4.027486556161694e-05,2.356033682926979e-05,2.793754707444585e-10,7
695,4.027486556161694e-05,2.3510182506527364e-05,2.8105459793760763e-10,7
696,4.027486556161694e-05,2.346020683293554e-05,2.827327481620217e-10,7
697,4.027486556161694e-05,2.3410408916837492e-05,2.844098979236458e-10,7
698,4.027486556161694e-05,2.3360787872297354e-05,2.8608602408033865e-10,7
699,4.027486556161694e-05,2.331134281905543e-05,2.8776110383740174e-10,7
700,4.027486556161694e-05,2.3262072882483748e-05,2.89435114743168e-10,7
701,4.027486556161694e-05,2.321297719354204e-05,2.911080346846496e-10,7
702,4.027486556161694e-05,2.3164054888734173e-05,2.927798418832389e-10,7
703,4.027486556161694e-05,2.3115305110064914e-05,2.944505148904685e-10,7
704,4.027486556161694e-05,2.306672700499713e-05,2.9612003258382545e-10,7
705,4.027486556161694e-05,2.3018319726409402e-05,2.977883741626187e-10,7
706,4.027486556161694e-05,2.2970082432553962e-05,2.9945551914390277e-10,7
707,4.027486556161694e-05,2.2922014287015095e-05,3.0112144735845097e-10,7
708,4.027486556161694e-05,2.2874114458667856e-05,3.027861389467838e-10,7
709,4.027486556161694e-05,2.2826382121637194e-05,3.0444957435524754e-10,7
710,4.027486556161694e-05,2.2778816455257454e-05,3.0611173433214266e-10,7
711,4.027486556161694e-05,2.2731416644032243e-05,3.077725999239038e-10,7
712,4.027486556161694e-05,2.268418187759464e-05,3.094321524713284e-10,7
713,4.027486556161694e-05,2.26371113506678e-05,3.1109037360585426e-10,7
714,4.027486556161694e-05,2.259020426302589e-05,3.127472452458842e-10,7
715,4.027486556161694e-05,2.25434598194554e-05,3.144027495931593e-10,7
716,4.027486556161694e-05,2.2496877229716787e-05,3.1605686912917807e-10,7
717,4.027486556161694e-05,2.2450455708506477e-05,3.177095866116615e-10,7
718,4.027486556161694e-05,2.2404194475419188e-05,3.193608850710644e-10,7
719,4.027486556161694e-05,2.2358092754910647e-05,3.210107478071302e-10,7
720,4.027486556161694e-05,2.2312149776260546e-05,3.2265915838549185e-10,7
721,3.781938309724702e-05,2.226636477353595e-05,2.418963789776922e-10,7
722,3.781938309724702e-05,2.2220736985554937e-05,2.4331776051780647e-10,7
723,3.781938309724702e-05,2.2175265655850606e-05,2.447384105202034e-10,7
724,3.781938309724702e-05,2.2129950032635407e-05,2.4615830988892813e-10,7
725,3.781938309724702e-05,2.208478936876578e-05,2.475774398003611e-10,7
726,3.781938309724702e-05,2.2039782921707104e-05,2.489957816998993e-10,7
727,3.781938309724702e-05,2.199492995349898e-05,2.504133172986772e-10,7
728,3.781938309724702e-05,2.1950229730720814e-05,2.5183002857032996e-10,7
729,3.781938309724702e-05,2.190568152445768e-05,2.5324589774779793e-10,7
730,3.781938309724702e-05,2.1861284610266527e-05,2.5466090732016906e-10,7
731,3.781938309724702e-05,2.181703826814266e-05,2.5607504002956296e-10,7
732,3.781938309724702e-05,2.1772941782486524e-05,2.574882788680525e-10,7
733,3.781938309724702e-05,2.172899444207078e-05,2.589006070746242e-10,7
734,3.781938309724702e-05,2.1685195540007678e-05,2.6031200813217677e-10,7
735,3.781938309724702e-05,2.16415443737167e-05,2.617224657645571e-10,7
736,3.781938309724702e-05,2.159804024489252e-05,2.631319639336324e-10,7
737,3.781938309724702e-05,2.1554682459473208e-05,2.645404868363998e-10,7
738,3.781938309724702e-05,2.1511470327608742e-05,2.6594801890213117e-10,7
739,3.781938309724702e-05,2.1468403163629785e-05,2.673545447895534e-10,7
740,3.781938309724702e-05,2.142548028601672e-05,2.687600493840647e-10,7
741,3.781938309724702e-05,2.138270101736899e-05,2.701645177949835e-10,7
742,3.781938309724702e-05,2.1340064684374687e-05,2.7156793535283304e-10,7
743,3.781938309724702e-05,2.129757061778038e-05,2.729702876066596e-10,7
744,3.781938309724702e-05,2.1255218152361266e-05,2.7437156032138203e-10,7
745,3.781938309724702e-05,2.1213006626891522e-05,2.7577173947517667e-10,7
746,3.781938309724702e-05,2.1170935384114954e-05,2.771708112568923e-10,7
747,3.781938309724702e-05,2.1129003770715867e-05,2.7856876206349846e-10,7
748,3.781938309724702e-05,2.108721113729023e-05,2.7996557849756417e-10,7
749,3.781938309724702e-05,2.104555683831704e-05,2.813612473647689e-10,7
750,3.781938309724702e-05,2.1004040232129976e-05,2.8275575567144264e-10,7
751,3.781938309724702e-05,2.0962660680889277e-05,2.8414909062213756e-10,7
752,3.781938309724702e-05,2.0921417550553858e-05,2.855412396172291e-10,7
753,3.781938309724702e-05,2.0880310210853695e-05,2.8693219025054546e-10,7
754,3.781938309724702e-05,2.0839338035262398e-05,2.883219303070283e-10,7
755,3.781938309724702e-05,2.079850040097006e-05,2.897104477604204e-10,7
756,3.781938309724702e-05,2.075779668885633e-05,2.910977307709819e-10,7
757,3.781938309724702e-05,2.071722628346372e-05,2.924837676832345e-10,7
758,3.781938309724702e-05,2.0676788572971103e-05,2.938685470237346e-10,7
759,3.781938309724702e-05,2.0636482949167498e-05,2.952520574988712e-10,7
760,3.781938309724702e-05,2.0596308807426032e-05,2.9663428799269267e-10,7
761,3.781938309724702e-05,2.0556265546678136e-05,2.9801522756475936e-10,7
762,3.781938309724702e-05,2.051635256938798e-05,2.9939486544802185e-10,7
763,3.781938309724702e-05,2.0476569281527075e-05,3.0077319104672653e-10,7
764,3.781938309724702e-05,2.0436915092549176e-05,3.021501939343442e-10,7
765,3.781938309724702e-05,2.0397389415365285e-05,3.0352586385152705e-10,7
766,3.781938309724702e-05,2.0357991666318975e-05,3.0490019070408727e-10,7
767,3.781938309724702e-05,2.0318721265161845e-05,3.062731645610028e-10,7
768,3.781938309724702e-05,2.027957763502921e-05,3.076447756524456e-10,7
769,3.781938309724702e-05,2.024056020241602e-05,3.0901501436783446e-10,7
770,3.781938309724702e-05,2.020166839715293e-05,3.103838712539113e-10,7
771,3.781938309724702e-05,2.016290165238261e-05,3.117513370128411e-10,7
772,3.781938309724702e-05,2.012425940453624e-05,3.131174025003343e-10,7
773,3.781938309724702e-05,2.0085741093310215e-05,3.144820587237917e-10,7
774,3.781938309724702e-05,2.0047346161643007e-05,3.158452968404732e-10,7
775,3.781938309724702e-05,2.0009074055692284e-05,3.172071081556863e-10,7
776,3.781938309724702e-05,1.997092422481215e-05,3.1856748412099893e-10,7
777,3.781938309724702e-05,1.9932896121530633e-05,3.199264163324719e-10,7
778,3.781938309724702e-05,1.9894989201527317e-05,3.212838965289137e-10,7
779,3.781938309724702e-05,1.9857202923611193e-05,3.2263991659015595e-10,7
780,3.781938309724702e-05,1.9819536749698667e-05,3.239944685353497e-10,7
781,3.781938309724702e-05,1.9781990144791786e-05,3.253475445212817e-10,7
782,3.781938309724702e-05,1.974456257695658e-05,3.266991368407123e-10,7
783,3.781938309724702e-05,1.9707253517301674e-05,3.2804923792073113e-10,7
784,3.781938309724702e-05,1.9670062439956993e-05,3.2939784032113443e-10,7
785,3.781938309724702e-05,1.9632988822052686e-05,3.307449367328212e-10,7
786,3.781938309724702e-05,1.9596032143698222e-05,3.3209051997620783e-10,7
787,3.781938309724702e-05,1.9559191887961633e-05,3.3343458299966326e-10,7
788,3.781938309724702e-05,1.9522467540848976e-05,3.3477711887796067e-10,7
789,3.781938309724702e-05,1.9485858591283903e-05,3.361181208107501e-10,7
790,3.781938309724702e-05,1.944936453108744e-05,3.374575821210476e-10,7
791,3.781938309724702e-05,1.9412984854957928e-05,3.387954962537429e-10,7
792,3.781938309724702e-05,1.9376719060451104e-05,3.401318567741254e-10,7
793,3.781938309724702e-05,1.9340566647960377e-05,3.414666573664266e-10,7
794,3.781938309724702e-05,1.930452712069724e-05,3.4279989183238106e-10,7
795,3.781938309724702e-05,1.9268599984671855e-05,3.441315540898039e-10,7
796,3.781938309724702e-05,1.9232784748673783e-05,3.4546163817118533e-10,7
797,3.781938309724702e-05,1.9197080924252897e-05,3.467901382223016e-10,7
798,3.781938309724702e-05,1.916148802570041e-05,3.4811704850084327e-10,7
799,3.781938309724702e-05,1.9126005570030093e-05,3.4944236337505877e-10,7
800,3.781938309724702e-05,1.909063307695962e-05,3.507660773224152e-10,7
801,3.781938309724702e-05,1.9055370068892102e-05,3.5208818492827305e-10,7
802,3.781938309724702e-05,1.902021607089771e-05,3.534086808845791e-10,7
803,3.781938309724702e-05,1.8985170610695495e-05,3.547275599885733e-10,7
804,3.781938309724702e-05,1.8950233218635332e-05,3.5604481714151145e-10,7
805,3.781938309724702e-05,1.8915403427680034e-05,3.573604473474019e-10,7
806,3.781938309724702e-05,1.888068077338757e-05,3.5867444571175936e-10,7
807,3.781938309724702e-05,1.8846064793893462e-05,3.599868074403711e-10,7
808,3.781938309724702e-05,1.881155502989329e-05,3.612975278380802e-10,7
809,3.781938309724702e-05,1.877715102462539e-05,3.6260660230757987e-10,7
810,3.781938309724702e-05,1.8742852323853617e-05,3.639140263482255e-10,7
811,3.781938309724702e-05,1.870865847585032e-05,3.6521979555485794e-10,7
812,3.781938309724702e-05,1.867456903137939e-05,3.66523905616643e-10,7
813,3.781938309724702e-05,1.864058354367948e-05,3.678263523159224e-10,7
814,3.781938309724702e-05,1.860670156844736e-05,3.6912713152707956e-10,7
815,3.781938309724702e-05,1.8572922663821377e-05,3.704262392154187e-10,7
816,3.781938309724702e-05,1.853924639036508e-05,3.717236714360563e-10,7
817,3.781938309724702e-05,1.8505672311050944e-05,3.730194243328266e-10,7
818,3.781938309724702e-05,1.8472199991244243e-05,3.743134941371992e-10,7
819,3.781938309724702e-05,1.8438828998687034e-05,3.756058771672102e-10,7
820,3.781938309724702e-05,1.84055589034823e-05,3.7689656982640434e-10,7
821,3.781938309724702e-05,1.8372389278078176e-05,3.7818556860279116e-10,7
822,3.781938309724702e-05,1.8339319697252326e-05,3.794728700678128e-10,7
823,3.645458601615353e-05,1.830634973809643e-05,3.293584800041878e-10,6
824,3.645458601615353e-05,1.8273478980000827e-05,3.305526530600414e-10,6
825,3.645458601615353e-05,1.8240707004639198e-05,3.3174538864608236e-10,6
826,3.645458601615353e-05,1.820803339595348e-05,3.329366825217294e-10,6
827,3.645458601615353e-05,1.8175457740138787e-05,3.341265305310018e-10,6
828,3.645458601615353e-05,1.814297962562855e-05,3.353149286015153e-10,6
829,3.645458601615353e-05,1.81105986430797e-05,3.365018727434922e-10,6
830,3.645458601615353e-05,1.8078314385357983e-05,3.376873590487813e-10,6
831,3.645458601615353e-05,1.8046126447523414e-05,3.388713836898897e-10,6
832,3.645458601615353e-05,1.8014034426815833e-05,3.400539429190251e-10,6
833,3.645458601615353e-05,1.798203792264055e-05,3.4123503306715003e-10,6
834,3.645458601615353e-05,1.7950136536554143e-05,3.424146505430461e-10,6
835,3.645458601615353e-05,1.7918329872250318e-05,3.4359279183238964e-10,6
836,3.645458601615353e-05,1.788661753554592e-05,3.447694534968377e-10,6
837,3.645458601615353e-05,1.7854999134367047e-05,3.4594463217312387e-10,6
838,3.645458601615353e-05,1.7823474278735228e-05,3.471183245721661e-10,6
839,3.645458601615353e-05,1.7792042580753775e-05,3.4829052747818256e-10,6
840,3.645458601615353e-05,1.7760703654594186e-05,3.494612377478196e-10,6
841,3.645458601615353e-05,1.7729457116482676e-05,3.5063045230928866e-10,6
842,3.645458601615353e-05,1.769830258468681e-05,3.51798168161513e-10,6
843,3.645458601615353e-05,1.7667239679502233e-05,3.5296438237328495e-10,6
844,3.645458601615353e-05,1.763626802323952e-05,3.5412909208243125e-10,6
845,3.645458601615353e-05,1.7605387240211087e-05,3.5529229449499017e-10,6
846,3.645458601615353e-05,1.7574596956718247e-05,3.5645398688439603e-10,6
847,3.645458601615353e-05,1.7543896801038346e-05,3.576141665906738e-10,6
848,3.645458601615353e-05,1.7513286403411983e-05,3.5877283101964314e-10,6
849,3.645458601615353e-05,1.748276539603036e-05,3.599299776421308e-10,6
850,3.645458601615353e-05,1.745233341302269e-05,3.6108560399319283e-10,6
851,3.645458601615353e-05,1.7421990090443728e-05,3.622397076713454e-10,6
852,3.645458601615353e-05,1.7391735066261416e-05,3.6339228633780274e-10,6
853,3.645458601615353e-05,1.736156798034454e-05,3.645433377157275e-10,6
854,3.645458601615353e-05,1.7331488474450583e-05,3.6569285958948533e-10,6
855,3.645458601615353e-05,1.730149619221362e-05,3.6684084980391064e-10,6
856,3.645458601615353e-05,1.7271590779132264e-05,3.6798730626358066e-10,6
857,3.3589856474388617e-05,1.7241771882557813e-05,2.6725986982165573e-10,6
858,3.3589856474388617e-05,1.7212039151682358e-05,2.682329002559372e-10,6
859,3.3589856474388617e-05,1.7182392237527085e-05,2.6920488268389016e-10,6
860,3.3589856474388617e-05,1.7152830792930603e-05,2.701758132529103e-10,6
861,3.3589856474388617e-05,1.7123354472537384e-05,2.711456881769706e-10,6
862,3.3589856474388617e-05,1.7093962932786297e-05,2.721145037358771e-10,6
863,3.3589856474388617e-05,1.7064655831899196e-05,2.730822562745328e-10,6
864,3.3589856474388617e-05,1.7035432829869624e-05,2.740489422022095e-10,6
865,3.3589856474388617e-05,1.7006293588451608e-05,2.7501455799182743e-10,6
866,3.3589856474388617e-05,1.697723777114849e-05,2.7597910017924366e-10,6
867,3.3589856474388617e-05,1.6948265043201905e-05,2.76942565362547e-10,6
868,3.3589856474388617e-05,1.691937507158078e-05,2.7790495020136194e-10,6
869,3.3589856474388617e-05,1.6890567524970472e-05,2.7886625141615894e-10,6
870,3.3589856474388617e-05,1.6861842073761943e-05,2.7982646578757337e-10,6
871,3.3589856474388617e-05,1.6833198390041035e-05,2.8078559015573114e-10,6
872,3.3589856474388617e-05,1.6804636147577822e-05,2.817436214195823e-10,6
873,3.3589856474388617e-05,1.677615502181604e-05,2.827005565362412e-10,6
874,3.3589856474388617e-05,1.6747754689862603e-05,2.8365639252033436e-10,6
875,3.3589856474388617e-05,1.6719434830477178e-05,2.846111264433555e-10,6
876,3.3589856474388617e-05,1.669119512406186e-05,2.855647554330273e-10,6
877,3.3589856474388617e-05,1.6663035252650902e-05,2.865172766726702e-10,6
878,3.3589856474388617e-05,1.6634954899900536e-05,2.874686874005784e-10,6
879,3.3589856474388617e-05,1.660695375107886e-05,2.8841898490940196e-10,6
880,3.3589856474388617e-05,1.657903149305581e-05,2.893681665455362e-10,6
881,3.3589856474388617e-05,1.6551187814293202e-05,2.903162297085177e-10,6
882,3.3589856474388617e-05,1.6523422404834822e-05,2.912631718504265e-10,6
883,3.3589856474388617e-05,1.6495734956296635e-05,2.922089904752953e-10,6
884,3.3589856474388617e-05,1.6468125161857036e-05,2.9315368313852437e-10,6
885,3.3589856474388617e-05,1.6440592716247165e-05,2.9409724744630387e-10,6
886,3.3589856474388617e-05,1.6413137315741324e-05,2.950396810550409e-10,6
887,3.3589856474388617e-05,1.6385758658147432e-05,2.959809816707947e-10,6
888,3.3589856474388617e-05,1.635845644279757e-05,2.9692114704871584e-10,6
889,3.3589856474388617e-05,1.633123037053858e-05,2.978601749924939e-10,6
890,3.3589856474388617e-05,1.6304080143722766e-05,2.9879806335380776e-10,6
891,3.3589856474388617e-05,1.6277005466198597e-05,2.997348100317862e-10,6
892,3.3589856474388617e-05,1.6250006043301546e-05,3.0067041297247045e-10,6
893,3.3589856474388617e-05,1.622308158184497e-05,3.016048701682844e-10,6
894,3.3589856474388617e-05,1.6196231790111026e-05,3.025381796575107e-10,6
895,3.1870539401089934e-05,1.6169456377841724e-05,2.4652400810293315e-10,6
896,3.1870539401089934e-05,1.6142755056229948e-05,2.4736320039842286e-10,6
897,3.1870539401089934e-05,1.611612753791064e-05,2.482014931546845e-10,6
898,3.1870539401089934e-05,1.608957353695197e-05,2.4903888360508764e-10,6
899,3.1870539401089934e-05,1.606309276884663e-05,2.498753690312202e-10,6
900,3.1870539401089934e-05,1.6036684950503136e-05,2.5071094676236736e-10,6
901,3.1870539401089934e-05,1.601034980023724e-05,2.51545614174996e-10,6
902,3.1870539401089934e-05,1.5984087037763364e-05,2.5237936869224435e-10,6
903,3.1870539401089934e-05,1.5957896384186136e-05,2.532122077834172e-10,6
904,3.1870539401089934e-05,1.593177756199195e-05,2.5404412896348616e-10,6
905,3.1870539401089934e-05,1.5905730295040598e-05,2.548751297925958e-10,6
906,3.1870539401089934e-05,1.5879754308556973e-05,2.5570520787557437e-10,6
907,3.1870539401089934e-05,1.585384932912283e-05,2.5653436086144965e-10,6
908,3.1870539401089934e-05,1.582801508466858e-05,2.5736258644297043e-10,6
909,3.1870539401089934e-05,1.5802251304465182e-05,2.5818988235613267e-10,6
910,3.1870539401089934e-05,1.5776557719116057e-05,2.5901624637971066e-10,6
911,3.1870539401089934e-05,1.5750934060549088e-05,2.5984167633479294e-10,6
912,3.1870539401089934e-05,1.572538006200865e-05,2.6066617008432366e-10,6
913,3.1870539401089934e-05,1.5699895458047718e-05,2.614897255326479e-10,6
914,3.1870539401089934e-05,1.567447998452002e-05,2.6231234062506294e-10,6
915,3.1870539401089934e-05,1.564913337857226e-05,2.6313401334737265e-10,6
916,3.1870539401089934e-05,1.562385537863637e-05,2.639547417254479e-10,6
917,3.1870539401089934e-05,1.559864572442183e-05,2.6477452382479137e-10,6
918,3.1870539401089934e-05,1.557350415690807e-05,2.6559335775010584e-10,6
919,3.1870539401089934e-05,1.554843041833685e-05,2.6641124164486887e-10,6
920,3.1870539401089934e-05,1.5523424252204806e-05,2.6722817369090965e-10,6
921,3.1870539401089934e-05,1.5498485403255926e-05,2.680441521079925e-10,6
922,3.1870539401089934e-05,1.5473613617474177e-05,2.688591751534032e-10,6
923,3.1870539401089934e-05,1.544880864207614e-05,2.696732411215398e-10,6
924,3.1870539401089934e-05,1.5424070225503672e-05,2.7048634834350903e-10,6
925,3.1870539401089934e-05,1.5399398117416695e-05,2.712984951867249e-10,6
926,3.1870539401089934e-05,1.537479206868594e-05,2.7210968005451345e-10,6
927,3.1870539401089934e-05,1.5350251831385847e-05,2.7291990138571937e-10,6
928,3.1870539401089934e-05,1.53257771587874e-05,2.7372915765431955e-10,6
929,3.1870539401089934e-05,1.5301367805351115e-05,2.745374473690381e-10,6
930,3.1870539401089934e-05,1.5277023526720007e-05,2.7534476907296675e-10,6
931,3.1870539401089934e-05,1.5252744079712652e-05,2.761511213431887e-10,6
932,3.1870539401089934e-05,1.5228529222316254e-05,2.769565027904067e-10,6
933,3.1870539401089934e-05,1.5204378713679806e-05,2.777609120585748e-10,6
934,3.1870539401089934e-05,1.5180292314107253e-05,2.7856434782453387e-10,6
935,3.1870539401089934e-05,1.5156269785050738e-05,2.79366808797651e-10,6
936,3.1870539401089934e-05,1.5132310889103881e-05,2.8016829371946287e-10,6
937,3.1870539401089934e-05,1.5108415389995103e-05,2.809688013633218e-10,6
938,3.1870539401089934e-05,1.5084583052580996e-05,2.8176833053404756e-10,6
939,3.1870539401089934e-05,1.5060813642839738e-05,2.825668800675802e-10,6
940,3.4218328248042656e-05,1.5037106927864565e-05,3.6791925133365454e-10,5
941,3.4218328248042656e-05,1.5013462675857274e-05,3.6882686164571127e-10,5
942,3.4218328248042656e-05,1.4989880656121772e-05,3.69733196795248e-10,5
943,3.4218328248042656e-05,1.4966360639057685e-05,3.706382568174065e-10,5
944,3.4218328248042656e-05,1.4942902396153978e-05,3.715420417716584e-10,5
945,3.4218328248042656e-05,1.4919505699982661e-05,3.724445517415089e-10,5
946,3.4218328248042656e-05,1.4896170324192512e-05,3.7334578683420487e-10,5
947,3.4218328248042656e-05,1.4872896043502831e-05,3.742457471804465e-10,5
948,3.4218328248042656e-05,1.4849682633697276e-05,3.751444329341005e-10,5
949,3.4218328248042656e-05,1.4826529871617706e-05,3.760418442719173e-10,5
950,3.4218328248042656e-05,1.4803437535158073e-05,3.7693798139325194e-10,5
951,3.4218328248042656e-05,1.4780405403258388e-05,3.7783284451978607e-10,5
952,3.4218328248042656e-05,1.475743325589866e-05,3.787264338952552e-10,5
953,3.4218328248042656e-05,1.4734520874092947e-05,3.7961874978517705e-10,5
954,3.4218328248042656e-05,1.4711668039883421e-05,3.805097924765828e-10,5
955,3.4218328248042656e-05,1.4688874536334442e-05,3.8139956227775375e-10,5
956,3.4218328248042656e-05,1.4666140147526725e-05,3.822880595179567e-10,5
957,3.4218328248042656e-05,1.4643464658551512e-05,3.831752845471861e-10,5
958,3.4218328248042656e-05,1.4620847855504799e-05,3.840612377359058e-10,5
959,3.4218328248042656e-05,1.4598289525481579e-05,3.8494591947479617e-10,5
960,3.4218328248042656e-05,1.4575789456570166e-05,3.858293301745015e-10,5
961,3.4218328248042656e-05,1.4553347437846518e-05,3.8671147026538227e-10,5
962,3.4218328248042656e-05,1.4530963259368601e-05,3.875923401972689e-10,5
963,3.4218328248042656e-05,1.4508636712170832e-05,3.884719404392174e-10,5
964,3.4218328248042656e-05,1.4486367588258497e-05,3.893502714792697e-10,5
965,3.4218328248042656e-05,1.4464155680602264e-05,3.902273338242146e-10,5
966,3.4218328248042656e-05,1.4442000783132699e-05,3.9110312799935187e-10,5
967,3.4218328248042656e-05,1.441990269073482e-05,3.9197765454826e-10,5
968,3.4218328248042656e-05,1.439786119924271e-05,3.928509140325645e-10,5
969,3.4218328248042656e-05,1.4375876105434131e-05,3.937229070317096e-10,5
970,3.4218328248042656e-05,1.4353947207025224e-05,3.945936341427328e-10,5
971,3.4218328248042656e-05,1.4332074302665177e-05,3.9546309598004135e-10,5
972,3.4218328248042656e-05,1.4310257191931e-05,3.963312931751907e-10,5
973,3.4218328248042656e-05,1.4288495675322283e-05,3.97198226376666e-10,5
974,3.4218328248042656e-05,1.4266789554255997e-05,3.980638962496663e-10,5
975,3.4218328248042656e-05,1.4245138631061373e-05,3.989283034758889e-10,5
976,3.4218328248042656e-05,1.4223542708974744e-05,3.9979144875331926e-10,5
977,3.4218328248042656e-05,1.420200159213448e-05,4.006533327960201e-10,5
978,3.4218328248042656e-05,1.4180515085575932e-05,4.015139563339246e-10,5
979,3.4218328248042656e-05,1.4159082995226402e-05,4.023733201126314e-10,5
980,3.4218328248042656e-05,1.4137705127900166e-05,4.0323142489320116e-10,5
981,3.4218328248042656e-05,1.4116381291293528e-05,4.0408827145195555e-10,5
982,3.4218328248042656e-05,1.4095111293979876e-05,4.0494386058027964e-10,5
983,3.4218328248042656e-05,1.407389494540482e-05,4.0579819308442424e-10,5
984,3.4218328248042656e-05,1.4052732055881309e-05,4.0665126978531226e-10,5
985,3.4218328248042656e-05,1.4031622436584831e-05,4.07503091518345e-10,5
986,3.4218328248042656e-05,1.401056589954861e-05,4.0835365913321347e-10,5
987,3.4218328248042656e-05,1.398956225765884e-05,4.09202973493709e-10,5
988,3.4218328248042656e-05,1.3968611324649962e-05,4.1005103547753644e-10,5
989,3.4218328248042656e-05,1.394771291509996e-05,4.1089784597613145e-10,5
990,3.4218328248042656e-05,1.3926866844425706e-05,4.1174340589447634e-10,5
991,3.4218328248042656e-05,1.3906072928878303e-05,4.125877161509206e-10,5
992,3.4218328248042656e-05,1.3885330985538485e-05,4.1343077767700216e-10,5
993,3.4218328248042656e-05,1.386464083231205e-05,4.1427259141727044e-10,5
994,3.4218328248042656e-05,1.38440022879253e-05,4.15113158329112e-10,5
995,3.4218328248042656e-05,1.3823415171920522e-05,4.1595247938257753e-10,5
996,3.4218328248042656e-05,1.3802879304651516e-05,4.167905555602104e-10,5
997,3.4218328248042656e-05,1.3782394507279113e-05,4.176273878568778e-10,5
998,3.4218328248042656e-05,1.3761960601766762e-05,4.184629772796031e-10,5
999,3.4218328248042656e-05,1.374157741087612e-05,4.192973248474004e-10,5
1000,3.4218328248042656e-05,1.3721244758162684e-05,4.201304315911101e-10,5
1001,3.4218328248042656e-05,1.3700962467971438e-05,4.209622985532374e-10,5
1002,3.4218328248042656e-05,1.3680730365432548e-05,4.2179292678779125e-10,5
1003,3.4218328248042656e-05,1.3660548276457057e-05,4.22622317360126e-10,5
1004,3.4218328248042656e-05,1.3640416027732646e-05,4.23450471346784e-10,5
1005,3.4218328248042656e-05,1.3620333446719379e-05,4.2427738983534077e-10,5
1006,3.4218328248042656e-05,1.3600300361645507e-05,4.251030739242505e-10,5
1007,3.4218328248042656e-05,1.3580316601503288e-05,4.259275247226945e-10,5
1008,3.4218328248042656e-05,1.3560381996044831e-05,4.2675074335043095e-10,5
1009,3.4218328248042656e-05,1.354049637577798e-05,4.275727309376448e-10,5
1010,3.4218328248042656e-05,1.3520659571962195e-05,4.283934886248023e-10,5
1011,3.4218328248042656e-05,1.35008714166045e-05,4.292130175625035e-10,5
1012,3.4218328248042656e-05,1.348113174245542e-05,4.3003131891133943e-10,5
1013,3.4218328248042656e-05,1.3461440383004977e-05,4.308483938417484e-10,5
1014,3.4218328248042656e-05,1.3441797172478675e-05,4.3166424353387574e-10,5
1015,3.4218328248042656e-05,1.3422201945833545e-05,4.324788691774336e-10,5
1016,3.4218328248042656e-05,1.3402654538754185e-05,4.332922719715632e-10,5
1017,3.4218328248042656e-05,1.3383154787648862e-05,4.3410445312469793e-10,5
1018,3.4218328248042656e-05,1.3363702529645595e-05,4.3491541385442804e-10,5
1019,3.4218328248042656e-05,1.3344297602588306e-05,4.357251553873674e-10,5
1020,3.4218328248042656e-05,1.3324939845032954e-05,4.365336789590204e-10,5
1021,3.4218328248042656e-05,1.3305629096243735e-05,4.373409858136513e-10,5
1022,3.4218328248042656e-05,1.3286365196189264e-05,4.381470772041556e-10,5
1023,3.4218328248042656e-05,1.3267147985538818e-05,4.3895195439193037e-10,5
1024,3.4218328248042656e-05,1.3247977305658583e-05,4.397556186467485e-10,5
1025,3.4218328248042656e-05,1.322885299860793e-05,4.40558071246633e-10,5
1026,3.4218328248042656e-05,1.3209774907135707e-05,4.413593134777325e-10,5
1027,3.4218328248042656e-05,1.3190742874676573e-05,4.4215934663419925e-10,5
1028,3.4218328248042656e-05,1.3171756745347324e-05,4.429581720180672e-10,5
1029,3.4218328248042656e-05,1.3152816363943287e-05,4.4375579093913164e-10,5
1030,3.4218328248042656e-05,1.3133921575934686e-05,4.4455220471483107e-10,5
1031,3.4218328248042656e-05,1.3115072227463067e-05,4.453474146701286e-10,5
1032,3.4218328248042656e-05,1.309626816533774e-05,4.4614142213739644e-10,5
1033,3.4218328248042656e-05,1.3077509237032227e-05,4.4693422845630003e-10,5
1034,3.4218328248042656e-05,1.3058795290680742e-05,4.47725834973685e-10,5
1035,3.4218328248042656e-05,1.3040126175074705e-05,4.48516243043464e-10,5
1036,3.4218328248042656e-05,1.3021501739659258e-05,4.493054540265052e-10,5
1037,3.4218328248042656e-05,1.3002921834529802e-05,4.5009346929052237e-10,5
1038,3.4218328248042656e-05,1.2984386310428594e-05,4.5088029020996517e-10,5
1039,3.4218328248042656e-05,1.2965895018741299e-05,4.516659181659125e-10,5
1040,3.4218328248042656e-05,1.2947447811493636e-05,4.524503545459638e-10,5
1041,3.4218328248042656e-05,1.2929044541347977e-05,4.532336007441355e-10,5
1042,3.4218328248042656e-05,1.2910685061600026e-05,4.540156581607549e-10,5
1043,3.4218328248042656e-05,1.2892369226175477e-05,4.5479652820235814e-10,5
1044,3.4218328248042656e-05,1.2874096889626707e-05,4.555762122815868e-10,5
1045,3.4218328248042656e-05,1.2855867907129506e-05,4.563547118170872e-10,5
1046,3.4218328248042656e-05,1.2837682134479796e-05,4.571320282334107e-10,5
1047,3.4218328248042656e-05,1.2819539428090389e-05,4.5790816296091414e-10,5
1048,3.4218328248042656e-05,1.2801439644987765e-05,4.5868311743566245e-10,5
1049,3.4218328248042656e-05,1.2783382642808868e-05,4.5945689309933133e-10,5
1050,3.4218328248042656e-05,1.2765368279797919e-05,4.6022949139911125e-10,5
1051,3.4218328248042656e-05,1.2747396414803249e-05,4.610009137876132e-10,5
1052,3.4218328248042656e-05,1.2729466907274158e-05,4.6177116172277485e-10,5
1053,3.4218328248042656e-05,1.2711579617257772e-05,4.6254023666776744e-10,5
1054,3.4218328248042656e-05,1.2693734405395962e-05,4.6330814009090396e-10,5
1055,3.4218328248042656e-05,1.2675931132922232e-05,4.6407487346554867e-10,5
1056,3.4218328248042656e-05,1.2658169661658664e-05,4.6484043827002735e-10,5
1057,3.4218328248042656e-05,1.2640449854012855e-05,4.6560483598753816e-10,5
1058,3.4218328248042656e-05,1.2622771572974898e-05,4.663680681060635e-10,5
1059,3.4218328248042656e-05,1.2605134682114359e-05,4.671301361182844e-10,5
1060,3.4218328248042656e-05,1.2587539045577287e-05,4.678910415214924e-10,5
1061,3.4218328248042656e-05,1.2569984528083233e-05,4.686507858175065e-10,5
1062,3.078065279792476e-05,1.2552470994922291e-05,3.322666118433103e-10,5
1063,3.078065279792476e-05,1.2534998311952169e-05,3.3290390762149173e-10,5
1064,3.078065279792476e-05,1.2517566345595247e-05,3.3354032676526176e-10,5
1065,3.078065279792476e-05,1.2500174962835692e-05,3.3417586987918266e-10,5
1066,3.078065279792476e-05,1.2482824031216551e-05,3.3481053757577437e-10,5
1067,3.078065279792476e-05,1.2465513418836896e-05,3.35444330475415e-10,5
1068,3.078065279792476e-05,1.244824299434897e-05,3.3607724920624167e-10,5
1069,3.078065279792476e-05,1.2431012626955342e-05,3.367092944040545e-10,5
1070,3.078065279792476e-05,1.2413822186406103e-05,3.3734046671221873e-10,5
1071,3.078065279792476e-05,1.2396671542996053e-05,3.379707667815701e-10,5
1072,3.078065279792476e-05,1.2379560567561922e-05,3.386001952703195e-10,5
1073,3.078065279792476e-05,1.2362489131479606e-05,3.392287528439604e-10,5
1074,3.078065279792476e-05,1.2345457106661417e-05,3.3985644017517443e-10,5
1075,3.078065279792476e-05,1.2328464365553335e-05,3.404832579437418e-10,5
1076,3.078065279792476e-05,1.2311510781132306e-05,3.411092068364484e-10,5
1077,3.078065279792476e-05,1.2294596226903547e-05,3.4173428754699657e-10,5
1078,3.078065279792476e-05,1.227772057689783e-05,3.423585007759165e-10,5
1079,3.078065279792476e-05,1.2260883705668857e-05,3.42981847230477e-10,5
1080,3.078065279792476e-05,1.2244085488290561e-05,3.436043276245993e-10,5
1081,3.078065279792476e-05,1.2227325800354514e-05,3.4422594267876896e-10,5
1082,3.078065279792476e-05,1.2210604517967265e-05,3.4484669311995223e-10,5
1083,3.078065279792476e-05,1.219392151774777e-05,3.4546657968150973e-10,5
1084,3.078065279792476e-05,1.2177276676824777e-05,3.46085603103113e-10,5
1085,3.078065279792476e-05,1.2160669872834266e-05,3.467037641306616e-10,5
1086,3.078065279792476e-05,1.2144100983916878e-05,3.4732106351620045e-10,5
1087,3.078065279792476e-05,1.2127569888715387e-05,3.4793750201783873e-10,5
1088,3.078065279792476e-05,1.2111076466372157e-05,3.485530803996691e-10,5
1089,3.078065279792476e-05,1.2094620596526642e-05,3.4916779943168734e-10,5
1090,3.078065279792476e-05,1.2078202159312867e-05,3.4978165988971445e-10,5
1091,3.078065279792476e-05,1.2061821035356967e-05,3.503946625553168e-10,5
1092,3.078065279792476e-05,1.204547710577471e-05,3.5100680821572997e-10,5
1093,3.078065279792476e-05,1.2029170252169035e-05,3.516180976637816e-10,5
1094,3.3157436902834686e-05,1.2012900356627618e-05,4.470914257538863e-10,4
1095,3.3157436902834686e-05,1.199666730172045e-05,4.477781701114403e-10,4
1096,3.3157436902834686e-05,1.1980470970497423e-05,4.484638860993731e-10,4
1097,3.3157436902834686e-05,1.1964311246485929e-05,4.4914857508578784e-10,4
1098,3.3157436902834686e-05,1.1948188013688485e-05,4.4983223844174934e-10,4
1099,3.3157436902834686e-05,1.193210115658036e-05,4.505148775412217e-10,4
1100,3.3157436902834686e-05,1.1916050560107219e-05,4.5119649376100887e-10,4
1101,3.3157436902834686e-05,1.1900036109682786e-05,4.5187708848069494e-10,4
1102,3.3157436902834686e-05,1.1884057691186514e-05,4.5255666308258455e-10,4
1103,3.3157436902834686e-05,1.1868115190961276e-05,4.532352189516445e-10,4
1104,3.3157436902834686e-05,1.1852208495811058e-05,4.5391275747544656e-10,4
1105,3.3157436902834686e-05,1.1836337492998676e-05,4.5458928004410943e-10,4
1106,3.3157436902834686e-05,1.1820502070243509e-05,4.552647880502427e-10,4
1107,3.3157436902834686e-05,1.1804702115719232e-05,4.5593928288889037e-10,4
1108,3.3157436902834686e-05,1.1788937518051567e-05,4.566127659574765e-10,4
1109,3.3157436902834686e-05,1.1773208166316062e-05,4.572852386557488e-10,4
1110,3.3157436902834686e-05,1.1757513950035856e-05,4.5795670238572617e-10,4
1111,3.3157436902834686e-05,1.174185475917949e-05,4.5862715855164326e-10,4
1112,3.3157436902834686e-05,1.1726230484158686e-05,4.5929660855989944e-10,4
1113,3.3157436902834686e-05,1.1710641015826192e-05,4.599650538190044e-10,4
1114,3.3157436902834686e-05,1.16950862454736e-05,4.6063249573952774e-10,4
1115,3.3157436902834686e-05,1.1679566064829189e-05,4.61298935734047e-10,4
1116,3.3157436902834686e-05,1.1664080366055789e-05,4.619643752170961e-10,4
1117,3.3157436902834686e-05,1.164862904174863e-05,4.6262881560511734e-10,4
1118,3.3157436902834686e-05,1.1633211984933258e-05,4.6329225831640874e-10,4
1119,3.3157436902834686e-05,1.1617829089063394e-05,4.639547047710772e-10,4
1120,3.3157436902834686e-05,1.160248024801885e-05,4.6461615639098943e-10,4
1121,3.3157436902834686e-05,1.158716535610346e-05,4.652766145997227e-10,4
1122,3.3157436902834686e-05,1.1571884308042994e-05,4.659360808225184e-10,4
1123,1.9793038931383252e-05,1.15566369989831e-05,6.783831679204496e-11,3
1124,1.9793038931383252e-05,1.1541423324487267e-05,6.808916012396939e-11,3
1125,1.9793038931383252e-05,1.1526243180534779e-05,6.833991198624637e-11,3
1126,1.9793038931383252e-05,1.1511096463518709e-05,6.859057104101824e-11,3
1127,1.9793038931383252e-05,1.149598307024388e-05,6.88411359628672e-11,3
1128,1.9793038931383252e-05,1.1480902897924893e-05,6.909160543871685e-11,3
1129,1.9793038931383252e-05,1.1465855844184123e-05,6.934197816773521e-11,3
1130,1.9793038931383252e-05,1.1450841807049742e-05,6.959225286123827e-11,3
1131,1.9793038931383252e-05,1.1435860684953761e-05,6.98424282425943e-11,3
1132,1.9793038931383252e-05,1.1420912376730069e-05,7.009250304712898e-11,3
1133,1.9793038931383252e-05,1.1405996781612488e-05,7.034247602203141e-11,3
1134,1.9793038931383252e-05,1.139111379923285e-05,7.059234592626057e-11,3
1135,1.9793038931383252e-05,1.1376263329619069e-05,7.084211153045283e-11,3
1136,1.9793038931383252e-05,1.1361445273193232e-05,7.109177161683015e-11,3
1137,1.9793038931383252e-05,1.1346659530769693e-05,7.134132497910905e-11,3
1138,1.9793038931383252e-05,1.1331906003553199e-05,7.159077042240996e-11,3
1139,1.9793038931383252e-05,1.1317184593137002e-05,7.184010676316777e-11,3
1140,1.9793038931383252e-05,1.1302495201500988e-05,7.208933282904302e-11,3
1141,1.9793038931383252e-05,1.1287837731009834e-05,7.233844745883344e-11,3
1142,1.9793038931383252e-05,1.1273212084411152e-05,7.258744950238655e-11,3
1143,1.9793038931383252e-05,1.1258618164833654e-05,7.283633782051304e-11,3
1144,1.9793038931383252e-05,1.1244055875785325e-05,7.308511128490047e-11,3
1145,1.9793038931383252e-05,1.1229525121151622e-05,7.333376877802785e-11,3
1146,1.9793038931383252e-05,1.1215025805193648e-05,7.358230919308113e-11,3
1147,1.9793038931383252e-05,1.1200557832546376e-05,7.383073143386896e-11,3
1148,1.9793038931383252e-05,1.1186121108216853e-05,7.407903441473942e-11,3
1149,1.9793038931383252e-05,1.1171715537582433e-05,7.432721706049728e-11,3
1150,1.9793038931383252e-05,1.1157341026389008e-05,7.457527830632198e-11,3
1151,1.9793038931383252e-05,1.1142997480749258e-05,7.482321709768624e-11,3
1152,1.9793038931383252e-05,1.1128684807140901e-05,7.507103239027544e-11,3
1153,1.9793038931383252e-05,1.1114402912404963e-05,7.531872314990732e-11,3
1154,1.9793038931383252e-05,1.1100151703744055e-05,7.556628835245268e-11,3
1155,1.9793038931383252e-05,1.1085931088720648e-05,7.581372698375662e-11,3
1156,1.9793038931383252e-05,1.107174097525538e-05,7.606103803956018e-11,3
1157,1.9793038931383252e-05,1.1057581271625352e-05,7.630822052542297e-11,3
1158,1.9793038931383252e-05,1.104345188646244e-05,7.65552734566461e-11,3
1159,1.9793038931383252e-05,1.1029352728751627e-05,7.680219585819591e-11,3
1160,1.9793038931383252e-05,1.1015283707829328e-05,7.70489867646282e-11,3
1161,1.9793038931383252e-05,1.100124473338173e-05,7.729564522001322e-11,3
1162,1.9793038931383252e-05,1.0987235715443146e-05,7.75421702778611e-11,3
1163,1.9793038931383252e-05,1.0973256564394377e-05,7.778856100104788e-11,3
1164,1.9793038931383252e-05,1.0959307190961082e-05,7.80348164617421e-11,3
1165,1.9793038931383252e-05,1.0945387506212146e-05,7.828093574133231e-11,3
1166,1.9793038931383252e-05,1.0931497421558081e-05,7.852691793035456e-11,3
1167,1.9793038931383252e-05,1.091763684874941e-05,7.877276212842112e-11,3
1168,1.9793038931383252e-05,1.0903805699875082e-05,7.901846744414919e-11,3
1169,1.9793038931383252e-05,1.0890003887360878e-05,7.926403299509048e-11,3
1170,1.9793038931383252e-05,1.0876231323967838e-05,7.950945790766139e-11,3
1171,1.9793038931383252e-05,1.0862487922790696e-05,7.975474131707353e-11,3
1172,1.9793038931383252e-05,1.0848773597256305e-05,7.999988236726502e-11,3
1173,1.9793038931383252e-05,1.0835088261122112e-05,8.0244880210832e-11,3
1174,1.9793038931383252e-05,1.082143182847458e-05,8.048973400896134e-11,3
1175,1.9793038931383252e-05,1.0807804213727693e-05,8.073444293136278e-11,3
1176,1.9793038931383252e-05,1.0794205331621393e-05,8.097900615620299e-11,3
1177,1.9793038931383252e-05,1.0780635097220094e-05,8.122342287003878e-11,3
1178,1.9793038931383252e-05,1.076709342591115e-05,8.146769226775202e-11,3
1179,1.9793038931383252e-05,1.0753580233403366e-05,8.171181355248421e-11,3
1180,1.9793038931383252e-05,1.0740095435725505e-05,8.19557859355719e-11,3
1181,1.9793038931383252e-05,1.0726638949224798e-05,8.219960863648281e-11,3
1182,1.9793038931383252e-05,1.071321069056547e-05,8.244328088275213e-11,3
1183,1.9793038931383252e-05,1.0699810576727281e-05,8.268680190991934e-11,3
1184,1.9793038931383252e-05,1.0686438525004047e-05,8.29301709614659e-11,3
1185,1.9793038931383252e-05,1.0673094453002207e-05,8.317338728875291e-11,3
1186,1.9793038931383252e-05,1.0659778278639368e-05,8.341645015095964e-11,3
1187,1.9793038931383252e-05,1.0646489920142869e-05,8.365935881502243e-11,3
1188,1.9793038931383252e-05,1.0633229296048357e-05,8.390211255557398e-11,3
1189,1.9793038931383252e-05,1.061999632519837e-05,8.414471065488313e-11,3
1190,1.9793038931383252e-05,1.0606790926740907e-05,8.438715240279547e-11,3
1191,1.9793038931383252e-05,1.059361302012804e-05,8.462943709667378e-11,3
1192,1.9793038931383252e-05,1.0580462525114516e-05,8.487156404133938e-11,3
1193,1.9793038931383252e-05,1.0567339361756347e-05,8.511353254901407e-11,3
1194,1.9793038931383252e-05,1.0554243450409459e-05,8.535534193926178e-11,3
1195,1.9793038931383252e-05,1.0541174711728288e-05,8.559699153893176e-11,3
1196,1.9793038931383252e-05,1.0528133066664429e-05,8.583848068210124e-11,3
1197,1.9793038931383252e-05,1.051511843646527e-05,8.607980871001912e-11,3
1198,1.9793038931383252e-05,1.0502130742672646e-05,8.632097497104978e-11,3
1199,1.9793038931383252e-05,1.0489169907121474e-05,8.65619788206178e-11,3
1200,1.9793038931383252e-05,1.0476235851938446e-05,8.680281962115222e-11,3
1201,1.9793038931383252e-05,1.0463328499540667e-05,8.704349674203234e-11,3
1202,1.9793038931383252e-05,1.0450447772634357e-05,8.728400955953303e-11,3
1203,1.9793038931383252e-05,1.0437593594213515e-05,8.752435745677097e-11,3
1204,1.9793038931383252e-05,1.0424765887558613e-05,8.776453982365136e-11,3
1205,1.9793038931383252e-05,1.041196457623531e-05,8.800455605681436e-11,3
1206,1.9793038931383252e-05,1.0399189584093133e-05,8.824440555958299e-11,3
1207,1.9793038931383252e-05,1.03864408352642e-05,8.848408774191056e-11,3
1208,2.2346328470485507e-05,1.0373718254161946e-05,1.433433953920153e-10,2
1209,2.2346328470485507e-05,1.0361021765479828e-05,1.436475768130541e-10,2
1210,2.2346328470485507e-05,1.0348351294190074e-05,1.4395145632290615e-10,2
1211,2.2346328470485507e-05,1.0335706765542418e-05,1.4425503373925004e-10,2
1212,2.2346328470485507e-05,1.0323088105062841e-05,1.4455830888472896e-10,2
1213,2.2346328470485507e-05,1.0310495238552327e-05,1.448612815869071e-10,2
1214,2.2346328470485507e-05,1.0297928092085624e-05,1.4516395167822646e-10,2
1215,2.2346328470485507e-05,1.028538659201e-05,1.4546631899596428e-10,2
1216,2.2346328470485507e-05,1.0272870664944029e-05,1.4576838338219046e-10,2
1217,2.2346328470485507e-05,1.0260380237776353e-05,1.4607014468372555e-10,2
1218,2.2346328470485507e-05,1.0247915237664485e-05,1.463716027520988e-10,2
1219,2.2346328470485507e-05,1.0235475592033591e-05,1.4667275744350708e-10,2
1220,2.2346328470485507e-05,1.0223061228575282e-05,1.4697360861877357e-10,2
1221,2.2346328470485507e-05,1.0210672075246435e-05,1.47274156143307e-10,2
1222,2.2346328470485507e-05,1.0198308060267982e-05,1.4757439988706156e-10,2
1223,2.2346328470485507e-05,1.0185969112123749e-05,1.4787433972449638e-10,2
1224,2.2346328470485507e-05,1.0173655159559268e-05,1.4817397553453597e-10,2
1225,2.2346328470485507e-05,1.0161366131580601e-05,1.4847330720053092e-10,2
1226,2.2346328470485507e-05,1.014910195745319e-05,1.487723346102185e-10,2
1227,2.2346328470485507e-05,1.0136862566700689e-05,1.4907105765568404e-10,2
1228,2.2346328470485507e-05,1.0124647889103808e-05,1.493694762333225e-10,2
1229,2.2346328470485507e-05,1.0112457854699182e-05,1.4966759024380006e-10,2
1230,2.2346328470485507e-05,1.0100292393778218e-05,1.4996539959201646e-10,2
1231,2.2346328470485507e-05,1.0088151436885966e-05,1.5026290418706726e-10,2
1232,2.2346328470485507e-05,1.007603491481999e-05,1.505601039422067e-10,2
1233,2.2346328470485507e-05,1.0063942758629244e-05,1.508569987748109e-10,2
1234,2.2346328470485507e-05,1.0051874899612963e-05,1.5115358860634065e-10,2
1235,2.2346328470485507e-05,1.0039831269319543e-05,1.514498733623057e-10,2
1236,2.2346328470485507e-05,1.0027811799545442e-05,1.517458529722283e-10,2
1237,2.2346328470485507e-05,1.0015816422334085e-05,1.5204152736960736e-10,2
1238,2.2346328470485507e-05,1.000384506997476e-05,1.5233689649188337e-10,2
1239,2.2346328470485507e-05,9.991897675001538e-06,1.5263196028040266e-10,2
1240,2.2346328470485507e-05,9.979974170192199e-06,1.529267186803828e-10,2
1241,2.2346328470485507e-05,9.968074488567136e-06,1.53221171640878e-10,2
1242,2.2346328470485507e-05,9.956198563388302e-06,1.535153191147446e-10,2
1243,2.2346328470485507e-05,9.944346328158141e-06,1.538091610586069e-10,2
1244,2.2346328470485507e-05,9.932517716618529e-06,1.5410269743282346e-10,2
1245,2.2346328470485507e-05,9.92071266274971e-06,1.5439592820145372e-10,2
1246,2.2346328470485507e-05,9.908931100769271e-06,1.5468885333222436e-10,2
1247,2.2346328470485507e-05,9.897172965131066e-06,1.549814727964968e-10,2
1248,2.2346328470485507e-05,9.885438190524216e-06,1.552737865692338e-10,2
1249,2.2346328470485507e-05,9.873726711872045e-06,1.5556579462896764e-10,2
1250,2.2346328470485507e-05,9.862038464331077e-06,1.558574969577674e-10,2
1251,2.2346328470485507e-05,9.850373383289999e-06,1.5614889354120732e-10,2
1252,2.2346328470485507e-05,9.838731404368651e-06,1.56439984368335e-10,2
1253,2.2346328470485507e-05,9.827112463417017e-06,1.5673076943163991e-10,2
1254,2.2346328470485507e-05,9.815516496514212e-06,1.570212487270224e-10,2
1255,2.2346328470485507e-05,9.803943439967499e-06,1.5731142225376224e-10,2
1256,2.2346328470485507e-05,9.792393230311268e-06,1.5760129001448865e-10,2
1257,2.2346328470485507e-05,9.780865804306068e-06,1.578908520151493e-10,2
1258,2.2346328470485507e-05,9.769361098937614e-06,1.5818010826498033e-10,2
1259,2.2346328470485507e-05,9.7578790514158e-06,1.5846905877647644e-10,2
1260,2.2346328470485507e-05,9.746419599173743e-06,1.587577035653609e-10,2
1261,2.2346328470485507e-05,9.734982679866787e-06,1.5904604265055652e-10,2
1262,2.2346328470485507e-05,9.723568231371565e-06,1.5933407605415588e-10,2
1263,2.2346328470485507e-05,9.71217619178502e-06,1.5962180380139271e-10,2
1264,2.2346328470485507e-05,9.700806499423455e-06,1.599092259206131e-10,2
1265,2.2346328470485507e-05,9.68945909282159e-06,1.6019634244324661e-10,2
1266,2.2346328470485507e-05,9.678133910731609e-06,1.6048315340377827e-10,2
1267,2.2346328470485507e-05,9.66683089212222e-06,1.607696588397205e-10,2
1268,2.2346328470485507e-05,9.655549976177726e-06,1.6105585879158487e-10,2
1269,2.2346328470485507e-05,9.64429110229708e-06,1.613417533028552e-10,2
1270,2.2346328470485507e-05,9.633054210092979e-06,1.616273424199592e-10,2
1271,2.2346328470485507e-05,9.621839239390925e-06,1.61912626192242e-10,2
1272,2.2346328470485507e-05,9.610646130228319e-06,1.6219760467193882e-10,2
1273,2.2346328470485507e-05,9.599474822853545e-06,1.6248227791414824e-10,2
1274,2.2346328470485507e-05,9.588325257725059e-06,1.6276664597680592e-10,2
1275,2.2346328470485507e-05,9.577197375510494e-06,1.6305070892065778e-10,2
1276,2.2346328470485507e-05,9.566091117085761e-06,1.6333446680923415e-10,2
1277,2.2346328470485507e-05,9.555006423534142e-06,1.636179197088241e-10,2
1278,2.2346328470485507e-05,9.543943236145423e-06,1.6390106768844903e-10,2
1279,2.2346328470485507e-05,9.532901496414993e-06,1.6418391081983785e-10,2
1280,2.2346328470485507e-05,9.521881146042967e-06,1.6446644917740143e-10,2
1281,2.2346328470485507e-05,9.510882126933313e-06,1.647486828382074e-10,2
1282,2.2346328470485507e-05,9.499904381192981e-06,1.6503061188195532e-10,2
1283,2.2346328470485507e-05,9.488947851131037e-06,1.6531223639095194e-10,2
1284,2.2346328470485507e-05,9.478012479257795e-06,1.6559355645008686e-10,2
1285,2.2346328470485507e-05,9.46709820828396e-06,1.658745721468081e-10,2
1286,2.2346328470485507e-05,9.456204981119786e-06,1.6615528357109792e-10,2
1287,2.2346328470485507e-05,9.445332740874211e-06,1.664356908154489e-10,2
1288,2.2346328470485507e-05,9.434481430854016e-06,1.667157939748405e-10,2
1289,2.2346328470485507e-05,9.42365099456299e-06,1.6699559314671514e-10,2
1290,2.2346328470485507e-05,9.412841375701089e-06,1.672750884309551e-10,2
1291,2.2346328470485507e-05,9.402052518163601e-06,1.675542799298592e-10,2
1292,2.2346328470485507e-05,9.391284366040327e-06,1.6783316774811983e-10,2
1293,2.2346328470485507e-05,9.380536863614742e-06,1.681117519928004e-10,2
1294,2.2346328470485507e-05,9.369809955363187e-06,1.683900327733124e-10,2
1295,2.2346328470485507e-05,9.359103585954054e-06,1.6866801020139304e-10,2
1296,2.2346328470485507e-05,9.348417700246957e-06,1.689456843910833e-10,2
1297,2.2346328470485507e-05,9.337752243291951e-06,1.6922305545870533e-10,2
1298,2.2346328470485507e-05,9.327107160328707e-06,1.6950012352284094e-10,2
1299,2.2346328470485507e-05,9.316482396785713e-06,1.6977688870430993e-10,2
1300,2.2346328470485507e-05,9.305877898279493e-06,1.7005335112614817e-10,2
1301,2.2346328470485507e-05,9.295293610613803e-06,1.7032951091358644e-10,2
1302,2.2346328470485507e-05,9.284729479778847e-06,1.7060536819402926e-10,2
1303,2.2346328470485507e-05,9.274185451950491e-06,1.7088092309703377e-10,2
1304,2.2346328470485507e-05,9.263661473489485e-06,1.7115617575428892e-10,2
1305,2.2346328470485507e-05,9.253157490940686e-06,1.714311262995947e-10,2
1306,2.2346328470485507e-05,9.242673451032285e-06,1.7170577486884164e-10,2
1307,2.2346328470485507e-05,9.23220930067504e-06,1.7198012159999039e-10,2
1308,2.2346328470485507e-05,9.22176498696151e-06,1.7225416663305157e-10,2
1309,2.2346328470485507e-05,9.211340457165295e-06,1.7252791011006565e-10,2
1310,2.2346328470485507e-05,9.200935658740274e-06,1.7280135217508326e-10,2
1311,2.2346328470485507e-05,9.190550539319863e-06,1.73074492974145e-10,2
1312,2.2346328470485507e-05,9.18018504671625e-06,1.7334733265526246e-10,2
1313,2.2346328470485507e-05,9.169839128919666e-06,1.736198713683982e-10,2
1314,2.2346328470485507e-05,9.159512734097628e-06,1.7389210926544702e-10,2
1315,2.2346328470485507e-05,9.149205810594206e-06,1.7416404650021648e-10,2
1316,2.2346328470485507e-05,9.138918306929286e-06,1.7443568322840818e-10,2
1317,2.2346328470485507e-05,9.128650171797846e-06,1.7470701960759875e-10,2
1318,2.2346328470485507e-05,9.118401354069218e-06,1.7497805579722137e-10,2
1319,2.2346328470485507e-05,9.108171802786371e-06,1.752487919585471e-10,2
1320,2.2346328470485507e-05,9.09796146716519e-06,1.7551922825466658e-10,2
1321,2.2346328470485507e-05,9.087770296593746e-06,1.7578936485047204e-10,2
1322,2.2346328470485507e-05,9.077598240631607e-06,1.7605920191263874e-10,2
1323,2.2346328470485507e-05,9.067445249009101e-06,1.763287396096076e-10,2
1324,2.2346328470485507e-05,9.05731127162663e-06,1.7659797811156707e-10,2
1325,2.2346328470485507e-05,9.047196258553955e-06,1.7686691759043542e-10,2
1326,2.2346328470485507e-05,9.037100160029501e-06,1.7713555821984365e-10,2
1327,2.2346328470485507e-05,9.02702292645966e-06,1.7740390017511766e-10,2
1328,2.2346328470485507e-05,9.016964508418098e-06,1.776719436332614e-10,2
1329,2.2346328470485507e-05,9.006924856645063e-06,1.7793968877293952e-10,2
1330,2.2346328470485507e-05,8.996903922046697e-06,1.7820713577446075e-10,2
1331,2.2346328470485507e-05,8.986901655694367e-06,1.7847428481976054e-10,2
1332,2.2346328470485507e-05,8.976918008823967e-06,1.7874113609238504e-10,2
1333,2.2346328470485507e-05,8.966952932835253e-06,1.7900768977747403e-10,2
1334,2.2346328470485507e-05,8.957006379291165e-06,1.7927394606174485e-10,2
1335,2.2346328470485507e-05,8.947078299917158e-06,1.7953990513347596e-10,2
1336,2.2346328470485507e-05,8.937168646600541e-06,1.798055671824907e-10,2
1337,2.2346328470485507e-05,8.927277371389807e-06,1.800709324001415e-10,2
1338,2.2346328470485507e-05,8.917404426493975e-06,1.803360009792939e-10,2
1339,2.2346328470485507e-05,8.907549764281934e-06,1.8060077311431057e-10,2
1340,2.2346328470485507e-05,8.89771333728179e-06,1.8086524900103605e-10,2
1341,2.2346328470485507e-05,8.887895098180207e-06,1.8112942883678103e-10,2
1342,2.2346328470485507e-05,8.878094999821778e-06,1.8139331282030677e-10,2
1343,2.2346328470485507e-05,8.868312995208362e-06,1.8165690115181022e-10,2
1344,2.2346328470485507e-05,8.858549037498453e-06,1.819201940329086e-10,2
1345,2.2346328470485507e-05,8.84880308000654e-06,1.8218319166662441e-10,2
1346,2.2346328470485507e-05,8.839075076202472e-06,1.8244589425737057e-10,2
1347,2.2346328470485507e-05,8.82936497971082e-06,1.8270830201093584e-10,2
1348,2.2346328470485507e-05,8.819672744310258e-06,1.8297041513446966e-10,2
1349,2.2346328470485507e-05,8.809998323932938e-06,1.8323223383646793e-10,2
1350,2.2346328470485507e-05,8.800341672663851e-06,1.8349375832675861e-10,2
1351,2.2346328470485507e-05,8.790702744740221e-06,1.837549888164874e-10,2
1352,2.2346328470485507e-05,8.781081494550894e-06,1.8401592551810318e-10,2
1353,2.2346328470485507e-05,8.771477876635706e-06,1.842765686453443e-10,2
1354,2.2346328470485507e-05,8.76189184568488e-06,1.8453691841322467e-10,2
1355,2.2346328470485507e-05,8.752323356538423e-06,1.8479697503801949e-10,2
1356,2.2346328470485507e-05,8.742772364185518e-06,1.8505673873725173e-10,2
1357,2.2346328470485507e-05,8.733238823763917e-06,1.8531620972967855e-10,2
1358,2.2346328470485507e-05,8.72372269055935e-06,1.8557538823527759e-10,2
1359,2.2346328470485507e-05,8.714223920004914e-06,1.858342744752337e-10,2
1360,2.2346328470485507e-05,8.704742467680497e-06,1.8609286867192559e-10,2
1361,2.2346328470485507e-05,8.695278289312176e-06,1.8635117104891242e-10,2
1362,2.2346328470485507e-05,8.685831340771633e-06,1.86609181830921e-10,2
1363,2.2346328470485507e-05,8.676401578075566e-06,1.868669012438325e-10,2
1364,2.2346328470485507e-05,8.66698895738511e-06,1.8712432951466982e-10,2
1365,2.2346328470485507e-05,8.657593435005258e-06,1.8738146687158445e-10,2
1366,2.2346328470485507e-05,8.64821496738428e-06,1.8763831354384418e-10,2
1367,2.2346328470485507e-05,8.63885351111315e-06,1.8789486976182023e-10,2
1368,2.2346328470485507e-05,8.629509022924976e-06,1.881511357569748e-10,2
1369,2.2346328470485507e-05,8.620181459694429e-06,1.8840711176184887e-10,2
1370,2.2346328470485507e-05,8.610870778437186e-06,1.8866279801004941e-10,2
1371,2.2346328470485507e-05,8.601576936309346e-06,1.8891819473623796e-10,2
1372,2.2346328470485507e-05,8.592299890606893e-06,1.8917330217611772e-10,2
1373,2.2346328470485507e-05,8.583039598765123e-06,1.8942812056642217e-10,2
1374,2.2346328470485507e-05,8.57379601835809e-06,1.8968265014490284e-10,2
1375,2.2346328470485507e-05,8.564569107098058e-06,1.8993689115031765e-10,2
1376,2.2346328470485507e-05,8.555358822834943e-06,1.9019084382241912e-10,2
1377,2.2346328470485507e-05,8.54616512355578e-06,1.904445084019427e-10,2
1378,2.2346328470485507e-05,8.53698796738416e-06,1.906978851305954e-10,2
1379,2.2346328470485507e-05,8.527827312579697e-06,1.9095097425104423e-10,2
1380,2.2346328470485507e-05,8.51868311753749e-06,1.912037760069049e-10,2
1381,2.2346328470485507e-05,8.509555340787575e-06,1.9145629064273073e-10,2
1382,2.2346328470485507e-05,8.500443940994404e-06,1.9170851840400107e-10,2
1383,2.2346328470485507e-05,8.491348876956303e-06,1.9196045953711067e-10,2
1384,2.2346328470485507e-05,8.482270107604941e-06,1.9221211428935858e-10,2
1385,2.2346328470485507e-05,8.473207592004813e-06,1.9246348290893695e-10,2
1386,2.2346328470485507e-05,8.4641612893527e-06,1.927145656449208e-10,2
1387,2.2346328470485507e-05,8.455131158977162e-06,1.9296536274725667e-10,2
1388,2.2346328470485507e-05,8.446117160338004e-06,1.9321587446675257e-10,2
1389,2.2346328470485507e-05,8.437119253025766e-06,1.93466101055067e-10,2
1390,2.2346328470485507e-05,8.428137396761208e-06,1.9371604276469878e-10,2
1391,2.2346328470485507e-05,8.41917155139479e-06,1.9396569984897642e-10,2
1392,2.2346328470485507e-05,8.410221676906177e-06,1.9421507256204798e-10,2
1393,2.2346328470485507e-05,8.401287733403711e-06,1.944641611588708e-10,2
1394,2.2346328470485507e-05,8.392369681123912e-06,1.947129658952017e-10,2
1395,2.2346328470485507e-05,8.383467480430992e-06,1.9496148702758614e-10,2
1396,2.2346328470485507e-05,8.374581091816326e-06,1.9520972481334916e-10,2
1397,2.2346328470485507e-05,8.365710475897968e-06,1.954576795105849e-10,2
1398,2.2346328470485507e-05,8.356855593420156e-06,1.9570535137814712e-10,2
1399,2.2346328470485507e-05,8.348016405252814e-06,1.9595274067563917e-10,2
1400,2.2346328470485507e-05,8.339192872391062e-06,1.9619984766340464e-10,2
1401,2.2346328470485507e-05,8.330384955954722e-06,1.9644667260251758e-10,2
1402,2.2346328470485507e-05,8.321592617187835e-06,1.966932157547732e-10,2
1403,2.2346328470485507e-05,8.312815817458176e-06,1.9693947738267823e-10,2
1404,2.2346328470485507e-05,8.304054518256766e-06,1.971854577494418e-10,2
1405,2.2346328470485507e-05,8.295308681197403e-06,1.9743115711896592e-10,2
1406,2.2346328470485507e-05,8.286578268016167e-06,1.9767657575583665e-10,2
1407,2.2346328470485507e-05,8.277863240570958e-06,1.9792171392531463e-10,2
1408,2.2346328470485507e-05,8.269163560841015e-06,1.9816657189332623e-10,2
1409,2.2346328470485507e-05,8.260479190926445e-06,1.9841114992645457e-10,2
1410,2.2346328470485507e-05,8.251810093047755e-06,1.9865544829193052e-10,2
1411,2.2346328470485507e-05,8.243156229545382e-06,1.9889946725762412e-10,2
1412,2.2346328470485507e-05,8.234517562879233e-06,1.9914320709203542e-10,2
1413,2.2346328470485507e-05,8.225894055628213e-06,1.9938666806428624e-10,2
1414,2.2346328470485507e-05,8.217285670489772e-06,1.9962985044411132e-10,2
1415,2.2346328470485507e-05,8.208692370279441e-06,1.9987275450184978e-10,2
1416,2.2346328470485507e-05,8.200114117930376e-06,2.001153805084368e-10,2
1417,2.2346328470485507e-05,8.191550876492909e-06,2.003577287353949e-10,2
1418,2.2346328470485507e-05,8.183002609134083e-06,2.0059979945482607e-10,2
1419,2.2346328470485507e-05,8.174469279137212e-06,2.0084159293940316e-10,2
1420,2.2346328470485507e-05,8.165950849901432e-06,2.0108310946236167e-10,2
1421,2.2346328470485507e-05,8.157447284941248e-06,2.0132434929749187e-10,2
1422,2.2346328470485507e-05,8.148958547886095e-06,2.0156531271913042e-10,2
1423,2.2346328470485507e-05,8.140484602479887e-06,2.0180600000215288e-10,2
1424,2.2346328470485507e-05,8.132025412580595e-06,2.0204641142196493e-10,2
1425,2.2346328470485507e-05,8.12358094215978e-06,2.022865472544956e-10,2
1426,2.2346328470485507e-05,8.115151155302189e-06,2.0252640777618829e-10,2
1427,2.2346328470485507e-05,8.106736016205295e-06,2.0276599326399396e-10,2
1428,2.2346328470485507e-05,8.098335489178875e-06,2.0300530399536307e-10,2
1429,2.2346328470485507e-05,8.089949538644581e-06,2.0324434024823782e-10,2
1430,2.2346328470485507e-05,8.081578129135505e-06,2.0348310230104502e-10,2
1431,2.2346328470485507e-05,8.073221225295758e-06,2.0372159043268812e-10,2
1432,2.2346328470485507e-05,8.064878791880043e-06,2.0395980492254012e-10,2
1433,2.2346328470485507e-05,8.05655079375323e-06,2.0419774605043613e-10,2
1434,2.2346328470485507e-05,8.048237195889942e-06,2.0443541409666585e-10,2
1435,2.2346328470485507e-05,8.039937963374126e-06,2.0467280934196666e-10,2
1436,2.2346328470485507e-05,8.031653061398643e-06,2.049099320675162e-10,2
1437,2.2346328470485507e-05,8.023382455264853e-06,2.051467825549252e-10,2
1438,2.2346328470485507e-05,8.015126110382196e-06,2.0538336108623072e-10,2
1439,2.2346328470485507e-05,8.006883992267784e-06,2.0561966794388874e-10,2
1440,1.3752139845190774e-05,7.998656066545998e-06,3.310257559112857e-11,2
1441,1.3752139845190774e-05,7.990442298948065e-06,3.3197158614379256e-11,2
1442,1.3752139845190774e-05,7.98224265531166e-06,3.3291713581774894e-11,2
1443,1.3752139845190774e-05,7.97405710158051e-06,3.3386240192006716e-11,2
1444,1.3752139845190774e-05,7.965885603803979e-06,3.348073814596668e-11,2
1445,1.3752139845190774e-05,7.95772812813667e-06,3.35752071467339e-11,2
1446,1.3752139845190774e-05,7.949584640838032e-06,3.3669646899561095e-11,2
1447,1.3752139845190774e-05,7.941455108271961e-06,3.3764057111861254e-11,2
1448,1.3752139845190774e-05,7.933339496906397e-06,3.3858437493194384e-11,2
1449,1.3752139845190774e-05,7.925237773312944e-06,3.395278775525416e-11,2
1450,1.3752139845190774e-05,7.917149904166463e-06,3.40471076118549e-11,2
1451,1.3752139845190774e-05,7.9090758562447e-06,3.4141396778918407e-11,2
1452,1.3752139845190774e-05,7.90101559642788e-06,3.4235654974461156e-11,2
1453,1.3752139845190774e-05,7.89296909169833e-06,3.432988191858121e-11,2
1454,1.3752139845190774e-05,7.884936309140098e-06,3.4424077333445556e-11,2
1455,1.3752139845190774e-05,7.87691721593856e-06,3.45182409432773e-11,2
1456,1.3752139845190774e-05,7.868911779380041e-06,3.4612372474343093e-11,2
1457,1.3752139845190774e-05,7.860919966851444e-06,3.4706471654940465e-11,2
1458,1.3752139845190774e-05,7.852941745839864e-06,3.48005382153854e-11,2
1459,1.3752139845190774e-05,7.844977083932209e-06,3.489457188799992e-11,2
1460,1.3752139845190774e-05,7.837025948814837e-06,3.4988572407099727e-11,2
1461,1.3752139845190774e-05,7.829088308273169e-06,3.508253950898201e-11,2
1462,1.3752139845190774e-05,7.821164130191331e-06,3.5176472931913156e-11,2
1463,1.3752139845190774e-05,7.813253382551773e-06,3.527037241611679e-11,2
1464,1.3752139845190774e-05,7.805356033434912e-06,3.536423770376158e-11,2
1465,1.3752139845190774e-05,7.797472051018754e-06,3.545806853894947e-11,2
1466,1.3752139845190774e-05,7.789601403578538e-06,3.555186466770367e-11,2
1467,1.3752139845190774e-05,7.781744059486369e-06,3.5645625837956923e-11,2
1468,1.3752139845190774e-05,7.773899987210858e-06,3.573935179953973e-11,2
1469,1.3752139845190774e-05,7.76606915531676e-06,3.583304230416875e-11,2
1470,1.3752139845190774e-05,7.75825153246462e-06,3.592669710543518e-11,2
1471,1.3752139845190774e-05,7.750447087410407e-06,3.6020315958793316e-11,2
1472,1.3752139845190774e-05,7.742655789005173e-06,3.611389862154895e-11,2
1473,1.3752139845190774e-05,7.734877606194683e-06,3.620744485284825e-11,2
1474,1.3752139845190774e-05,7.727112508019081e-06,3.630095441366622e-11,2
1475,1.3752139845190774e-05,7.719360463612521e-06,3.639442706679569e-11,2
1476,1.3752139845190774e-05,7.71162144220283e-06,3.6487862576836024e-11,2
1477,1.3752139845190774e-05,7.70389541311116e-06,3.658126071018205e-11,2
1478,1.3752139845190774e-05,7.696182345751634e-06,3.6674621235013166e-11,2
1479,1.3752139845190774e-05,7.68848220963101e-06,3.676794392128223e-11,2
1480,1.3752139845190774e-05,7.680794974348335e-06,3.68612285407048e-11,2
1481,1.3752139845190774e-05,7.673120609594602e-06,3.695447486674827e-11,2
1482,1.3752139845190774e-05,7.665459085152413e-06,3.704768267462116e-11,2
1483,1.3752139845190774e-05,7.657810370895638e-06,3.714085174126243e-11,2
1484,1.3752139845190774e-05,7.650174436789079e-06,3.723398184533087e-11,2
1485,1.3752139845190774e-05,7.642551252888135e-06,3.732707276719454e-11,2
1486,1.3752139845190774e-05,7.634940789338468e-06,3.7420124288920345e-11,2
1487,1.3752139845190774e-05,7.627343016375671e-06,3.7513136194263544e-11,2
1488,1.3752139845190774e-05,7.619757904324931e-06,3.7606108268657525e-11,2
1489,1.3752139845190774e-05,7.612185423600711e-06,3.7699040299203375e-11,2
1490,1.3752139845190774e-05,7.604625544706409e-06,3.7791932074659774e-11,2
1491,1.3752139845190774e-05,7.597078238234039e-06,3.7884783385432824e-11,2
1492,1.3752139845190774e-05,7.589543474863906e-06,3.797759402356589e-11,2
1493,1.3752139845190774e-05,7.5820212253642765e-06,3.8070363782729646e-11,2
1494,1.3752139845190774e-05,7.574511460591059e-06,3.816309245821208e-11,2
1495,1.3752139845190774e-05,7.567014151487485e-06,3.825577984690859e-11,2
1496,1.3752139845190774e-05,7.559529269083786e-06,3.834842574731212e-11,2
1497,1.3752139845190774e-05,7.552056784496873e-06,3.844102995950346e-11,2
1498,1.3752139845190774e-05,7.5445966689300285e-06,3.8533592285141346e-11,2
1499,1.3752139845190774e-05,7.53714889367258e-06,3.862611252745303e-11,2
1500,1.3752139845190774e-05,7.529713430099592e-06,3.87185904912245e-11,2
1501,1.3752139845190774e-05,7.522290249671553e-06,3.881102598279101e-11,2
1502,1.3752139845190774e-05,7.5148793239340574e-06,3.890341881002761e-11,2
1503,1.3752139845190774e-05,7.507480624517506e-06,3.899576878233966e-11,2
1504,1.3752139845190774e-05,7.50009412313679e-06,3.9088075710653526e-11,2
1505,1.3752139845190774e-05,7.492719791590981e-06,3.918033940740724e-11,2
1506,1.3752139845190774e-05,7.485357601763034e-06,3.927255968654123e-11,2
1507,1.3752139845190774e-05,7.478007525619474e-06,3.936473636348915e-11,2
1508,1.3752139845190774e-05,7.470669535210092e-06,3.945686925516881e-11,2
1509,1.3752139845190774e-05,7.4633436026676514e-06,3.954895817997295e-11,2
1510,1.3752139845190774e-05,7.456029700207579e-06,3.9641002957760315e-11,2
1511,1.3752139845190774e-05,7.448727800127669e-06,3.9733003409846645e-11,2
1512,1.3752139845190774e-05,7.441437874807779e-06,3.9824959358995815e-11,2
1513,1.3752139845190774e-05,7.434159896709541e-06,3.991687062941093e-11,2
1514,1.3752139845190774e-05,7.426893838376061e-06,4.000873704672547e-11,2
1515,1.3752139845190774e-05,7.419639672431626e-06,4.010055843799464e-11,2
1516,1.3752139845190774e-05,7.412397371581404e-06,4.019233463168666e-11,2
1517,1.3752139845190774e-05,7.405166908611163e-06,4.028406545767402e-11,2
1518,1.3752139845190774e-05,7.397948256386972e-06,4.0375750747224995e-11,2
1519,1.3752139845190774e-05,7.3907413878549134e-06,4.046739033299507e-11,2
1520,1.3752139845190774e-05,7.383546276040795e-06,4.055898404901847e-11,2
1521,1.3752139845190774e-05,7.376362894049864e-06,4.065053173069969e-11,2
1522,1.3752139845190774e-05,7.369191215066518e-06,4.074203321480512e-11,2
1523,1.3752139845190774e-05,7.362031212354023e-06,4.083348833945478e-11,2
1524,1.3752139845190774e-05,7.354882859254227e-06,4.0924896944113955e-11,2
1525,1.3752139845190774e-05,7.347746129187284e-06,4.1016258869584995e-11,2
1526,1.3752139845190774e-05,7.340620995651361e-06,4.1107573957999196e-11,2
1527,1.3752139845190774e-05,7.333507432222374e-06,4.119884205280855e-11,2
1528,1.3752139845190774e-05,7.326405412553693e-06,4.1290062998777793e-11,2
1529,1.3752139845190774e-05,7.319314910375876e-06,4.1381236641976295e-11,2
1530,1.3752139845190774e-05,7.312235899496389e-06,4.147236282977011e-11,2
1531,1.3752139845190774e-05,7.305168353799328e-06,4.156344141081405e-11,2
1532,1.3752139845190774e-05,7.298112247245146e-06,4.165447223504381e-11,2
1533,1.3752139845190774e-05,7.29106755387039e-06,4.174545515366804e-11,2
1534,1.3752139845190774e-05,7.284034247787407e-06,4.183639001916077e-11,2
1535,1.3752139845190774e-05,7.2770123031841e-06,4.192727668525339e-11,2
1536,1.3752139845190774e-05,7.270001694323638e-06,4.2018115006927216e-11,2
1537,1.3752139845190774e-05,7.2630023955441976e-06,4.210890484040568e-11,2
1538,1.3752139845190774e-05,7.256014381258691e-06,4.219964604314683e-11,2
1539,1.3752139845190774e-05,7.249037625954507e-06,4.2290338473835665e-11,2
1540,1.3752139845190774e-05,7.2420721041932354e-06,4.23809819923768e-11,2
1541,1.3752139845190774e-05,7.235117790610416e-06,4.247157645988679e-11,2
1542,1.3752139845190774e-05,7.228174659915263e-06,4.2562121738686933e-11,2
1543,1.3752139845190774e-05,7.221242686890413e-06,4.265261769229573e-11,2
1544,1.3752139845190774e-05,7.2143218463916566e-06,4.27430641854217e-11,2
1545,1.3752139845190774e-05,7.2074121133476876e-06,4.2833461083955953e-11,2
1546,1.3752139845190774e-05,7.200513462759839e-06,4.292380825496506e-11,2
1547,1.3752139845190774e-05,7.193625869701827e-06,4.301410556668384e-11,2
1548,1.3752139845190774e-05,7.18674930931949e-06,4.310435288850823e-11,2
1549,1.3752139845190774e-05,7.179883756830547e-06,4.319455009098808e-11,2
1550,1.3752139845190774e-05,7.173029187524325e-06,4.3284697045820257e-11,2
1551,1.3752139845190774e-05,7.166185576761525e-06,4.337479362584145e-11,2
1552,1.3752139845190774e-05,7.159352899973955e-06,4.346483970502132e-11,2
1553,1.3752139845190774e-05,7.152531132664284e-06,4.355483515845555e-11,2
1554,1.3752139845190774e-05,7.1457202504057995e-06,4.364477986235887e-11,2
1555,1.3752139845190774e-05,7.1389202288421435e-06,4.373467369405833e-11,2
1556,1.3752139845190774e-05,7.132131043687082e-06,4.3824516531986354e-11,2
1557,1.3752139845190774e-05,7.125352670724242e-06,4.391430825567413e-11,2
1558,1.3752139845190774e-05,7.1185850858068776e-06,4.4004048745744746e-11,2
1559,1.3752139845190774e-05,7.111828264857624e-06,4.4093737883906544e-11,2
1560,1.3752139845190774e-05,7.105082183868244e-06,4.418337555294655e-11,2
1561,1.3752139845190774e-05,7.098346818899397e-06,4.4272961636723765e-11,2
1562,1.3752139845190774e-05,7.091622146080392e-06,4.436249602016266e-11,2
1563,1.3752139845190774e-05,7.084908141608948e-06,4.445197858924662e-11,2
1564,1.3752139845190774e-05,7.078204781750953e-06,4.4541409231011494e-11,2
1565,1.3752139845190774e-05,7.0715120428402264e-06,4.463078783353911e-11,2
1566,1.3752139845190774e-05,7.064829901278281e-06,4.472011428595091e-11,2
1567,1.3752139845190774e-05,7.058158333534088e-06,4.4809388478401536e-11,2
1568,1.3752139845190774e-05,7.051497316143839e-06,4.489861030207251e-11,2
1569,1.3752139845190774e-05,7.044846825710711e-06,4.498777964916598e-11,2
1570,1.3752139845190774e-05,7.038206838904635e-06,4.507689641289844e-11,2
1571,1.3752139845190774e-05,7.0315773324620625e-06,4.516596048749446e-11,2
1572,1.3752139845190774e-05,7.024958283185731e-06,4.525497176818062e-11,2
1573,1.3752139845190774e-05,7.018349667944435e-06,4.5343930151179286e-11,2
1574,1.3752139845190774e-05,7.0117514636727984e-06,4.543283553370252e-11,2
1575,1.3752139845190774e-05,7.005163647371044e-06,4.552168781394599e-11,2
1576,1.3752139845190774e-05,6.9985861961047616e-06,4.5610486891083e-11,2
1577,1.3752139845190774e-05,6.9920190870046845e-06,4.5699232665258473e-11,2
1578,1.3752139845190774e-05,6.985462297266466e-06,4.5787925037582934e-11,2
1579,1.3752139845190774e-05,6.978915804150445e-06,4.5876563910126686e-11,2
1580,1.3752139845190774e-05,6.972379584981434e-06,4.596514918591382e-11,2
1581,1.3752139845190774e-05,6.965853617148487e-06,4.605368076891642e-11,2
1582,1.3752139845190774e-05,6.959337878104676e-06,4.614215856404876e-11,2
1583,1.3752139845190774e-05,6.952832345366878e-06,4.623058247716148e-11,2
1584,1.3752139845190774e-05,6.946336996515546e-06,4.631895241503586e-11,2
1585,1.3752139845190774e-05,6.939851809194492e-06,4.640726828537809e-11,2
1586,1.3752139845190774e-05,6.933376761110669e-06,4.649552999681362e-11,2
1587,1.3752139845190774e-05,6.926911830033951e-06,4.658373745888155e-11,2
1588,1.3752139845190774e-05,6.920456993796923e-06,4.667189058202883e-11,2
1589,1.3752139845190774e-05,6.9140122302946505e-06,4.675998927760495e-11,2
1590,1.3752139845190774e-05,6.9075775174844785e-06,4.6848033457856224e-11,2
1591,1.3752139845190774e-05,6.901152833385809e-06,4.693602303592033e-11,2
1592,1.3752139845190774e-05,6.894738156079889e-06,4.702395792582082e-11,2
1593,1.3752139845190774e-05,6.8883334637096016e-06,4.711183804246167e-11,2
1594,1.3752139845190774e-05,6.881938734479248e-06,4.7199663301621887e-11,2
1595,1.3752139845190774e-05,6.875553946654339e-06,4.728743361995015e-11,2
1596,1.3752139845190774e-05,6.869179078561388e-06,4.737514891495939e-11,2
1597,1.3752139845190774e-05,6.862814108587697e-06,4.746280910502153e-11,2
1598,1.3752139845190774e-05,6.856459015181151e-06,4.755041410936221e-11,2
1599,1.3752139845190774e-05,6.850113776850011e-06,4.7637963848055456e-11,2
1600,1.3752139845190774e-05,6.843778372162701e-06,4.772545824201861e-11,2
1601,1.3752139845190774e-05,6.837452779747612e-06,4.7812897213006975e-11,2
1602,1.3752139845190774e-05,6.83113697829289e-06,4.790028068360873e-11,2
1603,1.3752139845190774e-05,6.824830946546234e-06,4.798760857723983e-11,2
1604,1.3752139845190774e-05,6.8185346633146915e-06,4.807488081813887e-11,2
1605,1.3752139845190774e-05,6.812248107464456e-06,4.816209733136202e-11,2
1606,1.3752139845190774e-05,6.805971257920667e-06,4.8249258042777994e-11,2
1607,1.3752139845190774e-05,6.799704093667206e-06,4.8336362879063085e-11,2
1608,1.3752139845190774e-05,6.793446593746502e-06,4.842341176769606e-11,2
1609,1.3752139845190774e-05,6.787198737259326e-06,4.8510404636953354e-11,2
1610,1.3752139845190774e-05,6.780960503364591e-06,4.859734141590413e-11,2
1611,1.3752139845190774e-05,6.774731871279166e-06,4.86842220344053e-11,2
1612,1.3752139845190774e-05,6.768512820277662e-06,4.8771046423096776e-11,2
1613,1.3752139845190774e-05,6.762303329692252e-06,4.885781451339652e-11,2
1614,1.3752139845190774e-05,6.756103378912465e-06,4.8944526237495893e-11,2
1615,1.3752139845190774e-05,6.749912947384995e-06,4.903118152835475e-11,2
1616,1.3752139845190774e-05,6.743732014613508e-06,4.911778031969674e-11,2
1617,1.3752139845190774e-05,6.7375605601584466e-06,4.9204322546004644e-11,2
1618,1.3752139845190774e-05,6.7313985636368405e-06,4.9290808142515574e-11,2
1619,1.3752139845190774e-05,6.725246004722113e-06,4.937723704521641e-11,2
1620,1.3752139845190774e-05,6.719102863143889e-06,4.9463609190839155e-11,2
1621,1.3752139845190774e-05,6.712969118687811e-06,4.954992451685626e-11,2
1622,1.3752139845190774e-05,6.706844751195343e-06,4.9636182961476095e-11,2
1623,1.3752139845190774e-05,6.700729740563584e-06,4.972238446363844e-11,2
1624,1.3752139845190774e-05,6.694624066745083e-06,4.980852896300989e-11,2
1625,1.3752139845190774e-05,6.68852770974765e-06,4.9894616399979376e-11,2
1626,1.3752139845190774e-05,6.682440649634167e-06,4.998064671565374e-11,2
1627,1.3752139845190774e-05,6.676362866522411e-06,5.0066619851853195e-11,2
1628,1.3752139845190774e-05,6.670294340584857e-06,5.0152535751107034e-11,2
1629,1.3752139845190774e-05,6.664235052048507e-06,5.023839435664912e-11,2
1630,1.3752139845190774e-05,6.658184981194694e-06,5.0324195612413654e-11,2
1631,1.3752139845190774e-05,6.652144108358913e-06,5.040993946303061e-11,2
1632,1.3752139845190774e-05,6.646112413930626e-06,5.049562585382171e-11,2
1633,1.3752139845190774e-05,6.640089878353091e-06,5.0581254730795894e-11,2
1634,1.3752139845190774e-05,6.634076482123175e-06,5.066682604064522e-11,2
1635,1.3752139845190774e-05,6.628072205791179e-06,5.075233973074053e-11,2
1636,1.3752139845190774e-05,6.622077029960653e-06,5.083779574912728e-11,2
1637,1.3752139845190774e-05,6.616090935288228e-06,5.0923194044521315e-11,2
1638,1.3752139845190774e-05,6.6101139024834265e-06,5.100853456630478e-11,2
1639,1.7188377250589466e-05,6.604145912308496e-06,1.1202595302224898e-10,1
1640,1.7188377250589466e-05,6.598186945578224e-06,1.1215213069635412e-10,1
1641,1.7188377250589466e-05,6.592236983159768e-06,1.1227818856704513e-10,1
1642,1.7188377250589466e-05,6.5862960059724825e-06,1.1240412671745921e-10,1
1643,1.7188377250589466e-05,6.580363994987738e-06,1.1252994523102199e-10,1
1644,1.7188377250589466e-05,6.574440931228755e-06,1.1265564419144438e-10,1
1645,1.7188377250589466e-05,6.5685267957704245e-06,1.1278122368272021e-10,1
1646,1.7188377250589466e-05,6.562621569739139e-06,1.12906683789123e-10,1
1647,1.7188377250589466e-05,6.55672523431263e-06,1.1303202459520332e-10,1
1648,1.7188377250589466e-05,6.550837770719776e-06,1.1315724618578632e-10,1
1649,1.7188377250589466e-05,6.544959160240457e-06,1.1328234864596856e-10,1
1650,1.7188377250589466e-05,6.539089384205363e-06,1.134073320611157e-10,1
1651,1.7188377250589466e-05,6.533228423995846e-06,1.1353219651685938e-10,1
1652,1.7188377250589466e-05,6.527376261043737e-06,1.1365694209909501e-10,1
1653,1.7188377250589466e-05,6.521532876831182e-06,1.1378156889397875e-10,1
1654,1.7188377250589466e-05,6.515698252890478e-06,1.1390607698792505e-10,1
1655,1.7188377250589466e-05,6.509872370803911e-06,1.1403046646760391e-10,1
1656,1.7188377250589466e-05,6.504055212203576e-06,1.1415473741993843e-10,1
1657,1.7188377250589466e-05,6.498246758771231e-06,1.1427888993210199e-10,1
1658,1.7188377250589466e-05,6.492446992238117e-06,1.1440292409151598e-10,1
1659,1.7188377250589466e-05,6.486655894384806e-06,1.145268399858469e-10,1
1660,1.7188377250589466e-05,6.4808734470410286e-06,1.1465063770300426e-10,1
1661,1.7188377250589466e-05,6.475099632085522e-06,1.1477431733113755e-10,1
1662,1.7188377250589466e-05,6.469334431445859e-06,1.1489787895863412e-10,1
1663,1.7188377250589466e-05,6.46357782709829e-06,1.1502132267411666e-10,1
1664,1.7188377250589466e-05,6.45782980106759e-06,1.1514464856644045e-10,1
1665,1.7188377250589466e-05,6.452090335426889e-06,1.1526785672469119e-10,1
1666,1.7188377250589466e-05,6.446359412297515e-06,1.153909472381825e-10,1
1667,1.7188377250589466e-05,6.44063701384884e-06,1.1551392019645345e-10,1
1668,1.7188377250589466e-05,6.434923122298119e-06,1.1563677568926623e-10,1
1669,1.7188377250589466e-05,6.4292177199103315e-06,1.1575951380660366e-10,1
1670,1.7188377250589466e-05,6.423520788998032e-06,1.1588213463866684e-10,1
1671,1.7188377250589466e-05,6.41783231192118e-06,1.1600463827587305e-10,1
1672,1.7188377250589466e-05,6.412152271087002e-06,1.161270248088529e-10,1
1673,1.7188377250589466e-05,6.406480648949824e-06,1.1624929432844846e-10,1
1674,1.7188377250589466e-05,6.400817428010922e-06,1.163714469257108e-10,1
1675,1.7188377250589466e-05,6.395162590818369e-06,1.1649348269189774e-10,1
1676,1.7188377250589466e-05,6.389516119966876e-06,1.166154017184714e-10,1
1677,1.7188377250589466e-05,6.383877998097653e-06,1.1673720409709613e-10,1
1678,1.7188377250589466e-05,6.378248207898239e-06,1.1685888991963634e-10,1
1679,1.7188377250589466e-05,6.372626732102369e-06,1.169804592781539e-10,1
1680,1.7188377250589466e-05,6.3670135534898075e-06,1.1710191226490638e-10,1
1681,1.7188377250589466e-05,6.361408654886213e-06,1.1722324897234447e-10,1
1682,1.7188377250589466e-05,6.355812019162976e-06,1.1734446949311004e-10,1
1683,1.7188377250589466e-05,6.350223629237077e-06,1.1746557392003392e-10,1
1684,1.7188377250589466e-05,6.3446434680709355e-06,1.1758656234613362e-10,1
1685,1.7188377250589466e-05,6.3390715186722666e-06,1.1770743486461142e-10,1
1686,1.7188377250589466e-05,6.333507764093927e-06,1.1782819156885194e-10,1
1687,1.7188377250589466e-05,6.327952187433771e-06,1.1794883255242039e-10,1
1688,1.7188377250589466e-05,6.322404771834511e-06,1.1806935790906012e-10,1
1689,1.7188377250589466e-05,6.3168655004835595e-06,1.1818976773269077e-10,1
1690,1.7188377250589466e-05,6.311334356612895e-06,1.1831006211740622e-10,1
1691,1.7188377250589466e-05,6.305811323498914e-06,1.1843024115747224e-10,1
1692,1.7188377250589466e-05,6.300296384462283e-06,1.185503049473249e-10,1
1693,1.7188377250589466e-05,6.294789522867802e-06,1.1867025358156802e-10,1
1694,1.7188377250589466e-05,6.289290722124258e-06,1.1879008715497179e-10,1
1695,1.7188377250589466e-05,6.2837999656842845e-06,1.1890980576247006e-10,1
1696,1.7188377250589466e-05,6.278317237044215e-06,1.19029409499159e-10,1
1697,1.7188377250589466e-05,6.272842519743951e-06,1.191488984602947e-10,1
1698,1.7188377250589466e-05,6.267375797366812e-06,1.192682727412913e-10,1
1699,1.7188377250589466e-05,6.261917053539403e-06,1.193875324377193e-10,1
1700,1.7188377250589466e-05,6.256466271931467e-06,1.1950667764530326e-10,1
1701,1.7188377250589466e-05,6.251023436255756e-06,1.1962570845992016e-10,1
1702,1.7188377250589466e-05,6.245588530267885e-06,1.1974462497759725e-10,1
1703,1.7188377250589466e-05,6.2401615377661935e-06,1.198634272945104e-10,1
1704,1.7188377250589466e-05,6.234742442591615e-06,1.1998211550698212e-10,1
1705,1.7188377250589466e-05,6.229331228627534e-06,1.2010068971147964e-10,1
1706,1.7188377250589466e-05,6.223927879799652e-06,1.2021915000461317e-10,1
1707,1.7188377250589466e-05,6.2185323800758535e-06,1.2033749648313383e-10,1
1708,1.7188377250589466e-05,6.2131447134660635e-06,1.204557292439322e-10,1
1709,1.7188377250589466e-05,6.207764864022123e-06,1.2057384838403613e-10,1
1710,1.7188377250589466e-05,6.202392815837646e-06,1.2069185400060924e-10,1
1711,1.7188377250589466e-05,6.197028553047891e-06,1.2080974619094887e-10,1
1712,1.7188377250589466e-05,6.191672059829625e-06,1.2092752505248446e-10,1
1713,1.7188377250589466e-05,6.186323320400991e-06,1.2104519068277565e-10,1
1714,1.7188377250589466e-05,6.1809823190213805e-06,1.2116274317951077e-10,1
1715,1.7188377250589466e-05,6.17564903999129e-06,1.212801826405049e-10,1
1716,1.7188377250589466e-05,6.170323467652205e-06,1.213975091636981e-10,1
1717,1.7188377250589466e-05,6.165005586386456e-06,1.2151472284715385e-10,1
1718,1.7188377250589466e-05,6.159695380617097e-06,1.2163182378905725e-10,1
1719,1.7188377250589466e-05,6.15439283480777e-06,1.2174881208771336e-10,1
1720,1.7188377250589466e-05,6.1490979334625835e-06,1.2186568784154537e-10,1
1721,1.7188377250589466e-05,6.14381066112597e-06,1.219824511490933e-10,1
1722,1.7188377250589466e-05,6.138531002382571e-06,1.2209910210901197e-10,1
1723,1.7188377250589466e-05,6.133258941857105e-06,1.2221564082006943e-10,1
1724,1.7188377250589466e-05,6.127994464214236e-06,1.2233206738114553e-10,1
1725,1.7188377250589466e-05,6.122737554158453e-06,1.2244838189122982e-10,1
1726,1.7188377250589466e-05,6.1174881964339395e-06,1.2256458444942067e-10,1
1727,1.7188377250589466e-05,6.112246375824446e-06,1.2268067515492293e-10,1
1728,1.7188377250589466e-05,6.10701207715317e-06,1.2279665410704686e-10,1
1729,1.7188377250589466e-05,6.1017852852826266e-06,1.2291252140520618e-10,1
1730,1.7188377250589466e-05,6.096565985114527e-06,1.2302827714891678e-10,1
1731,1.7188377250589466e-05,6.091354161589653e-06,1.2314392143779496e-10,1
1732,1.7188377250589466e-05,6.08614979968773e-06,1.232594543715561e-10,1
1733,1.7188377250589466e-05,6.080952884427309e-06,1.233748760500128e-10,1
1734,1.7188377250589466e-05,6.075763400865644e-06,1.2349018657307372e-10,1
1735,1.7188377250589466e-05,6.0705813340985635e-06,1.2360538604074179e-10,1
1736,1.7188377250589466e-05,6.06540666926036e-06,1.2372047455311276e-10,1
1737,1.7188377250589466e-05,6.060239391523651e-06,1.238354522103739e-10,1
1738,1.7188377250589466e-05,6.055079486099281e-06,1.2395031911280216e-10,1
1739,1.7188377250589466e-05,6.049926938236181e-06,1.2406507536076298e-10,1
1740,1.7188377250589466e-05,6.044781733221258e-06,1.2417972105470881e-10,1
1741,1.7188377250589466e-05,6.0396438563792755e-06,1.242942562951775e-10,1
1742,1.7188377250589466e-05,6.0345132930727324e-06,1.2440868118279086e-10,1
1743,1.7188377250589466e-05,6.029390028701743e-06,1.2452299581825348e-10,1
1744,1.7188377250589466e-05,6.024274048703925e-06,1.24637200302351e-10,1
1745,1.7188377250589466e-05,6.019165338554274e-06,1.2475129473594884e-10,1
1746,1.7188377250589466e-05,6.01406388376505e-06,1.2486527921999085e-10,1
1747,1.7188377250589466e-05,6.00896966988566e-06,1.249791538554977e-10,1
1748,1.7188377250589466e-05,6.003882682502544e-06,1.2509291874356588e-10,1
1749,1.7188377250589466e-05,5.998802907239055e-06,1.2520657398536575e-10,1
1750,1.7188377250589466e-05,5.993730329755344e-06,1.253201196821409e-10,1
1751,1.7188377250589466e-05,5.988664935748251e-06,1.2543355593520597e-10,1
1752,1.7188377250589466e-05,5.983606710951177e-06,1.2554688284594613e-10,1
1753,1.7188377250589466e-05,5.978555641133985e-06,1.256601005158151e-10,1
1754,1.7188377250589466e-05,5.973511712102877e-06,1.257732090463341e-10,1
1755,1.7188377250589466e-05,5.968474909700283e-06,1.258862085390906e-10,1
1756,1.7188377250589466e-05,5.963445219804745e-06,1.2599909909573678e-10,1
1757,1.7188377250589466e-05,5.958422628330812e-06,1.2611188081798848e-10,1
1758,1.7188377250589466e-05,5.953407121228917e-06,1.262245538076238e-10,1
1759,1.7188377250589466e-05,5.948398684485276e-06,1.2633711816648163e-10,1
1760,1.7188377250589466e-05,5.943397304121767e-06,1.264495739964607e-10,1
1761,1.7188377250589466e-05,5.938402966195828e-06,1.2656192139951815e-10,1
1762,1.7188377250589466e-05,5.93341565680034e-06,1.2667416047766828e-10,1
1763,1.7188377250589466e-05,5.9284353620635165e-06,1.2678629133298134e-10,1
1764,1.7188377250589466e-05,5.923462068148802e-06,1.2689831406758217e-10,1
1765,1.7188377250589466e-05,5.918495761254751e-06,1.2701022878364924e-10,1
1766,1.7188377250589466e-05,5.913536427614927e-06,1.2712203558341321e-10,1
1767,1.7188377250589466e-05,5.908584053497794e-06,1.2723373456915559e-10,1
1768,1.7188377250589466e-05,5.903638625206601e-06,1.2734532584320795e-10,1
1769,1.7188377250589466e-05,5.8987001290792856e-06,1.2745680950795042e-10,1
1770,1.7188377250589466e-05,5.8937685514883545e-06,1.275681856658105e-10,1
1771,1.7188377250589466e-05,5.888843878840788e-06,1.2767945441926208e-10,1
1772,1.7188377250589466e-05,5.883926097577924e-06,1.2779061587082398e-10,1
1773,1.7188377250589466e-05,5.879015194175354e-06,1.2790167012305923e-10,1
1774,1.7188377250589466e-05,5.874111155142826e-06,1.2801261727857337e-10,1
1775,1.7188377250589466e-05,5.869213967024124e-06,1.2812345744001373e-10,1
1776,1.7188377250589466e-05,5.864323616396976e-06,1.2823419071006816e-10,1
1777,1.7188377250589466e-05,5.859440089872946e-06,1.2834481719146367e-10,1
1778,1.7188377250589466e-05,5.85456337409732e-06,1.284553369869659e-10,1
1779,1.7188377250589466e-05,5.849693455749017e-06,1.2856575019937738e-10,1
1780,1.7188377250589466e-05,5.844830321540479e-06,1.2867605693153672e-10,1
1781,1.7188377250589466e-05,5.839973958217564e-06,1.287862572863174e-10,1
1782,1.7188377250589466e-05,5.835124352559448e-06,1.28896351366627e-10,1
1783,1.7188377250589466e-05,5.830281491378524e-06,1.2900633927540559e-10,1
1784,1.7188377250589466e-05,5.825445361520292e-06,1.2911622111562514e-10,1
1785,1.7188377250589466e-05,5.82061594986327e-06,1.2922599699028814e-10,1
1786,1.7188377250589466e-05,5.815793243318878e-06,1.2933566700242674e-10,1
1787,1.7188377250589466e-05,5.81097722883135e-06,1.2944523125510157e-10,1
1788,1.7188377250589466e-05,5.806167893377625e-06,1.295546898514008e-10,1
1789,1.7188377250589466e-05,5.801365223967252e-06,1.2966404289443894e-10,1
1790,1.7188377250589466e-05,5.796569207642285e-06,1.2977329048735608e-10,1
1791,1.7188377250589466e-05,5.791779831477192e-06,1.2988243273331658e-10,1
1792,1.7188377250589466e-05,5.786997082578745e-06,1.2999146973550816e-10,1
1793,1.7188377250589466e-05,5.782220948085929e-06,1.3010040159714118e-10,1
1794,1.7188377250589466e-05,5.777451415169841e-06,1.3020922842144708e-10,1
1795,1.7188377250589466e-05,5.772688471033595e-06,1.303179503116778e-10,1
1796,1.7188377250589466e-05,5.767932102912217e-06,1.3042656737110483e-10,1
1797,1.7188377250589466e-05,5.763182298072555e-06,1.305350797030179e-10,1
1798,1.7188377250589466e-05,5.75843904381318e-06,1.306434874107243e-10,1
1799,1.7188377250589466e-05,5.7537023274642886e-06,1.3075179059754778e-10,1
1800,1.7188377250589466e-05,5.748972136387606e-06,1.3085998936682768e-10,1
1801,1.7188377250589466e-05,5.74424845797629e-06,1.3096808382191788e-10,1
1802,1.7188377250589466e-05,5.739531279654839e-06,1.3107607406618605e-10,1
1803,1.7188377250589466e-05,5.734820588878992e-06,1.311839602030124e-10,1
1804,1.7188377250589466e-05,5.730116373135637e-06,1.31291742335789e-10,1
1805,1.7188377250589466e-05,5.7254186199427165e-06,1.313994205679188e-10,1
1806,1.7188377250589466e-05,5.720727316849129e-06,1.315069950028148e-10,1
1807,1.7188377250589466e-05,5.716042451434643e-06,1.3161446574389873e-10,1
1808,1.7188377250589466e-05,5.711364011309792e-06,1.317218328946009e-10,1
1809,1.7188377250589466e-05,5.706691984115795e-06,1.318290965583586e-10,1
1810,1.7188377250589466e-05,5.702026357524452e-06,1.3193625683861545e-10,1
1811,1.7188377250589466e-05,5.6973671192380575e-06,1.320433138388207e-10,1
1812,1.7188377250589466e-05,5.692714256989306e-06,1.3215026766242816e-10,1
1813,1.7188377250589466e-05,5.688067758541204e-06,1.3225711841289537e-10,1
1814,1.7188377250589466e-05,5.6834276116869725e-06,1.3236386619368265e-10,1
1815,1.7188377250589466e-05,5.67879380424996e-06,1.3247051110825238e-10,1
1816,1.7188377250589466e-05,5.67416632408355e-06,1.3257705326006824e-10,1
1817,1.7188377250589466e-05,5.669545159071069e-06,1.3268349275259407e-10,1
1818,1.7188377250589466e-05,5.664930297125703e-06,1.327898296892933e-10,1
1819,1.7188377250589466e-05,5.660321726190397e-06,1.328960641736279e-10,1
1820,1.7188377250589466e-05,5.655719434237773e-06,1.3300219630905782e-10,1
1821,1.7188377250589466e-05,5.651123409270041e-06,1.3310822619903983e-10,1
1822,1.7188377250589466e-05,5.646533639318905e-06,1.3321415394702707e-10,1
1823,1.7188377250589466e-05,5.641950112445478e-06,1.3331997965646796e-10,1
1824,1.7188377250589466e-05,5.6373728167401925e-06,1.3342570343080557e-10,1
1825,1.7188377250589466e-05,5.632801740322712e-06,1.3353132537347674e-10,1
1826,1.7188377250589466e-05,5.628236871341847e-06,1.3363684558791128e-10,1
1827,1.7188377250589466e-05,5.623678197975459e-06,1.3374226417753132e-10,1
1828,1.7188377250589466e-05,5.619125708430386e-06,1.338475812457503e-10,1
1829,1.7188377250589466e-05,5.614579390942341e-06,1.339527968959724e-10,1
1830,1.7188377250589466e-05,5.610039233775841e-06,1.340579112315917e-10,1
1831,1.7188377250589466e-05,5.605505225224107e-06,1.3416292435599143e-10,1
1832,1.7188377250589466e-05,5.600977353608987e-06,1.342678363725432e-10,1
1833,1.7188377250589466e-05,5.596455607280866e-06,1.3437264738460634e-10,1
1834,1.7188377250589466e-05,5.591939974618587e-06,1.3447735749552694e-10,1
1835,1.7188377250589466e-05,5.587430444029353e-06,1.3458196680863726e-10,1
1836,1.7188377250589466e-05,5.5829270039486584e-06,1.346864754272552e-10,1
1837,1.7188377250589466e-05,5.578429642840194e-06,1.3479088345468302e-10,1
1838,1.7188377250589466e-05,5.573938349195766e-06,1.3489519099420732e-10,1
1839,1.7188377250589466e-05,5.56945311153521e-06,1.3499939814909768e-10,1
1840,1.7188377250589466e-05,5.564973918406315e-06,1.3510350502260639e-10,1
1841,1.7188377250589466e-05,5.560500758384728e-06,1.3520751171796758e-10,1
1842,1.7188377250589466e-05,5.556033620073884e-06,1.3531141833839644e-10,1
1843,1.7188377250589466e-05,5.551572492104915e-06,1.3541522498708868e-10,1
1844,1.7188377250589466e-05,5.547117363136569e-06,1.355189317672198e-10,1
1845,1.7188377250589466e-05,5.5426682218551316e-06,1.356225387819444e-10,1
1846,1.7188377250589466e-05,5.538225056974339e-06,1.3572604613439538e-10,1
1847,1.7188377250589466e-05,5.533787857235301e-06,1.358294539276834e-10,1
1848,1.7188377250589466e-05,5.529356611406418e-06,1.3593276226489631e-10,1
1849,1.7188377250589466e-05,5.524931308283298e-06,1.3603597124909824e-10,1
1850,1.7188377250589466e-05,5.520511936688683e-06,1.3613908098332902e-10,1
1851,1.7188377250589466e-05,5.516098485472359e-06,1.3624209157060375e-10,1
1852,1.7188377250589466e-05,5.5116909435110835e-06,1.363450031139118e-10,1
1853,1.7188377250589466e-05,5.507289299708505e-06,1.364478157162164e-10,1
1854,1.7188377250589466e-05,5.502893542995078e-06,1.365505294804539e-10,1
1855,1.7188377250589466e-05,5.498503662327987e-06,1.366531445095333e-10,1
1856,1.7188377250589466e-05,5.494119646691075e-06,1.3675566090633534e-10,1
1857,1.7188377250589466e-05,5.489741485094749e-06,1.3685807877371217e-10,1
1858,1.7188377250589466e-05,5.485369166575916e-06,1.369603982144865e-10,1
1859,1.7188377250589466e-05,5.481002680197898e-06,1.3706261933145115e-10,1
1860,1.7188377250589466e-05,5.476642015050357e-06,1.3716474222736833e-10,1
1861,1.7188377250589466e-05,5.472287160249215e-06,1.3726676700496906e-10,1
1862,1.7188377250589466e-05,5.467938104936578e-06,1.3736869376695264e-10,1
1863,1.7188377250589466e-05,5.463594838280657e-06,1.3747052261598597e-10,1
1864,1.7188377250589466e-05,5.459257349475698e-06,1.375722536547031e-10,1
1865,1.7188377250589466e-05,5.454925627741897e-06,1.3767388698570425e-10,1
1866,1.7188377250589466e-05,5.4505996623253265e-06,1.3777542271155593e-10,1
1867,1.7188377250589466e-05,5.446279442497863e-06,1.3787686093478961e-10,1
1868,1.7188377250589466e-05,5.441964957557108e-06,1.3797820175790172e-10,1
1869,1.7188377250589466e-05,5.437656196826314e-06,1.3807944528335262e-10,1
1870,1.7188377250589466e-05,5.433353149654309e-06,1.381805916135664e-10,1
1871,1.7188377250589466e-05,5.429055805415417e-06,1.382816408509303e-10,1
1872,1.7188377250589466e-05,5.424764153509394e-06,1.383825930977938e-10,1
1873,1.7188377250589466e-05,5.420478183361343e-06,1.3848344845646855e-10,1
1874,1.7188377250589466e-05,5.4161978844216465e-06,1.3858420702922737e-10,1
1875,1.7188377250589466e-05,5.4119232461658885e-06,1.3868486891830412e-10,1
1876,1.7188377250589466e-05,5.4076542580947845e-06,1.3878543422589285e-10,1
1877,1.7188377250589466e-05,5.403390909734105e-06,1.3888590305414742e-10,1
1878,1.7188377250589466e-05,5.3991331906346056e-06,1.38986275505181e-10,1
1879,1.7188377250589466e-05,5.3948810903719496e-06,1.390865516810653e-10,1
1880,1.7188377250589466e-05,5.3906345985466395e-06,1.3918673168383054e-10,1
1881,1.7188377250589466e-05,5.386393704783944e-06,1.392868156154643e-10,1
1882,1.7188377250589466e-05,5.3821583987338244e-06,1.3938680357791156e-10,1
1883,1.7188377250589466e-05,5.377928670070862e-06,1.394866956730739e-10,1
1884,1.7188377250589466e-05,5.37370450849419e-06,1.395864920028091e-10,1
1885,1.7188377250589466e-05,5.36948590372742e-06,1.3968619266893055e-10,1
1886,1.7188377250589466e-05,5.365272845518572e-06,1.3978579777320678e-10,1
1887,1.7188377250589466e-05,5.3610653236399985e-06,1.3988530741736112e-10,1
1888,1.7188377250589466e-05,5.356863327888322e-06,1.39984721703071e-10,1
1889,1.7188377250589466e-05,5.352666848084359e-06,1.4008404073196758e-10,1
1890,1.7188377250589466e-05,5.34847587407305e-06,1.401832646056353e-10,1
1891,1.7188377250589466e-05,5.344290395723394e-06,1.4028239342561132e-10,1
1892,1.7188377250589466e-05,5.340110402928373e-06,1.4038142729338495e-10,1
1893,1.7188377250589466e-05,5.335935885604886e-06,1.4048036631039754e-10,1
1894,1.7188377250589466e-05,5.3317668336936825e-06,1.4057921057804164e-10,1
1895,1.7188377250589466e-05,5.327603237159285e-06,1.4067796019766069e-10,1
1896,1.7188377250589466e-05,5.323445085989928e-06,1.4077661527054867e-10,1
1897,1.7188377250589466e-05,5.3192923701974875e-06,1.4087517589794948e-10,1
1898,1.7188377250589466e-05,5.315145079817412e-06,1.4097364218105647e-10,1
1899,1.7188377250589466e-05,5.311003204908654e-06,1.410720142210122e-10,1
1900,1.7188377250589466e-05,5.306866735553604e-06,1.4117029211890773e-10,1
1901,1.7188377250589466e-05,5.302735661858021e-06,1.4126847597578255e-10,1
1902,1.7188377250589466e-05,5.2986099739509665e-06,1.4136656589262368e-10,1
1903,1.7188377250589466e-05,5.294489661984737e-06,1.4146456197036561e-10,1
1904,1.7188377250589466e-05,5.290374716134797e-06,1.415624643098897e-10,1
1905,1.7188377250589466e-05,5.286265126599714e-06,1.4166027301202385e-10,1
1906,1.7188377250589466e-05,5.282160883601088e-06,1.4175798817754192e-10,1
1907,1.7188377250589466e-05,5.278061977383489e-06,1.4185560990716358e-10,1
1908,1.7188377250589466e-05,5.27396839821439e-06,1.4195313830155358e-10,1
1909,1.7188377250589466e-05,5.269880136384103e-06,1.4205057346132158e-10,1
1910,1.7188377250589466e-05,5.2657971822057085e-06,1.4214791548702162e-10,1
1911,1.7188377250589466e-05,5.2617195260149966e-06,1.4224516447915187e-10,1
1912,1.7188377250589466e-05,5.257647158170394e-06,1.4234232053815403e-10,1
1913,1.7188377250589466e-05,5.25358006905291e-06,1.4243938376441295e-10,1
1914,1.7188377250589466e-05,5.249518249066062e-06,1.4253635425825645e-10,1
1915,1.7188377250589466e-05,5.245461688635815e-06,1.426332321199547e-10,1
1916,1.7188377250589466e-05,5.241410378210519e-06,1.4273001744972002e-10,1
1917,1.7188377250589466e-05,5.237364308260838e-06,1.428267103477064e-10,1
1918,1.7188377250589466e-05,5.2333234692797e-06,1.429233109140089e-10,1
1919,1.7188377250589466e-05,5.2292878517822215e-06,1.430198192486638e-10,1
1920,1.7188377250589466e-05,5.2252574463056414e-06,1.4311623545164785e-10,1
1921,1.7188377250589466e-05,5.221232243409274e-06,1.432125596228778e-10,1
1922,1.7188377250589466e-05,5.21721223367443e-06,1.433087918622104e-10,1
1923,1.7188377250589466e-05,5.21319740770436e-06,1.4340493226944175e-10,1
1924,1.7188377250589466e-05,5.209187756124197e-06,1.4350098094430708e-10,1
1925,1.7188377250589466e-05,5.205183269580884e-06,1.435969379864803e-10,1
1926,1.7188377250589466e-05,5.2011839387431175e-06,1.4369280349557382e-10,1
1927,1.7188377250589466e-05,5.197189754301289e-06,1.4378857757113792e-10,1
1928,1.7188377250589466e-05,5.193200706967415e-06,1.4388426031266062e-10,1
1929,1.7188377250589466e-05,5.189216787475086e-06,1.4397985181956732e-10,1
1930,1.7188377250589466e-05,5.185237986579393e-06,1.4407535219122029e-10,1
1931,1.7188377250589466e-05,5.1812642950568745e-06,1.441707615269186e-10,1
1932,1.7188377250589466e-05,5.177295703705458e-06,1.4426607992589756e-10,1
1933,1.7188377250589466e-05,5.173332203344392e-06,1.4436130748732838e-10,1
1934,1.7188377250589466e-05,5.169373784814189e-06,1.4445644431031813e-10,1
1935,1.7188377250589466e-05,5.1654204389765675e-06,1.44551490493909e-10,1
1936,1.7188377250589466e-05,5.161472156714387e-06,1.4464644613707834e-10,1
1937,1.7188377250589466e-05,5.157528928931592e-06,1.4474131133873806e-10,1
1938,1.7188377250589466e-05,5.153590746553154e-06,1.4483608619773457e-10,1
1939,1.7188377250589466e-05,5.149657600525006e-06,1.4493077081284816e-10,1
1940,1.7188377250589466e-05,5.145729481813989e-06,1.45025365282793e-10,1
1941,1.7188377250589466e-05,5.1418063814077886e-06,1.4511986970621662e-10,1
1942,1.7188377250589466e-05,5.13788829031488e-06,1.4521428418169968e-10,1
1943,1.7188377250589466e-05,5.133975199564467e-06,1.4530860880775573e-10,1
1944,1.7188377250589466e-05,5.130067100206427e-06,1.4540284368283065e-10,1
1945,1.7188377250589466e-05,5.1261639833112436e-06,1.4549698890530276e-10,1
1946,1.7188377250589466e-05,5.1222658399699615e-06,1.4559104457348224e-10,1
1947,1.7188377250589466e-05,5.11837266129412e-06,1.456850107856107e-10,1
1948,1.7188377250589466e-05,5.114484438415695e-06,1.4577888763986148e-10,1
1949,1.7188377250589466e-05,5.11060116248705e-06,1.4587267523433852e-10,1
1950,1.7188377250589466e-05,5.106722824680867e-06,1.4596637366707687e-10,1
1951,1.7188377250589466e-05,5.1028494161900956e-06,1.4605998303604197e-10,1
1952,1.7188377250589466e-05,5.0989809282279e-06,1.4615350343912935e-10,1
1953,1.7188377250589466e-05,5.095117352027596e-06,1.4624693497416467e-10,1
1954,1.7188377250589466e-05,5.091258678842596e-06,1.46340277738903e-10,1
1955,1.7188377250589466e-05,5.087404899946353e-06,1.4643353183102913e-10,1
1956,1.7188377250589466e-05,5.0835560066323065e-06,1.4652669734815656e-10,1
1957,1.7188377250589466e-05,5.079711990213822e-06,1.4661977438782794e-10,1
1958,1.7188377250589466e-05,5.0758728420241425e-06,1.467127630475144e-10,1
1959,1.7188377250589466e-05,5.072038553416321e-06,1.4680566342461545e-10,1
1960,1.7188377250589466e-05,5.068209115763182e-06,1.4689847561645848e-10,1
1961,1.7188377250589466e-05,5.0643845204572495e-06,1.4699119972029885e-10,1
1962,1.7188377250589466e-05,5.060564758910702e-06,1.470838358333195e-10,1
1963,1.7188377250589466e-05,5.056749822555314e-06,1.4717638405263054e-10,1
1964,1.7188377250589466e-05,5.052939702842404e-06,1.4726884447526924e-10,1
1965,1.7188377250589466e-05,5.049134391242776e-06,1.4736121719819963e-10,1
1966,1.7188377250589466e-05,5.045333879246669e-06,1.4745350231831227e-10,1
1967,1.7188377250589466e-05,5.041538158363701e-06,1.4754569993242402e-10,1
1968,1.7188377250589466e-05,5.037747220122815e-06,1.47637810137278e-10,1
1969,1.7188377250589466e-05,5.033961056072225e-06,1.4772983302954295e-10,1
1970,1.7188377250589466e-05,5.030179657779365e-06,1.4782176870581334e-10,1
1971,1.7188377250589466e-05,5.0264030168308315e-06,1.4791361726260896e-10,1
1972,1.7188377250589466e-05,5.0226311248323325e-06,1.480053787963747e-10,1
1973,1.7188377250589466e-05,5.018863973408636e-06,1.4809705340348051e-10,1
1974,1.7188377250589466e-05,5.0151015542035115e-06,1.4818864118022096e-10,1
1975,1.7188377250589466e-05,5.011343858879687e-06,1.4828014222281497e-10,1
1976,1.7188377250589466e-05,5.007590879118784e-06,1.483715566274059e-10,1
1977,1.7188377250589466e-05,5.0038426066212775e-06,1.48462884490061e-10,1
1978,1.7188377250589466e-05,5.000099033106434e-06,1.4855412590677135e-10,1
1979,1.7188377250589466e-05,4.9963601503122636e-06,1.4864528097345172e-10,1
1980,1.7188377250589466e-05,4.992625949995469e-06,1.4873634978594018e-10,1
1981,1.7188377250589466e-05,4.988896423931395e-06,1.4882733243999787e-10,1
1982,1.7188377250589466e-05,4.985171563913969e-06,1.4891822903130922e-10,1
1983,1.7188377250589466e-05,4.9814513617556615e-06,1.4900903965548098e-10,1
1984,1.7188377250589466e-05,4.977735809287425e-06,1.490997644080428e-10,1
1985,1.7188377250589466e-05,4.974024898358648e-06,1.4919040338444655e-10,1
1986,1.7188377250589466e-05,4.9703186208371005e-06,1.4928095668006627e-10,1
1987,1.7188377250589466e-05,4.96661696860889e-06,1.4937142439019794e-10,1
1988,1.7188377250589466e-05,4.962919933578403e-06,1.4946180661005934e-10,1
1989,1.7188377250589466e-05,4.9592275076682605e-06,1.495521034347898e-10,1
1990,1.7188377250589466e-05,4.955539682819264e-06,1.4964231495945002e-10,1
1991,1.7188377250589466e-05,4.951856450990347e-06,1.4973244127902187e-10,1
1992,1.7188377250589466e-05,4.948177804158527e-06,1.4982248248840828e-10,1
1993,1.7188377250589466e-05,4.94450373431885e-06,1.4991243868243298e-10,1
1994,1.7188377250589466e-05,4.940834233484352e-06,1.5000230995584024e-10,1
1995,1.7188377250589466e-05,4.937169293685995e-06,1.5009209640329492e-10,1
1996,1.7188377250589466e-05,4.933508906972628e-06,1.501817981193821e-10,1
1997,1.7188377250589466e-05,4.9298530654109375e-06,1.5027141519860693e-10,1
1998,1.7188377250589466e-05,4.926201761085393e-06,1.5036094773539445e-10,1
1999,1.7188377250589466e-05,4.922554986098202e-06,1.504503958240896e-10,1
2000,1.7188377250589466e-05,4.918912732569263e-06,1.5053975955895675e-10,1
2001,1.7188377250589466e-05,4.915274992636113e-06,1.5062903903417967e-10,1
2002,1.7188377250589466e-05,4.911641758453883e-06,1.5071823434386151e-10,1
2003,1.7188377250589466e-05,4.908013022195247e-06,1.5080734558202432e-10,1
2004,1.7188377250589466e-05,4.904388776050375e-06,1.5089637284260925e-10,1
2005,1.7188377250589466e-05,4.900769012226882e-06,1.5098531621947604e-10,1
2006,1.7188377250589466e-05,4.897153722949793e-06,1.5107417580640306e-10,1
2007,1.7188377250589466e-05,4.893542900461476e-06,1.5116295169708715e-10,1
2008,1.7188377250589466e-05,4.889936537021611e-06,1.5125164398514344e-10,1
2009,1.7188377250589466e-05,4.886334624907133e-06,1.5134025276410507e-10,1
2010,1.7188377250589466e-05,4.882737156412191e-06,1.5142877812742332e-10,1
2011,1.7188377250589466e-05,4.879144123848098e-06,1.5151722016846708e-10,1
2012,1.7188377250589466e-05,4.875555519543284e-06,1.516055789805231e-10,1
2013,1.7188377250589466e-05,4.871971335843253e-06,1.5169385465679553e-10,1
2014,1.7188377250589466e-05,4.868391565110528e-06,1.5178204729040597e-10,1
2015,1.7188377250589466e-05,4.8648161997246185e-06,1.5187015697439312e-10,1
2016,1.7188377250589466e-05,4.86124523208196e-06,1.5195818380171296e-10,1
2017,1.7188377250589466e-05,4.857678654595876e-06,1.520461278652383e-10,1
2018,1.7188377250589466e-05,4.8541164596965325e-06,1.5213398925775878e-10,1
2019,1.7188377250589466e-05,4.85055863983089e-06,1.522217680719807e-10,1
2020,1.7188377250589466e-05,4.847005187462657e-06,1.523094644005269e-10,1
2021,1.7188377250589466e-05,4.843456095072245e-06,1.5239707833593665e-10,1
2022,1.7188377250589466e-05,4.839911355156727e-06,1.5248460997066545e-10,1
2023,1.7188377250589466e-05,4.836370960229786e-06,1.525720593970851e-10,1
2024,1.7188377250589466e-05,4.83283490282168e-06,1.526594267074831e-10,1
2025,1.7188377250589466e-05,4.82930317547918e-06,1.5274671199406317e-10,1
2026,1.7188377250589466e-05,4.825775770765547e-06,1.5283391534894456e-10,1
2027,1.7188377250589466e-05,4.8222526812604696e-06,1.5292103686416226e-10,1
2028,1.7188377250589466e-05,4.818733899560029e-06,1.5300807663166678e-10,1
2029,1.7188377250589466e-05,4.815219418276652e-06,1.5309503474332392e-10,1
2030,1.7188377250589466e-05,4.811709230039067e-06,1.5318191129091496e-10,1
2031,1.7188377250589466e-05,4.80820332749226e-06,1.5326870636613609e-10,1
2032,1.7188377250589466e-05,4.8047017032974295e-06,1.533554200605987e-10,1
2033,1.7188377250589466e-05,4.801204350131947e-06,1.5344205246582918e-10,1
2034,1.7188377250589466e-05,4.79771126068931e-06,1.535286036732684e-10,1
2035,1.7188377250589466e-05,4.794222427679095e-06,1.5361507377427244e-10,1
2036,1.7188377250589466e-05,4.790737843826924e-06,1.537014628601115e-10,1
2037,1.7188377250589466e-05,4.787257501874414e-06,1.537877710219705e-10,1
2038,1.7188377250589466e-05,4.783781394579133e-06,1.5387399835094875e-10,1
2039,1.7188377250589466e-05,4.780309514714564e-06,1.5396014493805974e-10,1
2040,1.7188377250589466e-05,4.776841855070055e-06,1.5404621087423119e-10,1
2041,1.7188377250589466e-05,4.773378408450782e-06,1.5413219625030487e-10,1
2042,1.7188377250589466e-05,4.7699191676777005e-06,1.5421810115703656e-10,1
2043,1.7188377250589466e-05,4.766464125587511e-06,1.5430392568509583e-10,1
2044,1.7188377250589466e-05,4.76301327503261e-06,1.543896699250661e-10,1
2045,1.7188377250589466e-05,4.759566608881051e-06,1.5447533396744437e-10,1
2046,1.7188377250589466e-05,4.756124120016502e-06,1.5456091790264126e-10,1
2047,1.7188377250589466e-05,4.752685801338204e-06,1.5464642182098094e-10,1
2048,1.7188377250589466e-05,4.749251645760929e-06,1.5473184581270094e-10,1
2049,1.7188377250589466e-05,4.745821646214938e-06,1.5481718996795195e-10,1
2050,1.7188377250589466e-05,4.742395795645941e-06,1.5490245437679812e-10,1
2051,1.7188377250589466e-05,4.7389740870150556e-06,1.5498763912921653e-10,1
2052,1.7188377250589466e-05,4.735556513298761e-06,1.5507274431509741e-10,1
2053,1.7188377250589466e-05,4.732143067488869e-06,1.5515777002424381e-10,1
2054,1.7188377250589466e-05,4.728733742592466e-06,1.5524271634637182e-10,1
2055,1.7188377250589466e-05,4.725328531631887e-06,1.5532758337111014e-10,1
2056,1.7188377250589466e-05,4.721927427644669e-06,1.5541237118800038e-10,1
2057,1.7188377250589466e-05,4.718530423683513e-06,1.5549707988649647e-10,1
2058,1.7188377250589466e-05,4.7151375128162345e-06,1.5558170955596525e-10,1
2059,1.7188377250589466e-05,4.7117486881257375e-06,1.5566626028568575e-10,1
2060,1.7188377250589466e-05,4.708363942709964e-06,1.557507321648495e-10,1
2061,1.7188377250589466e-05,4.704983269681857e-06,1.5583512528256035e-10,1
2062,1.7188377250589466e-05,4.701606662169325e-06,1.5591943972783427e-10,1
2063,1.7188377250589466e-05,4.6982341133151925e-06,1.5600367558959964e-10,1
2064,1.7188377250589466e-05,4.694865616277169e-06,1.5608783295669672e-10,1
2065,1.7188377250589466e-05,4.691501164227806e-06,1.561719119178779e-10,1
2066,1.7188377250589466e-05,4.688140750354458e-06,1.5625591256180758e-10,1
2067,1.7188377250589466e-05,4.684784367859244e-06,1.5633983497706188e-10,1
2068,1.7188377250589466e-05,4.681432009959008e-06,1.5642367925212886e-10,1
2069,1.7188377250589466e-05,4.678083669885281e-06,1.5650744547540833e-10,1
2070,1.7188377250589466e-05,4.674739340884236e-06,1.5659113373521185e-10,1
2071,1.7188377250589466e-05,4.671399016216659e-06,1.566747441197626e-10,1
2072,1.7188377250589466e-05,4.6680626891579055e-06,1.5675827671719519e-10,1
2073,1.7188377250589466e-05,4.664730352997861e-06,1.568417316155558e-10,1
2074,1.7188377250589466e-05,4.661402001040902e-06,1.5692510890280228e-10,1
2075,1.7188377250589466e-05,4.658077626605863e-06,1.5700840866680362e-10,1
2076,1.7188377250589466e-05,4.654757223025989e-06,1.5709163099534033e-10,1
2077,1.7188377250589466e-05,4.6514407836489105e-06,1.5717477597610397e-10,1
2078,1.7188377250589466e-05,4.648128301836593e-06,1.5725784369669753e-10,1
2079,1.7188377250589466e-05,4.644819770965306e-06,1.573408342446352e-10,1
2080,1.7188377250589466e-05,4.641515184425587e-06,1.5742374770734213e-10,1
2081,1.7188377250589466e-05,4.638214535622195e-06,1.575065841721547e-10,1
2082,1.7188377250589466e-05,4.634917817974082e-06,1.575893437263202e-10,1
2083,1.7188377250589466e-05,4.6316250249143526e-06,1.5767202645699692e-10,1
2084,1.7188377250589466e-05,4.628336149890227e-06,1.5775463245125412e-10,1
2085,1.7188377250589466e-05,4.625051186363004e-06,1.5783716179607198e-10,1
2086,1.7188377250589466e-05,4.62177012780802e-06,1.5791961457834137e-10,1
2087,1.7188377250589466e-05,4.618492967714621e-06,1.5800199088486405e-10,1
2088,1.7188377250589466e-05,4.615219699586116e-06,1.5808429080235257e-10,1
2089,1.7188377250589466e-05,4.611950316939748e-06,1.5816651441743005e-10,1
2090,1.7188377250589466e-05,4.608684813306653e-06,1.582486618166304e-10,1
2091,1.7188377250589466e-05,4.605423182231827e-06,1.5833073308639802e-10,1
2092,1.7188377250589466e-05,4.602165417274085e-06,1.5841272831308817e-10,1
2093,1.7188377250589466e-05,4.598911512006029e-06,1.5849464758296623e-10,1
2094,1.7188377250589466e-05,4.595661460014009e-06,1.5857649098220846e-10,1
2095,1.7188377250589466e-05,4.592415254898093e-06,1.5865825859690138e-10,1
2096,1.7188377250589466e-05,4.58917289027202e-06,1.5873995051304212e-10,1
2097,1.7188377250589466e-05,4.585934359763178e-06,1.5882156681653807e-10,1
2098,1.7188377250589466e-05,4.582699657012555e-06,1.5890310759320702e-10,1
2099,1.7188377250589466e-05,4.579468775674715e-06,1.58984572928777e-10,1
2100,1.7188377250589466e-05,4.576241709417752e-06,1.5906596290888673e-10,1
2101,1.7188377250589466e-05,4.573018451923266e-06,1.591472776190847e-10,1
2102,1.7188377250589466e-05,4.569798996886319e-06,1.5922851714482996e-10,1
2103,1.7188377250589466e-05,4.5665833380154e-06,1.5930968157149172e-10,1
2104,1.7188377250589466e-05,4.563371469032397e-06,1.5939077098434942e-10,1
2105,1.7188377250589466e-05,4.560163383672558e-06,1.5947178546859248e-10,1
2106,1.7188377250589466e-05,4.556959075684454e-06,1.5955272510932068e-10,1
2107,1.7188377250589466e-05,4.553758538829946e-06,1.5963358999154382e-10,1
2108,1.7188377250589466e-05,4.550561766884154e-06,1.5971438020018175e-10,1
2109,1.7188377250589466e-05,4.547368753635418e-06,1.5979509582006445e-10,1
2110,1.7188377250589466e-05,4.544179492885264e-06,1.5987573693593198e-10,1
2111,1.7188377250589466e-05,4.540993978448374e-06,1.599563036324343e-10,1
2112,1.7188377250589466e-05,4.5378122041525445e-06,1.6003679599413163e-10,1
2113,1.7188377250589466e-05,4.534634163838663e-06,1.6011721410549375e-10,1
2114,1.7188377250589466e-05,4.531459851360661e-06,1.6019755805090087e-10,1
2115,1.7188377250589466e-05,4.528289260585491e-06,1.6027782791464292e-10,1
2116,1.7188377250589466e-05,4.5251223853930905e-06,1.6035802378091966e-10,1
2117,1.7188377250589466e-05,4.5219592196763444e-06,1.6043814573384103e-10,1
2118,1.7188377250589466e-05,4.518799757341053e-06,1.6051819385742672e-10,1
2119,1.7188377250589466e-05,4.515643992305902e-06,1.6059816823560637e-10,1
2120,1.7188377250589466e-05,4.5124919185024245e-06,1.606780689522194e-10,1
2121,1.7188377250589466e-05,4.5093435298749715e-06,1.6075789609101527e-10,1
2122,1.7188377250589466e-05,4.5061988203806775e-06,1.6083764973565304e-10,1
2123,1.7188377250589466e-05,4.503057783989427e-06,1.6091732996970192e-10,1
2124,1.7188377250589466e-05,4.49992041468382e-06,1.6099693687664074e-10,1
2125,1.7188377250589466e-05,4.496786706459146e-06,1.6107647053985818e-10,1
2126,1.7188377250589466e-05,4.49365665332334e-06,1.6115593104265284e-10,1
2127,1.7188377250589466e-05,4.490530249296961e-06,1.6123531846823308e-10,1
2128,1.7188377250589466e-05,4.487407488413154e-06,1.61314632899717e-10,1
2129,1.7188377250589466e-05,4.484288364717618e-06,1.6139387442013258e-10,1
2130,1.7188377250589466e-05,4.481172872268575e-06,1.6147304311241764e-10,1
2131,1.7188377250589466e-05,4.478061005136734e-06,1.6155213905941964e-10,1
2132,1.7188377250589466e-05,4.474952757405266e-06,1.6163116234389592e-10,1
2133,1.7188377250589466e-05,4.471848123169766e-06,1.6171011304851364e-10,1
2134,1.7188377250589466e-05,4.468747096538224e-06,1.6178899125584964e-10,1
2135,1.7188377250589466e-05,4.465649671630988e-06,1.6186779704839065e-10,1
2136,1.7188377250589466e-05,4.462555842580743e-06,1.6194653050853313e-10,1
2137,1.7188377250589466e-05,4.459465603532467e-06,1.6202519171858333e-10,1
2138,1.7188377250589466e-05,4.45637894864341e-06,1.6210378076075728e-10,1
2139,1.7188377250589466e-05,4.453295872083053e-06,1.6218229771718082e-10,1
2140,1.7188377250589466e-05,4.450216368033089e-06,1.6226074266988947e-10,1
2141,1.7188377250589466e-05,4.447140430687374e-06,1.6233911570082882e-10,1
2142,1.7188377250589466e-05,4.444068054251916e-06,1.6241741689185386e-10,1
2143,1.7188377250589466e-05,4.440999232944828e-06,1.6249564632472972e-10,1
2144,1.7188377250589466e-05,4.4379339609963046e-06,1.6257380408113128e-10,1
2145,1.7188377250589466e-05,4.434872232648593e-06,1.62651890242643e-10,1
2146,1.7188377250589466e-05,4.431814042155954e-06,1.6272990489075948e-10,1
2147,1.7188377250589466e-05,4.428759383784641e-06,1.6280784810688495e-10,1
2148,1.7188377250589466e-05,4.42570825181286e-06,1.628857199723335e-10,1
2149,1.7188377250589466e-05,4.422660640530746e-06,1.629635205683291e-10,1
2150,1.7188377250589466e-05,4.419616544240332e-06,1.6304124997600563e-10,1
2151,1.7188377250589466e-05,4.416575957255516e-06,1.6311890827640676e-10,1
2152,1.7188377250589466e-05,4.413538873902029e-06,1.631964955504861e-10,1
2153,1.7188377250589466e-05,4.410505288517414e-06,1.6327401187910707e-10,1
2154,1.7188377250589466e-05,4.4074751954509845e-06,1.6335145734304304e-10,1
2155,1.7188377250589466e-05,4.404448589063801e-06,1.634288320229774e-10,1
2156,1.7188377250589466e-05,4.401425463728641e-06,1.6350613599950326e-10,1
2157,1.7188377250589466e-05,4.3984058138299685e-06,1.6358336935312378e-10,1
2158,1.7188377250589466e-05,4.395389633763902e-06,1.6366053216425222e-10,1
2159,1.7188377250589466e-05,4.3923769179381895e-06,1.6373762451321156e-10,1
2160,1.7188377250589466e-05,4.389367660772173e-06,1.6381464648023504e-10,1
2161,1.7188377250589466e-05,4.386361856696767e-06,1.6389159814546562e-10,1
2162,1.7188377250589466e-05,4.383359500154422e-06,1.6396847958895654e-10,1
2163,1.7188377250589466e-05,4.380360585599098e-06,1.64045290890671e-10,1
2164,1.7188377250589466e-05,4.3773651074962355e-06,1.6412203213048222e-10,1
2165,1.7188377250589466e-05,4.3743730603227264e-06,1.6419870338817357e-10,1
2166,1.7188377250589466e-05,4.371384438566887e-06,1.6427530474343848e-10,1
2167,1.7188377250589466e-05,4.368399236728423e-06,1.6435183627588053e-10,1
2168,1.7188377250589466e-05,4.365417449318408e-06,1.6442829806501348e-10,1
2169,1.7188377250589466e-05,4.36243907085925e-06,1.6450469019026124e-10,1
2170,1.7188377250589466e-05,4.359464095884666e-06,1.6458101273095788e-10,1
2171,1.7188377250589466e-05,4.35649251893965e-06,1.6465726576634765e-10,1
2172,1.7188377250589466e-05,4.353524334580447e-06,1.647334493755852e-10,1
2173,1.7188377250589466e-05,4.350559537374524e-06,1.6480956363773535e-10,1
2174,1.7188377250589466e-05,4.34759812190054e-06,1.6488560863177314e-10,1
2175,1.7188377250589466e-05,4.344640082748323e-06,1.64961584436584e-10,1
2176,1.7188377250589466e-05,4.341685414518836e-06,1.650374911309638e-10,1
2177,1.7188377250589466e-05,4.338734111824152e-06,1.651133287936185e-10,1
2178,1.7188377250589466e-05,4.335786169287425e-06,1.651890975031648e-10,1
2179,1.7188377250589466e-05,4.332841581542862e-06,1.652647973381295e-10,1
2180,1.7188377250589466e-05,4.329900343235698e-06,1.6534042837695014e-10,1
2181,1.7188377250589466e-05,4.3269624490221625e-06,1.6541599069797452e-10,1
2182,1.7188377250589466e-05,4.324027893569458e-06,1.654914843794611e-10,1
2183,1.7188377250589466e-05,4.321096671555731e-06,1.6556690949957873e-10,1
2184,1.7188377250589466e-05,4.318168777670039e-06,1.6564226613640703e-10,1
2185,1.7188377250589466e-05,4.315244206612331e-06,1.65717554367936e-10,1
2186,1.7188377250589466e-05,4.3123229530934175e-06,1.6579277427206644e-10,1
2187,1.7188377250589466e-05,4.309405011834939e-06,1.658679259266098e-10,1
2188,1.7188377250589466e-05,4.306490377569345e-06,1.659430094092881e-10,1
2189,1.7188377250589466e-05,4.303579045039866e-06,1.660180247977342e-10,1
2190,1.7188377250589466e-05,4.300671009000481e-06,1.660929721694917e-10,1
2191,1.7188377250589466e-05,4.297766264215895e-06,1.66167851602015e-10,1
2192,1.7188377250589466e-05,4.294864805461515e-06,1.6624266317266936e-10,1
2193,1.7188377250589466e-05,4.291966627523417e-06,1.6631740695873086e-10,1
2194,1.7188377250589466e-05,4.2890717251983226e-06,1.6639208303738647e-10,1
2195,1.7188377250589466e-05,4.286180093293574e-06,1.6646669148573419e-10,1
2196,1.7188377250589466e-05,4.283291726627104e-06,1.6654123238078292e-10,1
2197,1.7188377250589466e-05,4.280406620027411e-06,1.6661570579945257e-10,1
2198,1.7188377250589466e-05,4.277524768333535e-06,1.6669011181857417e-10,1
2199,1.7188377250589466e-05,4.274646166395026e-06,1.6676445051488974e-10,1
2200,1.7188377250589466e-05,4.271770809071924e-06,1.6683872196505246e-10,1
2201,1.7188377250589466e-05,4.2688986912347276e-06,1.6691292624562678e-10,1
2202,1.7188377250589466e-05,4.266029807764372e-06,1.6698706343308822e-10,1
2203,1.7188377250589466e-05,4.263164153552202e-06,1.6706113360382364e-10,1
2204,1.7188377250589466e-05,4.260301723499943e-06,1.6713513683413106e-10,1
2205,1.7188377250589466e-05,4.257442512519677e-06,1.6720907320022003e-10,1
2206,1.7188377250589466e-05,4.254586515533823e-06,1.6728294277821118e-10,1
2207,1.7188377250589466e-05,4.251733727475101e-06,1.6735674564413684e-10,1
2208,1.7188377250589466e-05,4.248884143286512e-06,1.674304818739407e-10,1
2209,1.7188377250589466e-05,4.246037757921314e-06,1.675041515434777e-10,1
2210,1.7188377250589466e-05,4.243194566342991e-06,1.675777547285148e-10,1
2211,1.7188377250589466e-05,4.240354563525234e-06,1.6765129150473004e-10,1
2212,1.7188377250589466e-05,4.23751774445191e-06,1.6772476194771349e-10,1
2213,1.7188377250589466e-05,4.234684104117044e-06,1.677981661329666e-10,1
2214,1.7188377250589466e-05,4.231853637524785e-06,1.6787150413590267e-10,1
2215,1.7188377250589466e-05,4.229026339689388e-06,1.679447760318467e-10,1
2216,1.7188377250589466e-05,4.226202205635184e-06,1.6801798189603556e-10,1
2217,1.7188377250589466e-05,4.22338123039656e-06,1.6809112180361794e-10,1
2218,1.7188377250589466e-05,4.2205634090179304e-06,1.6816419582965434e-10,1
2219,1.7188377250589466e-05,4.217748736553713e-06,1.6823720404911733e-10,1
2220,1.7188377250589466e-05,4.214937208068306e-06,1.6831014653689146e-10,1
2221,1.7188377250589466e-05,4.2121288186360625e-06,1.6838302336777317e-10,1
2222,1.7188377250589466e-05,4.209323563341264e-06,1.6845583461647115e-10,1
2223,1.7188377250589466e-05,4.206521437278097e-06,1.6852858035760617e-10,1
2224,1.7188377250589466e-05,4.203722435550633e-06,1.6860126066571118e-10,1
2225,1.7188377250589466e-05,4.200926553272795e-06,1.686738756152313e-10,1
2226,1.7188377250589466e-05,4.1981337855683444e-06,1.68746425280524e-10,1
2227,1.7188377250589466e-05,4.195344127570845e-06,1.6881890973585902e-10,1
2228,1.7188377250589466e-05,4.1925575744236485e-06,1.6889132905541863e-10,1
2229,1.7188377250589466e-05,4.189774121279868e-06,1.6896368331329726e-10,1
2230,1.7188377250589466e-05,4.186993763302348e-06,1.6903597258350214e-10,1
2231,1.7188377250589466e-05,4.1842164956636485e-06,1.6910819693995282e-10,1
2232,1.7188377250589466e-05,4.181442313546019e-06,1.6918035645648143e-10,1
2233,1.7188377250589466e-05,4.178671212141372e-06,1.692524512068328e-10,1
2234,1.7188377250589466e-05,4.175903186651259e-06,1.6932448126466454e-10,1
2235,1.7188377250589466e-05,4.173138232286854e-06,1.6939644670354674e-10,1
2236,1.7188377250589466e-05,4.170376344268919e-06,1.694683475969626e-10,1
2237,1.7188377250589466e-05,4.1676175178277905e-06,1.695401840183079e-10,1
2238,1.7188377250589466e-05,4.16486174820335e-06,1.6961195604089148e-10,1
2239,1.7188377250589466e-05,4.162109030645002e-06,1.6968366373793514e-10,1
2240,1.7188377250589466e-05,4.159359360411655e-06,1.6975530718257345e-10,1
2241,1.7188377250589466e-05,4.156612732771687e-06,1.6982688644785445e-10,1
2242,1.7188377250589466e-05,4.153869143002937e-06,1.6989840160673895e-10,1
2243,1.7188377250589466e-05,4.151128586392672e-06,1.6996985273210111e-10,1
2244,1.7188377250589466e-05,4.148391058237565e-06,1.7004123989672824e-10,1
2245,1.7188377250589466e-05,4.145656553843676e-06,1.7011256317332097e-10,1
2246,1.7188377250589466e-05,4.142925068526426e-06,1.7018382263449333e-10,1
2247,1.7188377250589466e-05,4.140196597610575e-06,1.7025501835277265e-10,1
2248,1.7188377250589466e-05,4.1374711364302e-06,1.703261504005997e-10,1
2249,1.7188377250589466e-05,4.13474868032867e-06,1.703972188503289e-10,1
2250,1.7188377250589466e-05,4.1320292246586246e-06,1.7046822377422818e-10,1
2251,1.7188377250589466e-05,4.129312764781954e-06,1.70539165244479e-10,1
2252,1.7188377250589466e-05,4.126599296069773e-06,1.7061004333317667e-10,1
2253,1.7188377250589466e-05,4.123888813902399e-06,1.7068085811233008e-10,1
2254,1.7188377250589466e-05,4.121181313669331e-06,1.7075160965386208e-10,1
2255,1.7188377250589466e-05,4.118476790769228e-06,1.7082229802960927e-10,1
2256,1.7188377250589466e-05,4.115775240609883e-06,1.7089292331132222e-10,1
2257,1.7188377250589466e-05,4.113076658608205e-06,1.709634855706655e-10,1
2258,1.7188377250589466e-05,4.110381040190194e-06,1.7103398487921772e-10,1
2259,1.7188377250589466e-05,4.107688380790922e-06,1.7110442130847152e-10,1
2260,1.7188377250589466e-05,4.104998675854507e-06,1.7117479492983376e-10,1
2261,1.7188377250589466e-05,4.102311920834093e-06,1.7124510581462558e-10,1
2262,1.7188377250589466e-05,4.0996281111918315e-06,1.7131535403408233e-10,1
2263,1.7188377250589466e-05,4.096947242398854e-06,1.7138553965935366e-10,1
2264,1.7188377250589466e-05,4.094269309935251e-06,1.7145566276150375e-10,1
2265,1.7188377250589466e-05,4.091594309290057e-06,1.7152572341151123e-10,1
2266,1.7188377250589466e-05,4.0889222359612175e-06,1.7159572168026916e-10,1
2267,1.7188377250589466e-05,4.086253085455581e-06,1.7166565763858528e-10,1
2268,1.7188377250589466e-05,4.083586853288866e-06,1.7173553135718202e-10,1
2269,1.7188377250589466e-05,4.080923534985644e-06,1.7180534290669646e-10,1
2270,1.7188377250589466e-05,4.078263126079321e-06,1.718750923576804e-10,1
2271,1.7188377250589466e-05,4.07560562211211e-06,1.7194477978060073e-10,1
2272,1.7188377250589466e-05,4.0729510186350145e-06,1.7201440524583892e-10,1
2273,1.7188377250589466e-05,4.0702993112078055e-06,1.720839688236918e-10,1
2274,1.7188377250589466e-05,4.067650495399003e-06,1.7215347058437086e-10,1
2275,1.7188377250589466e-05,4.06500456678585e-06,1.7222291059800295e-10,1
2276,1.7188377250589466e-05,4.062361520954294e-06,1.7229228893462996e-10,1
2277,1.7188377250589466e-05,4.0597213534989695e-06,1.7236160566420905e-10,1
2278,1.7188377250589466e-05,4.05708406002317e-06,1.724308608566128e-10,1
2279,1.7188377250589466e-05,4.054449636138831e-06,1.72500054581629e-10,1
2280,1.7188377250589466e-05,4.051818077466514e-06,1.7256918690896082e-10,1
2281,1.7188377250589466e-05,4.049189379635376e-06,1.7263825790822708e-10,1
2282,1.7188377250589466e-05,4.046563538283157e-06,1.7270726764896212e-10,1
2283,1.7188377250589466e-05,4.043940549056155e-06,1.7277621620061592e-10,1
2284,1.7188377250589466e-05,4.041320407609205e-06,1.7284510363255411e-10,1
2285,1.7188377250589466e-05,4.038703109605666e-06,1.7291393001405805e-10,1
2286,1.7188377250589466e-05,4.036088650717387e-06,1.7298269541432504e-10,1
2287,1.7188377250589466e-05,4.0334770266247e-06,1.7305139990246824e-10,1
2288,1.7188377250589466e-05,4.030868233016394e-06,1.7312004354751671e-10,1
2289,1.7188377250589466e-05,4.028262265589692e-06,1.731886264184156e-10,1
2290,1.7188377250589466e-05,4.025659120050237e-06,1.7325714858402618e-10,1
2291,1.7188377250589466e-05,4.023058792112065e-06,1.7332561011312579e-10,1
2292,1.7188377250589466e-05,4.020461277497593e-06,1.7339401107440813e-10,1
2293,1.7188377250589466e-05,4.01786657193759e-06,1.7346235153648312e-10,1
2294,1.7188377250589466e-05,4.015274671171166e-06,1.7353063156787707e-10,1
2295,1.7188377250589466e-05,4.012685570945744e-06,1.7359885123703278e-10,1
2296,1.7188377250589466e-05,4.0100992670170465e-06,1.7366701061230956e-10,1
2297,1.7188377250589466e-05,4.007515755149072e-06,1.7373510976198317e-10,1
2298,1.7188377250589466e-05,4.004935031114075e-06,1.7380314875424623e-10,1
2299,1.7188377250589466e-05,4.0023570906925485e-06,1.7387112765720792e-10,1
2300,1.7188377250589466e-05,3.999781929673206e-06,1.739390465388943e-10,1
2301,1.7188377250589466e-05,3.997209543852956e-06,1.7400690546724816e-10,1
2302,1.7188377250589466e-05,3.994639929036887e-06,1.7407470451012942e-10,1
2303,1.7188377250589466e-05,3.992073081038249e-06,1.7414244373531484e-10,1
2304,1.7188377250589466e-05,3.989508995678427e-06,1.7421012321049837e-10,1
2305,1.7188377250589466e-05,3.986947668786933e-06,1.74277743003291e-10,1
2306,1.7188377250589466e-05,3.984389096201375e-06,1.74345303181221e-10,1
2307,1.7188377250589466e-05,3.981833273767448e-06,1.744128038117339e-10,1
2308,1.7188377250589466e-05,3.979280197338905e-06,1.7448024496219266e-10,1
2309,1.7188377250589466e-05,3.976729862777548e-06,1.7454762669987748e-10,1
2310,1.7188377250589466e-05,3.9741822659531996e-06,1.7461494909198627e-10,1
2311,1.7188377250589466e-05,3.971637402743688e-06,1.7468221220563446e-10,1
2312,1.7188377250589466e-05,3.969095269034834e-06,1.7474941610785496e-10,1
2313,1.7188377250589466e-05,3.966555860720418e-06,1.748165608655987e-10,1
2314,1.7188377250589466e-05,3.964019173702177e-06,1.7488364654573406e-10,1
2315,1.7188377250589466e-05,3.961485203889772e-06,1.7495067321504764e-10,1
2316,1.7188377250589466e-05,3.958953947200779e-06,1.7501764094024365e-10,1
2317,1.7188377250589466e-05,3.956425399560665e-06,1.7508454978794455e-10,1
2318,1.7188377250589466e-05,3.953899556902773e-06,1.7515139982469064e-10,1
2319,1.7188377250589466e-05,3.9513764151683e-06,1.7521819111694066e-10,1
2320,1.7188377250589466e-05,3.948855970306278e-06,1.7528492373107137e-10,1
2321,1.7188377250589466e-05,3.946338218273563e-06,1.7535159773337787e-10,1
2322,1.7188377250589466e-05,3.943823155034804e-06,1.7541821319007377e-10,1
2323,1.7188377250589466e-05,3.941310776562438e-06,1.7548477016729087e-10,1
2324,1.7188377250589466e-05,3.9388010788366595e-06,1.7555126873107976e-10,1
2325,1.7188377250589466e-05,3.936294057845412e-06,1.756177089474094e-10,1
2326,1.7188377250589466e-05,3.933789709584363e-06,1.756840908821677e-10,1
2327,1.7188377250589466e-05,3.931288030056891e-06,1.7575041460116101e-10,1
2328,1.7188377250589466e-05,3.928789015274061e-06,1.758166801701147e-10,1
2329,1.7188377250589466e-05,3.926292661254616e-06,1.7588288765467296e-10,1
2330,1.7188377250589466e-05,3.923798964024946e-06,1.7594903712039896e-10,1
2331,1.7188377250589466e-05,3.921307919619083e-06,1.7601512863277493e-10,1
2332,1.7188377250589466e-05,3.9188195240786756e-06,1.7608116225720223e-10,1
2333,1.7188377250589466e-05,3.916333773452971e-06,1.761471380590014e-10,1
2334,1.7188377250589466e-05,3.913850663798801e-06,1.762130561034122e-10,1
2335,1.7188377250589466e-05,3.9113701911805615e-06,1.762789164555939e-10,1
2336,1.7188377250589466e-05,3.908892351670193e-06,1.7634471918062502e-10,1
2337,1.7188377250589466e-05,3.906417141347171e-06,1.7641046434350363e-10,1
2338,1.7188377250589466e-05,3.903944556298474e-06,1.764761520091474e-10,1
2339,1.7188377250589466e-05,3.901474592618586e-06,1.7654178224239365e-10,1
2340,1.7188377250589466e-05,3.899007246409455e-06,1.7660735510799942e-10,1
2341,1.7188377250589466e-05,3.896542513780498e-06,1.7667287067064153e-10,1
2342,1.7188377250589466e-05,3.894080390848567e-06,1.7673832899491673e-10,1
2343,1.7188377250589466e-05,3.891620873737942e-06,1.768037301453417e-10,1
2344,1.7188377250589466e-05,3.889163958580309e-06,1.7686907418635304e-10,1
2345,1.7188377250589466e-05,3.88670964151474e-06,1.7693436118230774e-10,1
2346,1.7188377250589466e-05,3.884257918687686e-06,1.7699959119748266e-10,1
2347,1.7188377250589466e-05,3.881808786252945e-06,1.770647642960752e-10,1
2348,1.7188377250589466e-05,3.879362240371661e-06,1.7712988054220282e-10,1
2349,1.7188377250589466e-05,3.876918277212291e-06,1.7719493999990373e-10,1
2350,1.7188377250589466e-05,3.874476892950601e-06,1.772599427331363e-10,1
2351,1.7188377250589466e-05,3.872038083769641e-06,1.773248888057797e-10,1
2352,1.7188377250589466e-05,3.869601845859732e-06,1.7738977828163368e-10,1
2353,1.7188377250589466e-05,3.867168175418447e-06,1.774546112244187e-10,1
2354,1.7188377250589466e-05,3.864737068650595e-06,1.7751938769777605e-10,1
2355,1.7188377250589466e-05,3.862308521768204e-06,1.7758410776526795e-10,1
2356,1.7188377250589466e-05,3.8598825309905034e-06,1.7764877149037743e-10,1
2357,1.7188377250589466e-05,3.8574590925439105e-06,1.777133789365087e-10,1
2358,1.7188377250589466e-05,3.855038202662008e-06,1.777779301669871e-10,1
2359,1.7188377250589466e-05,3.852619857585533e-06,1.7784242524505903e-10,1
2360,1.7188377250589466e-05,3.850204053562358e-06,1.7790686423389233e-10,1
2361,1.7188377250589466e-05,3.847790786847473e-06,1.7797124719657612e-10,1
2362,1.7188377250589466e-05,3.845380053702971e-06,1.7803557419612088e-10,1
2363,1.7188377250589466e-05,3.842971850398034e-06,1.7809984529545864e-10,1
2364,1.7188377250589466e-05,3.840566173208908e-06,1.7816406055744311e-10,1
2365,1.7188377250589466e-05,3.838163018418896e-06,1.7822822004484965e-10,1
2366,1.7188377250589466e-05,3.835762382318337e-06,1.7829232382037523e-10,1
2367,1.7188377250589466e-05,3.83336426120459e-06,1.7835637194663878e-10,1
2368,1.7188377250589466e-05,3.830968651382019e-06,1.7842036448618109e-10,1
2369,1.7188377250589466e-05,3.828575549161977e-06,1.784843015014648e-10,1
2370,1.7188377250589466e-05,3.826184950862785e-06,1.7854818305487502e-10,1
2371,1.7188377250589466e-05,3.823796852809724e-06,1.7861200920871854e-10,1
2372,1.7188377250589466e-05,3.821411251335012e-06,1.7867578002522463e-10,1
2373,1.7188377250589466e-05,3.819028142777794e-06,1.7873949556654478e-10,1
2374,1.7188377250589466e-05,3.8166475234841206e-06,1.788031558947528e-10,1
2375,1.7188377250589466e-05,3.8142693898069317e-06,1.788667610718452e-10,1
2376,1.7188377250589466e-05,3.811893738106048e-06,1.7893031115974073e-10,1
2377,1.7188377250589466e-05,3.8095205647481475e-06,1.7899380622028094e-10,1
2378,1.7188377250589466e-05,3.8071498661067526e-06,1.790572463152301e-10,1
2379,1.7188377250589466e-05,3.804781638562215e-06,1.7912063150627512e-10,1
2380,1.7188377250589466e-05,3.802415878501697e-06,1.7918396185502587e-10,1
2381,1.7188377250589466e-05,3.8000525823191624e-06,1.7924723742301513e-10,1
2382,1.7188377250589466e-05,3.7976917464153523e-06,1.7931045827169876e-10,1
2383,1.7188377250589466e-05,3.795333367197775e-06,1.7937362446245558e-10,1
2384,1.7188377250589466e-05,3.7929774410806894e-06,1.794367360565878e-10,1
2385,1.7188377250589466e-05,3.790623964485089e-06,1.7949979311532064e-10,1
2386,1.7188377250589466e-05,3.7882729338386865e-06,1.7956279569980288e-10,1
2387,1.7188377250589466e-05,3.7859243455758987e-06,1.796257438711066e-10,1
2388,1.7188377250589466e-05,3.7835781961378315e-06,1.7968863769022743e-10,1
2389,1.7188377250589466e-05,3.7812344819722625e-06,1.7975147721808458e-10,1
2390,1.7188377250589466e-05,3.778893199533628e-06,1.798142625155209e-10,1
2391,1.7188377250589466e-05,3.7765543452830084e-06,1.7987699364330298e-10,1
2392,1.7188377250589466e-05,3.774217915688108e-06,1.7993967066212122e-10,1
2393,1.7188377250589466e-05,3.771883907223247e-06,1.8000229363259004e-10,1
2394,1.7188377250589466e-05,3.769552316369341e-06,1.8006486261524776e-10,1
2395,1.7188377250589466e-05,3.7672231396138874e-06,1.8012737767055668e-10,1
2396,1.7188377250589466e-05,3.764896373450951e-06,1.801898388589034e-10,1
2397,1.7188377250589466e-05,3.7625720143811484e-06,1.8025224624059865e-10,1
2398,1.7188377250589466e-05,3.7602500589116337e-06,1.8031459987587756e-10,1
2399,1.7188377250589466e-05,3.7579305035560812e-06,1.803768998248996e-10,1
2400,1.7188377250589466e-05,3.7556133448346762e-06,1.8043914614774868e-10,1
2401,1.7188377250589466e-05,3.7532985792740907e-06,1.8050133890443332e-10,1
2402,1.7188377250589466e-05,3.7509862034074802e-06,1.805634781548866e-10,1
2403,1.7188377250589466e-05,3.7486762137744585e-06,1.806255639589664e-10,1
2404,1.7188377250589466e-05,3.746368606921089e-06,1.8068759637645533e-10,1
2405,1.7188377250589466e-05,3.74406337939987e-06,1.80749575467061e-10,1
2406,1.7188377250589466e-05,3.741760527769714e-06,1.808115012904158e-10,1
2407,1.7188377250589466e-05,3.739460048595943e-06,1.808733739060773e-10,1
2408,1.7188377250589466e-05,3.7371619384502647e-06,1.8093519337352812e-10,1
2409,1.7188377250589466e-05,3.7348661939107625e-06,1.8099695975217614e-10,1
2410,1.7188377250589466e-05,3.7325728115618804e-06,1.8105867310135451e-10,1
2411,1.7188377250589466e-05,3.7302817879944097e-06,1.8112033348032162e-10,1
2412,1.7188377250589466e-05,3.7279931198054714e-06,1.811819409482616e-10,1
2413,1.7188377250589466e-05,3.7257068035985046e-06,1.8124349556428384e-10,1
2414,1.7188377250589466e-05,3.7234228359832504e-06,1.813049973874234e-10,1
2415,1.7188377250589466e-05,3.7211412135757407e-06,1.8136644647664116e-10,1
2416,1.7188377250589466e-05,3.7188619329982792e-06,1.814278428908236e-10,1
2417,1.7188377250589466e-05,3.7165849908794304e-06,1.8148918668878323e-10,1
2418,1.7188377250589466e-05,3.7143103838540043e-06,1.8155047792925842e-10,1
2419,1.7188377250589466e-05,3.7120381085630448e-06,1.8161171667091341e-10,1
2420,1.7188377250589466e-05,3.7097681616538104e-06,1.8167290297233885e-10,1
2421,1.7188377250589466e-05,3.707500539779765e-06,1.8173403689205138e-10,1
2422,1.7188377250589466e-05,3.705235239600562e-06,1.8179511848849388e-10,1
2423,1.7188377250589466e-05,3.70297225778203e-06,1.8185614782003575e-10,1
2424,1.7188377250589466e-05,3.7007115909961572e-06,1.8191712494497258e-10,1
2425,1.7188377250589466e-05,3.6984532359210832e-06,1.8197804992152675e-10,1
2426,1.7188377250589466e-05,3.696197189241079e-06,1.8203892280784696e-10,1
2427,1.7188377250589466e-05,3.6939434476465352e-06,1.8209974366200884e-10,1
2428,1.7188377250589466e-05,3.6916920078339506e-06,1.8216051254201452e-10,1
2429,1.7188377250589466e-05,3.6894428665059134e-06,1.822212295057932e-10,1
2430,1.7188377250589466e-05,3.6871960203710928e-06,1.822818946112009e-10,1
2431,1.7188377250589466e-05,3.6849514661442215e-06,1.8234250791602066e-10,1
2432,1.7188377250589466e-05,3.682709200546084e-06,1.824030694779626e-10,1
2433,1.7188377250589466e-05,3.6804692203035024e-06,1.8246357935466402e-10,1
2434,1.7188377250589466e-05,3.6782315221493226e-06,1.8252403760368944e-10,1
2435,1.7188377250589466e-05,3.675996102822401e-06,1.8258444428253079e-10,1
2436,1.7188377250589466e-05,3.6737629590675906e-06,1.8264479944860733e-10,1
2437,1.7188377250589466e-05,3.6715320876357287e-06,1.8270510315926585e-10,1
2438,1.7188377250589466e-05,3.6693034852836214e-06,1.8276535547178078e-10,1
2439,1.7188377250589466e-05,3.667077148774031e-06,1.8282555644335412e-10,1
2440,1.7188377250589466e-05,3.6648530748756666e-06,1.828857061311156e-10,1
2441,1.7188377250589466e-05,3.6626312603631626e-06,1.8294580459212295e-10,1
2442,1.7188377250589466e-05,3.660411702017073e-06,1.8300585188336157e-10,1
2443,1.7188377250589466e-05,3.6581943966238524e-06,1.830658480617451e-10,1
2444,1.7188377250589466e-05,3.6559793409758487e-06,1.83125793184115e-10,1
2445,1.7188377250589466e-05,3.653766531871283e-06,1.8318568730724116e-10,1
2446,1.7188377250589466e-05,3.6515559661142436e-06,1.832455304878214e-10,1
2447,1.7188377250589466e-05,3.649347640514668e-06,1.8330532278248216e-10,1
2448,1.7188377250589466e-05,3.6471415518883295e-06,1.8336506424777805e-10,1
2449,1.7188377250589466e-05,3.6449376970568286e-06,1.8342475494019232e-10,1
2450,1.7188377250589466e-05,3.642736072847574e-06,1.8348439491613674e-10,1
2451,1.7188377250589466e-05,3.640536676093777e-06,1.8354398423195167e-10,1
2452,1.7188377250589466e-05,3.638339503634429e-06,1.8360352294390634e-10,1
2453,1.7188377250589466e-05,3.636144552314299e-06,1.836630111081986e-10,1
2454,1.7188377250589466e-05,3.633951818983912e-06,1.837224487809554e-10,1
2455,1.7188377250589466e-05,3.631761300499542e-06,1.8378183601823254e-10,1
2456,1.7188377250589466e-05,3.629572993723195e-06,1.8384117287601491e-10,1
2457,1.7188377250589466e-05,3.6273868955226e-06,1.8390045941021657e-10,1
2458,1.7188377250589466e-05,3.6252030027711936e-06,1.8395969567668075e-10,1
2459,1.7188377250589466e-05,3.6230213123481078e-06,1.8401888173118007e-10,1
2460,1.7188377250589466e-05,3.6208418211381563e-06,1.8407801762941653e-10,1
2461,1.7188377250589466e-05,3.618664526031827e-06,1.841371034270215e-10,1
2462,1.7188377250589466e-05,3.616489423925262e-06,1.8419613917955601e-10,1
2463,1.7188377250589466e-05,3.6143165117202488e-06,1.8425512494251076e-10,1
2464,1.7188377250589466e-05,3.61214578632421e-06,1.8431406077130593e-10,1
2465,1.7188377250589466e-05,3.6099772446501857e-06,1.8437294672129184e-10,1
2466,1.7188377250589466e-05,3.6078108836168236e-06,1.8443178284774852e-10,1
2467,1.7188377250589466e-05,3.6056467001483687e-06,1.8449056920588594e-10,1
2468,1.7188377250589466e-05,3.6034846911746463e-06,1.8454930585084413e-10,1
2469,1.7188377250589466e-05,3.6013248536310527e-06,1.8460799283769338e-10,1
2470,1.7188377250589466e-05,3.5991671844585427e-06,1.8466663022143405e-10,1
2471,1.7188377250589466e-05,3.5970116806036173e-06,1.8472521805699676e-10,1
2472,1.7188377250589466e-05,3.5948583390183085e-06,1.847837563992427e-10,1
2473,1.7188377250589466e-05,3.5927071566601716e-06,1.848422453029634e-10,1
2474,1.7188377250589466e-05,3.5905581304922692e-06,1.849006848228809e-10,1
2475,1.7188377250589466e-05,3.588411257483162e-06,1.8495907501364795e-10,1
2476,1.7188377250589466e-05,3.586266534606894e-06,1.850174159298479e-10,1
2477,1.7188377250589466e-05,3.584123958842982e-06,1.8507570762599507e-10,1
2478,1.7188377250589466e-05,3.581983527176402e-06,1.8513395015653442e-10,1
2479,1.7188377250589466e-05,3.5798452365975807e-06,1.8519214357584205e-10,1
2480,1.7188377250589466e-05,3.577709084102378e-06,1.8525028793822498e-10,1
2481,1.7188377250589466e-05,3.5755750666920802e-06,1.8530838329792146e-10,1
2482,1.7188377250589466e-05,3.5734431813733833e-06,1.8536642970910084e-10,1
2483,1.7188377250589466e-05,3.571313425158387e-06,1.8542442722586368e-10,1
2484,1.7188377250589466e-05,3.569185795064576e-06,1.8548237590224218e-10,1
2485,1.7188377250589466e-05,3.5670602881148133e-06,1.8554027579219968e-10,1
2486,1.7188377250589466e-05,3.5649369013373244e-06,1.8559812694963131e-10,1
2487,1.7188377250589466e-05,3.5628156317656907e-06,1.856559294283636e-10,1
2488,1.7188377250589466e-05,3.5606964764388325e-06,1.8571368328215483e-10,1
2489,1.7188377250589466e-05,3.5585794324009986e-06,1.8577138856469513e-10,1
2490,1.7188377250589466e-05,3.556464496701757e-06,1.8582904532960638e-10,1
2491,1.7188377250589466e-05,3.554351666395981e-06,1.8588665363044247e-10,1
2492,1.7188377250589466e-05,3.5522409385438376e-06,1.8594421352068934e-10,1
2493,1.7188377250589466e-05,3.550132310210776e-06,1.8600172505376494e-10,1
2494,1.7188377250589466e-05,3.5480257784675163e-06,1.8605918828301946e-10,1
2495,1.7188377250589466e-05,3.5459213403900397e-06,1.8611660326173528e-10,1
2496,1.7188377250589466e-05,3.543818993059572e-06,1.8617397004312723e-10,1
2497,1.7188377250589466e-05,3.5417187335625785e-06,1.862312886803425e-10,1
2498,1.7188377250589466e-05,3.5396205589907463e-06,1.8628855922646084e-10,1
2499,1.7188377250589466e-05,3.5375244664409777e-06,1.8634578173449453e-10,1
2500,1.7188377250589466e-05,3.5354304530153765e-06,1.8640295625738857e-10,1
2501,1.7188377250589466e-05,3.533338515821236e-06,1.8646008284802073e-10,1
2502,1.7188377250589466e-05,3.5312486519710303e-06,1.8651716155920157e-10,1
2503,1.7188377250589466e-05,3.5291608585823997e-06,1.8657419244367455e-10,1
2504,1.7188377250589466e-05,3.527075132778141e-06,1.8663117555411621e-10,1
2505,1.7188377250589466e-05,3.5249914716861977e-06,1.866881109431361e-10,1
2506,1.7188377250589466e-05,3.5229098724396452e-06,1.8674499866327694e-10,1
2507,1.7188377250589466e-05,3.520830332176684e-06,1.8680183876701476e-10,1
2508,1.7188377250589466e-05,3.518752848040623e-06,1.8685863130675882e-10,1
2509,1.7188377250589466e-05,3.5166774171798737e-06,1.8691537633485187e-10,1
2510,1.7188377250589466e-05,3.514604036747936e-06,1.8697207390357012e-10,1
2511,1.7188377250589466e-05,3.5125327039033894e-06,1.870287240651233e-10,1
2512,1.7188377250589466e-05,3.5104634158098775e-06,1.8708532687165486e-10,1
2513,1.7188377250589466e-05,3.508396169636103e-06,1.8714188237524195e-10,1
2514,1.7188377250589466e-05,3.50633096255581e-06,1.8719839062789556e-10,1
2515,1.7188377250589466e-05,3.504267791747781e-06,1.872548516815605e-10,1
2516,1.7188377250589466e-05,3.5022066543958175e-06,1.8731126558811564e-10,1
2517,1.7188377250589466e-05,3.500147547688735e-06,1.8736763239937384e-10,1
2518,1.7188377250589466e-05,3.49809046882035e-06,1.8742395216708218e-10,1
2519,1.7188377250589466e-05,3.4960354149894687e-06,1.8748022494292193e-10,1
2520,1.7188377250589466e-05,3.493982383399878e-06,1.8753645077850854e-10,1
2521,1.7188377250589466e-05,3.491931371260332e-06,1.87592629725392e-10,1
2522,1.7188377250589466e-05,3.4898823757845426e-06,1.8764876183505674e-10,1
2523,1.7188377250589466e-05,3.48783539419117e-06,1.8770484715892168e-10,1
2524,1.7188377250589466e-05,3.48579042370381e-06,1.8776088574834034e-10,1
2525,1.7188377250589466e-05,3.483747461550983e-06,1.87816877654601e-10,1
2526,1.7188377250589466e-05,3.481706504966127e-06,1.8787282292892665e-10,1
2527,1.7188377250589466e-05,3.4796675511875806e-06,1.8792872162247533e-10,1
2528,1.7188377250589466e-05,3.4776305974585793e-06,1.8798457378633981e-10,1
2529,1.7188377250589466e-05,3.4755956410272393e-06,1.8804037947154803e-10,1
2530,1.7188377250589466e-05,3.4735626791465514e-06,1.880961387290629e-10,1
2531,1.7188377250589466e-05,3.4715317090743655e-06,1.881518516097827e-10,1
2532,1.7188377250589466e-05,3.469502728073385e-06,1.8820751816454082e-10,1
2533,1.7188377250589466e-05,3.4674757334111542e-06,1.8826313844410613e-10,1
2534,1.7188377250589466e-05,3.465450722360047e-06,1.8831871249918273e-10,1
2535,1.7188377250589466e-05,3.463427692197257e-06,1.8837424038041047e-10,1
2536,1.7188377250589466e-05,3.4614066402047875e-06,1.884297221383647e-10,1
2537,1.7188377250589466e-05,3.4593875636694433e-06,1.8848515782355637e-10,1
2538,1.7188377250589466e-05,3.457370459882813e-06,1.8854054748643223e-10,1
2539,1.7188377250589466e-05,3.455355326141269e-06,1.8859589117737486e-10,1
2540,1.7188377250589466e-05,3.4533421597459486e-06,1.8865118894670276e-10,1
2541,1.7188377250589466e-05,3.4513309580027475e-06,1.887064408446705e-10,1
2542,1.7188377250589466e-05,3.44932171822231e-06,1.8876164692146854e-10,1
2543,1.7188377250589466e-05,3.447314437720017e-06,1.8881680722722367e-10,1
2544,1.7188377250589466e-05,3.445309113815977e-06,1.8887192181199875e-10,1
2545,1.7188377250589466e-05,3.443305743835015e-06,1.8892699072579308e-10,1
2546,1.7188377250589466e-05,3.4413043251066625e-06,1.8898201401854233e-10,1
2547,1.7188377250589466e-05,3.43930485496515e-06,1.8903699174011856e-10,1
2548,1.7188377250589466e-05,3.437307330749391e-06,1.8909192394033054e-10,1
2549,1.7188377250589466e-05,3.435311749802979e-06,1.891468106689235e-10,1
2550,1.7188377250589466e-05,3.433318109474172e-06,1.892016519755794e-10,1
2551,1.7188377250589466e-05,3.431326407115885e-06,1.8925644790991718e-10,1
