rank,average_proportion,num_verbs,sd_proportion
1,0.36807482233484207,100,0.17670369143082523
2,0.1750074379147535,100,0.07419306585835361
3,0.0964217409260001,100,0.045712810903561905
4,0.05832046563850755,100,0.02609959356119756
5,0.041613309462267246,100,0.019675453342858123
6,0.031870572016109676,100,0.015967104821291645
7,0.024116593074045754,100,0.013625513759417548
8,0.017415311569029618,100,0.009747234555445652
9,0.012437653985652553,100,0.006995461142183689
10,0.009636174410631651,100,0.005765862890531075
11,0.007934328829875442,100,0.0045023359634401685
12,0.006639264536670519,100,0.003836080576607299
13,0.005562492404666292,100,0.0031780917610805515
14,0.004803027909605721,100,0.0027884098063549376
15,0.004347844066709303,99,0.0024376512594075314
16,0.003797195288394386,99,0.0022545397319687736
17,0.0033970770014091194,99,0.0021516018189080845
18,0.0031289146407476004,99,0.002050787445048107
19,0.002848407900949165,99,0.0018471146849352552
20,0.0026190308536173253,99,0.0017471829086418912
21,0.0023770982361653796,99,0.0016258508728292144
22,0.002270350162900493,99,0.0015578860986040295
23,0.002099259366670208,99,0.0014228769502457079
24,0.0019813639828477536,99,0.0013546303738114374
25,0.001873243076497405,99,0.0013082806947230755
26,0.0017849527802465167,99,0.0012598618496496867
27,0.0016860656343941531,99,0.0012020789563867889
28,0.0015813587679881281,99,0.0011398538515917348
29,0.0015054849431036406,99,0.001093849503722031
30,0.0014434373334071503,99,0.0010439019790012783
31,0.001395988589447896,98,0.0010182173368327998
32,0.001346112295711863,98,0.000995029187475914
33,0.0013016092436980138,98,0.0009677080073338107
34,0.001257754578773032,98,0.0009334162204269095
35,0.0012050548658516234,98,0.0008914262621854338
36,0.0011541794023516578,98,0.0008372473121636786
37,0.0011105294008757435,98,0.0008147580427378733
38,0.001089917441835407,98,0.0008074824951926371
39,0.001069095692405261,97,0.0007919208016201029
40,0.0010394446603176424,96,0.0007872999890188027
41,0.0010061399374680653,96,0.0007516763824714164
42,0.0009872373858336246,96,0.0007295215543170729
43,0.0009593735785980409,96,0.0007117790834491315
44,0.0009347471346740958,96,0.0007011975577543093
45,0.0009126046917915081,96,0.0006828182459238123
46,0.000892844436461252,96,0.0006605400760218549
47,0.0008710464663297617,96,0.000654120269351709
48,0.0008559568420560367,96,0.0006521753424119396
49,0.0008353226741838964,96,0.0006466548737981257
50,0.0008256686980398034,96,0.000645416071138725
51,0.0008091624597168842,96,0.0006271756849807018
52,0.0008011050066466349,96,0.0006206416180037756
53,0.0007873051528575962,96,0.0006133514118488588
54,0.0007689173660624641,96,0.0005892275924190802
55,0.0007426111473498449,96,0.000565533564778818
56,0.0007243335847861442,96,0.0005562381091944779
57,0.0007132801281113686,96,0.0005423251111546477
58,0.0007019052806097476,96,0.0005384539190283665
59,0.0006834260465302511,96,0.0005364271956529535
60,0.0006648623056187286,96,0.0005203122277309768
61,0.0006490586561737755,96,0.0005196055977959177
62,0.0006399783720372528,96,0.0005219534794486667
63,0.000631875880236168,96,0.0005126600971186942
64,0.0006212850357641543,96,0.0004861748332920788
65,0.0006186295224729898,95,0.00047951444444594213
66,0.0006132820009992777,95,0.0004747949807981405
67,0.0006093994734567678,95,0.00047600070259230006
68,0.000594932028430757,95,0.00045708637628291004
69,0.0005863828398048283,95,0.0004464140047220293
70,0.0005806850209144142,95,0.00044598254114775447
71,0.0005713364816817141,95,0.00044113161517159275
72,0.0005578185748794048,95,0.00042013492425307226
73,0.000546311947511651,95,0.00040782711863038946
74,0.000533918756170766,95,0.0003968950757629414
75,0.0005298668420965383,95,0.0003958604391361745
76,0.0005214973479616354,95,0.0003921333311619989
77,0.000516756796724227,95,0.0003856648350819626
78,0.0005068534009830628,95,0.0003670751289913344
79,0.0004975961447155866,95,0.00036561008942238745
80,0.000495589855543182,95,0.0003641361128318012
81,0.0004917936415066021,95,0.00036035045730540286
82,0.0004799589917214394,95,0.00035414998811374935
83,0.00047273399640398246,95,0.0003465454412058145
84,0.0004658736114197138,95,0.0003416701177824545
85,0.00045798485313659114,95,0.0003189453172178671
86,0.00045268981702815703,95,0.0003174594767514387
87,0.0004453138575325805,95,0.0003111846708385726
88,0.00044455085723632776,95,0.0003114750625217356
89,0.00044184151004974707,95,0.00030701944234263
90,0.00043770173275632776,95,0.00030748106050047965
91,0.0004340933350294279,95,0.0003026332059234814
92,0.0004325199244070211,95,0.00030392597246562514
93,0.00042982341799391115,95,0.0003046999313823491
94,0.000424432205210359,95,0.0003030819719090586
95,0.00041913771079253955,95,0.00030092674578784297
96,0.00041508632933053713,95,0.0003002047557822137
97,0.00041118731473369004,95,0.00029588795592366623
98,0.00040561826823115837,95,0.000292648050061366
99,0.0003979131809861785,95,0.0002896622559747649
100,0.0003906384896790342,95,0.00027088091288255127
101,0.0003871858448343242,95,0.00026831534140997005
102,0.0003790318703793141,95,0.0002515715185921187
103,0.00037380977014573946,94,0.00024962357971068617
104,0.0003681220229581149,93,0.00024486007723174065
105,0.00036248276687605025,93,0.0002442598044967889
106,0.00035941829088796673,93,0.00024434094701149836
107,0.00035920232575165057,93,0.0002445631820227917
108,0.00035414154900193493,93,0.00023923523892865924
109,0.0003522595092688725,93,0.00023970116610083907
110,0.00035107533279018604,93,0.0002398603735546179
111,0.00035077627318312046,93,0.0002398995442811937
112,0.00034238469906201394,92,0.00023875427335380938
113,0.00034238469906201394,92,0.00023875427335380938
114,0.00034195850130241566,92,0.00023880531685512477
115,0.0003396282288041003,92,0.00023945681691833406
116,0.0003365929507185422,92,0.00023991051269421035
117,0.0003337551801756449,92,0.00023813248536007866
118,0.00033327351898380334,92,0.00023769274197147803
119,0.0003318845512670258,92,0.00023353140639043618
120,0.0003286829120277353,92,0.00023198023929378836
121,0.00032228710362920373,92,0.00021556768336776434
122,0.000321251808342282,92,0.00021458420781841377
123,0.00032041742755725965,92,0.00021503377504041978
124,0.00031324514395023604,92,0.00021039104612002087
125,0.0003108149880613325,92,0.00020709912991735227
126,0.00030656868337108705,92,0.0002073390328652571
127,0.00030574274646482204,92,0.000207534751162844
128,0.0003055744702295294,92,0.00020763424345298525
129,0.0003054663400979437,92,0.00020770866537024287
130,0.0003028913588438413,92,0.00020780848840994647
131,0.00029993720873808786,92,0.0002064451229916359
132,0.0002997433067237562,92,0.00020638257625329111
133,0.0002973186881162631,92,0.00020328150445200117
134,0.00029602636170337056,92,0.00019951377571461996
135,0.000291629441622064,92,0.00019713456028087702
136,0.00028711591194128535,92,0.00019535677278533276
137,0.0002862357983097284,92,0.00019568241731130536
138,0.00028486306520145676,91,0.00018072957282574219
139,0.0002844039789542308,91,0.00018100001778563707
140,0.0002818417694132876,91,0.00018137348751698075
141,0.0002802367237097999,91,0.0001820974168874091
142,0.00027785613721576223,91,0.00018171565848737012
143,0.00027521131495658954,91,0.00018206357725345307
144,0.00027374973644505224,91,0.00018276477295976442
145,0.00027261333406769847,91,0.000178915453622279
146,0.00026818899234913346,91,0.00017796668285261917
147,0.00026818899234913346,91,0.00017796668285261917
148,0.00026749869819127847,90,0.00017919739903830256
149,0.0002669729866947316,90,0.0001785777021016226
150,0.00026386366094131256,89,0.0001797509723155489
151,0.0002591967468271824,89,0.0001783726902431762
152,0.00025895786692548624,89,0.00017859387599630843
153,0.0002588023860992624,89,0.00017867254870468005
154,0.00025631969511180175,88,0.0001783427677345011
155,0.0002561898856065898,88,0.00017841293862862597
156,0.000254791770563167,88,0.00017738706047426482
157,0.00025117441005326565,88,0.00017286104098616898
158,0.00025117441005326565,88,0.00017286104098616898
159,0.00025063605320450514,88,0.0001732778336624777
160,0.0002496959117129626,88,0.0001730394370731037
161,0.00024707965566282973,87,0.0001741265705211869
162,0.00024702345097118804,87,0.00017414896067453737
163,0.00024702345097118804,87,0.00017414896067453737
164,0.00024218689959067406,87,0.00015731891391826836
165,0.00024007631331201756,87,0.00015685270578351496
166,0.00023718969744096813,86,0.00015622485826159602
167,0.0002371328392064004,86,0.0001562482662159745
168,0.0002371328392064004,86,0.0001562482662159745
169,0.00023662801657817103,86,0.00015675720538166476
170,0.00023651234248391655,86,0.0001568483898916992
171,0.00023592318145537023,86,0.00015703613337315076
172,0.00023552359008858494,86,0.0001565063883202255
173,0.0002350139741453521,86,0.00015691996588666882
174,0.0002341020192483832,85,0.00015437549832786253
175,0.0002341020192483832,85,0.00015437549832786253
176,0.0002315795694451343,85,0.00015290068484793124
177,0.00023152204229015988,85,0.0001529264733421672
178,0.0002297412303161421,84,0.00015312337402391613
179,0.00022960523940592005,84,0.00015320650703590824
180,0.0002293928705330806,84,0.00015319061565150847
181,0.0002293928705330806,84,0.00015319061565150847
182,0.00022774478252738674,83,0.0001536108258108314
183,0.00022768586917590693,83,0.00015364132609775477
184,0.00022756601409029386,83,0.0001537385533665943
185,0.00022756601409029386,83,0.0001537385533665943
186,0.00022632190667265723,83,0.0001544453758478389
187,0.0002259868157876319,83,0.00015454498695609324
188,0.0002259868157876319,83,0.00015454498695609324
189,0.000225014324644595,83,0.00015469592194316997
190,0.00022194918018960937,82,0.0001540491972342336
191,0.0002179431500873192,82,0.00013949803685050626
192,0.0002179431500873192,82,0.00013949803685050626
193,0.0002179431500873192,82,0.00013949803685050626
194,0.00021758369826572525,82,0.0001389501412900926
195,0.00021686511232787717,82,0.00013962303018094364
196,0.00021686511232787717,82,0.00013962303018094364
197,0.0002157769831160853,82,0.00014004221675097754
198,0.00021191165127734692,82,0.00013253143100408246
199,0.00021185201947036125,82,0.00013256446076157722
200,0.0002105908900028101,82,0.00012907507155928986
201,0.0002105908900028101,82,0.00012907507155928986
202,0.00021026473717146397,82,0.0001294285034037252
203,0.00021015561539876765,82,0.00012950479557283373
204,0.00020993806679732237,82,0.00012951312565536962
205,0.00020985839084261716,82,0.00012957669493626438
206,0.00021052564969340336,81,0.00013025106796269446
207,0.00021036285096180085,81,0.0001304921318853269
208,0.00020999896146339702,81,0.00012996099816084454
209,0.00020999896146339702,81,0.00012996099816084454
210,0.00020999896146339702,81,0.00012996099816084454
211,0.00020748003985253952,79,0.00013054780814642717
212,0.00020748003985253952,79,0.00013054780814642717
213,0.0002046564333729274,79,0.00012770118756656417
214,0.00020404418535125378,79,0.00012810567666568396
215,0.00020398228904526866,79,0.0001281420962101806
216,0.00020398228904526866,79,0.0001281420962101806
217,0.00020389958742139747,79,0.0001282091921780368
218,0.00020389958742139747,79,0.0001282091921780368
219,0.00020240586258115964,78,0.0001283453044667028
220,0.00020240586258115964,78,0.0001283453044667028
221,0.00020217715764117865,78,0.00012837234580889714
222,0.00020217715764117865,78,0.00012837234580889714
223,0.00020204961953725704,78,0.00012849059979480335
224,0.0002019869296888875,78,0.00012852881206837995
225,0.0001949551708465049,75,0.0001264422375108061
226,0.00019456217018822878,75,0.00012589393310475728
227,0.00019348642511538675,75,0.00012647366900265142
228,0.00019035019786649705,75,0.00012431060876665924
229,0.00019035019786649705,75,0.00012431060876665924
230,0.00019028500042419272,75,0.00012434808725924625
231,0.00019016569395271144,75,0.00012442427794759754
232,0.00019016569395271144,75,0.00012442427794759754
233,0.00019016569395271144,75,0.00012442427794759754
234,0.00019016569395271144,75,0.00012442427794759754
235,0.00019016569395271144,75,0.00012442427794759754
236,0.000189882223136032,75,0.0001247399241774521
237,0.000189882223136032,75,0.0001247399241774521
238,0.00019215228493000387,74,0.00012402184134626591
239,0.00019041461165999034,72,0.00012505139448356096
240,0.00018975747228930668,72,0.00012459775561070302
241,0.00018968955828690633,72,0.00012463910112596877
242,0.00018968955828690633,72,0.00012463910112596877
243,0.0001875977278822134,71,0.00012210171437645258
244,0.0001875977278822134,71,0.00012210171437645258
245,0.0001875977278822134,71,0.00012210171437645258
246,0.0001875977278822134,71,0.00012210171437645258
247,0.0001874576155990319,71,0.0001222330685684781
248,0.0001874018331887828,69,0.00012341158252978155
249,0.00018210477411598002,69,0.00010640915198412024
250,0.00018210477411598002,69,0.00010640915198412024
251,0.00018190422638360434,69,0.00010655551657917878
252,0.00018190422638360434,69,0.00010655551657917878
253,0.00018190422638360434,69,0.00010655551657917878
254,0.0001804246653918052,68,0.00010667590032355418
255,0.0001814031751142129,67,0.00010717813640157985
256,0.00017833223870005371,66,0.00010524538916839717
257,0.00017761442956837304,66,0.00010598318492055579
258,0.00017732503519499193,65,0.00010678168608562243
259,0.00017502268692186172,64,0.00010598724567142839
260,0.00017476024067085395,64,0.00010632103162449004
261,0.00017374318913070838,63,0.00010686074110086789
262,0.00017374318913070838,63,0.00010686074110086789
263,0.00017505771777698553,62,0.00010721833123257132
264,0.00017476999220733205,62,0.0001072818163530253
265,0.00017476999220733205,62,0.0001072818163530253
266,0.00017476999220733205,62,0.0001072818163530253
267,0.00017466461433175424,62,0.00010737467258932254
268,0.000174585746457999,62,0.00010743018985425678
269,0.000174585746457999,62,0.00010743018985425678
270,0.000174585746457999,62,0.00010743018985425678
271,0.000174585746457999,62,0.00010743018985425678
272,0.000174585746457999,62,0.00010743018985425678
273,0.0001744414241134652,62,0.0001075401321924273
274,0.0001744414241134652,62,0.0001075401321924273
275,0.0001744414241134652,62,0.0001075401321924273
276,0.00017249788413132964,61,0.00010732906977232542
277,0.00017249788413132964,61,0.00010732906977232542
278,0.0001724177233416112,61,0.00010738760213305229
279,0.0001724177233416112,61,0.00010738760213305229
280,0.00017105296936465022,61,0.0001077778616596321
281,0.00017105296936465022,61,0.0001077778616596321
282,0.00017105296936465022,61,0.0001077778616596321
283,0.00017105296936465022,61,0.0001077778616596321
284,0.00017105296936465022,61,0.0001077778616596321
285,0.00017105296936465022,61,0.0001077778616596321
286,0.00017059702602928794,61,0.00010797409913318734
287,0.0001705168652395695,61,0.00010803453677906373
288,0.00017040975985783467,61,0.00010813057824693536
289,0.00017040975985783467,61,0.00010813057824693536
290,0.00017040975985783467,61,0.00010813057824693536
291,0.00016951332261643586,59,0.00010977007298168367
292,0.00016936166184760372,59,0.00010988867277928983
293,0.00016936166184760372,59,0.00010988867277928983
294,0.00016936166184760372,59,0.00010988867277928983
295,0.0001692787837429796,59,0.00010995290625762547
296,0.0001692787837429796,59,0.00010995290625762547
297,0.00016679086752968366,58,0.00010922517915467539
298,0.00016648329881729546,58,0.0001093192490715004
299,0.000167153736010049,56,0.00011122656995306914
300,0.000167153736010049,56,0.00011122656995306914
301,0.00016519041378460224,56,0.0001079737832912781
302,0.00016519041378460224,56,0.0001079737832912781
303,0.00016519041378460224,56,0.0001079737832912781
304,0.00016436209119971074,55,0.00010878924059378046
305,0.00016436209119971074,55,0.00010878924059378046
306,0.00016436209119971074,55,0.00010878924059378046
307,0.00016382618121115242,55,0.0001083546534025052
308,0.00016246343063539028,55,0.00010900239634527904
309,0.00016142601781451535,54,0.0001097515049765553
310,0.00016142601781451535,54,0.0001097515049765553
311,0.00016142601781451535,54,0.0001097515049765553
312,0.00016142601781451535,54,0.0001097515049765553
313,0.00016142601781451535,54,0.0001097515049765553
314,0.0001607094427915513,53,0.00011077293073218845
315,0.0001607094427915513,53,0.00011077293073218845
316,0.00016009003027954246,53,0.00011121844446485319
317,0.00016009003027954246,53,0.00011121844446485319
318,0.00016009003027954246,53,0.00011121844446485319
319,0.00016009003027954246,53,0.00011121844446485319
320,0.00016009003027954246,53,0.00011121844446485319
321,0.00015856707245176768,53,0.00011175106145419009
322,0.00015690993672582692,52,0.00011218186721703114
323,0.00015690993672582692,52,0.00011218186721703114
324,0.0001542110960731034,51,0.00011158018257407901
325,0.00015403564537974857,51,0.00011170531902993568
326,0.00015384058710316259,51,0.00011188190877104092
327,0.00015356067899139752,51,0.00011221897979166957
328,0.0001518651553916935,50,0.00011290097073172092
329,0.0001518651553916935,50,0.00011290097073172092
330,0.00015176735922823697,50,0.00011296814777957316
331,0.00015176735922823697,50,0.00011296814777957316
332,0.00014555424956685145,50,9.347840727957546e-05
333,0.0001445868976926072,50,9.424106903109911e-05
334,0.00014397166027072837,49,9.511617990813029e-05
335,0.00014397166027072837,49,9.511617990813029e-05
336,0.00014397166027072837,49,9.511617990813029e-05
337,0.00014302604988868288,49,9.586421061193515e-05
338,0.00014302604988868288,49,9.586421061193515e-05
339,0.00014302604988868288,49,9.586421061193515e-05
340,0.00014302604988868288,49,9.586421061193515e-05
341,0.00014302604988868288,49,9.586421061193515e-05
342,0.00014302604988868288,49,9.586421061193515e-05
343,0.0001424245182688725,49,9.536109461959028e-05
344,0.0001424245182688725,49,9.536109461959028e-05
345,0.0001424245182688725,49,9.536109461959028e-05
346,0.0001424245182688725,49,9.536109461959028e-05
347,0.00014206045734400488,49,9.546349463254715e-05
348,0.00014206045734400488,49,9.546349463254715e-05
349,0.00014106535519141776,48,9.621655161392362e-05
350,0.00013799284312975064,47,9.50841154296229e-05
351,0.00013799284312975064,47,9.50841154296229e-05
352,0.00013896758020643174,46,9.578039723992683e-05
353,0.0001397474259981225,45,9.671489405545717e-05
354,0.0001397474259981225,45,9.671489405545717e-05
355,0.0001397474259981225,45,9.671489405545717e-05
356,0.00013853430480276048,44,9.748607764718102e-05
357,0.00013853430480276048,44,9.748607764718102e-05
358,0.00013853430480276048,44,9.748607764718102e-05
359,0.00013853430480276048,44,9.748607764718102e-05
360,0.0001330700557443266,43,9.338017174993412e-05
361,0.0001330700557443266,43,9.338017174993412e-05
362,0.0001330700557443266,43,9.338017174993412e-05
363,0.0001330700557443266,43,9.338017174993412e-05
364,0.0001330700557443266,43,9.338017174993412e-05
365,0.0001330700557443266,43,9.338017174993412e-05
366,0.00013013971055032166,42,9.315301899082028e-05
367,0.00012781311823473437,41,9.306659471402582e-05
368,0.00012781311823473437,41,9.306659471402582e-05
369,0.00012765376632532403,41,9.319322131845796e-05
370,0.00012716389418685088,41,9.37159029299287e-05
371,0.00012716389418685088,41,9.37159029299287e-05
372,0.00012703217178254984,40,9.490594036963302e-05
373,0.00012703217178254984,40,9.490594036963302e-05
374,0.00012703217178254984,40,9.490594036963302e-05
375,0.00012703217178254984,40,9.490594036963302e-05
376,0.00012703217178254984,40,9.490594036963302e-05
377,0.00012703217178254984,40,9.490594036963302e-05
378,0.00012703217178254984,40,9.490594036963302e-05
379,0.00012703217178254984,40,9.490594036963302e-05
380,0.00012703217178254984,40,9.490594036963302e-05
381,0.00012703217178254984,40,9.490594036963302e-05
382,0.00012703217178254984,40,9.490594036963302e-05
383,0.00012703217178254984,40,9.490594036963302e-05
384,0.00012703217178254984,40,9.490594036963302e-05
385,0.00012444685637407,40,9.112032357187107e-05
386,0.00012329627996652816,39,9.201665362389192e-05
387,0.00012304120375868492,39,9.223944123753061e-05
388,0.00012216005356526101,39,9.174374802603202e-05
389,0.00012148192355164049,38,9.287615533215436e-05
390,0.00012148192355164049,38,9.287615533215436e-05
391,0.00012148192355164049,38,9.287615533215436e-05
392,0.0001189567023359516,37,9.282533911822586e-05
393,0.0001189567023359516,37,9.282533911822586e-05
394,0.00011765751229201139,36,9.380028832317655e-05
395,0.0001177883817701657,35,9.519968507930838e-05
396,0.0001177883817701657,35,9.519968507930838e-05
397,0.0001177883817701657,35,9.519968507930838e-05
398,0.00011506703415882856,35,9.441835435978048e-05
399,0.00011506703415882856,35,9.441835435978048e-05
400,0.00011506703415882856,35,9.441835435978048e-05
401,0.00011506703415882856,35,9.441835435978048e-05
402,0.00011458713244270003,35,9.488616995761951e-05
403,0.00011458713244270003,35,9.488616995761951e-05
404,0.00011458713244270003,35,9.488616995761951e-05
405,0.00011458713244270003,35,9.488616995761951e-05
406,0.00011458713244270003,35,9.488616995761951e-05
407,0.00011009143759320607,33,9.591502503235459e-05
408,0.00011009143759320607,33,9.591502503235459e-05
409,0.00011009143759320607,33,9.591502503235459e-05
410,0.00011009143759320607,33,9.591502503235459e-05
411,0.00011314034797921232,32,9.581125977105056e-05
412,0.00011265655380274605,32,9.611623149809985e-05
413,0.00011265655380274605,32,9.611623149809985e-05
414,0.00011265655380274605,32,9.611623149809985e-05
415,0.00011265655380274605,32,9.611623149809985e-05
416,0.00011265655380274605,32,9.611623149809985e-05
417,0.00011265655380274605,32,9.611623149809985e-05
418,0.00010992809880357269,31,9.64370809958894e-05
419,0.00010992809880357269,31,9.64370809958894e-05
420,0.00010992809880357269,31,9.64370809958894e-05
421,0.00010992809880357269,31,9.64370809958894e-05
422,0.00010992809880357269,31,9.64370809958894e-05
423,0.00010992809880357269,31,9.64370809958894e-05
424,0.00010937669488822279,30,9.803598120110153e-05
425,0.00010937669488822279,30,9.803598120110153e-05
426,0.00010937669488822279,30,9.803598120110153e-05
427,0.00010921370128246194,30,9.81272018678982e-05
428,0.00010921370128246194,30,9.81272018678982e-05
429,0.00010921370128246194,30,9.81272018678982e-05
430,0.00010558630362750691,29,9.779570774364161e-05
431,0.00010558630362750691,29,9.779570774364161e-05
432,0.00010558630362750691,29,9.779570774364161e-05
433,0.00010558630362750691,29,9.779570774364161e-05
434,0.00010389968104487073,28,9.915982604761002e-05
435,0.00010389968104487073,28,9.915982604761002e-05
436,0.00010389968104487073,28,9.915982604761002e-05
437,0.00010389968104487073,28,9.915982604761002e-05
438,0.00010389968104487073,28,9.915982604761002e-05
439,0.00010389968104487073,28,9.915982604761002e-05
440,0.00010389968104487073,28,9.915982604761002e-05
441,0.0001028470007102026,28,9.85110304992947e-05
442,0.0001028470007102026,28,9.85110304992947e-05
443,0.0001028470007102026,28,9.85110304992947e-05
444,0.0001028470007102026,28,9.85110304992947e-05
445,0.0001028470007102026,28,9.85110304992947e-05
446,0.0001028470007102026,28,9.85110304992947e-05
447,0.0001028470007102026,28,9.85110304992947e-05
448,0.0001028470007102026,28,9.85110304992947e-05
449,0.0001028470007102026,28,9.85110304992947e-05
450,0.0001028470007102026,28,9.85110304992947e-05
451,0.0001028470007102026,28,9.85110304992947e-05
452,0.0001028470007102026,28,9.85110304992947e-05
453,0.0001028470007102026,28,9.85110304992947e-05
454,0.0001028470007102026,28,9.85110304992947e-05
455,0.0001028470007102026,28,9.85110304992947e-05
456,0.0001028470007102026,28,9.85110304992947e-05
457,0.00010267236470403025,28,9.860551034115293e-05
458,0.00010267236470403025,28,9.860551034115293e-05
459,0.00010267236470403025,28,9.860551034115293e-05
460,0.00010267236470403025,28,9.860551034115293e-05
461,0.00010267236470403025,28,9.860551034115293e-05
462,0.00010267236470403025,28,9.860551034115293e-05
463,0.00010267236470403025,28,9.860551034115293e-05
464,0.00010267236470403025,28,9.860551034115293e-05
465,0.00010243902797953652,28,9.875285776414447e-05
466,0.00010243902797953652,28,9.875285776414447e-05
467,0.00010243902797953652,28,9.875285776414447e-05
468,0.00010243902797953652,28,9.875285776414447e-05
469,0.00010243902797953652,28,9.875285776414447e-05
470,0.00010243902797953652,28,9.875285776414447e-05
471,0.00010243902797953652,28,9.875285776414447e-05
472,0.00010243902797953652,28,9.875285776414447e-05
473,0.00010144572285606869,28,9.909036137543655e-05
474,0.00010144572285606869,28,9.909036137543655e-05
475,0.00010144572285606869,28,9.909036137543655e-05
476,0.00010045333151948294,28,9.94733638613262e-05
477,0.00010013376061372951,28,9.964339614711927e-05
478,0.00010013376061372951,28,9.964339614711927e-05
479,0.00010013376061372951,28,9.964339614711927e-05
480,0.00010013376061372951,28,9.964339614711927e-05
481,0.00010166004630669945,27,0.00010120744773146243
482,0.00010166004630669945,27,0.00010120744773146243
483,0.00010166004630669945,27,0.00010120744773146243
484,0.00010166004630669945,27,0.00010120744773146243
485,0.00010166004630669945,27,0.00010120744773146243
486,0.00010166004630669945,27,0.00010120744773146243
487,0.00010166004630669945,27,0.00010120744773146243
488,0.00010166004630669945,27,0.00010120744773146243
489,0.00010166004630669945,27,0.00010120744773146243
490,0.00010166004630669945,27,0.00010120744773146243
491,0.00010166004630669945,27,0.00010120744773146243
492,0.00010166004630669945,27,0.00010120744773146243
493,0.00010166004630669945,27,0.00010120744773146243
494,0.0001014789423002985,27,0.00010130981629398971
495,0.0001014789423002985,27,0.00010130981629398971
496,0.0001014789423002985,27,0.00010130981629398971
497,0.0001014789423002985,27,0.00010130981629398971
498,0.0001014789423002985,27,0.00010130981629398971
499,0.0001014789423002985,27,0.00010130981629398971
500,0.0001014789423002985,27,0.00010130981629398971
501,0.0001014789423002985,27,0.00010130981629398971
502,9.680255885456537e-05,26,0.00010030033304017264
503,9.553991027239347e-05,26,0.000100912853894643
504,9.553991027239347e-05,26,0.000100912853894643
505,9.553991027239347e-05,26,0.000100912853894643
506,9.553991027239347e-05,26,0.000100912853894643
507,9.553991027239347e-05,26,0.000100912853894643
508,9.553991027239347e-05,26,0.000100912853894643
509,9.553991027239347e-05,26,0.000100912853894643
510,9.553991027239347e-05,26,0.000100912853894643
511,9.553991027239347e-05,26,0.000100912853894643
512,9.553991027239347e-05,26,0.000100912853894643
513,9.553991027239347e-05,26,0.000100912853894643
514,9.553991027239347e-05,26,0.000100912853894643
515,9.553991027239347e-05,26,0.000100912853894643
516,9.440625452736626e-05,26,0.00010047184039234829
517,9.440625452736626e-05,26,0.00010047184039234829
518,9.765503681806873e-05,25,0.00010114022581165662
519,9.765503681806873e-05,25,0.00010114022581165662
520,9.765503681806873e-05,25,0.00010114022581165662
521,9.765503681806873e-05,25,0.00010114022581165662
522,9.765503681806873e-05,25,0.00010114022581165662
523,9.765503681806873e-05,25,0.00010114022581165662
524,9.765503681806873e-05,25,0.00010114022581165662
525,9.765503681806873e-05,25,0.00010114022581165662
526,9.765503681806873e-05,25,0.00010114022581165662
527,9.765503681806873e-05,25,0.00010114022581165662
528,9.74594444911557e-05,25,0.00010125295988091169
529,9.74594444911557e-05,25,0.00010125295988091169
530,9.74594444911557e-05,25,0.00010125295988091169
531,9.74594444911557e-05,25,0.00010125295988091169
532,9.74594444911557e-05,25,0.00010125295988091169
533,9.74594444911557e-05,25,0.00010125295988091169
534,9.74594444911557e-05,25,0.00010125295988091169
535,9.74594444911557e-05,25,0.00010125295988091169
536,9.74594444911557e-05,25,0.00010125295988091169
537,9.74594444911557e-05,25,0.00010125295988091169
538,9.74594444911557e-05,25,0.00010125295988091169
539,9.74594444911557e-05,25,0.00010125295988091169
540,9.74594444911557e-05,25,0.00010125295988091169
541,9.74594444911557e-05,25,0.00010125295988091169
542,9.74594444911557e-05,25,0.00010125295988091169
543,9.74594444911557e-05,25,0.00010125295988091169
544,9.74594444911557e-05,25,0.00010125295988091169
545,9.74594444911557e-05,25,0.00010125295988091169
546,9.74594444911557e-05,25,0.00010125295988091169
547,9.74594444911557e-05,25,0.00010125295988091169
548,9.719810735972273e-05,25,0.00010141789040277404
549,9.719810735972273e-05,25,0.00010141789040277404
550,9.719810735972273e-05,25,0.00010141789040277404
551,9.719810735972273e-05,25,0.00010141789040277404
552,9.719810735972273e-05,25,0.00010141789040277404
553,9.719810735972273e-05,25,0.00010141789040277404
554,9.719810735972273e-05,25,0.00010141789040277404
555,9.719810735972273e-05,25,0.00010141789040277404
556,9.719810735972273e-05,25,0.00010141789040277404
557,9.719810735972273e-05,25,0.00010141789040277404
558,9.719810735972273e-05,25,0.00010141789040277404
559,9.684018794527889e-05,25,0.00010162631255766919
560,9.684018794527889e-05,25,0.00010162631255766919
561,9.684018794527889e-05,25,0.00010162631255766919
562,9.684018794527889e-05,25,0.00010162631255766919
563,9.684018794527889e-05,25,0.00010162631255766919
564,9.684018794527889e-05,25,0.00010162631255766919
565,9.684018794527889e-05,25,0.00010162631255766919
566,9.684018794527889e-05,25,0.00010162631255766919
567,9.684018794527889e-05,25,0.00010162631255766919
568,9.684018794527889e-05,25,0.00010162631255766919
569,9.684018794527889e-05,25,0.00010162631255766919
570,9.684018794527889e-05,25,0.00010162631255766919
571,9.684018794527889e-05,25,0.00010162631255766919
572,9.684018794527889e-05,25,0.00010162631255766919
573,9.684018794527889e-05,25,0.00010162631255766919
574,9.684018794527889e-05,25,0.00010162631255766919
575,9.684018794527889e-05,25,0.00010162631255766919
576,9.684018794527889e-05,25,0.00010162631255766919
577,9.684018794527889e-05,25,0.00010162631255766919
578,9.684018794527889e-05,25,0.00010162631255766919
579,9.684018794527889e-05,25,0.00010162631255766919
580,9.664459561836589e-05,25,0.00010174666821206382
581,9.664459561836589e-05,25,0.00010174666821206382
582,9.664459561836589e-05,25,0.00010174666821206382
583,9.664459561836589e-05,25,0.00010174666821206382
584,9.593103620562528e-05,25,0.0001019936631819578
585,9.593103620562528e-05,25,0.0001019936631819578
586,9.593103620562528e-05,25,0.0001019936631819578
587,9.593103620562528e-05,25,0.0001019936631819578
588,9.593103620562528e-05,25,0.0001019936631819578
589,9.593103620562528e-05,25,0.0001019936631819578
590,9.593103620562528e-05,25,0.0001019936631819578
591,9.593103620562528e-05,25,0.0001019936631819578
592,9.593103620562528e-05,25,0.0001019936631819578
593,9.593103620562528e-05,25,0.0001019936631819578
594,9.593103620562528e-05,25,0.0001019936631819578
595,9.593103620562528e-05,25,0.0001019936631819578
596,9.593103620562528e-05,25,0.0001019936631819578
597,9.593103620562528e-05,25,0.0001019936631819578
598,9.593103620562528e-05,25,0.0001019936631819578
599,9.593103620562528e-05,25,0.0001019936631819578
600,8.4699117879885e-05,24,8.697110523089829e-05
601,8.4699117879885e-05,24,8.697110523089829e-05
602,8.4699117879885e-05,24,8.697110523089829e-05
603,8.4699117879885e-05,24,8.697110523089829e-05
604,8.4699117879885e-05,24,8.697110523089829e-05
605,8.4699117879885e-05,24,8.697110523089829e-05
606,8.4699117879885e-05,24,8.697110523089829e-05
607,8.4699117879885e-05,24,8.697110523089829e-05
608,8.4699117879885e-05,24,8.697110523089829e-05
609,8.4699117879885e-05,24,8.697110523089829e-05
610,8.4699117879885e-05,24,8.697110523089829e-05
611,8.4699117879885e-05,24,8.697110523089829e-05
612,8.4699117879885e-05,24,8.697110523089829e-05
613,8.4699117879885e-05,24,8.697110523089829e-05
614,8.039025886575195e-05,24,8.313456850757958e-05
615,8.039025886575195e-05,24,8.313456850757958e-05
616,7.978492532501314e-05,23,8.494889651530961e-05
617,7.978492532501314e-05,23,8.494889651530961e-05
618,7.978492532501314e-05,23,8.494889651530961e-05
619,7.978492532501314e-05,23,8.494889651530961e-05
620,7.978492532501314e-05,23,8.494889651530961e-05
621,7.978492532501314e-05,23,8.494889651530961e-05
622,7.978492532501314e-05,23,8.494889651530961e-05
623,7.978492532501314e-05,23,8.494889651530961e-05
624,7.978492532501314e-05,23,8.494889651530961e-05
625,7.978492532501314e-05,23,8.494889651530961e-05
626,7.978492532501314e-05,23,8.494889651530961e-05
627,7.978492532501314e-05,23,8.494889651530961e-05
628,7.978492532501314e-05,23,8.494889651530961e-05
629,7.978492532501314e-05,23,8.494889651530961e-05
630,7.978492532501314e-05,23,8.494889651530961e-05
631,7.978492532501314e-05,23,8.494889651530961e-05
632,7.978492532501314e-05,23,8.494889651530961e-05
633,7.978492532501314e-05,23,8.494889651530961e-05
634,7.978492532501314e-05,23,8.494889651530961e-05
635,7.978492532501314e-05,23,8.494889651530961e-05
636,7.978492532501314e-05,23,8.494889651530961e-05
637,7.978492532501314e-05,23,8.494889651530961e-05
638,7.978492532501314e-05,23,8.494889651530961e-05
639,7.950086322562947e-05,23,8.512435863639462e-05
640,7.950086322562947e-05,23,8.512435863639462e-05
641,8.09611114317525e-05,22,8.6832209618261e-05
642,8.09611114317525e-05,22,8.6832209618261e-05
643,8.09611114317525e-05,22,8.6832209618261e-05
644,8.09611114317525e-05,22,8.6832209618261e-05
645,8.09611114317525e-05,22,8.6832209618261e-05
646,8.09611114317525e-05,22,8.6832209618261e-05
647,8.09611114317525e-05,22,8.6832209618261e-05
648,8.09611114317525e-05,22,8.6832209618261e-05
649,8.09611114317525e-05,22,8.6832209618261e-05
650,8.09611114317525e-05,22,8.6832209618261e-05
651,8.09611114317525e-05,22,8.6832209618261e-05
652,7.962133646035669e-05,22,8.646172040488742e-05
653,7.962133646035669e-05,22,8.646172040488742e-05
654,8.132583004808673e-05,21,8.821733478924885e-05
655,7.47753139186839e-05,20,8.622337228732813e-05
656,7.47753139186839e-05,20,8.622337228732813e-05
657,7.47753139186839e-05,20,8.622337228732813e-05
658,7.453082351004264e-05,20,8.635123322279863e-05
659,7.453082351004264e-05,20,8.635123322279863e-05
660,7.453082351004264e-05,20,8.635123322279863e-05
661,7.453082351004264e-05,20,8.635123322279863e-05
662,7.453082351004264e-05,20,8.635123322279863e-05
663,7.453082351004264e-05,20,8.635123322279863e-05
664,7.453082351004264e-05,20,8.635123322279863e-05
665,7.453082351004264e-05,20,8.635123322279863e-05
666,7.453082351004264e-05,20,8.635123322279863e-05
667,7.453082351004264e-05,20,8.635123322279863e-05
668,7.453082351004264e-05,20,8.635123322279863e-05
669,7.453082351004264e-05,20,8.635123322279863e-05
670,7.453082351004264e-05,20,8.635123322279863e-05
671,7.453082351004264e-05,20,8.635123322279863e-05
672,7.453082351004264e-05,20,8.635123322279863e-05
673,7.453082351004264e-05,20,8.635123322279863e-05
674,7.453082351004264e-05,20,8.635123322279863e-05
675,7.453082351004264e-05,20,8.635123322279863e-05
676,7.453082351004264e-05,20,8.635123322279863e-05
677,7.453082351004264e-05,20,8.635123322279863e-05
678,7.453082351004264e-05,20,8.635123322279863e-05
679,7.453082351004264e-05,20,8.635123322279863e-05
680,7.453082351004264e-05,20,8.635123322279863e-05
681,7.453082351004264e-05,20,8.635123322279863e-05
682,7.453082351004264e-05,20,8.635123322279863e-05
683,7.453082351004264e-05,20,8.635123322279863e-05
684,7.453082351004264e-05,20,8.635123322279863e-05
685,7.453082351004264e-05,20,8.635123322279863e-05
686,7.453082351004264e-05,20,8.635123322279863e-05
687,7.453082351004264e-05,20,8.635123322279863e-05
688,7.453082351004264e-05,20,8.635123322279863e-05
689,7.453082351004264e-05,20,8.635123322279863e-05
690,7.453082351004264e-05,20,8.635123322279863e-05
691,7.408342424198783e-05,20,8.658537226710921e-05
692,7.408342424198783e-05,20,8.658537226710921e-05
693,7.408342424198783e-05,20,8.658537226710921e-05
694,7.408342424198783e-05,20,8.658537226710921e-05
695,7.408342424198783e-05,20,8.658537226710921e-05
696,7.408342424198783e-05,20,8.658537226710921e-05
697,7.408342424198783e-05,20,8.658537226710921e-05
698,7.408342424198783e-05,20,8.658537226710921e-05
699,7.408342424198783e-05,20,8.658537226710921e-05
700,7.408342424198783e-05,20,8.658537226710921e-05
701,7.408342424198783e-05,20,8.658537226710921e-05
702,7.408342424198783e-05,20,8.658537226710921e-05
703,7.408342424198783e-05,20,8.658537226710921e-05
704,7.408342424198783e-05,20,8.658537226710921e-05
705,7.408342424198783e-05,20,8.658537226710921e-05
706,7.408342424198783e-05,20,8.658537226710921e-05
707,7.408342424198783e-05,20,8.658537226710921e-05
708,7.408342424198783e-05,20,8.658537226710921e-05
709,7.408342424198783e-05,20,8.658537226710921e-05
710,7.408342424198783e-05,20,8.658537226710921e-05
711,7.408342424198783e-05,20,8.658537226710921e-05
712,7.408342424198783e-05,20,8.658537226710921e-05
713,7.408342424198783e-05,20,8.658537226710921e-05
714,7.408342424198783e-05,20,8.658537226710921e-05
715,7.408342424198783e-05,20,8.658537226710921e-05
716,7.408342424198783e-05,20,8.658537226710921e-05
717,6.130059337174798e-05,19,6.681284656923902e-05
718,6.130059337174798e-05,19,6.681284656923902e-05
719,6.0221917177285975e-05,18,6.857940220804146e-05
720,6.0221917177285975e-05,18,6.857940220804146e-05
721,6.0221917177285975e-05,18,6.857940220804146e-05
722,6.0221917177285975e-05,18,6.857940220804146e-05
723,6.0221917177285975e-05,18,6.857940220804146e-05
724,6.0221917177285975e-05,18,6.857940220804146e-05
725,6.103880002770104e-05,17,7.059970425737942e-05
726,6.103880002770104e-05,17,7.059970425737942e-05
727,6.103880002770104e-05,17,7.059970425737942e-05
728,6.103880002770104e-05,17,7.059970425737942e-05
729,6.103880002770104e-05,17,7.059970425737942e-05
730,6.103880002770104e-05,17,7.059970425737942e-05
731,6.103880002770104e-05,17,7.059970425737942e-05
732,6.0751164252828964e-05,17,7.074673533048218e-05
733,5.986365691444849e-05,16,7.296910895064019e-05
734,5.986365691444849e-05,16,7.296910895064019e-05
735,5.986365691444849e-05,16,7.296910895064019e-05
736,5.986365691444849e-05,16,7.296910895064019e-05
737,5.986365691444849e-05,16,7.296910895064019e-05
738,5.986365691444849e-05,16,7.296910895064019e-05
739,5.986365691444849e-05,16,7.296910895064019e-05
740,5.986365691444849e-05,16,7.296910895064019e-05
741,5.986365691444849e-05,16,7.296910895064019e-05
742,5.986365691444849e-05,16,7.296910895064019e-05
743,5.986365691444849e-05,16,7.296910895064019e-05
744,5.986365691444849e-05,16,7.296910895064019e-05
745,5.986365691444849e-05,16,7.296910895064019e-05
746,5.986365691444849e-05,16,7.296910895064019e-05
747,5.986365691444849e-05,16,7.296910895064019e-05
748,5.986365691444849e-05,16,7.296910895064019e-05
749,5.8748720332041296e-05,16,7.320844231192615e-05
750,5.7010436365972596e-05,16,7.36166123650728e-05
751,5.7010436365972596e-05,16,7.36166123650728e-05
752,5.7010436365972596e-05,16,7.36166123650728e-05
753,5.7010436365972596e-05,16,7.36166123650728e-05
754,5.7010436365972596e-05,16,7.36166123650728e-05
755,5.7010436365972596e-05,16,7.36166123650728e-05
756,5.7010436365972596e-05,16,7.36166123650728e-05
757,5.7010436365972596e-05,16,7.36166123650728e-05
758,5.7010436365972596e-05,16,7.36166123650728e-05
759,5.7010436365972596e-05,16,7.36166123650728e-05
760,5.7010436365972596e-05,16,7.36166123650728e-05
761,5.7010436365972596e-05,16,7.36166123650728e-05
762,5.7010436365972596e-05,16,7.36166123650728e-05
763,5.7010436365972596e-05,16,7.36166123650728e-05
764,5.7010436365972596e-05,16,7.36166123650728e-05
765,5.7010436365972596e-05,16,7.36166123650728e-05
766,5.7010436365972596e-05,16,7.36166123650728e-05
767,5.7010436365972596e-05,16,7.36166123650728e-05
768,5.7010436365972596e-05,16,7.36166123650728e-05
769,5.7010436365972596e-05,16,7.36166123650728e-05
770,5.7010436365972596e-05,16,7.36166123650728e-05
771,5.7010436365972596e-05,16,7.36166123650728e-05
772,5.7010436365972596e-05,16,7.36166123650728e-05
773,5.7010436365972596e-05,16,7.36166123650728e-05
774,5.7010436365972596e-05,16,7.36166123650728e-05
775,4.010076658575236e-05,15,3.0078730671568306e-05
776,4.010076658575236e-05,15,3.0078730671568306e-05
777,4.010076658575236e-05,15,3.0078730671568306e-05
778,4.010076658575236e-05,15,3.0078730671568306e-05
779,4.010076658575236e-05,15,3.0078730671568306e-05
780,4.010076658575236e-05,15,3.0078730671568306e-05
781,4.010076658575236e-05,15,3.0078730671568306e-05
782,4.010076658575236e-05,15,3.0078730671568306e-05
783,4.010076658575236e-05,15,3.0078730671568306e-05
784,4.010076658575236e-05,15,3.0078730671568306e-05
785,4.010076658575236e-05,15,3.0078730671568306e-05
786,4.010076658575236e-05,15,3.0078730671568306e-05
787,4.144651339538062e-05,14,3.074198244883376e-05
788,4.144651339538062e-05,14,3.074198244883376e-05
789,4.144651339538062e-05,14,3.074198244883376e-05
790,4.144651339538062e-05,14,3.074198244883376e-05
791,4.144651339538062e-05,14,3.074198244883376e-05
792,4.144651339538062e-05,14,3.074198244883376e-05
793,4.097983994639316e-05,14,3.104045768863061e-05
794,4.097983994639316e-05,14,3.104045768863061e-05
795,4.097983994639316e-05,14,3.104045768863061e-05
796,4.097983994639316e-05,14,3.104045768863061e-05
797,4.097983994639316e-05,14,3.104045768863061e-05
798,4.097983994639316e-05,14,3.104045768863061e-05
799,4.097983994639316e-05,14,3.104045768863061e-05
800,4.097983994639316e-05,14,3.104045768863061e-05
801,4.3034034273037365e-05,13,3.130181326936367e-05
802,4.3034034273037365e-05,13,3.130181326936367e-05
803,4.3034034273037365e-05,13,3.130181326936367e-05
804,4.3034034273037365e-05,13,3.130181326936367e-05
805,4.3034034273037365e-05,13,3.130181326936367e-05
806,4.3034034273037365e-05,13,3.130181326936367e-05
807,4.3034034273037365e-05,13,3.130181326936367e-05
808,4.3034034273037365e-05,13,3.130181326936367e-05
809,4.3034034273037365e-05,13,3.130181326936367e-05
810,4.3034034273037365e-05,13,3.130181326936367e-05
811,4.3034034273037365e-05,13,3.130181326936367e-05
812,4.3034034273037365e-05,13,3.130181326936367e-05
813,4.3034034273037365e-05,13,3.130181326936367e-05
814,4.3034034273037365e-05,13,3.130181326936367e-05
815,4.3034034273037365e-05,13,3.130181326936367e-05
816,4.3034034273037365e-05,13,3.130181326936367e-05
817,4.3034034273037365e-05,13,3.130181326936367e-05
818,4.3034034273037365e-05,13,3.130181326936367e-05
819,4.258957098643941e-05,12,3.2650803609423425e-05
820,4.258957098643941e-05,12,3.2650803609423425e-05
821,4.258957098643941e-05,12,3.2650803609423425e-05
822,4.258957098643941e-05,12,3.2650803609423425e-05
823,4.258957098643941e-05,12,3.2650803609423425e-05
824,4.258957098643941e-05,12,3.2650803609423425e-05
825,4.258957098643941e-05,12,3.2650803609423425e-05
826,4.258957098643941e-05,12,3.2650803609423425e-05
827,4.258957098643941e-05,12,3.2650803609423425e-05
828,4.2182086972037296e-05,12,3.292712320752461e-05
829,4.2182086972037296e-05,12,3.292712320752461e-05
830,4.2182086972037296e-05,12,3.292712320752461e-05
831,4.2182086972037296e-05,12,3.292712320752461e-05
832,4.2182086972037296e-05,12,3.292712320752461e-05
833,4.2182086972037296e-05,12,3.292712320752461e-05
834,4.2182086972037296e-05,12,3.292712320752461e-05
835,4.2182086972037296e-05,12,3.292712320752461e-05
836,4.2182086972037296e-05,12,3.292712320752461e-05
837,4.2182086972037296e-05,12,3.292712320752461e-05
838,4.2182086972037296e-05,12,3.292712320752461e-05
839,4.2182086972037296e-05,12,3.292712320752461e-05
840,4.2182086972037296e-05,12,3.292712320752461e-05
841,4.2182086972037296e-05,12,3.292712320752461e-05
842,4.2182086972037296e-05,12,3.292712320752461e-05
843,4.2182086972037296e-05,12,3.292712320752461e-05
844,4.2182086972037296e-05,12,3.292712320752461e-05
845,3.972583285781165e-05,12,3.0145853286023585e-05
846,3.972583285781165e-05,12,3.0145853286023585e-05
847,3.972583285781165e-05,12,3.0145853286023585e-05
848,3.972583285781165e-05,12,3.0145853286023585e-05
849,3.972583285781165e-05,12,3.0145853286023585e-05
850,3.972583285781165e-05,12,3.0145853286023585e-05
851,3.972583285781165e-05,12,3.0145853286023585e-05
852,3.972583285781165e-05,12,3.0145853286023585e-05
853,3.972583285781165e-05,12,3.0145853286023585e-05
854,3.467843889972183e-05,11,2.575585497002519e-05
855,3.467843889972183e-05,11,2.575585497002519e-05
856,3.467843889972183e-05,11,2.575585497002519e-05
857,3.467843889972183e-05,11,2.575585497002519e-05
858,3.467843889972183e-05,11,2.575585497002519e-05
859,3.467843889972183e-05,11,2.575585497002519e-05
860,3.467843889972183e-05,11,2.575585497002519e-05
861,3.467843889972183e-05,11,2.575585497002519e-05
862,3.6137807021954156e-05,10,2.6665349066592535e-05
863,3.6137807021954156e-05,10,2.6665349066592535e-05
864,3.6137807021954156e-05,10,2.6665349066592535e-05
865,3.6137807021954156e-05,10,2.6665349066592535e-05
866,3.6137807021954156e-05,10,2.6665349066592535e-05
867,3.6137807021954156e-05,10,2.6665349066592535e-05
868,3.6137807021954156e-05,10,2.6665349066592535e-05
869,3.6137807021954156e-05,10,2.6665349066592535e-05
870,3.6137807021954156e-05,10,2.6665349066592535e-05
871,3.6137807021954156e-05,10,2.6665349066592535e-05
872,3.6137807021954156e-05,10,2.6665349066592535e-05
873,3.6137807021954156e-05,10,2.6665349066592535e-05
874,3.6137807021954156e-05,10,2.6665349066592535e-05
875,3.6137807021954156e-05,10,2.6665349066592535e-05
876,3.6137807021954156e-05,10,2.6665349066592535e-05
877,3.6137807021954156e-05,10,2.6665349066592535e-05
878,3.6137807021954156e-05,10,2.6665349066592535e-05
879,3.6137807021954156e-05,10,2.6665349066592535e-05
880,3.6137807021954156e-05,10,2.6665349066592535e-05
881,3.6137807021954156e-05,10,2.6665349066592535e-05
882,3.6137807021954156e-05,10,2.6665349066592535e-05
883,3.6137807021954156e-05,10,2.6665349066592535e-05
884,3.6137807021954156e-05,10,2.6665349066592535e-05
885,3.6137807021954156e-05,10,2.6665349066592535e-05
886,3.6137807021954156e-05,10,2.6665349066592535e-05
887,3.6137807021954156e-05,10,2.6665349066592535e-05
888,3.6137807021954156e-05,10,2.6665349066592535e-05
889,3.6137807021954156e-05,10,2.6665349066592535e-05
890,3.828683446167141e-05,9,2.7348946193797507e-05
891,3.729261386599409e-05,9,2.797246514524053e-05
892,3.729261386599409e-05,9,2.797246514524053e-05
893,3.729261386599409e-05,9,2.797246514524053e-05
894,3.729261386599409e-05,9,2.797246514524053e-05
895,3.729261386599409e-05,9,2.797246514524053e-05
896,3.729261386599409e-05,9,2.797246514524053e-05
897,3.729261386599409e-05,9,2.797246514524053e-05
898,3.729261386599409e-05,9,2.797246514524053e-05
899,3.729261386599409e-05,9,2.797246514524053e-05
900,3.729261386599409e-05,9,2.797246514524053e-05
901,3.729261386599409e-05,9,2.797246514524053e-05
902,3.729261386599409e-05,9,2.797246514524053e-05
903,3.729261386599409e-05,9,2.797246514524053e-05
904,3.729261386599409e-05,9,2.797246514524053e-05
905,3.729261386599409e-05,9,2.797246514524053e-05
906,3.729261386599409e-05,9,2.797246514524053e-05
907,3.729261386599409e-05,9,2.797246514524053e-05
908,3.729261386599409e-05,9,2.797246514524053e-05
909,3.729261386599409e-05,9,2.797246514524053e-05
910,3.729261386599409e-05,9,2.797246514524053e-05
911,3.729261386599409e-05,9,2.797246514524053e-05
912,3.729261386599409e-05,9,2.797246514524053e-05
913,3.729261386599409e-05,9,2.797246514524053e-05
914,3.729261386599409e-05,9,2.797246514524053e-05
915,3.729261386599409e-05,9,2.797246514524053e-05
916,3.729261386599409e-05,9,2.797246514524053e-05
917,3.729261386599409e-05,9,2.797246514524053e-05
918,3.729261386599409e-05,9,2.797246514524053e-05
919,3.729261386599409e-05,9,2.797246514524053e-05
920,3.729261386599409e-05,9,2.797246514524053e-05
921,3.729261386599409e-05,9,2.797246514524053e-05
922,3.729261386599409e-05,9,2.797246514524053e-05
923,3.729261386599409e-05,9,2.797246514524053e-05
924,3.729261386599409e-05,9,2.797246514524053e-05
925,3.729261386599409e-05,9,2.797246514524053e-05
926,3.729261386599409e-05,9,2.797246514524053e-05
927,3.729261386599409e-05,9,2.797246514524053e-05
928,3.729261386599409e-05,9,2.797246514524053e-05
929,3.729261386599409e-05,9,2.797246514524053e-05
930,3.729261386599409e-05,9,2.797246514524053e-05
931,3.729261386599409e-05,9,2.797246514524053e-05
932,3.729261386599409e-05,9,2.797246514524053e-05
933,3.729261386599409e-05,9,2.797246514524053e-05
934,3.729261386599409e-05,9,2.797246514524053e-05
935,3.729261386599409e-05,9,2.797246514524053e-05
936,3.729261386599409e-05,9,2.797246514524053e-05
937,3.729261386599409e-05,9,2.797246514524053e-05
938,3.729261386599409e-05,9,2.797246514524053e-05
939,3.729261386599409e-05,9,2.797246514524053e-05
940,3.729261386599409e-05,9,2.797246514524053e-05
941,3.729261386599409e-05,9,2.797246514524053e-05
942,3.729261386599409e-05,9,2.797246514524053e-05
943,3.729261386599409e-05,9,2.797246514524053e-05
944,3.729261386599409e-05,9,2.797246514524053e-05
945,3.729261386599409e-05,9,2.797246514524053e-05
946,3.729261386599409e-05,9,2.797246514524053e-05
947,3.729261386599409e-05,9,2.797246514524053e-05
948,3.729261386599409e-05,9,2.797246514524053e-05
949,3.729261386599409e-05,9,2.797246514524053e-05
950,3.729261386599409e-05,9,2.797246514524053e-05
951,3.729261386599409e-05,9,2.797246514524053e-05
952,3.729261386599409e-05,9,2.797246514524053e-05
953,3.729261386599409e-05,9,2.797246514524053e-05
954,3.729261386599409e-05,9,2.797246514524053e-05
955,3.729261386599409e-05,9,2.797246514524053e-05
956,3.618728363200673e-05,9,2.8926112714138997e-05
957,3.618728363200673e-05,9,2.8926112714138997e-05
958,3.618728363200673e-05,9,2.8926112714138997e-05
959,3.618728363200673e-05,9,2.8926112714138997e-05
960,3.618728363200673e-05,9,2.8926112714138997e-05
961,3.618728363200673e-05,9,2.8926112714138997e-05
962,3.618728363200673e-05,9,2.8926112714138997e-05
963,3.618728363200673e-05,9,2.8926112714138997e-05
964,3.618728363200673e-05,9,2.8926112714138997e-05
965,3.618728363200673e-05,9,2.8926112714138997e-05
966,3.618728363200673e-05,9,2.8926112714138997e-05
967,3.618728363200673e-05,9,2.8926112714138997e-05
968,3.618728363200673e-05,9,2.8926112714138997e-05
969,3.618728363200673e-05,9,2.8926112714138997e-05
970,3.618728363200673e-05,9,2.8926112714138997e-05
971,3.618728363200673e-05,9,2.8926112714138997e-05
972,3.618728363200673e-05,9,2.8926112714138997e-05
973,3.618728363200673e-05,9,2.8926112714138997e-05
974,3.618728363200673e-05,9,2.8926112714138997e-05
975,3.618728363200673e-05,9,2.8926112714138997e-05
976,3.618728363200673e-05,9,2.8926112714138997e-05
977,3.618728363200673e-05,9,2.8926112714138997e-05
978,3.618728363200673e-05,9,2.8926112714138997e-05
979,3.618728363200673e-05,9,2.8926112714138997e-05
980,3.618728363200673e-05,9,2.8926112714138997e-05
981,3.618728363200673e-05,9,2.8926112714138997e-05
982,3.618728363200673e-05,9,2.8926112714138997e-05
983,3.618728363200673e-05,9,2.8926112714138997e-05
984,3.618728363200673e-05,9,2.8926112714138997e-05
985,3.618728363200673e-05,9,2.8926112714138997e-05
986,3.618728363200673e-05,9,2.8926112714138997e-05
987,3.618728363200673e-05,9,2.8926112714138997e-05
988,3.618728363200673e-05,9,2.8926112714138997e-05
989,3.618728363200673e-05,9,2.8926112714138997e-05
990,3.618728363200673e-05,9,2.8926112714138997e-05
991,3.618728363200673e-05,9,2.8926112714138997e-05
992,3.564397161280391e-05,9,2.9320704001609003e-05
993,3.564397161280391e-05,9,2.9320704001609003e-05
994,3.564397161280391e-05,9,2.9320704001609003e-05
995,3.564397161280391e-05,9,2.9320704001609003e-05
996,3.564397161280391e-05,9,2.9320704001609003e-05
997,3.564397161280391e-05,9,2.9320704001609003e-05
998,3.564397161280391e-05,9,2.9320704001609003e-05
999,3.564397161280391e-05,9,2.9320704001609003e-05
1000,3.564397161280391e-05,9,2.9320704001609003e-05
1001,3.564397161280391e-05,9,2.9320704001609003e-05
1002,3.564397161280391e-05,9,2.9320704001609003e-05
1003,3.564397161280391e-05,9,2.9320704001609003e-05
1004,3.564397161280391e-05,9,2.9320704001609003e-05
1005,3.564397161280391e-05,9,2.9320704001609003e-05
1006,3.564397161280391e-05,9,2.9320704001609003e-05
1007,3.564397161280391e-05,9,2.9320704001609003e-05
1008,3.564397161280391e-05,9,2.9320704001609003e-05
1009,3.564397161280391e-05,9,2.9320704001609003e-05
1010,3.564397161280391e-05,9,2.9320704001609003e-05
1011,3.564397161280391e-05,9,2.9320704001609003e-05
1012,3.564397161280391e-05,9,2.9320704001609003e-05
1013,3.564397161280391e-05,9,2.9320704001609003e-05
1014,3.564397161280391e-05,9,2.9320704001609003e-05
1015,3.564397161280391e-05,9,2.9320704001609003e-05
1016,3.564397161280391e-05,9,2.9320704001609003e-05
1017,3.564397161280391e-05,9,2.9320704001609003e-05
1018,3.564397161280391e-05,9,2.9320704001609003e-05
1019,3.564397161280391e-05,9,2.9320704001609003e-05
1020,3.564397161280391e-05,9,2.9320704001609003e-05
1021,3.564397161280391e-05,9,2.9320704001609003e-05
1022,3.564397161280391e-05,9,2.9320704001609003e-05
1023,3.564397161280391e-05,9,2.9320704001609003e-05
1024,3.564397161280391e-05,9,2.9320704001609003e-05
1025,3.4918035136601196e-05,9,2.98437867280838e-05
1026,3.4918035136601196e-05,9,2.98437867280838e-05
1027,3.4918035136601196e-05,9,2.98437867280838e-05
1028,3.4918035136601196e-05,9,2.98437867280838e-05
1029,3.4918035136601196e-05,9,2.98437867280838e-05
1030,3.4918035136601196e-05,9,2.98437867280838e-05
1031,3.4918035136601196e-05,9,2.98437867280838e-05
1032,3.4918035136601196e-05,9,2.98437867280838e-05
1033,3.4918035136601196e-05,9,2.98437867280838e-05
1034,3.4918035136601196e-05,9,2.98437867280838e-05
1035,3.4918035136601196e-05,9,2.98437867280838e-05
1036,3.4918035136601196e-05,9,2.98437867280838e-05
1037,3.4918035136601196e-05,9,2.98437867280838e-05
1038,3.4918035136601196e-05,9,2.98437867280838e-05
1039,3.4918035136601196e-05,9,2.98437867280838e-05
1040,3.4918035136601196e-05,9,2.98437867280838e-05
1041,3.4918035136601196e-05,9,2.98437867280838e-05
1042,3.4918035136601196e-05,9,2.98437867280838e-05
1043,3.4918035136601196e-05,9,2.98437867280838e-05
1044,3.4918035136601196e-05,9,2.98437867280838e-05
1045,3.4918035136601196e-05,9,2.98437867280838e-05
1046,3.4918035136601196e-05,9,2.98437867280838e-05
1047,3.4918035136601196e-05,9,2.98437867280838e-05
1048,3.4918035136601196e-05,9,2.98437867280838e-05
1049,3.4918035136601196e-05,9,2.98437867280838e-05
1050,3.4918035136601196e-05,9,2.98437867280838e-05
1051,3.4918035136601196e-05,9,2.98437867280838e-05
1052,3.4918035136601196e-05,9,2.98437867280838e-05
1053,3.4918035136601196e-05,9,2.98437867280838e-05
1054,3.4918035136601196e-05,9,2.98437867280838e-05
1055,3.4918035136601196e-05,9,2.98437867280838e-05
1056,3.4918035136601196e-05,9,2.98437867280838e-05
1057,3.4918035136601196e-05,9,2.98437867280838e-05
1058,3.4918035136601196e-05,9,2.98437867280838e-05
1059,3.4918035136601196e-05,9,2.98437867280838e-05
1060,3.4918035136601196e-05,9,2.98437867280838e-05
1061,3.4918035136601196e-05,9,2.98437867280838e-05
1062,3.4918035136601196e-05,9,2.98437867280838e-05
1063,3.4918035136601196e-05,9,2.98437867280838e-05
1064,3.4918035136601196e-05,9,2.98437867280838e-05
1065,3.4918035136601196e-05,9,2.98437867280838e-05
1066,3.4918035136601196e-05,9,2.98437867280838e-05
1067,3.4918035136601196e-05,9,2.98437867280838e-05
1068,3.4918035136601196e-05,9,2.98437867280838e-05
1069,3.4918035136601196e-05,9,2.98437867280838e-05
1070,3.4918035136601196e-05,9,2.98437867280838e-05
1071,3.4918035136601196e-05,9,2.98437867280838e-05
1072,3.4918035136601196e-05,9,2.98437867280838e-05
1073,3.4918035136601196e-05,9,2.98437867280838e-05
1074,3.4918035136601196e-05,9,2.98437867280838e-05
1075,3.4918035136601196e-05,9,2.98437867280838e-05
1076,3.4918035136601196e-05,9,2.98437867280838e-05
1077,3.4918035136601196e-05,9,2.98437867280838e-05
1078,3.4918035136601196e-05,9,2.98437867280838e-05
1079,3.4918035136601196e-05,9,2.98437867280838e-05
1080,3.4918035136601196e-05,9,2.98437867280838e-05
1081,3.4918035136601196e-05,9,2.98437867280838e-05
1082,3.4918035136601196e-05,9,2.98437867280838e-05
1083,3.4918035136601196e-05,9,2.98437867280838e-05
1084,3.4918035136601196e-05,9,2.98437867280838e-05
1085,3.4918035136601196e-05,9,2.98437867280838e-05
1086,3.4918035136601196e-05,9,2.98437867280838e-05
1087,3.4918035136601196e-05,9,2.98437867280838e-05
1088,3.4918035136601196e-05,9,2.98437867280838e-05
1089,3.4918035136601196e-05,9,2.98437867280838e-05
1090,3.4918035136601196e-05,9,2.98437867280838e-05
1091,3.4918035136601196e-05,9,2.98437867280838e-05
1092,3.4918035136601196e-05,9,2.98437867280838e-05
1093,3.4918035136601196e-05,9,2.98437867280838e-05
1094,3.4918035136601196e-05,9,2.98437867280838e-05
1095,3.4918035136601196e-05,9,2.98437867280838e-05
1096,3.4918035136601196e-05,9,2.98437867280838e-05
1097,3.2935925656766185e-05,9,3.037468203328266e-05
1098,3.2935925656766185e-05,9,3.037468203328266e-05
1099,3.2935925656766185e-05,9,3.037468203328266e-05
1100,3.2935925656766185e-05,9,3.037468203328266e-05
1101,3.2935925656766185e-05,9,3.037468203328266e-05
1102,3.2935925656766185e-05,9,3.037468203328266e-05
1103,3.2935925656766185e-05,9,3.037468203328266e-05
1104,3.2935925656766185e-05,9,3.037468203328266e-05
1105,3.2935925656766185e-05,9,3.037468203328266e-05
1106,3.2935925656766185e-05,9,3.037468203328266e-05
1107,3.2935925656766185e-05,9,3.037468203328266e-05
1108,3.2935925656766185e-05,9,3.037468203328266e-05
1109,3.2935925656766185e-05,9,3.037468203328266e-05
1110,3.2935925656766185e-05,9,3.037468203328266e-05
1111,3.2935925656766185e-05,9,3.037468203328266e-05
1112,3.2935925656766185e-05,9,3.037468203328266e-05
1113,3.2935925656766185e-05,9,3.037468203328266e-05
1114,3.2935925656766185e-05,9,3.037468203328266e-05
1115,3.2935925656766185e-05,9,3.037468203328266e-05
1116,3.2935925656766185e-05,9,3.037468203328266e-05
1117,3.2935925656766185e-05,9,3.037468203328266e-05
1118,3.2935925656766185e-05,9,3.037468203328266e-05
1119,3.2935925656766185e-05,9,3.037468203328266e-05
1120,3.2935925656766185e-05,9,3.037468203328266e-05
1121,3.2935925656766185e-05,9,3.037468203328266e-05
1122,3.2935925656766185e-05,9,3.037468203328266e-05
1123,3.2935925656766185e-05,9,3.037468203328266e-05
1124,3.2935925656766185e-05,9,3.037468203328266e-05
1125,3.2935925656766185e-05,9,3.037468203328266e-05
1126,3.2935925656766185e-05,9,3.037468203328266e-05
1127,3.2935925656766185e-05,9,3.037468203328266e-05
1128,3.2935925656766185e-05,9,3.037468203328266e-05
1129,3.2935925656766185e-05,9,3.037468203328266e-05
1130,3.2935925656766185e-05,9,3.037468203328266e-05
1131,3.2935925656766185e-05,9,3.037468203328266e-05
1132,3.2935925656766185e-05,9,3.037468203328266e-05
1133,3.2935925656766185e-05,9,3.037468203328266e-05
1134,3.2935925656766185e-05,9,3.037468203328266e-05
1135,3.2935925656766185e-05,9,3.037468203328266e-05
1136,3.2935925656766185e-05,9,3.037468203328266e-05
1137,3.2935925656766185e-05,9,3.037468203328266e-05
1138,3.2935925656766185e-05,9,3.037468203328266e-05
1139,3.2935925656766185e-05,9,3.037468203328266e-05
1140,3.2935925656766185e-05,9,3.037468203328266e-05
1141,3.2935925656766185e-05,9,3.037468203328266e-05
1142,3.2935925656766185e-05,9,3.037468203328266e-05
1143,3.2935925656766185e-05,9,3.037468203328266e-05
1144,3.2935925656766185e-05,9,3.037468203328266e-05
1145,3.2935925656766185e-05,9,3.037468203328266e-05
1146,3.2935925656766185e-05,9,3.037468203328266e-05
1147,3.2935925656766185e-05,9,3.037468203328266e-05
1148,3.2935925656766185e-05,9,3.037468203328266e-05
1149,3.2935925656766185e-05,9,3.037468203328266e-05
1150,3.2935925656766185e-05,9,3.037468203328266e-05
1151,3.2935925656766185e-05,9,3.037468203328266e-05
1152,3.2935925656766185e-05,9,3.037468203328266e-05
1153,3.2935925656766185e-05,9,3.037468203328266e-05
1154,3.2935925656766185e-05,9,3.037468203328266e-05
1155,3.2935925656766185e-05,9,3.037468203328266e-05
1156,3.2935925656766185e-05,9,3.037468203328266e-05
1157,3.2935925656766185e-05,9,3.037468203328266e-05
1158,3.2935925656766185e-05,9,3.037468203328266e-05
1159,3.2935925656766185e-05,9,3.037468203328266e-05
1160,3.2935925656766185e-05,9,3.037468203328266e-05
1161,3.2935925656766185e-05,9,3.037468203328266e-05
1162,3.2935925656766185e-05,9,3.037468203328266e-05
1163,3.2935925656766185e-05,9,3.037468203328266e-05
1164,3.2935925656766185e-05,9,3.037468203328266e-05
1165,3.2935925656766185e-05,9,3.037468203328266e-05
1166,3.2935925656766185e-05,9,3.037468203328266e-05
1167,3.2935925656766185e-05,9,3.037468203328266e-05
1168,3.2935925656766185e-05,9,3.037468203328266e-05
1169,3.2935925656766185e-05,9,3.037468203328266e-05
1170,3.2935925656766185e-05,9,3.037468203328266e-05
1171,3.2935925656766185e-05,9,3.037468203328266e-05
1172,3.2935925656766185e-05,9,3.037468203328266e-05
1173,3.2935925656766185e-05,9,3.037468203328266e-05
1174,3.2935925656766185e-05,9,3.037468203328266e-05
1175,3.2935925656766185e-05,9,3.037468203328266e-05
1176,3.2935925656766185e-05,9,3.037468203328266e-05
1177,3.2935925656766185e-05,9,3.037468203328266e-05
1178,3.2935925656766185e-05,9,3.037468203328266e-05
1179,3.2935925656766185e-05,9,3.037468203328266e-05
1180,3.2935925656766185e-05,9,3.037468203328266e-05
1181,3.2935925656766185e-05,9,3.037468203328266e-05
1182,3.2935925656766185e-05,9,3.037468203328266e-05
1183,3.2935925656766185e-05,9,3.037468203328266e-05
1184,3.2935925656766185e-05,9,3.037468203328266e-05
1185,3.2935925656766185e-05,9,3.037468203328266e-05
1186,3.2935925656766185e-05,9,3.037468203328266e-05
1187,3.2935925656766185e-05,9,3.037468203328266e-05
1188,3.2935925656766185e-05,9,3.037468203328266e-05
1189,3.2935925656766185e-05,9,3.037468203328266e-05
1190,3.2935925656766185e-05,9,3.037468203328266e-05
1191,3.2935925656766185e-05,9,3.037468203328266e-05
1192,3.2935925656766185e-05,9,3.037468203328266e-05
1193,3.2935925656766185e-05,9,3.037468203328266e-05
1194,3.2935925656766185e-05,9,3.037468203328266e-05
1195,3.2935925656766185e-05,9,3.037468203328266e-05
1196,3.2935925656766185e-05,9,3.037468203328266e-05
1197,3.2935925656766185e-05,9,3.037468203328266e-05
1198,3.2935925656766185e-05,9,3.037468203328266e-05
1199,3.2935925656766185e-05,9,3.037468203328266e-05
1200,3.2935925656766185e-05,9,3.037468203328266e-05
1201,3.2935925656766185e-05,9,3.037468203328266e-05
1202,3.2935925656766185e-05,9,3.037468203328266e-05
1203,3.2935925656766185e-05,9,3.037468203328266e-05
1204,3.2935925656766185e-05,9,3.037468203328266e-05
1205,3.2935925656766185e-05,9,3.037468203328266e-05
1206,3.2935925656766185e-05,9,3.037468203328266e-05
1207,3.2935925656766185e-05,9,3.037468203328266e-05
1208,3.2935925656766185e-05,9,3.037468203328266e-05
1209,3.2935925656766185e-05,9,3.037468203328266e-05
1210,3.2935925656766185e-05,9,3.037468203328266e-05
1211,3.2935925656766185e-05,9,3.037468203328266e-05
1212,3.2935925656766185e-05,9,3.037468203328266e-05
1213,3.2935925656766185e-05,9,3.037468203328266e-05
1214,3.2935925656766185e-05,9,3.037468203328266e-05
1215,3.2935925656766185e-05,9,3.037468203328266e-05
1216,3.2935925656766185e-05,9,3.037468203328266e-05
1217,3.2935925656766185e-05,9,3.037468203328266e-05
1218,3.2935925656766185e-05,9,3.037468203328266e-05
1219,3.2935925656766185e-05,9,3.037468203328266e-05
1220,3.2935925656766185e-05,9,3.037468203328266e-05
1221,3.2935925656766185e-05,9,3.037468203328266e-05
1222,3.2935925656766185e-05,9,3.037468203328266e-05
1223,3.2935925656766185e-05,9,3.037468203328266e-05
1224,3.294930847180326e-05,8,3.247187260604616e-05
1225,3.294930847180326e-05,8,3.247187260604616e-05
1226,3.294930847180326e-05,8,3.247187260604616e-05
1227,3.294930847180326e-05,8,3.247187260604616e-05
1228,3.294930847180326e-05,8,3.247187260604616e-05
1229,3.294930847180326e-05,8,3.247187260604616e-05
1230,3.294930847180326e-05,8,3.247187260604616e-05
1231,3.294930847180326e-05,8,3.247187260604616e-05
1232,3.294930847180326e-05,8,3.247187260604616e-05
1233,3.294930847180326e-05,8,3.247187260604616e-05
1234,3.294930847180326e-05,8,3.247187260604616e-05
1235,3.294930847180326e-05,8,3.247187260604616e-05
1236,3.294930847180326e-05,8,3.247187260604616e-05
1237,3.294930847180326e-05,8,3.247187260604616e-05
1238,3.294930847180326e-05,8,3.247187260604616e-05
1239,3.294930847180326e-05,8,3.247187260604616e-05
1240,3.294930847180326e-05,8,3.247187260604616e-05
1241,3.294930847180326e-05,8,3.247187260604616e-05
1242,3.294930847180326e-05,8,3.247187260604616e-05
1243,3.294930847180326e-05,8,3.247187260604616e-05
1244,2.92649273004648e-05,8,3.0725488810559034e-05
1245,2.92649273004648e-05,8,3.0725488810559034e-05
1246,2.92649273004648e-05,8,3.0725488810559034e-05
1247,2.92649273004648e-05,8,3.0725488810559034e-05
1248,2.92649273004648e-05,8,3.0725488810559034e-05
1249,2.92649273004648e-05,8,3.0725488810559034e-05
1250,2.92649273004648e-05,8,3.0725488810559034e-05
1251,2.92649273004648e-05,8,3.0725488810559034e-05
1252,2.92649273004648e-05,8,3.0725488810559034e-05
1253,2.92649273004648e-05,8,3.0725488810559034e-05
1254,2.92649273004648e-05,8,3.0725488810559034e-05
1255,2.8653701278861626e-05,8,3.110362749190288e-05
1256,2.8653701278861626e-05,8,3.110362749190288e-05
1257,2.8653701278861626e-05,8,3.110362749190288e-05
1258,2.8653701278861626e-05,8,3.110362749190288e-05
1259,2.8653701278861626e-05,8,3.110362749190288e-05
1260,2.8653701278861626e-05,8,3.110362749190288e-05
1261,2.8653701278861626e-05,8,3.110362749190288e-05
1262,2.7535203108724636e-05,8,3.170089604397051e-05
1263,2.7535203108724636e-05,8,3.170089604397051e-05
1264,2.7535203108724636e-05,8,3.170089604397051e-05
1265,2.7535203108724636e-05,8,3.170089604397051e-05
1266,2.7535203108724636e-05,8,3.170089604397051e-05
1267,2.7535203108724636e-05,8,3.170089604397051e-05
1268,2.7535203108724636e-05,8,3.170089604397051e-05
1269,2.7535203108724636e-05,8,3.170089604397051e-05
1270,2.7535203108724636e-05,8,3.170089604397051e-05
1271,2.7535203108724636e-05,8,3.170089604397051e-05
1272,2.7535203108724636e-05,8,3.170089604397051e-05
1273,2.7535203108724636e-05,8,3.170089604397051e-05
1274,2.7535203108724636e-05,8,3.170089604397051e-05
1275,2.7535203108724636e-05,8,3.170089604397051e-05
1276,2.7535203108724636e-05,8,3.170089604397051e-05
1277,2.7535203108724636e-05,8,3.170089604397051e-05
1278,2.7535203108724636e-05,8,3.170089604397051e-05
1279,2.7535203108724636e-05,8,3.170089604397051e-05
1280,2.7535203108724636e-05,8,3.170089604397051e-05
1281,2.7535203108724636e-05,8,3.170089604397051e-05
1282,2.7535203108724636e-05,8,3.170089604397051e-05
1283,2.7535203108724636e-05,8,3.170089604397051e-05
1284,2.7535203108724636e-05,8,3.170089604397051e-05
1285,2.7535203108724636e-05,8,3.170089604397051e-05
1286,2.7535203108724636e-05,8,3.170089604397051e-05
1287,2.7535203108724636e-05,8,3.170089604397051e-05
1288,2.7535203108724636e-05,8,3.170089604397051e-05
1289,2.7535203108724636e-05,8,3.170089604397051e-05
1290,2.7535203108724636e-05,8,3.170089604397051e-05
1291,2.7535203108724636e-05,8,3.170089604397051e-05
1292,2.7535203108724636e-05,8,3.170089604397051e-05
1293,2.7535203108724636e-05,8,3.170089604397051e-05
1294,2.7535203108724636e-05,8,3.170089604397051e-05
1295,2.7535203108724636e-05,8,3.170089604397051e-05
1296,2.7535203108724636e-05,8,3.170089604397051e-05
1297,2.7535203108724636e-05,8,3.170089604397051e-05
1298,2.7535203108724636e-05,8,3.170089604397051e-05
1299,2.7535203108724636e-05,8,3.170089604397051e-05
1300,2.7535203108724636e-05,8,3.170089604397051e-05
1301,2.7535203108724636e-05,8,3.170089604397051e-05
1302,2.7535203108724636e-05,8,3.170089604397051e-05
1303,2.7535203108724636e-05,8,3.170089604397051e-05
1304,2.7535203108724636e-05,8,3.170089604397051e-05
1305,2.7535203108724636e-05,8,3.170089604397051e-05
1306,2.7535203108724636e-05,8,3.170089604397051e-05
1307,2.7535203108724636e-05,8,3.170089604397051e-05
1308,2.7535203108724636e-05,8,3.170089604397051e-05
1309,2.7535203108724636e-05,8,3.170089604397051e-05
1310,2.7535203108724636e-05,8,3.170089604397051e-05
1311,2.7535203108724636e-05,8,3.170089604397051e-05
1312,2.7535203108724636e-05,8,3.170089604397051e-05
1313,2.7535203108724636e-05,8,3.170089604397051e-05
1314,2.7535203108724636e-05,8,3.170089604397051e-05
1315,2.7535203108724636e-05,8,3.170089604397051e-05
1316,2.7535203108724636e-05,8,3.170089604397051e-05
1317,2.7535203108724636e-05,8,3.170089604397051e-05
1318,2.7535203108724636e-05,8,3.170089604397051e-05
1319,2.7535203108724636e-05,8,3.170089604397051e-05
1320,2.7535203108724636e-05,8,3.170089604397051e-05
1321,2.7535203108724636e-05,8,3.170089604397051e-05
1322,2.7535203108724636e-05,8,3.170089604397051e-05
1323,2.7535203108724636e-05,8,3.170089604397051e-05
1324,2.7535203108724636e-05,8,3.170089604397051e-05
1325,2.7535203108724636e-05,8,3.170089604397051e-05
1326,2.7535203108724636e-05,8,3.170089604397051e-05
1327,2.7535203108724636e-05,8,3.170089604397051e-05
1328,2.7535203108724636e-05,8,3.170089604397051e-05
1329,2.7535203108724636e-05,8,3.170089604397051e-05
1330,2.7535203108724636e-05,8,3.170089604397051e-05
1331,2.7535203108724636e-05,8,3.170089604397051e-05
1332,2.7535203108724636e-05,8,3.170089604397051e-05
1333,2.7535203108724636e-05,8,3.170089604397051e-05
1334,2.7535203108724636e-05,8,3.170089604397051e-05
1335,2.7535203108724636e-05,8,3.170089604397051e-05
1336,2.7535203108724636e-05,8,3.170089604397051e-05
1337,2.7535203108724636e-05,8,3.170089604397051e-05
1338,2.7535203108724636e-05,8,3.170089604397051e-05
1339,2.7535203108724636e-05,8,3.170089604397051e-05
1340,2.7535203108724636e-05,8,3.170089604397051e-05
1341,2.7535203108724636e-05,8,3.170089604397051e-05
1342,2.7535203108724636e-05,8,3.170089604397051e-05
1343,2.7535203108724636e-05,8,3.170089604397051e-05
1344,2.7535203108724636e-05,8,3.170089604397051e-05
1345,2.7535203108724636e-05,8,3.170089604397051e-05
1346,2.7535203108724636e-05,8,3.170089604397051e-05
1347,2.7535203108724636e-05,8,3.170089604397051e-05
1348,2.7535203108724636e-05,8,3.170089604397051e-05
1349,2.7535203108724636e-05,8,3.170089604397051e-05
1350,2.7535203108724636e-05,8,3.170089604397051e-05
1351,2.7535203108724636e-05,8,3.170089604397051e-05
1352,2.7535203108724636e-05,8,3.170089604397051e-05
1353,2.7535203108724636e-05,8,3.170089604397051e-05
1354,2.7535203108724636e-05,8,3.170089604397051e-05
1355,2.7535203108724636e-05,8,3.170089604397051e-05
1356,2.7535203108724636e-05,8,3.170089604397051e-05
1357,2.7535203108724636e-05,8,3.170089604397051e-05
1358,2.7535203108724636e-05,8,3.170089604397051e-05
1359,2.7535203108724636e-05,8,3.170089604397051e-05
1360,2.7535203108724636e-05,8,3.170089604397051e-05
1361,2.7535203108724636e-05,8,3.170089604397051e-05
1362,2.7535203108724636e-05,8,3.170089604397051e-05
1363,2.7535203108724636e-05,8,3.170089604397051e-05
1364,2.7535203108724636e-05,8,3.170089604397051e-05
1365,2.7535203108724636e-05,8,3.170089604397051e-05
1366,2.7535203108724636e-05,8,3.170089604397051e-05
1367,2.7535203108724636e-05,8,3.170089604397051e-05
1368,2.7535203108724636e-05,8,3.170089604397051e-05
1369,2.7535203108724636e-05,8,3.170089604397051e-05
1370,2.7535203108724636e-05,8,3.170089604397051e-05
1371,2.7535203108724636e-05,8,3.170089604397051e-05
1372,2.7535203108724636e-05,8,3.170089604397051e-05
1373,2.7535203108724636e-05,8,3.170089604397051e-05
1374,2.7535203108724636e-05,8,3.170089604397051e-05
1375,2.7535203108724636e-05,8,3.170089604397051e-05
1376,2.7535203108724636e-05,8,3.170089604397051e-05
1377,2.7535203108724636e-05,8,3.170089604397051e-05
1378,2.7535203108724636e-05,8,3.170089604397051e-05
1379,2.7535203108724636e-05,8,3.170089604397051e-05
1380,2.7535203108724636e-05,8,3.170089604397051e-05
1381,2.7535203108724636e-05,8,3.170089604397051e-05
1382,2.7535203108724636e-05,8,3.170089604397051e-05
1383,2.7535203108724636e-05,8,3.170089604397051e-05
1384,2.7535203108724636e-05,8,3.170089604397051e-05
1385,2.7535203108724636e-05,8,3.170089604397051e-05
1386,2.7535203108724636e-05,8,3.170089604397051e-05
1387,2.7535203108724636e-05,8,3.170089604397051e-05
1388,2.7535203108724636e-05,8,3.170089604397051e-05
1389,2.7535203108724636e-05,8,3.170089604397051e-05
1390,2.7535203108724636e-05,8,3.170089604397051e-05
1391,2.7535203108724636e-05,8,3.170089604397051e-05
1392,2.7535203108724636e-05,8,3.170089604397051e-05
1393,2.7535203108724636e-05,8,3.170089604397051e-05
1394,2.7535203108724636e-05,8,3.170089604397051e-05
1395,2.7535203108724636e-05,8,3.170089604397051e-05
1396,2.7535203108724636e-05,8,3.170089604397051e-05
1397,2.7535203108724636e-05,8,3.170089604397051e-05
1398,2.7535203108724636e-05,8,3.170089604397051e-05
1399,2.7535203108724636e-05,8,3.170089604397051e-05
1400,2.7535203108724636e-05,8,3.170089604397051e-05
1401,2.7535203108724636e-05,8,3.170089604397051e-05
1402,2.7535203108724636e-05,8,3.170089604397051e-05
1403,2.7535203108724636e-05,8,3.170089604397051e-05
1404,2.7535203108724636e-05,8,3.170089604397051e-05
1405,2.7535203108724636e-05,8,3.170089604397051e-05
1406,2.7535203108724636e-05,8,3.170089604397051e-05
1407,2.7535203108724636e-05,8,3.170089604397051e-05
1408,2.7535203108724636e-05,8,3.170089604397051e-05
1409,2.7535203108724636e-05,8,3.170089604397051e-05
1410,2.7535203108724636e-05,8,3.170089604397051e-05
1411,2.7535203108724636e-05,8,3.170089604397051e-05
1412,2.7535203108724636e-05,8,3.170089604397051e-05
1413,2.7535203108724636e-05,8,3.170089604397051e-05
1414,2.7535203108724636e-05,8,3.170089604397051e-05
1415,2.7535203108724636e-05,8,3.170089604397051e-05
1416,2.7535203108724636e-05,8,3.170089604397051e-05
1417,2.7535203108724636e-05,8,3.170089604397051e-05
1418,2.7535203108724636e-05,8,3.170089604397051e-05
1419,2.7535203108724636e-05,8,3.170089604397051e-05
1420,2.7535203108724636e-05,8,3.170089604397051e-05
1421,2.7535203108724636e-05,8,3.170089604397051e-05
1422,2.7535203108724636e-05,8,3.170089604397051e-05
1423,2.7535203108724636e-05,8,3.170089604397051e-05
1424,2.7535203108724636e-05,8,3.170089604397051e-05
1425,2.7535203108724636e-05,8,3.170089604397051e-05
1426,2.7535203108724636e-05,8,3.170089604397051e-05
1427,2.7535203108724636e-05,8,3.170089604397051e-05
1428,2.7535203108724636e-05,8,3.170089604397051e-05
1429,2.7535203108724636e-05,8,3.170089604397051e-05
1430,2.7535203108724636e-05,8,3.170089604397051e-05
1431,2.7535203108724636e-05,8,3.170089604397051e-05
1432,2.7535203108724636e-05,8,3.170089604397051e-05
1433,2.7535203108724636e-05,8,3.170089604397051e-05
1434,2.7535203108724636e-05,8,3.170089604397051e-05
1435,2.7535203108724636e-05,8,3.170089604397051e-05
1436,2.7535203108724636e-05,8,3.170089604397051e-05
1437,2.7535203108724636e-05,8,3.170089604397051e-05
1438,2.7535203108724636e-05,8,3.170089604397051e-05
1439,2.7535203108724636e-05,8,3.170089604397051e-05
1440,2.7535203108724636e-05,8,3.170089604397051e-05
1441,2.7535203108724636e-05,8,3.170089604397051e-05
1442,2.7535203108724636e-05,8,3.170089604397051e-05
1443,2.7535203108724636e-05,8,3.170089604397051e-05
1444,2.7535203108724636e-05,8,3.170089604397051e-05
1445,2.7535203108724636e-05,8,3.170089604397051e-05
1446,2.7535203108724636e-05,8,3.170089604397051e-05
1447,2.7535203108724636e-05,8,3.170089604397051e-05
1448,2.7535203108724636e-05,8,3.170089604397051e-05
1449,2.7535203108724636e-05,8,3.170089604397051e-05
1450,2.7535203108724636e-05,8,3.170089604397051e-05
1451,2.7535203108724636e-05,8,3.170089604397051e-05
1452,2.7535203108724636e-05,8,3.170089604397051e-05
1453,2.7535203108724636e-05,8,3.170089604397051e-05
1454,2.7535203108724636e-05,8,3.170089604397051e-05
1455,2.7535203108724636e-05,8,3.170089604397051e-05
1456,2.7535203108724636e-05,8,3.170089604397051e-05
1457,2.7535203108724636e-05,8,3.170089604397051e-05
1458,2.7535203108724636e-05,8,3.170089604397051e-05
1459,2.7535203108724636e-05,8,3.170089604397051e-05
1460,2.7535203108724636e-05,8,3.170089604397051e-05
1461,2.7535203108724636e-05,8,3.170089604397051e-05
1462,2.7535203108724636e-05,8,3.170089604397051e-05
1463,2.7535203108724636e-05,8,3.170089604397051e-05
1464,2.7535203108724636e-05,8,3.170089604397051e-05
1465,2.7535203108724636e-05,8,3.170089604397051e-05
1466,2.6718524572996583e-05,8,3.2206994478758616e-05
1467,2.6718524572996583e-05,8,3.2206994478758616e-05
1468,2.6718524572996583e-05,8,3.2206994478758616e-05
1469,2.6718524572996583e-05,8,3.2206994478758616e-05
1470,2.6718524572996583e-05,8,3.2206994478758616e-05
1471,2.6718524572996583e-05,8,3.2206994478758616e-05
1472,2.6718524572996583e-05,8,3.2206994478758616e-05
1473,2.6718524572996583e-05,8,3.2206994478758616e-05
1474,2.6718524572996583e-05,8,3.2206994478758616e-05
1475,2.6718524572996583e-05,8,3.2206994478758616e-05
1476,2.6718524572996583e-05,8,3.2206994478758616e-05
1477,2.6718524572996583e-05,8,3.2206994478758616e-05
1478,2.6718524572996583e-05,8,3.2206994478758616e-05
1479,2.6718524572996583e-05,8,3.2206994478758616e-05
1480,2.6718524572996583e-05,8,3.2206994478758616e-05
1481,2.6718524572996583e-05,8,3.2206994478758616e-05
1482,2.6718524572996583e-05,8,3.2206994478758616e-05
1483,2.6718524572996583e-05,8,3.2206994478758616e-05
1484,2.6718524572996583e-05,8,3.2206994478758616e-05
1485,2.6718524572996583e-05,8,3.2206994478758616e-05
1486,2.6718524572996583e-05,8,3.2206994478758616e-05
1487,2.6718524572996583e-05,8,3.2206994478758616e-05
1488,2.6718524572996583e-05,8,3.2206994478758616e-05
1489,2.6718524572996583e-05,8,3.2206994478758616e-05
1490,2.6718524572996583e-05,8,3.2206994478758616e-05
1491,2.6718524572996583e-05,8,3.2206994478758616e-05
1492,2.6718524572996583e-05,8,3.2206994478758616e-05
1493,2.6718524572996583e-05,8,3.2206994478758616e-05
1494,2.6718524572996583e-05,8,3.2206994478758616e-05
1495,2.6718524572996583e-05,8,3.2206994478758616e-05
1496,2.6718524572996583e-05,8,3.2206994478758616e-05
1497,2.6718524572996583e-05,8,3.2206994478758616e-05
1498,2.6718524572996583e-05,8,3.2206994478758616e-05
1499,2.6718524572996583e-05,8,3.2206994478758616e-05
1500,2.6718524572996583e-05,8,3.2206994478758616e-05
1501,2.6718524572996583e-05,8,3.2206994478758616e-05
1502,2.6718524572996583e-05,8,3.2206994478758616e-05
1503,2.6718524572996583e-05,8,3.2206994478758616e-05
1504,2.6718524572996583e-05,8,3.2206994478758616e-05
1505,2.6718524572996583e-05,8,3.2206994478758616e-05
1506,2.6718524572996583e-05,8,3.2206994478758616e-05
1507,2.6718524572996583e-05,8,3.2206994478758616e-05
1508,2.6718524572996583e-05,8,3.2206994478758616e-05
1509,2.6718524572996583e-05,8,3.2206994478758616e-05
1510,2.6718524572996583e-05,8,3.2206994478758616e-05
1511,2.6718524572996583e-05,8,3.2206994478758616e-05
1512,2.6718524572996583e-05,8,3.2206994478758616e-05
1513,2.6718524572996583e-05,8,3.2206994478758616e-05
1514,2.6718524572996583e-05,8,3.2206994478758616e-05
1515,2.6718524572996583e-05,8,3.2206994478758616e-05
1516,2.6718524572996583e-05,8,3.2206994478758616e-05
1517,2.6718524572996583e-05,8,3.2206994478758616e-05
1518,2.6718524572996583e-05,8,3.2206994478758616e-05
1519,2.6718524572996583e-05,8,3.2206994478758616e-05
1520,2.6718524572996583e-05,8,3.2206994478758616e-05
1521,2.6718524572996583e-05,8,3.2206994478758616e-05
1522,2.6718524572996583e-05,8,3.2206994478758616e-05
1523,2.6718524572996583e-05,8,3.2206994478758616e-05
1524,2.6718524572996583e-05,8,3.2206994478758616e-05
1525,2.6718524572996583e-05,8,3.2206994478758616e-05
1526,2.6718524572996583e-05,8,3.2206994478758616e-05
1527,2.6718524572996583e-05,8,3.2206994478758616e-05
1528,2.6718524572996583e-05,8,3.2206994478758616e-05
1529,2.6718524572996583e-05,8,3.2206994478758616e-05
1530,2.6718524572996583e-05,8,3.2206994478758616e-05
1531,2.6718524572996583e-05,8,3.2206994478758616e-05
1532,2.6718524572996583e-05,8,3.2206994478758616e-05
1533,2.6718524572996583e-05,8,3.2206994478758616e-05
1534,2.6718524572996583e-05,8,3.2206994478758616e-05
1535,2.6718524572996583e-05,8,3.2206994478758616e-05
1536,2.6718524572996583e-05,8,3.2206994478758616e-05
1537,2.6718524572996583e-05,8,3.2206994478758616e-05
1538,2.6718524572996583e-05,8,3.2206994478758616e-05
1539,2.6718524572996583e-05,8,3.2206994478758616e-05
1540,2.6718524572996583e-05,8,3.2206994478758616e-05
1541,2.6718524572996583e-05,8,3.2206994478758616e-05
1542,2.6718524572996583e-05,8,3.2206994478758616e-05
1543,2.6718524572996583e-05,8,3.2206994478758616e-05
1544,2.6718524572996583e-05,8,3.2206994478758616e-05
1545,2.6718524572996583e-05,8,3.2206994478758616e-05
1546,2.6718524572996583e-05,8,3.2206994478758616e-05
1547,2.6718524572996583e-05,8,3.2206994478758616e-05
1548,2.6718524572996583e-05,8,3.2206994478758616e-05
1549,2.6718524572996583e-05,8,3.2206994478758616e-05
1550,2.6718524572996583e-05,8,3.2206994478758616e-05
1551,2.6718524572996583e-05,8,3.2206994478758616e-05
1552,2.6718524572996583e-05,8,3.2206994478758616e-05
1553,2.6718524572996583e-05,8,3.2206994478758616e-05
1554,2.6718524572996583e-05,8,3.2206994478758616e-05
1555,2.6718524572996583e-05,8,3.2206994478758616e-05
1556,2.6718524572996583e-05,8,3.2206994478758616e-05
1557,2.6718524572996583e-05,8,3.2206994478758616e-05
1558,2.6718524572996583e-05,8,3.2206994478758616e-05
1559,2.6718524572996583e-05,8,3.2206994478758616e-05
1560,2.6718524572996583e-05,8,3.2206994478758616e-05
1561,2.6718524572996583e-05,8,3.2206994478758616e-05
1562,2.6718524572996583e-05,8,3.2206994478758616e-05
1563,2.6718524572996583e-05,8,3.2206994478758616e-05
1564,2.6718524572996583e-05,8,3.2206994478758616e-05
1565,2.6718524572996583e-05,8,3.2206994478758616e-05
1566,2.6718524572996583e-05,8,3.2206994478758616e-05
1567,2.6718524572996583e-05,8,3.2206994478758616e-05
1568,2.6718524572996583e-05,8,3.2206994478758616e-05
1569,2.656223616098193e-05,7,3.4784253127171e-05
1570,2.656223616098193e-05,7,3.4784253127171e-05
1571,2.656223616098193e-05,7,3.4784253127171e-05
1572,2.656223616098193e-05,7,3.4784253127171e-05
1573,2.656223616098193e-05,7,3.4784253127171e-05
1574,2.656223616098193e-05,7,3.4784253127171e-05
1575,2.656223616098193e-05,7,3.4784253127171e-05
1576,2.656223616098193e-05,7,3.4784253127171e-05
1577,2.656223616098193e-05,7,3.4784253127171e-05
1578,2.656223616098193e-05,7,3.4784253127171e-05
1579,2.656223616098193e-05,7,3.4784253127171e-05
1580,2.656223616098193e-05,7,3.4784253127171e-05
1581,2.656223616098193e-05,7,3.4784253127171e-05
1582,2.656223616098193e-05,7,3.4784253127171e-05
1583,2.656223616098193e-05,7,3.4784253127171e-05
1584,2.656223616098193e-05,7,3.4784253127171e-05
1585,2.656223616098193e-05,7,3.4784253127171e-05
1586,2.656223616098193e-05,7,3.4784253127171e-05
1587,2.656223616098193e-05,7,3.4784253127171e-05
1588,2.656223616098193e-05,7,3.4784253127171e-05
1589,2.656223616098193e-05,7,3.4784253127171e-05
1590,2.656223616098193e-05,7,3.4784253127171e-05
1591,2.656223616098193e-05,7,3.4784253127171e-05
1592,2.656223616098193e-05,7,3.4784253127171e-05
1593,2.656223616098193e-05,7,3.4784253127171e-05
1594,2.656223616098193e-05,7,3.4784253127171e-05
1595,2.656223616098193e-05,7,3.4784253127171e-05
1596,2.656223616098193e-05,7,3.4784253127171e-05
1597,2.656223616098193e-05,7,3.4784253127171e-05
1598,2.656223616098193e-05,7,3.4784253127171e-05
1599,2.656223616098193e-05,7,3.4784253127171e-05
1600,2.656223616098193e-05,7,3.4784253127171e-05
1601,2.656223616098193e-05,7,3.4784253127171e-05
1602,2.656223616098193e-05,7,3.4784253127171e-05
1603,2.656223616098193e-05,7,3.4784253127171e-05
1604,2.656223616098193e-05,7,3.4784253127171e-05
1605,2.656223616098193e-05,7,3.4784253127171e-05
1606,2.656223616098193e-05,7,3.4784253127171e-05
1607,2.656223616098193e-05,7,3.4784253127171e-05
1608,2.656223616098193e-05,7,3.4784253127171e-05
1609,2.656223616098193e-05,7,3.4784253127171e-05
1610,2.656223616098193e-05,7,3.4784253127171e-05
1611,2.656223616098193e-05,7,3.4784253127171e-05
1612,2.656223616098193e-05,7,3.4784253127171e-05
1613,2.656223616098193e-05,7,3.4784253127171e-05
1614,2.656223616098193e-05,7,3.4784253127171e-05
1615,2.656223616098193e-05,7,3.4784253127171e-05
1616,2.656223616098193e-05,7,3.4784253127171e-05
1617,2.656223616098193e-05,7,3.4784253127171e-05
1618,2.656223616098193e-05,7,3.4784253127171e-05
1619,2.656223616098193e-05,7,3.4784253127171e-05
1620,2.656223616098193e-05,7,3.4784253127171e-05
1621,2.656223616098193e-05,7,3.4784253127171e-05
1622,2.656223616098193e-05,7,3.4784253127171e-05
1623,2.656223616098193e-05,7,3.4784253127171e-05
1624,2.656223616098193e-05,7,3.4784253127171e-05
1625,2.656223616098193e-05,7,3.4784253127171e-05
1626,2.656223616098193e-05,7,3.4784253127171e-05
1627,2.656223616098193e-05,7,3.4784253127171e-05
1628,2.656223616098193e-05,7,3.4784253127171e-05
1629,2.656223616098193e-05,7,3.4784253127171e-05
1630,2.656223616098193e-05,7,3.4784253127171e-05
1631,2.656223616098193e-05,7,3.4784253127171e-05
1632,2.656223616098193e-05,7,3.4784253127171e-05
1633,2.656223616098193e-05,7,3.4784253127171e-05
1634,2.656223616098193e-05,7,3.4784253127171e-05
1635,2.656223616098193e-05,7,3.4784253127171e-05
1636,2.656223616098193e-05,7,3.4784253127171e-05
1637,2.656223616098193e-05,7,3.4784253127171e-05
1638,2.656223616098193e-05,7,3.4784253127171e-05
1639,2.656223616098193e-05,7,3.4784253127171e-05
1640,2.656223616098193e-05,7,3.4784253127171e-05
1641,2.656223616098193e-05,7,3.4784253127171e-05
1642,2.656223616098193e-05,7,3.4784253127171e-05
1643,2.656223616098193e-05,7,3.4784253127171e-05
1644,2.656223616098193e-05,7,3.4784253127171e-05
1645,2.656223616098193e-05,7,3.4784253127171e-05
1646,2.656223616098193e-05,7,3.4784253127171e-05
1647,2.656223616098193e-05,7,3.4784253127171e-05
1648,2.656223616098193e-05,7,3.4784253127171e-05
1649,2.656223616098193e-05,7,3.4784253127171e-05
1650,2.656223616098193e-05,7,3.4784253127171e-05
1651,2.656223616098193e-05,7,3.4784253127171e-05
1652,1.3753839464613352e-05,6,8.594818259459894e-06
1653,1.3753839464613352e-05,6,8.594818259459894e-06
1654,1.3753839464613352e-05,6,8.594818259459894e-06
1655,1.3753839464613352e-05,6,8.594818259459894e-06
1656,1.3753839464613352e-05,6,8.594818259459894e-06
1657,1.3753839464613352e-05,6,8.594818259459894e-06
1658,1.3753839464613352e-05,6,8.594818259459894e-06
1659,1.3753839464613352e-05,6,8.594818259459894e-06
1660,1.3753839464613352e-05,6,8.594818259459894e-06
1661,1.3753839464613352e-05,6,8.594818259459894e-06
1662,1.3753839464613352e-05,6,8.594818259459894e-06
1663,1.3753839464613352e-05,6,8.594818259459894e-06
1664,1.3753839464613352e-05,6,8.594818259459894e-06
1665,1.3753839464613352e-05,6,8.594818259459894e-06
1666,1.3753839464613352e-05,6,8.594818259459894e-06
1667,1.3753839464613352e-05,6,8.594818259459894e-06
1668,1.3753839464613352e-05,6,8.594818259459894e-06
1669,1.3753839464613352e-05,6,8.594818259459894e-06
1670,1.3753839464613352e-05,6,8.594818259459894e-06
1671,1.3753839464613352e-05,6,8.594818259459894e-06
1672,1.3753839464613352e-05,6,8.594818259459894e-06
1673,1.3753839464613352e-05,6,8.594818259459894e-06
1674,1.3753839464613352e-05,6,8.594818259459894e-06
1675,1.3753839464613352e-05,6,8.594818259459894e-06
1676,1.3753839464613352e-05,6,8.594818259459894e-06
1677,1.3753839464613352e-05,6,8.594818259459894e-06
1678,1.3753839464613352e-05,6,8.594818259459894e-06
1679,1.3753839464613352e-05,6,8.594818259459894e-06
1680,1.3753839464613352e-05,6,8.594818259459894e-06
1681,1.3753839464613352e-05,6,8.594818259459894e-06
1682,1.3753839464613352e-05,6,8.594818259459894e-06
1683,1.3753839464613352e-05,6,8.594818259459894e-06
1684,1.3753839464613352e-05,6,8.594818259459894e-06
1685,1.3753839464613352e-05,6,8.594818259459894e-06
1686,1.3753839464613352e-05,6,8.594818259459894e-06
1687,1.3753839464613352e-05,6,8.594818259459894e-06
1688,1.3753839464613352e-05,6,8.594818259459894e-06
1689,1.3753839464613352e-05,6,8.594818259459894e-06
1690,1.3753839464613352e-05,6,8.594818259459894e-06
1691,1.3753839464613352e-05,6,8.594818259459894e-06
1692,1.3753839464613352e-05,6,8.594818259459894e-06
1693,1.3753839464613352e-05,6,8.594818259459894e-06
1694,1.3753839464613352e-05,6,8.594818259459894e-06
1695,1.3753839464613352e-05,6,8.594818259459894e-06
1696,1.3753839464613352e-05,6,8.594818259459894e-06
1697,1.3753839464613352e-05,6,8.594818259459894e-06
1698,1.3753839464613352e-05,6,8.594818259459894e-06
1699,1.3753839464613352e-05,6,8.594818259459894e-06
1700,1.3753839464613352e-05,6,8.594818259459894e-06
1701,1.3753839464613352e-05,6,8.594818259459894e-06
1702,1.3753839464613352e-05,6,8.594818259459894e-06
1703,1.3753839464613352e-05,6,8.594818259459894e-06
1704,1.3753839464613352e-05,6,8.594818259459894e-06
1705,1.3753839464613352e-05,6,8.594818259459894e-06
1706,1.3753839464613352e-05,6,8.594818259459894e-06
1707,1.3753839464613352e-05,6,8.594818259459894e-06
1708,1.3753839464613352e-05,6,8.594818259459894e-06
1709,1.3753839464613352e-05,6,8.594818259459894e-06
1710,1.3753839464613352e-05,6,8.594818259459894e-06
1711,1.3753839464613352e-05,6,8.594818259459894e-06
1712,1.3753839464613352e-05,6,8.594818259459894e-06
1713,1.3753839464613352e-05,6,8.594818259459894e-06
1714,1.3753839464613352e-05,6,8.594818259459894e-06
1715,1.3753839464613352e-05,6,8.594818259459894e-06
1716,1.3753839464613352e-05,6,8.594818259459894e-06
1717,1.3753839464613352e-05,6,8.594818259459894e-06
1718,1.3753839464613352e-05,6,8.594818259459894e-06
1719,1.3753839464613352e-05,6,8.594818259459894e-06
1720,1.3753839464613352e-05,6,8.594818259459894e-06
1721,1.3753839464613352e-05,6,8.594818259459894e-06
1722,1.3753839464613352e-05,6,8.594818259459894e-06
1723,1.3753839464613352e-05,6,8.594818259459894e-06
1724,1.3753839464613352e-05,6,8.594818259459894e-06
1725,1.2938871435809124e-05,6,9.25360544415405e-06
1726,1.2938871435809124e-05,6,9.25360544415405e-06
1727,1.2938871435809124e-05,6,9.25360544415405e-06
1728,1.2938871435809124e-05,6,9.25360544415405e-06
1729,1.2938871435809124e-05,6,9.25360544415405e-06
1730,1.2938871435809124e-05,6,9.25360544415405e-06
1731,1.2938871435809124e-05,6,9.25360544415405e-06
1732,1.2938871435809124e-05,6,9.25360544415405e-06
1733,1.2938871435809124e-05,6,9.25360544415405e-06
1734,1.2938871435809124e-05,6,9.25360544415405e-06
1735,1.2938871435809124e-05,6,9.25360544415405e-06
1736,1.2938871435809124e-05,6,9.25360544415405e-06
1737,1.2938871435809124e-05,6,9.25360544415405e-06
1738,1.2938871435809124e-05,6,9.25360544415405e-06
1739,1.2938871435809124e-05,6,9.25360544415405e-06
1740,1.2938871435809124e-05,6,9.25360544415405e-06
1741,1.2938871435809124e-05,6,9.25360544415405e-06
1742,1.2938871435809124e-05,6,9.25360544415405e-06
1743,1.2938871435809124e-05,6,9.25360544415405e-06
1744,1.2938871435809124e-05,6,9.25360544415405e-06
1745,1.2938871435809124e-05,6,9.25360544415405e-06
1746,1.2938871435809124e-05,6,9.25360544415405e-06
1747,1.2938871435809124e-05,6,9.25360544415405e-06
1748,1.2938871435809124e-05,6,9.25360544415405e-06
1749,1.2938871435809124e-05,6,9.25360544415405e-06
1750,1.2938871435809124e-05,6,9.25360544415405e-06
1751,1.2938871435809124e-05,6,9.25360544415405e-06
1752,1.2938871435809124e-05,6,9.25360544415405e-06
1753,1.2938871435809124e-05,6,9.25360544415405e-06
1754,1.2938871435809124e-05,6,9.25360544415405e-06
1755,1.2938871435809124e-05,6,9.25360544415405e-06
1756,1.2938871435809124e-05,6,9.25360544415405e-06
1757,1.2938871435809124e-05,6,9.25360544415405e-06
1758,1.2938871435809124e-05,6,9.25360544415405e-06
1759,1.2938871435809124e-05,6,9.25360544415405e-06
1760,1.2938871435809124e-05,6,9.25360544415405e-06
1761,1.2938871435809124e-05,6,9.25360544415405e-06
1762,1.2938871435809124e-05,6,9.25360544415405e-06
1763,1.2938871435809124e-05,6,9.25360544415405e-06
1764,1.2938871435809124e-05,6,9.25360544415405e-06
1765,1.2938871435809124e-05,6,9.25360544415405e-06
1766,1.2938871435809124e-05,6,9.25360544415405e-06
1767,1.2938871435809124e-05,6,9.25360544415405e-06
1768,1.2938871435809124e-05,6,9.25360544415405e-06
1769,1.2938871435809124e-05,6,9.25360544415405e-06
1770,1.2938871435809124e-05,6,9.25360544415405e-06
1771,1.2938871435809124e-05,6,9.25360544415405e-06
1772,1.2938871435809124e-05,6,9.25360544415405e-06
1773,1.2938871435809124e-05,6,9.25360544415405e-06
1774,1.2938871435809124e-05,6,9.25360544415405e-06
1775,1.2938871435809124e-05,6,9.25360544415405e-06
1776,1.2938871435809124e-05,6,9.25360544415405e-06
1777,1.2938871435809124e-05,6,9.25360544415405e-06
1778,1.2938871435809124e-05,6,9.25360544415405e-06
1779,1.2938871435809124e-05,6,9.25360544415405e-06
1780,1.2938871435809124e-05,6,9.25360544415405e-06
1781,1.2938871435809124e-05,6,9.25360544415405e-06
1782,1.2938871435809124e-05,6,9.25360544415405e-06
1783,1.2938871435809124e-05,6,9.25360544415405e-06
1784,1.2938871435809124e-05,6,9.25360544415405e-06
1785,1.2938871435809124e-05,6,9.25360544415405e-06
1786,1.2938871435809124e-05,6,9.25360544415405e-06
1787,1.2938871435809124e-05,6,9.25360544415405e-06
1788,1.2938871435809124e-05,6,9.25360544415405e-06
1789,1.2938871435809124e-05,6,9.25360544415405e-06
1790,1.2938871435809124e-05,6,9.25360544415405e-06
1791,1.2938871435809124e-05,6,9.25360544415405e-06
1792,1.2938871435809124e-05,6,9.25360544415405e-06
1793,1.2938871435809124e-05,6,9.25360544415405e-06
1794,1.2938871435809124e-05,6,9.25360544415405e-06
1795,1.2938871435809124e-05,6,9.25360544415405e-06
1796,1.2938871435809124e-05,6,9.25360544415405e-06
1797,1.2938871435809124e-05,6,9.25360544415405e-06
1798,1.2938871435809124e-05,6,9.25360544415405e-06
1799,1.2938871435809124e-05,6,9.25360544415405e-06
1800,1.2938871435809124e-05,6,9.25360544415405e-06
1801,1.2938871435809124e-05,6,9.25360544415405e-06
1802,1.2938871435809124e-05,6,9.25360544415405e-06
1803,1.2938871435809124e-05,6,9.25360544415405e-06
1804,1.2938871435809124e-05,6,9.25360544415405e-06
1805,1.2938871435809124e-05,6,9.25360544415405e-06
1806,1.2938871435809124e-05,6,9.25360544415405e-06
1807,1.2938871435809124e-05,6,9.25360544415405e-06
1808,1.2938871435809124e-05,6,9.25360544415405e-06
1809,1.2938871435809124e-05,6,9.25360544415405e-06
1810,1.2938871435809124e-05,6,9.25360544415405e-06
1811,1.2938871435809124e-05,6,9.25360544415405e-06
1812,1.2938871435809124e-05,6,9.25360544415405e-06
1813,1.2938871435809124e-05,6,9.25360544415405e-06
1814,1.2938871435809124e-05,6,9.25360544415405e-06
1815,1.2938871435809124e-05,6,9.25360544415405e-06
1816,1.2938871435809124e-05,6,9.25360544415405e-06
1817,1.2938871435809124e-05,6,9.25360544415405e-06
1818,1.2938871435809124e-05,6,9.25360544415405e-06
1819,1.2938871435809124e-05,6,9.25360544415405e-06
1820,1.2938871435809124e-05,6,9.25360544415405e-06
1821,1.2938871435809124e-05,6,9.25360544415405e-06
1822,1.2938871435809124e-05,6,9.25360544415405e-06
1823,1.2938871435809124e-05,6,9.25360544415405e-06
1824,1.2938871435809124e-05,6,9.25360544415405e-06
1825,1.2938871435809124e-05,6,9.25360544415405e-06
1826,1.2938871435809124e-05,6,9.25360544415405e-06
1827,1.2938871435809124e-05,6,9.25360544415405e-06
1828,1.2938871435809124e-05,6,9.25360544415405e-06
1829,1.2938871435809124e-05,6,9.25360544415405e-06
1830,1.2938871435809124e-05,6,9.25360544415405e-06
1831,1.2938871435809124e-05,6,9.25360544415405e-06
1832,1.2938871435809124e-05,6,9.25360544415405e-06
1833,1.2938871435809124e-05,6,9.25360544415405e-06
1834,1.2938871435809124e-05,6,9.25360544415405e-06
1835,1.2938871435809124e-05,6,9.25360544415405e-06
1836,1.2938871435809124e-05,6,9.25360544415405e-06
1837,1.2938871435809124e-05,6,9.25360544415405e-06
1838,1.2938871435809124e-05,6,9.25360544415405e-06
1839,1.2938871435809124e-05,6,9.25360544415405e-06
1840,1.2938871435809124e-05,6,9.25360544415405e-06
1841,1.2938871435809124e-05,6,9.25360544415405e-06
1842,1.2938871435809124e-05,6,9.25360544415405e-06
1843,1.2938871435809124e-05,6,9.25360544415405e-06
1844,1.2938871435809124e-05,6,9.25360544415405e-06
1845,1.2938871435809124e-05,6,9.25360544415405e-06
1846,1.2938871435809124e-05,6,9.25360544415405e-06
1847,1.2938871435809124e-05,6,9.25360544415405e-06
1848,1.2938871435809124e-05,6,9.25360544415405e-06
1849,1.2938871435809124e-05,6,9.25360544415405e-06
1850,1.2938871435809124e-05,6,9.25360544415405e-06
1851,1.2938871435809124e-05,6,9.25360544415405e-06
1852,1.2938871435809124e-05,6,9.25360544415405e-06
1853,1.2938871435809124e-05,6,9.25360544415405e-06
1854,1.2938871435809124e-05,6,9.25360544415405e-06
1855,1.2938871435809124e-05,6,9.25360544415405e-06
1856,1.2938871435809124e-05,6,9.25360544415405e-06
1857,1.2938871435809124e-05,6,9.25360544415405e-06
1858,1.2938871435809124e-05,6,9.25360544415405e-06
1859,1.2938871435809124e-05,6,9.25360544415405e-06
1860,1.2938871435809124e-05,6,9.25360544415405e-06
1861,1.2938871435809124e-05,6,9.25360544415405e-06
1862,1.2938871435809124e-05,6,9.25360544415405e-06
1863,1.2938871435809124e-05,6,9.25360544415405e-06
1864,1.2938871435809124e-05,6,9.25360544415405e-06
1865,1.2938871435809124e-05,6,9.25360544415405e-06
1866,1.2938871435809124e-05,6,9.25360544415405e-06
1867,1.2938871435809124e-05,6,9.25360544415405e-06
1868,1.2938871435809124e-05,6,9.25360544415405e-06
1869,1.2938871435809124e-05,6,9.25360544415405e-06
1870,1.2938871435809124e-05,6,9.25360544415405e-06
1871,1.2938871435809124e-05,6,9.25360544415405e-06
1872,1.2938871435809124e-05,6,9.25360544415405e-06
1873,1.2938871435809124e-05,6,9.25360544415405e-06
1874,1.2938871435809124e-05,6,9.25360544415405e-06
1875,1.2938871435809124e-05,6,9.25360544415405e-06
1876,1.2938871435809124e-05,6,9.25360544415405e-06
1877,1.2938871435809124e-05,6,9.25360544415405e-06
1878,1.2938871435809124e-05,6,9.25360544415405e-06
1879,1.2938871435809124e-05,6,9.25360544415405e-06
1880,1.2938871435809124e-05,6,9.25360544415405e-06
1881,1.2938871435809124e-05,6,9.25360544415405e-06
1882,1.2938871435809124e-05,6,9.25360544415405e-06
1883,1.2938871435809124e-05,6,9.25360544415405e-06
1884,1.2938871435809124e-05,6,9.25360544415405e-06
1885,1.2938871435809124e-05,6,9.25360544415405e-06
1886,1.2938871435809124e-05,6,9.25360544415405e-06
1887,1.2938871435809124e-05,6,9.25360544415405e-06
1888,1.2938871435809124e-05,6,9.25360544415405e-06
1889,1.2938871435809124e-05,6,9.25360544415405e-06
1890,1.2938871435809124e-05,6,9.25360544415405e-06
1891,1.2938871435809124e-05,6,9.25360544415405e-06
1892,1.2938871435809124e-05,6,9.25360544415405e-06
1893,1.2938871435809124e-05,6,9.25360544415405e-06
1894,1.2938871435809124e-05,6,9.25360544415405e-06
1895,1.2938871435809124e-05,6,9.25360544415405e-06
1896,1.2938871435809124e-05,6,9.25360544415405e-06
1897,1.2938871435809124e-05,6,9.25360544415405e-06
1898,1.2938871435809124e-05,6,9.25360544415405e-06
1899,1.2938871435809124e-05,6,9.25360544415405e-06
1900,1.2938871435809124e-05,6,9.25360544415405e-06
1901,1.2938871435809124e-05,6,9.25360544415405e-06
1902,1.2938871435809124e-05,6,9.25360544415405e-06
1903,1.2938871435809124e-05,6,9.25360544415405e-06
1904,1.2938871435809124e-05,6,9.25360544415405e-06
1905,1.2938871435809124e-05,6,9.25360544415405e-06
1906,1.2938871435809124e-05,6,9.25360544415405e-06
1907,1.2938871435809124e-05,6,9.25360544415405e-06
1908,1.2938871435809124e-05,6,9.25360544415405e-06
1909,1.2938871435809124e-05,6,9.25360544415405e-06
1910,1.2938871435809124e-05,6,9.25360544415405e-06
1911,1.2938871435809124e-05,6,9.25360544415405e-06
1912,1.2938871435809124e-05,6,9.25360544415405e-06
1913,1.2938871435809124e-05,6,9.25360544415405e-06
1914,1.2938871435809124e-05,6,9.25360544415405e-06
1915,1.2938871435809124e-05,6,9.25360544415405e-06
1916,1.2938871435809124e-05,6,9.25360544415405e-06
1917,1.2938871435809124e-05,6,9.25360544415405e-06
1918,1.2938871435809124e-05,6,9.25360544415405e-06
1919,1.2938871435809124e-05,6,9.25360544415405e-06
1920,1.2938871435809124e-05,6,9.25360544415405e-06
1921,1.2938871435809124e-05,6,9.25360544415405e-06
1922,1.2938871435809124e-05,6,9.25360544415405e-06
1923,1.2938871435809124e-05,6,9.25360544415405e-06
1924,1.2938871435809124e-05,6,9.25360544415405e-06
1925,1.2938871435809124e-05,6,9.25360544415405e-06
1926,1.2938871435809124e-05,6,9.25360544415405e-06
1927,1.2938871435809124e-05,6,9.25360544415405e-06
1928,1.2938871435809124e-05,6,9.25360544415405e-06
1929,1.2938871435809124e-05,6,9.25360544415405e-06
1930,1.2938871435809124e-05,6,9.25360544415405e-06
1931,1.2938871435809124e-05,6,9.25360544415405e-06
1932,1.2938871435809124e-05,6,9.25360544415405e-06
1933,1.2938871435809124e-05,6,9.25360544415405e-06
1934,1.2938871435809124e-05,6,9.25360544415405e-06
1935,1.2938871435809124e-05,6,9.25360544415405e-06
1936,1.2938871435809124e-05,6,9.25360544415405e-06
1937,1.2938871435809124e-05,6,9.25360544415405e-06
1938,1.2938871435809124e-05,6,9.25360544415405e-06
1939,1.2938871435809124e-05,6,9.25360544415405e-06
1940,1.2938871435809124e-05,6,9.25360544415405e-06
1941,1.2938871435809124e-05,6,9.25360544415405e-06
1942,1.2938871435809124e-05,6,9.25360544415405e-06
1943,1.2938871435809124e-05,6,9.25360544415405e-06
1944,1.2938871435809124e-05,6,9.25360544415405e-06
1945,1.2938871435809124e-05,6,9.25360544415405e-06
1946,1.2938871435809124e-05,6,9.25360544415405e-06
1947,1.2938871435809124e-05,6,9.25360544415405e-06
1948,1.2938871435809124e-05,6,9.25360544415405e-06
1949,1.2938871435809124e-05,6,9.25360544415405e-06
1950,1.2938871435809124e-05,6,9.25360544415405e-06
1951,1.2938871435809124e-05,6,9.25360544415405e-06
1952,1.3537051301793704e-05,5,1.0215325423332182e-05
1953,1.3537051301793704e-05,5,1.0215325423332182e-05
1954,1.3537051301793704e-05,5,1.0215325423332182e-05
1955,1.3537051301793704e-05,5,1.0215325423332182e-05
1956,1.3537051301793704e-05,5,1.0215325423332182e-05
1957,1.3537051301793704e-05,5,1.0215325423332182e-05
1958,1.3537051301793704e-05,5,1.0215325423332182e-05
1959,1.3537051301793704e-05,5,1.0215325423332182e-05
1960,1.3537051301793704e-05,5,1.0215325423332182e-05
1961,1.3537051301793704e-05,5,1.0215325423332182e-05
1962,1.3537051301793704e-05,5,1.0215325423332182e-05
1963,1.3537051301793704e-05,5,1.0215325423332182e-05
1964,1.3537051301793704e-05,5,1.0215325423332182e-05
1965,1.3537051301793704e-05,5,1.0215325423332182e-05
1966,1.3537051301793704e-05,5,1.0215325423332182e-05
1967,1.3537051301793704e-05,5,1.0215325423332182e-05
1968,1.3537051301793704e-05,5,1.0215325423332182e-05
1969,1.3537051301793704e-05,5,1.0215325423332182e-05
1970,1.3537051301793704e-05,5,1.0215325423332182e-05
1971,1.3537051301793704e-05,5,1.0215325423332182e-05
1972,1.3537051301793704e-05,5,1.0215325423332182e-05
1973,1.3537051301793704e-05,5,1.0215325423332182e-05
1974,1.3537051301793704e-05,5,1.0215325423332182e-05
1975,1.3537051301793704e-05,5,1.0215325423332182e-05
1976,1.3537051301793704e-05,5,1.0215325423332182e-05
1977,1.3537051301793704e-05,5,1.0215325423332182e-05
1978,1.3537051301793704e-05,5,1.0215325423332182e-05
1979,1.3537051301793704e-05,5,1.0215325423332182e-05
1980,1.3537051301793704e-05,5,1.0215325423332182e-05
1981,1.3537051301793704e-05,5,1.0215325423332182e-05
1982,1.3537051301793704e-05,5,1.0215325423332182e-05
1983,1.3537051301793704e-05,5,1.0215325423332182e-05
1984,1.3537051301793704e-05,5,1.0215325423332182e-05
1985,1.3537051301793704e-05,5,1.0215325423332182e-05
1986,1.3537051301793704e-05,5,1.0215325423332182e-05
1987,1.3537051301793704e-05,5,1.0215325423332182e-05
1988,1.3537051301793704e-05,5,1.0215325423332182e-05
1989,1.3537051301793704e-05,5,1.0215325423332182e-05
1990,1.3537051301793704e-05,5,1.0215325423332182e-05
1991,1.3537051301793704e-05,5,1.0215325423332182e-05
1992,1.3537051301793704e-05,5,1.0215325423332182e-05
1993,1.3537051301793704e-05,5,1.0215325423332182e-05
1994,1.3537051301793704e-05,5,1.0215325423332182e-05
1995,1.3537051301793704e-05,5,1.0215325423332182e-05
1996,1.3537051301793704e-05,5,1.0215325423332182e-05
1997,1.3537051301793704e-05,5,1.0215325423332182e-05
1998,1.3537051301793704e-05,5,1.0215325423332182e-05
1999,1.3537051301793704e-05,5,1.0215325423332182e-05
2000,1.3537051301793704e-05,5,1.0215325423332182e-05
2001,1.3537051301793704e-05,5,1.0215325423332182e-05
2002,1.3537051301793704e-05,5,1.0215325423332182e-05
2003,1.3537051301793704e-05,5,1.0215325423332182e-05
2004,1.3537051301793704e-05,5,1.0215325423332182e-05
2005,1.3537051301793704e-05,5,1.0215325423332182e-05
2006,1.3537051301793704e-05,5,1.0215325423332182e-05
2007,1.3537051301793704e-05,5,1.0215325423332182e-05
2008,1.3537051301793704e-05,5,1.0215325423332182e-05
2009,1.3537051301793704e-05,5,1.0215325423332182e-05
2010,1.3537051301793704e-05,5,1.0215325423332182e-05
2011,1.3537051301793704e-05,5,1.0215325423332182e-05
2012,1.3537051301793704e-05,5,1.0215325423332182e-05
2013,1.3537051301793704e-05,5,1.0215325423332182e-05
2014,1.3537051301793704e-05,5,1.0215325423332182e-05
2015,1.3537051301793704e-05,5,1.0215325423332182e-05
2016,1.3537051301793704e-05,5,1.0215325423332182e-05
2017,1.3537051301793704e-05,5,1.0215325423332182e-05
2018,1.3537051301793704e-05,5,1.0215325423332182e-05
2019,1.3537051301793704e-05,5,1.0215325423332182e-05
2020,1.3537051301793704e-05,5,1.0215325423332182e-05
2021,1.3537051301793704e-05,5,1.0215325423332182e-05
2022,1.3537051301793704e-05,5,1.0215325423332182e-05
2023,1.3537051301793704e-05,5,1.0215325423332182e-05
2024,1.3537051301793704e-05,5,1.0215325423332182e-05
2025,1.3537051301793704e-05,5,1.0215325423332182e-05
2026,1.3537051301793704e-05,5,1.0215325423332182e-05
2027,1.3537051301793704e-05,5,1.0215325423332182e-05
2028,1.3537051301793704e-05,5,1.0215325423332182e-05
2029,1.3537051301793704e-05,5,1.0215325423332182e-05
2030,1.3537051301793704e-05,5,1.0215325423332182e-05
2031,1.3537051301793704e-05,5,1.0215325423332182e-05
2032,1.3537051301793704e-05,5,1.0215325423332182e-05
2033,1.3537051301793704e-05,5,1.0215325423332182e-05
2034,1.3537051301793704e-05,5,1.0215325423332182e-05
2035,1.3537051301793704e-05,5,1.0215325423332182e-05
2036,1.3537051301793704e-05,5,1.0215325423332182e-05
2037,1.3537051301793704e-05,5,1.0215325423332182e-05
2038,1.3537051301793704e-05,5,1.0215325423332182e-05
2039,1.3537051301793704e-05,5,1.0215325423332182e-05
2040,1.3537051301793704e-05,5,1.0215325423332182e-05
2041,1.3537051301793704e-05,5,1.0215325423332182e-05
2042,1.3537051301793704e-05,5,1.0215325423332182e-05
2043,1.3537051301793704e-05,5,1.0215325423332182e-05
2044,1.3537051301793704e-05,5,1.0215325423332182e-05
2045,1.3537051301793704e-05,5,1.0215325423332182e-05
2046,1.3537051301793704e-05,5,1.0215325423332182e-05
2047,1.3537051301793704e-05,5,1.0215325423332182e-05
2048,1.3537051301793704e-05,5,1.0215325423332182e-05
2049,1.3537051301793704e-05,5,1.0215325423332182e-05
2050,1.3537051301793704e-05,5,1.0215325423332182e-05
2051,1.3537051301793704e-05,5,1.0215325423332182e-05
2052,1.3537051301793704e-05,5,1.0215325423332182e-05
2053,1.3537051301793704e-05,5,1.0215325423332182e-05
2054,1.3537051301793704e-05,5,1.0215325423332182e-05
2055,1.3537051301793704e-05,5,1.0215325423332182e-05
2056,1.3537051301793704e-05,5,1.0215325423332182e-05
2057,1.3537051301793704e-05,5,1.0215325423332182e-05
2058,1.3537051301793704e-05,5,1.0215325423332182e-05
2059,1.3537051301793704e-05,5,1.0215325423332182e-05
2060,1.3537051301793704e-05,5,1.0215325423332182e-05
2061,1.3537051301793704e-05,5,1.0215325423332182e-05
2062,1.3537051301793704e-05,5,1.0215325423332182e-05
2063,1.3537051301793704e-05,5,1.0215325423332182e-05
2064,1.3537051301793704e-05,5,1.0215325423332182e-05
2065,1.3537051301793704e-05,5,1.0215325423332182e-05
2066,1.3537051301793704e-05,5,1.0215325423332182e-05
2067,1.3537051301793704e-05,5,1.0215325423332182e-05
2068,1.3537051301793704e-05,5,1.0215325423332182e-05
2069,1.3537051301793704e-05,5,1.0215325423332182e-05
2070,1.3537051301793704e-05,5,1.0215325423332182e-05
2071,1.3537051301793704e-05,5,1.0215325423332182e-05
2072,1.3537051301793704e-05,5,1.0215325423332182e-05
2073,1.3537051301793704e-05,5,1.0215325423332182e-05
2074,1.3537051301793704e-05,5,1.0215325423332182e-05
2075,1.3537051301793704e-05,5,1.0215325423332182e-05
2076,1.3537051301793704e-05,5,1.0215325423332182e-05
2077,1.3537051301793704e-05,5,1.0215325423332182e-05
2078,1.3537051301793704e-05,5,1.0215325423332182e-05
2079,1.3537051301793704e-05,5,1.0215325423332182e-05
2080,1.3537051301793704e-05,5,1.0215325423332182e-05
2081,1.3537051301793704e-05,5,1.0215325423332182e-05
2082,1.3537051301793704e-05,5,1.0215325423332182e-05
2083,1.3537051301793704e-05,5,1.0215325423332182e-05
2084,1.3537051301793704e-05,5,1.0215325423332182e-05
2085,1.3537051301793704e-05,5,1.0215325423332182e-05
2086,1.3537051301793704e-05,5,1.0215325423332182e-05
2087,1.3537051301793704e-05,5,1.0215325423332182e-05
2088,1.3537051301793704e-05,5,1.0215325423332182e-05
2089,1.3537051301793704e-05,5,1.0215325423332182e-05
2090,1.3537051301793704e-05,5,1.0215325423332182e-05
2091,1.3537051301793704e-05,5,1.0215325423332182e-05
2092,1.3537051301793704e-05,5,1.0215325423332182e-05
2093,1.3537051301793704e-05,5,1.0215325423332182e-05
2094,1.3537051301793704e-05,5,1.0215325423332182e-05
2095,1.3537051301793704e-05,5,1.0215325423332182e-05
2096,1.3537051301793704e-05,5,1.0215325423332182e-05
2097,1.3537051301793704e-05,5,1.0215325423332182e-05
2098,1.3537051301793704e-05,5,1.0215325423332182e-05
2099,1.3537051301793704e-05,5,1.0215325423332182e-05
2100,1.3537051301793704e-05,5,1.0215325423332182e-05
2101,1.3537051301793704e-05,5,1.0215325423332182e-05
2102,1.3537051301793704e-05,5,1.0215325423332182e-05
2103,1.3537051301793704e-05,5,1.0215325423332182e-05
2104,1.3537051301793704e-05,5,1.0215325423332182e-05
2105,1.3537051301793704e-05,5,1.0215325423332182e-05
2106,1.3537051301793704e-05,5,1.0215325423332182e-05
2107,1.3537051301793704e-05,5,1.0215325423332182e-05
2108,1.3537051301793704e-05,5,1.0215325423332182e-05
2109,1.3537051301793704e-05,5,1.0215325423332182e-05
2110,1.3537051301793704e-05,5,1.0215325423332182e-05
2111,1.3537051301793704e-05,5,1.0215325423332182e-05
2112,1.3537051301793704e-05,5,1.0215325423332182e-05
2113,1.3537051301793704e-05,5,1.0215325423332182e-05
2114,1.3537051301793704e-05,5,1.0215325423332182e-05
2115,1.3537051301793704e-05,5,1.0215325423332182e-05
2116,1.3537051301793704e-05,5,1.0215325423332182e-05
2117,1.3537051301793704e-05,5,1.0215325423332182e-05
2118,1.3537051301793704e-05,5,1.0215325423332182e-05
2119,1.3537051301793704e-05,5,1.0215325423332182e-05
2120,1.3537051301793704e-05,5,1.0215325423332182e-05
2121,1.3537051301793704e-05,5,1.0215325423332182e-05
2122,1.3537051301793704e-05,5,1.0215325423332182e-05
2123,1.3537051301793704e-05,5,1.0215325423332182e-05
2124,1.3537051301793704e-05,5,1.0215325423332182e-05
2125,1.3537051301793704e-05,5,1.0215325423332182e-05
2126,1.3537051301793704e-05,5,1.0215325423332182e-05
2127,1.3537051301793704e-05,5,1.0215325423332182e-05
2128,1.3537051301793704e-05,5,1.0215325423332182e-05
2129,1.3537051301793704e-05,5,1.0215325423332182e-05
2130,1.3537051301793704e-05,5,1.0215325423332182e-05
2131,1.3537051301793704e-05,5,1.0215325423332182e-05
2132,1.3537051301793704e-05,5,1.0215325423332182e-05
2133,1.3537051301793704e-05,5,1.0215325423332182e-05
2134,1.3537051301793704e-05,5,1.0215325423332182e-05
2135,1.3537051301793704e-05,5,1.0215325423332182e-05
2136,1.3537051301793704e-05,5,1.0215325423332182e-05
2137,1.3537051301793704e-05,5,1.0215325423332182e-05
2138,1.3537051301793704e-05,5,1.0215325423332182e-05
2139,1.3537051301793704e-05,5,1.0215325423332182e-05
2140,1.3537051301793704e-05,5,1.0215325423332182e-05
2141,1.3537051301793704e-05,5,1.0215325423332182e-05
2142,1.3537051301793704e-05,5,1.0215325423332182e-05
2143,1.3537051301793704e-05,5,1.0215325423332182e-05
2144,1.3537051301793704e-05,5,1.0215325423332182e-05
2145,1.3537051301793704e-05,5,1.0215325423332182e-05
2146,1.3537051301793704e-05,5,1.0215325423332182e-05
2147,1.3537051301793704e-05,5,1.0215325423332182e-05
2148,1.3537051301793704e-05,5,1.0215325423332182e-05
2149,1.3537051301793704e-05,5,1.0215325423332182e-05
2150,1.3537051301793704e-05,5,1.0215325423332182e-05
2151,1.3537051301793704e-05,5,1.0215325423332182e-05
2152,1.3537051301793704e-05,5,1.0215325423332182e-05
2153,1.3537051301793704e-05,5,1.0215325423332182e-05
2154,1.3537051301793704e-05,5,1.0215325423332182e-05
2155,1.3537051301793704e-05,5,1.0215325423332182e-05
2156,1.3537051301793704e-05,5,1.0215325423332182e-05
2157,1.3537051301793704e-05,5,1.0215325423332182e-05
2158,1.3537051301793704e-05,5,1.0215325423332182e-05
2159,1.3537051301793704e-05,5,1.0215325423332182e-05
2160,1.3537051301793704e-05,5,1.0215325423332182e-05
2161,1.3537051301793704e-05,5,1.0215325423332182e-05
2162,1.3537051301793704e-05,5,1.0215325423332182e-05
2163,1.3537051301793704e-05,5,1.0215325423332182e-05
2164,1.3537051301793704e-05,5,1.0215325423332182e-05
2165,1.3537051301793704e-05,5,1.0215325423332182e-05
2166,1.3537051301793704e-05,5,1.0215325423332182e-05
2167,1.3537051301793704e-05,5,1.0215325423332182e-05
2168,1.3537051301793704e-05,5,1.0215325423332182e-05
2169,1.3537051301793704e-05,5,1.0215325423332182e-05
2170,1.3537051301793704e-05,5,1.0215325423332182e-05
2171,1.3537051301793704e-05,5,1.0215325423332182e-05
2172,1.3537051301793704e-05,5,1.0215325423332182e-05
2173,1.3537051301793704e-05,5,1.0215325423332182e-05
2174,1.3537051301793704e-05,5,1.0215325423332182e-05
2175,1.3537051301793704e-05,5,1.0215325423332182e-05
2176,1.3537051301793704e-05,5,1.0215325423332182e-05
2177,1.3537051301793704e-05,5,1.0215325423332182e-05
2178,1.3537051301793704e-05,5,1.0215325423332182e-05
2179,1.3537051301793704e-05,5,1.0215325423332182e-05
2180,1.3537051301793704e-05,5,1.0215325423332182e-05
2181,1.3537051301793704e-05,5,1.0215325423332182e-05
2182,1.3537051301793704e-05,5,1.0215325423332182e-05
2183,1.3537051301793704e-05,5,1.0215325423332182e-05
2184,1.3537051301793704e-05,5,1.0215325423332182e-05
2185,1.3537051301793704e-05,5,1.0215325423332182e-05
2186,1.3537051301793704e-05,5,1.0215325423332182e-05
2187,1.3537051301793704e-05,5,1.0215325423332182e-05
2188,1.3537051301793704e-05,5,1.0215325423332182e-05
2189,1.3537051301793704e-05,5,1.0215325423332182e-05
2190,1.3537051301793704e-05,5,1.0215325423332182e-05
2191,1.3537051301793704e-05,5,1.0215325423332182e-05
2192,1.3537051301793704e-05,5,1.0215325423332182e-05
2193,1.3537051301793704e-05,5,1.0215325423332182e-05
2194,1.3537051301793704e-05,5,1.0215325423332182e-05
2195,1.3537051301793704e-05,5,1.0215325423332182e-05
2196,1.3537051301793704e-05,5,1.0215325423332182e-05
2197,1.3537051301793704e-05,5,1.0215325423332182e-05
2198,1.3537051301793704e-05,5,1.0215325423332182e-05
2199,1.3537051301793704e-05,5,1.0215325423332182e-05
2200,1.3537051301793704e-05,5,1.0215325423332182e-05
2201,1.3537051301793704e-05,5,1.0215325423332182e-05
2202,1.3537051301793704e-05,5,1.0215325423332182e-05
2203,1.3537051301793704e-05,5,1.0215325423332182e-05
2204,1.3537051301793704e-05,5,1.0215325423332182e-05
2205,1.3537051301793704e-05,5,1.0215325423332182e-05
2206,1.3537051301793704e-05,5,1.0215325423332182e-05
2207,1.3537051301793704e-05,5,1.0215325423332182e-05
2208,1.3537051301793704e-05,5,1.0215325423332182e-05
2209,1.3537051301793704e-05,5,1.0215325423332182e-05
2210,1.3537051301793704e-05,5,1.0215325423332182e-05
2211,1.3537051301793704e-05,5,1.0215325423332182e-05
2212,1.3537051301793704e-05,5,1.0215325423332182e-05
2213,1.3537051301793704e-05,5,1.0215325423332182e-05
2214,1.3537051301793704e-05,5,1.0215325423332182e-05
2215,1.3537051301793704e-05,5,1.0215325423332182e-05
2216,1.3537051301793704e-05,5,1.0215325423332182e-05
2217,1.3537051301793704e-05,5,1.0215325423332182e-05
2218,1.3537051301793704e-05,5,1.0215325423332182e-05
2219,1.3537051301793704e-05,5,1.0215325423332182e-05
2220,1.3537051301793704e-05,5,1.0215325423332182e-05
2221,1.3537051301793704e-05,5,1.0215325423332182e-05
2222,1.3537051301793704e-05,5,1.0215325423332182e-05
2223,1.3537051301793704e-05,5,1.0215325423332182e-05
2224,1.3537051301793704e-05,5,1.0215325423332182e-05
2225,1.3537051301793704e-05,5,1.0215325423332182e-05
2226,1.3537051301793704e-05,5,1.0215325423332182e-05
2227,1.3537051301793704e-05,5,1.0215325423332182e-05
2228,1.3537051301793704e-05,5,1.0215325423332182e-05
2229,1.3537051301793704e-05,5,1.0215325423332182e-05
2230,1.3537051301793704e-05,5,1.0215325423332182e-05
2231,1.3537051301793704e-05,5,1.0215325423332182e-05
2232,1.3537051301793704e-05,5,1.0215325423332182e-05
2233,1.3537051301793704e-05,5,1.0215325423332182e-05
2234,1.3537051301793704e-05,5,1.0215325423332182e-05
2235,1.3537051301793704e-05,5,1.0215325423332182e-05
2236,1.3537051301793704e-05,5,1.0215325423332182e-05
2237,1.3537051301793704e-05,5,1.0215325423332182e-05
2238,1.3537051301793704e-05,5,1.0215325423332182e-05
2239,1.3537051301793704e-05,5,1.0215325423332182e-05
2240,1.3537051301793704e-05,5,1.0215325423332182e-05
2241,1.3537051301793704e-05,5,1.0215325423332182e-05
2242,1.3537051301793704e-05,5,1.0215325423332182e-05
2243,1.3537051301793704e-05,5,1.0215325423332182e-05
2244,1.3537051301793704e-05,5,1.0215325423332182e-05
2245,1.3537051301793704e-05,5,1.0215325423332182e-05
2246,1.3537051301793704e-05,5,1.0215325423332182e-05
2247,1.3537051301793704e-05,5,1.0215325423332182e-05
2248,1.3537051301793704e-05,5,1.0215325423332182e-05
2249,1.3537051301793704e-05,5,1.0215325423332182e-05
2250,1.3537051301793704e-05,5,1.0215325423332182e-05
2251,1.3537051301793704e-05,5,1.0215325423332182e-05
2252,1.3537051301793704e-05,5,1.0215325423332182e-05
2253,1.3537051301793704e-05,5,1.0215325423332182e-05
2254,1.3537051301793704e-05,5,1.0215325423332182e-05
2255,1.3537051301793704e-05,5,1.0215325423332182e-05
2256,1.3537051301793704e-05,5,1.0215325423332182e-05
2257,1.3537051301793704e-05,5,1.0215325423332182e-05
2258,1.3537051301793704e-05,5,1.0215325423332182e-05
2259,1.3537051301793704e-05,5,1.0215325423332182e-05
2260,1.3537051301793704e-05,5,1.0215325423332182e-05
2261,1.3537051301793704e-05,5,1.0215325423332182e-05
2262,1.3537051301793704e-05,5,1.0215325423332182e-05
2263,1.3537051301793704e-05,5,1.0215325423332182e-05
2264,1.3537051301793704e-05,5,1.0215325423332182e-05
2265,1.3537051301793704e-05,5,1.0215325423332182e-05
2266,1.3537051301793704e-05,5,1.0215325423332182e-05
2267,1.3537051301793704e-05,5,1.0215325423332182e-05
2268,1.3537051301793704e-05,5,1.0215325423332182e-05
2269,1.3537051301793704e-05,5,1.0215325423332182e-05
2270,1.3537051301793704e-05,5,1.0215325423332182e-05
2271,1.3537051301793704e-05,5,1.0215325423332182e-05
2272,1.3537051301793704e-05,5,1.0215325423332182e-05
2273,1.3537051301793704e-05,5,1.0215325423332182e-05
2274,1.3537051301793704e-05,5,1.0215325423332182e-05
2275,1.3537051301793704e-05,5,1.0215325423332182e-05
2276,1.3537051301793704e-05,5,1.0215325423332182e-05
2277,1.3537051301793704e-05,5,1.0215325423332182e-05
2278,1.3537051301793704e-05,5,1.0215325423332182e-05
2279,1.3537051301793704e-05,5,1.0215325423332182e-05
2280,1.3537051301793704e-05,5,1.0215325423332182e-05
2281,1.3537051301793704e-05,5,1.0215325423332182e-05
2282,1.3537051301793704e-05,5,1.0215325423332182e-05
2283,1.3537051301793704e-05,5,1.0215325423332182e-05
2284,1.3537051301793704e-05,5,1.0215325423332182e-05
2285,1.3537051301793704e-05,5,1.0215325423332182e-05
2286,1.3537051301793704e-05,5,1.0215325423332182e-05
2287,1.3537051301793704e-05,5,1.0215325423332182e-05
2288,1.2461567797613361e-05,4,1.1464120821982335e-05
2289,1.2461567797613361e-05,4,1.1464120821982335e-05
2290,1.2461567797613361e-05,4,1.1464120821982335e-05
2291,1.2461567797613361e-05,4,1.1464120821982335e-05
2292,1.2461567797613361e-05,4,1.1464120821982335e-05
2293,1.2461567797613361e-05,4,1.1464120821982335e-05
2294,1.2461567797613361e-05,4,1.1464120821982335e-05
2295,1.2461567797613361e-05,4,1.1464120821982335e-05
2296,1.2461567797613361e-05,4,1.1464120821982335e-05
2297,1.2461567797613361e-05,4,1.1464120821982335e-05
2298,1.2461567797613361e-05,4,1.1464120821982335e-05
2299,1.2461567797613361e-05,4,1.1464120821982335e-05
2300,1.2461567797613361e-05,4,1.1464120821982335e-05
2301,1.2461567797613361e-05,4,1.1464120821982335e-05
2302,1.2461567797613361e-05,4,1.1464120821982335e-05
2303,1.2461567797613361e-05,4,1.1464120821982335e-05
2304,1.2461567797613361e-05,4,1.1464120821982335e-05
2305,1.2461567797613361e-05,4,1.1464120821982335e-05
2306,1.2461567797613361e-05,4,1.1464120821982335e-05
2307,1.2461567797613361e-05,4,1.1464120821982335e-05
2308,1.2461567797613361e-05,4,1.1464120821982335e-05
2309,1.2461567797613361e-05,4,1.1464120821982335e-05
2310,1.2461567797613361e-05,4,1.1464120821982335e-05
2311,1.2461567797613361e-05,4,1.1464120821982335e-05
2312,1.2461567797613361e-05,4,1.1464120821982335e-05
2313,1.2461567797613361e-05,4,1.1464120821982335e-05
2314,1.2461567797613361e-05,4,1.1464120821982335e-05
2315,1.2461567797613361e-05,4,1.1464120821982335e-05
2316,1.2461567797613361e-05,4,1.1464120821982335e-05
2317,1.2461567797613361e-05,4,1.1464120821982335e-05
2318,1.2461567797613361e-05,4,1.1464120821982335e-05
2319,1.2461567797613361e-05,4,1.1464120821982335e-05
2320,1.2461567797613361e-05,4,1.1464120821982335e-05
2321,1.2461567797613361e-05,4,1.1464120821982335e-05
2322,1.2461567797613361e-05,4,1.1464120821982335e-05
2323,1.2461567797613361e-05,4,1.1464120821982335e-05
2324,1.2461567797613361e-05,4,1.1464120821982335e-05
2325,1.2461567797613361e-05,4,1.1464120821982335e-05
2326,1.2461567797613361e-05,4,1.1464120821982335e-05
2327,1.2461567797613361e-05,4,1.1464120821982335e-05
2328,1.2461567797613361e-05,4,1.1464120821982335e-05
2329,1.2461567797613361e-05,4,1.1464120821982335e-05
2330,1.2461567797613361e-05,4,1.1464120821982335e-05
2331,1.2461567797613361e-05,4,1.1464120821982335e-05
2332,1.2461567797613361e-05,4,1.1464120821982335e-05
2333,1.2461567797613361e-05,4,1.1464120821982335e-05
2334,1.2461567797613361e-05,4,1.1464120821982335e-05
2335,1.2461567797613361e-05,4,1.1464120821982335e-05
2336,1.2461567797613361e-05,4,1.1464120821982335e-05
2337,1.2461567797613361e-05,4,1.1464120821982335e-05
2338,1.2461567797613361e-05,4,1.1464120821982335e-05
2339,1.2461567797613361e-05,4,1.1464120821982335e-05
2340,1.2461567797613361e-05,4,1.1464120821982335e-05
2341,1.2461567797613361e-05,4,1.1464120821982335e-05
2342,1.2461567797613361e-05,4,1.1464120821982335e-05
2343,1.2461567797613361e-05,4,1.1464120821982335e-05
2344,1.2461567797613361e-05,4,1.1464120821982335e-05
2345,1.2461567797613361e-05,4,1.1464120821982335e-05
2346,1.2461567797613361e-05,4,1.1464120821982335e-05
2347,1.2461567797613361e-05,4,1.1464120821982335e-05
2348,1.2461567797613361e-05,4,1.1464120821982335e-05
2349,1.2461567797613361e-05,4,1.1464120821982335e-05
2350,1.2461567797613361e-05,4,1.1464120821982335e-05
2351,1.2461567797613361e-05,4,1.1464120821982335e-05
2352,1.2461567797613361e-05,4,1.1464120821982335e-05
2353,1.2461567797613361e-05,4,1.1464120821982335e-05
2354,1.2461567797613361e-05,4,1.1464120821982335e-05
2355,1.2461567797613361e-05,4,1.1464120821982335e-05
2356,1.2461567797613361e-05,4,1.1464120821982335e-05
2357,1.2461567797613361e-05,4,1.1464120821982335e-05
2358,1.2461567797613361e-05,4,1.1464120821982335e-05
2359,1.2461567797613361e-05,4,1.1464120821982335e-05
2360,1.2461567797613361e-05,4,1.1464120821982335e-05
2361,1.2461567797613361e-05,4,1.1464120821982335e-05
2362,1.2461567797613361e-05,4,1.1464120821982335e-05
2363,1.2461567797613361e-05,4,1.1464120821982335e-05
2364,1.2461567797613361e-05,4,1.1464120821982335e-05
2365,1.2461567797613361e-05,4,1.1464120821982335e-05
2366,1.2461567797613361e-05,4,1.1464120821982335e-05
2367,1.2461567797613361e-05,4,1.1464120821982335e-05
2368,1.2461567797613361e-05,4,1.1464120821982335e-05
2369,1.2461567797613361e-05,4,1.1464120821982335e-05
2370,1.2461567797613361e-05,4,1.1464120821982335e-05
2371,1.2461567797613361e-05,4,1.1464120821982335e-05
2372,1.2461567797613361e-05,4,1.1464120821982335e-05
2373,1.2461567797613361e-05,4,1.1464120821982335e-05
2374,1.2461567797613361e-05,4,1.1464120821982335e-05
2375,1.2461567797613361e-05,4,1.1464120821982335e-05
2376,1.2461567797613361e-05,4,1.1464120821982335e-05
2377,1.2461567797613361e-05,4,1.1464120821982335e-05
2378,1.2461567797613361e-05,4,1.1464120821982335e-05
2379,1.2461567797613361e-05,4,1.1464120821982335e-05
2380,1.2461567797613361e-05,4,1.1464120821982335e-05
2381,1.2461567797613361e-05,4,1.1464120821982335e-05
2382,1.2461567797613361e-05,4,1.1464120821982335e-05
2383,1.2461567797613361e-05,4,1.1464120821982335e-05
2384,1.2461567797613361e-05,4,1.1464120821982335e-05
2385,1.2461567797613361e-05,4,1.1464120821982335e-05
2386,1.2461567797613361e-05,4,1.1464120821982335e-05
2387,1.2461567797613361e-05,4,1.1464120821982335e-05
2388,1.2461567797613361e-05,4,1.1464120821982335e-05
2389,1.2461567797613361e-05,4,1.1464120821982335e-05
2390,1.2461567797613361e-05,4,1.1464120821982335e-05
2391,1.2461567797613361e-05,4,1.1464120821982335e-05
2392,1.2461567797613361e-05,4,1.1464120821982335e-05
2393,1.2461567797613361e-05,4,1.1464120821982335e-05
2394,1.2461567797613361e-05,4,1.1464120821982335e-05
2395,1.2461567797613361e-05,4,1.1464120821982335e-05
2396,1.2461567797613361e-05,4,1.1464120821982335e-05
2397,1.2461567797613361e-05,4,1.1464120821982335e-05
2398,1.2461567797613361e-05,4,1.1464120821982335e-05
2399,1.2461567797613361e-05,4,1.1464120821982335e-05
2400,1.2461567797613361e-05,4,1.1464120821982335e-05
2401,1.2461567797613361e-05,4,1.1464120821982335e-05
2402,1.2461567797613361e-05,4,1.1464120821982335e-05
2403,1.2461567797613361e-05,4,1.1464120821982335e-05
2404,1.2461567797613361e-05,4,1.1464120821982335e-05
2405,1.2461567797613361e-05,4,1.1464120821982335e-05
2406,1.2461567797613361e-05,4,1.1464120821982335e-05
2407,1.2461567797613361e-05,4,1.1464120821982335e-05
2408,1.2461567797613361e-05,4,1.1464120821982335e-05
2409,1.2461567797613361e-05,4,1.1464120821982335e-05
2410,1.2461567797613361e-05,4,1.1464120821982335e-05
2411,1.2461567797613361e-05,4,1.1464120821982335e-05
2412,1.2461567797613361e-05,4,1.1464120821982335e-05
2413,1.2461567797613361e-05,4,1.1464120821982335e-05
2414,1.2461567797613361e-05,4,1.1464120821982335e-05
2415,1.2461567797613361e-05,4,1.1464120821982335e-05
2416,1.2461567797613361e-05,4,1.1464120821982335e-05
2417,1.2461567797613361e-05,4,1.1464120821982335e-05
2418,1.2461567797613361e-05,4,1.1464120821982335e-05
2419,1.2461567797613361e-05,4,1.1464120821982335e-05
2420,1.2461567797613361e-05,4,1.1464120821982335e-05
2421,1.2461567797613361e-05,4,1.1464120821982335e-05
2422,1.2461567797613361e-05,4,1.1464120821982335e-05
2423,1.2461567797613361e-05,4,1.1464120821982335e-05
2424,1.2461567797613361e-05,4,1.1464120821982335e-05
2425,1.2461567797613361e-05,4,1.1464120821982335e-05
2426,1.2461567797613361e-05,4,1.1464120821982335e-05
2427,1.2461567797613361e-05,4,1.1464120821982335e-05
2428,1.2461567797613361e-05,4,1.1464120821982335e-05
2429,1.2461567797613361e-05,4,1.1464120821982335e-05
2430,1.2461567797613361e-05,4,1.1464120821982335e-05
2431,1.2461567797613361e-05,4,1.1464120821982335e-05
2432,1.2461567797613361e-05,4,1.1464120821982335e-05
2433,1.2461567797613361e-05,4,1.1464120821982335e-05
2434,1.2461567797613361e-05,4,1.1464120821982335e-05
2435,1.2461567797613361e-05,4,1.1464120821982335e-05
2436,1.2461567797613361e-05,4,1.1464120821982335e-05
2437,1.2461567797613361e-05,4,1.1464120821982335e-05
2438,1.2461567797613361e-05,4,1.1464120821982335e-05
2439,1.2461567797613361e-05,4,1.1464120821982335e-05
2440,1.2461567797613361e-05,4,1.1464120821982335e-05
2441,1.2461567797613361e-05,4,1.1464120821982335e-05
2442,1.2461567797613361e-05,4,1.1464120821982335e-05
2443,1.2461567797613361e-05,4,1.1464120821982335e-05
2444,1.2461567797613361e-05,4,1.1464120821982335e-05
2445,1.2461567797613361e-05,4,1.1464120821982335e-05
2446,1.2461567797613361e-05,4,1.1464120821982335e-05
2447,1.2461567797613361e-05,4,1.1464120821982335e-05
2448,1.2461567797613361e-05,4,1.1464120821982335e-05
2449,1.2461567797613361e-05,4,1.1464120821982335e-05
2450,1.2461567797613361e-05,4,1.1464120821982335e-05
2451,1.2461567797613361e-05,4,1.1464120821982335e-05
2452,1.2461567797613361e-05,4,1.1464120821982335e-05
2453,1.2461567797613361e-05,4,1.1464120821982335e-05
2454,1.2461567797613361e-05,4,1.1464120821982335e-05
2455,1.2461567797613361e-05,4,1.1464120821982335e-05
2456,1.2461567797613361e-05,4,1.1464120821982335e-05
2457,1.2461567797613361e-05,4,1.1464120821982335e-05
2458,1.2461567797613361e-05,4,1.1464120821982335e-05
2459,1.2461567797613361e-05,4,1.1464120821982335e-05
2460,1.2461567797613361e-05,4,1.1464120821982335e-05
2461,1.2461567797613361e-05,4,1.1464120821982335e-05
2462,1.2461567797613361e-05,4,1.1464120821982335e-05
2463,1.2461567797613361e-05,4,1.1464120821982335e-05
2464,1.2461567797613361e-05,4,1.1464120821982335e-05
2465,1.2461567797613361e-05,4,1.1464120821982335e-05
2466,1.2461567797613361e-05,4,1.1464120821982335e-05
2467,1.2461567797613361e-05,4,1.1464120821982335e-05
2468,1.2461567797613361e-05,4,1.1464120821982335e-05
2469,1.2461567797613361e-05,4,1.1464120821982335e-05
2470,1.2461567797613361e-05,4,1.1464120821982335e-05
2471,1.2461567797613361e-05,4,1.1464120821982335e-05
2472,1.2461567797613361e-05,4,1.1464120821982335e-05
2473,1.2461567797613361e-05,4,1.1464120821982335e-05
2474,1.2461567797613361e-05,4,1.1464120821982335e-05
2475,1.2461567797613361e-05,4,1.1464120821982335e-05
2476,1.2461567797613361e-05,4,1.1464120821982335e-05
2477,1.2461567797613361e-05,4,1.1464120821982335e-05
2478,1.2461567797613361e-05,4,1.1464120821982335e-05
2479,1.2461567797613361e-05,4,1.1464120821982335e-05
2480,1.2461567797613361e-05,4,1.1464120821982335e-05
2481,1.2461567797613361e-05,4,1.1464120821982335e-05
2482,1.2461567797613361e-05,4,1.1464120821982335e-05
2483,1.2461567797613361e-05,4,1.1464120821982335e-05
2484,1.2461567797613361e-05,4,1.1464120821982335e-05
2485,1.2461567797613361e-05,4,1.1464120821982335e-05
2486,1.2461567797613361e-05,4,1.1464120821982335e-05
2487,1.2461567797613361e-05,4,1.1464120821982335e-05
2488,1.2461567797613361e-05,4,1.1464120821982335e-05
2489,1.2461567797613361e-05,4,1.1464120821982335e-05
2490,1.2461567797613361e-05,4,1.1464120821982335e-05
2491,1.2461567797613361e-05,4,1.1464120821982335e-05
2492,1.2461567797613361e-05,4,1.1464120821982335e-05
2493,1.2461567797613361e-05,4,1.1464120821982335e-05
2494,1.2461567797613361e-05,4,1.1464120821982335e-05
2495,1.2461567797613361e-05,4,1.1464120821982335e-05
2496,6.790407273248584e-06,3,2.0412567630832403e-06
2497,6.790407273248584e-06,3,2.0412567630832403e-06
2498,6.790407273248584e-06,3,2.0412567630832403e-06
2499,6.790407273248584e-06,3,2.0412567630832403e-06
2500,6.790407273248584e-06,3,2.0412567630832403e-06
2501,6.790407273248584e-06,3,2.0412567630832403e-06
2502,6.790407273248584e-06,3,2.0412567630832403e-06
2503,6.790407273248584e-06,3,2.0412567630832403e-06
2504,6.790407273248584e-06,3,2.0412567630832403e-06
2505,6.790407273248584e-06,3,2.0412567630832403e-06
2506,6.790407273248584e-06,3,2.0412567630832403e-06
2507,6.790407273248584e-06,3,2.0412567630832403e-06
2508,6.790407273248584e-06,3,2.0412567630832403e-06
2509,6.790407273248584e-06,3,2.0412567630832403e-06
2510,6.790407273248584e-06,3,2.0412567630832403e-06
2511,6.790407273248584e-06,3,2.0412567630832403e-06
2512,6.790407273248584e-06,3,2.0412567630832403e-06
2513,6.790407273248584e-06,3,2.0412567630832403e-06
2514,6.790407273248584e-06,3,2.0412567630832403e-06
2515,6.790407273248584e-06,3,2.0412567630832403e-06
2516,6.790407273248584e-06,3,2.0412567630832403e-06
2517,6.790407273248584e-06,3,2.0412567630832403e-06
2518,6.790407273248584e-06,3,2.0412567630832403e-06
2519,6.790407273248584e-06,3,2.0412567630832403e-06
2520,6.790407273248584e-06,3,2.0412567630832403e-06
2521,6.790407273248584e-06,3,2.0412567630832403e-06
2522,6.790407273248584e-06,3,2.0412567630832403e-06
2523,6.790407273248584e-06,3,2.0412567630832403e-06
2524,6.790407273248584e-06,3,2.0412567630832403e-06
2525,6.790407273248584e-06,3,2.0412567630832403e-06
2526,6.790407273248584e-06,3,2.0412567630832403e-06
2527,6.790407273248584e-06,3,2.0412567630832403e-06
2528,6.790407273248584e-06,3,2.0412567630832403e-06
2529,6.790407273248584e-06,3,2.0412567630832403e-06
2530,6.790407273248584e-06,3,2.0412567630832403e-06
2531,6.790407273248584e-06,3,2.0412567630832403e-06
2532,6.790407273248584e-06,3,2.0412567630832403e-06
2533,6.790407273248584e-06,3,2.0412567630832403e-06
2534,6.790407273248584e-06,3,2.0412567630832403e-06
2535,6.790407273248584e-06,3,2.0412567630832403e-06
2536,5.7116182293249e-06,2,1.162214927596221e-06
2537,5.7116182293249e-06,2,1.162214927596221e-06
2538,5.7116182293249e-06,2,1.162214927596221e-06
2539,5.7116182293249e-06,2,1.162214927596221e-06
2540,5.7116182293249e-06,2,1.162214927596221e-06
2541,5.7116182293249e-06,2,1.162214927596221e-06
2542,5.7116182293249e-06,2,1.162214927596221e-06
2543,5.7116182293249e-06,2,1.162214927596221e-06
2544,5.7116182293249e-06,2,1.162214927596221e-06
2545,5.7116182293249e-06,2,1.162214927596221e-06
2546,5.7116182293249e-06,2,1.162214927596221e-06
2547,5.7116182293249e-06,2,1.162214927596221e-06
2548,5.7116182293249e-06,2,1.162214927596221e-06
2549,5.7116182293249e-06,2,1.162214927596221e-06
2550,5.7116182293249e-06,2,1.162214927596221e-06
2551,5.7116182293249e-06,2,1.162214927596221e-06
2552,5.7116182293249e-06,2,1.162214927596221e-06
2553,5.7116182293249e-06,2,1.162214927596221e-06
2554,5.7116182293249e-06,2,1.162214927596221e-06
2555,5.7116182293249e-06,2,1.162214927596221e-06
2556,5.7116182293249e-06,2,1.162214927596221e-06
2557,5.7116182293249e-06,2,1.162214927596221e-06
2558,5.7116182293249e-06,2,1.162214927596221e-06
2559,5.7116182293249e-06,2,1.162214927596221e-06
2560,5.7116182293249e-06,2,1.162214927596221e-06
2561,5.7116182293249e-06,2,1.162214927596221e-06
2562,5.7116182293249e-06,2,1.162214927596221e-06
2563,5.7116182293249e-06,2,1.162214927596221e-06
2564,5.7116182293249e-06,2,1.162214927596221e-06
2565,5.7116182293249e-06,2,1.162214927596221e-06
2566,5.7116182293249e-06,2,1.162214927596221e-06
2567,5.7116182293249e-06,2,1.162214927596221e-06
2568,5.7116182293249e-06,2,1.162214927596221e-06
2569,5.7116182293249e-06,2,1.162214927596221e-06
2570,5.7116182293249e-06,2,1.162214927596221e-06
2571,5.7116182293249e-06,2,1.162214927596221e-06
2572,5.7116182293249e-06,2,1.162214927596221e-06
2573,5.7116182293249e-06,2,1.162214927596221e-06
2574,5.7116182293249e-06,2,1.162214927596221e-06
2575,5.7116182293249e-06,2,1.162214927596221e-06
2576,5.7116182293249e-06,2,1.162214927596221e-06
2577,5.7116182293249e-06,2,1.162214927596221e-06
2578,5.7116182293249e-06,2,1.162214927596221e-06
2579,5.7116182293249e-06,2,1.162214927596221e-06
2580,5.7116182293249e-06,2,1.162214927596221e-06
2581,5.7116182293249e-06,2,1.162214927596221e-06
2582,5.7116182293249e-06,2,1.162214927596221e-06
2583,5.7116182293249e-06,2,1.162214927596221e-06
2584,5.7116182293249e-06,2,1.162214927596221e-06
2585,5.7116182293249e-06,2,1.162214927596221e-06
2586,5.7116182293249e-06,2,1.162214927596221e-06
2587,5.7116182293249e-06,2,1.162214927596221e-06
2588,5.7116182293249e-06,2,1.162214927596221e-06
2589,5.7116182293249e-06,2,1.162214927596221e-06
2590,5.7116182293249e-06,2,1.162214927596221e-06
2591,5.7116182293249e-06,2,1.162214927596221e-06
2592,5.7116182293249e-06,2,1.162214927596221e-06
2593,5.7116182293249e-06,2,1.162214927596221e-06
2594,5.7116182293249e-06,2,1.162214927596221e-06
2595,5.7116182293249e-06,2,1.162214927596221e-06
2596,5.7116182293249e-06,2,1.162214927596221e-06
2597,5.7116182293249e-06,2,1.162214927596221e-06
2598,5.7116182293249e-06,2,1.162214927596221e-06
2599,5.7116182293249e-06,2,1.162214927596221e-06
2600,5.7116182293249e-06,2,1.162214927596221e-06
2601,5.7116182293249e-06,2,1.162214927596221e-06
2602,5.7116182293249e-06,2,1.162214927596221e-06
2603,5.7116182293249e-06,2,1.162214927596221e-06
2604,5.7116182293249e-06,2,1.162214927596221e-06
2605,5.7116182293249e-06,2,1.162214927596221e-06
2606,5.7116182293249e-06,2,1.162214927596221e-06
2607,5.7116182293249e-06,2,1.162214927596221e-06
2608,5.7116182293249e-06,2,1.162214927596221e-06
2609,5.7116182293249e-06,2,1.162214927596221e-06
2610,5.7116182293249e-06,2,1.162214927596221e-06
2611,5.7116182293249e-06,2,1.162214927596221e-06
2612,5.7116182293249e-06,2,1.162214927596221e-06
2613,5.7116182293249e-06,2,1.162214927596221e-06
2614,5.7116182293249e-06,2,1.162214927596221e-06
2615,5.7116182293249e-06,2,1.162214927596221e-06
2616,5.7116182293249e-06,2,1.162214927596221e-06
2617,5.7116182293249e-06,2,1.162214927596221e-06
2618,5.7116182293249e-06,2,1.162214927596221e-06
2619,5.7116182293249e-06,2,1.162214927596221e-06
2620,5.7116182293249e-06,2,1.162214927596221e-06
2621,5.7116182293249e-06,2,1.162214927596221e-06
2622,5.7116182293249e-06,2,1.162214927596221e-06
2623,5.7116182293249e-06,2,1.162214927596221e-06
2624,5.7116182293249e-06,2,1.162214927596221e-06
2625,5.7116182293249e-06,2,1.162214927596221e-06
2626,5.7116182293249e-06,2,1.162214927596221e-06
2627,5.7116182293249e-06,2,1.162214927596221e-06
2628,5.7116182293249e-06,2,1.162214927596221e-06
2629,5.7116182293249e-06,2,1.162214927596221e-06
2630,5.7116182293249e-06,2,1.162214927596221e-06
2631,5.7116182293249e-06,2,1.162214927596221e-06
2632,5.7116182293249e-06,2,1.162214927596221e-06
2633,5.7116182293249e-06,2,1.162214927596221e-06
2634,5.7116182293249e-06,2,1.162214927596221e-06
2635,5.7116182293249e-06,2,1.162214927596221e-06
2636,5.7116182293249e-06,2,1.162214927596221e-06
2637,5.7116182293249e-06,2,1.162214927596221e-06
2638,5.7116182293249e-06,2,1.162214927596221e-06
2639,5.7116182293249e-06,2,1.162214927596221e-06
2640,5.7116182293249e-06,2,1.162214927596221e-06
2641,5.7116182293249e-06,2,1.162214927596221e-06
2642,5.7116182293249e-06,2,1.162214927596221e-06
2643,5.7116182293249e-06,2,1.162214927596221e-06
2644,5.7116182293249e-06,2,1.162214927596221e-06
2645,5.7116182293249e-06,2,1.162214927596221e-06
2646,5.7116182293249e-06,2,1.162214927596221e-06
2647,5.7116182293249e-06,2,1.162214927596221e-06
2648,5.7116182293249e-06,2,1.162214927596221e-06
2649,5.7116182293249e-06,2,1.162214927596221e-06
2650,5.7116182293249e-06,2,1.162214927596221e-06
2651,5.7116182293249e-06,2,1.162214927596221e-06
2652,5.7116182293249e-06,2,1.162214927596221e-06
2653,5.7116182293249e-06,2,1.162214927596221e-06
2654,5.7116182293249e-06,2,1.162214927596221e-06
2655,5.7116182293249e-06,2,1.162214927596221e-06
2656,5.7116182293249e-06,2,1.162214927596221e-06
2657,5.7116182293249e-06,2,1.162214927596221e-06
2658,5.7116182293249e-06,2,1.162214927596221e-06
2659,5.7116182293249e-06,2,1.162214927596221e-06
2660,5.7116182293249e-06,2,1.162214927596221e-06
2661,5.7116182293249e-06,2,1.162214927596221e-06
2662,5.7116182293249e-06,2,1.162214927596221e-06
2663,5.7116182293249e-06,2,1.162214927596221e-06
2664,5.7116182293249e-06,2,1.162214927596221e-06
2665,5.7116182293249e-06,2,1.162214927596221e-06
2666,5.7116182293249e-06,2,1.162214927596221e-06
2667,5.7116182293249e-06,2,1.162214927596221e-06
2668,5.7116182293249e-06,2,1.162214927596221e-06
2669,5.7116182293249e-06,2,1.162214927596221e-06
2670,5.7116182293249e-06,2,1.162214927596221e-06
2671,5.7116182293249e-06,2,1.162214927596221e-06
2672,5.7116182293249e-06,2,1.162214927596221e-06
2673,5.7116182293249e-06,2,1.162214927596221e-06
2674,5.7116182293249e-06,2,1.162214927596221e-06
2675,5.7116182293249e-06,2,1.162214927596221e-06
2676,5.7116182293249e-06,2,1.162214927596221e-06
2677,5.7116182293249e-06,2,1.162214927596221e-06
2678,5.7116182293249e-06,2,1.162214927596221e-06
2679,5.7116182293249e-06,2,1.162214927596221e-06
2680,5.7116182293249e-06,2,1.162214927596221e-06
2681,5.7116182293249e-06,2,1.162214927596221e-06
2682,5.7116182293249e-06,2,1.162214927596221e-06
2683,5.7116182293249e-06,2,1.162214927596221e-06
2684,5.7116182293249e-06,2,1.162214927596221e-06
2685,5.7116182293249e-06,2,1.162214927596221e-06
2686,5.7116182293249e-06,2,1.162214927596221e-06
2687,5.7116182293249e-06,2,1.162214927596221e-06
2688,5.7116182293249e-06,2,1.162214927596221e-06
2689,5.7116182293249e-06,2,1.162214927596221e-06
2690,5.7116182293249e-06,2,1.162214927596221e-06
2691,5.7116182293249e-06,2,1.162214927596221e-06
2692,5.7116182293249e-06,2,1.162214927596221e-06
2693,5.7116182293249e-06,2,1.162214927596221e-06
2694,5.7116182293249e-06,2,1.162214927596221e-06
2695,5.7116182293249e-06,2,1.162214927596221e-06
2696,5.7116182293249e-06,2,1.162214927596221e-06
2697,5.7116182293249e-06,2,1.162214927596221e-06
2698,5.7116182293249e-06,2,1.162214927596221e-06
2699,5.7116182293249e-06,2,1.162214927596221e-06
2700,5.7116182293249e-06,2,1.162214927596221e-06
2701,5.7116182293249e-06,2,1.162214927596221e-06
2702,5.7116182293249e-06,2,1.162214927596221e-06
2703,5.7116182293249e-06,2,1.162214927596221e-06
2704,5.7116182293249e-06,2,1.162214927596221e-06
2705,5.7116182293249e-06,2,1.162214927596221e-06
2706,5.7116182293249e-06,2,1.162214927596221e-06
2707,5.7116182293249e-06,2,1.162214927596221e-06
2708,5.7116182293249e-06,2,1.162214927596221e-06
2709,5.7116182293249e-06,2,1.162214927596221e-06
2710,5.7116182293249e-06,2,1.162214927596221e-06
2711,5.7116182293249e-06,2,1.162214927596221e-06
2712,5.7116182293249e-06,2,1.162214927596221e-06
2713,5.7116182293249e-06,2,1.162214927596221e-06
2714,5.7116182293249e-06,2,1.162214927596221e-06
2715,5.7116182293249e-06,2,1.162214927596221e-06
2716,5.7116182293249e-06,2,1.162214927596221e-06
2717,5.7116182293249e-06,2,1.162214927596221e-06
2718,5.7116182293249e-06,2,1.162214927596221e-06
2719,5.7116182293249e-06,2,1.162214927596221e-06
2720,5.7116182293249e-06,2,1.162214927596221e-06
2721,5.7116182293249e-06,2,1.162214927596221e-06
2722,5.7116182293249e-06,2,1.162214927596221e-06
2723,5.7116182293249e-06,2,1.162214927596221e-06
2724,5.7116182293249e-06,2,1.162214927596221e-06
2725,5.7116182293249e-06,2,1.162214927596221e-06
2726,5.7116182293249e-06,2,1.162214927596221e-06
2727,5.7116182293249e-06,2,1.162214927596221e-06
2728,5.7116182293249e-06,2,1.162214927596221e-06
2729,5.7116182293249e-06,2,1.162214927596221e-06
2730,5.7116182293249e-06,2,1.162214927596221e-06
2731,5.7116182293249e-06,2,1.162214927596221e-06
2732,5.7116182293249e-06,2,1.162214927596221e-06
2733,5.7116182293249e-06,2,1.162214927596221e-06
2734,5.7116182293249e-06,2,1.162214927596221e-06
2735,5.7116182293249e-06,2,1.162214927596221e-06
2736,5.7116182293249e-06,2,1.162214927596221e-06
2737,5.7116182293249e-06,2,1.162214927596221e-06
2738,5.7116182293249e-06,2,1.162214927596221e-06
2739,5.7116182293249e-06,2,1.162214927596221e-06
2740,5.7116182293249e-06,2,1.162214927596221e-06
2741,5.7116182293249e-06,2,1.162214927596221e-06
2742,5.7116182293249e-06,2,1.162214927596221e-06
2743,5.7116182293249e-06,2,1.162214927596221e-06
2744,5.7116182293249e-06,2,1.162214927596221e-06
2745,5.7116182293249e-06,2,1.162214927596221e-06
2746,5.7116182293249e-06,2,1.162214927596221e-06
2747,5.7116182293249e-06,2,1.162214927596221e-06
2748,5.7116182293249e-06,2,1.162214927596221e-06
2749,5.7116182293249e-06,2,1.162214927596221e-06
2750,5.7116182293249e-06,2,1.162214927596221e-06
2751,5.7116182293249e-06,2,1.162214927596221e-06
2752,5.7116182293249e-06,2,1.162214927596221e-06
2753,5.7116182293249e-06,2,1.162214927596221e-06
2754,5.7116182293249e-06,2,1.162214927596221e-06
2755,5.7116182293249e-06,2,1.162214927596221e-06
2756,5.7116182293249e-06,2,1.162214927596221e-06
2757,5.7116182293249e-06,2,1.162214927596221e-06
2758,5.7116182293249e-06,2,1.162214927596221e-06
2759,5.7116182293249e-06,2,1.162214927596221e-06
2760,5.7116182293249e-06,2,1.162214927596221e-06
2761,5.7116182293249e-06,2,1.162214927596221e-06
2762,5.7116182293249e-06,2,1.162214927596221e-06
2763,5.7116182293249e-06,2,1.162214927596221e-06
2764,5.7116182293249e-06,2,1.162214927596221e-06
2765,5.7116182293249e-06,2,1.162214927596221e-06
2766,5.7116182293249e-06,2,1.162214927596221e-06
2767,5.7116182293249e-06,2,1.162214927596221e-06
2768,5.7116182293249e-06,2,1.162214927596221e-06
2769,5.7116182293249e-06,2,1.162214927596221e-06
2770,5.7116182293249e-06,2,1.162214927596221e-06
2771,5.7116182293249e-06,2,1.162214927596221e-06
2772,5.7116182293249e-06,2,1.162214927596221e-06
2773,5.7116182293249e-06,2,1.162214927596221e-06
2774,5.7116182293249e-06,2,1.162214927596221e-06
2775,5.7116182293249e-06,2,1.162214927596221e-06
2776,5.7116182293249e-06,2,1.162214927596221e-06
2777,5.7116182293249e-06,2,1.162214927596221e-06
2778,5.7116182293249e-06,2,1.162214927596221e-06
2779,5.7116182293249e-06,2,1.162214927596221e-06
2780,5.7116182293249e-06,2,1.162214927596221e-06
2781,5.7116182293249e-06,2,1.162214927596221e-06
2782,5.7116182293249e-06,2,1.162214927596221e-06
2783,5.7116182293249e-06,2,1.162214927596221e-06
2784,5.7116182293249e-06,2,1.162214927596221e-06
2785,5.7116182293249e-06,2,1.162214927596221e-06
2786,5.7116182293249e-06,2,1.162214927596221e-06
2787,5.7116182293249e-06,2,1.162214927596221e-06
2788,5.7116182293249e-06,2,1.162214927596221e-06
2789,5.7116182293249e-06,2,1.162214927596221e-06
2790,5.7116182293249e-06,2,1.162214927596221e-06
2791,5.7116182293249e-06,2,1.162214927596221e-06
2792,5.7116182293249e-06,2,1.162214927596221e-06
2793,5.7116182293249e-06,2,1.162214927596221e-06
2794,5.7116182293249e-06,2,1.162214927596221e-06
2795,5.7116182293249e-06,2,1.162214927596221e-06
2796,5.7116182293249e-06,2,1.162214927596221e-06
2797,5.7116182293249e-06,2,1.162214927596221e-06
2798,5.7116182293249e-06,2,1.162214927596221e-06
2799,5.7116182293249e-06,2,1.162214927596221e-06
2800,5.7116182293249e-06,2,1.162214927596221e-06
2801,5.7116182293249e-06,2,1.162214927596221e-06
2802,5.7116182293249e-06,2,1.162214927596221e-06
2803,5.7116182293249e-06,2,1.162214927596221e-06
2804,5.7116182293249e-06,2,1.162214927596221e-06
2805,5.7116182293249e-06,2,1.162214927596221e-06
2806,5.7116182293249e-06,2,1.162214927596221e-06
2807,5.7116182293249e-06,2,1.162214927596221e-06
2808,5.7116182293249e-06,2,1.162214927596221e-06
2809,5.7116182293249e-06,2,1.162214927596221e-06
2810,5.7116182293249e-06,2,1.162214927596221e-06
2811,5.7116182293249e-06,2,1.162214927596221e-06
2812,5.7116182293249e-06,2,1.162214927596221e-06
2813,5.7116182293249e-06,2,1.162214927596221e-06
2814,5.7116182293249e-06,2,1.162214927596221e-06
2815,5.7116182293249e-06,2,1.162214927596221e-06
2816,5.7116182293249e-06,2,1.162214927596221e-06
2817,5.7116182293249e-06,2,1.162214927596221e-06
2818,5.7116182293249e-06,2,1.162214927596221e-06
2819,5.7116182293249e-06,2,1.162214927596221e-06
2820,5.7116182293249e-06,2,1.162214927596221e-06
2821,5.7116182293249e-06,2,1.162214927596221e-06
2822,5.7116182293249e-06,2,1.162214927596221e-06
2823,5.7116182293249e-06,2,1.162214927596221e-06
2824,5.7116182293249e-06,2,1.162214927596221e-06
2825,5.7116182293249e-06,2,1.162214927596221e-06
2826,5.7116182293249e-06,2,1.162214927596221e-06
2827,5.7116182293249e-06,2,1.162214927596221e-06
2828,5.7116182293249e-06,2,1.162214927596221e-06
2829,5.7116182293249e-06,2,1.162214927596221e-06
2830,5.7116182293249e-06,2,1.162214927596221e-06
2831,5.7116182293249e-06,2,1.162214927596221e-06
2832,5.7116182293249e-06,2,1.162214927596221e-06
2833,5.7116182293249e-06,2,1.162214927596221e-06
2834,5.7116182293249e-06,2,1.162214927596221e-06
2835,5.7116182293249e-06,2,1.162214927596221e-06
2836,5.7116182293249e-06,2,1.162214927596221e-06
2837,5.7116182293249e-06,2,1.162214927596221e-06
2838,5.7116182293249e-06,2,1.162214927596221e-06
2839,5.7116182293249e-06,2,1.162214927596221e-06
2840,5.7116182293249e-06,2,1.162214927596221e-06
2841,5.7116182293249e-06,2,1.162214927596221e-06
2842,5.7116182293249e-06,2,1.162214927596221e-06
2843,5.7116182293249e-06,2,1.162214927596221e-06
2844,5.7116182293249e-06,2,1.162214927596221e-06
2845,5.7116182293249e-06,2,1.162214927596221e-06
2846,5.7116182293249e-06,2,1.162214927596221e-06
2847,5.7116182293249e-06,2,1.162214927596221e-06
2848,5.7116182293249e-06,2,1.162214927596221e-06
2849,5.7116182293249e-06,2,1.162214927596221e-06
2850,5.7116182293249e-06,2,1.162214927596221e-06
2851,5.7116182293249e-06,2,1.162214927596221e-06
2852,5.7116182293249e-06,2,1.162214927596221e-06
2853,5.7116182293249e-06,2,1.162214927596221e-06
2854,5.7116182293249e-06,2,1.162214927596221e-06
2855,5.7116182293249e-06,2,1.162214927596221e-06
2856,5.7116182293249e-06,2,1.162214927596221e-06
2857,5.7116182293249e-06,2,1.162214927596221e-06
2858,5.7116182293249e-06,2,1.162214927596221e-06
2859,5.7116182293249e-06,2,1.162214927596221e-06
2860,5.7116182293249e-06,2,1.162214927596221e-06
2861,5.7116182293249e-06,2,1.162214927596221e-06
2862,5.7116182293249e-06,2,1.162214927596221e-06
2863,5.7116182293249e-06,2,1.162214927596221e-06
2864,5.7116182293249e-06,2,1.162214927596221e-06
2865,5.7116182293249e-06,2,1.162214927596221e-06
2866,5.7116182293249e-06,2,1.162214927596221e-06
2867,5.7116182293249e-06,2,1.162214927596221e-06
2868,5.7116182293249e-06,2,1.162214927596221e-06
2869,5.7116182293249e-06,2,1.162214927596221e-06
2870,5.7116182293249e-06,2,1.162214927596221e-06
2871,5.7116182293249e-06,2,1.162214927596221e-06
2872,5.7116182293249e-06,2,1.162214927596221e-06
2873,5.7116182293249e-06,2,1.162214927596221e-06
2874,5.7116182293249e-06,2,1.162214927596221e-06
2875,5.7116182293249e-06,2,1.162214927596221e-06
2876,5.7116182293249e-06,2,1.162214927596221e-06
2877,5.7116182293249e-06,2,1.162214927596221e-06
2878,5.7116182293249e-06,2,1.162214927596221e-06
2879,5.7116182293249e-06,2,1.162214927596221e-06
2880,5.7116182293249e-06,2,1.162214927596221e-06
2881,5.7116182293249e-06,2,1.162214927596221e-06
2882,5.7116182293249e-06,2,1.162214927596221e-06
2883,5.7116182293249e-06,2,1.162214927596221e-06
2884,5.7116182293249e-06,2,1.162214927596221e-06
2885,5.7116182293249e-06,2,1.162214927596221e-06
2886,5.7116182293249e-06,2,1.162214927596221e-06
2887,5.7116182293249e-06,2,1.162214927596221e-06
2888,5.7116182293249e-06,2,1.162214927596221e-06
2889,5.7116182293249e-06,2,1.162214927596221e-06
2890,5.7116182293249e-06,2,1.162214927596221e-06
2891,5.7116182293249e-06,2,1.162214927596221e-06
2892,5.7116182293249e-06,2,1.162214927596221e-06
2893,5.7116182293249e-06,2,1.162214927596221e-06
2894,5.7116182293249e-06,2,1.162214927596221e-06
2895,5.7116182293249e-06,2,1.162214927596221e-06
2896,5.7116182293249e-06,2,1.162214927596221e-06
2897,5.7116182293249e-06,2,1.162214927596221e-06
2898,5.7116182293249e-06,2,1.162214927596221e-06
2899,5.7116182293249e-06,2,1.162214927596221e-06
2900,5.7116182293249e-06,2,1.162214927596221e-06
2901,5.7116182293249e-06,2,1.162214927596221e-06
2902,5.7116182293249e-06,2,1.162214927596221e-06
2903,5.7116182293249e-06,2,1.162214927596221e-06
2904,5.7116182293249e-06,2,1.162214927596221e-06
2905,5.7116182293249e-06,2,1.162214927596221e-06
2906,5.7116182293249e-06,2,1.162214927596221e-06
2907,5.7116182293249e-06,2,1.162214927596221e-06
2908,5.7116182293249e-06,2,1.162214927596221e-06
2909,5.7116182293249e-06,2,1.162214927596221e-06
2910,5.7116182293249e-06,2,1.162214927596221e-06
2911,5.7116182293249e-06,2,1.162214927596221e-06
2912,5.7116182293249e-06,2,1.162214927596221e-06
2913,5.7116182293249e-06,2,1.162214927596221e-06
2914,5.7116182293249e-06,2,1.162214927596221e-06
2915,5.7116182293249e-06,2,1.162214927596221e-06
2916,5.7116182293249e-06,2,1.162214927596221e-06
2917,5.7116182293249e-06,2,1.162214927596221e-06
2918,5.7116182293249e-06,2,1.162214927596221e-06
2919,5.7116182293249e-06,2,1.162214927596221e-06
2920,5.7116182293249e-06,2,1.162214927596221e-06
2921,5.7116182293249e-06,2,1.162214927596221e-06
2922,5.7116182293249e-06,2,1.162214927596221e-06
2923,5.7116182293249e-06,2,1.162214927596221e-06
2924,5.7116182293249e-06,2,1.162214927596221e-06
2925,5.7116182293249e-06,2,1.162214927596221e-06
2926,5.7116182293249e-06,2,1.162214927596221e-06
2927,5.7116182293249e-06,2,1.162214927596221e-06
2928,4.88980817282538e-06,1,
2929,4.88980817282538e-06,1,
2930,4.88980817282538e-06,1,
2931,4.88980817282538e-06,1,
2932,4.88980817282538e-06,1,
2933,4.88980817282538e-06,1,
2934,4.88980817282538e-06,1,
2935,4.88980817282538e-06,1,
2936,4.88980817282538e-06,1,
2937,4.88980817282538e-06,1,
2938,4.88980817282538e-06,1,
2939,4.88980817282538e-06,1,
2940,4.88980817282538e-06,1,
2941,4.88980817282538e-06,1,
2942,4.88980817282538e-06,1,
2943,4.88980817282538e-06,1,
2944,4.88980817282538e-06,1,
2945,4.88980817282538e-06,1,
2946,4.88980817282538e-06,1,
2947,4.88980817282538e-06,1,
2948,4.88980817282538e-06,1,
2949,4.88980817282538e-06,1,
2950,4.88980817282538e-06,1,
2951,4.88980817282538e-06,1,
2952,4.88980817282538e-06,1,
2953,4.88980817282538e-06,1,
2954,4.88980817282538e-06,1,
2955,4.88980817282538e-06,1,
2956,4.88980817282538e-06,1,
2957,4.88980817282538e-06,1,
2958,4.88980817282538e-06,1,
2959,4.88980817282538e-06,1,
2960,4.88980817282538e-06,1,
2961,4.88980817282538e-06,1,
2962,4.88980817282538e-06,1,
2963,4.88980817282538e-06,1,
2964,4.88980817282538e-06,1,
2965,4.88980817282538e-06,1,
2966,4.88980817282538e-06,1,
2967,4.88980817282538e-06,1,
2968,4.88980817282538e-06,1,
2969,4.88980817282538e-06,1,
2970,4.88980817282538e-06,1,
2971,4.88980817282538e-06,1,
2972,4.88980817282538e-06,1,
2973,4.88980817282538e-06,1,
2974,4.88980817282538e-06,1,
2975,4.88980817282538e-06,1,
2976,4.88980817282538e-06,1,
2977,4.88980817282538e-06,1,
2978,4.88980817282538e-06,1,
2979,4.88980817282538e-06,1,
2980,4.88980817282538e-06,1,
2981,4.88980817282538e-06,1,
2982,4.88980817282538e-06,1,
2983,4.88980817282538e-06,1,
2984,4.88980817282538e-06,1,
2985,4.88980817282538e-06,1,
2986,4.88980817282538e-06,1,
2987,4.88980817282538e-06,1,
2988,4.88980817282538e-06,1,
2989,4.88980817282538e-06,1,
2990,4.88980817282538e-06,1,
2991,4.88980817282538e-06,1,
2992,4.88980817282538e-06,1,
2993,4.88980817282538e-06,1,
2994,4.88980817282538e-06,1,
2995,4.88980817282538e-06,1,
2996,4.88980817282538e-06,1,
2997,4.88980817282538e-06,1,
2998,4.88980817282538e-06,1,
2999,4.88980817282538e-06,1,
3000,4.88980817282538e-06,1,
3001,4.88980817282538e-06,1,
3002,4.88980817282538e-06,1,
3003,4.88980817282538e-06,1,
3004,4.88980817282538e-06,1,
3005,4.88980817282538e-06,1,
3006,4.88980817282538e-06,1,
3007,4.88980817282538e-06,1,
3008,4.88980817282538e-06,1,
3009,4.88980817282538e-06,1,
3010,4.88980817282538e-06,1,
3011,4.88980817282538e-06,1,
3012,4.88980817282538e-06,1,
3013,4.88980817282538e-06,1,
3014,4.88980817282538e-06,1,
3015,4.88980817282538e-06,1,
3016,4.88980817282538e-06,1,
3017,4.88980817282538e-06,1,
3018,4.88980817282538e-06,1,
3019,4.88980817282538e-06,1,
3020,4.88980817282538e-06,1,
3021,4.88980817282538e-06,1,
3022,4.88980817282538e-06,1,
3023,4.88980817282538e-06,1,
3024,4.88980817282538e-06,1,
3025,4.88980817282538e-06,1,
3026,4.88980817282538e-06,1,
3027,4.88980817282538e-06,1,
3028,4.88980817282538e-06,1,
3029,4.88980817282538e-06,1,
3030,4.88980817282538e-06,1,
3031,4.88980817282538e-06,1,
3032,4.88980817282538e-06,1,
3033,4.88980817282538e-06,1,
3034,4.88980817282538e-06,1,
3035,4.88980817282538e-06,1,
3036,4.88980817282538e-06,1,
3037,4.88980817282538e-06,1,
3038,4.88980817282538e-06,1,
3039,4.88980817282538e-06,1,
3040,4.88980817282538e-06,1,
3041,4.88980817282538e-06,1,
3042,4.88980817282538e-06,1,
3043,4.88980817282538e-06,1,
3044,4.88980817282538e-06,1,
3045,4.88980817282538e-06,1,
3046,4.88980817282538e-06,1,
3047,4.88980817282538e-06,1,
3048,4.88980817282538e-06,1,
3049,4.88980817282538e-06,1,
3050,4.88980817282538e-06,1,
3051,4.88980817282538e-06,1,
3052,4.88980817282538e-06,1,
3053,4.88980817282538e-06,1,
3054,4.88980817282538e-06,1,
3055,4.88980817282538e-06,1,
3056,4.88980817282538e-06,1,
3057,4.88980817282538e-06,1,
3058,4.88980817282538e-06,1,
3059,4.88980817282538e-06,1,
3060,4.88980817282538e-06,1,
3061,4.88980817282538e-06,1,
3062,4.88980817282538e-06,1,
3063,4.88980817282538e-06,1,
3064,4.88980817282538e-06,1,
3065,4.88980817282538e-06,1,
3066,4.88980817282538e-06,1,
3067,4.88980817282538e-06,1,
3068,4.88980817282538e-06,1,
3069,4.88980817282538e-06,1,
3070,4.88980817282538e-06,1,
3071,4.88980817282538e-06,1,
3072,4.88980817282538e-06,1,
3073,4.88980817282538e-06,1,
3074,4.88980817282538e-06,1,
3075,4.88980817282538e-06,1,
3076,4.88980817282538e-06,1,
3077,4.88980817282538e-06,1,
3078,4.88980817282538e-06,1,
3079,4.88980817282538e-06,1,
3080,4.88980817282538e-06,1,
3081,4.88980817282538e-06,1,
3082,4.88980817282538e-06,1,
3083,4.88980817282538e-06,1,
3084,4.88980817282538e-06,1,
3085,4.88980817282538e-06,1,
3086,4.88980817282538e-06,1,
3087,4.88980817282538e-06,1,
3088,4.88980817282538e-06,1,
3089,4.88980817282538e-06,1,
3090,4.88980817282538e-06,1,
3091,4.88980817282538e-06,1,
3092,4.88980817282538e-06,1,
3093,4.88980817282538e-06,1,
3094,4.88980817282538e-06,1,
3095,4.88980817282538e-06,1,
3096,4.88980817282538e-06,1,
3097,4.88980817282538e-06,1,
3098,4.88980817282538e-06,1,
3099,4.88980817282538e-06,1,
3100,4.88980817282538e-06,1,
3101,4.88980817282538e-06,1,
3102,4.88980817282538e-06,1,
3103,4.88980817282538e-06,1,
3104,4.88980817282538e-06,1,
3105,4.88980817282538e-06,1,
3106,4.88980817282538e-06,1,
3107,4.88980817282538e-06,1,
3108,4.88980817282538e-06,1,
3109,4.88980817282538e-06,1,
3110,4.88980817282538e-06,1,
3111,4.88980817282538e-06,1,
3112,4.88980817282538e-06,1,
3113,4.88980817282538e-06,1,
3114,4.88980817282538e-06,1,
3115,4.88980817282538e-06,1,
3116,4.88980817282538e-06,1,
3117,4.88980817282538e-06,1,
3118,4.88980817282538e-06,1,
3119,4.88980817282538e-06,1,
3120,4.88980817282538e-06,1,
3121,4.88980817282538e-06,1,
3122,4.88980817282538e-06,1,
3123,4.88980817282538e-06,1,
3124,4.88980817282538e-06,1,
3125,4.88980817282538e-06,1,
3126,4.88980817282538e-06,1,
3127,4.88980817282538e-06,1,
3128,4.88980817282538e-06,1,
3129,4.88980817282538e-06,1,
3130,4.88980817282538e-06,1,
3131,4.88980817282538e-06,1,
3132,4.88980817282538e-06,1,
3133,4.88980817282538e-06,1,
3134,4.88980817282538e-06,1,
3135,4.88980817282538e-06,1,
3136,4.88980817282538e-06,1,
3137,4.88980817282538e-06,1,
3138,4.88980817282538e-06,1,
3139,4.88980817282538e-06,1,
3140,4.88980817282538e-06,1,
3141,4.88980817282538e-06,1,
3142,4.88980817282538e-06,1,
3143,4.88980817282538e-06,1,
3144,4.88980817282538e-06,1,
3145,4.88980817282538e-06,1,
3146,4.88980817282538e-06,1,
3147,4.88980817282538e-06,1,
3148,4.88980817282538e-06,1,
3149,4.88980817282538e-06,1,
3150,4.88980817282538e-06,1,
3151,4.88980817282538e-06,1,
3152,4.88980817282538e-06,1,
3153,4.88980817282538e-06,1,
3154,4.88980817282538e-06,1,
3155,4.88980817282538e-06,1,
3156,4.88980817282538e-06,1,
3157,4.88980817282538e-06,1,
3158,4.88980817282538e-06,1,
3159,4.88980817282538e-06,1,
3160,4.88980817282538e-06,1,
3161,4.88980817282538e-06,1,
3162,4.88980817282538e-06,1,
3163,4.88980817282538e-06,1,
3164,4.88980817282538e-06,1,
3165,4.88980817282538e-06,1,
3166,4.88980817282538e-06,1,
3167,4.88980817282538e-06,1,
3168,4.88980817282538e-06,1,
3169,4.88980817282538e-06,1,
3170,4.88980817282538e-06,1,
3171,4.88980817282538e-06,1,
3172,4.88980817282538e-06,1,
3173,4.88980817282538e-06,1,
3174,4.88980817282538e-06,1,
3175,4.88980817282538e-06,1,
3176,4.88980817282538e-06,1,
3177,4.88980817282538e-06,1,
3178,4.88980817282538e-06,1,
3179,4.88980817282538e-06,1,
3180,4.88980817282538e-06,1,
3181,4.88980817282538e-06,1,
3182,4.88980817282538e-06,1,
3183,4.88980817282538e-06,1,
3184,4.88980817282538e-06,1,
3185,4.88980817282538e-06,1,
3186,4.88980817282538e-06,1,
3187,4.88980817282538e-06,1,
3188,4.88980817282538e-06,1,
3189,4.88980817282538e-06,1,
3190,4.88980817282538e-06,1,
3191,4.88980817282538e-06,1,
3192,4.88980817282538e-06,1,
3193,4.88980817282538e-06,1,
3194,4.88980817282538e-06,1,
3195,4.88980817282538e-06,1,
3196,4.88980817282538e-06,1,
3197,4.88980817282538e-06,1,
3198,4.88980817282538e-06,1,
3199,4.88980817282538e-06,1,
3200,4.88980817282538e-06,1,
3201,4.88980817282538e-06,1,
3202,4.88980817282538e-06,1,
3203,4.88980817282538e-06,1,
3204,4.88980817282538e-06,1,
3205,4.88980817282538e-06,1,
3206,4.88980817282538e-06,1,
3207,4.88980817282538e-06,1,
3208,4.88980817282538e-06,1,
3209,4.88980817282538e-06,1,
3210,4.88980817282538e-06,1,
3211,4.88980817282538e-06,1,
3212,4.88980817282538e-06,1,
3213,4.88980817282538e-06,1,
3214,4.88980817282538e-06,1,
3215,4.88980817282538e-06,1,
3216,4.88980817282538e-06,1,
3217,4.88980817282538e-06,1,
3218,4.88980817282538e-06,1,
3219,4.88980817282538e-06,1,
3220,4.88980817282538e-06,1,
3221,4.88980817282538e-06,1,
3222,4.88980817282538e-06,1,
3223,4.88980817282538e-06,1,
3224,4.88980817282538e-06,1,
3225,4.88980817282538e-06,1,
3226,4.88980817282538e-06,1,
3227,4.88980817282538e-06,1,
3228,4.88980817282538e-06,1,
3229,4.88980817282538e-06,1,
3230,4.88980817282538e-06,1,
3231,4.88980817282538e-06,1,
3232,4.88980817282538e-06,1,
3233,4.88980817282538e-06,1,
3234,4.88980817282538e-06,1,
3235,4.88980817282538e-06,1,
3236,4.88980817282538e-06,1,
3237,4.88980817282538e-06,1,
3238,4.88980817282538e-06,1,
3239,4.88980817282538e-06,1,
3240,4.88980817282538e-06,1,
3241,4.88980817282538e-06,1,
3242,4.88980817282538e-06,1,
3243,4.88980817282538e-06,1,
3244,4.88980817282538e-06,1,
3245,4.88980817282538e-06,1,
3246,4.88980817282538e-06,1,
3247,4.88980817282538e-06,1,
3248,4.88980817282538e-06,1,
3249,4.88980817282538e-06,1,
3250,4.88980817282538e-06,1,
3251,4.88980817282538e-06,1,
3252,4.88980817282538e-06,1,
3253,4.88980817282538e-06,1,
3254,4.88980817282538e-06,1,
3255,4.88980817282538e-06,1,
3256,4.88980817282538e-06,1,
3257,4.88980817282538e-06,1,
3258,4.88980817282538e-06,1,
3259,4.88980817282538e-06,1,
3260,4.88980817282538e-06,1,
