verb,subject,frequency,rank,total,proportion
be,that,3038,1,11930,0.25465213746856663
be,it,1948,2,11930,0.16328583403185248
be,you,1190,3,11930,0.0997485331098072
be,this,669,4,11930,0.05607711651299246
be,what,549,5,11930,0.0460184409052808
be,they,485,6,11930,0.040653813914501256
be,he,467,7,11930,0.03914501257334451
be,who,443,8,11930,0.03713327745180218
be,i,311,9,11930,0.026068734283319364
be,she,258,10,11930,0.02162615255658005
be,name,151,11,11930,0.012657166806370494
be,one,116,12,11930,0.00972338642078793
be,those,114,13,11930,0.009555741827326068
be,thing,111,14,11930,0.009304274937133277
be,these,95,15,11930,0.00796311818943839
be,we,79,16,11930,0.006621961441743504
be,godmother,49,17,11930,0.004107292539815591
be,birthday,44,18,11930,0.0036881810561609388
be,food,43,19,11930,0.0036043587594300082
be,game,38,20,11930,0.003185247275775356
be,all,27,21,11930,0.0022632020117351217
be,toy,26,22,11930,0.0021793797150041912
be,season,26,23,11930,0.0021793797150041912
be,guy,24,24,11930,0.00201173512154233
be,movie,24,25,11930,0.00201173512154233
be,boy,23,26,11930,0.0019279128248114
be,part,22,27,11930,0.0018440905280804694
be,show,22,28,11930,0.0018440905280804694
be,story,20,29,11930,0.0016764459346186086
be,balloon,20,30,11930,0.0016764459346186086
be,subject,20,31,11930,0.0016764459346186086
be,tiger,20,32,11930,0.0016764459346186086
be,girl,19,33,11930,0.001592623637887678
be,which,18,34,11930,0.0015088013411567478
be,dat,18,35,11930,0.0015088013411567478
be,matter,17,36,11930,0.0014249790444258172
be,teacher,17,37,11930,0.0014249790444258172
be,friend,17,38,11930,0.0014249790444258172
be,kind,17,39,11930,0.0014249790444258172
be,some,15,40,11930,0.0012573344509639564
be,halloween,15,41,11930,0.0012573344509639564
be,man,14,42,11930,0.001173512154233026
be,car,14,43,11930,0.001173512154233026
be,woman,13,44,11930,0.0010896898575020956
be,people,13,45,11930,0.0010896898575020956
be,dog,13,46,11930,0.0010896898575020956
be,seamstress,12,47,11930,0.001005867560771165
be,firstname,12,48,11930,0.001005867560771165
be,animal,12,49,11930,0.001005867560771165
be,wish,12,50,11930,0.001005867560771165
be,aerobics,11,51,11930,0.0009220452640402347
be,daddy,11,52,11930,0.0009220452640402347
be,wat,11,53,11930,0.0009220452640402347
be,house,11,54,11930,0.0009220452640402347
be,favourite,11,55,11930,0.0009220452640402347
be,cat,10,56,11930,0.0008382229673093043
be,kid,10,57,11930,0.0008382229673093043
be,program,10,58,11930,0.0008382229673093043
be,brother,9,59,11930,0.0007544006705783739
be,cup,9,60,11930,0.0007544006705783739
be,debbie,9,61,11930,0.0007544006705783739
be,bird,9,62,11930,0.0007544006705783739
be,day,8,63,11930,0.0006705783738474435
be,elephant,8,64,11930,0.0006705783738474435
be,picture,8,65,11930,0.0006705783738474435
be,school,8,66,11930,0.0006705783738474435
be,yours,8,67,11930,0.0006705783738474435
be,number,8,68,11930,0.0006705783738474435
be,mom,8,69,11930,0.0006705783738474435
be,sportscaster,8,70,11930,0.0006705783738474435
be,waar,8,71,11930,0.0006705783738474435
be,wanna,8,72,11930,0.0006705783738474435
be,book,7,73,11930,0.000586756077116513
be,today,7,74,11930,0.000586756077116513
be,wie,7,75,11930,0.000586756077116513
be,hier,7,76,11930,0.000586756077116513
be,turtle,7,77,11930,0.000586756077116513
be,eye,7,78,11930,0.000586756077116513
be,word,6,79,11930,0.0005029337803855825
be,xxx,6,80,11930,0.0005029337803855825
be,job,6,81,11930,0.0005029337803855825
be,color,6,82,11930,0.0005029337803855825
be,card,6,83,11930,0.0005029337803855825
be,your,6,84,11930,0.0005029337803855825
be,time,6,85,11930,0.0005029337803855825
be,het,6,86,11930,0.0005029337803855825
be,nou,6,87,11930,0.0005029337803855825
be,budgie,6,88,11930,0.0005029337803855825
be,peter,6,89,11930,0.0005029337803855825
be,frog,5,90,11930,0.00041911148365465214
be,foot,5,91,11930,0.00041911148365465214
be,cow,5,92,11930,0.00041911148365465214
be,stuff,5,93,11930,0.00041911148365465214
be,person,5,94,11930,0.00041911148365465214
be,a,5,95,11930,0.00041911148365465214
be,shoe,5,96,11930,0.00041911148365465214
be,storyteller,5,97,11930,0.00041911148365465214
be,die,5,98,11930,0.00041911148365465214
be,sister,5,99,11930,0.00041911148365465214
be,jack,5,100,11930,0.00041911148365465214
be,tony,5,101,11930,0.00041911148365465214
be,go,5,102,11930,0.00041911148365465214
be,monkey,5,103,11930,0.00041911148365465214
be,three,5,104,11930,0.00041911148365465214
be,spot,5,105,11930,0.00041911148365465214
be,everything,5,106,11930,0.00041911148365465214
be,piece,5,107,11930,0.00041911148365465214
be,class,5,108,11930,0.00041911148365465214
be,colour,5,109,11930,0.00041911148365465214
be,fun,5,110,11930,0.00041911148365465214
be,holiday,5,111,11930,0.00041911148365465214
be,easter,5,112,11930,0.00041911148365465214
be,china,5,113,11930,0.00041911148365465214
be,page,4,114,11930,0.00033528918692372173
be,water,4,115,11930,0.00033528918692372173
be,mine,4,116,11930,0.00033528918692372173
be,nothing,4,117,11930,0.00033528918692372173
be,anybody,4,118,11930,0.00033528918692372173
be,somebody,4,119,11930,0.00033528918692372173
be,lady,4,120,11930,0.00033528918692372173
be,baby,4,121,11930,0.00033528918692372173
be,many,4,122,11930,0.00033528918692372173
be,favorite,4,123,11930,0.00033528918692372173
be,hij,4,124,11930,0.00033528918692372173
be,t,4,125,11930,0.00033528918692372173
be,christine,4,126,11930,0.00033528918692372173
be,pig,4,127,11930,0.00033528918692372173
be,sound,4,128,11930,0.00033528918692372173
be,christmas,4,129,11930,0.00033528918692372173
be,van,4,130,11930,0.00033528918692372173
be,grade,4,131,11930,0.00033528918692372173
be,bear,4,132,11930,0.00033528918692372173
be,chip,4,133,11930,0.00033528918692372173
be,dav,4,134,11930,0.00033528918692372173
be,grandma,4,135,11930,0.00033528918692372173
be,truck,3,136,11930,0.0002514668901927913
be,chi,3,137,11930,0.0002514668901927913
be,hasta,3,138,11930,0.0002514668901927913
be,flower,3,139,11930,0.0002514668901927913
be,dad,3,140,11930,0.0002514668901927913
be,money,3,141,11930,0.0002514668901927913
be,look,3,142,11930,0.0002514668901927913
be,door,3,143,11930,0.0002514668901927913
be,us,3,144,11930,0.0002514668901927913
be,christopher,3,145,11930,0.0002514668901927913
be,dot,3,146,11930,0.0002514668901927913
be,mother,3,147,11930,0.0002514668901927913
be,daar,3,148,11930,0.0002514668901927913
be,horse,3,149,11930,0.0002514668901927913
be,dessert,3,150,11930,0.0002514668901927913
be,microphone,3,151,11930,0.0002514668901927913
be,big_bird,3,152,11930,0.0002514668901927913
be,grover,3,153,11930,0.0002514668901927913
be,duck,3,154,11930,0.0002514668901927913
be,fish,3,155,11930,0.0002514668901927913
be,hat,3,156,11930,0.0002514668901927913
be,ear,3,157,11930,0.0002514668901927913
be,pam,3,158,11930,0.0002514668901927913
be,queen,3,159,11930,0.0002514668901927913
be,nose,3,160,11930,0.0002514668901927913
be,crayon,3,161,11930,0.0002514668901927913
be,sprite,3,162,11930,0.0002514668901927913
be,d,3,163,11930,0.0002514668901927913
be,farmer,3,164,11930,0.0002514668901927913
be,present,3,165,11930,0.0002514668901927913
be,hand,3,166,11930,0.0002514668901927913
be,donald,3,167,11930,0.0002514668901927913
be,where,3,168,11930,0.0002514668901927913
be,ruth,3,169,11930,0.0002514668901927913
be,wheel,3,170,11930,0.0002514668901927913
be,snow,3,171,11930,0.0002514668901927913
be,centre,3,172,11930,0.0002514668901927913
be,tiyang,3,173,11930,0.0002514668901927913
be,tiell,3,174,11930,0.0002514668901927913
be,relative,2,175,11930,0.00016764459346186087
be,skin,2,176,11930,0.00016764459346186087
be,bro,2,177,11930,0.00016764459346186087
be,shirt,2,178,11930,0.00016764459346186087
be,paper,2,179,11930,0.00016764459346186087
be,homework,2,180,11930,0.00016764459346186087
be,good,2,181,11930,0.00016764459346186087
be,cooky,2,182,11930,0.00016764459346186087
be,k,2,183,11930,0.00016764459346186087
be,needta,2,184,11930,0.00016764459346186087
be,driver,2,185,11930,0.00016764459346186087
be,difference,2,186,11930,0.00016764459346186087
be,grass,2,187,11930,0.00016764459346186087
be,window,2,188,11930,0.00016764459346186087
be,child,2,189,11930,0.00016764459346186087
be,question,2,190,11930,0.00016764459346186087
be,bike,2,191,11930,0.00016764459346186087
be,tadpole,2,192,11930,0.00016764459346186087
be,ace,2,193,11930,0.00016764459346186087
be,puppy,2,194,11930,0.00016764459346186087
be,letter,2,195,11930,0.00016764459346186087
be,gang,2,196,11930,0.00016764459346186087
be,rocky,2,197,11930,0.00016764459346186087
be,level,2,198,11930,0.00016764459346186087
be,the,2,199,11930,0.00016764459346186087
be,penguin,2,200,11930,0.00016764459346186087
be,zo,2,201,11930,0.00016764459346186087
be,kijk,2,202,11930,0.00016764459346186087
be,dan,2,203,11930,0.00016764459346186087
be,alle,2,204,11930,0.00016764459346186087
be,hole,2,205,11930,0.00016764459346186087
be,donkey,2,206,11930,0.00016764459346186087
be,saw,2,207,11930,0.00016764459346186087
be,horsie,2,208,11930,0.00016764459346186087
be,whose,2,209,11930,0.00016764459346186087
be,bigfoot,2,210,11930,0.00016764459346186087
be,monster,2,211,11930,0.00016764459346186087
be,bus,2,212,11930,0.00016764459346186087
be,engine,2,213,11930,0.00016764459346186087
be,billy,2,214,11930,0.00016764459346186087
be,blackie,2,215,11930,0.00016764459346186087
be,turkey,2,216,11930,0.00016764459346186087
be,plane,2,217,11930,0.00016764459346186087
be,something,2,218,11930,0.00016764459346186087
be,run,2,219,11930,0.00016764459346186087
be,four,2,220,11930,0.00016764459346186087
be,bob,2,221,11930,0.00016764459346186087
be,moo,2,222,11930,0.00016764459346186087
be,chicken,2,223,11930,0.00016764459346186087
be,say,2,224,11930,0.00016764459346186087
be,o,2,225,11930,0.00016764459346186087
be,cover,2,226,11930,0.00016764459346186087
be,line,2,227,11930,0.00016764459346186087
be,five,2,228,11930,0.00016764459346186087
be,rest,2,229,11930,0.00016764459346186087
be,chair,2,230,11930,0.00016764459346186087
be,spoon,2,231,11930,0.00016764459346186087
be,work,2,232,11930,0.00016764459346186087
be,handle,2,233,11930,0.00016764459346186087
be,fruit,2,234,11930,0.00016764459346186087
be,everybody,2,235,11930,0.00016764459346186087
be,blue,2,236,11930,0.00016764459346186087
be,wizard,2,237,11930,0.00016764459346186087
be,e,2,238,11930,0.00016764459346186087
be,y,2,239,11930,0.00016764459346186087
be,place,2,240,11930,0.00016764459346186087
be,he_man,2,241,11930,0.00016764459346186087
be,sport,2,242,11930,0.00016764459346186087
be,spring,2,243,11930,0.00016764459346186087
be,another,2,244,11930,0.00016764459346186087
be,wall,2,245,11930,0.00016764459346186087
be,sno,2,246,11930,0.00016764459346186087
be,bit,2,247,11930,0.00016764459346186087
be,mel,2,248,11930,0.00016764459346186087
be,home,2,249,11930,0.00016764459346186087
be,crane,2,250,11930,0.00016764459346186087
be,cream,2,251,11930,0.00016764459346186087
be,dinosaur,2,252,11930,0.00016764459346186087
be,hair,2,253,11930,0.00016764459346186087
be,winter,2,254,11930,0.00016764459346186087
be,santa_claus,2,255,11930,0.00016764459346186087
be,yesterday,2,256,11930,0.00016764459346186087
be,beast,2,257,11930,0.00016764459346186087
be,christina,2,258,11930,0.00016764459346186087
be,jordan,2,259,11930,0.00016764459346186087
be,country,2,260,11930,0.00016764459346186087
be,texas,2,261,11930,0.00016764459346186087
be,snack,2,262,11930,0.00016764459346186087
be,building,2,263,11930,0.00016764459346186087
be,weather,2,264,11930,0.00016764459346186087
be,poko,2,265,11930,0.00016764459346186087
be,cinderella,2,266,11930,0.00016764459346186087
be,tree,2,267,11930,0.00016764459346186087
be,top,2,268,11930,0.00016764459346186087
be,ninja_turtle,2,269,11930,0.00016764459346186087
be,thermometer,1,270,11930,8.382229673093043e-05
be,ice,1,271,11930,8.382229673093043e-05
be,oh_boy,1,272,11930,8.382229673093043e-05
be,bath,1,273,11930,8.382229673093043e-05
be,tue,1,274,11930,8.382229673093043e-05
be,egg,1,275,11930,8.382229673093043e-05
be,calf,1,276,11930,8.382229673093043e-05
be,herd,1,277,11930,8.382229673093043e-05
be,most,1,278,11930,8.382229673093043e-05
be,grandfather,1,279,11930,8.382229673093043e-05
be,traffic,1,280,11930,8.382229673093043e-05
be,charice,1,281,11930,8.382229673093043e-05
be,block,1,282,11930,8.382229673093043e-05
be,phone,1,283,11930,8.382229673093043e-05
be,button,1,284,11930,8.382229673093043e-05
be,sposta,1,285,11930,8.382229673093043e-05
be,problem,1,286,11930,8.382229673093043e-05
be,son,1,287,11930,8.382229673093043e-05
be,pencil,1,288,11930,8.382229673093043e-05
be,michael,1,289,11930,8.382229673093043e-05
be,radiator,1,290,11930,8.382229673093043e-05
be,buddy,1,291,11930,8.382229673093043e-05
be,melly'has,1,292,11930,8.382229673093043e-05
be,www,1,293,11930,8.382229673093043e-05
be,boxer,1,294,11930,8.382229673093043e-05
be,project,1,295,11930,8.382229673093043e-05
be,bottle,1,296,11930,8.382229673093043e-05
be,first,1,297,11930,8.382229673093043e-05
be,focus,1,298,11930,8.382229673093043e-05
be,play+ground,1,299,11930,8.382229673093043e-05
be,salt,1,300,11930,8.382229673093043e-05
be,idea,1,301,11930,8.382229673093043e-05
be,potato,1,302,11930,8.382229673093043e-05
be,date,1,303,11930,8.382229673093043e-05
be,corn,1,304,11930,8.382229673093043e-05
be,catcher,1,305,11930,8.382229673093043e-05
be,whosever,1,306,11930,8.382229673093043e-05
be,mommy,1,307,11930,8.382229673093043e-05
be,oven,1,308,11930,8.382229673093043e-05
be,carrier,1,309,11930,8.382229673093043e-05
be,goal,1,310,11930,8.382229673093043e-05
be,honey,1,311,11930,8.382229673093043e-05
be,hose,1,312,11930,8.382229673093043e-05
be,toad,1,313,11930,8.382229673093043e-05
be,squiggly,1,314,11930,8.382229673093043e-05
be,doll,1,315,11930,8.382229673093043e-05
be,uhoh,1,316,11930,8.382229673093043e-05
be,mark,1,317,11930,8.382229673093043e-05
be,useta,1,318,11930,8.382229673093043e-05
be,aerobic,1,319,11930,8.382229673093043e-05
be,dressmaker,1,320,11930,8.382229673093043e-05
be,sailor,1,321,11930,8.382229673093043e-05
be,wildflower,1,322,11930,8.382229673093043e-05
be,curtain,1,323,11930,8.382229673093043e-05
be,cloud,1,324,11930,8.382229673093043e-05
be,yup,1,325,11930,8.382229673093043e-05
be,lot,1,326,11930,8.382229673093043e-05
be,mailman,1,327,11930,8.382229673093043e-05
be,ballet,1,328,11930,8.382229673093043e-05
be,mommys,1,329,11930,8.382229673093043e-05
be,title,1,330,11930,8.382229673093043e-05
be,cheerleader,1,331,11930,8.382229673093043e-05
be,machine,1,332,11930,8.382229673093043e-05
be,lie,1,333,11930,8.382229673093043e-05
be,joker,1,334,11930,8.382229673093043e-05
be,bug,1,335,11930,8.382229673093043e-05
be,calm,1,336,11930,8.382229673093043e-05
be,any,1,337,11930,8.382229673093043e-05
be,star,1,338,11930,8.382229673093043e-05
be,weasel,1,339,11930,8.382229673093043e-05
be,david,1,340,11930,8.382229673093043e-05
be,reporter,1,341,11930,8.382229673093043e-05
be,great,1,342,11930,8.382229673093043e-05
be,report,1,343,11930,8.382229673093043e-05
be,grandmother,1,344,11930,8.382229673093043e-05
be,robert,1,345,11930,8.382229673093043e-05
be,laura,1,346,11930,8.382229673093043e-05
be,doh,1,347,11930,8.382229673093043e-05
be,willie,1,348,11930,8.382229673093043e-05
be,flag,1,349,11930,8.382229673093043e-05
be,mijne,1,350,11930,8.382229673093043e-05
be,leuk,1,351,11930,8.382229673093043e-05
be,lepel,1,352,11930,8.382229673093043e-05
be,je,1,353,11930,8.382229673093043e-05
be,beslag,1,354,11930,8.382229673093043e-05
be,ik,1,355,11930,8.382229673093043e-05
be,waarvan,1,356,11930,8.382229673093043e-05
be,omdat,1,357,11930,8.382229673093043e-05
be,op,1,358,11930,8.382229673093043e-05
be,lekker,1,359,11930,8.382229673093043e-05
be,eten,1,360,11930,8.382229673093043e-05
be,oe,1,361,11930,8.382229673093043e-05
be,jij,1,362,11930,8.382229673093043e-05
be,heerlijk,1,363,11930,8.382229673093043e-05
be,deze,1,364,11930,8.382229673093043e-05
be,mam,1,365,11930,8.382229673093043e-05
be,wol,1,366,11930,8.382229673093043e-05
be,als,1,367,11930,8.382229673093043e-05
be,geld,1,368,11930,8.382229673093043e-05
be,de,1,369,11930,8.382229673093043e-05
be,buiten,1,370,11930,8.382229673093043e-05
be,vier,1,371,11930,8.382229673093043e-05
be,weer,1,372,11930,8.382229673093043e-05
be,ze,1,373,11930,8.382229673093043e-05
be,klein,1,374,11930,8.382229673093043e-05
be,bel,1,375,11930,8.382229673093043e-05
be,station,1,376,11930,8.382229673093043e-05
be,math,1,377,11930,8.382229673093043e-05
be,lego,1,378,11930,8.382229673093043e-05
be,track,1,379,11930,8.382229673093043e-05
be,fav,1,380,11930,8.382229673093043e-05
be,tea,1,381,11930,8.382229673093043e-05
be,bucket,1,382,11930,8.382229673093043e-05
be,smartie,1,383,11930,8.382229673093043e-05
be,dolly,1,384,11930,8.382229673093043e-05
be,bukan,1,385,11930,8.382229673093043e-05
be,mobil+mobilannya,1,386,11930,8.382229673093043e-05
be,painting,1,387,11930,8.382229673093043e-05
be,box,1,388,11930,8.382229673093043e-05
be,bran,1,389,11930,8.382229673093043e-05
be,barbie,1,390,11930,8.382229673093043e-05
be,transformer,1,391,11930,8.382229673093043e-05
be,barbara_walter,1,392,11930,8.382229673093043e-05
be,commercial,1,393,11930,8.382229673093043e-05
be,robotic,1,394,11930,8.382229673093043e-05
be,kurt,1,395,11930,8.382229673093043e-05
be,shortcake,1,396,11930,8.382229673093043e-05
be,soccer,1,397,11930,8.382229673093043e-05
be,tooth,1,398,11930,8.382229673093043e-05
be,octopus,1,399,11930,8.382229673093043e-05
be,tag,1,400,11930,8.382229673093043e-05
be,key,1,401,11930,8.382229673093043e-05
be,da,1,402,11930,8.382229673093043e-05
be,sid,1,403,11930,8.382229673093043e-05
be,radio,1,404,11930,8.382229673093043e-05
be,john,1,405,11930,8.382229673093043e-05
be,sponge,1,406,11930,8.382229673093043e-05
be,elbow,1,407,11930,8.382229673093043e-05
be,stacy,1,408,11930,8.382229673093043e-05
be,boo_boo,1,409,11930,8.382229673093043e-05
be,pin,1,410,11930,8.382229673093043e-05
be,hotdog,1,411,11930,8.382229673093043e-05
be,doggie,1,412,11930,8.382229673093043e-05
be,cheryl,1,413,11930,8.382229673093043e-05
be,kangaroo,1,414,11930,8.382229673093043e-05
be,muscle,1,415,11930,8.382229673093043e-05
be,his,1,416,11930,8.382229673093043e-05
be,alison,1,417,11930,8.382229673093043e-05
be,bulb,1,418,11930,8.382229673093043e-05
be,grampa,1,419,11930,8.382229673093043e-05
be,clothe,1,420,11930,8.382229673093043e-05
be,stacey,1,421,11930,8.382229673093043e-05
be,leg,1,422,11930,8.382229673093043e-05
be,bee,1,423,11930,8.382229673093043e-05
be,puzzle,1,424,11930,8.382229673093043e-05
be,b,1,425,11930,8.382229673093043e-05
be,stanley,1,426,11930,8.382229673093043e-05
be,duane,1,427,11930,8.382229673093043e-05
be,stove,1,428,11930,8.382229673093043e-05
be,pan,1,429,11930,8.382229673093043e-05
be,counter,1,430,11930,8.382229673093043e-05
be,battery,1,431,11930,8.382229673093043e-05
be,arm,1,432,11930,8.382229673093043e-05
be,twin,1,433,11930,8.382229673093043e-05
be,choice,1,434,11930,8.382229673093043e-05
be,cracker,1,435,11930,8.382229673093043e-05
be,helen,1,436,11930,8.382229673093043e-05
be,wife,1,437,11930,8.382229673093043e-05
be,sky,1,438,11930,8.382229673093043e-05
be,band,1,439,11930,8.382229673093043e-05
be,head,1,440,11930,8.382229673093043e-05
be,anyone,1,441,11930,8.382229673093043e-05
be,cake,1,442,11930,8.382229673093043e-05
be,hamburger,1,443,11930,8.382229673093043e-05
be,clock,1,444,11930,8.382229673093043e-05
be,o'clock,1,445,11930,8.382229673093043e-05
be,refrigerator,1,446,11930,8.382229673093043e-05
be,sue,1,447,11930,8.382229673093043e-05
be,side,1,448,11930,8.382229673093043e-05
be,pancake,1,449,11930,8.382229673093043e-05
be,way,1,450,11930,8.382229673093043e-05
be,diamond,1,451,11930,8.382229673093043e-05
be,mouth,1,452,11930,8.382229673093043e-05
be,woo,1,453,11930,8.382229673093043e-05
be,tent,1,454,11930,8.382229673093043e-05
be,mouse,1,455,11930,8.382229673093043e-05
be,chin,1,456,11930,8.382229673093043e-05
be,forehead,1,457,11930,8.382229673093043e-05
be,effect,1,458,11930,8.382229673093043e-05
be,popomatic,1,459,11930,8.382229673093043e-05
be,gingerbread+man,1,460,11930,8.382229673093043e-05
be,sign,1,461,11930,8.382229673093043e-05
be,hill,1,462,11930,8.382229673093043e-05
be,do,1,463,11930,8.382229673093043e-05
be,boat,1,464,11930,8.382229673093043e-05
be,cloth,1,465,11930,8.382229673093043e-05
be,noise,1,466,11930,8.382229673093043e-05
be,telephone,1,467,11930,8.382229673093043e-05
be,joyce,1,468,11930,8.382229673093043e-05
be,onion,1,469,11930,8.382229673093043e-05
be,juice,1,470,11930,8.382229673093043e-05
be,player,1,471,11930,8.382229673093043e-05
be,bed+room,1,472,11930,8.382229673093043e-05
be,kevin,1,473,11930,8.382229673093043e-05
be,someone,1,474,11930,8.382229673093043e-05
be,crowd,1,475,11930,8.382229673093043e-05
be,witch,1,476,11930,8.382229673093043e-05
be,c,1,477,11930,8.382229673093043e-05
be,paul,1,478,11930,8.382229673093043e-05
be,g,1,479,11930,8.382229673093043e-05
be,h,1,480,11930,8.382229673093043e-05
be,m,1,481,11930,8.382229673093043e-05
be,q,1,482,11930,8.382229673093043e-05
be,r,1,483,11930,8.382229673093043e-05
be,u,1,484,11930,8.382229673093043e-05
be,z,1,485,11930,8.382229673093043e-05
be,air,1,486,11930,8.382229673093043e-05
be,pick,1,487,11930,8.382229673093043e-05
be,nickie,1,488,11930,8.382229673093043e-05
be,tigers,1,489,11930,8.382229673093043e-05
be,jays,1,490,11930,8.382229673093043e-05
be,tyl,1,491,11930,8.382229673093043e-05
be,bush,1,492,11930,8.382229673093043e-05
be,grill,1,493,11930,8.382229673093043e-05
be,shampoo,1,494,11930,8.382229673093043e-05
be,st_patricks_day,1,495,11930,8.382229673093043e-05
be,oop,1,496,11930,8.382229673093043e-05
be,bag,1,497,11930,8.382229673093043e-05
be,experiment,1,498,11930,8.382229673093043e-05
be,crop,1,499,11930,8.382229673093043e-05
be,gam,1,500,11930,8.382229673093043e-05
be,mcnuggets,1,501,11930,8.382229673093043e-05
be,minute,1,502,11930,8.382229673093043e-05
be,mac,1,503,11930,8.382229673093043e-05
be,sis,1,504,11930,8.382229673093043e-05
be,back,1,505,11930,8.382229673093043e-05
be,ariel,1,506,11930,8.382229673093043e-05
be,sea+witch,1,507,11930,8.382229673093043e-05
be,lily+pad,1,508,11930,8.382229673093043e-05
be,yur,1,509,11930,8.382229673093043e-05
be,milk,1,510,11930,8.382229673093043e-05
be,barnyard,1,511,11930,8.382229673093043e-05
be,rainbow,1,512,11930,8.382229673093043e-05
be,cherry,1,513,11930,8.382229673093043e-05
be,rondal,1,514,11930,8.382229673093043e-05
be,moo+cow,1,515,11930,8.382229673093043e-05
be,little,1,516,11930,8.382229673093043e-05
be,toilet,1,517,11930,8.382229673093043e-05
be,dinner,1,518,11930,8.382229673093043e-05
be,tip,1,519,11930,8.382229673093043e-05
be,wire,1,520,11930,8.382229673093043e-05
be,so_that,1,521,11930,8.382229673093043e-05
be,ambulance,1,522,11930,8.382229673093043e-05
be,tanker,1,523,11930,8.382229673093043e-05
be,brick,1,524,11930,8.382229673093043e-05
be,light,1,525,11930,8.382229673093043e-05
be,kitchen,1,526,11930,8.382229673093043e-05
be,half,1,527,11930,8.382229673093043e-05
be,shop,1,528,11930,8.382229673093043e-05
be,ring,1,529,11930,8.382229673093043e-05
be,goggins,1,530,11930,8.382229673093043e-05
be,pram,1,531,11930,8.382229673093043e-05
be,face,1,532,11930,8.382229673093043e-05
be,pump,1,533,11930,8.382229673093043e-05
be,controller,1,534,11930,8.382229673093043e-05
be,art,1,535,11930,8.382229673093043e-05
be,toe,1,536,11930,8.382229673093043e-05
be,suit,1,537,11930,8.382229673093043e-05
be,song,1,538,11930,8.382229673093043e-05
be,mmm,1,539,11930,8.382229673093043e-05
be,library,1,540,11930,8.382229673093043e-05
be,anything,1,541,11930,8.382229673093043e-05
be,callie,1,542,11930,8.382229673093043e-05
be,tomorrow,1,543,11930,8.382229673093043e-05
be,clifford,1,544,11930,8.382229673093043e-05
be,doc,1,545,11930,8.382229673093043e-05
be,ya,1,546,11930,8.382229673093043e-05
be,stepmother,1,547,11930,8.382229673093043e-05
be,dillon,1,548,11930,8.382229673093043e-05
be,costume,1,549,11930,8.382229673093043e-05
be,chocolate,1,550,11930,8.382229673093043e-05
be,white,1,551,11930,8.382229673093043e-05
be,computer,1,552,11930,8.382229673093043e-05
be,skateboard,1,553,11930,8.382229673093043e-05
be,freind,1,554,11930,8.382229673093043e-05
be,grandpa,1,555,11930,8.382229673093043e-05
be,candy,1,556,11930,8.382229673093043e-05
be,pik,1,557,11930,8.382229673093043e-05
be,batman,1,558,11930,8.382229673093043e-05
be,pen,1,559,11930,8.382229673093043e-05
be,swan,1,560,11930,8.382229673093043e-05
be,turn,1,561,11930,8.382229673093043e-05
be,gr,1,562,11930,8.382229673093043e-05
be,farm,1,563,11930,8.382229673093043e-05
be,porcupine,1,564,11930,8.382229673093043e-05
be,apple,1,565,11930,8.382229673093043e-05
be,tyson,1,566,11930,8.382229673093043e-05
be,continent,1,567,11930,8.382229673093043e-05
be,bucharest,1,568,11930,8.382229673093043e-05
be,fairy,1,569,11930,8.382229673093043e-05
be,spikey,1,570,11930,8.382229673093043e-05
be,power_ranger,1,571,11930,8.382229673093043e-05
be,brand,1,572,11930,8.382229673093043e-05
be,care_bear,1,573,11930,8.382229673093043e-05
be,tian,1,574,11930,8.382229673093043e-05
be,sun,1,575,11930,8.382229673093043e-05
be,mosquito,1,576,11930,8.382229673093043e-05
be,kansas,1,577,11930,8.382229673093043e-05
be,tomato,1,578,11930,8.382229673093043e-05
be,iga,1,579,11930,8.382229673093043e-05
be,dot+com,1,580,11930,8.382229673093043e-05
be,chan,1,581,11930,8.382229673093043e-05
be,pant,1,582,11930,8.382229673093043e-05
be,robot,1,583,11930,8.382229673093043e-05
be,restaurant,1,584,11930,8.382229673093043e-05
be,dish,1,585,11930,8.382229673093043e-05
be,margaret,1,586,11930,8.382229673093043e-05
be,other,1,587,11930,8.382229673093043e-05
be,ronnie,1,588,11930,8.382229673093043e-05
be,room,1,589,11930,8.382229673093043e-05
be,girlfriend,1,590,11930,8.382229673093043e-05
be,simon,1,591,11930,8.382229673093043e-05
be,emilio,1,592,11930,8.382229673093043e-05
be,martin_mystery,1,593,11930,8.382229673093043e-05
be,slime,1,594,11930,8.382229673093043e-05
be,great_wall,1,595,11930,8.382229673093043e-05
be,scooter,1,596,11930,8.382229673093043e-05
be,yu_gi_oh,1,597,11930,8.382229673093043e-05
be,scarecrow,1,598,11930,8.382229673093043e-05
be,mean,1,599,11930,8.382229673093043e-05
be,neighbour,1,600,11930,8.382229673093043e-05
be,warrior,1,601,11930,8.382229673093043e-05
be,pokemon,1,602,11930,8.382229673093043e-05
be,phonic,1,603,11930,8.382229673093043e-05
be,kindergarten,1,604,11930,8.382229673093043e-05
be,business,1,605,11930,8.382229673093043e-05
be,volcano,1,606,11930,8.382229673093043e-05
be,second,1,607,11930,8.382229673093043e-05
be,best+friend,1,608,11930,8.382229673093043e-05
be,sushi,1,609,11930,8.382229673093043e-05
be,sweater,1,610,11930,8.382229673093043e-05
be,red_light_green_light,1,611,11930,8.382229673093043e-05
be,saturday,1,612,11930,8.382229673093043e-05
be,derrick,1,613,11930,8.382229673093043e-05
be,university,1,614,11930,8.382229673093043e-05
be,bunny,1,615,11930,8.382229673093043e-05
be,ride,1,616,11930,8.382229673093043e-05
be,hers,1,617,11930,8.382229673093043e-05
be,ali,1,618,11930,8.382229673093043e-05
be,rock,1,619,11930,8.382229673093043e-05
be,japan,1,620,11930,8.382229673093043e-05
be,cuba,1,621,11930,8.382229673093043e-05
be,mexico,1,622,11930,8.382229673093043e-05
be,mandarin,1,623,11930,8.382229673093043e-05
be,goldfish,1,624,11930,8.382229673093043e-05
be,tv,1,625,11930,8.382229673093043e-05
be,surprise,1,626,11930,8.382229673093043e-05
be,spongebob,1,627,11930,8.382229673093043e-05
be,beaver,1,628,11930,8.382229673093043e-05
be,parent,1,629,11930,8.382229673093043e-05
be,hong_kong,1,630,11930,8.382229673093043e-05
be,sword,1,631,11930,8.382229673093043e-05
be,braydon,1,632,11930,8.382229673093043e-05
be,power,1,633,11930,8.382229673093043e-05
be,freezer,1,634,11930,8.382229673093043e-05
be,camera,1,635,11930,8.382229673093043e-05
do,you,1388,1,2961,0.4687605538669368
do,he,233,2,2961,0.07868963188112124
do,i,232,3,2961,0.07835190813914218
do,they,194,4,2961,0.06551840594393786
do,we,157,5,2961,0.0530226274907126
do,she,110,6,2961,0.037149611617696726
do,it,88,7,2961,0.02971968929415738
do,who,87,8,2961,0.029381965552178316
do,what,35,9,2961,0.01182033096926714
do,wanna,29,10,2961,0.009793988517392773
do,guy,29,11,2961,0.009793988517392773
do,thing,29,12,2961,0.009793988517392773
do,us,24,13,2961,0.008105369807497468
do,that,15,14,2961,0.005065856129685917
do,billy,13,15,2961,0.004390408645727794
do,firstname,12,16,2961,0.004052684903748734
do,man,10,17,2961,0.003377237419790611
do,dad,10,18,2961,0.003377237419790611
do,daddy,9,19,2961,0.00303951367781155
do,boy,8,20,2961,0.002701789935832489
do,woman,8,21,2961,0.002701789935832489
do,girl,7,22,2961,0.002364066193853428
do,brother,6,23,2961,0.002026342451874367
do,ya,6,24,2961,0.002026342451874367
do,horse,6,25,2961,0.002026342451874367
do,mom,5,26,2961,0.0016886187098953055
do,one,5,27,2961,0.0016886187098953055
do,kid,4,28,2961,0.0013508949679162446
do,anybody,4,29,2961,0.0013508949679162446
do,baby,4,30,2961,0.0013508949679162446
do,christopher,4,31,2961,0.0013508949679162446
do,frog,4,32,2961,0.0013508949679162446
do,bro,3,33,2961,0.0010131712259371835
do,some,3,34,2961,0.0010131712259371835
do,needta,3,35,2961,0.0010131712259371835
do,grandma,3,36,2961,0.0010131712259371835
do,kind,3,37,2961,0.0010131712259371835
do,cat,3,38,2961,0.0010131712259371835
do,sister,3,39,2961,0.0010131712259371835
do,momma,3,40,2961,0.0010131712259371835
do,grover,3,41,2961,0.0010131712259371835
do,doctor,3,42,2961,0.0010131712259371835
do,teacher,3,43,2961,0.0010131712259371835
do,dog,2,44,2961,0.0006754474839581223
do,chi,2,45,2961,0.0006754474839581223
do,tooth,2,46,2961,0.0006754474839581223
do,people,2,47,2961,0.0006754474839581223
do,xxx,2,48,2961,0.0006754474839581223
do,go,2,49,2961,0.0006754474839581223
do,everybody,2,50,2961,0.0006754474839581223
do,which,2,51,2961,0.0006754474839581223
do,car,2,52,2961,0.0006754474839581223
do,helen,2,53,2961,0.0006754474839581223
do,truck,2,54,2961,0.0006754474839581223
do,alison,2,55,2961,0.0006754474839581223
do,ernie,2,56,2961,0.0006754474839581223
do,chip,2,57,2961,0.0006754474839581223
do,bunny,2,58,2961,0.0006754474839581223
do,tiger,2,59,2961,0.0006754474839581223
do,boss,2,60,2961,0.0006754474839581223
do,dorothy,2,61,2961,0.0006754474839581223
do,monkey,2,62,2961,0.0006754474839581223
do,barbie,2,63,2961,0.0006754474839581223
do,policeman,2,64,2961,0.0006754474839581223
do,digimon,2,65,2961,0.0006754474839581223
do,godmother,2,66,2961,0.0006754474839581223
do,hasta,1,67,2961,0.00033772374197906115
do,cousin,1,68,2961,0.00033772374197906115
do,elephant,1,69,2961,0.00033772374197906115
do,magnet,1,70,2961,0.00033772374197906115
do,grandfather,1,71,2961,0.00033772374197906115
do,mommy,1,72,2961,0.00033772374197906115
do,paper,1,73,2961,0.00033772374197906115
do,boxer,1,74,2961,0.00033772374197906115
do,project,1,75,2961,0.00033772374197906115
do,jimmy,1,76,2961,0.00033772374197906115
do,casey,1,77,2961,0.00033772374197906115
do,university,1,78,2961,0.00033772374197906115
do,teddy,1,79,2961,0.00033772374197906115
do,dust,1,80,2961,0.00033772374197906115
do,lady,1,81,2961,0.00033772374197906115
do,pam,1,82,2961,0.00033772374197906115
do,hadta,1,83,2961,0.00033772374197906115
do,seamstress,1,84,2961,0.00033772374197906115
do,wheel,1,85,2961,0.00033772374197906115
do,sailor,1,86,2961,0.00033772374197906115
do,much,1,87,2961,0.00033772374197906115
do,lot,1,88,2961,0.00033772374197906115
do,no,1,89,2961,0.00033772374197906115
do,joel,1,90,2961,0.00033772374197906115
do,susan,1,91,2961,0.00033772374197906115
do,rich,1,92,2961,0.00033772374197906115
do,madaline,1,93,2961,0.00033772374197906115
do,rat,1,94,2961,0.00033772374197906115
do,laura,1,95,2961,0.00033772374197906115
do,child,1,96,2961,0.00033772374197906115
do,kwon,1,97,2961,0.00033772374197906115
do,party,1,98,2961,0.00033772374197906115
do,transformer,1,99,2961,0.00033772374197906115
do,tom,1,100,2961,0.00033772374197906115
do,shamu,1,101,2961,0.00033772374197906115
do,barry,1,102,2961,0.00033772374197906115
do,duck,1,103,2961,0.00033772374197906115
do,nobody,1,104,2961,0.00033772374197906115
do,sticker,1,105,2961,0.00033772374197906115
do,your,1,106,2961,0.00033772374197906115
do,stacey,1,107,2961,0.00033772374197906115
do,santa,1,108,2961,0.00033772374197906115
do,monster,1,109,2961,0.00033772374197906115
do,fish,1,110,2961,0.00033772374197906115
do,oscar,1,111,2961,0.00033772374197906115
do,dawn,1,112,2961,0.00033772374197906115
do,side,1,113,2961,0.00033772374197906115
do,jem,1,114,2961,0.00033772374197906115
do,st,1,115,2961,0.00033772374197906115
do,jackson,1,116,2961,0.00033772374197906115
do,tape,1,117,2961,0.00033772374197906115
do,chest,1,118,2961,0.00033772374197906115
do,cheryl,1,119,2961,0.00033772374197906115
do,garfield,1,120,2961,0.00033772374197906115
do,teddy+bear,1,121,2961,0.00033772374197906115
do,mess,1,122,2961,0.00033772374197906115
do,this,1,123,2961,0.00033772374197906115
do,puzzle,1,124,2961,0.00033772374197906115
do,butter,1,125,2961,0.00033772374197906115
do,cow,1,126,2961,0.00033772374197906115
do,where,1,127,2961,0.00033772374197906115
do,squirrel,1,128,2961,0.00033772374197906115
do,eye,1,129,2961,0.00033772374197906115
do,kitty,1,130,2961,0.00033772374197906115
do,brain,1,131,2961,0.00033772374197906115
do,richard,1,132,2961,0.00033772374197906115
do,chipmunk,1,133,2961,0.00033772374197906115
do,tigers,1,134,2961,0.00033772374197906115
do,all,1,135,2961,0.00033772374197906115
do,farmer,1,136,2961,0.00033772374197906115
do,week+end,1,137,2961,0.00033772374197906115
do,dot,1,138,2961,0.00033772374197906115
do,half+way,1,139,2961,0.00033772374197906115
do,oughta,1,140,2961,0.00033772374197906115
do,story,1,141,2961,0.00033772374197906115
do,max,1,142,2961,0.00033772374197906115
do,donald,1,143,2961,0.00033772374197906115
do,coach,1,144,2961,0.00033772374197906115
do,get,1,145,2961,0.00033772374197906115
do,swing,1,146,2961,0.00033772374197906115
do,ambulance,1,147,2961,0.00033772374197906115
do,tanker,1,148,2961,0.00033772374197906115
do,nargis,1,149,2961,0.00033772374197906115
do,buttercup,1,150,2961,0.00033772374197906115
do,leg,1,151,2961,0.00033772374197906115
do,shark,1,152,2961,0.00033772374197906115
do,pony,1,153,2961,0.00033772374197906115
do,pilot,1,154,2961,0.00033772374197906115
do,clifford,1,155,2961,0.00033772374197906115
do,flower,1,156,2961,0.00033772374197906115
do,care_bear,1,157,2961,0.00033772374197906115
do,grumpy,1,158,2961,0.00033772374197906115
do,there,1,159,2961,0.00033772374197906115
do,nathan,1,160,2961,0.00033772374197906115
do,spongebob,1,161,2961,0.00033772374197906115
do,spiderman,1,162,2961,0.00033772374197906115
do,tarzan,1,163,2961,0.00033772374197906115
do,team,1,164,2961,0.00033772374197906115
do,rapper,1,165,2961,0.00033772374197906115
do,someone,1,166,2961,0.00033772374197906115
do,parent,1,167,2961,0.00033772374197906115
do,mohammed,1,168,2961,0.00033772374197906115
do,fireman,1,169,2961,0.00033772374197906115
do,hair,1,170,2961,0.00033772374197906115
do,person,1,171,2961,0.00033772374197906115
do,nurse,1,172,2961,0.00033772374197906115
do,youseff,1,173,2961,0.00033772374197906115
go,you,1099,1,2710,0.4055350553505535
go,i,359,2,2710,0.13247232472324724
go,we,324,3,2710,0.11955719557195572
go,he,166,4,2710,0.061254612546125464
go,it,136,5,2710,0.05018450184501845
go,they,97,6,2710,0.03579335793357934
go,she,59,7,2710,0.021771217712177122
go,that,51,8,2710,0.018819188191881917
go,what,50,9,2710,0.01845018450184502
go,who,36,10,2710,0.013284132841328414
go,boy,28,11,2710,0.010332103321033211
go,this,21,12,2710,0.007749077490774908
go,wanna,19,13,2710,0.007011070110701107
go,us,17,14,2710,0.006273062730627306
go,one,9,15,2710,0.0033210332103321034
go,guy,9,16,2710,0.0033210332103321034
go,xxx,6,17,2710,0.002214022140221402
go,sister,6,18,2710,0.002214022140221402
go,ya,6,19,2710,0.002214022140221402
go,mom,5,20,2710,0.0018450184501845018
go,car,5,21,2710,0.0018450184501845018
go,monkey,5,22,2710,0.0018450184501845018
go,people,4,23,2710,0.0014760147601476014
go,tiger,4,24,2710,0.0014760147601476014
go,stacey,4,25,2710,0.0014760147601476014
go,horse,4,26,2710,0.0014760147601476014
go,hadta,3,27,2710,0.001107011070110701
go,daddy,3,28,2710,0.001107011070110701
go,baby,3,29,2710,0.001107011070110701
go,animal,3,30,2710,0.001107011070110701
go,friend,3,31,2710,0.001107011070110701
go,dyou,3,32,2710,0.001107011070110701
go,dad,2,33,2710,0.0007380073800738007
go,part,2,34,2710,0.0007380073800738007
go,chi,2,35,2710,0.0007380073800738007
go,marcus,2,36,2710,0.0007380073800738007
go,pig,2,37,2710,0.0007380073800738007
go,brother,2,38,2710,0.0007380073800738007
go,school,2,39,2710,0.0007380073800738007
go,bus,2,40,2710,0.0007380073800738007
go,three,2,41,2710,0.0007380073800738007
go,billy,2,42,2710,0.0007380073800738007
go,donna,2,43,2710,0.0007380073800738007
go,kid,2,44,2710,0.0007380073800738007
go,lady,2,45,2710,0.0007380073800738007
go,game,2,46,2710,0.0007380073800738007
go,eyebrow,2,47,2710,0.0007380073800738007
go,butterfly,2,48,2710,0.0007380073800738007
go,bee,2,49,2710,0.0007380073800738007
go,scarecrow,2,50,2710,0.0007380073800738007
go,needta,2,51,2710,0.0007380073800738007
go,thing,2,52,2710,0.0007380073800738007
go,chicken,2,53,2710,0.0007380073800738007
go,rondal,2,54,2710,0.0007380073800738007
go,piece,2,55,2710,0.0007380073800738007
go,battery,2,56,2710,0.0007380073800738007
go,sound,2,57,2710,0.0007380073800738007
go,arm,2,58,2710,0.0007380073800738007
go,book,1,59,2710,0.00036900369003690036
go,cousin,1,60,2710,0.00036900369003690036
go,food,1,61,2710,0.00036900369003690036
go,anything,1,62,2710,0.00036900369003690036
go,home,1,63,2710,0.00036900369003690036
go,caterpillar,1,64,2710,0.00036900369003690036
go,breath,1,65,2710,0.00036900369003690036
go,water,1,66,2710,0.00036900369003690036
go,hafta,1,67,2710,0.00036900369003690036
go,pencil,1,68,2710,0.00036900369003690036
go,miles,1,69,2710,0.00036900369003690036
go,santa,1,70,2710,0.00036900369003690036
go,painting,1,71,2710,0.00036900369003690036
go,doughty,1,72,2710,0.00036900369003690036
go,digger,1,73,2710,0.00036900369003690036
go,jean,1,74,2710,0.00036900369003690036
go,light,1,75,2710,0.00036900369003690036
go,napkin,1,76,2710,0.00036900369003690036
go,person,1,77,2710,0.00036900369003690036
go,seat,1,78,2710,0.00036900369003690036
go,these,1,79,2710,0.00036900369003690036
go,frog,1,80,2710,0.00036900369003690036
go,firefighter,1,81,2710,0.00036900369003690036
go,card,1,82,2710,0.00036900369003690036
go,mother,1,83,2710,0.00036900369003690036
go,balloon,1,84,2710,0.00036900369003690036
go,cyrene,1,85,2710,0.00036900369003690036
go,denise,1,86,2710,0.00036900369003690036
go,josh,1,87,2710,0.00036900369003690036
go,laura,1,88,2710,0.00036900369003690036
go,een,1,89,2710,0.00036900369003690036
go,hem,1,90,2710,0.00036900369003690036
go,zo,1,91,2710,0.00036900369003690036
go,maar,1,92,2710,0.00036900369003690036
go,moet,1,93,2710,0.00036900369003690036
go,nou,1,94,2710,0.00036900369003690036
go,te,1,95,2710,0.00036900369003690036
go,smartie,1,96,2710,0.00036900369003690036
go,mum,1,97,2710,0.00036900369003690036
go,tractor,1,98,2710,0.00036900369003690036
go,somebody,1,99,2710,0.00036900369003690036
go,truck,1,100,2710,0.00036900369003690036
go,fairy,1,101,2710,0.00036900369003690036
go,twenty,1,102,2710,0.00036900369003690036
go,trash,1,103,2710,0.00036900369003690036
go,daddy'll,1,104,2710,0.00036900369003690036
go,blackie,1,105,2710,0.00036900369003690036
go,helen,1,106,2710,0.00036900369003690036
go,five,1,107,2710,0.00036900369003690036
go,wheel,1,108,2710,0.00036900369003690036
go,snake,1,109,2710,0.00036900369003690036
go,stacy,1,110,2710,0.00036900369003690036
go,grover,1,111,2710,0.00036900369003690036
go,man,1,112,2710,0.00036900369003690036
go,fish,1,113,2710,0.00036900369003690036
go,swim,1,114,2710,0.00036900369003690036
go,hat,1,115,2710,0.00036900369003690036
go,thriller,1,116,2710,0.00036900369003690036
go,mommy,1,117,2710,0.00036900369003690036
go,stanley,1,118,2710,0.00036900369003690036
go,some,1,119,2710,0.00036900369003690036
go,many,1,120,2710,0.00036900369003690036
go,cheese,1,121,2710,0.00036900369003690036
go,someone,1,122,2710,0.00036900369003690036
go,bear,1,123,2710,0.00036900369003690036
go,cat,1,124,2710,0.00036900369003690036
go,alarm,1,125,2710,0.00036900369003690036
go,dot,1,126,2710,0.00036900369003690036
go,way,1,127,2710,0.00036900369003690036
go,neck,1,128,2710,0.00036900369003690036
go,song,1,129,2710,0.00036900369003690036
go,scissor,1,130,2710,0.00036900369003690036
go,paul,1,131,2710,0.00036900369003690036
go,witch,1,132,2710,0.00036900369003690036
go,bridge,1,133,2710,0.00036900369003690036
go,roof,1,134,2710,0.00036900369003690036
go,door,1,135,2710,0.00036900369003690036
go,tooth,1,136,2710,0.00036900369003690036
go,barnyard,1,137,2710,0.00036900369003690036
go,sheep,1,138,2710,0.00036900369003690036
go,tentacle,1,139,2710,0.00036900369003690036
go,anyone,1,140,2710,0.00036900369003690036
go,all,1,141,2710,0.00036900369003690036
go,dog,1,142,2710,0.00036900369003690036
go,buddy,1,143,2710,0.00036900369003690036
go,train,1,144,2710,0.00036900369003690036
go,recorder,1,145,2710,0.00036900369003690036
go,go,1,146,2710,0.00036900369003690036
go,those,1,147,2710,0.00036900369003690036
go,doctor,1,148,2710,0.00036900369003690036
go,patient,1,149,2710,0.00036900369003690036
go,driver,1,150,2710,0.00036900369003690036
go,table,1,151,2710,0.00036900369003690036
go,mike,1,152,2710,0.00036900369003690036
go,tip_up_truck,1,153,2710,0.00036900369003690036
go,christopher,1,154,2710,0.00036900369003690036
go,tanker,1,155,2710,0.00036900369003690036
go,s,1,156,2710,0.00036900369003690036
go,hand,1,157,2710,0.00036900369003690036
go,jess,1,158,2710,0.00036900369003690036
go,so_that,1,159,2710,0.00036900369003690036
go,boat,1,160,2710,0.00036900369003690036
go,present,1,161,2710,0.00036900369003690036
go,gas,1,162,2710,0.00036900369003690036
go,everybody,1,163,2710,0.00036900369003690036
go,christina,1,164,2710,0.00036900369003690036
go,time,1,165,2710,0.00036900369003690036
go,snow,1,166,2710,0.00036900369003690036
go,skin,1,167,2710,0.00036900369003690036
go,ali,1,168,2710,0.00036900369003690036
go,earring,1,169,2710,0.00036900369003690036
have,you,980,1,1940,0.5051546391752577
have,i,242,2,1940,0.12474226804123711
have,we,148,3,1940,0.07628865979381444
have,they,107,4,1940,0.05515463917525773
have,he,105,5,1940,0.05412371134020619
have,it,68,6,1940,0.03505154639175258
have,she,64,7,1940,0.032989690721649485
have,dyou,22,8,1940,0.01134020618556701
have,guy,13,9,1940,0.006701030927835051
have,that,12,10,1940,0.006185567010309278
have,who,11,11,1940,0.005670103092783505
have,one,7,12,1940,0.0036082474226804126
have,firstname,6,13,1940,0.003092783505154639
have,child,6,14,1940,0.003092783505154639
have,people,5,15,1940,0.002577319587628866
have,mom,5,16,1940,0.002577319587628866
have,us,5,17,1940,0.002577319587628866
have,tiger,5,18,1940,0.002577319587628866
have,dad,4,19,1940,0.002061855670103093
have,ron,4,20,1940,0.002061855670103093
have,brother,3,21,1940,0.0015463917525773195
have,boy,3,22,1940,0.0015463917525773195
have,horsie,3,23,1940,0.0015463917525773195
have,daddy,3,24,1940,0.0015463917525773195
have,everybody,3,25,1940,0.0015463917525773195
have,elephant,2,26,1940,0.0010309278350515464
have,person,2,27,1940,0.0010309278350515464
have,christopher,2,28,1940,0.0010309278350515464
have,vil,2,29,1940,0.0010309278350515464
have,jij,2,30,1940,0.0010309278350515464
have,je,2,31,1940,0.0010309278350515464
have,die,2,32,1940,0.0010309278350515464
have,man,2,33,1940,0.0010309278350515464
have,mcdonald,2,34,1940,0.0010309278350515464
have,someone,2,35,1940,0.0010309278350515464
have,garage,2,36,1940,0.0010309278350515464
have,cinderella,2,37,1940,0.0010309278350515464
have,whoever,2,38,1940,0.0010309278350515464
have,book,1,39,1940,0.0005154639175257732
have,mother,1,40,1940,0.0005154639175257732
have,lady,1,41,1940,0.0005154639175257732
have,clair,1,42,1940,0.0005154639175257732
have,mine,1,43,1940,0.0005154639175257732
have,female,1,44,1940,0.0005154639175257732
have,cow,1,45,1940,0.0005154639175257732
have,needta,1,46,1940,0.0005154639175257732
have,go,1,47,1940,0.0005154639175257732
have,husband,1,48,1940,0.0005154639175257732
have,kid,1,49,1940,0.0005154639175257732
have,everyone,1,50,1940,0.0005154639175257732
have,some,1,51,1940,0.0005154639175257732
have,class,1,52,1940,0.0005154639175257732
have,cousin,1,53,1940,0.0005154639175257732
have,gramma,1,54,1940,0.0005154639175257732
have,wanna,1,55,1940,0.0005154639175257732
have,somebody,1,56,1940,0.0005154639175257732
have,family,1,57,1940,0.0005154639175257732
have,baby,1,58,1940,0.0005154639175257732
have,bicycle,1,59,1940,0.0005154639175257732
have,anybody,1,60,1940,0.0005154639175257732
have,woman,1,61,1940,0.0005154639175257732
have,grandpa,1,62,1940,0.0005154639175257732
have,store,1,63,1940,0.0005154639175257732
have,a,1,64,1940,0.0005154639175257732
have,glass,1,65,1940,0.0005154639175257732
have,cup,1,66,1940,0.0005154639175257732
have,vi,1,67,1940,0.0005154639175257732
have,du,1,68,1940,0.0005154639175257732
have,wat,1,69,1940,0.0005154639175257732
have,kaas,1,70,1940,0.0005154639175257732
have,en,1,71,1940,0.0005154639175257732
have,dan,1,72,1940,0.0005154639175257732
have,vork,1,73,1940,0.0005154639175257732
have,o,1,74,1940,0.0005154639175257732
have,dat,1,75,1940,0.0005154639175257732
have,bird,1,76,1940,0.0005154639175257732
have,truck,1,77,1940,0.0005154639175257732
have,house,1,78,1940,0.0005154639175257732
have,big_bird,1,79,1940,0.0005154639175257732
have,stacey,1,80,1940,0.0005154639175257732
have,helen,1,81,1940,0.0005154639175257732
have,thing,1,82,1940,0.0005154639175257732
have,rabbit,1,83,1940,0.0005154639175257732
have,cat,1,84,1940,0.0005154639175257732
have,kind,1,85,1940,0.0005154639175257732
have,clock,1,86,1940,0.0005154639175257732
have,deer,1,87,1940,0.0005154639175257732
have,hair,1,88,1940,0.0005154639175257732
have,rainbow_brite,1,89,1940,0.0005154639175257732
have,chain,1,90,1940,0.0005154639175257732
have,witch,1,91,1940,0.0005154639175257732
have,oz,1,92,1940,0.0005154639175257732
have,mouse,1,93,1940,0.0005154639175257732
have,xxx,1,94,1940,0.0005154639175257732
have,donkey,1,95,1940,0.0005154639175257732
have,cas,1,96,1940,0.0005154639175257732
have,ear,1,97,1940,0.0005154639175257732
have,sis,1,98,1940,0.0005154639175257732
have,color,1,99,1940,0.0005154639175257732
have,kathy,1,100,1940,0.0005154639175257732
have,ariel,1,101,1940,0.0005154639175257732
have,flower,1,102,1940,0.0005154639175257732
have,clown,1,103,1940,0.0005154639175257732
have,dump_buggy,1,104,1940,0.0005154639175257732
have,little,1,105,1940,0.0005154639175257732
have,girl,1,106,1940,0.0005154639175257732
have,tanker,1,107,1940,0.0005154639175257732
have,let,1,108,1940,0.0005154639175257732
have,friend,1,109,1940,0.0005154639175257732
have,steven,1,110,1940,0.0005154639175257732
have,what,1,111,1940,0.0005154639175257732
have,skiing,1,112,1940,0.0005154639175257732
have,card,1,113,1940,0.0005154639175257732
have,kaiba,1,114,1940,0.0005154639175257732
have,girlfriend,1,115,1940,0.0005154639175257732
have,heather,1,116,1940,0.0005154639175257732
have,kindergarten,1,117,1940,0.0005154639175257732
have,frog,1,118,1940,0.0005154639175257732
know,you,1126,1,1738,0.6478711162255466
know,i,483,2,1738,0.27790563866513235
know,she,19,3,1738,0.01093210586881473
know,we,19,4,1738,0.01093210586881473
know,dyou,17,5,1738,0.009781357882623706
know,he,15,6,1738,0.00863060989643268
know,they,10,7,1738,0.005753739930955121
know,eddie,6,8,1738,0.0034522439585730723
know,wanna,4,9,1738,0.0023014959723820483
know,guy,4,10,1738,0.0023014959723820483
know,who,4,11,1738,0.0023014959723820483
know,dav,3,12,1738,0.0017261219792865361
know,mom,2,13,1738,0.0011507479861910242
know,dad,2,14,1738,0.0011507479861910242
know,firstname,2,15,1738,0.0011507479861910242
know,daddy,2,16,1738,0.0011507479861910242
know,nobody,2,17,1738,0.0011507479861910242
know,rondal,2,18,1738,0.0011507479861910242
know,driver,1,19,1738,0.0005753739930955121
know,jay,1,20,1738,0.0005753739930955121
know,little,1,21,1738,0.0005753739930955121
know,woman,1,22,1738,0.0005753739930955121
know,boy,1,23,1738,0.0005753739930955121
know,girl,1,24,1738,0.0005753739930955121
know,useta,1,25,1738,0.0005753739930955121
know,that,1,26,1738,0.0005753739930955121
know,ya,1,27,1738,0.0005753739930955121
know,helen,1,28,1738,0.0005753739930955121
know,allen,1,29,1738,0.0005753739930955121
know,xxx,1,30,1738,0.0005753739930955121
know,father,1,31,1738,0.0005753739930955121
know,hurt,1,32,1738,0.0005753739930955121
know,friend,1,33,1738,0.0005753739930955121
know,a,1,34,1738,0.0005753739930955121
think,you,818,1,1401,0.583868665239115
think,i,538,2,1401,0.38401142041399
think,we,9,3,1401,0.006423982869379015
think,they,7,4,1401,0.004996431120628123
think,he,6,5,1401,0.004282655246252677
think,five,5,6,1401,0.0035688793718772305
think,she,4,7,1401,0.0028551034975017845
think,who,2,8,1401,0.0014275517487508922
think,ya,1,9,1401,0.0007137758743754461
think,that,1,10,1401,0.0007137758743754461
think,boy,1,11,1401,0.0007137758743754461
think,man,1,12,1401,0.0007137758743754461
think,girl,1,13,1401,0.0007137758743754461
think,whatcha,1,14,1401,0.0007137758743754461
think,fifteen,1,15,1401,0.0007137758743754461
think,seven,1,16,1401,0.0007137758743754461
think,it,1,17,1401,0.0007137758743754461
think,mm,1,18,1401,0.0007137758743754461
think,dyou,1,19,1401,0.0007137758743754461
think,the,1,20,1401,0.0007137758743754461
get,you,713,1,1380,0.5166666666666667
get,i,183,2,1380,0.13260869565217392
get,we,133,3,1380,0.0963768115942029
get,he,79,4,1380,0.0572463768115942
get,they,47,5,1380,0.034057971014492754
get,it,32,6,1380,0.02318840579710145
get,she,31,7,1380,0.02246376811594203
get,us,7,8,1380,0.005072463768115942
get,mom,6,9,1380,0.004347826086956522
get,guy,6,10,1380,0.004347826086956522
get,john,6,11,1380,0.004347826086956522
get,mary,6,12,1380,0.004347826086956522
get,man,6,13,1380,0.004347826086956522
get,who,6,14,1380,0.004347826086956522
get,wanna,6,15,1380,0.004347826086956522
get,dyou,6,16,1380,0.004347826086956522
get,mother,4,17,1380,0.002898550724637681
get,people,4,18,1380,0.002898550724637681
get,brother,4,19,1380,0.002898550724637681
get,hadta,3,20,1380,0.002173913043478261
get,everybody,3,21,1380,0.002173913043478261
get,kid,3,22,1380,0.002173913043478261
get,one,3,23,1380,0.002173913043478261
get,that,3,24,1380,0.002173913043478261
get,boy,3,25,1380,0.002173913043478261
get,sister,3,26,1380,0.002173913043478261
get,daddy,3,27,1380,0.002173913043478261
get,xxx,3,28,1380,0.002173913043478261
get,paul,3,29,1380,0.002173913043478261
get,burglar,3,30,1380,0.002173913043478261
get,mama,2,31,1380,0.0014492753623188406
get,dad,2,32,1380,0.0014492753623188406
get,mouse,2,33,1380,0.0014492753623188406
get,lady,2,34,1380,0.0014492753623188406
get,car,2,35,1380,0.0014492753623188406
get,these,2,36,1380,0.0014492753623188406
get,sheep,2,37,1380,0.0014492753623188406
get,monkey,2,38,1380,0.0014492753623188406
get,dog,2,39,1380,0.0014492753623188406
get,neighbor,1,40,1380,0.0007246376811594203
get,granny,1,41,1380,0.0007246376811594203
get,aunt,1,42,1380,0.0007246376811594203
get,elephant,1,43,1380,0.0007246376811594203
get,picture,1,44,1380,0.0007246376811594203
get,buddy,1,45,1380,0.0007246376811594203
get,samuelson,1,46,1380,0.0007246376811594203
get,a,1,47,1380,0.0007246376811594203
get,nobody,1,48,1380,0.0007246376811594203
get,baby,1,49,1380,0.0007246376811594203
get,mummie,1,50,1380,0.0007246376811594203
get,mum,1,51,1380,0.0007246376811594203
get,girl,1,52,1380,0.0007246376811594203
get,horsie,1,53,1380,0.0007246376811594203
get,ball,1,54,1380,0.0007246376811594203
get,hair,1,55,1380,0.0007246376811594203
get,santa_clause,1,56,1380,0.0007246376811594203
get,hasta,1,57,1380,0.0007246376811594203
get,bee,1,58,1380,0.0007246376811594203
get,dawn,1,59,1380,0.0007246376811594203
get,helen,1,60,1380,0.0007246376811594203
get,billy,1,61,1380,0.0007246376811594203
get,andrew,1,62,1380,0.0007246376811594203
get,animal,1,63,1380,0.0007246376811594203
get,game,1,64,1380,0.0007246376811594203
get,dot,1,65,1380,0.0007246376811594203
get,max,1,66,1380,0.0007246376811594203
get,powder,1,67,1380,0.0007246376811594203
get,basket,1,68,1380,0.0007246376811594203
get,everything,1,69,1380,0.0007246376811594203
get,red,1,70,1380,0.0007246376811594203
get,monster,1,71,1380,0.0007246376811594203
get,card,1,72,1380,0.0007246376811594203
get,hand,1,73,1380,0.0007246376811594203
get,stitch,1,74,1380,0.0007246376811594203
get,couch,1,75,1380,0.0007246376811594203
get,tummy,1,76,1380,0.0007246376811594203
get,microphone,1,77,1380,0.0007246376811594203
get,franklin,1,78,1380,0.0007246376811594203
get,parent,1,79,1380,0.0007246376811594203
get,part,1,80,1380,0.0007246376811594203
get,laila,1,81,1380,0.0007246376811594203
get,emma,1,82,1380,0.0007246376811594203
get,superman,1,83,1380,0.0007246376811594203
see,you,438,1,1134,0.3862433862433862
see,i,390,2,1134,0.3439153439153439
see,us,100,3,1134,0.08818342151675485
see,we,91,4,1134,0.08024691358024691
see,he,24,5,1134,0.021164021164021163
see,boy,22,6,1134,0.019400352733686066
see,camera,13,7,1134,0.01146384479717813
see,they,10,8,1134,0.008818342151675485
see,ruth,6,9,1134,0.005291005291005291
see,it,5,10,1134,0.004409171075837742
see,she,4,11,1134,0.003527336860670194
see,wanna,3,12,1134,0.0026455026455026454
see,daddy,3,13,1134,0.0026455026455026454
see,who,2,14,1134,0.001763668430335097
see,mm,2,15,1134,0.001763668430335097
see,bear,2,16,1134,0.001763668430335097
see,seesaw,1,17,1134,0.0008818342151675485
see,xxx,1,18,1134,0.0008818342151675485
see,lot,1,19,1134,0.0008818342151675485
see,cantcha,1,20,1134,0.0008818342151675485
see,pra,1,21,1134,0.0008818342151675485
see,globe,1,22,1134,0.0008818342151675485
see,that,1,23,1134,0.0008818342151675485
see,octopus,1,24,1134,0.0008818342151675485
see,oscar,1,25,1134,0.0008818342151675485
see,helen,1,26,1134,0.0008818342151675485
see,donald,1,27,1134,0.0008818342151675485
see,rondal,1,28,1134,0.0008818342151675485
see,one,1,29,1134,0.0008818342151675485
see,many,1,30,1134,0.0008818342151675485
see,miss,1,31,1134,0.0008818342151675485
see,let,1,32,1134,0.0008818342151675485
see,lemme,1,33,1134,0.0008818342151675485
see,kid,1,34,1134,0.0008818342151675485
see,seeing,1,35,1134,0.0008818342151675485
like,you,755,1,1069,0.706267539756782
like,i,122,2,1069,0.11412535079513564
like,he,50,3,1069,0.04677268475210477
like,she,29,4,1069,0.027128157156220765
like,they,23,5,1069,0.021515434985968196
like,who,19,6,1069,0.01777362020579981
like,boy,8,7,1069,0.007483629560336763
like,tiger,7,8,1069,0.006548175865294668
like,guy,6,9,1069,0.005612722170252572
like,firstname,5,10,1069,0.004677268475210477
like,we,4,11,1069,0.0037418147801683817
like,that,2,12,1069,0.0018709073900841909
like,girl,2,13,1069,0.0018709073900841909
like,man,2,14,1069,0.0018709073900841909
like,guard,2,15,1069,0.0018709073900841909
like,horsie,2,16,1069,0.0018709073900841909
like,bert,2,17,1069,0.0018709073900841909
like,noel,2,18,1069,0.0018709073900841909
like,sister,2,19,1069,0.0018709073900841909
like,everybody,2,20,1069,0.0018709073900841909
like,dad,1,21,1069,0.0009354536950420954
like,woman,1,22,1069,0.0009354536950420954
like,lot,1,23,1069,0.0009354536950420954
like,bug,1,24,1069,0.0009354536950420954
like,child,1,25,1069,0.0009354536950420954
like,monkey,1,26,1069,0.0009354536950420954
like,chameleon,1,27,1069,0.0009354536950420954
like,fellow,1,28,1069,0.0009354536950420954
like,dog,1,29,1069,0.0009354536950420954
like,bear,1,30,1069,0.0009354536950420954
like,lamb,1,31,1069,0.0009354536950420954
like,pig,1,32,1069,0.0009354536950420954
like,brandi,1,33,1069,0.0009354536950420954
like,dyou,1,34,1069,0.0009354536950420954
like,mom,1,35,1069,0.0009354536950420954
like,everyone,1,36,1069,0.0009354536950420954
like,one,1,37,1069,0.0009354536950420954
like,george,1,38,1069,0.0009354536950420954
like,tom,1,39,1069,0.0009354536950420954
like,antonio,1,40,1069,0.0009354536950420954
like,wheejue,1,41,1069,0.0009354536950420954
like,tommy,1,42,1069,0.0009354536950420954
like,frog,1,43,1069,0.0009354536950420954
happen,what,713,1,812,0.8780788177339901
happen,that,48,2,812,0.059113300492610835
happen,anything,17,3,812,0.020935960591133004
happen,who,6,4,812,0.007389162561576354
happen,everything,6,5,812,0.007389162561576354
happen,something,5,6,812,0.006157635467980296
happen,it,3,7,812,0.003694581280788177
happen,this,2,8,812,0.0024630541871921183
happen,thing,2,9,812,0.0024630541871921183
happen,dav,2,10,812,0.0024630541871921183
happen,construction,1,11,812,0.0012315270935960591
happen,we,1,12,812,0.0012315270935960591
happen,our,1,13,812,0.0012315270935960591
happen,first,1,14,812,0.0012315270935960591
happen,i,1,15,812,0.0012315270935960591
happen,fri,1,16,812,0.0012315270935960591
happen,nothing,1,17,812,0.0012315270935960591
happen,kind,1,18,812,0.0012315270935960591
want,you,465,1,808,0.5754950495049505
want,i,163,2,808,0.20173267326732675
want,he,64,3,808,0.07920792079207921
want,they,28,4,808,0.034653465346534656
want,she,25,5,808,0.03094059405940594
want,we,7,6,808,0.008663366336633664
want,james,6,7,808,0.007425742574257425
want,balloon,4,8,808,0.0049504950495049506
want,dyou,4,9,808,0.0049504950495049506
want,anybody,3,10,808,0.0037128712871287127
want,who,3,11,808,0.0037128712871287127
want,mom,3,12,808,0.0037128712871287127
want,it,3,13,808,0.0037128712871287127
want,daddy,2,14,808,0.0024752475247524753
want,chi,2,15,808,0.0024752475247524753
want,firstname,2,16,808,0.0024752475247524753
want,pig,2,17,808,0.0024752475247524753
want,billy,2,18,808,0.0024752475247524753
want,ernie,2,19,808,0.0024752475247524753
want,xxx,1,20,808,0.0012376237623762376
want,luis,1,21,808,0.0012376237623762376
want,boy,1,22,808,0.0012376237623762376
want,abigail,1,23,808,0.0012376237623762376
want,gang,1,24,808,0.0012376237623762376
want,laura,1,25,808,0.0012376237623762376
want,ja,1,26,808,0.0012376237623762376
want,hierin,1,27,808,0.0012376237623762376
want,christine,1,28,808,0.0012376237623762376
want,one,1,29,808,0.0012376237623762376
want,guy,1,30,808,0.0012376237623762376
want,toy,1,31,808,0.0012376237623762376
want,helen,1,32,808,0.0012376237623762376
want,that,1,33,808,0.0012376237623762376
want,nan,1,34,808,0.0012376237623762376
want,max,1,35,808,0.0012376237623762376
want,clifford,1,36,808,0.0012376237623762376
want,waddaya,1,37,808,0.0012376237623762376
say,you,254,1,736,0.3451086956521739
say,he,56,2,736,0.07608695652173914
say,i,52,3,736,0.07065217391304347
say,it,50,4,736,0.06793478260869565
say,she,45,5,736,0.06114130434782609
say,that,28,6,736,0.03804347826086957
say,tiger,23,7,736,0.03125
say,one,22,8,736,0.029891304347826088
say,this,18,9,736,0.024456521739130436
say,they,16,10,736,0.021739130434782608
say,who,12,11,736,0.016304347826086956
say,horsie,12,12,736,0.016304347826086956
say,we,11,13,736,0.014945652173913044
say,bear,9,14,736,0.012228260869565218
say,mother,7,15,736,0.009510869565217392
say,mummie,7,16,736,0.009510869565217392
say,mom,6,17,736,0.008152173913043478
say,horse,5,18,736,0.006793478260869565
say,farmer,5,19,736,0.006793478260869565
say,turkey,4,20,736,0.005434782608695652
say,people,4,21,736,0.005434782608695652
say,monkey,4,22,736,0.005434782608695652
say,wanna,3,23,736,0.004076086956521739
say,sheep,3,24,736,0.004076086956521739
say,mouse,3,25,736,0.004076086956521739
say,nobody,2,26,736,0.002717391304347826
say,girl,2,27,736,0.002717391304347826
say,xxx,2,28,736,0.002717391304347826
say,pig,2,29,736,0.002717391304347826
say,mum,2,30,736,0.002717391304347826
say,santa_claus,2,31,736,0.002717391304347826
say,somebody,2,32,736,0.002717391304347826
say,dog,2,33,736,0.002717391304347826
say,word,2,34,736,0.002717391304347826
say,dorothy,2,35,736,0.002717391304347826
say,idea,1,36,736,0.001358695652173913
say,my,1,37,736,0.001358695652173913
say,dad,1,38,736,0.001358695652173913
say,don,1,39,736,0.001358695652173913
say,joe,1,40,736,0.001358695652173913
say,lot,1,41,736,0.001358695652173913
say,bradley,1,42,736,0.001358695652173913
say,lorraine,1,43,736,0.001358695652173913
say,tony,1,44,736,0.001358695652173913
say,us,1,45,736,0.001358695652173913
say,clavell,1,46,736,0.001358695652173913
say,sportscaster,1,47,736,0.001358695652173913
say,anything,1,48,736,0.001358695652173913
say,balloon,1,49,736,0.001358695652173913
say,boy,1,50,736,0.001358695652173913
say,graham,1,51,736,0.001358695652173913
say,something,1,52,736,0.001358695652173913
say,part,1,53,736,0.001358695652173913
say,aunt,1,54,736,0.001358695652173913
say,aunty,1,55,736,0.001358695652173913
say,lengket,1,56,736,0.001358695652173913
say,card,1,57,736,0.001358695652173913
say,hippopotamus,1,58,736,0.001358695652173913
say,look,1,59,736,0.001358695652173913
say,what,1,60,736,0.001358695652173913
say,ice+cube,1,61,736,0.001358695652173913
say,porky_pig,1,62,736,0.001358695652173913
say,daddy,1,63,736,0.001358695652173913
say,argh,1,64,736,0.001358695652173913
say,clock,1,65,736,0.001358695652173913
say,owner,1,66,736,0.001358695652173913
say,vet,1,67,736,0.001358695652173913
say,person,1,68,736,0.001358695652173913
say,blup,1,69,736,0.001358695652173913
say,baby,1,70,736,0.001358695652173913
say,spot,1,71,736,0.001358695652173913
say,elephant,1,72,736,0.001358695652173913
say,lion,1,73,736,0.001358695652173913
say,cockadoodledoo,1,74,736,0.001358695652173913
say,kid,1,75,736,0.001358695652173913
say,witch,1,76,736,0.001358695652173913
say,wizard,1,77,736,0.001358695652173913
say,letter,1,78,736,0.001358695652173913
say,cow,1,79,736,0.001358695652173913
say,alligator,1,80,736,0.001358695652173913
say,lady,1,81,736,0.001358695652173913
say,sis,1,82,736,0.001358695652173913
say,donald,1,83,736,0.001358695652173913
say,colin,1,84,736,0.001358695652173913
say,controller,1,85,736,0.001358695652173913
say,picture,1,86,736,0.001358695652173913
say,wolf,1,87,736,0.001358695652173913
say,teacher,1,88,736,0.001358695652173913
say,brother,1,89,736,0.001358695652173913
say,those,1,90,736,0.001358695652173913
say,book,1,91,736,0.001358695652173913
say,mirror,1,92,736,0.001358695652173913
play,you,382,1,729,0.52400548696845
play,who,81,2,729,0.1111111111111111
play,we,51,3,729,0.06995884773662552
play,guy,23,4,729,0.03155006858710562
play,she,22,5,729,0.03017832647462277
play,he,21,6,729,0.02880658436213992
play,wanna,21,7,729,0.02880658436213992
play,i,18,8,729,0.024691358024691357
play,they,15,9,729,0.0205761316872428
play,us,12,10,729,0.01646090534979424
play,boy,9,11,729,0.012345679012345678
play,girl,8,12,729,0.010973936899862825
play,firstname,8,13,729,0.010973936899862825
play,people,8,14,729,0.010973936899862825
play,that,7,15,729,0.009602194787379973
play,dyou,4,16,729,0.0054869684499314125
play,anybody,3,17,729,0.00411522633744856
play,brother,3,18,729,0.00411522633744856
play,lot,2,19,729,0.0027434842249657062
play,friend,2,20,729,0.0027434842249657062
play,hand,2,21,729,0.0027434842249657062
play,all,2,22,729,0.0027434842249657062
play,xxx,2,23,729,0.0027434842249657062
play,other,1,24,729,0.0013717421124828531
play,music,1,25,729,0.0013717421124828531
play,everybody,1,26,729,0.0013717421124828531
play,family,1,27,729,0.0013717421124828531
play,daddy,1,28,729,0.0013717421124828531
play,mommy,1,29,729,0.0013717421124828531
play,truck,1,30,729,0.0013717421124828531
play,counselor,1,31,729,0.0013717421124828531
play,woman,1,32,729,0.0013717421124828531
play,man,1,33,729,0.0013717421124828531
play,ike,1,34,729,0.0013717421124828531
play,tape+recording,1,35,729,0.0013717421124828531
play,helen,1,36,729,0.0013717421124828531
play,goat,1,37,729,0.0013717421124828531
play,frog,1,38,729,0.0013717421124828531
play,bunny,1,39,729,0.0013717421124828531
play,one,1,40,729,0.0013717421124828531
play,nina,1,41,729,0.0013717421124828531
play,kid,1,42,729,0.0013717421124828531
play,poko,1,43,729,0.0013717421124828531
play,dad,1,44,729,0.0013717421124828531
play,mohammed,1,45,729,0.0013717421124828531
play,youssef,1,46,729,0.0013717421124828531
wanna,you,578,1,696,0.8304597701149425
wanna,i,73,2,696,0.10488505747126436
wanna,they,14,3,696,0.020114942528735632
wanna,we,11,4,696,0.015804597701149427
wanna,he,10,5,696,0.014367816091954023
wanna,guy,1,6,696,0.0014367816091954023
wanna,kid,1,7,696,0.0014367816091954023
wanna,she,1,8,696,0.0014367816091954023
wanna,one,1,9,696,0.0014367816091954023
wanna,us,1,10,696,0.0014367816091954023
wanna,helen,1,11,696,0.0014367816091954023
wanna,animal,1,12,696,0.0014367816091954023
wanna,all,1,13,696,0.0014367816091954023
wanna,it,1,14,696,0.0014367816091954023
wanna,ruth,1,15,696,0.0014367816091954023
tell,you,437,1,580,0.753448275862069
tell,i,75,2,580,0.12931034482758622
tell,wanna,9,3,580,0.015517241379310345
tell,what,5,4,580,0.008620689655172414
tell,they,4,5,580,0.006896551724137931
tell,we,4,6,580,0.006896551724137931
tell,that,3,7,580,0.005172413793103448
tell,it,3,8,580,0.005172413793103448
tell,he,2,9,580,0.0034482758620689655
tell,she,2,10,580,0.0034482758620689655
tell,don,2,11,580,0.0034482758620689655
tell,gam,2,12,580,0.0034482758620689655
tell,who,2,13,580,0.0034482758620689655
tell,father,1,14,580,0.0017241379310344827
tell,daddy,1,15,580,0.0017241379310344827
tell,mom,1,16,580,0.0017241379310344827
tell,someone,1,17,580,0.0017241379310344827
tell,susan,1,18,580,0.0017241379310344827
tell,girl,1,19,580,0.0017241379310344827
tell,chart,1,20,580,0.0017241379310344827
tell,nathan,1,21,580,0.0017241379310344827
tell,andrew,1,22,580,0.0017241379310344827
tell,fourteen,1,23,580,0.0017241379310344827
tell,shhh,1,24,580,0.0017241379310344827
tell,child,1,25,580,0.0017241379310344827
tell,dorothy,1,26,580,0.0017241379310344827
tell,wizard,1,27,580,0.0017241379310344827
tell,mommy,1,28,580,0.0017241379310344827
tell,animal,1,29,580,0.0017241379310344827
tell,cas,1,30,580,0.0017241379310344827
tell,dav,1,31,580,0.0017241379310344827
tell,dot,1,32,580,0.0017241379310344827
tell,ew,1,33,580,0.0017241379310344827
tell,everything,1,34,580,0.0017241379310344827
tell,this,1,35,580,0.0017241379310344827
tell,yuc,1,36,580,0.0017241379310344827
tell,uhhuh,1,37,580,0.0017241379310344827
tell,job,1,38,580,0.0017241379310344827
tell,ruth'll,1,39,580,0.0017241379310344827
tell,classmate,1,40,580,0.0017241379310344827
tell,tv,1,41,580,0.0017241379310344827
tell,sister,1,42,580,0.0017241379310344827
tell,brother,1,43,580,0.0017241379310344827
make,you,246,1,566,0.43462897526501765
make,we,43,2,566,0.07597173144876325
make,i,40,3,566,0.0706713780918728
make,they,37,4,566,0.06537102473498234
make,she,33,5,566,0.05830388692579505
make,it,25,6,566,0.044169611307420496
make,mom,21,7,566,0.037102473498233215
make,that,18,8,566,0.03180212014134275
make,he,16,9,566,0.028268551236749116
make,who,16,10,566,0.028268551236749116
make,what,13,11,566,0.022968197879858657
make,us,9,12,566,0.015901060070671377
make,mummie,5,13,566,0.0088339222614841
make,wanna,5,14,566,0.0088339222614841
make,one,3,15,566,0.00530035335689046
make,ya,3,16,566,0.00530035335689046
make,daddy,2,17,566,0.0035335689045936395
make,somebody,2,18,566,0.0035335689045936395
make,some,2,19,566,0.0035335689045936395
make,pig,2,20,566,0.0035335689045936395
make,mo,2,21,566,0.0035335689045936395
make,bear,2,22,566,0.0035335689045936395
make,this,2,23,566,0.0035335689045936395
make,two,2,24,566,0.0035335689045936395
make,pepsi,2,25,566,0.0035335689045936395
make,kind_of,1,26,566,0.0017667844522968198
make,firstname,1,27,566,0.0017667844522968198
make,a,1,28,566,0.0017667844522968198
make,boy,1,29,566,0.0017667844522968198
make,everybody,1,30,566,0.0017667844522968198
make,christopher,1,31,566,0.0017667844522968198
make,mum,1,32,566,0.0017667844522968198
make,dibaliknya,1,33,566,0.0017667844522968198
make,nggak,1,34,566,0.0017667844522968198
make,donald,1,35,566,0.0017667844522968198
make,ambulance,1,36,566,0.0017667844522968198
make,light,1,37,566,0.0017667844522968198
make,dyou,1,38,566,0.0017667844522968198
make,camera,1,39,566,0.0017667844522968198
make,grandma,1,40,566,0.0017667844522968198
look,you,108,1,550,0.19636363636363635
look,it,107,2,550,0.19454545454545455
look,that,65,3,550,0.11818181818181818
look,he,46,4,550,0.08363636363636363
look,they,35,5,550,0.06363636363636363
look,she,31,6,550,0.056363636363636366
look,us,22,7,550,0.04
look,boy,19,8,550,0.034545454545454546
look,i,17,9,550,0.03090909090909091
look,this,15,10,550,0.02727272727272727
look,we,12,11,550,0.02181818181818182
look,mom,6,12,550,0.01090909090909091
look,guy,4,13,550,0.007272727272727273
look,these,3,14,550,0.005454545454545455
look,hair,3,15,550,0.005454545454545455
look,one,2,16,550,0.0036363636363636364
look,xxx,2,17,550,0.0036363636363636364
look,who,2,18,550,0.0036363636363636364
look,wanna,2,19,550,0.0036363636363636364
look,nose,2,20,550,0.0036363636363636364
look,everyone,2,21,550,0.0036363636363636364
look,house,2,22,550,0.0036363636363636364
look,costume,2,23,550,0.0036363636363636364
look,oh_my_goodness,1,24,550,0.0018181818181818182
look,caterpillar,1,25,550,0.0018181818181818182
look,baby,1,26,550,0.0018181818181818182
look,group,1,27,550,0.0018181818181818182
look,nobody,1,28,550,0.0018181818181818182
look,god,1,29,550,0.0018181818181818182
look,yup,1,30,550,0.0018181818181818182
look,person,1,31,550,0.0018181818181818182
look,lot,1,32,550,0.0018181818181818182
look,people,1,33,550,0.0018181818181818182
look,girl,1,34,550,0.0018181818181818182
look,look,1,35,550,0.0018181818181818182
look,mommy,1,36,550,0.0018181818181818182
look,ball,1,37,550,0.0018181818181818182
look,laura,1,38,550,0.0018181818181818182
look,quilt,1,39,550,0.0018181818181818182
look,sister,1,40,550,0.0018181818181818182
look,shamu,1,41,550,0.0018181818181818182
look,big_bird,1,42,550,0.0018181818181818182
look,cheryl,1,43,550,0.0018181818181818182
look,robert,1,44,550,0.0018181818181818182
look,bob,1,45,550,0.0018181818181818182
look,kermit,1,46,550,0.0018181818181818182
look,eye,1,47,550,0.0018181818181818182
look,what,1,48,550,0.0018181818181818182
look,whoop,1,49,550,0.0018181818181818182
look,something,1,50,550,0.0018181818181818182
look,ox,1,51,550,0.0018181818181818182
look,rainbow,1,52,550,0.0018181818181818182
look,paul,1,53,550,0.0018181818181818182
look,car,1,54,550,0.0018181818181818182
look,crop,1,55,550,0.0018181818181818182
look,kid,1,56,550,0.0018181818181818182
look,horse,1,57,550,0.0018181818181818182
look,farm,1,58,550,0.0018181818181818182
look,clara,1,59,550,0.0018181818181818182
look,those,1,60,550,0.0018181818181818182
look,poppy,1,61,550,0.0018181818181818182
look,white,1,62,550,0.0018181818181818182
look,japan,1,63,550,0.0018181818181818182
look,all,1,64,550,0.0018181818181818182
put,you,221,1,528,0.4185606060606061
put,we,127,2,528,0.24053030303030304
put,i,67,3,528,0.1268939393939394
put,us,31,4,528,0.058712121212121215
put,she,16,5,528,0.030303030303030304
put,he,14,6,528,0.026515151515151516
put,wanna,14,7,528,0.026515151515151516
put,they,11,8,528,0.020833333333333332
put,xxx,3,9,528,0.005681818181818182
put,girl,2,10,528,0.003787878787878788
put,mom,2,11,528,0.003787878787878788
put,it,2,12,528,0.003787878787878788
put,daddy,2,13,528,0.003787878787878788
put,dyou,2,14,528,0.003787878787878788
put,dad,1,15,528,0.001893939393939394
put,man,1,16,528,0.001893939393939394
put,one,1,17,528,0.001893939393939394
put,anything,1,18,528,0.001893939393939394
put,who,1,19,528,0.001893939393939394
put,that,1,20,528,0.001893939393939394
put,cat,1,21,528,0.001893939393939394
put,needta,1,22,528,0.001893939393939394
put,easter_bunny,1,23,528,0.001893939393939394
put,bear,1,24,528,0.001893939393939394
put,hadta,1,25,528,0.001893939393939394
put,harness,1,26,528,0.001893939393939394
put,mm,1,27,528,0.001893939393939394
put,people,1,28,528,0.001893939393939394
come,you,111,1,501,0.2215568862275449
come,they,43,2,501,0.08582834331337326
come,it,30,3,501,0.059880239520958084
come,he,29,4,501,0.05788423153692615
come,what,28,5,501,0.05588822355289421
come,i,27,6,501,0.05389221556886228
come,she,22,7,501,0.043912175648702596
come,monkey,19,8,501,0.03792415169660679
come,that,14,9,501,0.027944111776447105
come,who,13,10,501,0.02594810379241517
come,we,8,11,501,0.015968063872255488
come,one,8,12,501,0.015968063872255488
come,boy,7,13,501,0.013972055888223553
come,william,6,14,501,0.011976047904191617
come,friend,4,15,501,0.007984031936127744
come,dawn,4,16,501,0.007984031936127744
come,grandma,3,17,501,0.005988023952095809
come,mom,3,18,501,0.005988023952095809
come,sun,3,19,501,0.005988023952095809
come,somebody,3,20,501,0.005988023952095809
come,guy,3,21,501,0.005988023952095809
come,cooky,3,22,501,0.005988023952095809
come,man,3,23,501,0.005988023952095809
come,bear,2,24,501,0.003992015968063872
come,this,2,25,501,0.003992015968063872
come,neely,2,26,501,0.003992015968063872
come,chi,2,27,501,0.003992015968063872
come,kid,2,28,501,0.003992015968063872
come,wolf,2,29,501,0.003992015968063872
come,gang,2,30,501,0.003992015968063872
come,these,2,31,501,0.003992015968063872
come,trash,2,32,501,0.003992015968063872
come,rain,2,33,501,0.003992015968063872
come,daddy,2,34,501,0.003992015968063872
come,milk,2,35,501,0.003992015968063872
come,dog,2,36,501,0.003992015968063872
come,kate,2,37,501,0.003992015968063872
come,everything,2,38,501,0.003992015968063872
come,some,2,39,501,0.003992015968063872
come,lorry,2,40,501,0.003992015968063872
come,sister,2,41,501,0.003992015968063872
come,bunny,2,42,501,0.003992015968063872
come,godmother,2,43,501,0.003992015968063872
come,family,2,44,501,0.003992015968063872
come,steering,1,45,501,0.001996007984031936
come,dad,1,46,501,0.001996007984031936
come,the,1,47,501,0.001996007984031936
come,xxx,1,48,501,0.001996007984031936
come,wind,1,49,501,0.001996007984031936
come,sis,1,50,501,0.001996007984031936
come,girl,1,51,501,0.001996007984031936
come,chain,1,52,501,0.001996007984031936
come,word,1,53,501,0.001996007984031936
come,balloon,1,54,501,0.001996007984031936
come,mum,1,55,501,0.001996007984031936
come,bubble,1,56,501,0.001996007984031936
come,christmas,1,57,501,0.001996007984031936
come,fire,1,58,501,0.001996007984031936
come,smoke,1,59,501,0.001996007984031936
come,sh,1,60,501,0.001996007984031936
come,jingle_belll,1,61,501,0.001996007984031936
come,diane,1,62,501,0.001996007984031936
come,puppet,1,63,501,0.001996007984031936
come,easter_bunny,1,64,501,0.001996007984031936
come,truck,1,65,501,0.001996007984031936
come,top,1,66,501,0.001996007984031936
come,wish,1,67,501,0.001996007984031936
come,egg,1,68,501,0.001996007984031936
come,cheese,1,69,501,0.001996007984031936
come,helen,1,70,501,0.001996007984031936
come,cat,1,71,501,0.001996007984031936
come,whoop,1,72,501,0.001996007984031936
come,newspaper,1,73,501,0.001996007984031936
come,storm,1,74,501,0.001996007984031936
come,rainbow,1,75,501,0.001996007984031936
come,company,1,76,501,0.001996007984031936
come,someone,1,77,501,0.001996007984031936
come,kevin,1,78,501,0.001996007984031936
come,sprite,1,79,501,0.001996007984031936
come,pie,1,80,501,0.001996007984031936
come,dav,1,81,501,0.001996007984031936
come,snow,1,82,501,0.001996007984031936
come,inch+worm,1,83,501,0.001996007984031936
come,most,1,84,501,0.001996007984031936
come,silverware,1,85,501,0.001996007984031936
come,tree,1,86,501,0.001996007984031936
come,chicken_mcnugget,1,87,501,0.001996007984031936
come,oop,1,88,501,0.001996007984031936
come,day,1,89,501,0.001996007984031936
come,buddy,1,90,501,0.001996007984031936
come,music,1,91,501,0.001996007984031936
come,brother,1,92,501,0.001996007984031936
come,star,1,93,501,0.001996007984031936
come,julie,1,94,501,0.001996007984031936
come,toast,1,95,501,0.001996007984031936
come,animal,1,96,501,0.001996007984031936
come,halloween,1,97,501,0.001996007984031936
come,police,1,98,501,0.001996007984031936
come,sit,1,99,501,0.001996007984031936
come,fairy,1,100,501,0.001996007984031936
come,both,1,101,501,0.001996007984031936
come,which,1,102,501,0.001996007984031936
come,season,1,103,501,0.001996007984031936
come,lindsay,1,104,501,0.001996007984031936
come,fiona,1,105,501,0.001996007984031936
come,webs,1,106,501,0.001996007984031936
come,noise,1,107,501,0.001996007984031936
come,sound,1,108,501,0.001996007984031936
come,ali,1,109,501,0.001996007984031936
take,you,182,1,404,0.4504950495049505
take,i,41,2,404,0.10148514851485149
take,who,30,3,404,0.07425742574257425
take,we,23,4,404,0.05693069306930693
take,it,17,5,404,0.04207920792079208
take,he,17,6,404,0.04207920792079208
take,she,11,7,404,0.027227722772277228
take,they,11,8,404,0.027227722772277228
take,us,11,9,404,0.027227722772277228
take,daddy,6,10,404,0.01485148514851485
take,mom,5,11,404,0.012376237623762377
take,firstname,4,12,404,0.009900990099009901
take,that,3,13,404,0.007425742574257425
take,boy,2,14,404,0.0049504950495049506
take,girl,2,15,404,0.0049504950495049506
take,casey,2,16,404,0.0049504950495049506
take,daniel,2,17,404,0.0049504950495049506
take,someone,2,18,404,0.0049504950495049506
take,mommy,2,19,404,0.0049504950495049506
take,one,1,20,404,0.0024752475247524753
take,hadta,1,21,404,0.0024752475247524753
take,appendix,1,22,404,0.0024752475247524753
take,sister,1,23,404,0.0024752475247524753
take,www,1,24,404,0.0024752475247524753
take,picture,1,25,404,0.0024752475247524753
take,guy,1,26,404,0.0024752475247524753
take,dusty,1,27,404,0.0024752475247524753
take,woman,1,28,404,0.0024752475247524753
take,lake,1,29,404,0.0024752475247524753
take,angela,1,30,404,0.0024752475247524753
take,justine,1,31,404,0.0024752475247524753
take,matthew,1,32,404,0.0024752475247524753
take,gang,1,33,404,0.0024752475247524753
take,deborah,1,34,404,0.0024752475247524753
take,go,1,35,404,0.0024752475247524753
take,katherine,1,36,404,0.0024752475247524753
take,elizabeth,1,37,404,0.0024752475247524753
take,josh,1,38,404,0.0024752475247524753
take,mum,1,39,404,0.0024752475247524753
take,eight,1,40,404,0.0024752475247524753
take,garfield,1,41,404,0.0024752475247524753
take,paul,1,42,404,0.0024752475247524753
take,bite,1,43,404,0.0024752475247524753
take,sis,1,44,404,0.0024752475247524753
take,bro,1,45,404,0.0024752475247524753
take,thing,1,46,404,0.0024752475247524753
take,wanna,1,47,404,0.0024752475247524753
take,teacher,1,48,404,0.0024752475247524753
take,grandma,1,49,404,0.0024752475247524753
take,this,1,50,404,0.0024752475247524753
remember,you,297,1,355,0.8366197183098592
remember,i,39,2,355,0.10985915492957747
remember,dyou,6,3,355,0.016901408450704224
remember,we,4,4,355,0.011267605633802818
remember,she,2,5,355,0.005633802816901409
remember,team,1,6,355,0.0028169014084507044
remember,picture,1,7,355,0.0028169014084507044
remember,anybody,1,8,355,0.0028169014084507044
remember,line,1,9,355,0.0028169014084507044
remember,side,1,10,355,0.0028169014084507044
remember,one,1,11,355,0.0028169014084507044
remember,yuc,1,12,355,0.0028169014084507044
can,you,66,1,277,0.23826714801444043
can,who,28,2,277,0.10108303249097472
can,ya,22,3,277,0.07942238267148015
can,i,16,4,277,0.05776173285198556
can,they,9,5,277,0.032490974729241874
can,we,8,6,277,0.02888086642599278
can,he,8,7,277,0.02888086642599278
can,iya,6,8,277,0.021660649819494584
can,aja,6,9,277,0.021660649819494584
can,she,5,10,277,0.018050541516245487
can,firstname,4,11,277,0.01444043321299639
can,heh,4,12,277,0.01444043321299639
can,apa,4,13,277,0.01444043321299639
can,udah,4,14,277,0.01444043321299639
can,anybody,3,15,277,0.010830324909747292
can,lho,3,16,277,0.010830324909747292
can,lagi,3,17,277,0.010830324909747292
can,itu,3,18,277,0.010830324909747292
can,nih,3,19,277,0.010830324909747292
can,banyak,3,20,277,0.010830324909747292
can,sih,2,21,277,0.007220216606498195
can,tu,2,22,277,0.007220216606498195
can,dulu,2,23,277,0.007220216606498195
can,mana,2,24,277,0.007220216606498195
can,bisa,2,25,277,0.007220216606498195
can,dong,2,26,277,0.007220216606498195
can,cukup,2,27,277,0.007220216606498195
can,gitu,2,28,277,0.007220216606498195
can,coba,2,29,277,0.007220216606498195
can,boy,1,30,277,0.0036101083032490976
can,girl,1,31,277,0.0036101083032490976
can,people,1,32,277,0.0036101083032490976
can,a,1,33,277,0.0036101083032490976
can,woman,1,34,277,0.0036101083032490976
can,lain,1,35,277,0.0036101083032490976
can,kurang,1,36,277,0.0036101083032490976
can,nggak,1,37,277,0.0036101083032490976
can,malem,1,38,277,0.0036101083032490976
can,pintu,1,39,277,0.0036101083032490976
can,gede,1,40,277,0.0036101083032490976
can,nempel,1,41,277,0.0036101083032490976
can,diini,1,42,277,0.0036101083032490976
can,begini,1,43,277,0.0036101083032490976
can,jangan,1,44,277,0.0036101083032490976
can,atas,1,45,277,0.0036101083032490976
can,orang,1,46,277,0.0036101083032490976
can,pendek,1,47,277,0.0036101083032490976
can,yok,1,48,277,0.0036101083032490976
can,kamu,1,49,277,0.0036101083032490976
can,sini,1,50,277,0.0036101083032490976
can,apanya,1,51,277,0.0036101083032490976
can,boneka+boneka,1,52,277,0.0036101083032490976
can,dinding,1,53,277,0.0036101083032490976
can,semua,1,54,277,0.0036101083032490976
can,juga,1,55,277,0.0036101083032490976
can,gratis,1,56,277,0.0036101083032490976
can,ikut,1,57,277,0.0036101083032490976
can,jualan,1,58,277,0.0036101083032490976
can,ini,1,59,277,0.0036101083032490976
can,putih,1,60,277,0.0036101083032490976
can,lah,1,61,277,0.0036101083032490976
can,bebek,1,62,277,0.0036101083032490976
can,gimana,1,63,277,0.0036101083032490976
can,berkreasi,1,64,277,0.0036101083032490976
can,copot,1,65,277,0.0036101083032490976
can,lebih,1,66,277,0.0036101083032490976
can,apaan,1,67,277,0.0036101083032490976
can,gituan,1,68,277,0.0036101083032490976
can,kerudung,1,69,277,0.0036101083032490976
can,lumayan,1,70,277,0.0036101083032490976
can,murah,1,71,277,0.0036101083032490976
can,tadi,1,72,277,0.0036101083032490976
can,pacar,1,73,277,0.0036101083032490976
can,sekarang,1,74,277,0.0036101083032490976
can,kantor,1,75,277,0.0036101083032490976
can,keracunan,1,76,277,0.0036101083032490976
can,gummidge,1,77,277,0.0036101083032490976
can,j,1,78,277,0.0036101083032490976
can,can,1,79,277,0.0036101083032490976
can,what,1,80,277,0.0036101083032490976
eat,you,108,1,238,0.453781512605042
eat,he,51,2,238,0.21428571428571427
eat,they,15,3,238,0.06302521008403361
eat,i,13,4,238,0.0546218487394958
eat,she,6,5,238,0.025210084033613446
eat,we,5,6,238,0.02100840336134454
eat,who,5,7,238,0.02100840336134454
eat,caterpillar,3,8,238,0.012605042016806723
eat,tiger,3,9,238,0.012605042016806723
eat,wanna,2,10,238,0.008403361344537815
eat,be,2,11,238,0.008403361344537815
eat,animal,2,12,238,0.008403361344537815
eat,bear,2,13,238,0.008403361344537815
eat,it,2,14,238,0.008403361344537815
eat,guy,2,15,238,0.008403361344537815
eat,elephant,1,16,238,0.004201680672268907
eat,cos'll,1,17,238,0.004201680672268907
eat,girl,1,18,238,0.004201680672268907
eat,daddy,1,19,238,0.004201680672268907
eat,nibbles,1,20,238,0.004201680672268907
eat,pastry,1,21,238,0.004201680672268907
eat,horse,1,22,238,0.004201680672268907
eat,bunny,1,23,238,0.004201680672268907
eat,argh,1,24,238,0.004201680672268907
eat,xxx,1,25,238,0.004201680672268907
eat,tigger,1,26,238,0.004201680672268907
eat,people,1,27,238,0.004201680672268907
eat,what,1,28,238,0.004201680672268907
eat,baby,1,29,238,0.004201680672268907
eat,ant,1,30,238,0.004201680672268907
eat,pokemon,1,31,238,0.004201680672268907
eat,banana,1,32,238,0.004201680672268907
find,you,63,1,213,0.29577464788732394
find,he,38,2,213,0.1784037558685446
find,i,37,3,213,0.17370892018779344
find,we,29,4,213,0.13615023474178403
find,boy,21,5,213,0.09859154929577464
find,jill,6,6,213,0.028169014084507043
find,they,4,7,213,0.018779342723004695
find,us,3,8,213,0.014084507042253521
find,xxx,2,9,213,0.009389671361502348
find,patty_ogreen,2,10,213,0.009389671361502348
find,jenny,1,11,213,0.004694835680751174
find,bear,1,12,213,0.004694835680751174
find,bro,1,13,213,0.004694835680751174
find,daddy,1,14,213,0.004694835680751174
find,who,1,15,213,0.004694835680751174
find,two,1,16,213,0.004694835680751174
find,she,1,17,213,0.004694835680751174
find,prince,1,18,213,0.004694835680751174
siapa,sama,14,1,160,0.0875
siapa,namanya,7,2,160,0.04375
siapa,itu,7,3,160,0.04375
siapa,tu,5,4,160,0.03125
siapa,kata,4,5,160,0.025
siapa,dari,4,6,160,0.025
siapa,ama,4,7,160,0.025
siapa,tante,4,8,160,0.025
siapa,kaya,3,9,160,0.01875
siapa,mbak,3,10,160,0.01875
siapa,kelasnya,3,11,160,0.01875
siapa,ada,3,12,160,0.01875
siapa,ni,2,13,160,0.0125
siapa,sekarang,2,14,160,0.0125
siapa,terus,2,15,160,0.0125
siapa,gurunya,2,16,160,0.0125
siapa,dei,2,17,160,0.0125
siapa,gantinya,2,18,160,0.0125
siapa,barbienya,2,19,160,0.0125
siapa,jadi,2,20,160,0.0125
siapa,cari,2,21,160,0.0125
siapa,mbah,2,22,160,0.0125
siapa,lagunya,2,23,160,0.0125
siapa,mobil,2,24,160,0.0125
siapa,buat,2,25,160,0.0125
siapa,pada,2,26,160,0.0125
siapa,kepada,2,27,160,0.0125
siapa,bang,2,28,160,0.0125
siapa,iya,1,29,160,0.00625
siapa,baca,1,30,160,0.00625
siapa,abangnya,1,31,160,0.00625
siapa,nimpuk,1,32,160,0.00625
siapa,tau,1,33,160,0.00625
siapa,gambar,1,34,160,0.00625
siapa,juaranya,1,35,160,0.00625
siapa,cantik,1,36,160,0.00625
siapa,nama,1,37,160,0.00625
siapa,mamanya,1,38,160,0.00625
siapa,kakaknya,1,39,160,0.00625
siapa,joey,1,40,160,0.00625
siapa,kelas,1,41,160,0.00625
siapa,sekelas,1,42,160,0.00625
siapa,heri,1,43,160,0.00625
siapa,pinggir,1,44,160,0.00625
siapa,bogor,1,45,160,0.00625
siapa,minggu,1,46,160,0.00625
siapa,om,1,47,160,0.00625
siapa,rapunzel,1,48,160,0.00625
siapa,yang,1,49,160,0.00625
siapa,belakang,1,50,160,0.00625
siapa,ica,1,51,160,0.00625
siapa,sekolah,1,52,160,0.00625
siapa,pendek,1,53,160,0.00625
siapa,lipstick,1,54,160,0.00625
siapa,kepang,1,55,160,0.00625
siapa,ini,1,56,160,0.00625
siapa,nyupir,1,57,160,0.00625
siapa,ketemu,1,58,160,0.00625
siapa,telfonnya,1,59,160,0.00625
siapa,dokter,1,60,160,0.00625
siapa,minjem,1,61,160,0.00625
siapa,telfon,1,62,160,0.00625
siapa,ngepang,1,63,160,0.00625
siapa,rapotnya,1,64,160,0.00625
siapa,rapot,1,65,160,0.00625
siapa,balonnya,1,66,160,0.00625
siapa,pantat,1,67,160,0.00625
siapa,palanya,1,68,160,0.00625
siapa,sodaranya,1,69,160,0.00625
siapa,motong,1,70,160,0.00625
siapa,rumahnya,1,71,160,0.00625
siapa,dipinjem,1,72,160,0.00625
siapa,nulis,1,73,160,0.00625
siapa,benci,1,74,160,0.00625
siapa,muhammad,1,75,160,0.00625
siapa,merah,1,76,160,0.00625
siapa,bola,1,77,160,0.00625
siapa,gelas,1,78,160,0.00625
siapa,botak,1,79,160,0.00625
siapa,mulut,1,80,160,0.00625
siapa,opi,1,81,160,0.00625
siapa,fariz,1,82,160,0.00625
siapa,tadi,1,83,160,0.00625
siapa,angkat,1,84,160,0.00625
siapa,xxx,1,85,160,0.00625
siapa,malem+malem,1,86,160,0.00625
siapa,duluan,1,87,160,0.00625
siapa,mandi,1,88,160,0.00625
siapa,kacamata,1,89,160,0.00625
siapa,punya,1,90,160,0.00625
siapa,ngewarnain,1,91,160,0.00625
siapa,tas,1,92,160,0.00625
siapa,sini,1,93,160,0.00625
siapa,marah,1,94,160,0.00625
siapa,ucup,1,95,160,0.00625
read,you,83,1,155,0.535483870967742
read,i,30,2,155,0.1935483870967742
read,we,11,3,155,0.07096774193548387
read,wanna,6,4,155,0.03870967741935484
read,he,5,5,155,0.03225806451612903
read,she,3,6,155,0.01935483870967742
read,us,3,7,155,0.01935483870967742
read,teacher,3,8,155,0.01935483870967742
read,guy,2,9,155,0.012903225806451613
read,who,1,10,155,0.0064516129032258064
read,it,1,11,155,0.0064516129032258064
read,hadta,1,12,155,0.0064516129032258064
read,sis,1,13,155,0.0064516129032258064
read,part,1,14,155,0.0064516129032258064
read,they,1,15,155,0.0064516129032258064
read,that,1,16,155,0.0064516129032258064
read,mummy,1,17,155,0.0064516129032258064
read,mom,1,18,155,0.0064516129032258064
need,you,59,1,153,0.38562091503267976
need,we,36,2,153,0.23529411764705882
need,i,27,3,153,0.17647058823529413
need,he,8,4,153,0.05228758169934641
need,she,3,5,153,0.0196078431372549
need,they,3,6,153,0.0196078431372549
need,floor,2,7,153,0.013071895424836602
need,lion,2,8,153,0.013071895424836602
need,old,1,9,153,0.006535947712418301
need,what,1,10,153,0.006535947712418301
need,cup,1,11,153,0.006535947712418301
need,something,1,12,153,0.006535947712418301
need,somebody,1,13,153,0.006535947712418301
need,who,1,14,153,0.006535947712418301
need,scarecrow,1,15,153,0.006535947712418301
need,brain,1,16,153,0.006535947712418301
need,man,1,17,153,0.006535947712418301
need,piece,1,18,153,0.006535947712418301
need,table,1,19,153,0.006535947712418301
need,it,1,20,153,0.006535947712418301
need,that,1,21,153,0.006535947712418301
live,who,41,1,146,0.2808219178082192
live,you,29,2,146,0.19863013698630136
live,he,17,3,146,0.11643835616438356
live,i,8,4,146,0.0547945205479452
live,they,8,5,146,0.0547945205479452
live,that,6,6,146,0.0410958904109589
live,she,6,7,146,0.0410958904109589
live,jack,5,8,146,0.03424657534246575
live,we,4,9,146,0.0273972602739726
live,elephant,3,10,146,0.02054794520547945
live,mike,2,11,146,0.0136986301369863
live,monkey,2,12,146,0.0136986301369863
live,man,2,13,146,0.0136986301369863
live,cow,1,14,146,0.00684931506849315
live,place,1,15,146,0.00684931506849315
live,chicken,1,16,146,0.00684931506849315
live,mom,1,17,146,0.00684931506849315
live,fish,1,18,146,0.00684931506849315
live,monkie,1,19,146,0.00684931506849315
live,one,1,20,146,0.00684931506849315
live,what,1,21,146,0.00684931506849315
live,james,1,22,146,0.00684931506849315
live,any,1,23,146,0.00684931506849315
live,it,1,24,146,0.00684931506849315
live,grandparent,1,25,146,0.00684931506849315
live,grandma,1,26,146,0.00684931506849315
give,i,33,1,144,0.22916666666666666
give,you,29,2,144,0.2013888888888889
give,they,18,3,144,0.125
give,he,15,4,144,0.10416666666666667
give,she,10,5,144,0.06944444444444445
give,who,4,6,144,0.027777777777777776
give,dad,4,7,144,0.027777777777777776
give,mom,2,8,144,0.013888888888888888
give,we,2,9,144,0.013888888888888888
give,that,2,10,144,0.013888888888888888
give,it,2,11,144,0.013888888888888888
give,anybody,2,12,144,0.013888888888888888
give,us,2,13,144,0.013888888888888888
give,grandma,1,14,144,0.006944444444444444
give,elephant,1,15,144,0.006944444444444444
give,firstname,1,16,144,0.006944444444444444
give,xxx,1,17,144,0.006944444444444444
give,nobody,1,18,144,0.006944444444444444
give,gerne,1,19,144,0.006944444444444444
give,hafta,1,20,144,0.006944444444444444
give,julia,1,21,144,0.006944444444444444
give,sid,1,22,144,0.006944444444444444
give,doctor,1,23,144,0.006944444444444444
give,billy,1,24,144,0.006944444444444444
give,kevin,1,25,144,0.006944444444444444
give,witch,1,26,144,0.006944444444444444
give,girl,1,27,144,0.006944444444444444
give,person,1,28,144,0.006944444444444444
give,teacher,1,29,144,0.006944444444444444
give,brother,1,30,144,0.006944444444444444
give,fairy,1,31,144,0.006944444444444444
give,people,1,32,144,0.006944444444444444
ask,you,96,1,141,0.6808510638297872
ask,i,20,2,141,0.14184397163120568
ask,he,5,3,141,0.03546099290780142
ask,she,5,4,141,0.03546099290780142
ask,we,5,5,141,0.03546099290780142
ask,they,2,6,141,0.014184397163120567
ask,www,1,7,141,0.0070921985815602835
ask,guy,1,8,141,0.0070921985815602835
ask,rafael,1,9,141,0.0070921985815602835
ask,doctor,1,10,141,0.0070921985815602835
ask,any,1,11,141,0.0070921985815602835
ask,wyatt,1,12,141,0.0070921985815602835
ask,xxx,1,13,141,0.0070921985815602835
ask,color,1,14,141,0.0070921985815602835
help,you,48,1,138,0.34782608695652173
help,i,28,2,138,0.2028985507246377
help,who,27,3,138,0.1956521739130435
help,he,7,4,138,0.050724637681159424
help,that,5,5,138,0.036231884057971016
help,wanna,5,6,138,0.036231884057971016
help,she,4,7,138,0.028985507246376812
help,they,3,8,138,0.021739130434782608
help,mom,2,9,138,0.014492753623188406
help,kid,2,10,138,0.014492753623188406
help,thing,1,11,138,0.007246376811594203
help,firstname,1,12,138,0.007246376811594203
help,boy,1,13,138,0.007246376811594203
help,dad,1,14,138,0.007246376811594203
help,we,1,15,138,0.007246376811594203
help,doctor,1,16,138,0.007246376811594203
help,sister,1,17,138,0.007246376811594203
talk,you,54,1,136,0.39705882352941174
talk,we,31,2,136,0.22794117647058823
talk,i,13,3,136,0.09558823529411764
talk,they,10,4,136,0.07352941176470588
talk,he,8,5,136,0.058823529411764705
talk,it,4,6,136,0.029411764705882353
talk,she,3,7,136,0.022058823529411766
talk,firstname,1,8,136,0.007352941176470588
talk,wanna,1,9,136,0.007352941176470588
talk,that,1,10,136,0.007352941176470588
talk,flower,1,11,136,0.007352941176470588
talk,kathy,1,12,136,0.007352941176470588
talk,us,1,13,136,0.007352941176470588
talk,man,1,14,136,0.007352941176470588
talk,car,1,15,136,0.007352941176470588
talk,thing,1,16,136,0.007352941176470588
talk,somebody,1,17,136,0.007352941176470588
talk,who,1,18,136,0.007352941176470588
talk,ronnie,1,19,136,0.007352941176470588
talk,nathan,1,20,136,0.007352941176470588
watch,you,95,1,134,0.7089552238805971
watch,i,17,2,134,0.12686567164179105
watch,we,5,3,134,0.03731343283582089
watch,he,3,4,134,0.022388059701492536
watch,she,2,5,134,0.014925373134328358
watch,cat,2,6,134,0.014925373134328358
watch,us,2,7,134,0.014925373134328358
watch,firstname,1,8,134,0.007462686567164179
watch,stop,1,9,134,0.007462686567164179
watch,brother,1,10,134,0.007462686567164179
watch,pow,1,11,134,0.007462686567164179
watch,paul,1,12,134,0.007462686567164179
watch,camera,1,13,134,0.007462686567164179
watch,parent,1,14,134,0.007462686567164179
watch,owl,1,15,134,0.007462686567164179
mean,you,62,1,131,0.4732824427480916
mean,that,33,2,131,0.25190839694656486
mean,i,18,3,131,0.13740458015267176
mean,it,9,4,131,0.06870229007633588
mean,aerobic,1,5,131,0.007633587786259542
mean,ba,1,6,131,0.007633587786259542
mean,noise,1,7,131,0.007633587786259542
mean,line,1,8,131,0.007633587786259542
mean,dot,1,9,131,0.007633587786259542
mean,number,1,10,131,0.007633587786259542
mean,word,1,11,131,0.007633587786259542
mean,he,1,12,131,0.007633587786259542
mean,she,1,13,131,0.007633587786259542
sound,that,99,1,123,0.8048780487804879
sound,it,13,2,123,0.10569105691056911
sound,he,3,3,123,0.024390243902439025
sound,you,1,4,123,0.008130081300813009
sound,boy,1,5,123,0.008130081300813009
sound,this,1,6,123,0.008130081300813009
sound,alright,1,7,123,0.008130081300813009
sound,job,1,8,123,0.008130081300813009
sound,she,1,9,123,0.008130081300813009
sound,they,1,10,123,0.008130081300813009
sound,galaxyland,1,11,123,0.008130081300813009
fall,you,25,1,122,0.20491803278688525
fall,it,24,2,122,0.19672131147540983
fall,they,20,3,122,0.16393442622950818
fall,he,20,4,122,0.16393442622950818
fall,i,5,5,122,0.040983606557377046
fall,who,2,6,122,0.01639344262295082
fall,she,2,7,122,0.01639344262295082
fall,mess,2,8,122,0.01639344262295082
fall,we,2,9,122,0.01639344262295082
fall,that,2,10,122,0.01639344262295082
fall,dad,1,11,122,0.00819672131147541
fall,meat,1,12,122,0.00819672131147541
fall,arm,1,13,122,0.00819672131147541
fall,baby,1,14,122,0.00819672131147541
fall,what,1,15,122,0.00819672131147541
fall,shoe,1,16,122,0.00819672131147541
fall,pant,1,17,122,0.00819672131147541
fall,mine,1,18,122,0.00819672131147541
fall,everything,1,19,122,0.00819672131147541
fall,us,1,20,122,0.00819672131147541
fall,yours,1,21,122,0.00819672131147541
fall,hen,1,22,122,0.00819672131147541
fall,man,1,23,122,0.00819672131147541
fall,all,1,24,122,0.00819672131147541
fall,xxx,1,25,122,0.00819672131147541
fall,camera,1,26,122,0.00819672131147541
fall,leaf,1,27,122,0.00819672131147541
fall,boy,1,28,122,0.00819672131147541
start,you,27,1,121,0.2231404958677686
start,i,23,2,121,0.19008264462809918
start,story,15,3,121,0.12396694214876033
start,it,9,4,121,0.0743801652892562
start,he,5,5,121,0.04132231404958678
start,what,5,6,121,0.04132231404958678
start,us,4,7,121,0.03305785123966942
start,we,4,8,121,0.03305785123966942
start,they,4,9,121,0.03305785123966942
start,who,3,10,121,0.024793388429752067
start,name,3,11,121,0.024793388429752067
start,nose,2,12,121,0.01652892561983471
start,she,2,13,121,0.01652892561983471
start,xxx,2,14,121,0.01652892561983471
start,that,2,15,121,0.01652892561983471
start,wanna,1,16,121,0.008264462809917356
start,woman,1,17,121,0.008264462809917356
start,di,1,18,121,0.008264462809917356
start,yang,1,19,121,0.008264462809917356
start,buat,1,20,121,0.008264462809917356
start,tempat,1,21,121,0.008264462809917356
start,ijo,1,22,121,0.008264462809917356
start,this,1,23,121,0.008264462809917356
start,one,1,24,121,0.008264462809917356
start,game,1,25,121,0.008264462809917356
start,yur,1,26,121,0.008264462809917356
show,you,39,1,121,0.32231404958677684
show,i,36,2,121,0.2975206611570248
show,we,8,3,121,0.06611570247933884
show,she,7,4,121,0.05785123966942149
show,they,6,5,121,0.049586776859504134
show,it,5,6,121,0.04132231404958678
show,wanna,4,7,121,0.03305785123966942
show,that,3,8,121,0.024793388429752067
show,somebody,2,9,121,0.01652892561983471
show,eye,2,10,121,0.01652892561983471
show,he,1,11,121,0.008264462809917356
show,someone,1,12,121,0.008264462809917356
show,mommy,1,13,121,0.008264462809917356
show,sho,1,14,121,0.008264462809917356
show,us,1,15,121,0.008264462809917356
show,mummie,1,16,121,0.008264462809917356
show,dad,1,17,121,0.008264462809917356
show,this,1,18,121,0.008264462809917356
show,what,1,19,121,0.008264462809917356
walk,he,44,1,119,0.3697478991596639
walk,you,25,2,119,0.21008403361344538
walk,boy,13,3,119,0.1092436974789916
walk,they,9,4,119,0.07563025210084033
walk,child,6,5,119,0.05042016806722689
walk,i,6,6,119,0.05042016806722689
walk,she,4,7,119,0.03361344537815126
walk,it,2,8,119,0.01680672268907563
walk,somebody,2,9,119,0.01680672268907563
walk,balloon,2,10,119,0.01680672268907563
walk,grownup,2,11,119,0.01680672268907563
walk,who,1,12,119,0.008403361344537815
walk,we,1,13,119,0.008403361344537815
walk,man,1,14,119,0.008403361344537815
walk,dorothy,1,15,119,0.008403361344537815
apa,buat,10,1,119,0.08403361344537816
apa,tu,9,2,119,0.07563025210084033
apa,yang,6,3,119,0.05042016806722689
apa,kayak,4,4,119,0.03361344537815126
apa,sembilan,4,5,119,0.03361344537815126
apa,mainan,4,6,119,0.03361344537815126
apa,pelajaran,3,7,119,0.025210084033613446
apa,hari,3,8,119,0.025210084033613446
apa,ulangan,3,9,119,0.025210084033613446
apa,minum,3,10,119,0.025210084033613446
apa,kapal,2,11,119,0.01680672268907563
apa,belanja,2,12,119,0.01680672268907563
apa,dapet,2,13,119,0.01680672268907563
apa,apa,2,14,119,0.01680672268907563
apa,tau,2,15,119,0.01680672268907563
apa,tanyain,2,16,119,0.01680672268907563
apa,jualan,2,17,119,0.01680672268907563
apa,kuku,1,18,119,0.008403361344537815
apa,wido,1,19,119,0.008403361344537815
apa,tulisannya,1,20,119,0.008403361344537815
apa,pengumuman,1,21,119,0.008403361344537815
apa,pasangan,1,22,119,0.008403361344537815
apa,b,1,23,119,0.008403361344537815
apa,gambarnya,1,24,119,0.008403361344537815
apa,merah,1,25,119,0.008403361344537815
apa,bumbunya,1,26,119,0.008403361344537815
apa,rasanya,1,27,119,0.008403361344537815
apa,bunyi,1,28,119,0.008403361344537815
apa,kena,1,29,119,0.008403361344537815
apa,tadi,1,30,119,0.008403361344537815
apa,kertas,1,31,119,0.008403361344537815
apa,mi,1,32,119,0.008403361344537815
apa,pura+puranya,1,33,119,0.008403361344537815
apa,bawang,1,34,119,0.008403361344537815
apa,tita,1,35,119,0.008403361344537815
apa,barangnya,1,36,119,0.008403361344537815
apa,kelas,1,37,119,0.008403361344537815
apa,kursi,1,38,119,0.008403361344537815
apa,titip,1,39,119,0.008403361344537815
apa,kotak,1,40,119,0.008403361344537815
apa,suit+suitan,1,41,119,0.008403361344537815
apa,nonton,1,42,119,0.008403361344537815
apa,selalu,1,43,119,0.008403361344537815
apa,dixx,1,44,119,0.008403361344537815
apa,bantuin,1,45,119,0.008403361344537815
apa,abisin,1,46,119,0.008403361344537815
apa,si,1,47,119,0.008403361344537815
apa,ica,1,48,119,0.008403361344537815
apa,boleh,1,49,119,0.008403361344537815
apa,ekskulnya,1,50,119,0.008403361344537815
apa,menang,1,51,119,0.008403361344537815
apa,ketemu,1,52,119,0.008403361344537815
apa,delapan,1,53,119,0.008403361344537815
apa,opi,1,54,119,0.008403361344537815
apa,beli,1,55,119,0.008403361344537815
apa,male,1,56,119,0.008403361344537815
apa,oleh+oleh,1,57,119,0.008403361344537815
apa,coba,1,58,119,0.008403361344537815
apa,untuk,1,59,119,0.008403361344537815
apa,sepuluh,1,60,119,0.008403361344537815
apa,sayur,1,61,119,0.008403361344537815
apa,periksa,1,62,119,0.008403361344537815
apa,aam,1,63,119,0.008403361344537815
apa,trus,1,64,119,0.008403361344537815
apa,sakit,1,65,119,0.008403361344537815
apa,diganti,1,66,119,0.008403361344537815
apa,dah,1,67,119,0.008403361344537815
apa,kursus,1,68,119,0.008403361344537815
apa,pada,1,69,119,0.008403361344537815
apa,risa,1,70,119,0.008403361344537815
apa,ketiganya,1,71,119,0.008403361344537815
apa,ini,1,72,119,0.008403361344537815
apa,bawa,1,73,119,0.008403361344537815
dulu,ini,11,1,117,0.09401709401709402
dulu,ntar,6,2,117,0.05128205128205128
dulu,tunggu,6,3,117,0.05128205128205128
dulu,apa,4,4,117,0.03418803418803419
dulu,tangan,4,5,117,0.03418803418803419
dulu,aja,4,6,117,0.03418803418803419
dulu,coba,4,7,117,0.03418803418803419
dulu,liat,3,8,117,0.02564102564102564
dulu,maem,2,9,117,0.017094017094017096
dulu,udah,2,10,117,0.017094017094017096
dulu,dilap,2,11,117,0.017094017094017096
dulu,jangan,2,12,117,0.017094017094017096
dulu,taro,2,13,117,0.017094017094017096
dulu,ijin,2,14,117,0.017094017094017096
dulu,pulang,2,15,117,0.017094017094017096
dulu,diratain,2,16,117,0.017094017094017096
dulu,peres,1,17,117,0.008547008547008548
dulu,tambah,1,18,117,0.008547008547008548
dulu,jaman,1,19,117,0.008547008547008548
dulu,pake,1,20,117,0.008547008547008548
dulu,spanduk,1,21,117,0.008547008547008548
dulu,dibagi+bagi,1,22,117,0.008547008547008548
dulu,bengkel,1,23,117,0.008547008547008548
dulu,daratan,1,24,117,0.008547008547008548
dulu,tiangnya,1,25,117,0.008547008547008548
dulu,dicopot,1,26,117,0.008547008547008548
dulu,wah,1,27,117,0.008547008547008548
dulu,celana,1,28,117,0.008547008547008548
dulu,mobil,1,29,117,0.008547008547008548
dulu,suit,1,30,117,0.008547008547008548
dulu,nangis+nangis,1,31,117,0.008547008547008548
dulu,terusin,1,32,117,0.008547008547008548
dulu,itung,1,33,117,0.008547008547008548
dulu,diitung,1,34,117,0.008547008547008548
dulu,selesaiin,1,35,117,0.008547008547008548
dulu,belakang,1,36,117,0.008547008547008548
dulu,nyanyi,1,37,117,0.008547008547008548
dulu,belas,1,38,117,0.008547008547008548
dulu,makro,1,39,117,0.008547008547008548
dulu,gede,1,40,117,0.008547008547008548
dulu,banyak,1,41,117,0.008547008547008548
dulu,sedikit,1,42,117,0.008547008547008548
dulu,ambil,1,43,117,0.008547008547008548
dulu,abisin,1,44,117,0.008547008547008548
dulu,cuci,1,45,117,0.008547008547008548
dulu,lingkaran,1,46,117,0.008547008547008548
dulu,sisiran,1,47,117,0.008547008547008548
dulu,pasang,1,48,117,0.008547008547008548
dulu,entar,1,49,117,0.008547008547008548
dulu,dari,1,50,117,0.008547008547008548
dulu,nah,1,51,117,0.008547008547008548
dulu,itu,1,52,117,0.008547008547008548
dulu,salim,1,53,117,0.008547008547008548
dulu,nanti,1,54,117,0.008547008547008548
dulu,dibuka,1,55,117,0.008547008547008548
dulu,tarik,1,56,117,0.008547008547008548
dulu,karet,1,57,117,0.008547008547008548
dulu,ibu,1,58,117,0.008547008547008548
dulu,rekaman,1,59,117,0.008547008547008548
dulu,jalan+jalan,1,60,117,0.008547008547008548
dulu,tante,1,61,117,0.008547008547008548
dulu,dicoba,1,62,117,0.008547008547008548
dulu,satu,1,63,117,0.008547008547008548
dulu,kasih,1,64,117,0.008547008547008548
dulu,mampir,1,65,117,0.008547008547008548
dulu,awan,1,66,117,0.008547008547008548
dulu,baca,1,67,117,0.008547008547008548
dulu,cobain,1,68,117,0.008547008547008548
dulu,batrenya,1,69,117,0.008547008547008548
dulu,bisa,1,70,117,0.008547008547008548
dulu,tua,1,71,117,0.008547008547008548
dulu,dicampur,1,72,117,0.008547008547008548
dulu,r,1,73,117,0.008547008547008548
dulu,diacak,1,74,117,0.008547008547008548
dulu,gituan,1,75,117,0.008547008547008548
try,you,36,1,115,0.3130434782608696
try,i,23,2,115,0.2
try,he,14,3,115,0.12173913043478261
try,she,6,4,115,0.05217391304347826
try,us,6,5,115,0.05217391304347826
try,boy,5,6,115,0.043478260869565216
try,we,5,7,115,0.043478260869565216
try,they,5,8,115,0.043478260869565216
try,wanna,3,9,115,0.02608695652173913
try,balloon,2,10,115,0.017391304347826087
try,eliza,1,11,115,0.008695652173913044
try,chang,1,12,115,0.008695652173913044
try,one,1,13,115,0.008695652173913044
try,gang,1,14,115,0.008695652173913044
try,cat,1,15,115,0.008695652173913044
try,jerry,1,16,115,0.008695652173913044
try,co,1,17,115,0.008695652173913044
try,monkey,1,18,115,0.008695652173913044
try,kitty,1,19,115,0.008695652173913044
try,h,1,20,115,0.008695652173913044
use,you,49,1,112,0.4375
use,i,16,2,112,0.14285714285714285
use,we,16,3,112,0.14285714285714285
use,they,9,4,112,0.08035714285714286
use,he,4,5,112,0.03571428571428571
use,she,4,6,112,0.03571428571428571
use,who,2,7,112,0.017857142857142856
use,wanna,2,8,112,0.017857142857142856
use,mother,1,9,112,0.008928571428571428
use,anybody,1,10,112,0.008928571428571428
use,firstname,1,11,112,0.008928571428571428
use,kid,1,12,112,0.008928571428571428
use,us,1,13,112,0.008928571428571428
use,paul,1,14,112,0.008928571428571428
use,sis,1,15,112,0.008928571428571428
use,bro,1,16,112,0.008928571428571428
use,daddy,1,17,112,0.008928571428571428
use,guy,1,18,112,0.008928571428571428
hear,i,48,1,111,0.43243243243243246
hear,you,37,2,111,0.3333333333333333
hear,they,7,3,111,0.06306306306306306
hear,wanna,4,4,111,0.036036036036036036
hear,we,3,5,111,0.02702702702702703
hear,he,2,6,111,0.018018018018018018
hear,she,2,7,111,0.018018018018018018
hear,us,2,8,111,0.018018018018018018
hear,microphone,2,9,111,0.018018018018018018
hear,tape+recorder,1,10,111,0.009009009009009009
hear,one,1,11,111,0.009009009009009009
hear,that,1,12,111,0.009009009009009009
hear,camera,1,13,111,0.009009009009009009
win,you,44,1,108,0.4074074074074074
win,i,19,2,108,0.17592592592592593
win,who,16,3,108,0.14814814814814814
win,he,9,4,108,0.08333333333333333
win,she,6,5,108,0.05555555555555555
win,paul,5,6,108,0.046296296296296294
win,somebody,3,7,108,0.027777777777777776
win,we,2,8,108,0.018518518518518517
win,that,1,9,108,0.009259259259259259
win,they,1,10,108,0.009259259259259259
win,both,1,11,108,0.009259259259259259
win,one,1,12,108,0.009259259259259259
call,you,39,1,101,0.38613861386138615
call,it,13,2,101,0.12871287128712872
call,they,11,3,101,0.10891089108910891
call,i,9,4,101,0.0891089108910891
call,we,8,5,101,0.07920792079207921
call,he,5,6,101,0.04950495049504951
call,everyone,2,7,101,0.019801980198019802
call,boy,2,8,101,0.019801980198019802
call,she,1,9,101,0.009900990099009901
call,who,1,10,101,0.009900990099009901
call,chi,1,11,101,0.009900990099009901
call,person,1,12,101,0.009900990099009901
call,someone,1,13,101,0.009900990099009901
call,cat,1,14,101,0.009900990099009901
call,daddy,1,15,101,0.009900990099009901
call,bro,1,16,101,0.009900990099009901
call,somebody,1,17,101,0.009900990099009901
call,school,1,18,101,0.009900990099009901
call,country,1,19,101,0.009900990099009901
call,that,1,20,101,0.009900990099009901
drive,who,23,1,98,0.23469387755102042
drive,you,18,2,98,0.1836734693877551
drive,i,9,3,98,0.09183673469387756
drive,he,6,4,98,0.061224489795918366
drive,she,6,5,98,0.061224489795918366
drive,they,6,6,98,0.061224489795918366
drive,we,4,7,98,0.04081632653061224
drive,firstname,3,8,98,0.030612244897959183
drive,daddy,3,9,98,0.030612244897959183
drive,that,3,10,98,0.030612244897959183
drive,kid,2,11,98,0.02040816326530612
drive,it,2,12,98,0.02040816326530612
drive,mommy,1,13,98,0.01020408163265306
drive,kind,1,14,98,0.01020408163265306
drive,mom,1,15,98,0.01020408163265306
drive,somebody,1,16,98,0.01020408163265306
drive,anybody,1,17,98,0.01020408163265306
drive,car,1,18,98,0.01020408163265306
drive,woman,1,19,98,0.01020408163265306
drive,lot,1,20,98,0.01020408163265306
drive,boy,1,21,98,0.01020408163265306
drive,billy,1,22,98,0.01020408163265306
drive,nobody,1,23,98,0.01020408163265306
drive,fox,1,24,98,0.01020408163265306
drive,clifford,1,25,98,0.01020408163265306
hold,you,37,1,95,0.3894736842105263
hold,i,36,2,95,0.37894736842105264
hold,who,3,3,95,0.031578947368421054
hold,we,3,4,95,0.031578947368421054
hold,he,3,5,95,0.031578947368421054
hold,she,2,6,95,0.021052631578947368
hold,lady,2,7,95,0.021052631578947368
hold,it,2,8,95,0.021052631578947368
hold,man,1,9,95,0.010526315789473684
hold,one,1,10,95,0.010526315789473684
hold,that,1,11,95,0.010526315789473684
hold,girl,1,12,95,0.010526315789473684
hold,tail,1,13,95,0.010526315789473684
hold,slave,1,14,95,0.010526315789473684
hold,mummie,1,15,95,0.010526315789473684
pick,you,27,1,94,0.2872340425531915
pick,who,16,2,94,0.1702127659574468
pick,i,9,3,94,0.09574468085106383
pick,he,6,4,94,0.06382978723404255
pick,it,5,5,94,0.05319148936170213
pick,we,4,6,94,0.0425531914893617
pick,wanna,3,7,94,0.031914893617021274
pick,hand,3,8,94,0.031914893617021274
pick,she,2,9,94,0.02127659574468085
pick,man,1,10,94,0.010638297872340425
pick,go,1,11,94,0.010638297872340425
pick,xxx,1,12,94,0.010638297872340425
pick,everybody,1,13,94,0.010638297872340425
pick,boy,1,14,94,0.010638297872340425
pick,kid,1,15,94,0.010638297872340425
pick,adult,1,16,94,0.010638297872340425
pick,that,1,17,94,0.010638297872340425
pick,child,1,18,94,0.010638297872340425
pick,girl,1,19,94,0.010638297872340425
pick,firstname,1,20,94,0.010638297872340425
pick,recorder,1,21,94,0.010638297872340425
pick,us,1,22,94,0.010638297872340425
pick,which,1,23,94,0.010638297872340425
pick,monkey,1,24,94,0.010638297872340425
pick,bob,1,25,94,0.010638297872340425
pick,tip,1,26,94,0.010638297872340425
pick,brother,1,27,94,0.010638297872340425
pick,mom,1,28,94,0.010638297872340425
sit,you,41,1,94,0.43617021276595747
sit,he,13,2,94,0.13829787234042554
sit,she,8,3,94,0.0851063829787234
sit,they,8,4,94,0.0851063829787234
sit,us,4,5,94,0.0425531914893617
sit,it,3,6,94,0.031914893617021274
sit,we,3,7,94,0.031914893617021274
sit,i,3,8,94,0.031914893617021274
sit,billy,2,9,94,0.02127659574468085
sit,driver,2,10,94,0.02127659574468085
sit,xxx,1,11,94,0.010638297872340425
sit,who,1,12,94,0.010638297872340425
sit,nobody,1,13,94,0.010638297872340425
sit,squirrel,1,14,94,0.010638297872340425
sit,birdie,1,15,94,0.010638297872340425
sit,baby,1,16,94,0.010638297872340425
sit,let,1,17,94,0.010638297872340425
fix,you,20,1,91,0.21978021978021978
fix,who,18,2,91,0.1978021978021978
fix,i,12,3,91,0.13186813186813187
fix,we,9,4,91,0.0989010989010989
fix,she,5,5,91,0.054945054945054944
fix,dad,4,6,91,0.04395604395604396
fix,he,4,7,91,0.04395604395604396
fix,it,4,8,91,0.04395604395604396
fix,us,4,9,91,0.04395604395604396
fix,boy,3,10,91,0.03296703296703297
fix,they,1,11,91,0.01098901098901099
fix,kid,1,12,91,0.01098901098901099
fix,old,1,13,91,0.01098901098901099
fix,anybody,1,14,91,0.01098901098901099
fix,firstname,1,15,91,0.01098901098901099
fix,wanna,1,16,91,0.01098901098901099
fix,davis,1,17,91,0.01098901098901099
fix,xxx,1,18,91,0.01098901098901099
aja,ini,15,1,91,0.16483516483516483
aja,bety,3,2,91,0.03296703296703297
aja,itu,3,3,91,0.03296703296703297
aja,depan,3,4,91,0.03296703296703297
aja,erni,3,5,91,0.03296703296703297
aja,tante,3,6,91,0.03296703296703297
aja,entar,2,7,91,0.02197802197802198
aja,ido,2,8,91,0.02197802197802198
aja,langsung,2,9,91,0.02197802197802198
aja,gavi,2,10,91,0.02197802197802198
aja,ininya,2,11,91,0.02197802197802198
aja,udah,2,12,91,0.02197802197802198
aja,bilang,2,13,91,0.02197802197802198
aja,tutup,1,14,91,0.01098901098901099
aja,pura+puranya,1,15,91,0.01098901098901099
aja,sakitnya,1,16,91,0.01098901098901099
aja,merah,1,17,91,0.01098901098901099
aja,banyakin,1,18,91,0.01098901098901099
aja,ularnya,1,19,91,0.01098901098901099
aja,gentengnya,1,20,91,0.01098901098901099
aja,usah,1,21,91,0.01098901098901099
aja,mobilnya,1,22,91,0.01098901098901099
aja,okki,1,23,91,0.01098901098901099
aja,sayur,1,24,91,0.01098901098901099
aja,dua,1,25,91,0.01098901098901099
aja,terang,1,26,91,0.01098901098901099
aja,buat,1,27,91,0.01098901098901099
aja,ica,1,28,91,0.01098901098901099
aja,berhenti,1,29,91,0.01098901098901099
aja,masak+masakan,1,30,91,0.01098901098901099
aja,males,1,31,91,0.01098901098901099
aja,rumah,1,32,91,0.01098901098901099
aja,segitu,1,33,91,0.01098901098901099
aja,nanti,1,34,91,0.01098901098901099
aja,matiin,1,35,91,0.01098901098901099
aja,jawa,1,36,91,0.01098901098901099
aja,anggap,1,37,91,0.01098901098901099
aja,kantor,1,38,91,0.01098901098901099
aja,pake,1,39,91,0.01098901098901099
aja,kwartet,1,40,91,0.01098901098901099
aja,diginiin,1,41,91,0.01098901098901099
aja,salon+salonan,1,42,91,0.01098901098901099
aja,dah,1,43,91,0.01098901098901099
aja,dokter+dokteran,1,44,91,0.01098901098901099
aja,goreng,1,45,91,0.01098901098901099
aja,u,1,46,91,0.01098901098901099
aja,berdua,1,47,91,0.01098901098901099
aja,pacaran,1,48,91,0.01098901098901099
aja,muridnya,1,49,91,0.01098901098901099
aja,dijadiin,1,50,91,0.01098901098901099
aja,gituan,1,51,91,0.01098901098901099
aja,sabar,1,52,91,0.01098901098901099
aja,kecil,1,53,91,0.01098901098901099
aja,nyaut,1,54,91,0.01098901098901099
aja,biru,1,55,91,0.01098901098901099
aja,merintah+merintah,1,56,91,0.01098901098901099
aja,namanya,1,57,91,0.01098901098901099
aja,ananya,1,58,91,0.01098901098901099
aja,pesantren,1,59,91,0.01098901098901099
aja,jiya+jiya,1,60,91,0.01098901098901099
turn,you,35,1,90,0.3888888888888889
turn,i,14,2,90,0.15555555555555556
turn,we,12,3,90,0.13333333333333333
turn,she,6,4,90,0.06666666666666667
turn,us,6,5,90,0.06666666666666667
turn,it,6,6,90,0.06666666666666667
turn,wanna,4,7,90,0.044444444444444446
turn,he,3,8,90,0.03333333333333333
turn,chi,1,9,90,0.011111111111111112
turn,grover,1,10,90,0.011111111111111112
turn,nn,1,11,90,0.011111111111111112
turn,twinkle,1,12,90,0.011111111111111112
hafta,you,73,1,89,0.8202247191011236
hafta,we,7,2,89,0.07865168539325842
hafta,they,4,3,89,0.0449438202247191
hafta,i,3,4,89,0.033707865168539325
hafta,she,1,5,89,0.011235955056179775
hafta,xxx,1,6,89,0.011235955056179775
learn,you,66,1,88,0.75
learn,he,6,2,88,0.06818181818181818
learn,they,5,3,88,0.056818181818181816
learn,i,5,4,88,0.056818181818181816
learn,firstname,1,5,88,0.011363636363636364
learn,who,1,6,88,0.011363636363636364
learn,oughta,1,7,88,0.011363636363636364
learn,mom,1,8,88,0.011363636363636364
learn,people,1,9,88,0.011363636363636364
learn,guy,1,10,88,0.011363636363636364
bring,you,30,1,88,0.3409090909090909
bring,i,15,2,88,0.17045454545454544
bring,he,11,3,88,0.125
bring,they,9,4,88,0.10227272727272728
bring,she,7,5,88,0.07954545454545454
bring,we,4,6,88,0.045454545454545456
bring,santa_claus,2,7,88,0.022727272727272728
bring,sis,2,8,88,0.022727272727272728
bring,ring,1,9,88,0.011363636363636364
bring,margaret,1,10,88,0.011363636363636364
bring,christmas,1,11,88,0.011363636363636364
bring,it,1,12,88,0.011363636363636364
bring,hadta,1,13,88,0.011363636363636364
bring,kevin,1,14,88,0.011363636363636364
bring,friend,1,15,88,0.011363636363636364
bring,santa,1,16,88,0.011363636363636364
finish,you,50,1,85,0.5882352941176471
finish,i,9,2,85,0.10588235294117647
finish,we,7,3,85,0.08235294117647059
finish,us,7,4,85,0.08235294117647059
finish,it,3,5,85,0.03529411764705882
finish,wanna,2,6,85,0.023529411764705882
finish,he,1,7,85,0.011764705882352941
finish,they,1,8,85,0.011764705882352941
finish,thing,1,9,85,0.011764705882352941
finish,dinner,1,10,85,0.011764705882352941
finish,all,1,11,85,0.011764705882352941
finish,color,1,12,85,0.011764705882352941
finish,what,1,13,85,0.011764705882352941
run,they,16,1,77,0.2077922077922078
run,you,15,2,77,0.19480519480519481
run,he,15,3,77,0.19480519480519481
run,she,6,4,77,0.07792207792207792
run,boy,6,5,77,0.07792207792207792
run,who,3,6,77,0.03896103896103896
run,that,3,7,77,0.03896103896103896
run,car,2,8,77,0.025974025974025976
run,robby,1,9,77,0.012987012987012988
run,everybody,1,10,77,0.012987012987012988
run,we,1,11,77,0.012987012987012988
run,fund,1,12,77,0.012987012987012988
run,recorder,1,13,77,0.012987012987012988
run,wanna,1,14,77,0.012987012987012988
run,mouse,1,15,77,0.012987012987012988
run,cat,1,16,77,0.012987012987012988
run,it,1,17,77,0.012987012987012988
run,mmm,1,18,77,0.012987012987012988
run,dylan,1,19,77,0.012987012987012988
catch,who,23,1,76,0.3026315789473684
catch,boy,16,2,76,0.21052631578947367
catch,you,14,3,76,0.18421052631578946
catch,he,6,4,76,0.07894736842105263
catch,girl,4,5,76,0.05263157894736842
catch,she,3,6,76,0.039473684210526314
catch,firstname,2,7,76,0.02631578947368421
catch,i,2,8,76,0.02631578947368421
catch,teacher,1,9,76,0.013157894736842105
catch,needta,1,10,76,0.013157894736842105
catch,anyone,1,11,76,0.013157894736842105
catch,most,1,12,76,0.013157894736842105
catch,finger,1,13,76,0.013157894736842105
catch,wolf,1,14,76,0.013157894736842105
grow,you,55,1,72,0.7638888888888888
grow,it,4,2,72,0.05555555555555555
grow,that,3,3,72,0.041666666666666664
grow,he,2,4,72,0.027777777777777776
grow,they,2,5,72,0.027777777777777776
grow,plant,1,6,72,0.013888888888888888
grow,any,1,7,72,0.013888888888888888
grow,flower,1,8,72,0.013888888888888888
grow,hair,1,9,72,0.013888888888888888
grow,one,1,10,72,0.013888888888888888
grow,ali,1,11,72,0.013888888888888888
write,you,44,1,72,0.6111111111111112
write,i,10,2,72,0.1388888888888889
write,we,6,3,72,0.08333333333333333
write,she,4,4,72,0.05555555555555555
write,they,2,5,72,0.027777777777777776
write,who,2,6,72,0.027777777777777776
write,chi,1,7,72,0.013888888888888888
write,he,1,8,72,0.013888888888888888
write,english,1,9,72,0.013888888888888888
write,chinese,1,10,72,0.013888888888888888
draw,you,40,1,72,0.5555555555555556
draw,we,13,2,72,0.18055555555555555
draw,i,12,3,72,0.16666666666666666
draw,he,1,4,72,0.013888888888888888
draw,xxx,1,5,72,0.013888888888888888
draw,somebody,1,6,72,0.013888888888888888
draw,she,1,7,72,0.013888888888888888
draw,that,1,8,72,0.013888888888888888
draw,they,1,9,72,0.013888888888888888
draw,ernest,1,10,72,0.013888888888888888
bet,i,67,1,70,0.9571428571428572
bet,you,3,2,70,0.04285714285714286
leave,you,20,1,67,0.29850746268656714
leave,we,12,2,67,0.1791044776119403
leave,i,7,3,67,0.1044776119402985
leave,he,6,4,67,0.08955223880597014
leave,mom,4,5,67,0.05970149253731343
leave,they,4,6,67,0.05970149253731343
leave,us,3,7,67,0.04477611940298507
leave,wanna,2,8,67,0.029850746268656716
leave,it,2,9,67,0.029850746268656716
leave,grass,1,10,67,0.014925373134328358
leave,boy,1,11,67,0.014925373134328358
leave,balloon,1,12,67,0.014925373134328358
leave,hadta,1,13,67,0.014925373134328358
leave,milkman,1,14,67,0.014925373134328358
leave,bus,1,15,67,0.014925373134328358
leave,train,1,16,67,0.014925373134328358
work,it,12,1,66,0.18181818181818182
work,he,11,2,66,0.16666666666666666
work,you,7,3,66,0.10606060606060606
work,she,5,4,66,0.07575757575757576
work,they,5,5,66,0.07575757575757576
work,that,5,6,66,0.07575757575757576
work,this,3,7,66,0.045454545454545456
work,mom,3,8,66,0.045454545454545456
work,who,2,9,66,0.030303030303030304
work,one,2,10,66,0.030303030303030304
work,all,1,11,66,0.015151515151515152
work,mommy,1,12,66,0.015151515151515152
work,people,1,13,66,0.015151515151515152
work,i,1,14,66,0.015151515151515152
work,some,1,15,66,0.015151515151515152
work,we,1,16,66,0.015151515151515152
work,machine,1,17,66,0.015151515151515152
work,farm,1,18,66,0.015151515151515152
work,dad,1,19,66,0.015151515151515152
work,michael,1,20,66,0.015151515151515152
work,xxx,1,21,66,0.015151515151515152
guess,i,49,1,65,0.7538461538461538
guess,you,15,2,65,0.23076923076923078
guess,zoo,1,3,65,0.015384615384615385
wear,you,31,1,64,0.484375
wear,she,9,2,64,0.140625
wear,they,6,3,64,0.09375
wear,he,5,4,64,0.078125
wear,who,3,5,64,0.046875
wear,pig,2,6,64,0.03125
wear,daddy,1,7,64,0.015625
wear,firstname,1,8,64,0.015625
wear,i,1,9,64,0.015625
wear,we,1,10,64,0.015625
wear,witch,1,11,64,0.015625
wear,dyou,1,12,64,0.015625
wear,pyjama,1,13,64,0.015625
wear,everybody,1,14,64,0.015625
meet,je,5,1,64,0.078125
meet,dan,5,2,64,0.078125
meet,i,4,3,64,0.0625
meet,een,3,4,64,0.046875
meet,you,3,5,64,0.046875
meet,ja,2,6,64,0.03125
meet,koffie,2,7,64,0.03125
meet,en,2,8,64,0.03125
meet,gebeurt,2,9,64,0.03125
meet,niet,2,10,64,0.03125
meet,ook,2,11,64,0.03125
meet,we,2,12,64,0.03125
meet,they,2,13,64,0.03125
meet,zwarte,1,14,64,0.015625
meet,ga,1,15,64,0.015625
meet,suiker,1,16,64,0.015625
meet,eet,1,17,64,0.015625
meet,ander,1,18,64,0.015625
meet,jaha,1,19,64,0.015625
meet,eten,1,20,64,0.015625
meet,boterham,1,21,64,0.015625
meet,vol,1,22,64,0.015625
meet,ik,1,23,64,0.015625
meet,netjes,1,24,64,0.015625
meet,één,1,25,64,0.015625
meet,ze,1,26,64,0.015625
meet,lekker,1,27,64,0.015625
meet,he,1,28,64,0.015625
meet,hier,1,29,64,0.015625
meet,voorzichtig,1,30,64,0.015625
meet,doo,1,31,64,0.015625
meet,daar,1,32,64,0.015625
meet,weg,1,33,64,0.015625
meet,wat,1,34,64,0.015625
meet,doe,1,35,64,0.015625
meet,mannetje,1,36,64,0.015625
meet,vaak,1,37,64,0.015625
meet,kijk,1,38,64,0.015625
meet,rail,1,39,64,0.015625
meet,naartoe,1,40,64,0.015625
meet,she,1,41,64,0.015625
jump,he,20,1,61,0.32786885245901637
jump,who,12,2,61,0.19672131147540983
jump,i,5,3,61,0.08196721311475409
jump,monkey,4,4,61,0.06557377049180328
jump,they,3,5,61,0.04918032786885246
jump,you,3,6,61,0.04918032786885246
jump,cow,2,7,61,0.03278688524590164
jump,frog,2,8,61,0.03278688524590164
jump,dog,2,9,61,0.03278688524590164
jump,man,2,10,61,0.03278688524590164
jump,that,1,11,61,0.01639344262295082
jump,we,1,12,61,0.01639344262295082
jump,lots_of,1,13,61,0.01639344262295082
jump,fish,1,14,61,0.01639344262295082
jump,lemur,1,15,61,0.01639344262295082
jump,goodness,1,16,61,0.01639344262295082
hurt,it,28,1,60,0.4666666666666667
hurt,you,11,2,60,0.18333333333333332
hurt,that,9,3,60,0.15
hurt,he,4,4,60,0.06666666666666667
hurt,they,3,5,60,0.05
hurt,porcupine,1,6,60,0.016666666666666666
hurt,monster,1,7,60,0.016666666666666666
hurt,what,1,8,60,0.016666666666666666
hurt,foot,1,9,60,0.016666666666666666
hurt,sister,1,10,60,0.016666666666666666
paint,who,20,1,59,0.3389830508474576
paint,you,18,2,59,0.3050847457627119
paint,they,4,3,59,0.06779661016949153
paint,we,4,4,59,0.06779661016949153
paint,she,2,5,59,0.03389830508474576
paint,he,2,6,59,0.03389830508474576
paint,firstname,1,7,59,0.01694915254237288
paint,anybody,1,8,59,0.01694915254237288
paint,that,1,9,59,0.01694915254237288
paint,woman,1,10,59,0.01694915254237288
paint,kid,1,11,59,0.01694915254237288
paint,i,1,12,59,0.01694915254237288
paint,man,1,13,59,0.01694915254237288
paint,house,1,14,59,0.01694915254237288
paint,daddy,1,15,59,0.01694915254237288
wish,you,47,1,58,0.8103448275862069
wish,i,8,2,58,0.13793103448275862
wish,firstname,1,3,58,0.017241379310344827
wish,he,1,4,58,0.017241379310344827
wish,cinderella,1,5,58,0.017241379310344827
break,you,20,1,57,0.3508771929824561
break,it,10,2,57,0.17543859649122806
break,she,7,3,57,0.12280701754385964
break,we,3,4,57,0.05263157894736842
break,who,3,5,57,0.05263157894736842
break,they,2,6,57,0.03508771929824561
break,arm,1,7,57,0.017543859649122806
break,cup,1,8,57,0.017543859649122806
break,bus,1,9,57,0.017543859649122806
break,bike,1,10,57,0.017543859649122806
break,thing,1,11,57,0.017543859649122806
break,christopher,1,12,57,0.017543859649122806
break,i,1,13,57,0.017543859649122806
break,one,1,14,57,0.017543859649122806
break,game,1,15,57,0.017543859649122806
break,airplane,1,16,57,0.017543859649122806
break,egg,1,17,57,0.017543859649122806
break,he,1,18,57,0.017543859649122806
open,you,21,1,55,0.38181818181818183
open,it,8,2,55,0.14545454545454545
open,i,5,3,55,0.09090909090909091
open,we,5,4,55,0.09090909090909091
open,he,2,5,55,0.03636363636363636
open,us,2,6,55,0.03636363636363636
open,wanna,2,7,55,0.03636363636363636
open,that,2,8,55,0.03636363636363636
open,she,2,9,55,0.03636363636363636
open,d,1,10,55,0.01818181818181818
open,this,1,11,55,0.01818181818181818
open,buddy,1,12,55,0.01818181818181818
open,mama,1,13,55,0.01818181818181818
open,they,1,14,55,0.01818181818181818
open,who,1,15,55,0.01818181818181818
fight,they,16,1,54,0.2962962962962963
fight,you,13,2,54,0.24074074074074073
fight,he,6,3,54,0.1111111111111111
fight,who,3,4,54,0.05555555555555555
fight,that,1,5,54,0.018518518518518517
fight,nobody,1,6,54,0.018518518518518517
fight,firefighter,1,7,54,0.018518518518518517
fight,gang,1,8,54,0.018518518518518517
fight,brother,1,9,54,0.018518518518518517
fight,horsie,1,10,54,0.018518518518518517
fight,autobot,1,11,54,0.018518518518518517
fight,two,1,12,54,0.018518518518518517
fight,us,1,13,54,0.018518518518518517
fight,i,1,14,54,0.018518518518518517
fight,lion,1,15,54,0.018518518518518517
fight,everyone,1,16,54,0.018518518518518517
fight,people,1,17,54,0.018518518518518517
fight,dinosaur,1,18,54,0.018518518518518517
fight,guy,1,19,54,0.018518518518518517
fight,spiderman,1,20,54,0.018518518518518517
let,i,13,1,52,0.25
let,us,9,2,52,0.17307692307692307
let,you,8,3,52,0.15384615384615385
let,mom,3,4,52,0.057692307692307696
let,she,3,5,52,0.057692307692307696
let,they,2,6,52,0.038461538461538464
let,daddy,2,7,52,0.038461538461538464
let,he,2,8,52,0.038461538461538464
let,kid,1,9,52,0.019230769230769232
let,mother,1,10,52,0.019230769230769232
let,wanna,1,11,52,0.019230769230769232
let,hair,1,12,52,0.019230769230769232
let,it,1,13,52,0.019230769230769232
let,man,1,14,52,0.019230769230769232
let,we,1,15,52,0.019230769230769232
let,dav,1,16,52,0.019230769230769232
let,emsee,1,17,52,0.019230769230769232
let,that,1,18,52,0.019230769230769232
move,you,14,1,51,0.27450980392156865
move,i,10,2,51,0.19607843137254902
move,us,7,3,51,0.13725490196078433
move,we,6,4,51,0.11764705882352941
move,it,4,5,51,0.0784313725490196
move,he,2,6,51,0.0392156862745098
move,they,1,7,51,0.0196078431372549
move,grandpa,1,8,51,0.0196078431372549
move,who,1,9,51,0.0196078431372549
move,paper,1,10,51,0.0196078431372549
move,no,1,11,51,0.0196078431372549
move,she,1,12,51,0.0196078431372549
move,xxx,1,13,51,0.0196078431372549
move,grandma,1,14,51,0.0196078431372549
love,i,20,1,51,0.39215686274509803
love,you,16,2,51,0.3137254901960784
love,he,2,3,51,0.0392156862745098
love,who,2,4,51,0.0392156862745098
love,jesus,2,5,51,0.0392156862745098
love,that,2,6,51,0.0392156862745098
love,they,1,7,51,0.0196078431372549
love,kid,1,8,51,0.0196078431372549
love,guy,1,9,51,0.0196078431372549
love,everybody,1,10,51,0.0196078431372549
love,cat,1,11,51,0.0196078431372549
love,mouse,1,12,51,0.0196078431372549
love,bear,1,13,51,0.0196078431372549
sew,who,13,1,51,0.2549019607843137
sew,he,7,2,51,0.13725490196078433
sew,you,7,3,51,0.13725490196078433
sew,guy,4,4,51,0.0784313725490196
sew,she,4,5,51,0.0784313725490196
sew,that,3,6,51,0.058823529411764705
sew,i,3,7,51,0.058823529411764705
sew,they,2,8,51,0.0392156862745098
sew,firstname,1,9,51,0.0196078431372549
sew,grandma,1,10,51,0.0196078431372549
sew,daddy,1,11,51,0.0196078431372549
sew,anybody,1,12,51,0.0196078431372549
sew,people,1,13,51,0.0196078431372549
sew,lady,1,14,51,0.0196078431372549
sew,grandmas,1,15,51,0.0196078431372549
sew,woman,1,16,51,0.0196078431372549
kalo,ya,11,1,51,0.21568627450980393
kalo,dia,3,2,51,0.058823529411764705
kalo,ntar,3,3,51,0.058823529411764705
kalo,buat,3,4,51,0.058823529411764705
kalo,ni,3,5,51,0.058823529411764705
kalo,jangan,1,6,51,0.0196078431372549
kalo,nasinya,1,7,51,0.0196078431372549
kalo,koran,1,8,51,0.0196078431372549
kalo,luar,1,9,51,0.0196078431372549
kalo,malem+malem,1,10,51,0.0196078431372549
kalo,nggak,1,11,51,0.0196078431372549
kalo,makanya,1,12,51,0.0196078431372549
kalo,terus,1,13,51,0.0196078431372549
kalo,apa,1,14,51,0.0196078431372549
kalo,memang,1,15,51,0.0196078431372549
kalo,berisik,1,16,51,0.0196078431372549
kalo,he,1,17,51,0.0196078431372549
kalo,diginiin,1,18,51,0.0196078431372549
kalo,pasti,1,19,51,0.0196078431372549
kalo,berantem,1,20,51,0.0196078431372549
kalo,dong,1,21,51,0.0196078431372549
kalo,opi,1,22,51,0.0196078431372549
kalo,liat,1,23,51,0.0196078431372549
kalo,mah,1,24,51,0.0196078431372549
kalo,ngeliat,1,25,51,0.0196078431372549
kalo,ambil,1,26,51,0.0196078431372549
kalo,juga,1,27,51,0.0196078431372549
kalo,tante,1,28,51,0.0196078431372549
kalo,nanti,1,29,51,0.0196078431372549
kalo,anak,1,30,51,0.0196078431372549
kalo,gimana,1,31,51,0.0196078431372549
kalo,ini,1,32,51,0.0196078431372549
kalo,jilbab,1,33,51,0.0196078431372549
buy,you,28,1,49,0.5714285714285714
buy,i,3,2,49,0.061224489795918366
buy,daddy,3,3,49,0.061224489795918366
buy,he,3,4,49,0.061224489795918366
buy,mom,2,5,49,0.04081632653061224
buy,she,2,6,49,0.04081632653061224
buy,dad,1,7,49,0.02040816326530612
buy,mama,1,8,49,0.02040816326530612
buy,they,1,9,49,0.02040816326530612
buy,anybody,1,10,49,0.02040816326530612
buy,mary,1,11,49,0.02040816326530612
buy,we,1,12,49,0.02040816326530612
buy,girl,1,13,49,0.02040816326530612
buy,it,1,14,49,0.02040816326530612
die,he,5,1,49,0.10204081632653061
die,she,3,2,49,0.061224489795918366
die,nou,3,3,49,0.061224489795918366
die,hoort,3,4,49,0.061224489795918366
die,kijk,2,5,49,0.04081632653061224
die,ja,2,6,49,0.04081632653061224
die,ik,2,7,49,0.04081632653061224
die,op,2,8,49,0.04081632653061224
die,van,2,9,49,0.04081632653061224
die,they,2,10,49,0.04081632653061224
die,go,2,11,49,0.04081632653061224
die,i,2,12,49,0.04081632653061224
die,rabbit,1,13,49,0.02040816326530612
die,it,1,14,49,0.02040816326530612
die,sam,1,15,49,0.02040816326530612
die,krijgt,1,16,49,0.02040816326530612
die,heet,1,17,49,0.02040816326530612
die,we,1,18,49,0.02040816326530612
die,kwam,1,19,49,0.02040816326530612
die,slaapkop,1,20,49,0.02040816326530612
die,dat,1,21,49,0.02040816326530612
die,mag,1,22,49,0.02040816326530612
die,nodig,1,23,49,0.02040816326530612
die,geef,1,24,49,0.02040816326530612
die,je,1,25,49,0.02040816326530612
die,maar,1,26,49,0.02040816326530612
die,hi,1,27,49,0.02040816326530612
die,kan,1,28,49,0.02040816326530612
die,passen,1,29,49,0.02040816326530612
die,maakt,1,30,49,0.02040816326530612
die,father,1,31,49,0.02040816326530612
sleep,you,18,1,49,0.3673469387755102
sleep,he,9,2,49,0.1836734693877551
sleep,she,5,3,49,0.10204081632653061
sleep,baby,5,4,49,0.10204081632653061
sleep,i,2,5,49,0.04081632653061224
sleep,part,1,6,49,0.02040816326530612
sleep,we,1,7,49,0.02040816326530612
sleep,people,1,8,49,0.02040816326530612
sleep,oscar,1,9,49,0.02040816326530612
sleep,cat,1,10,49,0.02040816326530612
sleep,somebody,1,11,49,0.02040816326530612
sleep,mouse,1,12,49,0.02040816326530612
sleep,eye,1,13,49,0.02040816326530612
sleep,dog,1,14,49,0.02040816326530612
sleep,they,1,15,49,0.02040816326530612
sing,you,24,1,49,0.4897959183673469
sing,wanna,6,2,49,0.12244897959183673
sing,we,2,3,49,0.04081632653061224
sing,she,2,4,49,0.04081632653061224
sing,he,2,5,49,0.04081632653061224
sing,guy,2,6,49,0.04081632653061224
sing,they,2,7,49,0.04081632653061224
sing,i,1,8,49,0.02040816326530612
sing,du,1,9,49,0.02040816326530612
sing,michael_jackson,1,10,49,0.02040816326530612
sing,billy,1,11,49,0.02040816326530612
sing,her,1,12,49,0.02040816326530612
sing,jackson,1,13,49,0.02040816326530612
sing,people,1,14,49,0.02040816326530612
sing,everybody,1,15,49,0.02040816326530612
sing,it,1,16,49,0.02040816326530612
needta,you,25,1,47,0.5319148936170213
needta,we,13,2,47,0.2765957446808511
needta,i,8,3,47,0.1702127659574468
needta,they,1,4,47,0.02127659574468085
will,you,14,1,47,0.2978723404255319
will,we,10,2,47,0.2127659574468085
will,it,7,3,47,0.14893617021276595
will,they,4,4,47,0.0851063829787234
will,she,4,5,47,0.0851063829787234
will,i,3,6,47,0.06382978723404255
will,he,3,7,47,0.06382978723404255
will,daddy,1,8,47,0.02127659574468085
will,godmother,1,9,47,0.02127659574468085
knit,who,24,1,46,0.5217391304347826
knit,firstname,3,2,46,0.06521739130434782
knit,he,3,3,46,0.06521739130434782
knit,that,3,4,46,0.06521739130434782
knit,you,3,5,46,0.06521739130434782
knit,man,3,6,46,0.06521739130434782
knit,boy,1,7,46,0.021739130434782608
knit,i,1,8,46,0.021739130434782608
knit,mommy,1,9,46,0.021739130434782608
knit,she,1,10,46,0.021739130434782608
knit,we,1,11,46,0.021739130434782608
knit,lady,1,12,46,0.021739130434782608
knit,daddy,1,13,46,0.021739130434782608
teach,you,11,1,45,0.24444444444444444
teach,who,10,2,45,0.2222222222222222
teach,they,6,3,45,0.13333333333333333
teach,he,3,4,45,0.06666666666666667
teach,mom,3,5,45,0.06666666666666667
teach,she,2,6,45,0.044444444444444446
teach,somebody,1,7,45,0.022222222222222223
teach,grandmother,1,8,45,0.022222222222222223
teach,firstname,1,9,45,0.022222222222222223
teach,we,1,10,45,0.022222222222222223
teach,dad,1,11,45,0.022222222222222223
teach,anybody,1,12,45,0.022222222222222223
teach,i,1,13,45,0.022222222222222223
teach,it,1,14,45,0.022222222222222223
teach,brother,1,15,45,0.022222222222222223
teach,that,1,16,45,0.022222222222222223
feel,you,22,1,45,0.4888888888888889
feel,it,9,2,45,0.2
feel,he,5,3,45,0.1111111111111111
feel,i,3,4,45,0.06666666666666667
feel,kind_of,1,5,45,0.022222222222222223
feel,throat,1,6,45,0.022222222222222223
feel,they,1,7,45,0.022222222222222223
feel,people,1,8,45,0.022222222222222223
feel,that,1,9,45,0.022222222222222223
feel,she,1,10,45,0.022222222222222223
ride,you,24,1,45,0.5333333333333333
ride,some,6,2,45,0.13333333333333333
ride,he,3,3,45,0.06666666666666667
ride,wanna,3,4,45,0.06666666666666667
ride,we,3,5,45,0.06666666666666667
ride,they,1,6,45,0.022222222222222223
ride,craig,1,7,45,0.022222222222222223
ride,she,1,8,45,0.022222222222222223
ride,boy,1,9,45,0.022222222222222223
ride,i,1,10,45,0.022222222222222223
ride,lady,1,11,45,0.022222222222222223
feed,who,22,1,45,0.4888888888888889
feed,you,8,2,45,0.17777777777777778
feed,anyone,2,3,45,0.044444444444444446
feed,baby,2,4,45,0.044444444444444446
feed,dad,2,5,45,0.044444444444444446
feed,it,1,6,45,0.022222222222222223
feed,man,1,7,45,0.022222222222222223
feed,doggy,1,8,45,0.022222222222222223
feed,everybody,1,9,45,0.022222222222222223
feed,firstname,1,10,45,0.022222222222222223
feed,mommy,1,11,45,0.022222222222222223
feed,daddy,1,12,45,0.022222222222222223
feed,he,1,13,45,0.022222222222222223
feed,she,1,14,45,0.022222222222222223
stay,you,20,1,44,0.45454545454545453
stay,they,4,2,44,0.09090909090909091
stay,he,3,3,44,0.06818181818181818
stay,she,3,4,44,0.06818181818181818
stay,that,2,5,44,0.045454545454545456
stay,it,2,6,44,0.045454545454545456
stay,who,1,7,44,0.022727272727272728
stay,balloon,1,8,44,0.022727272727272728
stay,sack,1,9,44,0.022727272727272728
stay,guy,1,10,44,0.022727272727272728
stay,those,1,11,44,0.022727272727272728
stay,head,1,12,44,0.022727272727272728
stay,bike,1,13,44,0.022727272727272728
stay,kevin,1,14,44,0.022727272727272728
stay,we,1,15,44,0.022727272727272728
stay,i,1,16,44,0.022727272727272728
keep,you,23,1,42,0.5476190476190477
keep,i,7,2,42,0.16666666666666666
keep,they,3,3,42,0.07142857142857142
keep,he,2,4,42,0.047619047619047616
keep,we,2,5,42,0.047619047619047616
keep,hadta,1,6,42,0.023809523809523808
keep,bro,1,7,42,0.023809523809523808
keep,one,1,8,42,0.023809523809523808
keep,it,1,9,42,0.023809523809523808
keep,us,1,10,42,0.023809523809523808
cut,you,11,1,42,0.2619047619047619
cut,we,9,2,42,0.21428571428571427
cut,it,6,3,42,0.14285714285714285
cut,i,6,4,42,0.14285714285714285
cut,that,2,5,42,0.047619047619047616
cut,they,2,6,42,0.047619047619047616
cut,leg,1,7,42,0.023809523809523808
cut,brother,1,8,42,0.023809523809523808
cut,he,1,9,42,0.023809523809523808
cut,head,1,10,42,0.023809523809523808
cut,she,1,11,42,0.023809523809523808
cut,yours,1,12,42,0.023809523809523808
hadta,you,16,1,41,0.3902439024390244
hadta,he,10,2,41,0.24390243902439024
hadta,she,8,3,41,0.1951219512195122
hadta,they,3,4,41,0.07317073170731707
hadta,i,3,5,41,0.07317073170731707
hadta,it,1,6,41,0.024390243902439025
forget,i,18,1,41,0.43902439024390244
forget,you,14,2,41,0.34146341463414637
forget,he,3,3,41,0.07317073170731707
forget,we,3,4,41,0.07317073170731707
forget,ambulance,1,5,41,0.024390243902439025
forget,she,1,6,41,0.024390243902439025
forget,they,1,7,41,0.024390243902439025
kali,itu,4,1,41,0.0975609756097561
kali,bisa,2,2,41,0.04878048780487805
kali,apa,2,3,41,0.04878048780487805
kali,sembilan,2,4,41,0.04878048780487805
kali,ini,1,5,41,0.024390243902439025
kali,ambil,1,6,41,0.024390243902439025
kali,begini,1,7,41,0.024390243902439025
kali,dua,1,8,41,0.024390243902439025
kali,bener,1,9,41,0.024390243902439025
kali,situ,1,10,41,0.024390243902439025
kali,bandel+bandel,1,11,41,0.024390243902439025
kali,i,1,12,41,0.024390243902439025
kali,bukan,1,13,41,0.024390243902439025
kali,bali,1,14,41,0.024390243902439025
kali,sabtu,1,15,41,0.024390243902439025
kali,dago,1,16,41,0.024390243902439025
kali,vila,1,17,41,0.024390243902439025
kali,empat,1,18,41,0.024390243902439025
kali,timo,1,19,41,0.024390243902439025
kali,yang,1,20,41,0.024390243902439025
kali,boneka,1,21,41,0.024390243902439025
kali,lurus,1,22,41,0.024390243902439025
kali,mungkin,1,23,41,0.024390243902439025
kali,dini,1,24,41,0.024390243902439025
kali,iya,1,25,41,0.024390243902439025
kali,pulang,1,26,41,0.024390243902439025
kali,papa,1,27,41,0.024390243902439025
kali,berapa,1,28,41,0.024390243902439025
kali,ada,1,29,41,0.024390243902439025
kali,ilang,1,30,41,0.024390243902439025
kali,om,1,31,41,0.024390243902439025
kali,nggantiin,1,32,41,0.024390243902439025
kali,ya,1,33,41,0.024390243902439025
kali,roda,1,34,41,0.024390243902439025
kali,takut,1,35,41,0.024390243902439025
dunno,you,23,1,40,0.575
dunno,i,17,2,40,0.425
useta,i,8,1,40,0.2
useta,we,7,2,40,0.175
useta,they,6,3,40,0.15
useta,she,6,4,40,0.15
useta,you,6,5,40,0.15
useta,he,3,6,40,0.075
useta,it,1,7,40,0.025
useta,friend,1,8,40,0.025
useta,grandpa,1,9,40,0.025
useta,dad,1,10,40,0.025
stop,we,18,1,39,0.46153846153846156
stop,you,4,2,39,0.10256410256410256
stop,they,2,3,39,0.05128205128205128
stop,car,2,4,39,0.05128205128205128
stop,us,2,5,39,0.05128205128205128
stop,she,1,6,39,0.02564102564102564
stop,chi,1,7,39,0.02564102564102564
stop,xxx,1,8,39,0.02564102564102564
stop,he,1,9,39,0.02564102564102564
stop,pit,1,10,39,0.02564102564102564
stop,mike,1,11,39,0.02564102564102564
stop,mm,1,12,39,0.02564102564102564
stop,mine,1,13,39,0.02564102564102564
stop,i,1,14,39,0.02564102564102564
stop,who,1,15,39,0.02564102564102564
stop,siren,1,16,39,0.02564102564102564
