rank,actual_frequency,predicted_frequency,squared_error,num_verbs
1,0.34939398456004317,0.3574974715326904,6.566650111586342e-05,100
2,0.153277005195583,0.13176187938501185,0.0004629006386447042,100
3,0.0892986804899973,0.07348832821340477,0.00024996723910995447,100
4,0.051029937231980946,0.0485631206974365,6.085183815101875e-06,100
5,0.03520185678060648,0.035217309030658416,2.3877203166757537e-10,100
6,0.026522837877567283,0.02708539502880196,3.1647054840527393e-07,99
7,0.019324494346964913,0.021693608431509886,5.612701545589369e-06,98
8,0.013612356262788713,0.017898778484955753,1.8373415466687422e-05,98
9,0.010330110022012992,0.01510649672694892,2.281386995508869e-05,98
10,0.008364341804991274,0.012979948654931905,2.1303826593218876e-05,98
11,0.006799213414872869,0.011315337390699585,2.039537576503691e-05,98
12,0.00582774893021044,0.00998279103228304,1.7264374869995894e-05,98
13,0.004990954830648603,0.008895995349353734,1.5249341452728833e-05,98
14,0.004429001213714548,0.007995554780635433,1.272030434571609e-05,97
15,0.004099918407865179,0.007239383131137112,9.856238748668913e-06,96
16,0.0037287825486238,0.006596904536870632,8.22612373946496e-06,96
17,0.0035065962369687253,0.006045420685979127,6.44562958289297e-06,96
18,0.003341634404060303,0.005567760776412394,4.9556386256814815e-06,95
19,0.0032474895965773367,0.005150718190782019,3.6222790817983314e-06,95
20,0.0030879664087966998,0.004783984685996288,2.8764779965950603e-06,91
21,0.0029066020686200427,0.004459407809831471,2.411205669939174e-06,91
22,0.002863511727682567,0.004170463399592854,1.7081226727090937e-06,89
23,0.002738269815162105,0.003911874295230472,1.377347475636542e-06,87
24,0.0026239443948004744,0.0036793303803861364,1.113839578570619e-06,85
25,0.0025233810686503626,0.00346928007642561,8.947249329101978e-07,83
26,0.0024347721587473416,0.0032787730251792524,7.12337462537816e-07,81
27,0.0023954007791568833,0.0031053399758751363,5.040136630369582e-07,79
28,0.0023568984370654677,0.0029469000720638815,3.481019293008015e-07,79
29,0.0023019090974222612,0.0028016885648597233,2.4977951607207323e-07,78
30,0.002236076365026709,0.0026681999256029792,1.8673077160511353e-07,76
31,0.002083178678729414,0.0025451426894557644,2.134107472063756e-07,74
32,0.0020819988269121198,0.0024314033220290956,1.220835012079488e-07,70
33,0.002047471749904514,0.0023260170888708058,7.758750585984648e-08,68
34,0.0020425985781172143,0.0022281444057284704,3.442725414394595e-08,66
35,0.001990480951918441,0.0021370515121327776,2.148292912154449e-08,61
36,0.001973004868113673,0.002052094580476399,6.25518260161876e-09,59
37,0.0019197006718724757,0.001972706574029468,2.809625663476629e-09,56
38,0.0018895470300270701,0.0018983863189028114,7.813302782880429e-11,55
39,0.001842089949434103,0.0018286893700685907,1.7957552733139618e-10,54
40,0.001718362863363709,0.001763220339639091,2.0121931777964508e-09,51
41,0.0016618960347156806,0.0017016264235265011,1.5785037950589736e-09,50
42,0.001615778435130626,0.0016435919153455173,7.735896816641499e-10,48
43,0.0015449227377067748,0.001588833537643182,1.9281583510551727e-09,45
44,0.0014961832911430382,0.0015370964529647362,1.6738868102484492e-09,43
45,0.0014657876332787967,0.0014881508429212531,5.001131455124576e-10,42
46,0.0013767584321613797,0.0014417889638426522,4.228970050748995e-09,40
47,0.0013824547823397485,0.0013978226039364579,2.3616994062828655e-10,38
48,0.0013757907928129605,0.0013560808800118103,3.8848066262894137e-10,38
49,0.001372749832283527,0.001316408322447794,3.1743657305699976e-09,38
50,0.001361099376869117,0.0012786632057088995,6.795722315556672e-09,38
51,0.001313904329567032,0.0012427160887450242,5.067765631332172e-09,37
52,0.001306687460163387,0.0012084485353765486,9.650886343274075e-09,37
53,0.0012779332187494807,0.0011757519895060665,1.0441003609695166e-08,36
54,0.0011996927382423796,0.0011445267839140516,3.0432825169551688e-09,34
55,0.0011639685255216876,0.0011146812646421528,2.4292340850073257e-09,33
56,0.001146254978742903,0.0010861310156691775,3.6148909356906956e-09,32
57,0.0010926274577507432,0.0010587981708405755,1.1444206528504432e-09,30
58,0.0010344086185439382,0.0010326108019022935,3.232144676974671e-12,29
59,0.0009703152565136456,0.0010075023730786571,1.382881638419752e-09,28
60,0.0009703152565136456,0.0009834112539737199,1.7150514947427119e-10,28
61,0.0009177256295892416,0.0009602802837087142,1.810898587227942e-09,26
62,0.0008412587702545373,0.0009380563801695298,9.369777285255046e-09,25
63,0.0008412587702545373,0.0009166901890559208,5.689898942389709e-09,25
64,0.0008241596568133119,0.000896135768121705,5.1805605990781816e-09,25
65,0.000821309194210495,0.0008763503025918387,3.0295236118468175e-09,25
66,0.0008106282274931006,0.0008572938482538224,2.177680160983508e-09,25
67,0.0008106282274931006,0.0008389290991606258,8.009393371417274e-10,25
68,0.0008049889172323522,0.0008212211772612148,2.6348626564461115e-10,25
69,0.0007676494691195564,0.0008041374416019912,1.3313721358789218e-09,25
70,0.0007676494691195564,0.0007876473150256888,3.9991384088541926e-10,25
71,0.0007676494691195564,0.000771722126539971,1.6586538464057994e-11,25
72,0.0007543346642817406,0.0007563349677415631,4.001213931377991e-12,25
73,0.0007565390311497046,0.0007414605618678,2.2736023588534192e-10,24
74,0.0007383433744227163,0.0007270751442098587,1.26973012129957e-10,22
75,0.0007334009814237801,0.0007131563527639601,4.0984498957400287e-10,22
76,0.0007177873569899352,0.000699683128121246,3.2776310292987964e-10,22
77,0.0007177873569899352,0.0006866356217062454,9.704306111850855e-10,22
78,0.0006253124339388967,0.0006739951115698949,2.370003101323689e-09,21
79,0.0006210573405910117,0.0006617439250276481,1.6553981531195443e-09,21
80,0.0006210573405910117,0.0006498653675078683,8.299024148423352e-10,21
81,0.0006203316515568722,0.0006383436570416435,3.244323415834335e-10,21
82,0.0006203316515568722,0.0006271638638835679,4.6679125277053224e-11,21
83,0.0006150166762974476,0.0006163118548047903,1.6774873658824736e-12,20
84,0.0006092388512915239,0.0006057742416456047,1.200351999859676e-11,20
85,0.0004821920029113765,0.0005955383337557214,1.2847390715875687e-08,19
86,0.0004821920029113765,0.0005855920939867665,1.0691578834398953e-08,19
87,0.00048138992555785376,0.0005759240979340104,8.9367097468449e-09,19
88,0.000480587848204331,0.0005665234961533125,7.384935588411299e-09,19
89,0.000480587848204331,0.000557379979105194,5.897031368295289e-09,19
90,0.0004776393168699368,0.0005484837446011523,5.018932940563422e-09,19
91,0.0004643874906479407,0.0005398254675481412,5.6908883587951876e-09,19
92,0.0004643874906479407,0.0005313962718058138,4.4901767522637296e-09,19
93,0.0004643874906479407,0.000523187703987914,3.4574650888263754e-09,19
94,0.0004635854132944179,0.0005151917090543028,2.6632097620567136e-09,19
95,0.00043539768734016576,0.0005074006075537153,5.184420519278784e-09,18
96,0.00043455105013366944,0.00049980707438961,4.258348701691908e-09,18
97,0.00043455105013366944,0.0004924041189925614,3.346977576391689e-09,18
98,0.00043455105013366944,0.0004851850667926503,2.563803643021952e-09,18
99,0.00042555357157133064,0.00047814354189438043,2.765704978579258e-09,17
100,0.0004163640288515867,0.00047127345086484754,3.015044625830373e-09,17
101,0.0004154675894564731,0.0004645689675533395,2.41094533101143e-09,17
102,0.00041457115006135936,0.00045802451886729653,1.8881952605847937e-09,17
103,0.00041457115006135936,0.00045163477143570006,1.3737120293804849e-09,17
104,0.00041367471066624574,0.0004453946190965406,1.0061525908262898e-09,17
105,0.00041367471066624574,0.0004392991711500976,6.566129750884858e-10,17
106,0.00041367471066624574,0.0004333437413243911,3.868707670310612e-10,17
107,0.000409314858278678,0.0004275238374033906,3.3156692076421904e-10,17
108,0.00040512300150982966,0.00042183515147241774,2.7929595637203283e-10,17
109,0.00040512300150982966,0.00041627355073870095,1.2433474810548202e-10,17
110,0.00040512300150982966,0.0004108350688882605,3.262771373573392e-11,17
111,0.00040512300150982966,0.0004055158979432455,1.5436760739087627e-13,17
112,0.00040512300150982966,0.00040031238058654687,2.3142073667526174e-11,17
113,0.0004155686808353806,0.0003952210029229793,4.140279964268228e-10,16
114,0.0004155686808353806,0.00039023838764859644,6.416237529284437e-10,16
115,0.0003954476010700656,0.00038536128760178654,1.0173371938038802e-10,15
116,0.00039443163642227013,0.00038058657967170786,1.916855964262899e-10,15
117,0.00039341567177447474,0.000375911259041384,3.0640446513038996e-10,15
118,0.00038571190509990974,0.0003713324337443998,2.067691964639305e-10,15
119,0.00038571190509990974,0.0003668473195156254,3.5587258926678896e-10,15
120,0.00038571190509990974,0.0003624532349177742,5.409657386413613e-10,15
121,0.00037765152054561134,0.0003581475967268657,3.8040304432743415e-10,14
122,0.00037765152054561134,0.0003539279155608308,5.628094334739046e-10,14
123,0.000390358634106447,0.00034979179173658234,1.6456686998614445e-09,13
124,0.000390358634106447,0.0003457369113418642,1.991098142479285e-09,13
125,0.00038918636720514457,0.00034176104250912057,2.249161422523304e-09,13
126,0.000399817851482659,0.0003378620318794761,3.838523582702148e-09,12
127,0.00039514934353653496,0.0003340378012457098,3.734620601163314e-09,12
128,0.00039514934353653496,0.00033028634436383655,4.207208661677475e-09,12
129,0.00039387938772679064,0.0003266057239235894,4.525745841506147e-09,12
130,0.0003825127169543477,0.00032299406866872257,3.54246949374795e-09,11
131,0.0003825127169543477,0.0003194495706586417,3.976960420713624e-09,11
132,0.0003825127169543477,0.0003159704826634099,4.427868944430063e-09,11
133,0.0003811273106164449,0.00031255511568467864,4.7021459177601475e-09,11
134,0.0003811273106164449,0.0003092018365955662,5.173273813128093e-09,11
135,0.00035823779259663326,0.0003059090658929366,2.7382956384301754e-09,11
136,0.00035823779259663326,0.0003026752755559421,3.0871932998970977e-09,11
137,0.00035823779259663326,0.0002994989870050662,3.450247282323909e-09,11
138,0.00035823779259663326,0.0002963787691562592,3.826538780996744e-09,11
139,0.00035823779259663326,0.00029331323656508297,4.215197975893913e-09,11
140,0.0003568523862587303,0.00029030104765609004,4.429080669803276e-09,11
141,0.0003568523862587303,0.000287340903032947,4.831846300248353e-09,11
142,0.0003568523862587303,0.0002844315438650769,5.244778413006383e-09,11
143,0.0003554669799208274,0.0002815717503468476,5.4605049537911816e-09,11
144,0.0003554669799208274,0.0002787603402255613,5.883908573339375e-09,11
145,0.0003554669799208274,0.0002759961673947233,6.315610043559188e-09,11
146,0.0003166053584634967,0.0002732781205492655,1.8772495452763927e-09,11
147,0.00031151244070408863,0.000270605121899596,1.6734087317723977e-09,11
148,0.00031151244070408863,0.0002679761259415208,1.8954107031053824e-09,11
149,0.00031151244070408863,0.0002653901182792522,2.1272686258605716e-09,11
150,0.00031151244070408863,0.0002628461144988751,2.3684113063122505e-09,11
151,0.0003047744870142112,0.0002603431590897881,1.9741429011276172e-09,11
152,0.0003047744870142112,0.0002578803244117747,2.199062486183751e-09,11
153,0.0003047744870142112,0.00025545670970548946,2.4322431586726682e-09,11
154,0.0003047744870142112,0.00025307144014426387,2.67320505563597e-09,11
155,0.0003047744870142112,0.00025072366592525245,2.9214912603906276e-09,11
156,0.00030338908067630824,0.00024841256139804436,3.0224176719533193e-09,11
157,0.00030338908067630824,0.00024613732422896844,3.277763616305514e-09,11
158,0.00030338908067630824,0.00024389717459941308,3.539286888662115e-09,11
159,0.00030338908067630824,0.0002416913544365711,3.80660942315355e-09,11
160,0.00030338908067630824,0.0002395191266751048,4.079371024115842e-09,11
161,0.00030338908067630824,0.00023737977454830342,4.357228495500655e-09,11
162,0.00030338908067630824,0.00023527260090738084,4.6398548161106954e-09,11
163,0.00030338908067630824,0.00023319692756763077,4.926938358032019e-09,11
164,0.00030338908067630824,0.00023115209468022266,5.218182145798664e-09,11
165,0.0003020036743384053,0.00022913746012848382,5.3094851732861605e-09,11
166,0.0003020036743384053,0.00022715239894757132,5.602713427634466e-09,11
167,0.0003020036743384053,0.00022519630276649389,5.899372327785663e-09,11
168,0.0003020036743384053,0.00022326857927149404,6.19921519519555e-09,11
169,0.0003006182680005023,0.00022136865168985293,6.280501685385146e-09,11
170,0.00024037936846194922,0.00021949595829322355,4.361168202752346e-10,10
171,0.00024037936846194922,0.00021764995191964528,5.166263763535599e-10,10
172,0.00022930260635934413,0.00021583009951343192,1.8150844071315147e-10,9
173,0.00022930260635934413,0.00021403588168216516,2.330728823687853e-10,9
174,0.00022930260635934413,0.00021226679227006438,2.9021896168450263e-10,9
175,0.00022930260635934413,0.00021052233794703588,3.526984816383432e-10,9
176,0.00022930260635934413,0.00020880203781274066,4.202733107339875e-10,9
177,0.00022930260635934413,0.00020710542301504968,4.927149484202229e-10,9
178,0.00022930260635934413,0.00020543203638228626,5.698041110296168e-10,9
179,0.00022930260635934413,0.00020378143206868304,6.513303371743005e-10,9
180,0.00022760933194635165,0.00020215317521250835,6.480159156579959e-10,9
181,0.00022760933194635165,0.00020054684160634135,7.323783834031508e-10,9
182,0.00021476972082207688,0.0001989620173790003,2.498834881442552e-10,9
183,0.00021476972082207688,0.00019739829868865074,3.0176630693768745e-10,9
184,0.00021476972082207688,0.0001958552914266417,3.5775563935490214e-10,9
185,0.00021307644640908434,0.0001943326109316395,3.5133136840551995e-10,9
186,0.00021307644640908434,0.00019282988171364764,4.0992338196650386e-10,9
187,0.00021307644640908434,0.00019134673718751923,4.721802628537718e-10,9
188,0.00021307644640908434,0.000189882819415588,5.379443331134421e-10,9
189,0.00022802435517776178,0.0001884377788590582,1.5670970246365424e-09,8
190,0.00022802435517776178,0.00018701127413781133,1.6820728163895429e-09,8
191,0.00022802435517776178,0.00018560297179830222,1.7995737678270878e-09,8
192,0.00022802435517776178,0.00018421254608923146,1.9194746156098283e-09,8
193,0.00022802435517776178,0.00018283967874469415,2.0416549843610175e-09,8
194,0.00022611942146314525,0.00018148405877451944,1.9923156023451685e-09,8
195,0.00022611942146314525,0.0001801453822615263,2.113612280511996e-09,8
196,0.00022611942146314525,0.00017882335216543287,2.236918171014011e-09,8
197,0.0002191166595439591,0.0001775176781331699,1.7304752544151854e-09,8
198,0.0002191166595439591,0.00017622807631535587,1.8394305713568262e-09,8
199,0.0002191166595439591,0.00017495426918870524,1.9503167218898192e-09,8
200,0.0002191166595439591,0.0001736959853841488,2.063037641131658e-09,8
201,0.0002191166595439591,0.00017245295952045495,2.1775008998835816e-09,8
202,0.0002191166595439591,0.00017122493204314922,2.2936175630118296e-09,8
203,0.0002191166595439591,0.00017001164906853887,2.41130205379113e-09,8
204,0.0002191166595439591,0.00016881286223265564,2.5304720239367008e-09,8
205,0.0002191166595439591,0.00016762832854493905,2.6510482290646494e-09,8
206,0.00021721172582934257,0.00016645781024648878,2.575959946991449e-09,8
207,0.00021721172582934257,0.00016530107467272254,2.6947157035042967e-09,8
208,0.00021721172582934257,0.00016415789412028132,2.8147090590133928e-09,8
209,0.00021721172582934257,0.00016302804571803202,2.9358711904048307e-09,8
210,0.00021721172582934257,0.00016191131130202104,3.058135846893594e-09,8
211,0.00021721172582934257,0.00016080747729424114,3.181439252809492e-09,8
212,0.0001991705812985935,0.00015971633458507692,1.5566375837310338e-09,7
213,0.0001969935141961746,0.00015863767841930076,1.471170138142514e-09,7
214,0.0001969935141961746,0.0001575713082854962,1.5541103188639252e-09,7
215,0.0001969935141961746,0.00015651702780878992,1.6383459502681366e-09,7
216,0.0001969935141961746,0.00015547464464677862,1.7238165286597596e-09,7
217,0.0001969935141961746,0.0001544439703885416,1.8104636782376797e-09,7
218,0.0001969935141961746,0.0001534248204566331,1.898231074169962e-09,7
219,0.0001969935141961746,0.00015241701401195456,1.987064368673768e-09,7
220,0.0001969935141961746,0.0001514203738614079,2.076911119972338e-09,7
221,0.0001969935141961746,0.0001504347263682378,2.1677207240068355e-09,7
222,0.0001969935141961746,0.0001494599013649717,2.2594443487866947e-09,7
223,0.0001969935141961746,0.00014849573206887206,2.352034871267305e-09,7
224,0.0001969935141961746,0.00014754205499981651,2.4454468166490673e-09,7
225,0.0001969935141961746,0.00014659870990052642,2.539636299996679e-09,7
226,0.0001969935141961746,0.00014566553965906622,2.6345609700820448e-09,7
227,0.00019481644709375565,0.00014474239023353942,2.507411170440169e-09,7
228,0.00019481644709375565,0.00014382911057890944,2.59970848487817e-09,7
229,0.00019481644709375565,0.00014292555257587657,2.692664933865654e-09,7
230,0.00019481644709375565,0.00014203157096174426,2.7862431482717863e-09,7
231,0.00019481644709375565,0.0001411470232632111,2.880407054302624e-09,7
232,0.00019481644709375565,0.00014027176973102656,2.975121828604212e-09,7
233,0.00019481644709375565,0.00013940567327645114,3.07035385503248e-09,7
234,0.00019481644709375565,0.00013854859940946345,3.166070683022708e-09,7
235,0.00019481644709375565,0.00013770041617865928,3.2622409874942443e-09,7
236,0.00019481644709375565,0.00013686099411278904,3.3588345302290324e-09,7
237,0.00019481644709375565,0.00013603020616388228,3.4558221226651194e-09,7
238,0.00019481644709375565,0.00013520792765190994,3.5531755900488983e-09,7
239,0.00019481644709375565,0.0001343940362109361,3.65086773689227e-09,7
240,0.00019481644709375565,0.0001335884117367137,3.7488723136831795e-09,7
241,0.00019263937999133677,0.00013279093633567879,3.581836208004469e-09,7
242,0.00019263937999133677,0.00013200149427530132,3.676953184110976e-09,7
243,0.00019263937999133677,0.00013121997193575046,3.7723436858986205e-09,7
244,0.00019263937999133677,0.0001304462577628343,3.86798445252945e-09,7
245,0.00019263937999133677,0.0001296802422221755,3.96385302863623e-09,7
246,0.00018205116705010066,0.00012892181775458583,2.8227277565648225e-09,7
247,0.00018205116705010066,0.0001281708787326026,2.9030854691767188e-09,7
248,0.00018205116705010066,0.0001274273214181533,2.9837645116228155e-09,7
249,0.00018205116705010066,0.00012669104392131375,3.0647432328344473e-09,7
250,0.00018205116705010066,0.00012596194616012807,3.1460007000441383e-09,7
251,0.00018205116705010066,0.00012523992982145833,3.227516675449077e-09,7
252,0.00018205116705010066,0.00012452489832283413,3.3092715936816832e-09,7
253,0.00018205116705010066,0.00012381675677527229,3.391246540057037e-09,7
254,0.00018205116705010066,0.00012311541194703828,3.4734232295681438e-09,7
255,0.00017987409994768176,0.00012242077222832234,3.300884866028113e-09,7
256,0.00017987409994768176,0.00012173274759680314,3.3804168531890183e-09,7
257,0.00017987409994768176,0.00012105124958407402,3.460127724899387e-09,7
258,0.00017987409994768176,0.00012037619124290597,3.540001140241835e-09,7
259,0.00017987409994768176,0.00011970748711532457,3.6200212997187686e-09,7
260,0.00017987409994768176,0.00011904505320147649,3.7001729280520253e-09,7
261,0.00017987409994768176,0.0001183888069292637,3.7804412575607276e-09,7
262,0.00017987409994768176,0.00011773866712472355,3.860812012096352e-09,7
263,0.00017987409994768176,0.00011709455398313331,3.941271391514852e-09,7
264,0.0001863559905191765,0.00011645638904081922,4.885954286833167e-09,6
265,0.0001863559905191765,0.0001158240951476499,4.9747482646999754e-09,6
266,0.0001863559905191765,0.00011519759644019522,5.063517047899598e-09,6
267,0.0001863559905191765,0.00011457681831553214,5.1522495622404315e-09,6
268,0.0001863559905191765,0.00011396168740567913,5.240935123288935e-09,6
269,0.0001863559905191765,0.00011335213155264266,5.329563424005563e-09,6
270,0.00017327024897942632,0.00011274807978405794,3.6629329641127977e-09,5
271,0.00017327024897942632,0.00011214946228940821,3.735750565606696e-09,5
272,0.00017327024897942632,0.0001115562103968068,3.808622558177051e-09,5
273,0.00017327024897942632,0.00011096825655032608,3.881538260635664e-09,5
274,0.00017327024897942632,0.00011038553428785919,3.9544873418398e-09,5
275,0.00017327024897942632,0.00010980797821949954,4.027459810006257e-09,5
276,0.00017327024897942632,0.0001092355240064246,4.10044600236797e-09,5
277,0.00017327024897942632,0.00010866810834026995,4.173436575161339e-09,5
278,0.00017327024897942632,0.00010810566892298116,4.246422493932851e-09,5
279,0.0001620658299087286,0.00010754814444712984,2.9721780280898163e-09,5
280,0.0001620658299087286,0.00010699547457668267,3.0327440363978e-09,5
281,0.0001620658299087286,0.00010644759992821029,3.0933875061658256e-09,5
282,0.0001620658299087286,0.00010590446205252529,3.154099239479786e-09,5
283,0.00015901793596534214,0.0001053660034167376,2.8785298662000105e-09,5
284,0.00015901793596534214,0.00010483216738671666,2.936097516456356e-09,5
285,0.00015901793596534214,0.00010430289820994919,2.993735356574076e-09,5
286,0.00015901793596534214,0.0001037781409987831,3.0514349479474804e-09,5
287,0.00015901793596534214,0.00010325784171404685,3.109188110913333e-09,5
288,0.00015901793596534214,0.00010274194714903486,3.1669869172531416e-09,5
289,0.00015901793596534214,0.00010223040491384952,3.2248236829242376e-09,5
290,0.00015901793596534214,0.00010172316342009065,3.282690961012103e-09,5
291,0.00015901793596534214,0.00010122017186588361,3.340581534896657e-09,5
292,0.00015901793596534214,0.00010072138022123725,3.398488411625528e-09,5
293,0.00015901793596534214,0.00010022673921372345,3.4564048154875397e-09,5
294,0.00015901793596534214,9.973620031447017e-05,3.5143241817798647e-09,5
295,0.00015901793596534214,9.924971572446006e-05,3.572240150762586e-09,5
296,0.00015901793596534214,9.87672383611269e-05,3.630146561794588e-09,5
297,0.00015901793596534214,9.828872184524244e-05,3.6880374476449163e-09,5
298,0.00015901793596534214,9.78141204880865e-05,3.745907028973956e-09,5
299,0.00015901793596534214,9.734338927889312e-05,3.8037497089789795e-09,5
300,0.00015901793596534214,9.687648387256597e-05,3.861560068198795e-09,5
301,0.00015901793596534214,9.641336057765664e-05,3.919332859472396e-09,5
302,0.00015901793596534214,9.595397634459868e-05,3.977063003046761e-09,5
303,0.00015901793596534214,9.549828875419198e-05,4.0347455818289754e-09,5
304,0.00015901793596534214,9.504625600633063e-05,4.092375836778194e-09,5
305,0.00015901793596534214,9.459783690896867e-05,4.149949162432969e-09,5
306,0.00015901793596534214,9.415299086731804e-05,4.207461102569681e-09,5
307,0.00015901793596534214,9.371167787327268e-05,4.264907345987988e-09,5
308,0.00015901793596534214,9.327385849505395e-05,4.322283722419255e-09,5
309,0.00015901793596534214,9.283949386707146e-05,4.379586198554164e-09,5
310,0.00015901793596534214,9.240854567999441e-05,4.436810874185776e-09,5
311,0.00015901793596534214,9.198097617102847e-05,4.493953978464426e-09,5
312,0.00015901793596534214,9.155674811439316e-05,4.551011866261025e-09,5
313,0.00015901793596534214,9.1135824811995e-05,4.607981014635375e-09,5
314,0.00015901793596534214,9.071817008429186e-05,4.664858019406279e-09,5
315,0.00015901793596534214,9.030374826134394e-05,4.721639591820297e-09,5
316,0.00015901793596534214,8.989252417404695e-05,4.778322555316131e-09,5
317,0.00015901793596534214,8.948446314554339e-05,4.834903842381691e-09,5
318,0.00015901793596534214,8.907953098280748e-05,4.891380491501029e-09,5
319,0.00015901793596534214,8.867769396839996e-05,4.947749644188387e-09,5
320,0.00015901793596534214,8.827891885238876e-05,5.004008542106711e-09,5
321,0.00015901793596534214,8.788317284443149e-05,5.06015452426807e-09,5
322,0.00015901793596534214,8.749042360601636e-05,5.116185024313502e-09,5
323,0.00015901793596534214,8.710063924285753e-05,5.172097567869895e-09,5
324,0.00015901793596534214,8.671378829744152e-05,5.2278897699815785e-09,5
325,0.00015901793596534214,8.632983974172145e-05,5.28355933261434e-09,5
326,0.00015901793596534214,8.594876296995518e-05,5.339104042229785e-09,5
327,0.00015901793596534214,8.55705277916846e-05,5.3945217674278545e-09,5
328,0.00015901793596534214,8.519510442485262e-05,5.4498104566554935e-09,5
329,0.00015901793596534214,8.482246348905483e-05,5.504968135979507e-09,5
330,0.00015901793596534214,8.445257599892271e-05,5.559992906921705e-09,5
331,0.00015901793596534214,8.408541335763552e-05,5.614882944354463e-09,5
332,0.00015597004202195564,8.372094735055802e-05,5.219931680836577e-09,5
333,0.00015597004202195564,8.3359150139001e-05,5.272341620038128e-09,5
334,0.00015597004202195564,8.299999425410222e-05,5.32462787124281e-09,5
335,0.00015597004202195564,8.264345259082478e-05,5.376788717601633e-09,5
336,0.00015597004202195564,8.228949840207045e-05,5.428822508121804e-09,5
337,0.00015597004202195564,8.193810529290554e-05,5.4807276558540776e-09,5
338,0.00015597004202195564,8.158924721489651e-05,5.532502636129835e-09,5
339,0.00015597004202195564,8.124289846055329e-05,5.5841459848464374e-09,5
340,0.00015597004202195564,8.089903365787774e-05,5.635656296799454e-09,5
341,0.00015597004202195564,8.055762776501499e-05,5.687032224060426e-09,5
342,0.00015597004202195564,8.021865606500535e-05,5.738272474398846e-09,5
343,0.00015597004202195564,7.988209416063485e-05,5.789375809747072e-09,5
344,0.00015597004202195564,7.954791796938196e-05,5.840341044706961e-09,5
345,0.00015597004202195564,7.921610371845876e-05,5.891167045097007e-09,5
346,0.00015597004202195564,7.888662793994412e-05,5.941852726538853e-09,5
347,0.00015597004202195564,7.855946746600737e-05,5.992397053082026e-09,5
348,0.00015597004202195564,7.823459942422016e-05,6.042799035865828e-09,5
349,0.00015597004202195564,7.791200123295483e-05,6.093057731817315e-09,5
350,0.00015597004202195564,7.759165059686735e-05,6.143172242384354e-09,5
351,0.00015597004202195564,7.727352550246315e-05,6.193141712302755e-09,5
352,0.00015597004202195564,7.695760421374405e-05,6.242965328396505e-09,5
353,0.00015597004202195564,7.664386526793435e-05,6.292642318410229e-09,5
354,0.00015597004202195564,7.633228747128495e-05,6.342171949872871e-09,5
355,0.00015597004202195564,7.602284989495321e-05,6.3915535289918394e-09,5
356,0.00015597004202195564,7.571553187095757e-05,6.440786399576652e-09,5
357,0.00015597004202195564,7.541031298820488e-05,6.489869941991346e-09,5
358,0.00015597004202195564,7.510717308858928e-05,6.5388035721347875e-09,5
359,0.00015597004202195564,7.480609226316109e-05,6.587586740448127e-09,5
360,0.00015597004202195564,7.450705084836391e-05,6.636218930948684e-09,5
361,0.00015597004202195564,7.42100294223391e-05,6.684699660289456e-09,5
362,0.00015597004202195564,7.391500880129585e-05,6.733028476843583e-09,5
363,8.809309351978527e-05,7.362197003594556e-05,2.0941341488453708e-10,4
364,8.809309351978527e-05,7.333089440799934e-05,2.1792252261601327e-10,4
365,8.809309351978527e-05,7.304176342672725e-05,2.265425375701939e-10,4
366,8.809309351978527e-05,7.275455882557806e-05,2.3527064656539835e-10,4
367,8.809309351978527e-05,7.246926255885819e-05,2.4410409389562373e-10,4
368,8.809309351978527e-05,7.218585679846891e-05,2.5304018010799563e-10,4
369,8.809309351978527e-05,7.190432393070032e-05,2.6207626080848176e-10,4
370,8.809309351978527e-05,7.16246465530811e-05,2.7120974549514787e-10,4
371,8.428322609055218e-05,7.134680747128298e-05,1.6735092669297482e-10,4
372,8.428322609055218e-05,7.107078969607875e-05,1.745684754780062e-10,4
373,8.428322609055218e-05,7.079657644035269e-05,1.8188971878722612e-10,4
374,8.428322609055218e-05,7.052415111616253e-05,1.8931214415087566e-10,4
375,8.428322609055218e-05,7.025349733185181e-05,1.968332890427042e-10,4
376,8.428322609055218e-05,6.998459888921165e-05,2.0445073984291552e-10,4
377,8.428322609055218e-05,6.971743978069099e-05,2.1216213082453986e-10,4
378,8.428322609055218e-05,6.945200418665437e-05,2.1996514316265823e-10,4
379,8.428322609055218e-05,6.918827647268619e-05,2.2785750396591267e-10,4
380,8.428322609055218e-05,6.89262411869407e-05,2.358369853297511e-10,4
381,8.428322609055218e-05,6.866588305753673e-05,2.4390140341087635e-10,4
382,8.428322609055218e-05,6.840718698999636e-05,2.5204861752237737e-10,4
383,8.428322609055218e-05,6.815013806472655e-05,2.602765292490384e-10,4
384,8.428322609055218e-05,6.789472153454306e-05,2.685830815823317e-10,4
385,8.428322609055218e-05,6.764092282223568e-05,2.769662580746181e-10,4
386,8.428322609055218e-05,6.738872751817419e-05,2.854240820120821e-10,4
387,8.428322609055218e-05,6.713812137795395e-05,2.9395461560595833e-10,4
388,8.428322609055218e-05,6.688909032008079e-05,3.0255595920159243e-10,4
389,8.428322609055218e-05,6.664162042369391e-05,3.1122625050492605e-10,4
390,8.428322609055218e-05,6.639569792632665e-05,3.1996366382596156e-10,4
391,8.428322609055218e-05,6.615130922170396e-05,3.2876640933882283e-10,4
392,8.428322609055218e-05,6.590844085757594e-05,3.376327323580017e-10,4
393,8.428322609055218e-05,6.566707953358716e-05,3.4656091263040065e-10,4
394,8.428322609055218e-05,6.542721209918054e-05,3.5554926364280316e-10,4
395,8.428322609055218e-05,6.518882555153536e-05,3.6459613194440584e-10,4
396,8.428322609055218e-05,6.495190703353905e-05,3.7369989648403906e-10,4
397,8.428322609055218e-05,6.47164438317916e-05,3.8285896796174795e-10,4
398,7.385880141457851e-05,6.44824233746423e-05,8.791646514779809e-11,3
399,7.385880141457851e-05,6.424983323025826e-05,9.233226956727885e-11,3
400,7.385880141457851e-05,6.401866110472393e-05,9.682836131762505e-11,3
401,7.385880141457851e-05,6.378889484017107e-05,1.0140301841729413e-10,3
402,7.385880141457851e-05,6.356052241293879e-05,1.0605455039561357e-10,3
403,7.385880141457851e-05,6.333353193176285e-05,1.107812976858906e-10,3
404,7.385880141457851e-05,6.310791163599394e-05,1.1558163103127417e-10,3
405,7.385880141457851e-05,6.288364989384406e-05,1.204539509030796e-10,3
406,7.385880141457851e-05,6.266073520066108e-05,1.2539668693127903e-10,3
407,7.385880141457851e-05,6.243915617723007e-05,1.304082973468948e-10,3
408,7.385880141457851e-05,6.221890156810197e-05,1.3548726843600449e-10,3
409,7.385880141457851e-05,6.199996023994806e-05,1.4063211400511043e-10,3
410,7.385880141457851e-05,6.178232117994073e-05,1.4584137485759696e-10,3
411,7.385880141457851e-05,6.15659734941592e-05,1.5111361828104057e-10,3
412,7.385880141457851e-05,6.135090640602043e-05,1.5644743754511208e-10,3
413,7.385880141457851e-05,6.113710925473435e-05,1.6184145140984033e-10,3
414,7.385880141457851e-05,6.092457149378313e-05,1.6729430364399837e-10,3
415,7.385880141457851e-05,6.07132826894241e-05,1.7280466255338515e-10,3
416,7.385880141457851e-05,6.0503232519215673e-05,1.7837122051878326e-10,3
417,7.385880141457851e-05,6.0294410770566246e-05,1.8399269354336742e-10,3
418,7.385880141457851e-05,6.008680733930526e-05,1.896678208093615e-10,3
419,7.385880141457851e-05,5.988041222827626e-05,1.9539536424373154e-10,3
420,7.385880141457851e-05,5.967521554595162e-05,2.011741080927124e-10,3
421,7.385880141457851e-05,5.947120750506827e-05,2.070028585049761e-10,3
422,7.385880141457851e-05,5.9268378421284376e-05,2.1288044312324613e-10,3
423,7.385880141457851e-05,5.906671871185641e-05,2.188057106841704e-10,3
424,7.385880141457851e-05,5.8866218894336266e-05,2.2477753062627323e-10,3
425,7.385880141457851e-05,5.86668695852882e-05,2.3079479270580397e-10,3
426,7.385880141457851e-05,5.8468661499025014e-05,2.3685640662031293e-10,3
427,7.385880141457851e-05,5.827158544636349e-05,2.429613016397772e-10,3
428,7.385880141457851e-05,5.807563233339835e-05,2.4910842624512126e-10,3
429,7.385880141457851e-05,5.78807931602947e-05,2.5529674777396147e-10,3
430,7.385880141457851e-05,5.768705902009858e-05,2.615252520734194e-10,3
431,6.877897817560105e-05,5.749442109756518e-05,1.2734122844744948e-10,3
432,6.877897817560105e-05,5.730287066800463e-05,1.3170104352591097e-10,3
433,6.877897817560105e-05,5.7112399096144856e-05,1.3610906741720492e-10,3
434,6.877897817560105e-05,5.692299783501132e-05,1.405642698364501e-10,3
435,6.877897817560105e-05,5.673465842482343e-05,1.4506563825897192e-10,3
436,6.877897817560105e-05,5.654737249190707e-05,1.4961217760137488e-10,3
437,6.877897817560105e-05,5.6361131747623314e-05,1.542029099088394e-10,3
438,6.877897817560105e-05,5.6175927987312777e-05,1.5883687404851307e-10,3
439,6.877897817560105e-05,5.5991753089255487e-05,1.635131254088653e-10,3
440,6.877897817560105e-05,5.580859901364597e-05,1.6823073560487858e-10,3
441,6.877897817560105e-05,5.562645780158327e-05,1.729887921889528e-10,3
442,6.877897817560105e-05,5.5445321574075747e-05,1.777863983673993e-10,3
443,6.877897817560105e-05,5.5265182531060254e-05,1.826226727224098e-10,3
444,6.877897817560105e-05,5.508603295043553e-05,1.8749674893938312e-10,3
445,6.877897817560105e-05,5.490786518710969e-05,1.9240777553949376e-10,3
446,6.877897817560105e-05,5.473067167206129e-05,1.9735491561739745e-10,3
447,6.877897817560105e-05,5.455444491141411e-05,2.0233734658396067e-10,3
448,6.877897817560105e-05,5.4379177485525045e-05,2.073542599139134e-10,3
449,6.877897817560105e-05,5.420486204808514e-05,2.1240486089831928e-10,3
450,6.877897817560105e-05,5.403149132523359e-05,2.1748836840176116e-10,3
451,6.877897817560105e-05,5.385905811468418e-05,2.226040146241496e-10,3
452,6.877897817560105e-05,5.368755528486437e-05,2.2775104486705103e-10,3
453,6.877897817560105e-05,5.351697577406645e-05,2.3292871730444795e-10,3
454,6.877897817560105e-05,5.334731258961084e-05,2.381363027578345e-10,3
455,6.877897817560105e-05,5.317855880702117e-05,2.4337308447556227e-10,3
456,6.877897817560105e-05,5.301070756921104e-05,2.4863835791634307e-10,3
457,6.877897817560105e-05,5.284375208568217e-05,2.5393143053683125e-10,3
458,6.877897817560105e-05,5.267768563173395e-05,2.5925162158319033e-10,3
459,6.877897817560105e-05,5.251250154768385e-05,2.6459826188657647e-10,3
460,6.877897817560105e-05,5.2348193238099066e-05,2.6997069366244207e-10,3
461,6.877897817560105e-05,5.2184754171038534e-05,2.753682703135988e-10,3
462,6.877897817560105e-05,5.2022177877305785e-05,2.8079035623694826e-10,3
463,6.877897817560105e-05,5.186045794971203e-05,2.862363266338159e-10,3
464,6.877897817560105e-05,5.169958804234954e-05,2.9170556732380895e-10,3
465,6.877897817560105e-05,5.153956186987508e-05,2.971974745621305e-10,3
466,6.877897817560105e-05,5.138037320680317e-05,3.0271145486027834e-10,3
467,6.877897817560105e-05,5.122201588680919e-05,3.082469248100596e-10,3
468,6.877897817560105e-05,5.106448380204202e-05,3.138033109108546e-10,3
469,6.877897817560105e-05,5.09077709024461e-05,3.1938004940006643e-10,3
470,6.877897817560105e-05,5.0751871195092754e-05,3.2497658608669094e-10,3
471,6.877897817560105e-05,5.0596778743520794e-05,3.3059237618793954e-10,3
472,6.877897817560105e-05,5.04424876670859e-05,3.362268841688661e-10,3
473,6.877897817560105e-05,5.028899214031904e-05,3.418795835849237e-10,3
474,6.877897817560105e-05,5.013628639229349e-05,3.4754995692740327e-10,3
475,6.877897817560105e-05,4.998436470600049e-05,3.5323749547169087e-10,3
476,6.877897817560105e-05,4.9833221417733285e-05,3.589416991282921e-10,3
477,6.877897817560105e-05,4.968285091647963e-05,3.646620762965602e-10,3
478,6.877897817560105e-05,4.95332476433222e-05,3.703981437210904e-10,3
479,6.877897817560105e-05,4.938440609084734e-05,3.76149426350708e-10,3
480,6.877897817560105e-05,4.9236320802561586e-05,3.819154572000137e-10,3
481,6.877897817560105e-05,4.908898637231604e-05,3.876957772134308e-10,3
482,6.877897817560105e-05,4.8942397443738416e-05,3.9348993513170393e-10,3
483,6.877897817560105e-05,4.8796548709672674e-05,3.9929748736080254e-10,3
484,6.877897817560105e-05,4.8651434911626094e-05,4.051179978431836e-10,3
485,6.877897817560105e-05,4.850705083922366e-05,4.1095103793136485e-10,3
486,6.877897817560105e-05,4.8363391329669804e-05,4.1679618626376087e-10,3
487,6.877897817560105e-05,4.822045126721702e-05,4.226530286427503e-10,3
488,6.877897817560105e-05,4.8078225582641755e-05,4.28521157914911e-10,3
489,6.877897817560105e-05,4.7936709252727e-05,4.344001738534014e-10,3
490,6.877897817560105e-05,4.7795897299751786e-05,4.402896830424311e-10,3
491,6.877897817560105e-05,4.765578479098735e-05,4.461892987637881e-10,3
492,6.877897817560105e-05,4.751636683819982e-05,4.520986408853832e-10,3
493,6.877897817560105e-05,4.737763859715956e-05,4.580173357517662e-10,3
494,6.877897817560105e-05,4.7239595267156686e-05,4.639450160765852e-10,3
495,6.877897817560105e-05,4.710223209052312e-05,4.698813208369413e-10,3
496,6.877897817560105e-05,4.6965544352160626e-05,4.758258951696147e-10,3
497,6.877897817560105e-05,4.6829527379075125e-05,4.817783902691126e-10,3
498,6.877897817560105e-05,4.669417653991696e-05,4.877384632875147e-10,3
499,6.877897817560105e-05,4.655948724452704e-05,4.937057772360802e-10,3
500,6.369915493662359e-05,4.6425454943488965e-05,2.9838071145281915e-10,3
501,6.369915493662359e-05,4.629207512768679e-05,3.0300642747469523e-10,3
502,6.369915493662359e-05,4.6159343327868464e-05,3.076449912706211e-10,3
503,6.369915493662359e-05,4.6027255114214935e-05,3.122960433332471e-10,3
504,6.369915493662359e-05,4.5895806095914675e-05,3.169592299439715e-10,3
505,6.369915493662359e-05,4.57649919207437e-05,3.2163420308015404e-10,3
506,6.369915493662359e-05,4.563480827465084e-05,3.2632062032392603e-10,3
507,6.369915493662359e-05,4.5505250881348416e-05,3.3101814477255844e-10,3
508,6.369915493662359e-05,4.537631550190791e-05,3.35726444950372e-10,3
509,6.369915493662359e-05,4.5247997934360976e-05,3.404451947221447e-10,3
510,6.369915493662359e-05,4.512029401330525e-05,3.4517407320800535e-10,3
511,6.369915493662359e-05,4.499319960951534e-05,3.4991276469976957e-10,3
512,6.369915493662359e-05,4.4866710629558555e-05,3.5466095857870625e-10,3
513,6.369915493662359e-05,4.474082301541555e-05,3.594183492346957e-10,3
514,6.369915493662359e-05,4.4615532744105645e-05,3.6418463598676345e-10,3
515,6.369915493662359e-05,4.4490835827316893e-05,3.6895952300495683e-10,3
516,6.369915493662359e-05,4.436672831104074e-05,3.7374271923354485e-10,3
517,6.369915493662359e-05,4.424320627521119e-05,3.7853393831551504e-10,3
518,6.369915493662359e-05,4.412026583334854e-05,3.833328985183424e-10,3
519,6.369915493662359e-05,4.399790313220751e-05,3.88139322661008e-10,3
520,6.369915493662359e-05,4.3876114351429575e-05,3.929529380422491e-10,3
521,6.369915493662359e-05,4.3754895703199905e-05,3.9777347637000593e-10,3
522,6.369915493662359e-05,4.363424343190824e-05,4.0260067369205844e-10,3
523,6.369915493662359e-05,4.351415381381407e-05,4.074342703278215e-10,3
524,6.369915493662359e-05,4.339462315671594e-05,4.122740108012798e-10,3
525,6.369915493662359e-05,4.3275647799624755e-05,4.1711964377504237e-10,3
526,6.369915493662359e-05,4.315722411244115e-05,4.219709219854967e-10,3
527,6.369915493662359e-05,4.3039348495636705e-05,4.268276021790432e-10,3
528,6.369915493662359e-05,4.292201737993914e-05,4.316894450493874e-10,3
529,6.369915493662359e-05,4.2805227226021325e-05,4.3655621517587326e-10,3
530,6.369915493662359e-05,4.2688974524193976e-05,4.414276809628411e-10,3
531,6.369915493662359e-05,4.257325579410222e-05,4.463036145799851e-10,3
532,6.369915493662359e-05,4.2458067584425705e-05,4.51183791903701e-10,3
533,6.369915493662359e-05,4.234340647258243e-05,4.5606799245939635e-10,3
534,5.84899871106091e-05,4.2229269064436074e-05,2.6441095137713714e-10,2
535,5.84899871106091e-05,4.2115651994006865e-05,2.681188505107932e-10,2
536,5.84899871106091e-05,4.200255192318594e-05,2.7183551905947937e-10,2
537,5.84899871106091e-05,4.1889965541453145e-05,2.75560716096443e-10,2
538,5.84899871106091e-05,4.177788956559813e-05,2.792942043539618e-10,2
539,5.84899871106091e-05,4.1666320739444875e-05,2.830357501682421e-10,2
540,5.84899871106091e-05,4.1555255833579444e-05,2.8678512342520657e-10,2
541,5.84899871106091e-05,4.144469164508099e-05,2.9054209750715325e-10,2
542,5.84899871106091e-05,4.133462499725595e-05,2.943064492402727e-10,2
543,5.84899871106091e-05,4.122505273937538e-05,2.9807795884300757e-10,2
544,5.84899871106091e-05,4.111597174641545e-05,3.0185640987523693e-10,2
545,5.84899871106091e-05,4.100737891880097e-05,3.0564158918827685e-10,2
546,5.84899871106091e-05,4.089927118215185e-05,3.0943328687567964e-10,2
547,5.84899871106091e-05,4.079164548703278e-05,3.132312962248142e-10,2
548,5.84899871106091e-05,4.068449880870556e-05,3.170354136692238e-10,2
549,5.84899871106091e-05,4.057782814688457e-05,3.20845438741737e-10,2
550,5.84899871106091e-05,4.047163052549498e-05,3.2466117402832536e-10,2
551,5.84899871106091e-05,4.03659029924338e-05,3.2848242512269413e-10,2
552,5.84899871106091e-05,4.0260642619333734e-05,3.3230900058159157e-10,2
553,5.84899871106091e-05,4.015584650132979e-05,3.361407118808247e-10,2
554,5.84899871106091e-05,4.005151175682861e-05,3.3997737337197056e-10,2
555,5.84899871106091e-05,3.9947635527280394e-05,3.438188022397726e-10,2
556,5.84899871106091e-05,3.98442149769536e-05,3.4766481846020415e-10,2
557,5.84899871106091e-05,3.9741247292712123e-05,3.515152447591956e-10,2
558,5.84899871106091e-05,3.963872968379512e-05,3.553699065720093e-10,2
559,5.84899871106091e-05,3.9536659381599346e-05,3.592286320032501e-10,2
560,5.84899871106091e-05,3.943503363946398e-05,3.630912517875055e-10,2
561,5.84899871106091e-05,3.933384973245797e-05,3.669575992505988e-10,2
562,5.84899871106091e-05,3.923310495716973e-05,3.7082751027145185e-10,2
563,5.84899871106091e-05,3.91327966314993e-05,3.74700823244539e-10,2
564,5.84899871106091e-05,3.90329220944529e-05,3.7857737904292955e-10,2
565,5.84899871106091e-05,3.893347870593977e-05,3.8245702098190216e-10,2
566,5.84899871106091e-05,3.883446384657133e-05,3.863395947831301e-10,2
567,5.84899871106091e-05,3.873587491746264e-05,3.902249485394178e-10,2
568,5.84899871106091e-05,3.8637709340036134e-05,3.941129326799856e-10,2
569,5.84899871106091e-05,3.8539964555827494e-05,3.9800339993629486e-10,2
570,5.84899871106091e-05,3.844263802629381e-05,4.0189620530839726e-10,2
571,5.84899871106091e-05,3.834572723262383e-05,4.0579120603180715e-10,2
572,5.84899871106091e-05,3.824922967555039e-05,4.096882615448846e-10,2
573,5.84899871106091e-05,3.8153142875164925e-05,4.1358723345671905e-10,2
574,5.84899871106091e-05,3.8057464370734084e-05,4.174879855155097e-10,2
575,5.84899871106091e-05,3.796219172051837e-05,4.213903835774304e-10,2
576,5.84899871106091e-05,3.786732250159284e-05,4.252942955759717e-10,2
577,5.84899871106091e-05,3.777285430966977e-05,4.2919959149175635e-10,2
578,5.84899871106091e-05,3.7678784758923325e-05,4.331061433228116e-10,2
579,5.84899871106091e-05,3.758511148181616e-05,4.3701382505530096e-10,2
580,5.84899871106091e-05,3.749183212892797e-05,4.4092251263470015e-10,2
581,5.84899871106091e-05,3.7398944368785866e-05,4.448320839374146e-10,2
582,5.84899871106091e-05,3.730644588769676e-05,4.487424187428266e-10,2
583,6.095787886772943e-05,3.7214334389581474e-05,5.637559043857904e-10,1
584,6.095787886772943e-05,3.712260759581072e-05,5.681201566059533e-10,1
585,6.095787886772943e-05,3.703126324504296e-05,5.724829351557845e-10,1
586,6.095787886772943e-05,3.694029909306386e-05,5.768441382324247e-10,1
587,6.095787886772943e-05,3.684971291262774e-05,5.812036657187242e-10,1
588,6.095787886772943e-05,3.675950249330061e-05,5.855614191585151e-10,1
589,6.095787886772943e-05,3.6669665641304904e-05,5.899173017322634e-10,1
590,6.095787886772943e-05,3.6580200179366016e-05,5.942712182330879e-10,1
591,6.095787886772943e-05,3.649110394656044e-05,5.986230750431441e-10,1
592,6.095787886772943e-05,3.6402374798165554e-05,6.029727801103681e-10,1
593,6.095787886772943e-05,3.631401060551108e-05,6.073202429255729e-10,1
594,6.095787886772943e-05,3.62260092558321e-05,6.116653744998908e-10,1
595,6.095787886772943e-05,3.6138368652123705e-05,6.160080873425571e-10,1
596,6.095787886772943e-05,3.6051086712997206e-05,6.203482954390308e-10,1
597,6.095787886772943e-05,3.596416137253786e-05,6.246859142294453e-10,1
598,6.095787886772943e-05,3.5877590580164195e-05,6.290208605873821e-10,1
599,6.095787886772943e-05,3.579137230048876e-05,6.333530527989679e-10,1
600,6.095787886772943e-05,3.570550451318048e-05,6.376824105422817e-10,1
601,6.095787886772943e-05,3.5619985212828324e-05,6.420088548670779e-10,1
602,6.095787886772943e-05,3.553481240880666e-05,6.463323081748041e-10,1
603,6.095787886772943e-05,3.544998412514178e-05,6.506526941989306e-10,1
604,6.095787886772943e-05,3.53654984003801e-05,6.549699379855636e-10,1
605,6.095787886772943e-05,3.528135328745756e-05,6.592839658743559e-10,1
606,6.095787886772943e-05,3.519754685357057e-05,6.635947054796982e-10,1
607,6.095787886772943e-05,3.5114077180048156e-05,6.679020856721976e-10,1
608,4.5718409150797076e-05,3.503094236222569e-05,1.1422194635681638e-10,1
609,4.5718409150797076e-05,3.4948140509319686e-05,1.1599868660959123e-10,1
610,4.5718409150797076e-05,3.486566974430414e-05,1.1778195262524473e-10,1
611,4.5718409150797076e-05,3.4783528203788056e-05,1.195716213252609e-10,1
612,4.5718409150797076e-05,3.4701714037894294e-05,1.2136757121065603e-10,1
613,4.5718409150797076e-05,3.462022541013969e-05,1.23169682341392e-10,1
614,4.5718409150797076e-05,3.453906049731639e-05,1.2497783631608048e-10,1
615,4.5718409150797076e-05,3.4458217489374533e-05,1.2679191625196976e-10,1
616,4.5718409150797076e-05,3.437769458930604e-05,1.286118067652148e-10,1
617,4.5718409150797076e-05,3.42974900130297e-05,1.3043739395142113e-10,1
618,4.5718409150797076e-05,3.421760198927737e-05,1.3226856536646295e-10,1
619,4.5718409150797076e-05,3.413802875948148e-05,1.3410521000756674e-10,1
620,4.5718409150797076e-05,3.4058768577663594e-05,1.3594721829466046e-10,1
621,4.5718409150797076e-05,3.397981971032415e-05,1.3779448205198252e-10,1
622,4.5718409150797076e-05,3.39011804363334e-05,1.3964689448994477e-10,1
623,4.5718409150797076e-05,3.3822849046823424e-05,1.4150435018724964e-10,1
624,4.5718409150797076e-05,3.374482384508124e-05,1.433667450732542e-10,1
625,4.5718409150797076e-05,3.366710314644308e-05,1.4523397641057864e-10,1
626,4.5718409150797076e-05,3.35896852781897e-05,1.47105942777956e-10,1
627,4.5718409150797076e-05,3.351256857944282e-05,1.4898254405331761e-10,1
628,4.5718409150797076e-05,3.34357514010625e-05,1.5086368139711487e-10,1
629,4.5718409150797076e-05,3.335923210554576e-05,1.527492572358671e-10,1
630,4.5718409150797076e-05,3.3283009066926056e-05,1.5463917524593937e-10,1
631,4.5718409150797076e-05,3.32070806706739e-05,1.5653334033754133e-10,1
632,4.5718409150797076e-05,3.313144531359842e-05,1.5843165863894672e-10,1
633,4.5718409150797076e-05,3.305610140374996e-05,1.6033403748092932e-10,1
634,4.5718409150797076e-05,3.298104736032368e-05,1.6224038538141167e-10,1
635,4.5718409150797076e-05,3.2906281613564065e-05,1.6415061203032443e-10,1
636,4.5718409150797076e-05,3.28318026046705e-05,1.660646282746723e-10,1
637,4.5718409150797076e-05,3.275760878570372e-05,1.6798234610380413e-10,1
638,4.5718409150797076e-05,3.2683698619493214e-05,1.699036786348838e-10,1
639,4.5718409150797076e-05,3.2610070579545614e-05,1.7182854009855883e-10,1
640,4.5718409150797076e-05,3.253672314995396e-05,1.7375684582482334e-10,1
641,4.5718409150797076e-05,3.246365482530787e-05,1.7568851222907473e-10,1
642,4.5718409150797076e-05,3.239086411060465e-05,1.7762345679835772e-10,1
643,4.5718409150797076e-05,3.231834952116126e-05,1.795615980777956e-10,1
644,4.5718409150797076e-05,3.224610958252717e-05,1.8150285565720549e-10,1
645,4.5718409150797076e-05,3.217414283039809e-05,1.834471501578943e-10,1
646,4.5718409150797076e-05,3.2102447810530545e-05,1.8539440321963275e-10,1
647,4.5718409150797076e-05,3.203102307865735e-05,1.8734453748780454e-10,1
648,4.5718409150797076e-05,3.195986720040386e-05,1.8929747660073004e-10,1
649,4.5718409150797076e-05,3.1888978751205046e-05,1.9125314517716018e-10,1
650,4.5718409150797076e-05,3.181835631622349e-05,1.9321146880393724e-10,1
651,4.5718409150797076e-05,3.1747998490268073e-05,1.951723740238224e-10,1
652,4.5718409150797076e-05,3.167790387771356e-05,1.9713578832348594e-10,1
653,4.5718409150797076e-05,3.160807109242089e-05,1.9910164012165943e-10,1
654,4.5718409150797076e-05,3.153849875765833e-05,2.010698587574442e-10,1
655,4.5718409150797076e-05,3.146918550602334e-05,2.0304037447877883e-10,1
656,4.5718409150797076e-05,3.140012997936529e-05,2.050131184310574e-10,1
657,4.5718409150797076e-05,3.1331330828708804e-05,2.069880226459023e-10,1
658,4.5718409150797076e-05,3.126278671417798e-05,2.0896502003008538e-10,1
659,4.5718409150797076e-05,3.119449630492131e-05,2.109440443545952e-10,1
660,4.5718409150797076e-05,3.112645827903727e-05,2.1292503024385175e-10,1
661,4.5718409150797076e-05,3.105867132350073e-05,2.1490791316506341e-10,1
662,4.5718409150797076e-05,3.099113413409002e-05,2.1689262941772383e-10,1
663,4.5718409150797076e-05,3.092384541531473e-05,2.188791161232494e-10,1
664,4.5718409150797076e-05,3.085680388034417e-05,2.2086731121475355e-10,1
665,4.5718409150797076e-05,3.0790008250936625e-05,2.2285715342695434e-10,1
666,4.5718409150797076e-05,3.0723457257369105e-05,2.248485822862191e-10,1
667,4.5718409150797076e-05,3.065714963836803e-05,2.2684153810073443e-10,1
668,4.5718409150797076e-05,3.0591084141040305e-05,2.288359619508127e-10,1
669,4.5718409150797076e-05,3.052525952080532e-05,2.3083179567931862e-10,1
670,4.5718409150797076e-05,3.0459674541327384e-05,2.328289818822282e-10,1
671,4.5718409150797076e-05,3.039432797444895e-05,2.3482746389930693e-10,1
672,4.5718409150797076e-05,3.0329218600124446e-05,2.368271858049118e-10,1
673,4.5718409150797076e-05,3.0264345206354676e-05,2.388280923989146e-10,1
674,4.5718409150797076e-05,3.019970658912193e-05,2.4083012919774275e-10,1
675,4.5718409150797076e-05,3.0135301552325694e-05,2.4283324242553653e-10,1
676,4.5718409150797076e-05,3.007112890771891e-05,2.4483737900542426e-10,1
677,4.5718409150797076e-05,3.0007187474844953e-05,2.468424865509078e-10,1
678,4.5718409150797076e-05,2.9943476080975082e-05,2.4884851335736357e-10,1
679,4.5718409150797076e-05,2.9879993561046594e-05,2.508554083936511e-10,1
680,4.5718409150797076e-05,2.981673875760148e-05,2.528631212938334e-10,1
681,4.5718409150797076e-05,2.9753710520725725e-05,2.548716023490021e-10,1
682,4.5718409150797076e-05,2.969090770798914e-05,2.5688080249921046e-10,1
683,4.5718409150797076e-05,2.9628329184385776e-05,2.588906733255103e-10,1
684,4.5718409150797076e-05,2.9565973822274883e-05,2.6090116704209187e-10,1
685,4.5718409150797076e-05,2.9503840501322457e-05,2.6291223648852516e-10,1
686,4.5718409150797076e-05,2.9441928108443304e-05,2.6492383512210176e-10,1
687,4.5718409150797076e-05,2.938023553774367e-05,2.6693591701027457e-10,1
688,4.5718409150797076e-05,2.9318761690464377e-05,2.6894843682319674e-10,1
689,4.5718409150797076e-05,2.9257505474924532e-05,2.7096134982635424e-10,1
690,4.5718409150797076e-05,2.919646580646573e-05,2.729746118732949e-10,1
691,4.5718409150797076e-05,2.9135641607396777e-05,2.749881793984504e-10,1
692,4.5718409150797076e-05,2.9075031806938944e-05,2.7700200941005017e-10,1
693,4.5718409150797076e-05,2.9014635341171733e-05,2.7901605948312555e-10,1
694,4.5718409150797076e-05,2.8954451152979115e-05,2.810302877526048e-10,1
695,4.5718409150797076e-05,2.88944781919963e-05,2.830446529064952e-10,1
696,4.5718409150797076e-05,2.883471541455699e-05,2.850591141791527e-10,1
697,4.5718409150797076e-05,2.8775161783641075e-05,2.8707363134463876e-10,1
698,4.5718409150797076e-05,2.871581626882292e-05,2.890881647101583e-10,1
699,4.5718409150797076e-05,2.8656677846219985e-05,2.911026751095859e-10,1
700,4.5718409150797076e-05,2.8597745498442066e-05,2.9311712389707e-10,1
701,4.5718409150797076e-05,2.8539018214540857e-05,2.9513147294072233e-10,1
702,4.5718409150797076e-05,2.8480494989960087e-05,2.971456846163844e-10,1
703,4.5718409150797076e-05,2.8422174826486075e-05,2.9915972180147403e-10,1
704,4.5718409150797076e-05,2.8364056732198707e-05,3.0117354786891106e-10,1
705,4.5718409150797076e-05,2.830613972142292e-05,3.0318712668111776e-10,1
706,4.5718409150797076e-05,2.824842281468056e-05,3.0520042258409776e-10,1
707,4.5718409150797076e-05,2.8190905038642763e-05,3.072134004015864e-10,1
708,4.5718409150797076e-05,2.8133585426082658e-05,3.092260254292791e-10,1
709,4.5718409150797076e-05,2.8076463015828637e-05,3.1123826342912785e-10,1
710,4.5718409150797076e-05,2.8019536852717904e-05,3.132500806237143e-10,1
711,4.5718409150797076e-05,2.7962805987550553e-05,3.1526144369068996e-10,1
712,4.5718409150797076e-05,2.790626947704402e-05,3.1727231975728766e-10,1
713,4.5718409150797076e-05,2.7849926383787952e-05,3.1928267639490205e-10,1
714,4.5718409150797076e-05,2.7793775776199447e-05,3.212924816137392e-10,1
715,4.5718409150797076e-05,2.7737816728478785e-05,3.2330170385752994e-10,1
716,4.5718409150797076e-05,2.7682048320565455e-05,3.253103119983135e-10,1
717,4.5718409150797076e-05,2.762646963809465e-05,3.2731827533128323e-10,1
718,4.5718409150797076e-05,2.7571079772354115e-05,3.29325563569699e-10,1
719,4.5718409150797076e-05,2.7515877820241382e-05,3.313321468398616e-10,1
720,4.5718409150797076e-05,2.7460862884221444e-05,3.333379956761498e-10,1
721,4.5718409150797076e-05,2.74060340722847e-05,3.353430810161212e-10,1
722,4.5718409150797076e-05,2.7351390497905373e-05,3.373473741956717e-10,1
723,4.5718409150797076e-05,2.729693128000026e-05,3.3935084694425676e-10,1
724,4.5718409150797076e-05,2.724265554288783e-05,3.413534713801715e-10,1
725,4.5718409150797076e-05,2.7188562416247727e-05,3.433552200058892e-10,1
726,4.5718409150797076e-05,2.7134651035080597e-05,3.453560657034581e-10,1
727,4.5718409150797076e-05,2.7080920539668294e-05,3.4735598172995505e-10,1
728,4.5718409150797076e-05,2.70273700755344e-05,3.4935494171299625e-10,1
729,4.5718409150797076e-05,2.6973998793405178e-05,3.513529196463007e-10,1
730,4.5718409150797076e-05,2.6920805849170752e-05,3.533498898853129e-10,1
731,4.5718409150797076e-05,2.686779040384673e-05,3.553458271428759e-10,1
732,4.5718409150797076e-05,2.6814951623536097e-05,3.5734070648495977e-10,1
733,4.5718409150797076e-05,2.6762288679391497e-05,3.5933450332644167e-10,1
734,4.5718409150797076e-05,2.6709800747577798e-05,3.613271934269386e-10,1
735,4.5718409150797076e-05,2.6657487009235025e-05,3.6331875288669046e-10,1
736,4.5718409150797076e-05,2.6605346650441577e-05,3.653091581424956e-10,1
737,4.5718409150797076e-05,2.6553378862177797e-05,3.6729838596369437e-10,1
738,4.5718409150797076e-05,2.6501582840289845e-05,3.69286413448203e-10,1
739,4.5718409150797076e-05,2.6449957785453904e-05,3.7127321801859516e-10,1
740,4.5718409150797076e-05,2.6398502903140667e-05,3.7325877741823314e-10,1
741,4.5718409150797076e-05,2.6347217403580155e-05,3.75243069707445e-10,1
742,4.5718409150797076e-05,2.6296100501726824e-05,3.7722607325974914e-10,1
743,4.5718409150797076e-05,2.624515141722501e-05,3.7920776675812426e-10,1
744,4.5718409150797076e-05,2.619436937437463e-05,3.8118812919132584e-10,1
745,4.5718409150797076e-05,2.614375360209719e-05,3.831671398502473e-10,1
746,4.5718409150797076e-05,2.6093303333902103e-05,3.851447783243249e-10,1
747,4.5718409150797076e-05,2.6043017807853297e-05,3.87121024497987e-10,1
748,4.5718409150797076e-05,2.599289626653608e-05,3.890958585471466e-10,1
749,4.5718409150797076e-05,2.5942937957024322e-05,3.91069260935736e-10,1
750,4.5718409150797076e-05,2.5893142130847918e-05,3.930412124122838e-10,1
751,4.5718409150797076e-05,2.5843508043960494e-05,3.9501169400653397e-10,1
752,4.5718409150797076e-05,2.5794034956707438e-05,3.9698068702610515e-10,1
753,4.5718409150797076e-05,2.5744722133794175e-05,3.9894817305319025e-10,1
754,4.5718409150797076e-05,2.5695568844254707e-05,4.009141339412977e-10,1
755,4.5718409150797076e-05,2.564657436142045e-05,4.028785518120299e-10,1
756,4.5718409150797076e-05,2.5597737962889316e-05,4.048414090519015e-10,1
757,4.5718409150797076e-05,2.5549058930495045e-05,4.068026883091976e-10,1
758,4.5718409150797076e-05,2.550053655027685e-05,4.0876237249086644e-10,1
759,4.5718409150797076e-05,2.5452170112449246e-05,4.1072044475945357e-10,1
760,4.5718409150797076e-05,2.540395891137219e-05,4.126768885300699e-10,1
761,4.5718409150797076e-05,2.535590224552145e-05,4.146316874673976e-10,1
762,4.5718409150797076e-05,2.530799941745925e-05,4.165848254827315e-10,1
763,3.0478939433864716e-05,2.5260249733805106e-05,2.7234722185508262e-11,1
764,3.0478939433864716e-05,2.5212652505206996e-05,2.7733778014951164e-11,1
765,3.0478939433864716e-05,2.516520704631265e-05,2.8235751886519768e-11,1
766,3.0478939433864716e-05,2.5117912675741237e-05,2.8740607901315945e-11,1
767,3.0478939433864716e-05,2.507076871605513e-05,2.924831051297305e-11,1
768,3.0478939433864716e-05,2.502377449373203e-05,2.9758824524052854e-11,1
769,3.0478939433864716e-05,2.4976929339137258e-05,3.027211508248286e-11,1
770,3.0478939433864716e-05,2.4930232586496307e-05,3.078814767803307e-11,1
771,3.0478939433864716e-05,2.4883683573867597e-05,3.13068881388321e-11,1
772,3.0478939433864716e-05,2.4837281643115496e-05,3.1828302627921376e-11,1
773,3.0478939433864716e-05,2.4791026139883515e-05,3.235235763984808e-11,1
774,3.0478939433864716e-05,2.4744916413567785e-05,3.287901999729514e-11,1
775,3.0478939433864716e-05,2.4698951817290708e-05,3.340825684774889e-11,1
776,3.0478939433864716e-05,2.4653131707874827e-05,3.394003566020349e-11,1
777,3.0478939433864716e-05,2.460745544581696e-05,3.44743242219012e-11,1
778,3.0478939433864716e-05,2.456192239526248e-05,3.5011090635109183e-11,1
779,3.0478939433864716e-05,2.4516531923979886e-05,3.555030331393102e-11,1
780,3.0478939433864716e-05,2.4471283403335508e-05,3.609193098115397e-11,1
781,3.0478939433864716e-05,2.4426176208268455e-05,3.6635942665130456e-11,1
782,3.0478939433864716e-05,2.438120971726578e-05,3.718230769669375e-11,1
783,3.0478939433864716e-05,2.433638331233784e-05,3.773099570610731e-11,1
784,3.0478939433864716e-05,2.429169637899384e-05,3.8281976620047904e-11,1
785,3.0478939433864716e-05,2.42471483062176e-05,3.8835220658621307e-11,1
786,3.0478939433864716e-05,2.420273848644352e-05,3.939069833241074e-11,1
787,3.0478939433864716e-05,2.4158466315532735e-05,3.9948380439557196e-11,1
788,3.0478939433864716e-05,2.4114331192749447e-05,4.05082380628724e-11,1
789,3.0478939433864716e-05,2.407033252073749e-05,4.1070242566982095e-11,1
790,3.0478939433864716e-05,2.4026469705497055e-05,4.1634365595501045e-11,1
791,3.0478939433864716e-05,2.3982742156361606e-05,4.2200579068238825e-11,1
792,3.0478939433864716e-05,2.3939149285975006e-05,4.276885517843532e-11,1
793,3.0478939433864716e-05,2.389569051026881e-05,4.333916639002666e-11,1
794,3.0478939433864716e-05,2.3852365248439734e-05,4.391148543494077e-11,1
795,3.0478939433864716e-05,2.3809172922927332e-05,4.448578531042185e-11,1
796,3.0478939433864716e-05,2.3766112959391836e-05,4.5062039276384e-11,1
797,3.0478939433864716e-05,2.3723184786692166e-05,4.5640220852793505e-11,1
798,3.0478939433864716e-05,2.3680387836864167e-05,4.6220303817078724e-11,1
799,3.0478939433864716e-05,2.363772154509894e-05,4.680226220156888e-11,1
800,3.0478939433864716e-05,2.3595185349721408e-05,4.738607029095968e-11,1
801,3.0478939433864716e-05,2.3552778692169072e-05,4.797170261980595e-11,1
802,3.0478939433864716e-05,2.351050101697085e-05,4.8559133970042274e-11,1
803,3.0478939433864716e-05,2.346835177172617e-05,4.914833936852919e-11,1
804,3.0478939433864716e-05,2.34263304070842e-05,4.973929408462604e-11,1
805,3.0478939433864716e-05,2.3384436376723234e-05,5.033197362778984e-11,1
806,3.0478939433864716e-05,2.334266913733026e-05,5.092635374519999e-11,1
807,3.0478939433864716e-05,2.3301028148580678e-05,5.152241041940796e-11,1
808,3.0478939433864716e-05,2.3259512873118194e-05,5.212011986601237e-11,1
809,3.0478939433864716e-05,2.3218122776534867e-05,5.271945853135861e-11,1
810,3.0478939433864716e-05,2.3176857327351292e-05,5.332040309026352e-11,1
811,3.0478939433864716e-05,2.313571599699699e-05,5.392293044376346e-11,1
812,3.0478939433864716e-05,2.30946982597909e-05,5.4527017716887065e-11,1
813,3.0478939433864716e-05,2.3053803592922065e-05,5.513264225645114e-11,1
814,3.0478939433864716e-05,2.3013031476430462e-05,5.5739781628880116e-11,1
815,3.0478939433864716e-05,2.297238139318796e-05,5.6348413618048874e-11,1
816,3.0478939433864716e-05,2.2931852828879444e-05,5.6958516223148125e-11,1
817,3.0478939433864716e-05,2.2891445271984125e-05,5.757006765657206e-11,1
818,3.0478939433864716e-05,2.2851158213756914e-05,5.818304634182928e-11,1
819,3.0478939433864716e-05,2.2810991148210025e-05,5.879743091147472e-11,1
820,3.0478939433864716e-05,2.277094357209467e-05,5.941320020506418e-11,1
821,3.0478939433864716e-05,2.2731014984882916e-05,6.003033326712994e-11,1
822,3.0478939433864716e-05,2.2691204888749697e-05,6.064880934517783e-11,1
823,3.0478939433864716e-05,2.2651512788554942e-05,6.126860788770542e-11,1
824,3.0478939433864716e-05,2.2611938191825847e-05,6.18897085422411e-11,1
825,3.0478939433864716e-05,2.25724806087393e-05,6.251209115340359e-11,1
826,3.0478939433864716e-05,2.2533139552104447e-05,6.313573576098152e-11,1
827,3.0478939433864716e-05,2.249391453734536e-05,6.376062259803398e-11,1
828,3.0478939433864716e-05,2.2454805082483856e-05,6.438673208901034e-11,1
829,3.0478939433864716e-05,2.2415810708122512e-05,6.50140448478891e-11,1
830,3.0478939433864716e-05,2.2376930937427668e-05,6.564254167633812e-11,1
831,3.0478939433864716e-05,2.2338165296112706e-05,6.627220356189198e-11,1
832,3.0478939433864716e-05,2.229951331242141e-05,6.690301167614911e-11,1
833,3.0478939433864716e-05,2.226097451711138e-05,6.753494737298868e-11,1
834,3.0478939433864716e-05,2.2222548443437717e-05,6.816799218680412e-11,1
835,3.0478939433864716e-05,2.2184234627136712e-05,6.880212783075665e-11,1
836,3.0478939433864716e-05,2.2146032606409696e-05,6.943733619504648e-11,1
837,3.0478939433864716e-05,2.2107941921907063e-05,7.007359934520122e-11,1
838,3.0478939433864716e-05,2.206996211671234e-05,7.071089952038316e-11,1
839,3.0478939433864716e-05,2.2032092736326436e-05,7.134921913171335e-11,1
840,3.0478939433864716e-05,2.1994333328651973e-05,7.198854076061337e-11,1
841,3.0478939433864716e-05,2.1956683443977767e-05,7.262884715716399e-11,1
842,3.0478939433864716e-05,2.1919142634963426e-05,7.327012123848078e-11,1
843,3.0478939433864716e-05,2.1881710456624015e-05,7.39123460871072e-11,1
844,3.0478939433864716e-05,2.1844386466314933e-05,7.455550494942277e-11,1
845,3.0478939433864716e-05,2.180717022371681e-05,7.519958123406927e-11,1
846,3.0478939433864716e-05,2.1770061290820557e-05,7.58445585103923e-11,1
847,3.0478939433864716e-05,2.1733059231912564e-05,7.649042050689861e-11,1
848,3.0478939433864716e-05,2.1696163613559946e-05,7.713715110973013e-11,1
849,3.0478939433864716e-05,2.1659374004595964e-05,7.778473436115252e-11,1
850,3.0478939433864716e-05,2.1622689976105493e-05,7.843315445806052e-11,1
851,3.0478939433864716e-05,2.1586111101410644e-05,7.908239575049789e-11,1
852,3.0478939433864716e-05,2.1549636956056496e-05,7.973244274019203e-11,1
853,3.0478939433864716e-05,2.151326711779691e-05,8.03832800791047e-11,1
854,3.0478939433864716e-05,2.1477001166580465e-05,8.103489256799659e-11,1
855,3.0478939433864716e-05,2.14408386845365e-05,8.168726515500726e-11,1
856,3.0478939433864716e-05,2.1404779255961245e-05,8.234038293424915e-11,1
857,3.0478939433864716e-05,2.13688224673041e-05,8.29942311444156e-11,1
858,3.0478939433864716e-05,2.1332967907153957e-05,8.364879516740393e-11,1
859,3.0478939433864716e-05,2.1297215166225663e-05,8.430406052695191e-11,1
860,3.0478939433864716e-05,2.1261563837346582e-05,8.496001288728803e-11,1
861,3.0478939433864716e-05,2.1226013515443244e-05,8.561663805179586e-11,1
862,3.0478939433864716e-05,2.1190563797528105e-05,8.627392196169154e-11,1
863,3.0478939433864716e-05,2.1155214282686406e-05,8.6931850694715e-11,1
864,3.0478939433864716e-05,2.1119964572063104e-05,8.75904104638345e-11,1
865,3.0478939433864716e-05,2.1084814268849948e-05,8.824958761596375e-11,1
866,3.0478939433864716e-05,2.104976297827262e-05,8.890936863069231e-11,1
867,3.0478939433864716e-05,2.1014810307577956e-05,8.956974011902939e-11,1
868,3.0478939433864716e-05,2.0979955866021304e-05,9.023068882215917e-11,1
869,3.0478939433864716e-05,2.0945199264853943e-05,9.089220161020958e-11,1
870,3.0478939433864716e-05,2.0910540117310613e-05,9.155426548103304e-11,1
871,3.0478939433864716e-05,2.0875978038597117e-05,9.221686755899983e-11,1
872,3.0478939433864716e-05,2.0841512645878055e-05,9.28799950938029e-11,1
873,3.0478939433864716e-05,2.080714355826458e-05,9.354363545927582e-11,1
874,3.0478939433864716e-05,2.0772870396802322e-05,9.420777615222132e-11,1
875,3.0478939433864716e-05,2.0738692784459347e-05,9.487240479125252e-11,1
876,3.0478939433864716e-05,2.070461034611423e-05,9.553750911564527e-11,1
877,3.0478939433864716e-05,2.067062270854418e-05,9.620307698420257e-11,1
878,3.0478939433864716e-05,2.0636729500413328e-05,9.68690963741292e-11,1
879,3.0478939433864716e-05,2.060293035226101e-05,9.753555537991888e-11,1
880,3.0478939433864716e-05,2.0569224896490197e-05,9.820244221225189e-11,1
881,3.0478939433864716e-05,2.053561276735598e-05,9.886974519690375e-11,1
882,3.0478939433864716e-05,2.0502093600954168e-05,9.953745277366458e-11,1
883,3.0478939433864716e-05,2.046866703520992e-05,1.0020555349527008e-10,1
884,3.0478939433864716e-05,2.0435332709866524e-05,1.0087403602634171e-10,1
885,3.0478939433864716e-05,2.0402090266474195e-05,1.0154288914233904e-10,1
886,3.0478939433864716e-05,2.0368939348379014e-05,1.022121017285209e-10,1
887,3.0478939433864716e-05,2.033587960071188e-05,1.0288166277891846e-10,1
888,3.0478939433864716e-05,2.0302910670377608e-05,1.0355156139531697e-10,1
889,3.0478939433864716e-05,2.0270032206044056e-05,1.0422178678624892e-10,1
890,3.0478939433864716e-05,2.023724385813138e-05,1.0489232826599578e-10,1
891,3.0478939433864716e-05,2.0204545278801304e-05,1.0556317525360122e-10,1
892,3.0478939433864716e-05,2.0171936121946518e-05,1.0623431727189271e-10,1
893,3.0478939433864716e-05,2.0139416043180147e-05,1.0690574394651335e-10,1
894,3.0478939433864716e-05,2.0106984699825254e-05,1.0757744500496362e-10,1
895,3.0478939433864716e-05,2.0074641750904487e-05,1.0824941027565159e-10,1
896,3.0478939433864716e-05,2.0042386857129727e-05,1.0892162968695374e-10,1
897,3.0478939433864716e-05,2.0010219680891872e-05,1.0959409326628381e-10,1
898,3.0478939433864716e-05,1.9978139886250655e-05,1.1026679113917168e-10,1
899,3.0478939433864716e-05,1.9946147138924558e-05,1.1093971352835078e-10,1
900,3.0478939433864716e-05,1.991424110628077e-05,1.1161285075285503e-10,1
901,3.0478939433864716e-05,1.988242145732525e-05,1.1228619322712406e-10,1
902,3.0478939433864716e-05,1.9850687862692852e-05,1.129597314601172e-10,1
903,3.0478939433864716e-05,1.9819039994637496e-05,1.1363345605443681e-10,1
904,3.0478939433864716e-05,1.9787477527022436e-05,1.1430735770545956e-10,1
905,3.0478939433864716e-05,1.9756000135310595e-05,1.1498142720047636e-10,1
906,3.0478939433864716e-05,1.9724607496554946e-05,1.1565565541784093e-10,1
907,3.0478939433864716e-05,1.9693299289389004e-05,1.1633003332612608e-10,1
908,3.0478939433864716e-05,1.9662075194017326e-05,1.1700455198328927e-10,1
909,3.0478939433864716e-05,1.9630934892206134e-05,1.1767920253584522e-10,1
910,3.0478939433864716e-05,1.959987806727398e-05,1.183539762180471e-10,1
911,3.0478939433864716e-05,1.9568904404082467e-05,1.1902886435107576e-10,1
912,3.0478939433864716e-05,1.9538013589027058e-05,1.1970385834223665e-10,1
913,3.0478939433864716e-05,1.9507205310027932e-05,1.2037894968416453e-10,1
914,3.0478939433864716e-05,1.947647925652092e-05,1.2105412995403606e-10,1
915,3.0478939433864716e-05,1.944583511944848e-05,1.2172939081279018e-10,1
916,3.0478939433864716e-05,1.941527259125078e-05,1.2240472400435503e-10,1
917,3.0478939433864716e-05,1.938479136585677e-05,1.2308012135488446e-10,1
918,3.0478939433864716e-05,1.9354391138675412e-05,1.2375557477199925e-10,1
919,3.0478939433864716e-05,1.9324071606586888e-05,1.2443107624403798e-10,1
920,3.0478939433864716e-05,1.9293832467933915e-05,1.2510661783931375e-10,1
921,3.0478939433864716e-05,1.92636734225131e-05,1.2578219170537877e-10,1
922,3.0478939433864716e-05,1.9233594171566383e-05,1.2645779006829557e-10,1
923,3.0478939433864716e-05,1.9203594417772493e-05,1.2713340523191575e-10,1
924,3.0478939433864716e-05,1.9173673865238516e-05,1.278090295771651e-10,1
925,3.0478939433864716e-05,1.9143832219491477e-05,1.2848465556133625e-10,1
926,3.0478939433864716e-05,1.9114069187470013e-05,1.291602757173876e-10,1
927,3.0478939433864716e-05,1.9084384477516087e-05,1.2983588265324911e-10,1
928,3.0478939433864716e-05,1.9054777799366764e-05,1.3051146905113492e-10,1
929,3.0478939433864716e-05,1.902524886414605e-05,1.3118702766686234e-10,1
930,3.0478939433864716e-05,1.899579738435676e-05,1.3186255132917782e-10,1
931,3.0478939433864716e-05,1.896642307387249e-05,1.3253803293908868e-10,1
932,3.0478939433864716e-05,1.8937125647929597e-05,1.33213465469202e-10,1
933,3.0478939433864716e-05,1.8907904823119276e-05,1.338888419630689e-10,1
934,3.0478939433864716e-05,1.887876031737964e-05,1.3456415553453647e-10,1
935,3.0478939433864716e-05,1.8849691849987922e-05,1.3523939936710427e-10,1
936,3.0478939433864716e-05,1.8820699141552658e-05,1.3591456671328835e-10,1
937,3.0478939433864716e-05,1.8791781914005992e-05,1.3658965089399032e-10,1
938,3.0478939433864716e-05,1.8762939890595983e-05,1.3726464529787315e-10,1
939,3.0478939433864716e-05,1.8734172795878972e-05,1.3793954338074296e-10,1
940,3.0478939433864716e-05,1.870548035571205e-05,1.3861433866493545e-10,1
941,3.0478939433864716e-05,1.8676862297245505e-05,1.3928902473870992e-10,1
942,3.0478939433864716e-05,1.8648318348915363e-05,1.3996359525564822e-10,1
943,3.0478939433864716e-05,1.8619848240435986e-05,1.4063804393405887e-10,1
944,3.0478939433864716e-05,1.85914517027927e-05,1.4131236455638776e-10,1
945,3.0478939433864716e-05,1.8563128468234462e-05,1.4198655096863421e-10,1
946,3.0478939433864716e-05,1.853487827026663e-05,1.4266059707977211e-10,1
947,3.0478939433864716e-05,1.8506700843643725e-05,1.4333449686117672e-10,1
948,3.0478939433864716e-05,1.847859592436226e-05,1.4400824434605773e-10,1
949,3.0478939433864716e-05,1.845056324965364e-05,1.4468183362889625e-10,1
950,3.0478939433864716e-05,1.8422602557977073e-05,1.4535525886488823e-10,1
951,3.0478939433864716e-05,1.8394713589012574e-05,1.4602851426939248e-10,1
952,3.0478939433864716e-05,1.8366896083653957e-05,1.4670159411738466e-10,1
953,3.0478939433864716e-05,1.833914978400194e-05,1.4737449274291543e-10,1
954,3.0478939433864716e-05,1.8311474433357226e-05,1.4804720453857475e-10,1
955,3.0478939433864716e-05,1.8283869776213734e-05,1.4871972395495965e-10,1
956,3.0478939433864716e-05,1.8256335558251727e-05,1.4939204550014966e-10,1
957,3.0478939433864716e-05,1.8228871526331144e-05,1.5006416373918395e-10,1
958,3.0478939433864716e-05,1.8201477428484856e-05,1.5073607329354607e-10,1
959,3.0478939433864716e-05,1.8174153013912026e-05,1.5140776884065215e-10,1
960,3.0478939433864716e-05,1.8146898032971515e-05,1.5207924511334396e-10,1
961,3.0478939433864716e-05,1.8119712237175305e-05,1.5275049689938722e-10,1
962,3.0478939433864716e-05,1.8092595379181983e-05,1.534215190409743e-10,1
963,3.0478939433864716e-05,1.8065547212790265e-05,1.540923064342317e-10,1
964,3.0478939433864716e-05,1.8038567492932565e-05,1.5476285402873199e-10,1
965,3.0478939433864716e-05,1.8011655975668605e-05,1.554331568270104e-10,1
966,3.0478939433864716e-05,1.7984812418179062e-05,1.561032098840861e-10,1
967,3.0478939433864716e-05,1.7958036578759285e-05,1.5677300830698735e-10,1
968,3.0478939433864716e-05,1.7931328216812996e-05,1.5744254725428215e-10,1
969,3.0478939433864716e-05,1.7904687092846096e-05,1.5811182193561225e-10,1
970,3.0478939433864716e-05,1.787811296846049e-05,1.5878082761123155e-10,1
971,3.0478939433864716e-05,1.785160560634792e-05,1.5944955959155e-10,1
972,3.0478939433864716e-05,1.7825164770283886e-05,1.6011801323668015e-10,1
973,3.0478939433864716e-05,1.77987902251216e-05,1.6078618395598868e-10,1
974,3.0478939433864716e-05,1.7772481736785935e-05,1.614540672076526e-10,1
975,3.0478939433864716e-05,1.774623907226748e-05,1.6212165849821842e-10,1
976,3.0478939433864716e-05,1.772006199961657e-05,1.6278895338216654e-10,1
977,3.0478939433864716e-05,1.769395028793742e-05,1.634559474614788e-10,1
978,3.0478939433864716e-05,1.7667903707382234e-05,1.6412263638521054e-10,1
979,3.0478939433864716e-05,1.7641922029145412e-05,1.6478901584906633e-10,1
980,3.0478939433864716e-05,1.7616005025457737e-05,1.654550815949802e-10,1
981,3.0478939433864716e-05,1.7590152469580648e-05,1.6612082941069895e-10,1
982,3.0478939433864716e-05,1.7564364135800526e-05,1.6678625512936977e-10,1
983,3.0478939433864716e-05,1.7538639799423023e-05,1.6745135462913183e-10,1
984,3.0478939433864716e-05,1.751297923676743e-05,1.6811612383271112e-10,1
985,3.0478939433864716e-05,1.7487382225161075e-05,1.6878055870701956e-10,1
986,3.0478939433864716e-05,1.7461848542933778e-05,1.6944465526275722e-10,1
987,3.0478939433864716e-05,1.7436377969412303e-05,1.7010840955401908e-10,1
988,3.0478939433864716e-05,1.741097028491488e-05,1.7077181767790468e-10,1
989,3.0478939433864716e-05,1.7385625270745774e-05,1.714348757741311e-10,1
990,3.0478939433864716e-05,1.7360342709189833e-05,1.7209758002465058e-10,1
991,3.0478939433864716e-05,1.7335122383507126e-05,1.727599266532709e-10,1
992,3.0478939433864716e-05,1.7309964077927594e-05,1.7342191192527928e-10,1
993,3.0478939433864716e-05,1.728486757764573e-05,1.7408353214706993e-10,1
994,3.0478939433864716e-05,1.7259832668815326e-05,1.7474478366577458e-10,1
995,3.0478939433864716e-05,1.723485913854419e-05,1.7540566286889746e-10,1
996,3.0478939433864716e-05,1.720994677488897e-05,1.7606616618395221e-10,1
997,3.0478939433864716e-05,1.7185095366849968e-05,1.767262900781032e-10,1
998,3.0478939433864716e-05,1.716030470436598e-05,1.7738603105780993e-10,1
999,3.0478939433864716e-05,1.7135574578309212e-05,1.7804538566847377e-10,1
1000,3.0478939433864716e-05,1.7110904780480196e-05,1.7870435049408938e-10,1
1001,3.0478939433864716e-05,1.708629510360274e-05,1.7936292215689826e-10,1
1002,3.0478939433864716e-05,1.706174534131892e-05,1.8002109731704587e-10,1
1003,3.0478939433864716e-05,1.7037255288184096e-05,1.8067887267224176e-10,1
1004,3.0478939433864716e-05,1.701282473966197e-05,1.8133624495742314e-10,1
1005,3.0478939433864716e-05,1.6988453492119674e-05,1.819932109444206e-10,1
1006,3.0478939433864716e-05,1.6964141342822878e-05,1.8264976744162812e-10,1
1007,3.0478939433864716e-05,1.6939888089930935e-05,1.833059112936751e-10,1
1008,3.0478939433864716e-05,1.6915693532492076e-05,1.8396163938110173e-10,1
1009,3.0478939433864716e-05,1.6891557470438594e-05,1.846169486200375e-10,1
1010,3.0478939433864716e-05,1.68674797045821e-05,1.8527183596188238e-10,1
1011,3.0478939433864716e-05,1.6843460036608794e-05,1.8592629839299074e-10,1
1012,3.0478939433864716e-05,1.681949826907475e-05,1.865803329343587e-10,1
1013,3.0478939433864716e-05,1.6795594205401257e-05,1.8723393664131373e-10,1
1014,3.0478939433864716e-05,1.6771747649870185e-05,1.8788710660320717e-10,1
1015,3.0478939433864716e-05,1.6747958407619354e-05,1.8853983994311015e-10,1
1016,3.0478939433864716e-05,1.6724226284637967e-05,1.8919213381751124e-10,1
1017,3.0478939433864716e-05,1.670055108776205e-05,1.8984398541601778e-10,1
1018,3.0478939433864716e-05,1.6676932624669936e-05,1.9049539196105907e-10,1
1019,3.0478939433864716e-05,1.6653370703877752e-05,1.9114635070759336e-10,1
1020,3.0478939433864716e-05,1.662986513473498e-05,1.9179685894281584e-10,1
1021,3.0478939433864716e-05,1.660641572741998e-05,1.924469139858712e-10,1
1022,3.0478939433864716e-05,1.658302229293562e-05,1.9309651318756711e-10,1
1023,3.0478939433864716e-05,1.6559684643104862e-05,1.9374565393009116e-10,1
1024,3.0478939433864716e-05,1.6536402590566413e-05,1.9439433362673063e-10,1
1025,3.0478939433864716e-05,1.6513175948770408e-05,1.950425497215935e-10,1
1026,3.0478939433864716e-05,1.64900045319741e-05,1.9569029968933344e-10,1
1027,3.0478939433864716e-05,1.646688815523758e-05,1.963375810348764e-10,1
1028,3.0478939433864716e-05,1.6443826634419537e-05,1.969843912931499e-10,1
1029,3.0478939433864716e-05,1.6420819786173046e-05,1.9763072802881458e-10,1
1030,3.0478939433864716e-05,1.639786742794135e-05,1.9827658883599868e-10,1
1031,3.0478939433864716e-05,1.6374969377953704e-05,1.9892197133803447e-10,1
1032,3.0478939433864716e-05,1.635212545522125e-05,1.9956687318719647e-10,1
1033,3.0478939433864716e-05,1.6329335479532862e-05,2.0021129206444365e-10,1
1034,3.0478939433864716e-05,1.630659927145109e-05,2.008552256791623e-10,1
1035,3.0478939433864716e-05,1.6283916652308078e-05,2.0149867176891196e-10,1
1036,3.0478939433864716e-05,1.6261287444201527e-05,2.0214162809917365e-10,1
1037,3.0478939433864716e-05,1.6238711469990675e-05,2.0278409246310023e-10,1
1038,3.0478939433864716e-05,1.6216188553292315e-05,2.034260626812688e-10,1
1039,3.0478939433864716e-05,1.619371851847683e-05,2.0406753660143555e-10,1
1040,3.0478939433864716e-05,1.617130119066424e-05,2.0470851209829276e-10,1
1041,3.0478939433864716e-05,1.614893639572029e-05,2.0534898707322847e-10,1
1042,3.0478939433864716e-05,1.612662396025258e-05,2.0598895945408633e-10,1
1043,3.0478939433864716e-05,1.6104363711606653e-05,2.0662842719493092e-10,1
1044,3.0478939433864716e-05,1.6082155477862192e-05,2.0726738827581168e-10,1
1045,3.0478939433864716e-05,1.6059999087829164e-05,2.0790584070253185e-10,1
1046,3.0478939433864716e-05,1.603789437104407e-05,2.0854378250641652e-10,1
1047,3.0478939433864716e-05,1.6015841157766113e-05,2.091812117440864e-10,1
1048,3.0478939433864716e-05,1.599383927897348e-05,2.0981812649723015e-10,1
1049,3.0478939433864716e-05,1.5971888566359628e-05,2.1045452487238015e-10,1
1050,3.0478939433864716e-05,1.5949988852329548e-05,2.1109040500069112e-10,1
1051,3.0478939433864716e-05,1.5928139969996088e-05,2.1172576503771957e-10,1
1052,3.0478939433864716e-05,1.590634175317632e-05,2.1236060316320485e-10,1
1053,3.0478939433864716e-05,1.588459403638787e-05,2.1299491758085364e-10,1
1054,3.0478939433864716e-05,1.5862896654845318e-05,2.136287065181251e-10,1
1055,3.0478939433864716e-05,1.5841249444456616e-05,2.142619682260181e-10,1
1056,3.0478939433864716e-05,1.5819652241819486e-05,2.1489470097886133e-10,1
1057,3.0478939433864716e-05,1.5798104884217905e-05,2.155269030741035e-10,1
1058,3.0478939433864716e-05,1.5776607209618553e-05,2.1615857283210713e-10,1
1059,3.0478939433864716e-05,1.575515905666732e-05,2.1678970859594312e-10,1
1060,3.0478939433864716e-05,1.5733760264685808e-05,2.174203087311876e-10,1
1061,3.0478939433864716e-05,1.5712410673667884e-05,2.1805037162572018e-10,1
1062,3.0478939433864716e-05,1.5691110124276234e-05,2.1867989568952417e-10,1
1063,3.0478939433864716e-05,1.566985845783892e-05,2.193088793544892e-10,1
1064,3.0478939433864716e-05,1.5648655516345997e-05,2.1993732107421435e-10,1
1065,3.0478939433864716e-05,1.5627501142446142e-05,2.2056521932381384e-10,1
1066,3.0478939433864716e-05,1.560639517944327e-05,2.211925725997244e-10,1
1067,3.0478939433864716e-05,1.558533747129321e-05,2.2181937941951382e-10,1
1068,3.0478939433864716e-05,1.5564327862600376e-05,2.2244563832169216e-10,1
1069,3.0478939433864716e-05,1.5543366198614482e-05,2.2307134786552314e-10,1
1070,3.0478939433864716e-05,1.5522452325227232e-05,2.2369650663083924e-10,1
1071,1.5239469716932358e-05,1.5501586088969097e-05,6.870499248970233e-14,1
1072,1.5239469716932358e-05,1.548076733700605e-05,5.822454145322773e-14,1
1073,1.5239469716932358e-05,1.5459995917136346e-05,4.8631804976409203e-14,1
1074,1.5239469716932358e-05,1.5439271677787335e-05,3.992082356149374e-14,1
1075,1.5239469716932358e-05,1.541859446801226e-05,3.2085676449437346e-14,1
1076,1.5239469716932358e-05,1.539796413748711e-05,2.5120481346986688e-14,1
1077,1.5239469716932358e-05,1.5377380536507455e-05,1.9019394155874897e-14,1
1078,1.5239469716932358e-05,1.535684351598535e-05,1.3776608704131832e-14,1
1079,1.5239469716932358e-05,1.533635292744619e-05,9.386356479467313e-15,1
1080,1.5239469716932358e-05,1.5315908623025664e-05,5.8429063647412355e-15,1
1081,1.5239469716932358e-05,1.5295510455466645e-05,3.1405643754682654e-15,1
1082,1.5239469716932358e-05,1.5275158278116154e-05,1.2736733993695377e-15,1
1083,1.5239469716932358e-05,1.5254851944922337e-05,2.3661293793569244e-16,1
1084,1.5239469716932358e-05,1.5234591310431433e-05,2.3798849988272252e-17,1
1085,1.5239469716932358e-05,1.521437622978478e-05,6.29683097225635e-16,1
1086,1.5239469716932358e-05,1.5194206558715831e-05,2.0487534917343385e-15,1
1087,1.5239469716932358e-05,1.517408215354721e-05,4.27553344544671e-15,1
1088,1.5239469716932358e-05,1.5154002871187741e-05,7.304581721534104e-15,1
1089,1.5239469716932358e-05,1.5133968569129537e-05,1.1130492187712753e-14,1
1090,1.5239469716932358e-05,1.5113979105445079e-05,1.5747893571451262e-14,1
1091,1.5239469716932358e-05,1.5094034338784337e-05,2.1151449217057938e-14,1
1092,1.5239469716932358e-05,1.507413412837188e-05,2.7335856844639718e-14,1
1093,1.5239469716932358e-05,1.5054278334004021e-05,3.429584831090991e-14,1
1094,1.5239469716932358e-05,1.5034466816045975e-05,4.202618937183226e-14,1
1095,1.5239469716932358e-05,1.5014699435429043e-05,5.052167944707969e-14,1
1096,1.5239469716932358e-05,1.4994976053647776e-05,5.977715138631469e-14,1
1097,1.5239469716932358e-05,1.4975296532757215e-05,6.978747123723435e-14,1
1098,1.5239469716932358e-05,1.495566073537009e-05,8.054753801541184e-14,1
1099,1.5239469716932358e-05,1.4936068524654078e-05,9.205228347588208e-14,1
1100,1.5239469716932358e-05,1.4916519764329039e-05,1.0429667188648624e-13,1
1101,1.5239469716932358e-05,1.489701431866431e-05,1.1727569980292775e-13,1
1102,1.5239469716932358e-05,1.487755205247598e-05,1.309843958455597e-13,1
1103,1.5239469716932358e-05,1.4858132831124195e-05,1.4541782047786822e-13,1
1104,1.5239469716932358e-05,1.4838756520510476e-05,1.6057106578664174e-13,1
1105,1.5239469716932358e-05,1.481942298707507e-05,1.764392552638013e-13,1
1106,1.5239469716932358e-05,1.4800132097794275e-05,1.9301754358991914e-13,1
1107,1.5239469716932358e-05,1.4780883720177827e-05,2.1030111641934727e-13,1
1108,1.5239469716932358e-05,1.4761677722266268e-05,2.28285190167001e-13,1
1109,1.5239469716932358e-05,1.4742513972628357e-05,2.4696501179674366e-13,1
1110,1.5239469716932358e-05,1.4723392340358467e-05,2.663358586113899e-13,1
1111,1.5239469716932358e-05,1.4704312695074026e-05,2.863930380442799e-13,1
1112,1.5239469716932358e-05,1.4685274906912944e-05,3.0713188745245454e-13,1
1113,1.5239469716932358e-05,1.4666278846531079e-05,3.2854777391137617e-13,1
1114,1.5239469716932358e-05,1.4647324385099704e-05,3.506360940112036e-13,1
1115,1.5239469716932358e-05,1.4628411394302999e-05,3.7339227365460607e-13,1
1116,1.5239469716932358e-05,1.4609539746335546e-05,3.9681176785610095e-13,1
1117,1.5239469716932358e-05,1.4590709313899845e-05,4.2089006054290927e-13,1
1118,1.5239469716932358e-05,1.4571919970203837e-05,4.456226643573125e-13,1
1119,1.5239469716932358e-05,1.4553171588958465e-05,4.710051204604704e-13,1
1120,1.5239469716932358e-05,1.453446404437521e-05,4.970329983377567e-13,1
1121,1.5239469716932358e-05,1.451579721116367e-05,5.237018956055323e-13,1
1122,1.5239469716932358e-05,1.4497170964529157e-05,5.510074378193494e-13,1
1123,1.5239469716932358e-05,1.4478585180170279e-05,5.789452782836441e-13,1
1124,1.5239469716932358e-05,1.4460039734276564e-05,6.075110978628118e-13,1
1125,1.5239469716932358e-05,1.4441534503526083e-05,6.367006047937181e-13,1
1126,1.5239469716932358e-05,1.4423069365083084e-05,6.665095344996194e-13,1
1127,1.5239469716932358e-05,1.440464419659566e-05,6.969336494054378e-13,1
1128,1.5239469716932358e-05,1.4386258876193408e-05,7.279687387544658e-13,1
1129,1.5239469716932358e-05,1.4367913282485102e-05,7.596106184264137e-13,1
1130,1.5239469716932358e-05,1.43496072945564e-05,7.91855130756808e-13,1
1131,1.5239469716932358e-05,1.4331340791967544e-05,8.246981443577485e-13,1
1132,1.5239469716932358e-05,1.4313113654751073e-05,8.581355539400163e-13,1
1133,1.5239469716932358e-05,1.4294925763409577e-05,8.921632801364467e-13,1
1134,1.5239469716932358e-05,1.4276776998913415e-05,9.267772693267004e-13,1
1135,1.5239469716932358e-05,1.4258667242698498e-05,9.61973493463262e-13,1
1136,1.5239469716932358e-05,1.424059637666404e-05,9.977479498987874e-13,1
1137,1.5239469716932358e-05,1.4222564283170355e-05,1.0340966612146887e-12,1
1138,1.5239469716932358e-05,1.4204570845036647e-05,1.0710156750510151e-12,1
1139,1.5239469716932358e-05,1.4186615945538832e-05,1.1085010639375716e-12,1
1140,1.5239469716932358e-05,1.4168699468407329e-05,1.1465489251263536e-12,1
1141,1.5239469716932358e-05,1.4150821297824927e-05,1.1851553804251094e-12,1
1142,1.5239469716932358e-05,1.4132981318424604e-05,1.224316576032254e-12,1
1143,1.5239469716932358e-05,1.411517941528741e-05,1.2640286823728874e-12,1
1144,1.5239469716932358e-05,1.4097415473940312e-05,1.3042878939361355e-12,1
1145,1.5239469716932358e-05,1.4079689380354095e-05,1.3450904291135885e-12,1
1146,1.5239469716932358e-05,1.4062001020941241e-05,1.3864325300390222e-12,1
1147,1.5239469716932358e-05,1.4044350282553846e-05,1.4283104624292157e-12,1
1148,1.5239469716932358e-05,1.4026737052481533e-05,1.4707205154259972e-12,1
1149,1.5239469716932358e-05,1.4009161218449372e-05,1.5136590014394611e-12,1
1150,1.5239469716932358e-05,1.3991622668615842e-05,1.5571222559922426e-12,1
1151,1.5239469716932358e-05,1.3974121291570756e-05,1.6011066375650857e-12,1
1152,1.5239469716932358e-05,1.3956656976333251e-05,1.645608527443392e-12,1
1153,1.5239469716932358e-05,1.393922961234974e-05,1.6906243295650187e-12,1
1154,1.5239469716932358e-05,1.3921839089491919e-05,1.7361504703690862e-12,1
1155,1.5239469716932358e-05,1.390448529805474e-05,1.7821833986460103e-12,1
1156,1.5239469716932358e-05,1.3887168128754447e-05,1.828719585388502e-12,1
1157,1.5239469716932358e-05,1.3869887472726572e-05,1.8757555236437565e-12,1
1158,1.5239469716932358e-05,1.3852643221523982e-05,1.923287728366678e-12,1
1159,1.5239469716932358e-05,1.3835435267114903e-05,1.9713127362742035e-12,1
1160,1.5239469716932358e-05,1.3818263501881002e-05,2.0198271057006006e-12,1
1161,1.5239469716932358e-05,1.3801127818615417e-05,2.068827416453983e-12,1
1162,1.5239469716932358e-05,1.3784028110520848e-05,2.118310269673719e-12,1
1163,1.5239469716932358e-05,1.3766964271207641e-05,2.168272287688948e-12,1
1164,1.5239469716932358e-05,1.3749936194691885e-05,2.218710113878109e-12,1
1165,1.5239469716932358e-05,1.3732943775393507e-05,2.2696204125295212e-12,1
1166,1.5239469716932358e-05,1.3715986908134401e-05,2.320999868702912e-12,1
1167,1.5239469716932358e-05,1.3699065488136546e-05,2.372845188092021e-12,1
1168,1.5239469716932358e-05,1.3682179411020146e-05,2.425153096888152e-12,1
1169,1.5239469716932358e-05,1.3665328572801781e-05,2.477920341644722e-12,1
1170,1.5239469716932358e-05,1.3648512869892555e-05,2.531143689142832e-12,1
1171,1.5239469716932358e-05,1.3631732199096271e-05,2.5848199262577425e-12,1
1172,1.5239469716932358e-05,1.3614986457607611e-05,2.6389458598263538e-12,1
1173,1.5239469716932358e-05,1.3598275543010315e-05,2.693518316515658e-12,1
1174,1.5239469716932358e-05,1.3581599353275378e-05,2.748534142692127e-12,1
1175,1.5239469716932358e-05,1.3564957786759272e-05,2.803990204291993e-12,1
1176,1.5239469716932358e-05,1.3548350742202148e-05,2.859883386692558e-12,1
1177,1.5239469716932358e-05,1.3531778118726068e-05,2.916210594584352e-12,1
1178,1.5239469716932358e-05,1.3515239815833248e-05,2.9729687518442465e-12,1
1179,1.5239469716932358e-05,1.3498735733404285e-05,3.0301548014095157e-12,1
1180,1.5239469716932358e-05,1.3482265771696438e-05,3.087765705152682e-12,1
1181,1.5239469716932358e-05,1.3465829831341882e-05,3.145798443757397e-12,1
1182,1.5239469716932358e-05,1.3449427813345973e-05,3.204250016595168e-12,1
1183,1.5239469716932358e-05,1.343305961908555e-05,3.263117441602913e-12,1
1184,1.5239469716932358e-05,1.3416725150307213e-05,3.3223977551614895e-12,1
1185,1.5239469716932358e-05,1.3400424309125643e-05,3.382088011974966e-12,1
1186,1.5239469716932358e-05,1.3384156998021896e-05,3.442185284950933e-12,1
1187,1.5239469716932358e-05,1.3367923119841732e-05,3.5026866650815014e-12,1
1188,1.5239469716932358e-05,1.3351722577793948e-05,3.5635892613252514e-12,1
1189,1.5239469716932358e-05,1.3335555275448716e-05,3.624890200489969e-12,1
1190,1.5239469716932358e-05,1.3319421116735927e-05,3.6865866271162766e-12,1
1191,1.5239469716932358e-05,1.3303320005943549e-05,3.74867570336205e-12,1
1192,1.5239469716932358e-05,1.3287251847716006e-05,3.811154608887633e-12,1
1193,1.5239469716932358e-05,1.3271216547052532e-05,3.874020540741983e-12,1
1194,1.5239469716932358e-05,1.3255214009305566e-05,3.937270713249501e-12,1
1195,1.5239469716932358e-05,1.323924414017915e-05,4.000902357897701e-12,1
1196,1.5239469716932358e-05,1.3223306845727318e-05,4.064912723225752e-12,1
1197,1.5239469716932358e-05,1.3207402032352512e-05,4.1292990747136974e-12,1
1198,1.5239469716932358e-05,1.3191529606803998e-05,4.194058694672558e-12,1
1199,1.5239469716932358e-05,1.3175689476176297e-05,4.259188882135147e-12,1
1200,1.5239469716932358e-05,1.315988154790762e-05,4.324686952747665e-12,1
1201,1.5239469716932358e-05,1.3144105729778299e-05,4.3905502386621575e-12,1
1202,1.5239469716932358e-05,1.3128361929909257e-05,4.456776088429574e-12,1
1203,1.5239469716932358e-05,1.3112650056760461e-05,4.523361866893704e-12,1
1204,1.5239469716932358e-05,1.3096970019129378e-05,4.5903049550858606e-12,1
1205,1.5239469716932358e-05,1.3081321726149477e-05,4.657602750120185e-12,1
1206,1.5239469716932358e-05,1.3065705087288688e-05,4.7252526650898825e-12,1
1207,1.5239469716932358e-05,1.3050120012347913e-05,4.7932521289639985e-12,1
1208,1.5239469716932358e-05,1.3034566411459518e-05,4.861598586485057e-12,1
1209,1.5239469716932358e-05,1.3019044195085846e-05,4.930289498067357e-12,1
1210,1.5239469716932358e-05,1.3003553274017725e-05,4.999322339696026e-12,1
1211,1.5239469716932358e-05,1.2988093559373007e-05,5.068694602826707e-12,1
1212,1.5239469716932358e-05,1.2972664962595089e-05,5.138403794286047e-12,1
1213,1.5239469716932358e-05,1.2957267395451455e-05,5.208447436172823e-12,1
1214,1.5239469716932358e-05,1.2941900770032232e-05,5.278823065759755e-12,1
1215,1.5239469716932358e-05,1.2926564998748738e-05,5.349528235396053e-12,1
1216,1.5239469716932358e-05,1.2911259994332038e-05,5.420560512410657e-12,1
1217,1.5239469716932358e-05,1.289598566983154e-05,5.4919174790160334e-12,1
1218,1.5239469716932358e-05,1.2880741938613542e-05,5.563596732212819e-12,1
1219,1.5239469716932358e-05,1.2865528714359843e-05,5.635595883694999e-12,1
1220,1.5239469716932358e-05,1.2850345911066327e-05,5.707912559755791e-12,1
1221,1.5239469716932358e-05,1.2835193443041558e-05,5.780544401194228e-12,1
1222,1.5239469716932358e-05,1.2820071224905396e-05,5.853489063222338e-12,1
1223,1.5239469716932358e-05,1.2804979171587614e-05,5.92674421537295e-12,1
1224,1.5239469716932358e-05,1.2789917198326518e-05,6.0003075414082164e-12,1
1225,1.5239469716932358e-05,1.2774885220667569e-05,6.074176739228764e-12,1
1226,1.5239469716932358e-05,1.2759883154462036e-05,6.148349520783388e-12,1
1227,1.5239469716932358e-05,1.2744910915865631e-05,6.222823611979468e-12,1
1228,1.5239469716932358e-05,1.272996842133716e-05,6.297596752593976e-12,1
1229,1.5239469716932358e-05,1.2715055587637184e-05,6.372666696185111e-12,1
1230,1.5239469716932358e-05,1.2700172331826686e-05,6.448031210004504e-12,1
1231,1.5239469716932358e-05,1.2685318571265738e-05,6.523688074910108e-12,1
1232,1.5239469716932358e-05,1.267049422361219e-05,6.599635085279599e-12,1
1233,1.5239469716932358e-05,1.2655699206820347e-05,6.675870048924483e-12,1
1234,1.5239469716932358e-05,1.2640933439139666e-05,6.752390787004701e-12,1
1235,1.5239469716932358e-05,1.262619683911346e-05,6.829195133943863e-12,1
1236,1.5239469716932358e-05,1.2611489325577596e-05,6.9062809373451315e-12,1
1237,1.5239469716932358e-05,1.2596810817659222e-05,6.9836460579075035e-12,1
1238,1.5239469716932358e-05,1.258216123477547e-05,7.061288369342941e-12,1
1239,1.5239469716932358e-05,1.2567540496632202e-05,7.1392057582937985e-12,1
1240,1.5239469716932358e-05,1.2552948523222718e-05,7.217396124251068e-12,1
1241,1.5239469716932358e-05,1.2538385234826533e-05,7.295857379472896e-12,1
1242,1.5239469716932358e-05,1.2523850552008086e-05,7.374587448904003e-12,1
1243,1.5239469716932358e-05,1.2509344395615516e-05,7.45358427009539e-12,1
1244,1.5239469716932358e-05,1.2494866686779414e-05,7.53284579312472e-12,1
1245,1.5239469716932358e-05,1.2480417346911596e-05,7.612369980517182e-12,1
1246,1.5239469716932358e-05,1.2465996297703864e-05,7.692154807166993e-12,1
1247,1.5239469716932358e-05,1.2451603461126789e-05,7.772198260259363e-12,1
1248,1.5239469716932358e-05,1.2437238759428506e-05,7.852498339192955e-12,1
1249,1.5239469716932358e-05,1.2422902115133487e-05,7.933053055503045e-12,1
1250,1.5239469716932358e-05,1.2408593451041356e-05,8.013860432784986e-12,1
1251,1.5239469716932358e-05,1.2394312690225684e-05,8.094918506618365e-12,1
1252,1.5239469716932358e-05,1.2380059756032798e-05,8.176225324491627e-12,1
1253,1.5239469716932358e-05,1.2365834572080598e-05,8.257778945727193e-12,1
1254,1.5239469716932358e-05,1.2351637062257384e-05,8.339577441407108e-12,1
1255,1.5239469716932358e-05,1.233746715072068e-05,8.421618894299166e-12,1
1256,1.5239469716932358e-05,1.232332476189607e-05,8.503901398783595e-12,1
1257,1.5239469716932358e-05,1.2309209820476027e-05,8.58642306078027e-12,1
1258,1.5239469716932358e-05,1.2295122251418785e-05,8.669181997676204e-12,1
1259,1.5239469716932358e-05,1.2281061979947158e-05,8.752176338253891e-12,1
1260,1.5239469716932358e-05,1.2267028931547431e-05,8.835404222619763e-12,1
1261,1.5239469716932358e-05,1.225302303196819e-05,8.918863802133472e-12,1
1262,1.5239469716932358e-05,1.2239044207219219e-05,9.002553239337351e-12,1
1263,1.5239469716932358e-05,1.2225092383570367e-05,9.086470707886551e-12,1
1264,1.5239469716932358e-05,1.2211167487550419e-05,9.170614392479626e-12,1
1265,1.5239469716932358e-05,1.2197269445945995e-05,9.2549824887895e-12,1
1266,1.5239469716932358e-05,1.2183398185800435e-05,9.339573203395018e-12,1
1267,1.5239469716932358e-05,1.2169553634412705e-05,9.424384753712816e-12,1
1268,1.5239469716932358e-05,1.2155735719336285e-05,9.50941536792986e-12,1
1269,1.5239469716932358e-05,1.21419443683781e-05,9.594663284936178e-12,1
1270,1.5239469716932358e-05,1.2128179509597416e-05,9.680126754258308e-12,1
1271,1.5239469716932358e-05,1.2114441071304768e-05,9.765804035993013e-12,1
1272,1.5239469716932358e-05,1.2100728982060884e-05,9.851693400741521e-12,1
1273,1.5239469716932358e-05,1.2087043170675618e-05,9.937793129544197e-12,1
1274,1.5239469716932358e-05,1.2073383566206884e-05,1.0024101513815652e-11,1
1275,1.5239469716932358e-05,1.20597500979596e-05,1.0110616855280262e-11,1
1276,1.5239469716932358e-05,1.2046142695484631e-05,1.0197337465908214e-11,1
1277,1.5239469716932358e-05,1.2032561288577746e-05,1.0284261667851849e-11,1
1278,1.5239469716932358e-05,1.2019005807278574e-05,1.0371387793382538e-11,1
1279,1.5239469716932358e-05,1.2005476181869568e-05,1.0458714184827924e-11,1
1280,1.5239469716932358e-05,1.1991972342874973e-05,1.0546239194509613e-11,1
1281,1.5239469716932358e-05,1.1978494221059794e-05,1.0633961184681313e-11,1
1282,1.5239469716932358e-05,1.1965041747428783e-05,1.0721878527467306e-11,1
1283,1.5239469716932358e-05,1.1951614853225418e-05,1.0809989604801383e-11,1
1284,1.5239469716932358e-05,1.1938213469930892e-05,1.0898292808366207e-11,1
1285,1.5239469716932358e-05,1.1924837529263103e-05,1.0986786539533068e-11,1
1286,1.5239469716932358e-05,1.1911486963175668e-05,1.107546920930196e-11,1
1287,1.5239469716932358e-05,1.1898161703856905e-05,1.116433923824223e-11,1
1288,1.5239469716932358e-05,1.1884861683728856e-05,1.1253395056433468e-11,1
1289,1.5239469716932358e-05,1.1871586835446304e-05,1.1342635103406807e-11,1
1290,1.5239469716932358e-05,1.1858337091895773e-05,1.1432057828086793e-11,1
1291,1.5239469716932358e-05,1.1845112386194578e-05,1.1521661688733308e-11,1
1292,1.5239469716932358e-05,1.1831912651689825e-05,1.1611445152884306e-11,1
1293,1.5239469716932358e-05,1.1818737821957474e-05,1.1701406697298462e-11,1
1294,1.5239469716932358e-05,1.1805587830801348e-05,1.1791544807898661e-11,1
1295,1.5239469716932358e-05,1.1792462612252198e-05,1.1881857979715502e-11,1
1296,1.5239469716932358e-05,1.1779362100566735e-05,1.1972344716831395e-11,1
1297,1.5239469716932358e-05,1.1766286230226702e-05,1.2063003532324858e-11,1
1298,1.5239469716932358e-05,1.1753234935937907e-05,1.2153832948215426e-11,1
1299,1.5239469716932358e-05,1.1740208152629305e-05,1.2244831495408653e-11,1
1300,1.5239469716932358e-05,1.1727205815452043e-05,1.2335997713641728e-11,1
1301,1.5239469716932358e-05,1.1714227859778566e-05,1.2427330151429115e-11,1
1302,1.5239469716932358e-05,1.1701274221201648e-05,1.2518827366009088e-11,1
1303,1.5239469716932358e-05,1.1688344835533511e-05,1.2610487923289977e-11,1
1304,1.5239469716932358e-05,1.1675439638804883e-05,1.2702310397797337e-11,1
1305,1.5239469716932358e-05,1.1662558567264105e-05,1.2794293372621065e-11,1
1306,1.5239469716932358e-05,1.1649701557376213e-05,1.2886435439363112e-11,1
1307,1.5239469716932358e-05,1.1636868545822042e-05,1.2978735198085421e-11,1
1308,1.5239469716932358e-05,1.162405946949733e-05,1.3071191257258205e-11,1
1309,1.5239469716932358e-05,1.1611274265511822e-05,1.3163802233708666e-11,1
1310,1.5239469716932358e-05,1.1598512871188379e-05,1.3256566752569945e-11,1
1311,1.5239469716932358e-05,1.1585775224062099e-05,1.3349483447230464e-11,1
1312,1.5239469716932358e-05,1.1573061261879432e-05,1.3442550959283584e-11,1
1313,1.5239469716932358e-05,1.1560370922597309e-05,1.3535767938477615e-11,1
1314,1.5239469716932358e-05,1.154770414438227e-05,1.3629133042666077e-11,1
1315,1.5239469716932358e-05,1.15350608656096e-05,1.372264493775839e-11,1
1316,1.5239469716932358e-05,1.1522441024862455e-05,1.3816302297670892e-11,1
1317,1.5239469716932358e-05,1.1509844560931016e-05,1.3910103804278033e-11,1
1318,1.5239469716932358e-05,1.1497271412811624e-05,1.4004048147364101e-11,1
1319,1.5239469716932358e-05,1.1484721519705945e-05,1.4098134024575003e-11,1
1320,1.5239469716932358e-05,1.14721948210201e-05,1.4192360141370717e-11,1
1321,1.5239469716932358e-05,1.1459691256363854e-05,1.4286725210977609e-11,1
1322,1.5239469716932358e-05,1.1447210765549752e-05,1.4381227954341505e-11,1
1323,1.5239469716932358e-05,1.1434753288592291e-05,1.4475867100080796e-11,1
1324,1.5239469716932358e-05,1.1422318765707108e-05,1.457064138443983e-11,1
1325,1.5239469716932358e-05,1.140990713731013e-05,1.466554955124285e-11,1
1326,1.5239469716932358e-05,1.1397518344016766e-05,1.4760590351848e-11,1
1327,1.5239469716932358e-05,1.1385152326641086e-05,1.4855762545101723e-11,1
1328,1.5239469716932358e-05,1.1372809026195009e-05,1.4951064897293434e-11,1
1329,1.5239469716932358e-05,1.1360488383887493e-05,1.504649618211052e-11,1
1330,1.5239469716932358e-05,1.1348190341123724e-05,1.5142055180593635e-11,1
1331,1.5239469716932358e-05,1.1335914839504325e-05,1.523774068109219e-11,1
1332,1.5239469716932358e-05,1.1323661820824545e-05,1.53335514792203e-11,1
1333,1.5239469716932358e-05,1.1311431227073473e-05,1.542948637781287e-11,1
1334,1.5239469716932358e-05,1.1299223000433252e-05,1.5525544186881988e-11,1
1335,1.5239469716932358e-05,1.1287037083278279e-05,1.5621723723573723e-11,1
1336,1.5239469716932358e-05,1.1274873418174432e-05,1.5718023812125044e-11,1
1337,1.5239469716932358e-05,1.1262731947878289e-05,1.5814443283821137e-11,1
1338,1.5239469716932358e-05,1.1250612615336351e-05,1.59109809769529e-11,1
1339,1.5239469716932358e-05,1.1238515363684277e-05,1.600763573677477e-11,1
1340,1.5239469716932358e-05,1.1226440136246104e-05,1.610440641546289e-11,1
1341,1.5239469716932358e-05,1.1214386876533494e-05,1.6201291872073386e-11,1
1342,1.5239469716932358e-05,1.1202355528244974e-05,1.6298290972500998e-11,1
1343,1.5239469716932358e-05,1.1190346035265166e-05,1.6395402589438078e-11,1
1344,1.5239469716932358e-05,1.1178358341664048e-05,1.649262560233367e-11,1
1345,1.5239469716932358e-05,1.1166392391696199e-05,1.6589958897352948e-11,1
1346,1.5239469716932358e-05,1.1154448129800055e-05,1.6687401367336924e-11,1
1347,1.5239469716932358e-05,1.1142525500597157e-05,1.6784951911762458e-11,1
1348,1.5239469716932358e-05,1.1130624448891431e-05,1.6882609436702315e-11,1
1349,1.5239469716932358e-05,1.1118744919668433e-05,1.698037285478582e-11,1
1350,1.5239469716932358e-05,1.110688685809463e-05,1.7078241085159407e-11,1
1351,1.5239469716932358e-05,1.109505020951667e-05,1.717621305344769e-11,1
1352,1.5239469716932358e-05,1.1083234919460646e-05,1.7274287691714722e-11,1
1353,1.5239469716932358e-05,1.1071440933631392e-05,1.7372463938425336e-11,1
1354,1.5239469716932358e-05,1.1059668197911755e-05,1.7470740738406946e-11,1
1355,1.5239469716932358e-05,1.1047916658361878e-05,1.756911704281155e-11,1
1356,1.5239469716932358e-05,1.103618626121849e-05,1.766759180907791e-11,1
1357,1.5239469716932358e-05,1.1024476952894212e-05,1.776616400089393e-11,1
1358,1.5239469716932358e-05,1.101278867997683e-05,1.786483258815946e-11,1
1359,1.5239469716932358e-05,1.1001121389228612e-05,1.7963596546949143e-11,1
1360,1.5239469716932358e-05,1.0989475027585597e-05,1.8062454859475674e-11,1
1361,1.5239469716932358e-05,1.0977849542156917e-05,1.8161406514053065e-11,1
1362,1.5239469716932358e-05,1.0966244880224085e-05,1.826045050506045e-11,1
1363,1.5239469716932358e-05,1.0954660989240322e-05,1.8359585832905844e-11,1
1364,1.5239469716932358e-05,1.0943097816829872e-05,1.8458811503990247e-11,1
1365,1.5239469716932358e-05,1.0931555310787314e-05,1.8558126530672008e-11,1
1366,1.5239469716932358e-05,1.0920033419076882e-05,1.8657529931231425e-11,1
1367,1.5239469716932358e-05,1.0908532089831798e-05,1.8757020729835433e-11,1
1368,1.5239469716932358e-05,1.0897051271353598e-05,1.8856597956502653e-11,1
1369,1.5239469716932358e-05,1.088559091211146e-05,1.8956260647068653e-11,1
1370,1.5239469716932358e-05,1.0874150960741542e-05,1.9056007843151336e-11,1
1371,1.5239469716932358e-05,1.0862731366046311e-05,1.9155838592116714e-11,1
1372,1.5239469716932358e-05,1.0851332076993899e-05,1.9255751947044673e-11,1
1373,1.5239469716932358e-05,1.0839953042717434e-05,1.9355746966695142e-11,1
1374,1.5239469716932358e-05,1.0828594212514392e-05,1.9455822715474448e-11,1
1375,1.5239469716932358e-05,1.0817255535845944e-05,1.9555978263401788e-11,1
1376,1.5239469716932358e-05,1.0805936962336313e-05,1.9656212686075995e-11,1
1377,1.5239469716932358e-05,1.0794638441772128e-05,1.9756525064642516e-11,1
1378,1.5239469716932358e-05,1.078335992410178e-05,1.9856914485760576e-11,1
1379,1.5239469716932358e-05,1.0772101359434788e-05,1.9957380041570538e-11,1
1380,1.5239469716932358e-05,1.0760862698041161e-05,2.0057920829661493e-11,1
1381,1.5239469716932358e-05,1.0749643890350773e-05,2.015853595303901e-11,1
1382,1.5239469716932358e-05,1.0738444886952725e-05,2.0259224520093188e-11,1
1383,1.5239469716932358e-05,1.0727265638594718e-05,2.0359985644566836e-11,1
1384,1.5239469716932358e-05,1.0716106096182441e-05,2.0460818445523798e-11,1
1385,1.5239469716932358e-05,1.0704966210778937e-05,2.0561722047317675e-11,1
1386,1.5239469716932358e-05,1.0693845933603996e-05,2.0662695579560453e-11,1
1387,1.5239469716932358e-05,1.0682745216033537e-05,2.076373817709161e-11,1
1388,1.5239469716932358e-05,1.067166400959899e-05,2.0864848979947288e-11,1
1389,1.5239469716932358e-05,1.0660602265986697e-05,2.0966027133329618e-11,1
1390,1.5239469716932358e-05,1.06495599370373e-05,2.1067271787576306e-11,1
1391,1.5239469716932358e-05,1.0638536974745136e-05,2.116858209813043e-11,1
1392,1.5239469716932358e-05,1.062753333125765e-05,2.126995722551029e-11,1
1393,1.5239469716932358e-05,1.0616548958874768e-05,2.1371396335279765e-11,1
1394,1.5239469716932358e-05,1.0605583810048337e-05,2.1472898598018347e-11,1
1395,1.5239469716932358e-05,1.059463783738151e-05,2.1574463189291867e-11,1
1396,1.5239469716932358e-05,1.0583710993628163e-05,2.1676089289623114e-11,1
1397,1.5239469716932358e-05,1.0572803231692303e-05,2.177777608446277e-11,1
1398,1.5239469716932358e-05,1.05619145046275e-05,2.187952276416035e-11,1
1399,1.5239469716932358e-05,1.0551044765636284e-05,2.198132852393559e-11,1
1400,1.5239469716932358e-05,1.0540193968069577e-05,2.2083192563849856e-11,1
1401,1.5239469716932358e-05,1.0529362065426128e-05,2.2185114088777534e-11,1
1402,1.5239469716932358e-05,1.051854901135191e-05,2.2287092308378196e-11,1
1403,1.5239469716932358e-05,1.0507754759639583e-05,2.238912643706817e-11,1
1404,1.5239469716932358e-05,1.04969792642279e-05,2.249121569399294e-11,1
1405,1.5239469716932358e-05,1.0486222479201158e-05,2.2593359302999283e-11,1
1406,1.5239469716932358e-05,1.0475484358788619e-05,2.269555649260793e-11,1
1407,1.5239469716932358e-05,1.0464764857363971e-05,2.2797806495985972e-11,1
1408,1.5239469716932358e-05,1.0454063929444748e-05,2.2900108550919918e-11,1
1409,1.5239469716932358e-05,1.044338152969179e-05,2.3002461899788524e-11,1
1410,1.5239469716932358e-05,1.0432717612908683e-05,2.3104865789536033e-11,1
1411,1.5239469716932358e-05,1.0422072134041209e-05,2.320731947164549e-11,1
1412,1.5239469716932358e-05,1.0411445048176803e-05,2.3309822202112192e-11,1
1413,1.5239469716932358e-05,1.0400836310544004e-05,2.341237324141737e-11,1
1414,1.5239469716932358e-05,1.0390245876511909e-05,2.3514971854502054e-11,1
1415,1.5239469716932358e-05,1.0379673701589641e-05,2.3617617310740953e-11,1
1416,1.5239469716932358e-05,1.0369119741425808e-05,2.372030888391665e-11,1
1417,1.5239469716932358e-05,1.0358583951807956e-05,2.382304585219402e-11,1
1418,1.5239469716932358e-05,1.0348066288662061e-05,2.3925827498094415e-11,1
1419,1.5239469716932358e-05,1.0337566708051972e-05,2.4028653108470583e-11,1
1420,1.5239469716932358e-05,1.03270851661789e-05,2.413152197448126e-11,1
1421,1.5239469716932358e-05,1.0316621619380882e-05,2.4234433391566186e-11,1
1422,1.5239469716932358e-05,1.0306176024132271e-05,2.433738665942112e-11,1
1423,1.5239469716932358e-05,1.0295748337043199e-05,2.4440381081973177e-11,1
1424,1.5239469716932358e-05,1.0285338514859064e-05,2.4543415967356187e-11,1
1425,1.5239469716932358e-05,1.027494651446002e-05,2.4646490627886194e-11,1
1426,1.5239469716932358e-05,1.0264572292860464e-05,2.4749604380037165e-11,1
1427,1.5239469716932358e-05,1.0254215807208511e-05,2.4852756544416906e-11,1
1428,1.5239469716932358e-05,1.0243877014785488e-05,2.495594644574307e-11,1
1429,1.5239469716932358e-05,1.0233555873005439e-05,2.5059173412819186e-11,1
1430,1.5239469716932358e-05,1.0223252339414614e-05,2.5162436778510993e-11,1
1431,1.5239469716932358e-05,1.0212966371690957e-05,2.5265735879723003e-11,1
1432,1.5239469716932358e-05,1.0202697927643624e-05,2.5369070057374835e-11,1
1433,1.5239469716932358e-05,1.0192446965212466e-05,2.547243865637823e-11,1
1434,1.5239469716932358e-05,1.0182213442467546e-05,2.5575841025613713e-11,1
1435,1.5239469716932358e-05,1.0171997317608645e-05,2.5679276517907634e-11,1
1436,1.5239469716932358e-05,1.0161798548964756e-05,2.5782744490009472e-11,1
1437,1.5239469716932358e-05,1.0151617094993618e-05,2.5886244302568913e-11,1
1438,1.5239469716932358e-05,1.0141452914281212e-05,2.598977532011342e-11,1
1439,1.5239469716932358e-05,1.0131305965541284e-05,2.6093336911025734e-11,1
1440,1.5239469716932358e-05,1.0121176207614853e-05,2.6196928447521702e-11,1
1441,1.5239469716932358e-05,1.0111063599469748e-05,2.6300549305627926e-11,1
1442,1.5239469716932358e-05,1.0100968100200108e-05,2.6404198865159952e-11,1
1443,1.5239469716932358e-05,1.0090889669025924e-05,2.6507876509700217e-11,1
1444,1.5239469716932358e-05,1.0080828265292557e-05,2.6611581626576393e-11,1
1445,1.5239469716932358e-05,1.007078384847027e-05,2.6715313606839696e-11,1
1446,1.5239469716932358e-05,1.0060756378153744e-05,2.6819071845243537e-11,1
1447,1.5239469716932358e-05,1.0050745814061634e-05,2.6922855740222e-11,1
1448,1.5239469716932358e-05,1.0040752116036084e-05,2.7026664693868708e-11,1
1449,1.5239469716932358e-05,1.0030775244042275e-05,2.7130498111915706e-11,1
1450,1.5239469716932358e-05,1.0020815158167951e-05,2.7234355403712525e-11,1
1451,1.5239469716932358e-05,1.0010871818622976e-05,2.733823598220529e-11,1
1452,1.5239469716932358e-05,1.0000945185738864e-05,2.7442139263916012e-11,1
1453,1.5239469716932358e-05,9.99103521996833e-06,2.7546064668922056e-11,1
1454,1.5239469716932358e-05,9.981141881884823e-06,2.7650011620835697e-11,1
1455,1.5239469716932358e-05,9.971265132182103e-06,2.7753979546783605e-11,1
1456,1.5239469716932358e-05,9.961404931673763e-06,2.7857967877386857e-11,1
1457,1.5239469716932358e-05,9.951561241292795e-06,2.7961976046740732e-11,1
1458,1.5239469716932358e-05,9.941734022091144e-06,2.806600349239472e-11,1
1459,1.5239469716932358e-05,9.93192323523926e-06,2.8170049655332778e-11,1
1460,1.5239469716932358e-05,9.92212884202567e-06,2.8274113979953416e-11,1
1461,1.5239469716932358e-05,9.912350803856512e-06,2.837819591405039e-11,1
1462,1.5239469716932358e-05,9.902589082255121e-06,2.848229490879291e-11,1
1463,1.5239469716932358e-05,9.892843638861592e-06,2.858641041870638e-11,1
1464,1.5239469716932358e-05,9.883114435432328e-06,2.8690541901653262e-11,1
1465,1.5239469716932358e-05,9.87340143383963e-06,2.8794688818813736e-11,1
1466,1.5239469716932358e-05,9.863704596071252e-06,2.8898850634666827e-11,1
1467,1.5239469716932358e-05,9.85402388422998e-06,2.900302681697142e-11,1
1468,1.5239469716932358e-05,9.8443592605332e-06,2.9107216836747524e-11,1
1469,1.5239469716932358e-05,9.834710687312486e-06,2.921142016825754e-11,1
1470,1.5239469716932358e-05,9.82507812701316e-06,2.9315636288987744e-11,1
1471,1.5239469716932358e-05,9.815461542193883e-06,2.94198646796298e-11,1
1472,1.5239469716932358e-05,9.805860895526235e-06,2.952410482406244e-11,1
1473,1.5239469716932358e-05,9.796276149794298e-06,2.962835620933316e-11,1
1474,1.5239469716932358e-05,9.786707267894237e-06,2.973261832564021e-11,1
1475,1.5239469716932358e-05,9.777154212833888e-06,2.983689066631452e-11,1
1476,1.5239469716932358e-05,9.767616947732352e-06,2.994117272780177e-11,1
1477,1.5239469716932358e-05,9.758095435819577e-06,3.004546400964466e-11,1
1478,1.5239469716932358e-05,9.748589640435953e-06,3.0149764014465166e-11,1
1479,1.5239469716932358e-05,9.739099525031912e-06,3.0254072247946946e-11,1
1480,1.5239469716932358e-05,9.729625053167519e-06,3.035838821881788e-11,1
1481,1.5239469716932358e-05,9.720166188512057e-06,3.046271143883279e-11,1
1482,1.5239469716932358e-05,9.710722894843653e-06,3.056704142275596e-11,1
1483,1.5239469716932358e-05,9.70129513604885e-06,3.067137768834421e-11,1
1484,1.5239469716932358e-05,9.69188287612224e-06,3.0775719756329594e-11,1
1485,1.5239469716932358e-05,9.682486079166031e-06,3.088006715040268e-11,1
1486,1.5239469716932358e-05,9.673104709389693e-06,3.098441939719545e-11,1
1487,1.5239469716932358e-05,9.663738731109534e-06,3.1088776026264765e-11,1
1488,1.5239469716932358e-05,9.654388108748321e-06,3.119313657007559e-11,1
1489,1.5239469716932358e-05,9.645052806834907e-06,3.129750056398431e-11,1
1490,1.5239469716932358e-05,9.63573279000381e-06,3.1401867546222605e-11,1
1491,1.5239469716932358e-05,9.626428022994857e-06,3.150623705788077e-11,1
1492,1.5239469716932358e-05,9.617138470652787e-06,3.16106086428916e-11,1
1493,1.5239469716932358e-05,9.60786409792687e-06,3.171498184801419e-11,1
1494,1.5239469716932358e-05,9.598604869870525e-06,3.1819356222817916e-11,1
1495,1.5239469716932358e-05,9.589360751640951e-06,3.192373131966633e-11,1
1496,1.5239469716932358e-05,9.580131708498737e-06,3.202810669370143e-11,1
1497,1.5239469716932358e-05,9.57091770580749e-06,3.213248190282779e-11,1
1498,1.5239469716932358e-05,9.561718709033465e-06,3.22368565076969e-11,1
1499,1.5239469716932358e-05,9.552534683745193e-06,3.23412300716915e-11,1
1500,1.5239469716932358e-05,9.543365595613101e-06,3.2445602160910226e-11,1
1501,1.5239469716932358e-05,9.534211410409155e-06,3.254997234415201e-11,1
1502,1.5239469716932358e-05,9.525072094006483e-06,3.26543401929009e-11,1
1503,1.5239469716932358e-05,9.51594761237901e-06,3.275870528131079e-11,1
1504,1.5239469716932358e-05,9.506837931601098e-06,3.2863067186190275e-11,1
1505,1.5239469716932358e-05,9.497743017847182e-06,3.296742548698755e-11,1
1506,1.5239469716932358e-05,9.48866283739141e-06,3.307177976577549e-11,1
1507,1.5239469716932358e-05,9.479597356607271e-06,3.317612960723689e-11,1
1508,1.5239469716932358e-05,9.470546541967253e-06,3.3280474598649475e-11,1
1509,1.5239469716932358e-05,9.461510360042474e-06,3.338481432987137e-11,1
1510,1.5239469716932358e-05,9.45248877750234e-06,3.348914839332633e-11,1
1511,1.5239469716932358e-05,9.443481761114177e-06,3.3593476383989416e-11,1
1512,1.5239469716932358e-05,9.434489277742887e-06,3.3697797899372386e-11,1
1513,1.5239469716932358e-05,9.425511294350591e-06,3.3802112539509465e-11,1
1514,1.5239469716932358e-05,9.41654777799629e-06,3.390641990694298e-11,1
1515,1.5239469716932358e-05,9.407598695835509e-06,3.401071960670921e-11,1
1516,1.5239469716932358e-05,9.398664015119947e-06,3.411501124632438e-11,1
1517,1.5239469716932358e-05,9.389743703197144e-06,3.4219294435770475e-11,1
1518,1.5239469716932358e-05,9.380837727510132e-06,3.432356878748143e-11,1
1519,1.5239469716932358e-05,9.371946055597086e-06,3.4427833916329273e-11,1
1520,1.5239469716932358e-05,9.363068655090995e-06,3.4532089439610306e-11,1
1521,1.5239469716932358e-05,9.354205493719321e-06,3.463633497703135e-11,1
1522,1.5239469716932358e-05,9.345356539303648e-06,3.474057015069641e-11,1
1523,1.5239469716932358e-05,9.336521759759369e-06,3.484479458509277e-11,1
1524,1.5239469716932358e-05,9.327701123095326e-06,3.4949007907077886e-11,1
1525,1.5239469716932358e-05,9.318894597413498e-06,3.505320974586576e-11,1
1526,1.5239469716932358e-05,9.310102150908655e-06,3.515739973301386e-11,1
1527,1.5239469716932358e-05,9.301323751868036e-06,3.5261577502409686e-11,1
1528,1.5239469716932358e-05,9.292559368671013e-06,3.536574269025787e-11,1
1529,1.5239469716932358e-05,9.283808969788768e-06,3.546989493506695e-11,1
1530,1.5239469716932358e-05,9.275072523783967e-06,3.557403387763641e-11,1
1531,1.5239469716932358e-05,9.266349999310432e-06,3.567815916104384e-11,1
1532,1.5239469716932358e-05,9.257641365112818e-06,3.578227043063207e-11,1
1533,1.5239469716932358e-05,9.248946590026291e-06,3.588636733399644e-11,1
1534,1.5239469716932358e-05,9.240265642976208e-06,3.5990449520972067e-11,1
1535,1.5239469716932358e-05,9.231598492977796e-06,3.609451664362129e-11,1
1536,1.5239469716932358e-05,9.222945109135837e-06,3.619856835622108e-11,1
1537,1.5239469716932358e-05,9.214305460644346e-06,3.630260431525067e-11,1
1538,1.5239469716932358e-05,9.205679516786261e-06,3.6406624179379075e-11,1
1539,1.5239469716932358e-05,9.197067246933118e-06,3.6510627609452916e-11,1
1540,1.5239469716932358e-05,9.188468620544758e-06,3.661461426848394e-11,1
1541,1.5239469716932358e-05,9.179883607168992e-06,3.6718583821637126e-11,1
1542,1.5239469716932358e-05,9.171312176441306e-06,3.682253593621842e-11,1
1543,1.5239469716932358e-05,9.162754298084554e-06,3.6926470281662643e-11,1
1544,1.5239469716932358e-05,9.154209941908634e-06,3.7030386529521786e-11,1
1545,1.5239469716932358e-05,9.145679077810192e-06,3.713428435345294e-11,1
1546,1.5239469716932358e-05,9.13716167577233e-06,3.723816342920635e-11,1
1547,1.5239469716932358e-05,9.12865770586427e-06,3.7342023434614015e-11,1
1548,1.5239469716932358e-05,9.120167138241079e-06,3.744586404957774e-11,1
1549,1.5239469716932358e-05,9.111689943143363e-06,3.754968495605751e-11,1
1550,1.5239469716932358e-05,9.103226090896951e-06,3.765348583806016e-11,1
1551,1.5239469716932358e-05,9.094775551912616e-06,3.775726638162767e-11,1
1552,1.5239469716932358e-05,9.086338296685764e-06,3.7861026274825876e-11,1
1553,1.5239469716932358e-05,9.077914295796146e-06,3.796476520773304e-11,1
1554,1.5239469716932358e-05,9.069503519907556e-06,3.8068482872428704e-11,1
1555,1.5239469716932358e-05,9.061105939767536e-06,3.817217896298236e-11,1
1556,1.5239469716932358e-05,9.052721526207099e-06,3.827585317544227e-11,1
1557,1.5239469716932358e-05,9.044350250140414e-06,3.83795052078245e-11,1
1558,1.5239469716932358e-05,9.035992082564534e-06,3.8483134760101815e-11,1
1559,1.5239469716932358e-05,9.027646994559097e-06,3.858674153419275e-11,1
1560,1.5239469716932358e-05,9.019314957286042e-06,3.8690325233950715e-11,1
1561,1.5239469716932358e-05,9.010995941989322e-06,3.879388556515316e-11,1
1562,1.5239469716932358e-05,9.002689919994616e-06,3.889742223549078e-11,1
1563,1.5239469716932358e-05,8.994396862709051e-06,3.900093495455685e-11,1
1564,1.5239469716932358e-05,8.986116741620907e-06,3.910442343383658e-11,1
1565,1.5239469716932358e-05,8.97784952829935e-06,3.920788738669647e-11,1
1566,1.5239469716932358e-05,8.969595194394134e-06,3.931132652837393e-11,1
1567,1.5239469716932358e-05,8.96135371163534e-06,3.941474057596658e-11,1
1568,1.5239469716932358e-05,8.953125051833084e-06,3.95181292484221e-11,1
1569,1.5239469716932358e-05,8.94490918687724e-06,3.9621492266527775e-11,1
1570,1.5239469716932358e-05,8.936706088737169e-06,3.972482935290018e-11,1
1571,1.5239469716932358e-05,8.928515729461449e-06,3.982814023197497e-11,1
1572,1.5239469716932358e-05,8.920338081177578e-06,3.993142462999688e-11,1
1573,1.5239469716932358e-05,8.912173116091734e-06,4.003468227500932e-11,1
1574,1.5239469716932358e-05,8.904020806488473e-06,4.013791289684461e-11,1
1575,1.5239469716932358e-05,8.895881124730477e-06,4.024111622711384e-11,1
1576,1.5239469716932358e-05,8.887754043258282e-06,4.0344291999196926e-11,1
1577,1.5239469716932358e-05,8.879639534589998e-06,4.0447439948232855e-11,1
1578,1.5239469716932358e-05,8.871537571321052e-06,4.055055981110981e-11,1
1579,1.5239469716932358e-05,8.863448126123924e-06,4.065365132645531e-11,1
1580,1.5239469716932358e-05,8.855371171747876e-06,4.075671423462663e-11,1
1581,1.5239469716932358e-05,8.847306681018683e-06,4.085974827770113e-11,1
1582,1.5239469716932358e-05,8.839254626838384e-06,4.096275319946662e-11,1
1583,1.5239469716932358e-05,8.831214982185002e-06,4.106572874541191e-11,1
1584,1.5239469716932358e-05,8.823187720112302e-06,4.1168674662717166e-11,1
1585,1.5239469716932358e-05,8.815172813749518e-06,4.127159070024463e-11,1
1586,1.5239469716932358e-05,8.807170236301103e-06,4.137447660852911e-11,1
1587,1.5239469716932358e-05,8.799179961046455e-06,4.147733213976891e-11,1
1588,1.5239469716932358e-05,8.79120196133968e-06,4.1580157047816235e-11,1
1589,1.5239469716932358e-05,8.783236210609333e-06,4.168295108816811e-11,1
1590,1.5239469716932358e-05,8.775282682358143e-06,4.178571401795739e-11,1
1591,1.5239469716932358e-05,8.767341350162789e-06,4.188844559594333e-11,1
1592,1.5239469716932358e-05,8.759412187673626e-06,4.199114558250278e-11,1
1593,1.5239469716932358e-05,8.751495168614445e-06,4.2093813739621035e-11,1
1594,1.5239469716932358e-05,8.743590266782208e-06,4.2196449830883014e-11,1
1595,1.5239469716932358e-05,8.735697456046822e-06,4.229905362146416e-11,1
1596,1.5239469716932358e-05,8.727816710350864e-06,4.240162487812181e-11,1
1597,1.5239469716932358e-05,8.719948003709356e-06,4.2504163369186186e-11,1
1598,1.5239469716932358e-05,8.712091310209506e-06,4.260666886455176e-11,1
1599,1.5239469716932358e-05,8.704246604010458e-06,4.270914113566861e-11,1
1600,1.5239469716932358e-05,8.696413859343063e-06,4.2811579955533594e-11,1
1601,1.5239469716932358e-05,8.688593050509626e-06,4.291398509868181e-11,1
1602,1.5239469716932358e-05,8.680784151883661e-06,4.301635634117815e-11,1
1603,1.5239469716932358e-05,8.672987137909652e-06,4.31186934606087e-11,1
1604,1.5239469716932358e-05,8.665201983102818e-06,4.32209962360722e-11,1
1605,1.5239469716932358e-05,8.657428662048862e-06,4.332326444817184e-11,1
1606,1.5239469716932358e-05,8.649667149403746e-06,4.342549787900668e-11,1
1607,1.5239469716932358e-05,8.641917419893438e-06,4.3527696312163525e-11,1
1608,1.5239469716932358e-05,8.634179448313692e-06,4.362985953270845e-11,1
1609,1.5239469716932358e-05,8.626453209529789e-06,4.3731987327178874e-11,1
1610,1.5239469716932358e-05,8.618738678476333e-06,4.3834079483574996e-11,1
1611,1.5239469716932358e-05,8.611035830156987e-06,4.3936135791352064e-11,1
1612,1.5239469716932358e-05,8.603344639644258e-06,4.403815604141199e-11,1
1613,1.5239469716932358e-05,8.595665082079264e-06,4.414014002609546e-11,1
1614,1.5239469716932358e-05,8.58799713267149e-06,4.424208753917395e-11,1
1615,1.5239469716932358e-05,8.580340766698575e-06,4.4343998375841686e-11,1
1616,1.5239469716932358e-05,8.572695959506066e-06,4.444587233270788e-11,1
1617,1.5239469716932358e-05,8.565062686507205e-06,4.454770920778871e-11,1
1618,1.5239469716932358e-05,8.55744092318269e-06,4.464950880049965e-11,1
1619,1.5239469716932358e-05,8.549830645080453e-06,4.475127091164762e-11,1
1620,1.5239469716932358e-05,8.54223182781543e-06,4.4852995343423356e-11,1
1621,1.5239469716932358e-05,8.534644447069351e-06,4.495468189939354e-11,1
1622,1.5239469716932358e-05,8.527068478590492e-06,4.505633038449341e-11,1
1623,1.5239469716932358e-05,8.519503898193473e-06,4.515794060501897e-11,1
1624,1.5239469716932358e-05,8.511950681759024e-06,4.525951236861955e-11,1
1625,1.5239469716932358e-05,8.504408805233767e-06,4.536104548429026e-11,1
1626,1.5239469716932358e-05,8.496878244630001e-06,4.546253976236447e-11,1
1627,1.5239469716932358e-05,8.48935897602547e-06,4.556399501450655e-11,1
1628,1.5239469716932358e-05,8.481850975563156e-06,4.5665411053704284e-11,1
1629,1.5239469716932358e-05,8.474354219451057e-06,4.576678769426168e-11,1
1630,1.5239469716932358e-05,8.466868683961969e-06,4.5868124751791587e-11,1
1631,1.5239469716932358e-05,8.459394345433271e-06,4.5969422043208483e-11,1
1632,1.5239469716932358e-05,8.45193118026671e-06,4.607067938672125e-11,1
1633,1.5239469716932358e-05,8.444479164928183e-06,4.6171896601826e-11,1
1634,1.5239469716932358e-05,8.437038275947532e-06,4.6273073509298905e-11,1
1635,1.5239469716932358e-05,8.429608489918322e-06,4.637420993118911e-11,1
1636,1.5239469716932358e-05,8.422189783497635e-06,4.647530569081175e-11,1
1637,1.5239469716932358e-05,8.414782133405855e-06,4.6576360612740825e-11,1
1638,1.5239469716932358e-05,8.407385516426461e-06,4.66773745228023e-11,1
1639,1.5239469716932358e-05,8.399999909405817e-06,4.677834724806714e-11,1
1640,1.5239469716932358e-05,8.392625289252963e-06,4.687927861684439e-11,1
1641,1.5239469716932358e-05,8.385261632939404e-06,4.698016845867436e-11,1
1642,1.5239469716932358e-05,8.37790891749891e-06,4.708101660432177e-11,1
1643,1.5239469716932358e-05,8.370567120027305e-06,4.7181822885768985e-11,1
1644,1.5239469716932358e-05,8.36323621768226e-06,4.728258713620925e-11,1
1645,1.5239469716932358e-05,8.355916187683095e-06,4.738330919003998e-11,1
1646,1.5239469716932358e-05,8.34860700731057e-06,4.748398888285614e-11,1
1647,1.5239469716932358e-05,8.34130865390668e-06,4.758462605144355e-11,1
1648,1.5239469716932358e-05,8.334021104874464e-06,4.76852205337723e-11,1
1649,1.5239469716932358e-05,8.326744337677792e-06,4.778577216899019e-11,1
1650,1.5239469716932358e-05,8.319478329841164e-06,4.788628079741631e-11,1
1651,1.5239469716932358e-05,8.312223058949525e-06,4.7986746260534334e-11,1
1652,1.5239469716932358e-05,8.304978502648047e-06,4.8087168400986296e-11,1
1653,1.5239469716932358e-05,8.297744638641943e-06,4.818754706256607e-11,1
1654,1.5239469716932358e-05,8.290521444696267e-06,4.828788209021296e-11,1
1655,1.5239469716932358e-05,8.283308898635715e-06,4.8388173330005423e-11,1
1656,1.5239469716932358e-05,8.276106978344433e-06,4.848842062915473e-11,1
1657,1.5239469716932358e-05,8.268915661765816e-06,4.858862383599873e-11,1
1658,1.5239469716932358e-05,8.261734926902319e-06,4.868878279999556e-11,1
1659,1.5239469716932358e-05,8.25456475181526e-06,4.878889737171749e-11,1
1660,1.5239469716932358e-05,8.247405114624632e-06,4.88889674028447e-11,1
1661,1.5239469716932358e-05,8.240255993508903e-06,4.898899274615923e-11,1
1662,1.5239469716932358e-05,8.233117366704834e-06,4.9088973255538745e-11,1
1663,1.5239469716932358e-05,8.225989212507279e-06,4.918890878595067e-11,1
1664,1.5239469716932358e-05,8.218871509269004e-06,4.9288799193445896e-11,1
1665,1.5239469716932358e-05,8.211764235400485e-06,4.938864433515314e-11,1
1666,1.5239469716932358e-05,8.20466736936974e-06,4.948844406927253e-11,1
1667,1.5239469716932358e-05,8.197580889702118e-06,4.9588198255070086e-11,1
1668,1.5239469716932358e-05,8.190504774980128e-06,4.96879067528716e-11,1
1669,1.5239469716932358e-05,8.183439003843253e-06,4.978756942405675e-11,1
1670,1.5239469716932358e-05,8.176383554987748e-06,4.988718613105345e-11,1
1671,1.5239469716932358e-05,8.169338407166477e-06,4.9986756737331816e-11,1
1672,1.5239469716932358e-05,8.16230353918871e-06,5.0086281107398633e-11,1
1673,1.5239469716932358e-05,8.155278929919954e-06,5.018575910679143e-11,1
1674,1.5239469716932358e-05,8.148264558281765e-06,5.028519060207279e-11,1
1675,1.5239469716932358e-05,8.14126040325156e-06,5.0384575460824836e-11,1
1676,1.5239469716932358e-05,8.134266443862442e-06,5.0483913551643455e-11,1
1677,1.5239469716932358e-05,8.127282659203022e-06,5.058320474413267e-11,1
1678,1.5239469716932358e-05,8.120309028417234e-06,5.0682448908899134e-11,1
1679,1.5239469716932358e-05,8.113345530704155e-06,5.078164591754657e-11,1
1680,1.5239469716932358e-05,8.106392145317832e-06,5.0880795642670186e-11,1
1681,1.5239469716932358e-05,8.099448851567098e-06,5.097989795785128e-11,1
1682,1.5239469716932358e-05,8.092515628815398e-06,5.107895273765172e-11,1
1683,1.5239469716932358e-05,8.085592456480615e-06,5.117795985760854e-11,1
1684,1.5239469716932358e-05,8.078679314034885e-06,5.127691919422855e-11,1
1685,1.5239469716932358e-05,8.071776181004438e-06,5.1375830624982895e-11,1
1686,1.5239469716932358e-05,8.064883036969402e-06,5.147469402830188e-11,1
1687,1.5239469716932358e-05,8.05799986156365e-06,5.157350928356945e-11,1
1688,1.5239469716932358e-05,8.051126634474614e-06,5.16722762711181e-11,1
1689,1.5239469716932358e-05,8.044263335443117e-06,5.17709948722235e-11,1
1690,1.5239469716932358e-05,8.0374099442632e-06,5.186966496909932e-11,1
1691,1.5239469716932358e-05,8.03056644078195e-06,5.196828644489208e-11,1
1692,1.5239469716932358e-05,8.023732804899335e-06,5.206685918367587e-11,1
1693,1.5239469716932358e-05,8.01690901656802e-06,5.216538307044741e-11,1
1694,1.5239469716932358e-05,8.010095055793221e-06,5.226385799112061e-11,1
1695,1.5239469716932358e-05,8.003290902632515e-06,5.236228383252189e-11,1
1696,1.5239469716932358e-05,7.996496537195677e-06,5.246066048238489e-11,1
1697,1.5239469716932358e-05,7.989711939644524e-06,5.255898782934544e-11,1
1698,1.5239469716932358e-05,7.982937090192733e-06,5.265726576293669e-11,1
1699,1.5239469716932358e-05,7.976171969105686e-06,5.2755494173584004e-11,1
1700,1.5239469716932358e-05,7.969416556700298e-06,5.285367295260017e-11,1
1701,1.5239469716932358e-05,7.962670833344858e-06,5.295180199218029e-11,1
1702,1.5239469716932358e-05,7.955934779458857e-06,5.3049881185397124e-11,1
1703,1.5239469716932358e-05,7.949208375512833e-06,5.314791042619601e-11,1
1704,1.5239469716932358e-05,7.942491602028202e-06,5.324588960939021e-11,1
1705,1.5239469716932358e-05,7.935784439577098e-06,5.334381863065598e-11,1
1706,1.5239469716932358e-05,7.929086868782212e-06,5.344169738652784e-11,1
1707,1.5239469716932358e-05,7.922398870316628e-06,5.353952577439384e-11,1
1708,1.5239469716932358e-05,7.915720424903665e-06,5.3637303692490776e-11,1
1709,1.5239469716932358e-05,7.909051513316721e-06,5.373503103989951e-11,1
1710,1.5239469716932358e-05,7.902392116379099e-06,5.3832707716540374e-11,1
1711,1.5239469716932358e-05,7.895742214963871e-06,5.393033362316831e-11,1
1712,1.5239469716932358e-05,7.8891017899937e-06,5.402790866136852e-11,1
1713,1.5239469716932358e-05,7.88247082244069e-06,5.412543273355163e-11,1
1714,1.5239469716932358e-05,7.875849293326231e-06,5.4222905742949274e-11,1
1715,1.5239469716932358e-05,7.869237183720844e-06,5.432032759360942e-11,1
1716,1.5239469716932358e-05,7.862634474744014e-06,5.441769819039196e-11,1
1717,1.5239469716932358e-05,7.85604114756405e-06,5.451501743896414e-11,1
1718,1.5239469716932358e-05,7.849457183397921e-06,5.461228524579607e-11,1
1719,1.5239469716932358e-05,7.842882563511104e-06,5.470950151815633e-11,1
1720,1.5239469716932358e-05,7.836317269217435e-06,5.480666616410746e-11,1
1721,1.5239469716932358e-05,7.829761281878942e-06,5.490377909250174e-11,1
1722,1.5239469716932358e-05,7.823214582905714e-06,5.5000840212976555e-11,1
1723,1.5239469716932358e-05,7.816677153755734e-06,5.5097849435950195e-11,1
1724,1.5239469716932358e-05,7.810148975934729e-06,5.519480667261756e-11,1
1725,1.5239469716932358e-05,7.80363003099603e-06,5.529171183494567e-11,1
1726,1.5239469716932358e-05,7.797120300540405e-06,5.5388564835669644e-11,1
1727,1.5239469716932358e-05,7.79061976621593e-06,5.5485365588288144e-11,1
1728,1.5239469716932358e-05,7.784128409717818e-06,5.5582114007059414e-11,1
1729,1.5239469716932358e-05,7.77764621278829e-06,5.567881000699685e-11,1
1730,1.5239469716932358e-05,7.771173157216417e-06,5.577545350386496e-11,1
1731,1.5239469716932358e-05,7.764709224837976e-06,5.587204441417506e-11,1
1732,1.5239469716932358e-05,7.758254397535297e-06,5.596858265518127e-11,1
1733,1.5239469716932358e-05,7.751808657237127e-06,5.6065068144876306e-11,1
1734,1.5239469716932358e-05,7.745371985918483e-06,5.616150080198732e-11,1
1735,1.5239469716932358e-05,7.738944365600493e-06,5.6257880545972006e-11,1
1736,1.5239469716932358e-05,7.73252577835027e-06,5.635420729701435e-11,1
1737,1.5239469716932358e-05,7.72611620628076e-06,5.645048097602069e-11,1
1738,1.5239469716932358e-05,7.719715631550596e-06,5.654670150461571e-11,1
1739,1.5239469716932358e-05,7.713324036363955e-06,5.664286880513844e-11,1
1740,1.5239469716932358e-05,7.706941402970425e-06,5.67389828006382e-11,1
1741,1.5239469716932358e-05,7.70056771366485e-06,5.683504341487084e-11,1
1742,1.5239469716932358e-05,7.694202950787201e-06,5.6931050572294597e-11,1
1743,1.5239469716932358e-05,7.687847096722424e-06,5.702700419806635e-11,1
1744,1.5239469716932358e-05,7.68150013390031e-06,5.7122904218037644e-11,1
1745,1.5239469716932358e-05,7.675162044795344e-06,5.7218750558750894e-11,1
1746,1.5239469716932358e-05,7.668832811926577e-06,5.7314543147435515e-11,1
1747,1.5239469716932358e-05,7.662512417857483e-06,5.741028191200402e-11,1
1748,1.5239469716932358e-05,7.656200845195815e-06,5.7505966781048415e-11,1
1749,1.5239469716932358e-05,7.649898076593475e-06,5.7601597683836246e-11,1
1750,1.5239469716932358e-05,7.643604094746376e-06,5.769717455030683e-11,1
1751,1.5239469716932358e-05,7.637318882394299e-06,5.779269731106771e-11,1
1752,1.5239469716932358e-05,7.631042422320767e-06,5.788816589739066e-11,1
1753,1.5239469716932358e-05,7.624774697352897e-06,5.798358024120825e-11,1
1754,1.5239469716932358e-05,7.618515690361276e-06,5.807894027511e-11,1
1755,1.5239469716932358e-05,7.612265384259818e-06,5.817424593233877e-11,1
1756,1.5239469716932358e-05,7.606023762005636e-06,5.826949714678714e-11,1
1757,1.5239469716932358e-05,7.599790806598905e-06,5.836469385299373e-11,1
1758,1.5239469716932358e-05,7.593566501082731e-06,5.845983598613966e-11,1
1759,1.5239469716932358e-05,7.587350828543011e-06,5.855492348204503e-11,1
1760,1.5239469716932358e-05,7.581143772108311e-06,5.864995627716514e-11,1
1761,1.5239469716932358e-05,7.574945314949729e-06,5.874493430858719e-11,1
1762,1.5239469716932358e-05,7.568755440280764e-06,5.88398575140266e-11,1
1763,1.5239469716932358e-05,7.562574131357185e-06,5.893472583182358e-11,1
1764,1.5239469716932358e-05,7.556401371476901e-06,5.902953920093966e-11,1
1765,1.5239469716932358e-05,7.550237143979831e-06,5.912429756095416e-11,1
1766,1.5239469716932358e-05,7.544081432247776e-06,5.921900085206074e-11,1
1767,1.5239469716932358e-05,7.5379342197042876e-06,5.931364901506402e-11,1
1768,1.5239469716932358e-05,7.531795489814542e-06,5.940824199137624e-11,1
1769,1.5239469716932358e-05,7.52566522608521e-06,5.950277972301363e-11,1
1770,1.5239469716932358e-05,7.519543412064331e-06,5.95972621525933e-11,1
1771,1.5239469716932358e-05,7.513430031341183e-06,5.969168922332978e-11,1
1772,1.5239469716932358e-05,7.507325067546162e-06,5.978606087903157e-11,1
1773,1.5239469716932358e-05,7.5012285043506525e-06,5.988037706409799e-11,1
1774,1.5239469716932358e-05,7.4951403254668965e-06,5.99746377235158e-11,1
1775,1.5239469716932358e-05,7.4890605146478766e-06,6.006884280285599e-11,1
1776,1.5239469716932358e-05,7.4829890556871885e-06,6.01629922482703e-11,1
1777,1.5239469716932358e-05,7.476925932418913e-06,6.025708600648832e-11,1
1778,1.5239469716932358e-05,7.470871128717498e-06,6.035112402481393e-11,1
1779,1.5239469716932358e-05,7.4648246284976345e-06,6.044510625112217e-11,1
1780,1.5239469716932358e-05,7.458786415714127e-06,6.053903263385624e-11,1
1781,1.5239469716932358e-05,7.452756474361776e-06,6.063290312202406e-11,1
1782,1.5239469716932358e-05,7.446734788475256e-06,6.072671766519531e-11,1
1783,1.5239469716932358e-05,7.440721342128995e-06,6.08204762134981e-11,1
1784,1.5239469716932358e-05,7.4347161194370485e-06,6.091417871761597e-11,1
1785,1.5239469716932358e-05,7.428719104552987e-06,6.100782512878474e-11,1
1786,1.5239469716932358e-05,7.422730281669763e-06,6.11014153987894e-11,1
1787,1.5239469716932358e-05,7.416749635019603e-06,6.11949494799611e-11,1
1788,1.5239469716932358e-05,7.410777148873884e-06,6.1288427325174e-11,1
1789,1.5239469716932358e-05,7.404812807543012e-06,6.13818488878422e-11,1
1790,1.5239469716932358e-05,7.398856595376307e-06,6.147521412191693e-11,1
1791,1.5239469716932358e-05,7.392908496761882e-06,6.15685229818832e-11,1
1792,1.5239469716932358e-05,7.386968496126527e-06,6.166177542275708e-11,1
1793,1.5239469716932358e-05,7.381036577935592e-06,6.175497140008256e-11,1
1794,1.5239469716932358e-05,7.375112726692866e-06,6.184811086992876e-11,1
1795,1.5239469716932358e-05,7.369196926940468e-06,6.194119378888673e-11,1
1796,1.5239469716932358e-05,7.363289163258725e-06,6.203422011406669e-11,1
1797,1.5239469716932358e-05,7.3573894202660575e-06,6.212718980309511e-11,1
1798,1.5239469716932358e-05,7.351497682618864e-06,6.222010281411177e-11,1
1799,1.5239469716932358e-05,7.34561393501141e-06,6.231295910576678e-11,1
1800,1.5239469716932358e-05,7.339738162175709e-06,6.24057586372179e-11,1
1801,1.5239469716932358e-05,7.333870348881407e-06,6.249850136812762e-11,1
1802,1.5239469716932358e-05,7.328010479935676e-06,6.259118725866013e-11,1
1803,1.5239469716932358e-05,7.322158540183096e-06,6.268381626947879e-11,1
1804,1.5239469716932358e-05,7.316314514505541e-06,6.277638836174313e-11,1
1805,1.5239469716932358e-05,7.310478387822072e-06,6.28689034971061e-11,1
1806,1.5239469716932358e-05,7.304650145088815e-06,6.296136163771135e-11,1
1807,1.5239469716932358e-05,7.298829771298865e-06,6.305376274619028e-11,1
1808,1.5239469716932358e-05,7.2930172514821586e-06,6.314610678565956e-11,1
1809,1.5239469716932358e-05,7.287212570705373e-06,6.323839371971814e-11,1
