verb,subject,frequency,rank,total,proportion
be,that,8265,1,36741,0.22495304972646363
be,it,7103,2,36741,0.19332625677036552
be,you,3493,3,36741,0.0950709017174274
be,i,2298,4,36741,0.06254592961541602
be,he,2124,5,36741,0.057810075936964155
be,this,1699,6,36741,0.04624261723959609
be,they,1143,7,36741,0.03110965950845105
be,who,782,8,36741,0.021284124003157236
be,she,688,9,36741,0.018725674314798182
be,what,459,10,36741,0.012492855393157507
be,one,453,11,36741,0.012329550093900547
be,we,434,12,36741,0.011812416646253505
be,name,342,13,36741,0.009308402057646771
be,thing,144,14,36741,0.003919327182167061
be,color,142,15,36741,0.003864892082414741
be,kind,98,16,36741,0.0026673198878636945
be,day,86,17,36741,0.0023407092893497727
be,something,83,18,36741,0.002259056639721292
be,which,82,19,36741,0.002231839089845132
be,sposta,77,20,36741,0.0020957513404643315
be,nobody,76,21,36741,0.0020685337905881713
be,nothing,67,22,36741,0.0018235758417027299
be,all,67,23,36741,0.0018235758417027299
be,tree,64,24,36741,0.0017419231920742496
be,person,61,25,36741,0.001660270542445769
be,cat,61,26,36741,0.001660270542445769
be,more,55,27,36741,0.0014969652431888081
be,your,55,28,36741,0.0014969652431888081
be,time,54,29,36741,0.001469747693312648
be,matter,52,30,36741,0.0014153125935603278
be,today,51,31,36741,0.0013880950436841676
be,book,51,32,36741,0.0013880950436841676
be,number,49,33,36741,0.0013336599439318472
be,everything,48,34,36741,0.001306442394055687
be,bath,48,35,36741,0.001306442394055687
be,room,46,36,36741,0.001252007294303367
be,school,45,37,36741,0.0012247897444272067
be,my,45,38,36741,0.0012247897444272067
be,girl,44,39,36741,0.0011975721945510465
be,boy,43,40,36741,0.0011703546446748864
be,hand,40,41,36741,0.001088701995046406
be,piece,40,42,36741,0.001088701995046406
be,part,38,43,36741,0.0010342668952940857
be,man,36,44,36741,0.0009798317955417653
be,anything,36,45,36741,0.0009798317955417653
be,mother,36,46,36741,0.0009798317955417653
be,kid,35,47,36741,0.0009526142456656052
be,bear,35,48,36741,0.0009526142456656052
be,two,34,49,36741,0.000925396695789445
be,word,34,50,36741,0.000925396695789445
be,chi,33,51,36741,0.0008981791459132849
be,some,31,52,36741,0.0008437440461609646
be,water,31,53,36741,0.0008437440461609646
be,baby,30,54,36741,0.0008165264962848044
be,stuff,29,55,36741,0.0007893089464086443
be,daddy,29,56,36741,0.0007893089464086443
be,way,28,57,36741,0.0007620913965324842
be,cup,28,58,36741,0.0007620913965324842
be,house,28,59,36741,0.0007620913965324842
be,sarah,28,60,36741,0.0007620913965324842
be,many,27,61,36741,0.000734873846656324
be,three,26,62,36741,0.0007076562967801639
be,god,26,63,36741,0.0007076562967801639
be,car,26,64,36741,0.0007076562967801639
be,child,25,65,36741,0.0006804387469040037
be,dog,25,66,36741,0.0006804387469040037
be,lot,25,67,36741,0.0006804387469040037
be,guy,25,68,36741,0.0006804387469040037
be,egg,25,69,36741,0.0006804387469040037
be,place,24,70,36741,0.0006532211970278435
be,animal,24,71,36741,0.0006532211970278435
be,letter,24,72,36741,0.0006532211970278435
be,mommy,23,73,36741,0.0006260036471516835
be,money,23,74,36741,0.0006260036471516835
be,birthday,23,75,36741,0.0006260036471516835
be,fish,21,76,36741,0.0005715685473993631
be,hat,21,77,36741,0.0005715685473993631
be,reason,21,78,36741,0.0005715685473993631
be,picture,20,79,36741,0.000544350997523203
be,fire,20,80,36741,0.000544350997523203
be,paper,20,81,36741,0.000544350997523203
be,tape,20,82,36741,0.000544350997523203
be,story,20,83,36741,0.000544350997523203
be,everybody,20,84,36741,0.000544350997523203
be,milk,20,85,36741,0.000544350997523203
be,light,19,86,36741,0.0005171334476470428
be,foot,19,87,36741,0.0005171334476470428
be,bag,19,88,36741,0.0005171334476470428
be,kitten,19,89,36741,0.0005171334476470428
be,juice,19,90,36741,0.0005171334476470428
be,chair,19,91,36741,0.0005171334476470428
be,hole,18,92,36741,0.0004899158977708826
be,problem,18,93,36741,0.0004899158977708826
be,food,17,94,36741,0.0004626983478947225
be,song,17,95,36741,0.0004626983478947225
be,hair,17,96,36741,0.0004626983478947225
be,yesterday,17,97,36741,0.0004626983478947225
be,four,17,98,36741,0.0004626983478947225
be,cake,17,99,36741,0.0004626983478947225
be,sun,17,100,36741,0.0004626983478947225
be,green,17,101,36741,0.0004626983478947225
be,tomorrow,16,102,36741,0.0004354807980185624
be,party,16,103,36741,0.0004354807980185624
be,chicken,16,104,36741,0.0004354807980185624
be,side,15,105,36741,0.0004082632481424022
be,spoon,15,106,36741,0.0004082632481424022
be,right,15,107,36741,0.0004082632481424022
be,teacher,15,108,36741,0.0004082632481424022
be,much,15,109,36741,0.0004082632481424022
be,corn,15,110,36741,0.0004082632481424022
be,plate,15,111,36741,0.0004082632481424022
be,carl,15,112,36741,0.0004082632481424022
be,mouth,14,113,36741,0.0003810456982662421
be,crayon,14,114,36741,0.0003810456982662421
be,toy,14,115,36741,0.0003810456982662421
be,useta,14,116,36741,0.0003810456982662421
be,game,14,117,36741,0.0003810456982662421
be,sugar,14,118,36741,0.0003810456982662421
be,seat,14,119,36741,0.0003810456982662421
be,dinner,14,120,36741,0.0003810456982662421
be,sothat,14,121,36741,0.0003810456982662421
be,bunch,13,122,36741,0.00035382814839008195
be,paul,13,123,36741,0.00035382814839008195
be,bird,13,124,36741,0.00035382814839008195
be,david,13,125,36741,0.00035382814839008195
be,ball,13,126,36741,0.00035382814839008195
be,head,13,127,36741,0.00035382814839008195
be,card,13,128,36741,0.00035382814839008195
be,cookie,13,129,36741,0.00035382814839008195
be,coffee,13,130,36741,0.00035382814839008195
be,bread,13,131,36741,0.00035382814839008195
be,rice,13,132,36741,0.00035382814839008195
be,dinosaur,13,133,36741,0.00035382814839008195
be,glove,13,134,36741,0.00035382814839008195
be,brother,12,135,36741,0.00032661059851392176
be,lady,12,136,36741,0.00032661059851392176
be,any,12,137,36741,0.00032661059851392176
be,movie,12,138,36741,0.00032661059851392176
be,five,12,139,36741,0.00032661059851392176
be,coat,12,140,36741,0.00032661059851392176
be,door,12,141,36741,0.00032661059851392176
be,plenty,12,142,36741,0.00032661059851392176
be,napkin,12,143,36741,0.00032661059851392176
be,store,12,144,36741,0.00032661059851392176
be,enough,12,145,36741,0.00032661059851392176
be,blue,12,146,36741,0.00032661059851392176
be,shoe,11,147,36741,0.00029939304863776164
be,boat,11,148,36741,0.00029939304863776164
be,difference,11,149,36741,0.00029939304863776164
be,somebody,11,150,36741,0.00029939304863776164
be,father,11,151,36741,0.00029939304863776164
be,war,11,152,36741,0.00029939304863776164
be,friend,11,153,36741,0.00029939304863776164
be,sister,11,154,36741,0.00029939304863776164
be,anybody,11,155,36741,0.00029939304863776164
be,mom,11,156,36741,0.00029939304863776164
be,cheese,11,157,36741,0.00029939304863776164
be,turn,11,158,36741,0.00029939304863776164
be,microphone,11,159,36741,0.00029939304863776164
be,finger,10,160,36741,0.0002721754987616015
be,towel,10,161,36741,0.0002721754987616015
be,battery,10,162,36741,0.0002721754987616015
be,michael,10,163,36741,0.0002721754987616015
be,couple,10,164,36741,0.0002721754987616015
be,yellow,10,165,36741,0.0002721754987616015
be,pants,10,166,36741,0.0002721754987616015
be,go,10,167,36741,0.0002721754987616015
be,eye,10,168,36741,0.0002721754987616015
be,caterpillar,10,169,36741,0.0002721754987616015
be,orange,10,170,36741,0.0002721754987616015
be,block,10,171,36741,0.0002721754987616015
be,mouse,9,172,36741,0.0002449579488854413
be,pencil,9,173,36741,0.0002449579488854413
be,wheel,9,174,36741,0.0002449579488854413
be,scissors,9,175,36741,0.0002449579488854413
be,red,9,176,36741,0.0002449579488854413
be,a,9,177,36741,0.0002449579488854413
be,show,9,178,36741,0.0002449579488854413
be,fork,9,179,36741,0.0002449579488854413
be,penny,9,180,36741,0.0002449579488854413
be,cinderella,9,181,36741,0.0002449579488854413
be,apple,9,182,36741,0.0002449579488854413
be,jacket,9,183,36741,0.0002449579488854413
be,the,9,184,36741,0.0002449579488854413
be,sound,9,185,36741,0.0002449579488854413
be,choice,9,186,36741,0.0002449579488854413
be,butter,8,187,36741,0.0002177403990092812
be,bit,8,188,36741,0.0002177403990092812
be,glass,8,189,36741,0.0002177403990092812
be,can,8,190,36741,0.0002177403990092812
be,bobby,8,191,36741,0.0002177403990092812
be,adam,8,192,36741,0.0002177403990092812
be,watch,8,193,36741,0.0002177403990092812
be,someone,8,194,36741,0.0002177403990092812
be,whale,8,195,36741,0.0002177403990092812
be,left,8,196,36741,0.0002177403990092812
be,corner,8,197,36741,0.0002177403990092812
be,bone,8,198,36741,0.0002177403990092812
be,screw,8,199,36741,0.0002177403990092812
be,rest,8,200,36741,0.0002177403990092812
be,program,8,201,36741,0.0002177403990092812
be,driver,8,202,36741,0.0002177403990092812
be,soup,8,203,36741,0.0002177403990092812
be,dish,8,204,36741,0.0002177403990092812
be,dollar,8,205,36741,0.0002177403990092812
be,moon,8,206,36741,0.0002177403990092812
be,tooth,8,207,36741,0.0002177403990092812
be,job,8,208,36741,0.0002177403990092812
be,bean,8,209,36741,0.0002177403990092812
be,grass,8,210,36741,0.0002177403990092812
be,shirt,8,211,36741,0.0002177403990092812
be,bambi,8,212,36741,0.0002177403990092812
be,shark,8,213,36741,0.0002177403990092812
be,jason,8,214,36741,0.0002177403990092812
be,lisa,8,215,36741,0.0002177403990092812
be,kim,8,216,36741,0.0002177403990092812
be,night,7,217,36741,0.00019052284913312104
be,balloon,7,218,36741,0.00019052284913312104
be,box,7,219,36741,0.00019052284913312104
be,hasta,7,220,36741,0.00019052284913312104
be,floor,7,221,36741,0.00019052284913312104
be,dime,7,222,36741,0.00019052284913312104
be,carrot,7,223,36741,0.00019052284913312104
be,rabbit,7,224,36741,0.00019052284913312104
be,nose,7,225,36741,0.00019052284913312104
be,honey,7,226,36741,0.00019052284913312104
be,weather,7,227,36741,0.00019052284913312104
be,karen,7,228,36741,0.00019052284913312104
be,grandma,7,229,36741,0.00019052284913312104
be,supper,7,230,36741,0.00019052284913312104
be,plan,7,231,36741,0.00019052284913312104
be,meat,7,232,36741,0.00019052284913312104
be,change,7,233,36741,0.00019052284913312104
be,do,7,234,36741,0.00019052284913312104
be,kitty,7,235,36741,0.00019052284913312104
be,mr,7,236,36741,0.00019052284913312104
be,bed,7,237,36741,0.00019052284913312104
be,everyone,7,238,36741,0.00019052284913312104
be,cover,7,239,36741,0.00019052284913312104
be,wife,7,240,36741,0.00019052284913312104
be,candy,7,241,36741,0.00019052284913312104
be,key,7,242,36741,0.00019052284913312104
be,table,7,243,36741,0.00019052284913312104
be,bro,7,244,36741,0.00019052284913312104
be,sandwich,7,245,36741,0.00019052284913312104
be,james,7,246,36741,0.00019052284913312104
be,matty,7,247,36741,0.00019052284913312104
be,needta,7,248,36741,0.00019052284913312104
be,tissue,7,249,36741,0.00019052284913312104
be,his,7,250,36741,0.00019052284913312104
be,steven,7,251,36741,0.00019052284913312104
be,channel,7,252,36741,0.00019052284913312104
be,derwood,7,253,36741,0.00019052284913312104
be,graeme,7,254,36741,0.00019052284913312104
be,knife,6,255,36741,0.00016330529925696088
be,heart,6,256,36741,0.00016330529925696088
be,dad,6,257,36741,0.00016330529925696088
be,flavor,6,258,36741,0.00016330529925696088
be,elephant,6,259,36741,0.00016330529925696088
be,cow,6,260,36741,0.00016330529925696088
be,noise,6,261,36741,0.00016330529925696088
be,star,6,262,36741,0.00016330529925696088
be,doggie,6,263,36741,0.00016330529925696088
be,horse,6,264,36741,0.00016330529925696088
be,bow,6,265,36741,0.00016330529925696088
be,betty,6,266,36741,0.00016330529925696088
be,string,6,267,36741,0.00016330529925696088
be,grandpa,6,268,36741,0.00016330529925696088
be,dress,6,269,36741,0.00016330529925696088
be,tail,6,270,36741,0.00016330529925696088
be,six,6,271,36741,0.00016330529925696088
be,top,6,272,36741,0.00016330529925696088
be,sign,6,273,36741,0.00016330529925696088
be,bee,6,274,36741,0.00016330529925696088
be,ten,6,275,36741,0.00016330529925696088
be,idea,6,276,36741,0.00016330529925696088
be,little,6,277,36741,0.00016330529925696088
be,monster,6,278,36741,0.00016330529925696088
be,favorite,6,279,36741,0.00016330529925696088
be,another,6,280,36741,0.00016330529925696088
be,cub,6,281,36741,0.00016330529925696088
be,mark,6,282,36741,0.00016330529925696088
be,onion,6,283,36741,0.00016330529925696088
be,matthew,6,284,36741,0.00016330529925696088
be,wood,6,285,36741,0.00016330529925696088
be,steve,6,286,36741,0.00016330529925696088
be,date,6,287,36741,0.00016330529925696088
be,snow,6,288,36741,0.00016330529925696088
be,address,6,289,36741,0.00016330529925696088
be,remi,6,290,36741,0.00016330529925696088
be,nickel,6,291,36741,0.00016330529925696088
be,glasses,5,292,36741,0.00013608774938080075
be,wall,5,293,36741,0.00013608774938080075
be,clothes,5,294,36741,0.00013608774938080075
be,skin,5,295,36741,0.00013608774938080075
be,other,5,296,36741,0.00013608774938080075
be,rug,5,297,36741,0.00013608774938080075
be,face,5,298,36741,0.00013608774938080075
be,pen,5,299,36741,0.00013608774938080075
be,bottle,5,300,36741,0.00013608774938080075
be,none,5,301,36741,0.00013608774938080075
be,arm,5,302,36741,0.00013608774938080075
be,huh,5,303,36741,0.00013608774938080075
be,bill,5,304,36741,0.00013608774938080075
be,cousin,5,305,36741,0.00013608774938080075
be,don,5,306,36741,0.00013608774938080075
be,muscle,5,307,36741,0.00013608774938080075
be,clown,5,308,36741,0.00013608774938080075
be,stick,5,309,36741,0.00013608774938080075
be,danny,5,310,36741,0.00013608774938080075
be,week,5,311,36741,0.00013608774938080075
be,doll,5,312,36741,0.00013608774938080075
be,cream,5,313,36741,0.00013608774938080075
be,tomato,5,314,36741,0.00013608774938080075
be,line,5,315,36741,0.00013608774938080075
be,bus,5,316,36741,0.00013608774938080075
be,tire,5,317,36741,0.00013608774938080075
be,bug,5,318,36741,0.00013608774938080075
be,cent,5,319,36741,0.00013608774938080075
be,daughter,5,320,36741,0.00013608774938080075
be,peter,5,321,36741,0.00013608774938080075
be,pig,5,322,36741,0.00013608774938080075
be,rock,5,323,36741,0.00013608774938080075
be,president,5,324,36741,0.00013608774938080075
be,work,5,325,36741,0.00013608774938080075
be,puzzle,5,326,36741,0.00013608774938080075
be,phone,5,327,36741,0.00013608774938080075
be,street,5,328,36741,0.00013608774938080075
be,body,5,329,36741,0.00013608774938080075
be,franklin,5,330,36741,0.00013608774938080075
be,oven,5,331,36741,0.00013608774938080075
be,woman,5,332,36741,0.00013608774938080075
be,joyce,5,333,36741,0.00013608774938080075
be,ketchup,5,334,36741,0.00013608774938080075
be,rule,5,335,36741,0.00013608774938080075
be,voice,5,336,36741,0.00013608774938080075
be,throat,5,337,36741,0.00013608774938080075
be,twenty,5,338,36741,0.00013608774938080075
be,toast,5,339,36741,0.00013608774938080075
be,brian,5,340,36741,0.00013608774938080075
be,most,5,341,36741,0.00013608774938080075
be,tiger,5,342,36741,0.00013608774938080075
be,step,5,343,36741,0.00013608774938080075
be,leg,5,344,36741,0.00013608774938080075
be,space,5,345,36741,0.00013608774938080075
be,basket,5,346,36741,0.00013608774938080075
be,river,5,347,36741,0.00013608774938080075
be,sock,5,348,36741,0.00013608774938080075
be,gun,5,349,36741,0.00013608774938080075
be,garbage,5,350,36741,0.00013608774938080075
be,biscuit,5,351,36741,0.00013608774938080075
be,albert,5,352,36741,0.00013608774938080075
be,fruit,5,353,36741,0.00013608774938080075
be,t,5,354,36741,0.00013608774938080075
be,julia,5,355,36741,0.00013608774938080075
be,brush,5,356,36741,0.00013608774938080075
be,jack,4,357,36741,0.0001088701995046406
be,leaf,4,358,36741,0.0001088701995046406
be,leave,4,359,36741,0.0001088701995046406
be,lamb,4,360,36741,0.0001088701995046406
be,beach,4,361,36741,0.0001088701995046406
be,paint,4,362,36741,0.0001088701995046406
be,writing,4,363,36741,0.0001088701995046406
be,bell,4,364,36741,0.0001088701995046406
be,television,4,365,36741,0.0001088701995046406
be,page,4,366,36741,0.0001088701995046406
be,truck,4,367,36741,0.0001088701995046406
be,medicine,4,368,36741,0.0001088701995046406
be,pad,4,369,36741,0.0001088701995046406
be,owl,4,370,36741,0.0001088701995046406
be,size,4,371,36741,0.0001088701995046406
be,seven,4,372,36741,0.0001088701995046406
be,gail,4,373,36741,0.0001088701995046406
be,sense,4,374,36741,0.0001088701995046406
be,present,4,375,36741,0.0001088701995046406
be,husband,4,376,36741,0.0001088701995046406
be,kitchen,4,377,36741,0.0001088701995046406
be,sunday,4,378,36741,0.0001088701995046406
be,class,4,379,36741,0.0001088701995046406
be,price,4,380,36741,0.0001088701995046406
be,nightmare,4,381,36741,0.0001088701995046406
be,mariana,4,382,36741,0.0001088701995046406
be,plum,4,383,36741,0.0001088701995046406
be,oliver,4,384,36741,0.0001088701995046406
be,train,4,385,36741,0.0001088701995046406
be,farmer,4,386,36741,0.0001088701995046406
be,window,4,387,36741,0.0001088701995046406
be,alice,4,388,36741,0.0001088701995046406
be,pool,4,389,36741,0.0001088701995046406
be,christmas,4,390,36741,0.0001088701995046406
be,steak,4,391,36741,0.0001088701995046406
be,ice,4,392,36741,0.0001088701995046406
be,spinach,4,393,36741,0.0001088701995046406
be,folk,4,394,36741,0.0001088701995046406
be,clock,4,395,36741,0.0001088701995046406
be,airplane,4,396,36741,0.0001088701995046406
be,worm,4,397,36741,0.0001088701995046406
be,telephone,4,398,36741,0.0001088701995046406
be,machine,4,399,36741,0.0001088701995046406
be,question,4,400,36741,0.0001088701995046406
be,bunny,4,401,36741,0.0001088701995046406
be,pear,4,402,36741,0.0001088701995046406
be,doctor,4,403,36741,0.0001088701995046406
be,vegetable,4,404,36741,0.0001088701995046406
be,pajama,4,405,36741,0.0001088701995046406
be,traffic,4,406,36741,0.0001088701995046406
be,mcdonald,4,407,36741,0.0001088701995046406
be,operator,4,408,36741,0.0001088701995046406
be,belt,4,409,36741,0.0001088701995046406
be,puppy,4,410,36741,0.0001088701995046406
be,pin,4,411,36741,0.0001088701995046406
be,family,4,412,36741,0.0001088701995046406
be,stair,4,413,36741,0.0001088701995046406
be,holiday,4,414,36741,0.0001088701995046406
be,short,4,415,36741,0.0001088701995046406
be,fry,4,416,36741,0.0001088701995046406
be,cap,4,417,36741,0.0001088701995046406
be,whatever,4,418,36741,0.0001088701995046406
be,cubby,4,419,36741,0.0001088701995046406
be,heat,4,420,36741,0.0001088701995046406
be,william,4,421,36741,0.0001088701995046406
be,kip,4,422,36741,0.0001088701995046406
be,anyone,4,423,36741,0.0001088701995046406
be,road,4,424,36741,0.0001088701995046406
be,mia,4,425,36741,0.0001088701995046406
be,next,4,426,36741,0.0001088701995046406
be,patrick,4,427,36741,0.0001088701995046406
be,spot,4,428,36741,0.0001088701995046406
be,z,4,429,36741,0.0001088701995046406
be,kerry,4,430,36741,0.0001088701995046406
be,tisha,4,431,36741,0.0001088701995046406
be,gabriella,4,432,36741,0.0001088701995046406
be,sixteen,4,433,36741,0.0001088701995046406
be,allowance,4,434,36741,0.0001088701995046406
be,nine,3,435,36741,8.165264962848044e-05
be,turtle,3,436,36741,8.165264962848044e-05
be,pair,3,437,36741,8.165264962848044e-05
be,piano,3,438,36741,8.165264962848044e-05
be,farm,3,439,36741,8.165264962848044e-05
be,shoelace,3,440,36741,8.165264962848044e-05
be,country,3,441,36741,8.165264962848044e-05
be,button,3,442,36741,8.165264962848044e-05
be,trick,3,443,36741,8.165264962848044e-05
be,afternoon,3,444,36741,8.165264962848044e-05
be,coop,3,445,36741,8.165264962848044e-05
be,nickname,3,446,36741,8.165264962848044e-05
be,smoke,3,447,36741,8.165264962848044e-05
be,cold,3,448,36741,8.165264962848044e-05
be,tea,3,449,36741,8.165264962848044e-05
be,powder,3,450,36741,8.165264962848044e-05
be,stomach,3,451,36741,8.165264962848044e-05
be,third,3,452,36741,8.165264962848044e-05
be,billy,3,453,36741,8.165264962848044e-05
be,end,3,454,36741,8.165264962848044e-05
be,frog,3,455,36741,8.165264962848044e-05
be,mushroom,3,456,36741,8.165264962848044e-05
be,donald,3,457,36741,8.165264962848044e-05
be,recorder,3,458,36741,8.165264962848044e-05
be,pepper,3,459,36741,8.165264962848044e-05
be,grandmother,3,460,36741,8.165264962848044e-05
be,circle,3,461,36741,8.165264962848044e-05
be,policeman,3,462,36741,8.165264962848044e-05
be,mustard,3,463,36741,8.165264962848044e-05
be,stove,3,464,36741,8.165264962848044e-05
be,flower,3,465,36741,8.165264962848044e-05
be,sneaker,3,466,36741,8.165264962848044e-05
be,assoonas,3,467,36741,8.165264962848044e-05
be,hen,3,468,36741,8.165264962848044e-05
be,king,3,469,36741,8.165264962848044e-05
be,reindeer,3,470,36741,8.165264962848044e-05
be,rocket,3,471,36741,8.165264962848044e-05
be,case,3,472,36741,8.165264962848044e-05
be,pie,3,473,36741,8.165264962848044e-05
be,branch,3,474,36741,8.165264962848044e-05
be,waterfall,3,475,36741,8.165264962848044e-05
be,argument,3,476,36741,8.165264962848044e-05
be,friday,3,477,36741,8.165264962848044e-05
be,pail,3,478,36741,8.165264962848044e-05
be,creature,3,479,36741,8.165264962848044e-05
be,tray,3,480,36741,8.165264962848044e-05
be,shape,3,481,36741,8.165264962848044e-05
be,crow,3,482,36741,8.165264962848044e-05
be,stranger,3,483,36741,8.165264962848044e-05
be,pot,3,484,36741,8.165264962848044e-05
be,beanstalk,3,485,36741,8.165264962848044e-05
be,broom,3,486,36741,8.165264962848044e-05
be,chipmunk,3,487,36741,8.165264962848044e-05
be,spider,3,488,36741,8.165264962848044e-05
be,pascal,3,489,36741,8.165264962848044e-05
be,grizzly,3,490,36741,8.165264962848044e-05
be,strawberry,3,491,36741,8.165264962848044e-05
be,boot,3,492,36741,8.165264962848044e-05
be,prize,3,493,36741,8.165264962848044e-05
be,chris,3,494,36741,8.165264962848044e-05
be,soda,3,495,36741,8.165264962848044e-05
be,seed,3,496,36741,8.165264962848044e-05
be,wendy,3,497,36741,8.165264962848044e-05
be,lettuce,3,498,36741,8.165264962848044e-05
be,shell,3,499,36741,8.165264962848044e-05
be,weekend,3,500,36741,8.165264962848044e-05
be,test,3,501,36741,8.165264962848044e-05
be,need,3,502,36741,8.165264962848044e-05
be,beer,3,503,36741,8.165264962848044e-05
be,neither,3,504,36741,8.165264962848044e-05
be,white,3,505,36741,8.165264962848044e-05
be,cool,3,506,36741,8.165264962848044e-05
be,bridge,3,507,36741,8.165264962848044e-05
be,tv,3,508,36741,8.165264962848044e-05
be,roy,3,509,36741,8.165264962848044e-05
be,flood,3,510,36741,8.165264962848044e-05
be,eight,3,511,36741,8.165264962848044e-05
be,mike,3,512,36741,8.165264962848044e-05
be,answer,3,513,36741,8.165264962848044e-05
be,slide,3,514,36741,8.165264962848044e-05
be,snake,3,515,36741,8.165264962848044e-05
be,sadie,3,516,36741,8.165264962848044e-05
be,butterfly,3,517,36741,8.165264962848044e-05
be,old,3,518,36741,8.165264962848044e-05
be,web,3,519,36741,8.165264962848044e-05
be,twin,3,520,36741,8.165264962848044e-05
be,aquarium,3,521,36741,8.165264962848044e-05
be,tower,3,522,36741,8.165264962848044e-05
be,both,3,523,36741,8.165264962848044e-05
be,park,3,524,36741,8.165264962848044e-05
be,bad,3,525,36741,8.165264962848044e-05
be,scorpion,3,526,36741,8.165264962848044e-05
be,signal,3,527,36741,8.165264962848044e-05
be,shuttle,3,528,36741,8.165264962848044e-05
be,tony,3,529,36741,8.165264962848044e-05
be,mister,3,530,36741,8.165264962848044e-05
be,charlie,3,531,36741,8.165264962848044e-05
be,brett,3,532,36741,8.165264962848044e-05
be,month,3,533,36741,8.165264962848044e-05
be,bar,3,534,36741,8.165264962848044e-05
be,craig,3,535,36741,8.165264962848044e-05
be,switch,3,536,36741,8.165264962848044e-05
be,plug,3,537,36741,8.165264962848044e-05
be,thirty,3,538,36741,8.165264962848044e-05
be,johnathan,3,539,36741,8.165264962848044e-05
be,ground,3,540,36741,8.165264962848044e-05
be,mimi,3,541,36741,8.165264962848044e-05
be,whoop,3,542,36741,8.165264962848044e-05
be,gravy,3,543,36741,8.165264962848044e-05
be,excuse,3,544,36741,8.165264962848044e-05
be,stop,3,545,36741,8.165264962848044e-05
be,cereal,3,546,36741,8.165264962848044e-05
be,ear,3,547,36741,8.165264962848044e-05
be,tunde,3,548,36741,8.165264962848044e-05
be,air,3,549,36741,8.165264962848044e-05
be,fox,3,550,36741,8.165264962848044e-05
be,club,3,551,36741,8.165264962848044e-05
be,anthony,3,552,36741,8.165264962848044e-05
be,indian,3,553,36741,8.165264962848044e-05
be,momma,3,554,36741,8.165264962848044e-05
be,needle,3,555,36741,8.165264962848044e-05
be,trina,3,556,36741,8.165264962848044e-05
be,joey,3,557,36741,8.165264962848044e-05
be,record,3,558,36741,8.165264962848044e-05
be,ankle,3,559,36741,8.165264962848044e-05
be,zoe,3,560,36741,8.165264962848044e-05
be,homework,3,561,36741,8.165264962848044e-05
be,perri,3,562,36741,8.165264962848044e-05
be,restaurant,3,563,36741,8.165264962848044e-05
be,eighteen,3,564,36741,8.165264962848044e-05
be,spring,3,565,36741,8.165264962848044e-05
be,pocket,3,566,36741,8.165264962848044e-05
be,quarter,3,567,36741,8.165264962848044e-05
be,fruitoftheloom,3,568,36741,8.165264962848044e-05
be,sauce,3,569,36741,8.165264962848044e-05
be,cockroach,3,570,36741,8.165264962848044e-05
be,robbie,3,571,36741,8.165264962848044e-05
be,cherry,3,572,36741,8.165264962848044e-05
be,score,3,573,36741,8.165264962848044e-05
be,poo,2,574,36741,5.44350997523203e-05
be,artichoke,2,575,36741,5.44350997523203e-05
be,extra,2,576,36741,5.44350997523203e-05
be,halloween,2,577,36741,5.44350997523203e-05
be,amount,2,578,36741,5.44350997523203e-05
be,mummy,2,579,36741,5.44350997523203e-05
be,allergy,2,580,36741,5.44350997523203e-05
be,neck,2,581,36741,5.44350997523203e-05
be,church,2,582,36741,5.44350997523203e-05
be,harp,2,583,36741,5.44350997523203e-05
be,fifteen,2,584,36741,5.44350997523203e-05
be,santa,2,585,36741,5.44350997523203e-05
be,set,2,586,36741,5.44350997523203e-05
be,vanilla,2,587,36741,5.44350997523203e-05
be,home,2,588,36741,5.44350997523203e-05
be,design,2,589,36741,5.44350997523203e-05
be,object,2,590,36741,5.44350997523203e-05
be,costume,2,591,36741,5.44350997523203e-05
be,instruction,2,592,36741,5.44350997523203e-05
be,wing,2,593,36741,5.44350997523203e-05
be,parade,2,594,36741,5.44350997523203e-05
be,alexander,2,595,36741,5.44350997523203e-05
be,kangaroo,2,596,36741,5.44350997523203e-05
be,jesus,2,597,36741,5.44350997523203e-05
be,robin,2,598,36741,5.44350997523203e-05
be,direction,2,599,36741,5.44350997523203e-05
be,expression,2,600,36741,5.44350997523203e-05
be,annmarie,2,601,36741,5.44350997523203e-05
be,elaine,2,602,36741,5.44350997523203e-05
be,john,2,603,36741,5.44350997523203e-05
be,splinter,2,604,36741,5.44350997523203e-05
be,skirt,2,605,36741,5.44350997523203e-05
be,good,2,606,36741,5.44350997523203e-05
be,her,2,607,36741,5.44350997523203e-05
be,accident,2,608,36741,5.44350997523203e-05
be,chimney,2,609,36741,5.44350997523203e-05
be,flight,2,610,36741,5.44350997523203e-05
be,payday,2,611,36741,5.44350997523203e-05
be,bozo,2,612,36741,5.44350997523203e-05
be,mirror,2,613,36741,5.44350997523203e-05
be,comb,2,614,36741,5.44350997523203e-05
be,wednesday,2,615,36741,5.44350997523203e-05
be,ann,2,616,36741,5.44350997523203e-05
be,cord,2,617,36741,5.44350997523203e-05
be,soap,2,618,36741,5.44350997523203e-05
be,factory,2,619,36741,5.44350997523203e-05
be,georgie,2,620,36741,5.44350997523203e-05
be,come,2,621,36741,5.44350997523203e-05
be,play,2,622,36741,5.44350997523203e-05
be,ballerina,2,623,36741,5.44350997523203e-05
be,army,2,624,36741,5.44350997523203e-05
be,laurie,2,625,36741,5.44350997523203e-05
be,slot,2,626,36741,5.44350997523203e-05
be,cheryl,2,627,36741,5.44350997523203e-05
be,judy,2,628,36741,5.44350997523203e-05
be,grownup,2,629,36741,5.44350997523203e-05
be,aerobics,2,630,36741,5.44350997523203e-05
be,cheerleader,2,631,36741,5.44350997523203e-05
be,firstname,2,632,36741,5.44350997523203e-05
be,zoo,2,633,36741,5.44350997523203e-05
be,o,2,634,36741,5.44350997523203e-05
be,archie,2,635,36741,5.44350997523203e-05
be,feeling,2,636,36741,5.44350997523203e-05
be,register,2,637,36741,5.44350997523203e-05
be,watermelon,2,638,36741,5.44350997523203e-05
be,wrench,2,639,36741,5.44350997523203e-05
be,nut,2,640,36741,5.44350997523203e-05
be,sandy,2,641,36741,5.44350997523203e-05
be,couch,2,642,36741,5.44350997523203e-05
be,necklace,2,643,36741,5.44350997523203e-05
be,garage,2,644,36741,5.44350997523203e-05
be,front,2,645,36741,5.44350997523203e-05
be,furniture,2,646,36741,5.44350997523203e-05
be,winter,2,647,36741,5.44350997523203e-05
be,business,2,648,36741,5.44350997523203e-05
be,junior,2,649,36741,5.44350997523203e-05
be,cindy,2,650,36741,5.44350997523203e-05
be,hall,2,651,36741,5.44350997523203e-05
be,vacation,2,652,36741,5.44350997523203e-05
be,pancake,2,653,36741,5.44350997523203e-05
be,recipe,2,654,36741,5.44350997523203e-05
be,world,2,655,36741,5.44350997523203e-05
be,lake,2,656,36741,5.44350997523203e-05
be,ride,2,657,36741,5.44350997523203e-05
be,chocolate,2,658,36741,5.44350997523203e-05
be,dessert,2,659,36741,5.44350997523203e-05
be,clam,2,660,36741,5.44350997523203e-05
be,back,2,661,36741,5.44350997523203e-05
be,sis,2,662,36741,5.44350997523203e-05
be,brown,2,663,36741,5.44350997523203e-05
be,salt,2,664,36741,5.44350997523203e-05
be,dream,2,665,36741,5.44350997523203e-05
be,spaghetti,2,666,36741,5.44350997523203e-05
be,saucer,2,667,36741,5.44350997523203e-05
be,monkey,2,668,36741,5.44350997523203e-05
be,adrian,2,669,36741,5.44350997523203e-05
be,meal,2,670,36741,5.44350997523203e-05
be,uncle,2,671,36741,5.44350997523203e-05
be,closet,2,672,36741,5.44350997523203e-05
be,minnie,2,673,36741,5.44350997523203e-05
be,teddy,2,674,36741,5.44350997523203e-05
be,violet,2,675,36741,5.44350997523203e-05
be,witch,2,676,36741,5.44350997523203e-05
be,gretel,2,677,36741,5.44350997523203e-05
be,plant,2,678,36741,5.44350997523203e-05
be,doubt,2,679,36741,5.44350997523203e-05
be,bike,2,680,36741,5.44350997523203e-05
be,sword,2,681,36741,5.44350997523203e-05
be,christopher,2,682,36741,5.44350997523203e-05
be,wind,2,683,36741,5.44350997523203e-05
be,meadow,2,684,36741,5.44350997523203e-05
be,duckie,2,685,36741,5.44350997523203e-05
be,goat,2,686,36741,5.44350997523203e-05
be,fishing,2,687,36741,5.44350997523203e-05
be,music,2,688,36741,5.44350997523203e-05
be,piggy,2,689,36741,5.44350997523203e-05
be,denise,2,690,36741,5.44350997523203e-05
be,michelle,2,691,36741,5.44350997523203e-05
be,herb,2,692,36741,5.44350997523203e-05
be,wait,2,693,36741,5.44350997523203e-05
be,april,2,694,36741,5.44350997523203e-05
be,cartoon,2,695,36741,5.44350997523203e-05
be,thursday,2,696,36741,5.44350997523203e-05
be,mistake,2,697,36741,5.44350997523203e-05
be,meeting,2,698,36741,5.44350997523203e-05
be,comet,2,699,36741,5.44350997523203e-05
be,ma,2,700,36741,5.44350997523203e-05
be,brain,2,701,36741,5.44350997523203e-05
be,potato,2,702,36741,5.44350997523203e-05
be,clay,2,703,36741,5.44350997523203e-05
be,cutie,2,704,36741,5.44350997523203e-05
be,ant,2,705,36741,5.44350997523203e-05
be,recording,2,706,36741,5.44350997523203e-05
be,hello,2,707,36741,5.44350997523203e-05
be,hose,2,708,36741,5.44350997523203e-05
be,tongue,2,709,36741,5.44350997523203e-05
be,dance,2,710,36741,5.44350997523203e-05
be,oclock,2,711,36741,5.44350997523203e-05
be,black,2,712,36741,5.44350997523203e-05
be,uhhuh,2,713,36741,5.44350997523203e-05
be,lion,2,714,36741,5.44350997523203e-05
be,duncan,2,715,36741,5.44350997523203e-05
be,hut,2,716,36741,5.44350997523203e-05
be,abe,2,717,36741,5.44350997523203e-05
be,dirt,2,718,36741,5.44350997523203e-05
be,snack,2,719,36741,5.44350997523203e-05
be,mitten,2,720,36741,5.44350997523203e-05
be,men,2,721,36741,5.44350997523203e-05
be,forehead,2,722,36741,5.44350997523203e-05
be,lip,2,723,36741,5.44350997523203e-05
be,cloud,2,724,36741,5.44350997523203e-05
be,fort,2,725,36741,5.44350997523203e-05
be,stock,2,726,36741,5.44350997523203e-05
be,amye,2,727,36741,5.44350997523203e-05
be,auntdenise,2,728,36741,5.44350997523203e-05
be,patch,2,729,36741,5.44350997523203e-05
be,pink,2,730,36741,5.44350997523203e-05
be,toby,2,731,36741,5.44350997523203e-05
be,e,2,732,36741,5.44350997523203e-05
be,fishy,2,733,36741,5.44350997523203e-05
be,look,2,734,36741,5.44350997523203e-05
be,spanish,2,735,36741,5.44350997523203e-05
be,clue,2,736,36741,5.44350997523203e-05
be,building,2,737,36741,5.44350997523203e-05
be,magic,2,738,36741,5.44350997523203e-05
be,stinky,2,739,36741,5.44350997523203e-05
be,elevator,2,740,36741,5.44350997523203e-05
be,bubble,2,741,36741,5.44350997523203e-05
be,roman,2,742,36741,5.44350997523203e-05
be,goodness,2,743,36741,5.44350997523203e-05
be,george,2,744,36741,5.44350997523203e-05
be,cameron,2,745,36741,5.44350997523203e-05
be,washington,2,746,36741,5.44350997523203e-05
be,lincoln,2,747,36741,5.44350997523203e-05
be,tub,2,748,36741,5.44350997523203e-05
be,smile,2,749,36741,5.44350997523203e-05
be,liz,2,750,36741,5.44350997523203e-05
be,sophie,2,751,36741,5.44350997523203e-05
be,reading,2,752,36741,5.44350997523203e-05
be,tarantula,2,753,36741,5.44350997523203e-05
be,giraffe,2,754,36741,5.44350997523203e-05
be,cleanup,2,755,36741,5.44350997523203e-05
be,unh,2,756,36741,5.44350997523203e-05
be,hell,2,757,36741,5.44350997523203e-05
be,film,2,758,36741,5.44350997523203e-05
be,summer,2,759,36741,5.44350997523203e-05
be,underwear,2,760,36741,5.44350997523203e-05
be,andy,2,761,36741,5.44350997523203e-05
be,march,2,762,36741,5.44350997523203e-05
be,thigh,2,763,36741,5.44350997523203e-05
be,birthstone,2,764,36741,5.44350997523203e-05
be,gorilla,2,765,36741,5.44350997523203e-05
be,jenny,2,766,36741,5.44350997523203e-05
be,student,2,767,36741,5.44350997523203e-05
be,leader,2,768,36741,5.44350997523203e-05
be,player,2,769,36741,5.44350997523203e-05
be,jasper,2,770,36741,5.44350997523203e-05
be,dexter,2,771,36741,5.44350997523203e-05
be,dave,2,772,36741,5.44350997523203e-05
be,rib,2,773,36741,5.44350997523203e-05
be,stump,2,774,36741,5.44350997523203e-05
be,delay,2,775,36741,5.44350997523203e-05
be,chip,2,776,36741,5.44350997523203e-05
be,robert,2,777,36741,5.44350997523203e-05
be,bank,2,778,36741,5.44350997523203e-05
be,dragon,2,779,36741,5.44350997523203e-05
be,carpeting,2,780,36741,5.44350997523203e-05
be,ham,2,781,36741,5.44350997523203e-05
be,phillip,2,782,36741,5.44350997523203e-05
be,miss,2,783,36741,5.44350997523203e-05
be,pan,2,784,36741,5.44350997523203e-05
be,static,2,785,36741,5.44350997523203e-05
be,eric,2,786,36741,5.44350997523203e-05
be,debbie,2,787,36741,5.44350997523203e-05
be,squirrel,2,788,36741,5.44350997523203e-05
be,assoona,2,789,36741,5.44350997523203e-05
be,tracy,2,790,36741,5.44350997523203e-05
be,point,2,791,36741,5.44350997523203e-05
be,dopey,2,792,36741,5.44350997523203e-05
be,minute,2,793,36741,5.44350997523203e-05
be,von,2,794,36741,5.44350997523203e-05
be,umbrella,2,795,36741,5.44350997523203e-05
be,station,2,796,36741,5.44350997523203e-05
be,vanessa,2,797,36741,5.44350997523203e-05
be,hook,2,798,36741,5.44350997523203e-05
be,help,2,799,36741,5.44350997523203e-05
be,kelly,2,800,36741,5.44350997523203e-05
be,garland,2,801,36741,5.44350997523203e-05
be,arlene,2,802,36741,5.44350997523203e-05
be,rooky,2,803,36741,5.44350997523203e-05
be,todd,2,804,36741,5.44350997523203e-05
be,vacancy,2,805,36741,5.44350997523203e-05
be,frequency,2,806,36741,5.44350997523203e-05
be,transmitter,2,807,36741,5.44350997523203e-05
be,tarence,2,808,36741,5.44350997523203e-05
be,shoulder,2,809,36741,5.44350997523203e-05
be,scarf,2,810,36741,5.44350997523203e-05
be,workbook,2,811,36741,5.44350997523203e-05
be,volume,2,812,36741,5.44350997523203e-05
be,monday,2,813,36741,5.44350997523203e-05
be,where,2,814,36741,5.44350997523203e-05
be,curtain,2,815,36741,5.44350997523203e-05
be,stone,2,816,36741,5.44350997523203e-05
be,roland,2,817,36741,5.44350997523203e-05
be,turkey,2,818,36741,5.44350997523203e-05
be,ticket,2,819,36741,5.44350997523203e-05
be,love,2,820,36741,5.44350997523203e-05
be,hour,2,821,36741,5.44350997523203e-05
be,easter,2,822,36741,5.44350997523203e-05
be,nursery,2,823,36741,5.44350997523203e-05
be,monique,2,824,36741,5.44350997523203e-05
be,adrienne,2,825,36741,5.44350997523203e-05
be,meike,2,826,36741,5.44350997523203e-05
be,blood,2,827,36741,5.44350997523203e-05
be,gerbil,2,828,36741,5.44350997523203e-05
be,intellect,2,829,36741,5.44350997523203e-05
be,bernice,2,830,36741,5.44350997523203e-05
be,rush,2,831,36741,5.44350997523203e-05
be,beard,2,832,36741,5.44350997523203e-05
be,otto,2,833,36741,5.44350997523203e-05
be,portion,2,834,36741,5.44350997523203e-05
be,ed,2,835,36741,5.44350997523203e-05
be,tushy,2,836,36741,5.44350997523203e-05
be,toddy,2,837,36741,5.44350997523203e-05
be,pet,2,838,36741,5.44350997523203e-05
be,dynamite,2,839,36741,5.44350997523203e-05
be,anne,2,840,36741,5.44350997523203e-05
be,container,2,841,36741,5.44350997523203e-05
be,lung,2,842,36741,5.44350997523203e-05
be,lunch,2,843,36741,5.44350997523203e-05
be,lucy,2,844,36741,5.44350997523203e-05
be,shawn,2,845,36741,5.44350997523203e-05
be,bride,2,846,36741,5.44350997523203e-05
be,bermuda,2,847,36741,5.44350997523203e-05
be,hurry,2,848,36741,5.44350997523203e-05
be,tonight,2,849,36741,5.44350997523203e-05
be,talking,1,850,36741,2.721754987616015e-05
be,gerad,1,851,36741,2.721754987616015e-05
be,fat,1,852,36741,2.721754987616015e-05
be,sue,1,853,36741,2.721754987616015e-05
be,swww,1,854,36741,2.721754987616015e-05
be,mrs,1,855,36741,2.721754987616015e-05
be,gwww,1,856,36741,2.721754987616015e-05
be,icecream,1,857,36741,2.721754987616015e-05
be,sandman,1,858,36741,2.721754987616015e-05
be,kite,1,859,36741,2.721754987616015e-05
be,spill,1,860,36741,2.721754987616015e-05
be,mwww,1,861,36741,2.721754987616015e-05
be,pride,1,862,36741,2.721754987616015e-05
be,fridge,1,863,36741,2.721754987616015e-05
be,steeple,1,864,36741,2.721754987616015e-05
be,tuba,1,865,36741,2.721754987616015e-05
be,streaking,1,866,36741,2.721754987616015e-05
be,swimmy,1,867,36741,2.721754987616015e-05
be,city,1,868,36741,2.721754987616015e-05
be,horsie,1,869,36741,2.721754987616015e-05
be,ursula,1,870,36741,2.721754987616015e-05
be,nipple,1,871,36741,2.721754987616015e-05
be,punch,1,872,36741,2.721754987616015e-05
be,cabinet,1,873,36741,2.721754987616015e-05
be,rinny,1,874,36741,2.721754987616015e-05
be,diandra,1,875,36741,2.721754987616015e-05
be,ringo,1,876,36741,2.721754987616015e-05
be,wrist,1,877,36741,2.721754987616015e-05
be,telescope,1,878,36741,2.721754987616015e-05
be,target,1,879,36741,2.721754987616015e-05
be,dodge,1,880,36741,2.721754987616015e-05
be,wee,1,881,36741,2.721754987616015e-05
be,cry,1,882,36741,2.721754987616015e-05
be,tommies,1,883,36741,2.721754987616015e-05
be,uncletommy,1,884,36741,2.721754987616015e-05
be,dollie,1,885,36741,2.721754987616015e-05
be,whistle,1,886,36741,2.721754987616015e-05
be,funeral,1,887,36741,2.721754987616015e-05
be,beatles,1,888,36741,2.721754987616015e-05
be,peppy,1,889,36741,2.721754987616015e-05
be,race,1,890,36741,2.721754987616015e-05
be,nardeen,1,891,36741,2.721754987616015e-05
be,pierre,1,892,36741,2.721754987616015e-05
be,castle,1,893,36741,2.721754987616015e-05
be,shirley,1,894,36741,2.721754987616015e-05
be,rubbish,1,895,36741,2.721754987616015e-05
be,hippity,1,896,36741,2.721754987616015e-05
be,heck,1,897,36741,2.721754987616015e-05
be,nod,1,898,36741,2.721754987616015e-05
be,cotton,1,899,36741,2.721754987616015e-05
be,ashtray,1,900,36741,2.721754987616015e-05
be,squabble,1,901,36741,2.721754987616015e-05
be,sharon,1,902,36741,2.721754987616015e-05
be,cissy,1,903,36741,2.721754987616015e-05
be,courtney,1,904,36741,2.721754987616015e-05
be,lash,1,905,36741,2.721754987616015e-05
be,stem,1,906,36741,2.721754987616015e-05
be,millisandy,1,907,36741,2.721754987616015e-05
be,oldsmobile,1,908,36741,2.721754987616015e-05
be,spell,1,909,36741,2.721754987616015e-05
be,gigolo,1,910,36741,2.721754987616015e-05
be,b,1,911,36741,2.721754987616015e-05
be,babyboo,1,912,36741,2.721754987616015e-05
be,sheryl,1,913,36741,2.721754987616015e-05
be,carriage,1,914,36741,2.721754987616015e-05
be,deck,1,915,36741,2.721754987616015e-05
be,mint,1,916,36741,2.721754987616015e-05
be,limit,1,917,36741,2.721754987616015e-05
be,nozo,1,918,36741,2.721754987616015e-05
be,unclebuster,1,919,36741,2.721754987616015e-05
be,nephew,1,920,36741,2.721754987616015e-05
be,glue,1,921,36741,2.721754987616015e-05
be,fingernail,1,922,36741,2.721754987616015e-05
be,nana,1,923,36741,2.721754987616015e-05
be,humpty,1,924,36741,2.721754987616015e-05
be,dumpty,1,925,36741,2.721754987616015e-05
be,alphabet,1,926,36741,2.721754987616015e-05
be,martian,1,927,36741,2.721754987616015e-05
be,sixth,1,928,36741,2.721754987616015e-05
be,auntie,1,929,36741,2.721754987616015e-05
be,recital,1,930,36741,2.721754987616015e-05
be,tide,1,931,36741,2.721754987616015e-05
be,stool,1,932,36741,2.721754987616015e-05
be,queen,1,933,36741,2.721754987616015e-05
be,panama,1,934,36741,2.721754987616015e-05
be,chantilly,1,935,36741,2.721754987616015e-05
be,teppy,1,936,36741,2.721754987616015e-05
be,timothy,1,937,36741,2.721754987616015e-05
be,state,1,938,36741,2.721754987616015e-05
be,july,1,939,36741,2.721754987616015e-05
be,laura,1,940,36741,2.721754987616015e-05
be,arizona,1,941,36741,2.721754987616015e-05
be,mary,1,942,36741,2.721754987616015e-05
be,maryann,1,943,36741,2.721754987616015e-05
be,kathy,1,944,36741,2.721754987616015e-05
be,prince,1,945,36741,2.721754987616015e-05
be,toymaker,1,946,36741,2.721754987616015e-05
be,sailor,1,947,36741,2.721754987616015e-05
be,sand,1,948,36741,2.721754987616015e-05
be,figure,1,949,36741,2.721754987616015e-05
be,museum,1,950,36741,2.721754987616015e-05
be,pea,1,951,36741,2.721754987616015e-05
be,blueberry,1,952,36741,2.721754987616015e-05
be,cognac,1,953,36741,2.721754987616015e-05
be,creme,1,954,36741,2.721754987616015e-05
be,apartment,1,955,36741,2.721754987616015e-05
be,kouella,1,956,36741,2.721754987616015e-05
be,ballot,1,957,36741,2.721754987616015e-05
be,election,1,958,36741,2.721754987616015e-05
be,carter,1,959,36741,2.721754987616015e-05
be,republican,1,960,36741,2.721754987616015e-05
be,winkle,1,961,36741,2.721754987616015e-05
be,asparagus,1,962,36741,2.721754987616015e-05
be,yenta,1,963,36741,2.721754987616015e-05
be,owen,1,964,36741,2.721754987616015e-05
be,lilly,1,965,36741,2.721754987616015e-05
be,sissy,1,966,36741,2.721754987616015e-05
be,spacey,1,967,36741,2.721754987616015e-05
be,brownie,1,968,36741,2.721754987616015e-05
be,blanket,1,969,36741,2.721754987616015e-05
be,rachel,1,970,36741,2.721754987616015e-05
be,lasagne,1,971,36741,2.721754987616015e-05
be,mud,1,972,36741,2.721754987616015e-05
be,bumper,1,973,36741,2.721754987616015e-05
be,bolt,1,974,36741,2.721754987616015e-05
be,cling,1,975,36741,2.721754987616015e-05
be,quik,1,976,36741,2.721754987616015e-05
be,cocoa,1,977,36741,2.721754987616015e-05
be,trunk,1,978,36741,2.721754987616015e-05
be,edward,1,979,36741,2.721754987616015e-05
be,real,1,980,36741,2.721754987616015e-05
be,angry,1,981,36741,2.721754987616015e-05
be,playdough,1,982,36741,2.721754987616015e-05
be,guess,1,983,36741,2.721754987616015e-05
be,rain,1,984,36741,2.721754987616015e-05
be,nest,1,985,36741,2.721754987616015e-05
be,painter,1,986,36741,2.721754987616015e-05
be,million,1,987,36741,2.721754987616015e-05
be,earth,1,988,36741,2.721754987616015e-05
be,stegosaurus,1,989,36741,2.721754987616015e-05
be,sweater,1,990,36741,2.721754987616015e-05
be,scrapbook,1,991,36741,2.721754987616015e-05
be,nitten,1,992,36741,2.721754987616015e-05
be,yarn,1,993,36741,2.721754987616015e-05
be,merchant,1,994,36741,2.721754987616015e-05
be,wedding,1,995,36741,2.721754987616015e-05
be,character,1,996,36741,2.721754987616015e-05
be,mean,1,997,36741,2.721754987616015e-05
be,bang,1,998,36741,2.721754987616015e-05
be,coach,1,999,36741,2.721754987616015e-05
be,rudolf,1,1000,36741,2.721754987616015e-05
be,dasher,1,1001,36741,2.721754987616015e-05
be,jennifer,1,1002,36741,2.721754987616015e-05
be,logan,1,1003,36741,2.721754987616015e-05
be,chucky,1,1004,36741,2.721754987616015e-05
be,cupcake,1,1005,36741,2.721754987616015e-05
be,lollipop,1,1006,36741,2.721754987616015e-05
be,knock,1,1007,36741,2.721754987616015e-05
be,lipstick,1,1008,36741,2.721754987616015e-05
be,shampoo,1,1009,36741,2.721754987616015e-05
be,cockpit,1,1010,36741,2.721754987616015e-05
be,map,1,1011,36741,2.721754987616015e-05
be,rosamund,1,1012,36741,2.721754987616015e-05
be,claude,1,1013,36741,2.721754987616015e-05
be,shadow,1,1014,36741,2.721754987616015e-05
be,ache,1,1015,36741,2.721754987616015e-05
be,fleece,1,1016,36741,2.721754987616015e-05
be,sea,1,1017,36741,2.721754987616015e-05
be,rat,1,1018,36741,2.721754987616015e-05
be,hill,1,1019,36741,2.721754987616015e-05
be,headlight,1,1020,36741,2.721754987616015e-05
be,moonlight,1,1021,36741,2.721754987616015e-05
be,snowball,1,1022,36741,2.721754987616015e-05
be,dodo,1,1023,36741,2.721754987616015e-05
be,smoking,1,1024,36741,2.721754987616015e-05
be,mallet,1,1025,36741,2.721754987616015e-05
be,knave,1,1026,36741,2.721754987616015e-05
be,adventure,1,1027,36741,2.721754987616015e-05
be,carnival,1,1028,36741,2.721754987616015e-05
be,mama,1,1029,36741,2.721754987616015e-05
be,carmen,1,1030,36741,2.721754987616015e-05
be,vcr,1,1031,36741,2.721754987616015e-05
be,popcorn,1,1032,36741,2.721754987616015e-05
be,sensitive,1,1033,36741,2.721754987616015e-05
be,squeal,1,1034,36741,2.721754987616015e-05
be,cape,1,1035,36741,2.721754987616015e-05
be,bite,1,1036,36741,2.721754987616015e-05
be,camping,1,1037,36741,2.721754987616015e-05
be,conditioner,1,1038,36741,2.721754987616015e-05
be,darlene,1,1039,36741,2.721754987616015e-05
be,bryan,1,1040,36741,2.721754987616015e-05
be,pepsi,1,1041,36741,2.721754987616015e-05
be,scallop,1,1042,36741,2.721754987616015e-05
be,shrimp,1,1043,36741,2.721754987616015e-05
be,seahorse,1,1044,36741,2.721754987616015e-05
be,pinnochio,1,1045,36741,2.721754987616015e-05
be,share,1,1046,36741,2.721754987616015e-05
be,cucumber,1,1047,36741,2.721754987616015e-05
be,joanne,1,1048,36741,2.721754987616015e-05
be,nice,1,1049,36741,2.721754987616015e-05
be,nicky,1,1050,36741,2.721754987616015e-05
be,arlo,1,1051,36741,2.721754987616015e-05
be,minivan,1,1052,36741,2.721754987616015e-05
be,pitcher,1,1053,36741,2.721754987616015e-05
be,moose,1,1054,36741,2.721754987616015e-05
be,creamer,1,1055,36741,2.721754987616015e-05
be,kermit,1,1056,36741,2.721754987616015e-05
be,fozzy,1,1057,36741,2.721754987616015e-05
be,helmet,1,1058,36741,2.721754987616015e-05
be,engine,1,1059,36741,2.721754987616015e-05
be,gift,1,1060,36741,2.721754987616015e-05
be,harm,1,1061,36741,2.721754987616015e-05
be,saying,1,1062,36741,2.721754987616015e-05
be,plane,1,1063,36741,2.721754987616015e-05
be,giant,1,1064,36741,2.721754987616015e-05
be,radio,1,1065,36741,2.721754987616015e-05
be,wrinkle,1,1066,36741,2.721754987616015e-05
be,greta,1,1067,36741,2.721754987616015e-05
be,click,1,1068,36741,2.721754987616015e-05
be,passenger,1,1069,36741,2.721754987616015e-05
be,donkey,1,1070,36741,2.721754987616015e-05
be,stepmother,1,1071,36741,2.721754987616015e-05
be,hansel,1,1072,36741,2.721754987616015e-05
be,bluebird,1,1073,36741,2.721754987616015e-05
be,illustration,1,1074,36741,2.721754987616015e-05
be,tritylodon,1,1075,36741,2.721754987616015e-05
be,mesohippus,1,1076,36741,2.721754987616015e-05
be,metatherian,1,1077,36741,2.721754987616015e-05
be,gladydoledon,1,1078,36741,2.721754987616015e-05
be,mammoth,1,1079,36741,2.721754987616015e-05
be,elasmotherium,1,1080,36741,2.721754987616015e-05
be,megatherium,1,1081,36741,2.721754987616015e-05
be,procamelus,1,1082,36741,2.721754987616015e-05
be,brand,1,1083,36741,2.721754987616015e-05
be,gate,1,1084,36741,2.721754987616015e-05
be,gentleman,1,1085,36741,2.721754987616015e-05
be,use,1,1086,36741,2.721754987616015e-05
be,raggedy,1,1087,36741,2.721754987616015e-05
be,poodle,1,1088,36741,2.721754987616015e-05
be,grandfather,1,1089,36741,2.721754987616015e-05
be,silence,1,1090,36741,2.721754987616015e-05
be,tam,1,1091,36741,2.721754987616015e-05
be,duckling,1,1092,36741,2.721754987616015e-05
be,chick,1,1093,36741,2.721754987616015e-05
be,paddington,1,1094,36741,2.721754987616015e-05
be,lemonade,1,1095,36741,2.721754987616015e-05
be,inn,1,1096,36741,2.721754987616015e-05
be,fly,1,1097,36741,2.721754987616015e-05
be,terry,1,1098,36741,2.721754987616015e-05
be,dancer,1,1099,36741,2.721754987616015e-05
be,helicopter,1,1100,36741,2.721754987616015e-05
be,lobster,1,1101,36741,2.721754987616015e-05
be,crier,1,1102,36741,2.721754987616015e-05
be,oxygen,1,1103,36741,2.721754987616015e-05
be,shannon,1,1104,36741,2.721754987616015e-05
be,chihas,1,1105,36741,2.721754987616015e-05
be,imbalance,1,1106,36741,2.721754987616015e-05
be,fluid,1,1107,36741,2.721754987616015e-05
be,theatre,1,1108,36741,2.721754987616015e-05
be,bert,1,1109,36741,2.721754987616015e-05
be,pork,1,1110,36741,2.721754987616015e-05
be,loraine,1,1111,36741,2.721754987616015e-05
be,frosting,1,1112,36741,2.721754987616015e-05
be,trip,1,1113,36741,2.721754987616015e-05
be,bedtime,1,1114,36741,2.721754987616015e-05
be,scooter,1,1115,36741,2.721754987616015e-05
be,soccer,1,1116,36741,2.721754987616015e-05
be,boss,1,1117,36741,2.721754987616015e-05
be,max,1,1118,36741,2.721754987616015e-05
be,brohas,1,1119,36741,2.721754987616015e-05
be,jessica,1,1120,36741,2.721754987616015e-05
be,load,1,1121,36741,2.721754987616015e-05
be,tangerine,1,1122,36741,2.721754987616015e-05
be,thumb,1,1123,36741,2.721754987616015e-05
be,bony,1,1124,36741,2.721754987616015e-05
be,iguana,1,1125,36741,2.721754987616015e-05
be,danielle,1,1126,36741,2.721754987616015e-05
be,beak,1,1127,36741,2.721754987616015e-05
be,massachusetts,1,1128,36741,2.721754987616015e-05
be,mousse,1,1129,36741,2.721754987616015e-05
be,degree,1,1130,36741,2.721754987616015e-05
be,cordonbleu,1,1131,36741,2.721754987616015e-05
be,grandmom,1,1132,36741,2.721754987616015e-05
be,bun,1,1133,36741,2.721754987616015e-05
be,alley,1,1134,36741,2.721754987616015e-05
be,cockport,1,1135,36741,2.721754987616015e-05
be,broccoli,1,1136,36741,2.721754987616015e-05
be,blower,1,1137,36741,2.721754987616015e-05
be,catch,1,1138,36741,2.721754987616015e-05
be,edmund,1,1139,36741,2.721754987616015e-05
be,adams,1,1140,36741,2.721754987616015e-05
be,mantise,1,1141,36741,2.721754987616015e-05
be,sweetheart,1,1142,36741,2.721754987616015e-05
be,breakfast,1,1143,36741,2.721754987616015e-05
be,mikey,1,1144,36741,2.721754987616015e-05
be,earl,1,1145,36741,2.721754987616015e-05
be,brandon,1,1146,36741,2.721754987616015e-05
be,roommate,1,1147,36741,2.721754987616015e-05
be,dalmation,1,1148,36741,2.721754987616015e-05
be,pack,1,1149,36741,2.721754987616015e-05
be,heavy,1,1150,36741,2.721754987616015e-05
be,joline,1,1151,36741,2.721754987616015e-05
be,hotdog,1,1152,36741,2.721754987616015e-05
be,start,1,1153,36741,2.721754987616015e-05
be,polish,1,1154,36741,2.721754987616015e-05
be,tangle,1,1155,36741,2.721754987616015e-05
be,gumdrop,1,1156,36741,2.721754987616015e-05
be,antelope,1,1157,36741,2.721754987616015e-05
be,surprise,1,1158,36741,2.721754987616015e-05
be,survival,1,1159,36741,2.721754987616015e-05
be,teetee,1,1160,36741,2.721754987616015e-05
be,experiment,1,1161,36741,2.721754987616015e-05
be,elsa,1,1162,36741,2.721754987616015e-05
be,rhinocero,1,1163,36741,2.721754987616015e-05
be,print,1,1164,36741,2.721754987616015e-05
be,sale,1,1165,36741,2.721754987616015e-05
be,amy,1,1166,36741,2.721754987616015e-05
be,our,1,1167,36741,2.721754987616015e-05
be,board,1,1168,36741,2.721754987616015e-05
be,texas,1,1169,36741,2.721754987616015e-05
be,chain,1,1170,36741,2.721754987616015e-05
be,darth,1,1171,36741,2.721754987616015e-05
be,count,1,1172,36741,2.721754987616015e-05
be,frankenberry,1,1173,36741,2.721754987616015e-05
be,donut,1,1174,36741,2.721754987616015e-05
be,sheriff,1,1175,36741,2.721754987616015e-05
be,merry,1,1176,36741,2.721754987616015e-05
be,benu,1,1177,36741,2.721754987616015e-05
be,high,1,1178,36741,2.721754987616015e-05
be,low,1,1179,36741,2.721754987616015e-05
be,running,1,1180,36741,2.721754987616015e-05
be,naomi,1,1181,36741,2.721754987616015e-05
be,dolly,1,1182,36741,2.721754987616015e-05
be,koolaid,1,1183,36741,2.721754987616015e-05
be,bracelet,1,1184,36741,2.721754987616015e-05
be,icing,1,1185,36741,2.721754987616015e-05
be,lara,1,1186,36741,2.721754987616015e-05
be,snowman,1,1187,36741,2.721754987616015e-05
be,pretty,1,1188,36741,2.721754987616015e-05
be,crib,1,1189,36741,2.721754987616015e-05
be,elijah,1,1190,36741,2.721754987616015e-05
be,fossil,1,1191,36741,2.721754987616015e-05
be,moccasin,1,1192,36741,2.721754987616015e-05
be,cave,1,1193,36741,2.721754987616015e-05
be,island,1,1194,36741,2.721754987616015e-05
be,sammy,1,1195,36741,2.721754987616015e-05
be,attic,1,1196,36741,2.721754987616015e-05
be,ryan,1,1197,36741,2.721754987616015e-05
be,sparkly,1,1198,36741,2.721754987616015e-05
be,buckle,1,1199,36741,2.721754987616015e-05
be,papa,1,1200,36741,2.721754987616015e-05
be,dora,1,1201,36741,2.721754987616015e-05
be,smore,1,1202,36741,2.721754987616015e-05
be,bailey,1,1203,36741,2.721754987616015e-05
be,emma,1,1204,36741,2.721754987616015e-05
be,close,1,1205,36741,2.721754987616015e-05
be,sheep,1,1206,36741,2.721754987616015e-05
be,feather,1,1207,36741,2.721754987616015e-05
be,dalmatian,1,1208,36741,2.721754987616015e-05
be,tractor,1,1209,36741,2.721754987616015e-05
be,jetta,1,1210,36741,2.721754987616015e-05
be,guest,1,1211,36741,2.721754987616015e-05
be,leaping,1,1212,36741,2.721754987616015e-05
be,leap,1,1213,36741,2.721754987616015e-05
be,helper,1,1214,36741,2.721754987616015e-05
be,snail,1,1215,36741,2.721754987616015e-05
be,angie,1,1216,36741,2.721754987616015e-05
be,atla,1,1217,36741,2.721754987616015e-05
be,ohmygoodness,1,1218,36741,2.721754987616015e-05
be,pterodactyl,1,1219,36741,2.721754987616015e-05
be,croan,1,1220,36741,2.721754987616015e-05
be,volcano,1,1221,36741,2.721754987616015e-05
be,accessory,1,1222,36741,2.721754987616015e-05
be,ton,1,1223,36741,2.721754987616015e-05
be,maze,1,1224,36741,2.721754987616015e-05
be,year,1,1225,36741,2.721754987616015e-05
be,potpie,1,1226,36741,2.721754987616015e-05
be,leslie,1,1227,36741,2.721754987616015e-05
be,jackson,1,1228,36741,2.721754987616015e-05
be,carey,1,1229,36741,2.721754987616015e-05
be,deal,1,1230,36741,2.721754987616015e-05
be,microscope,1,1231,36741,2.721754987616015e-05
be,helga,1,1232,36741,2.721754987616015e-05
be,bowling,1,1233,36741,2.721754987616015e-05
be,parent,1,1234,36741,2.721754987616015e-05
be,regular,1,1235,36741,2.721754987616015e-05
be,firework,1,1236,36741,2.721754987616015e-05
be,hum,1,1237,36741,2.721754987616015e-05
be,statue,1,1238,36741,2.721754987616015e-05
be,commercial,1,1239,36741,2.721754987616015e-05
be,whisker,1,1240,36741,2.721754987616015e-05
be,group,1,1241,36741,2.721754987616015e-05
be,marker,1,1242,36741,2.721754987616015e-05
be,safety,1,1243,36741,2.721754987616015e-05
be,beethoven,1,1244,36741,2.721754987616015e-05
be,screwdriver,1,1245,36741,2.721754987616015e-05
be,hammer,1,1246,36741,2.721754987616015e-05
be,predator,1,1247,36741,2.721754987616015e-05
be,spiderman,1,1248,36741,2.721754987616015e-05
be,sprinkle,1,1249,36741,2.721754987616015e-05
be,option,1,1250,36741,2.721754987616015e-05
be,sticker,1,1251,36741,2.721754987616015e-05
be,octopus,1,1252,36741,2.721754987616015e-05
be,poison,1,1253,36741,2.721754987616015e-05
be,pincher,1,1254,36741,2.721754987616015e-05
be,venom,1,1255,36741,2.721754987616015e-05
be,draw,1,1256,36741,2.721754987616015e-05
be,contingency,1,1257,36741,2.721754987616015e-05
be,jail,1,1258,36741,2.721754987616015e-05
be,spare,1,1259,36741,2.721754987616015e-05
be,datum,1,1260,36741,2.721754987616015e-05
be,ocean,1,1261,36741,2.721754987616015e-05
be,diver,1,1262,36741,2.721754987616015e-05
be,nemo,1,1263,36741,2.721754987616015e-05
be,kya,1,1264,36741,2.721754987616015e-05
be,wilson,1,1265,36741,2.721754987616015e-05
be,brooklyn,1,1266,36741,2.721754987616015e-05
be,manatee,1,1267,36741,2.721754987616015e-05
be,few,1,1268,36741,2.721754987616015e-05
be,poe,1,1269,36741,2.721754987616015e-05
be,lava,1,1270,36741,2.721754987616015e-05
be,anchor,1,1271,36741,2.721754987616015e-05
be,x,1,1272,36741,2.721754987616015e-05
be,double,1,1273,36741,2.721754987616015e-05
be,growling,1,1274,36741,2.721754987616015e-05
be,eating,1,1275,36741,2.721754987616015e-05
be,coke,1,1276,36741,2.721754987616015e-05
be,reception,1,1277,36741,2.721754987616015e-05
be,goldberg,1,1278,36741,2.721754987616015e-05
be,airport,1,1279,36741,2.721754987616015e-05
be,forty,1,1280,36741,2.721754987616015e-05
be,kevin,1,1281,36741,2.721754987616015e-05
be,trouble,1,1282,36741,2.721754987616015e-05
be,math,1,1283,36741,2.721754987616015e-05
be,efrom,1,1284,36741,2.721754987616015e-05
be,beggar,1,1285,36741,2.721754987616015e-05
be,knob,1,1286,36741,2.721754987616015e-05
be,brendan,1,1287,36741,2.721754987616015e-05
be,dancing,1,1288,36741,2.721754987616015e-05
be,curt,1,1289,36741,2.721754987616015e-05
be,gulp,1,1290,36741,2.721754987616015e-05
be,pretend,1,1291,36741,2.721754987616015e-05
be,hawk,1,1292,36741,2.721754987616015e-05
be,lobby,1,1293,36741,2.721754987616015e-05
be,celebrity,1,1294,36741,2.721754987616015e-05
be,saturday,1,1295,36741,2.721754987616015e-05
be,erica,1,1296,36741,2.721754987616015e-05
be,mix,1,1297,36741,2.721754987616015e-05
be,its,1,1298,36741,2.721754987616015e-05
be,benefit,1,1299,36741,2.721754987616015e-05
be,grape,1,1300,36741,2.721754987616015e-05
be,macaroni,1,1301,36741,2.721754987616015e-05
be,barney,1,1302,36741,2.721754987616015e-05
be,acapulco,1,1303,36741,2.721754987616015e-05
be,pony,1,1304,36741,2.721754987616015e-05
be,michele,1,1305,36741,2.721754987616015e-05
be,alabama,1,1306,36741,2.721754987616015e-05
be,base,1,1307,36741,2.721754987616015e-05
be,kojak,1,1308,36741,2.721754987616015e-05
be,lens,1,1309,36741,2.721754987616015e-05
be,eddy,1,1310,36741,2.721754987616015e-05
be,gabriel,1,1311,36741,2.721754987616015e-05
be,binocular,1,1312,36741,2.721754987616015e-05
be,lump,1,1313,36741,2.721754987616015e-05
be,noodle,1,1314,36741,2.721754987616015e-05
be,guarantee,1,1315,36741,2.721754987616015e-05
be,bargain,1,1316,36741,2.721754987616015e-05
be,yoyo,1,1317,36741,2.721754987616015e-05
be,suppertime,1,1318,36741,2.721754987616015e-05
be,johnson,1,1319,36741,2.721754987616015e-05
be,celebration,1,1320,36741,2.721754987616015e-05
be,scout,1,1321,36741,2.721754987616015e-05
be,concentration,1,1322,36741,2.721754987616015e-05
be,grace,1,1323,36741,2.721754987616015e-05
be,drop,1,1324,36741,2.721754987616015e-05
be,johnny,1,1325,36741,2.721754987616015e-05
be,message,1,1326,36741,2.721754987616015e-05
be,advantage,1,1327,36741,2.721754987616015e-05
be,hamburger,1,1328,36741,2.721754987616015e-05
be,sitting,1,1329,36741,2.721754987616015e-05
be,lord,1,1330,36741,2.721754987616015e-05
be,ben,1,1331,36741,2.721754987616015e-05
be,gas,1,1332,36741,2.721754987616015e-05
be,enclave,1,1333,36741,2.721754987616015e-05
be,cab,1,1334,36741,2.721754987616015e-05
be,jersey,1,1335,36741,2.721754987616015e-05
be,computer,1,1336,36741,2.721754987616015e-05
be,reggie,1,1337,36741,2.721754987616015e-05
be,echo,1,1338,36741,2.721754987616015e-05
be,busy,1,1339,36741,2.721754987616015e-05
be,stopper,1,1340,36741,2.721754987616015e-05
be,n,1,1341,36741,2.721754987616015e-05
be,jonathan,1,1342,36741,2.721754987616015e-05
be,stephan,1,1343,36741,2.721754987616015e-05
be,area,1,1344,36741,2.721754987616015e-05
be,baseball,1,1345,36741,2.721754987616015e-05
be,shelf,1,1346,36741,2.721754987616015e-05
be,raincoat,1,1347,36741,2.721754987616015e-05
be,cloth,1,1348,36741,2.721754987616015e-05
be,bingo,1,1349,36741,2.721754987616015e-05
be,mac,1,1350,36741,2.721754987616015e-05
be,purse,1,1351,36741,2.721754987616015e-05
be,sentence,1,1352,36741,2.721754987616015e-05
be,jaguar,1,1353,36741,2.721754987616015e-05
be,zach,1,1354,36741,2.721754987616015e-05
be,zachary,1,1355,36741,2.721754987616015e-05
be,loud,1,1356,36741,2.721754987616015e-05
be,andrena,1,1357,36741,2.721754987616015e-05
be,mercedes,1,1358,36741,2.721754987616015e-05
be,bmw,1,1359,36741,2.721754987616015e-05
be,derek,1,1360,36741,2.721754987616015e-05
be,mate,1,1361,36741,2.721754987616015e-05
be,credit,1,1362,36741,2.721754987616015e-05
be,puddle,1,1363,36741,2.721754987616015e-05
be,receiver,1,1364,36741,2.721754987616015e-05
be,dumb,1,1365,36741,2.721754987616015e-05
be,melissa,1,1366,36741,2.721754987616015e-05
be,chop,1,1367,36741,2.721754987616015e-05
be,antennas,1,1368,36741,2.721754987616015e-05
be,cupboard,1,1369,36741,2.721754987616015e-05
be,long,1,1370,36741,2.721754987616015e-05
be,inflation,1,1371,36741,2.721754987616015e-05
be,jeffery,1,1372,36741,2.721754987616015e-05
be,avis,1,1373,36741,2.721754987616015e-05
be,camp,1,1374,36741,2.721754987616015e-05
be,alright,1,1375,36741,2.721754987616015e-05
be,cube,1,1376,36741,2.721754987616015e-05
be,silk,1,1377,36741,2.721754987616015e-05
be,olive,1,1378,36741,2.721754987616015e-05
be,melanie,1,1379,36741,2.721754987616015e-05
be,vibration,1,1380,36741,2.721754987616015e-05
be,no,1,1381,36741,2.721754987616015e-05
be,toothpaste,1,1382,36741,2.721754987616015e-05
be,flour,1,1383,36741,2.721754987616015e-05
be,secret,1,1384,36741,2.721754987616015e-05
be,appetite,1,1385,36741,2.721754987616015e-05
be,enemy,1,1386,36741,2.721754987616015e-05
be,tent,1,1387,36741,2.721754987616015e-05
be,bucket,1,1388,36741,2.721754987616015e-05
be,rate,1,1389,36741,2.721754987616015e-05
be,equipment,1,1390,36741,2.721754987616015e-05
be,ross,1,1391,36741,2.721754987616015e-05
be,first,1,1392,36741,2.721754987616015e-05
be,connection,1,1393,36741,2.721754987616015e-05
be,downtown,1,1394,36741,2.721754987616015e-05
be,atmosphere,1,1395,36741,2.721754987616015e-05
be,tank,1,1396,36741,2.721754987616015e-05
be,principal,1,1397,36741,2.721754987616015e-05
be,davis,1,1398,36741,2.721754987616015e-05
be,muhzizwei,1,1399,36741,2.721754987616015e-05
be,sleepy,1,1400,36741,2.721754987616015e-05
be,sneezy,1,1401,36741,2.721754987616015e-05
be,education,1,1402,36741,2.721754987616015e-05
be,avenue,1,1403,36741,2.721754987616015e-05
be,heaven,1,1404,36741,2.721754987616015e-05
be,valerie,1,1405,36741,2.721754987616015e-05
be,sure,1,1406,36741,2.721754987616015e-05
be,fives,1,1407,36741,2.721754987616015e-05
be,grade,1,1408,36741,2.721754987616015e-05
be,situation,1,1409,36741,2.721754987616015e-05
be,pronunciation,1,1410,36741,2.721754987616015e-05
be,speech,1,1411,36741,2.721754987616015e-05
be,title,1,1412,36741,2.721754987616015e-05
be,denny,1,1413,36741,2.721754987616015e-05
be,miracle,1,1414,36741,2.721754987616015e-05
be,gomer,1,1415,36741,2.721754987616015e-05
be,outfit,1,1416,36741,2.721754987616015e-05
be,fischer,1,1417,36741,2.721754987616015e-05
be,ring,1,1418,36741,2.721754987616015e-05
be,chart,1,1419,36741,2.721754987616015e-05
be,great,1,1420,36741,2.721754987616015e-05
be,shop,1,1421,36741,2.721754987616015e-05
be,apollo,1,1422,36741,2.721754987616015e-05
be,jerry,1,1423,36741,2.721754987616015e-05
be,wine,1,1424,36741,2.721754987616015e-05
be,on,1,1425,36741,2.721754987616015e-05
be,lenox,1,1426,36741,2.721754987616015e-05
be,fifth,1,1427,36741,2.721754987616015e-05
be,junkie,1,1428,36741,2.721754987616015e-05
be,cigarette,1,1429,36741,2.721754987616015e-05
be,inside,1,1430,36741,2.721754987616015e-05
be,c,1,1431,36741,2.721754987616015e-05
be,voom,1,1432,36741,2.721754987616015e-05
be,wild,1,1433,36741,2.721754987616015e-05
be,mess,1,1434,36741,2.721754987616015e-05
be,company,1,1435,36741,2.721754987616015e-05
be,while,1,1436,36741,2.721754987616015e-05
be,fellow,1,1437,36741,2.721754987616015e-05
be,medium,1,1438,36741,2.721754987616015e-05
be,life,1,1439,36741,2.721754987616015e-05
be,chest,1,1440,36741,2.721754987616015e-05
be,gracious,1,1441,36741,2.721754987616015e-05
be,philip,1,1442,36741,2.721754987616015e-05
be,jamal,1,1443,36741,2.721754987616015e-05
be,rafael,1,1444,36741,2.721754987616015e-05
be,phase,1,1445,36741,2.721754987616015e-05
be,gymnasium,1,1446,36741,2.721754987616015e-05
be,shortage,1,1447,36741,2.721754987616015e-05
be,keisha,1,1448,36741,2.721754987616015e-05
be,eighteenth,1,1449,36741,2.721754987616015e-05
be,impression,1,1450,36741,2.721754987616015e-05
be,aaron,1,1451,36741,2.721754987616015e-05
be,means,1,1452,36741,2.721754987616015e-05
be,jt,1,1453,36741,2.721754987616015e-05
be,mayonnaise,1,1454,36741,2.721754987616015e-05
be,targetchild,1,1455,36741,2.721754987616015e-05
be,bye,1,1456,36741,2.721754987616015e-05
be,sean,1,1457,36741,2.721754987616015e-05
be,lynette,1,1458,36741,2.721754987616015e-05
be,law,1,1459,36741,2.721754987616015e-05
be,vicinity,1,1460,36741,2.721754987616015e-05
be,tip,1,1461,36741,2.721754987616015e-05
be,p,1,1462,36741,2.721754987616015e-05
be,note,1,1463,36741,2.721754987616015e-05
be,ladder,1,1464,36741,2.721754987616015e-05
be,fireman,1,1465,36741,2.721754987616015e-05
be,rodney,1,1466,36741,2.721754987616015e-05
be,span,1,1467,36741,2.721754987616015e-05
be,sorry,1,1468,36741,2.721754987616015e-05
be,barry,1,1469,36741,2.721754987616015e-05
be,tablecloth,1,1470,36741,2.721754987616015e-05
be,stereo,1,1471,36741,2.721754987616015e-05
be,drawer,1,1472,36741,2.721754987616015e-05
be,tyrone,1,1473,36741,2.721754987616015e-05
be,icicle,1,1474,36741,2.721754987616015e-05
be,driveway,1,1475,36741,2.721754987616015e-05
be,spoonful,1,1476,36741,2.721754987616015e-05
be,bluff,1,1477,36741,2.721754987616015e-05
be,fever,1,1478,36741,2.721754987616015e-05
be,raishann,1,1479,36741,2.721754987616015e-05
be,segment,1,1480,36741,2.721754987616015e-05
be,ronald,1,1481,36741,2.721754987616015e-05
be,bulb,1,1482,36741,2.721754987616015e-05
be,calendar,1,1483,36741,2.721754987616015e-05
be,daisy,1,1484,36741,2.721754987616015e-05
be,renee,1,1485,36741,2.721754987616015e-05
be,sonny,1,1486,36741,2.721754987616015e-05
be,robby,1,1487,36741,2.721754987616015e-05
be,opening,1,1488,36741,2.721754987616015e-05
be,making,1,1489,36741,2.721754987616015e-05
be,coloring,1,1490,36741,2.721754987616015e-05
be,pluto,1,1491,36741,2.721754987616015e-05
be,braid,1,1492,36741,2.721754987616015e-05
be,delilah,1,1493,36741,2.721754987616015e-05
be,zoom,1,1494,36741,2.721754987616015e-05
be,julie,1,1495,36741,2.721754987616015e-05
be,nightgown,1,1496,36741,2.721754987616015e-05
be,beast,1,1497,36741,2.721754987616015e-05
be,different,1,1498,36741,2.721754987616015e-05
be,repair,1,1499,36741,2.721754987616015e-05
be,artist,1,1500,36741,2.721754987616015e-05
be,filter,1,1501,36741,2.721754987616015e-05
be,sparrow,1,1502,36741,2.721754987616015e-05
be,freddie,1,1503,36741,2.721754987616015e-05
be,crispy,1,1504,36741,2.721754987616015e-05
be,grover,1,1505,36741,2.721754987616015e-05
be,label,1,1506,36741,2.721754987616015e-05
be,outside,1,1507,36741,2.721754987616015e-05
be,shock,1,1508,36741,2.721754987616015e-05
be,emile,1,1509,36741,2.721754987616015e-05
be,here,1,1510,36741,2.721754987616015e-05
be,ashers,1,1511,36741,2.721754987616015e-05
be,gardenia,1,1512,36741,2.721754987616015e-05
be,root,1,1513,36741,2.721754987616015e-05
be,peeler,1,1514,36741,2.721754987616015e-05
be,jaw,1,1515,36741,2.721754987616015e-05
be,hippopotamus,1,1516,36741,2.721754987616015e-05
be,daniel,1,1517,36741,2.721754987616015e-05
be,walking,1,1518,36741,2.721754987616015e-05
be,heater,1,1519,36741,2.721754987616015e-05
be,input,1,1520,36741,2.721754987616015e-05
be,outcome,1,1521,36741,2.721754987616015e-05
be,fudge,1,1522,36741,2.721754987616015e-05
be,package,1,1523,36741,2.721754987616015e-05
be,silo,1,1524,36741,2.721754987616015e-05
be,holly,1,1525,36741,2.721754987616015e-05
be,emmitt,1,1526,36741,2.721754987616015e-05
be,lasso,1,1527,36741,2.721754987616015e-05
be,robber,1,1528,36741,2.721754987616015e-05
be,forest,1,1529,36741,2.721754987616015e-05
be,skunk,1,1530,36741,2.721754987616015e-05
be,vine,1,1531,36741,2.721754987616015e-05
be,bud,1,1532,36741,2.721754987616015e-05
be,abc,1,1533,36741,2.721754987616015e-05
be,claw,1,1534,36741,2.721754987616015e-05
be,push,1,1535,36741,2.721754987616015e-05
be,happy,1,1536,36741,2.721754987616015e-05
be,dan,1,1537,36741,2.721754987616015e-05
be,pile,1,1538,36741,2.721754987616015e-05
be,sponge,1,1539,36741,2.721754987616015e-05
be,moustache,1,1540,36741,2.721754987616015e-05
be,bitch,1,1541,36741,2.721754987616015e-05
be,cheek,1,1542,36741,2.721754987616015e-05
be,pain,1,1543,36741,2.721754987616015e-05
be,novocaine,1,1544,36741,2.721754987616015e-05
be,electricity,1,1545,36741,2.721754987616015e-05
be,sherine,1,1546,36741,2.721754987616015e-05
be,brouse,1,1547,36741,2.721754987616015e-05
be,either,1,1548,36741,2.721754987616015e-05
be,file,1,1549,36741,2.721754987616015e-05
be,schedule,1,1550,36741,2.721754987616015e-05
be,tuesday,1,1551,36741,2.721754987616015e-05
be,sky,1,1552,36741,2.721754987616015e-05
be,rope,1,1553,36741,2.721754987616015e-05
be,terror,1,1554,36741,2.721754987616015e-05
be,gum,1,1555,36741,2.721754987616015e-05
be,son,1,1556,36741,2.721754987616015e-05
be,pick,1,1557,36741,2.721754987616015e-05
be,half,1,1558,36741,2.721754987616015e-05
be,hafta,1,1559,36741,2.721754987616015e-05
be,snoopy,1,1560,36741,2.721754987616015e-05
be,skyscraper,1,1561,36741,2.721754987616015e-05
be,particular,1,1562,36741,2.721754987616015e-05
be,l,1,1563,36741,2.721754987616015e-05
be,ls,1,1564,36741,2.721754987616015e-05
be,servant,1,1565,36741,2.721754987616015e-05
be,cleaner,1,1566,36741,2.721754987616015e-05
be,lance,1,1567,36741,2.721754987616015e-05
be,ambulance,1,1568,36741,2.721754987616015e-05
be,rugby,1,1569,36741,2.721754987616015e-05
be,brick,1,1570,36741,2.721754987616015e-05
be,duck,1,1571,36741,2.721754987616015e-05
be,stethoscope,1,1572,36741,2.721754987616015e-05
be,twelve,1,1573,36741,2.721754987616015e-05
be,greg,1,1574,36741,2.721754987616015e-05
be,learning,1,1575,36741,2.721754987616015e-05
be,perry,1,1576,36741,2.721754987616015e-05
be,zoie,1,1577,36741,2.721754987616015e-05
be,elizabeth,1,1578,36741,2.721754987616015e-05
be,crummiest,1,1579,36741,2.721754987616015e-05
be,q,1,1580,36741,2.721754987616015e-05
be,sheet,1,1581,36741,2.721754987616015e-05
be,stopwatch,1,1582,36741,2.721754987616015e-05
be,badge,1,1583,36741,2.721754987616015e-05
be,bob,1,1584,36741,2.721754987616015e-05
be,laundry,1,1585,36741,2.721754987616015e-05
be,candle,1,1586,36741,2.721754987616015e-05
be,shot,1,1587,36741,2.721754987616015e-05
be,match,1,1588,36741,2.721754987616015e-05
be,mermaid,1,1589,36741,2.721754987616015e-05
be,richard,1,1590,36741,2.721754987616015e-05
be,explosion,1,1591,36741,2.721754987616015e-05
be,lace,1,1592,36741,2.721754987616015e-05
be,gee,1,1593,36741,2.721754987616015e-05
be,typist,1,1594,36741,2.721754987616015e-05
be,dentist,1,1595,36741,2.721754987616015e-05
be,banner,1,1596,36741,2.721754987616015e-05
be,mop,1,1597,36741,2.721754987616015e-05
be,square,1,1598,36741,2.721754987616015e-05
be,feel,1,1599,36741,2.721754987616015e-05
be,claire,1,1600,36741,2.721754987616015e-05
be,spock,1,1601,36741,2.721754987616015e-05
be,shirleen,1,1602,36741,2.721754987616015e-05
be,norah,1,1603,36741,2.721754987616015e-05
be,suzanne,1,1604,36741,2.721754987616015e-05
be,angel,1,1605,36741,2.721754987616015e-05
be,jeremy,1,1606,36741,2.721754987616015e-05
be,donnel,1,1607,36741,2.721754987616015e-05
be,justina,1,1608,36741,2.721754987616015e-05
be,late,1,1609,36741,2.721754987616015e-05
be,crunchy,1,1610,36741,2.721754987616015e-05
be,magnet,1,1611,36741,2.721754987616015e-05
be,kayode,1,1612,36741,2.721754987616015e-05
be,deedee,1,1613,36741,2.721754987616015e-05
be,cracker,1,1614,36741,2.721754987616015e-05
be,hard,1,1615,36741,2.721754987616015e-05
be,stay,1,1616,36741,2.721754987616015e-05
be,quart,1,1617,36741,2.721754987616015e-05
be,moral,1,1618,36741,2.721754987616015e-05
be,mailman,1,1619,36741,2.721754987616015e-05
be,edselina,1,1620,36741,2.721754987616015e-05
be,pond,1,1621,36741,2.721754987616015e-05
be,mallard,1,1622,36741,2.721754987616015e-05
be,deuce,1,1623,36741,2.721754987616015e-05
be,fight,1,1624,36741,2.721754987616015e-05
be,gong,1,1625,36741,2.721754987616015e-05
be,morning,1,1626,36741,2.721754987616015e-05
be,babe,1,1627,36741,2.721754987616015e-05
be,knot,1,1628,36741,2.721754987616015e-05
be,anger,1,1629,36741,2.721754987616015e-05
be,karming,1,1630,36741,2.721754987616015e-05
be,goofy,1,1631,36741,2.721754987616015e-05
be,triple,1,1632,36741,2.721754987616015e-05
be,saskia,1,1633,36741,2.721754987616015e-05
be,saskin,1,1634,36741,2.721754987616015e-05
be,meter,1,1635,36741,2.721754987616015e-05
be,occasion,1,1636,36741,2.721754987616015e-05
be,foil,1,1637,36741,2.721754987616015e-05
be,warranty,1,1638,36741,2.721754987616015e-05
be,rubber,1,1639,36741,2.721754987616015e-05
be,freedom,1,1640,36741,2.721754987616015e-05
be,fighting,1,1641,36741,2.721754987616015e-05
be,period,1,1642,36741,2.721754987616015e-05
be,sixe,1,1643,36741,2.721754987616015e-05
be,smock,1,1644,36741,2.721754987616015e-05
be,nancy,1,1645,36741,2.721754987616015e-05
be,darling,1,1646,36741,2.721754987616015e-05
be,salad,1,1647,36741,2.721754987616015e-05
be,aida,1,1648,36741,2.721754987616015e-05
be,round,1,1649,36741,2.721754987616015e-05
be,cluster,1,1650,36741,2.721754987616015e-05
be,linda,1,1651,36741,2.721754987616015e-05
be,conversation,1,1652,36741,2.721754987616015e-05
be,newspaper,1,1653,36741,2.721754987616015e-05
be,boston,1,1654,36741,2.721754987616015e-05
be,advertising,1,1655,36741,2.721754987616015e-05
go,you,2798,1,8088,0.345944609297725
go,i,1146,2,8088,0.14169139465875372
go,we,1063,3,8088,0.13142927794263107
go,he,507,4,8088,0.06268545994065282
go,it,473,5,8088,0.058481701285855586
go,they,357,6,8088,0.04413946587537092
go,she,216,7,8088,0.026706231454005934
go,that,175,8,8088,0.021636993076162216
go,who,111,9,8088,0.013724035608308606
go,this,73,10,8088,0.009025717111770524
go,what,60,11,8088,0.00741839762611276
go,home,46,12,8088,0.0056874381800197825
go,one,39,13,8088,0.004821958456973294
go,guy,26,14,8088,0.003214638971315529
go,mommy,25,15,8088,0.0030909990108803167
go,daddy,24,16,8088,0.002967359050445104
go,thing,17,17,8088,0.0021018793273986152
go,person,16,18,8088,0.0019782393669634025
go,dog,16,19,8088,0.0019782393669634025
go,cat,16,20,8088,0.0019782393669634025
go,light,13,21,8088,0.0016073194856577645
go,everybody,13,22,8088,0.0016073194856577645
go,hasta,11,23,8088,0.0013600395647873392
go,kid,10,24,8088,0.0012363996043521265
go,somebody,10,25,8088,0.0012363996043521265
go,car,10,26,8088,0.0012363996043521265
go,bus,9,27,8088,0.001112759643916914
go,mom,9,28,8088,0.001112759643916914
go,voice,9,29,8088,0.001112759643916914
go,chi,8,30,8088,0.0009891196834817012
go,your,8,31,8088,0.0009891196834817012
go,girl,7,32,8088,0.0008654797230464886
go,baby,7,33,8088,0.0008654797230464886
go,all,7,34,8088,0.0008654797230464886
go,david,7,35,8088,0.0008654797230464886
go,owl,7,36,8088,0.0008654797230464886
go,fta,6,37,8088,0.000741839762611276
go,man,6,38,8088,0.000741839762611276
go,sarah,6,39,8088,0.000741839762611276
go,bell,6,40,8088,0.000741839762611276
go,grandma,6,41,8088,0.000741839762611276
go,froggy,6,42,8088,0.000741839762611276
go,roland,6,43,8088,0.000741839762611276
go,graeme,6,44,8088,0.000741839762611276
go,bobby,6,45,8088,0.000741839762611276
go,mother,5,46,8088,0.0006181998021760633
go,betty,5,47,8088,0.0006181998021760633
go,piece,5,48,8088,0.0006181998021760633
go,caterpillar,5,49,8088,0.0006181998021760633
go,sludge,5,50,8088,0.0006181998021760633
go,mickey,5,51,8088,0.0006181998021760633
go,michael,5,52,8088,0.0006181998021760633
go,matthew,5,53,8088,0.0006181998021760633
go,tail,4,54,8088,0.0004945598417408506
go,adam,4,55,8088,0.0004945598417408506
go,boy,4,56,8088,0.0004945598417408506
go,everything,4,57,8088,0.0004945598417408506
go,robin,4,58,8088,0.0004945598417408506
go,hand,4,59,8088,0.0004945598417408506
go,teacher,4,60,8088,0.0004945598417408506
go,peter,4,61,8088,0.0004945598417408506
go,hafta,4,62,8088,0.0004945598417408506
go,policeman,4,63,8088,0.0004945598417408506
go,sandy,4,64,8088,0.0004945598417408506
go,kind,4,65,8088,0.0004945598417408506
go,boat,4,66,8088,0.0004945598417408506
go,snort,4,67,8088,0.0004945598417408506
go,everyone,4,68,8088,0.0004945598417408506
go,tape,4,69,8088,0.0004945598417408506
go,tony,4,70,8088,0.0004945598417408506
go,lady,4,71,8088,0.0004945598417408506
go,fly,4,72,8088,0.0004945598417408506
go,rat,4,73,8088,0.0004945598417408506
go,tisha,4,74,8088,0.0004945598417408506
go,robbie,4,75,8088,0.0004945598417408506
go,swww,3,76,8088,0.000370919881305638
go,laura,3,77,8088,0.000370919881305638
go,head,3,78,8088,0.000370919881305638
go,hadta,3,79,8088,0.000370919881305638
go,flag,3,80,8088,0.000370919881305638
go,something,3,81,8088,0.000370919881305638
go,bunny,3,82,8088,0.000370919881305638
go,red,3,83,8088,0.000370919881305638
go,useta,3,84,8088,0.000370919881305638
go,rachi,3,85,8088,0.000370919881305638
go,wheel,3,86,8088,0.000370919881305638
go,flower,3,87,8088,0.000370919881305638
go,brother,3,88,8088,0.000370919881305638
go,two,3,89,8088,0.000370919881305638
go,annie,3,90,8088,0.000370919881305638
go,train,3,91,8088,0.000370919881305638
go,kim,3,92,8088,0.000370919881305638
go,spoon,3,93,8088,0.000370919881305638
go,horse,3,94,8088,0.000370919881305638
go,ball,3,95,8088,0.000370919881305638
go,bubble,3,96,8088,0.000370919881305638
go,nobody,3,97,8088,0.000370919881305638
go,battery,3,98,8088,0.000370919881305638
go,doggie,3,99,8088,0.000370919881305638
go,abe,3,100,8088,0.000370919881305638
go,cow,3,101,8088,0.000370919881305638
go,doctor,3,102,8088,0.000370919881305638
go,neighbor,3,103,8088,0.000370919881305638
go,karen,3,104,8088,0.000370919881305638
go,spider,3,105,8088,0.000370919881305638
go,carl,3,106,8088,0.000370919881305638
go,tracy,3,107,8088,0.000370919881305638
go,food,3,108,8088,0.000370919881305638
go,three,3,109,8088,0.000370919881305638
go,mia,3,110,8088,0.000370919881305638
go,melissa,3,111,8088,0.000370919881305638
go,remi,3,112,8088,0.000370919881305638
go,derwood,3,113,8088,0.000370919881305638
go,my,3,114,8088,0.000370919881305638
go,mouse,3,115,8088,0.000370919881305638
go,animal,3,116,8088,0.000370919881305638
go,gerbil,3,117,8088,0.000370919881305638
go,zoe,3,118,8088,0.000370919881305638
go,both,3,119,8088,0.000370919881305638
go,giant,3,120,8088,0.000370919881305638
go,eric,3,121,8088,0.000370919881305638
go,lisa,3,122,8088,0.000370919881305638
go,kayode,3,123,8088,0.000370919881305638
go,water,2,124,8088,0.0002472799208704253
go,pop,2,125,8088,0.0002472799208704253
go,end,2,126,8088,0.0002472799208704253
go,auntieshirley,2,127,8088,0.0002472799208704253
go,fish,2,128,8088,0.0002472799208704253
go,arm,2,129,8088,0.0002472799208704253
go,howcome,2,130,8088,0.0002472799208704253
go,snake,2,131,8088,0.0002472799208704253
go,summer,2,132,8088,0.0002472799208704253
go,road,2,133,8088,0.0002472799208704253
go,elizabeth,2,134,8088,0.0002472799208704253
go,oughta,2,135,8088,0.0002472799208704253
go,driver,2,136,8088,0.0002472799208704253
go,mary,2,137,8088,0.0002472799208704253
go,screw,2,138,8088,0.0002472799208704253
go,child,2,139,8088,0.0002472799208704253
go,sun,2,140,8088,0.0002472799208704253
go,oliver,2,141,8088,0.0002472799208704253
go,fang,2,142,8088,0.0002472799208704253
go,paper,2,143,8088,0.0002472799208704253
go,sally,2,144,8088,0.0002472799208704253
go,plane,2,145,8088,0.0002472799208704253
go,uncle,2,146,8088,0.0002472799208704253
go,fire,2,147,8088,0.0002472799208704253
go,monkey,2,148,8088,0.0002472799208704253
go,minnie,2,149,8088,0.0002472799208704253
go,rain,2,150,8088,0.0002472799208704253
go,mama,2,151,8088,0.0002472799208704253
go,hawk,2,152,8088,0.0002472799208704253
go,bird,2,153,8088,0.0002472799208704253
go,winnie,2,154,8088,0.0002472799208704253
go,broom,2,155,8088,0.0002472799208704253
go,dana,2,156,8088,0.0002472799208704253
go,bro,2,157,8088,0.0002472799208704253
go,cou,2,158,8088,0.0002472799208704253
go,some,2,159,8088,0.0002472799208704253
go,cup,2,160,8088,0.0002472799208704253
go,many,2,161,8088,0.0002472799208704253
go,shoe,2,162,8088,0.0002472799208704253
go,weist,2,163,8088,0.0002472799208704253
go,book,2,164,8088,0.0002472799208704253
go,ketchup,2,165,8088,0.0002472799208704253
go,eater,2,166,8088,0.0002472799208704253
go,day,2,167,8088,0.0002472799208704253
go,jack,2,168,8088,0.0002472799208704253
go,job,2,169,8088,0.0002472799208704253
go,show,2,170,8088,0.0002472799208704253
go,rest,2,171,8088,0.0002472799208704253
go,albert,2,172,8088,0.0002472799208704253
go,jeffery,2,173,8088,0.0002472799208704253
go,pro,2,174,8088,0.0002472799208704253
go,let,2,175,8088,0.0002472799208704253
go,year,2,176,8088,0.0002472799208704253
go,school,2,177,8088,0.0002472799208704253
go,yall,2,178,8088,0.0002472799208704253
go,robert,2,179,8088,0.0002472799208704253
go,anybody,2,180,8088,0.0002472799208704253
go,stephanie,2,181,8088,0.0002472799208704253
go,tv,2,182,8088,0.0002472799208704253
go,bernice,2,183,8088,0.0002472799208704253
go,steven,2,184,8088,0.0002472799208704253
go,grandpa,2,185,8088,0.0002472799208704253
go,grover,2,186,8088,0.0002472799208704253
go,circle,2,187,8088,0.0002472799208704253
go,needta,2,188,8088,0.0002472799208704253
go,ice,2,189,8088,0.0002472799208704253
go,asher,2,190,8088,0.0002472799208704253
go,chris,2,191,8088,0.0002472799208704253
go,richard,2,192,8088,0.0002472799208704253
go,address,2,193,8088,0.0002472799208704253
go,quack,2,194,8088,0.0002472799208704253
go,jackie,2,195,8088,0.0002472799208704253
go,butter,1,196,8088,0.00012363996043521266
go,nana,1,197,8088,0.00012363996043521266
go,ursula,1,198,8088,0.00012363996043521266
go,channel,1,199,8088,0.00012363996043521266
go,nine,1,200,8088,0.00012363996043521266
go,engine,1,201,8088,0.00012363996043521266
go,ax,1,202,8088,0.00012363996043521266
go,paul,1,203,8088,0.00012363996043521266
go,wing,1,204,8088,0.00012363996043521266
go,kris,1,205,8088,0.00012363996043521266
go,bowl,1,206,8088,0.00012363996043521266
go,grain,1,207,8088,0.00012363996043521266
go,norm,1,208,8088,0.00012363996043521266
go,grampy,1,209,8088,0.00012363996043521266
go,tommy,1,210,8088,0.00012363996043521266
go,pigeon,1,211,8088,0.00012363996043521266
go,dime,1,212,8088,0.00012363996043521266
go,husband,1,213,8088,0.00012363996043521266
go,joan,1,214,8088,0.00012363996043521266
go,cousin,1,215,8088,0.00012363996043521266
go,chantilly,1,216,8088,0.00012363996043521266
go,today,1,217,8088,0.00012363996043521266
go,candy,1,218,8088,0.00012363996043521266
go,foot,1,219,8088,0.00012363996043521266
go,unclebuster,1,220,8088,0.00012363996043521266
go,electricity,1,221,8088,0.00012363996043521266
go,auntdot,1,222,8088,0.00012363996043521266
go,gail,1,223,8088,0.00012363996043521266
go,elaine,1,224,8088,0.00012363996043521266
go,dickie,1,225,8088,0.00012363996043521266
go,popsicle,1,226,8088,0.00012363996043521266
go,annmarie,1,227,8088,0.00012363996043521266
go,scar,1,228,8088,0.00012363996043521266
go,place,1,229,8088,0.00012363996043521266
go,line,1,230,8088,0.00012363996043521266
go,judy,1,231,8088,0.00012363996043521266
go,corn,1,232,8088,0.00012363996043521266
go,trick,1,233,8088,0.00012363996043521266
go,liz,1,234,8088,0.00012363996043521266
go,elana,1,235,8088,0.00012363996043521266
go,tree,1,236,8088,0.00012363996043521266
go,fellow,1,237,8088,0.00012363996043521266
go,a,1,238,8088,0.00012363996043521266
go,jennifer,1,239,8088,0.00012363996043521266
go,plier,1,240,8088,0.00012363996043521266
go,nut,1,241,8088,0.00012363996043521266
go,tool,1,242,8088,0.00012363996043521266
go,woman,1,243,8088,0.00012363996043521266
go,clothes,1,244,8088,0.00012363996043521266
go,kitty,1,245,8088,0.00012363996043521266
go,limb,1,246,8088,0.00012363996043521266
go,whose,1,247,8088,0.00012363996043521266
go,rectangle,1,248,8088,0.00012363996043521266
go,time,1,249,8088,0.00012363996043521266
go,mariana,1,250,8088,0.00012363996043521266
go,mr,1,251,8088,0.00012363996043521266
go,week,1,252,8088,0.00012363996043521266
go,cinderella,1,253,8088,0.00012363996043521266
go,goldilocks,1,254,8088,0.00012363996043521266
go,nate,1,255,8088,0.00012363996043521266
go,john,1,256,8088,0.00012363996043521266
go,tweet,1,257,8088,0.00012363996043521266
go,frosty,1,258,8088,0.00012363996043521266
go,snowman,1,259,8088,0.00012363996043521266
go,snowmen,1,260,8088,0.00012363996043521266
go,kimberly,1,261,8088,0.00012363996043521266
go,whatabout,1,262,8088,0.00012363996043521266
go,tala,1,263,8088,0.00012363996043521266
go,father,1,264,8088,0.00012363996043521266
go,anna,1,265,8088,0.00012363996043521266
go,kay,1,266,8088,0.00012363996043521266
go,muscle,1,267,8088,0.00012363996043521266
go,richie,1,268,8088,0.00012363996043521266
go,tanya,1,269,8088,0.00012363996043521266
go,tarci,1,270,8088,0.00012363996043521266
go,vitamin,1,271,8088,0.00012363996043521266
go,spinach,1,272,8088,0.00012363996043521266
go,house,1,273,8088,0.00012363996043521266
go,cover,1,274,8088,0.00012363996043521266
go,silverware,1,275,8088,0.00012363996043521266
go,helmet,1,276,8088,0.00012363996043521266
go,huey,1,277,8088,0.00012363996043521266
go,franklin,1,278,8088,0.00012363996043521266
go,brian,1,279,8088,0.00012363996043521266
go,marcella,1,280,8088,0.00012363996043521266
go,raggedy,1,281,8088,0.00012363996043521266
go,mammal,1,282,8088,0.00012363996043521266
go,bear,1,283,8088,0.00012363996043521266
go,tam,1,284,8088,0.00012363996043521266
go,bears,1,285,8088,0.00012363996043521266
go,wolf,1,286,8088,0.00012363996043521266
go,hunter,1,287,8088,0.00012363996043521266
go,sandwich,1,288,8088,0.00012363996043521266
go,esmerelda,1,289,8088,0.00012363996043521266
go,giselle,1,290,8088,0.00012363996043521266
go,piggy,1,291,8088,0.00012363996043521266
go,nanny,1,292,8088,0.00012363996043521266
go,inv,1,293,8088,0.00012363996043521266
go,most,1,294,8088,0.00012363996043521266
go,nothing,1,295,8088,0.00012363996043521266
go,han,1,296,8088,0.00012363996043521266
go,loraine,1,297,8088,0.00012363996043521266
go,johnny,1,298,8088,0.00012363996043521266
go,dude,1,299,8088,0.00012363996043521266
go,costume,1,300,8088,0.00012363996043521266
go,miss,1,301,8088,0.00012363996043521266
go,jessie,1,302,8088,0.00012363996043521266
go,damion,1,303,8088,0.00012363996043521266
go,tonic,1,304,8088,0.00012363996043521266
go,dream,1,305,8088,0.00012363996043521266
go,ant,1,306,8088,0.00012363996043521266
go,mikey,1,307,8088,0.00012363996043521266
go,anyone,1,308,8088,0.00012363996043521266
go,stuff,1,309,8088,0.00012363996043521266
go,cathy,1,310,8088,0.00012363996043521266
go,sis,1,311,8088,0.00012363996043521266
go,her,1,312,8088,0.00012363996043521266
go,lou,1,313,8088,0.00012363996043521266
go,tugboat,1,314,8088,0.00012363996043521266
go,tompinkerton,1,315,8088,0.00012363996043521266
go,carol,1,316,8088,0.00012363996043521266
go,spear,1,317,8088,0.00012363996043521266
go,fever,1,318,8088,0.00012363996043521266
go,lion,1,319,8088,0.00012363996043521266
go,rooster,1,320,8088,0.00012363996043521266
go,orange,1,321,8088,0.00012363996043521266
go,santaclaus,1,322,8088,0.00012363996043521266
go,song,1,323,8088,0.00012363996043521266
go,bicycle,1,324,8088,0.00012363996043521266
go,noyden,1,325,8088,0.00012363996043521266
go,zioncovenant,1,326,8088,0.00012363996043521266
go,lindsey,1,327,8088,0.00012363996043521266
go,money,1,328,8088,0.00012363996043521266
go,auntcarey,1,329,8088,0.00012363996043521266
go,lucy,1,330,8088,0.00012363996043521266
go,rolley,1,331,8088,0.00012363996043521266
go,candle,1,332,8088,0.00012363996043521266
go,pail,1,333,8088,0.00012363996043521266
go,party,1,334,8088,0.00012363996043521266
go,jason,1,335,8088,0.00012363996043521266
go,cody,1,336,8088,0.00012363996043521266
go,soccer,1,337,8088,0.00012363996043521266
go,irene,1,338,8088,0.00012363996043521266
go,tortoise,1,339,8088,0.00012363996043521266
go,cindy,1,340,8088,0.00012363996043521266
go,sword,1,341,8088,0.00012363996043521266
go,spiderman,1,342,8088,0.00012363996043521266
go,statue,1,343,8088,0.00012363996043521266
go,cabin,1,344,8088,0.00012363996043521266
go,face,1,345,8088,0.00012363996043521266
go,color,1,346,8088,0.00012363996043521266
go,matty,1,347,8088,0.00012363996043521266
go,brachiosaurus,1,348,8088,0.00012363996043521266
go,wife,1,349,8088,0.00012363996043521266
go,player,1,350,8088,0.00012363996043521266
go,shark,1,351,8088,0.00012363996043521266
go,vacuum,1,352,8088,0.00012363996043521266
go,stripe,1,353,8088,0.00012363996043521266
go,nemo,1,354,8088,0.00012363996043521266
go,sticker,1,355,8088,0.00012363996043521266
go,mop,1,356,8088,0.00012363996043521266
go,yvonne,1,357,8088,0.00012363996043521266
go,march,1,358,8088,0.00012363996043521266
go,cloth,1,359,8088,0.00012363996043521266
go,way,1,360,8088,0.00012363996043521266
go,lollipop,1,361,8088,0.00012363996043521266
go,dexter,1,362,8088,0.00012363996043521266
go,world,1,363,8088,0.00012363996043521266
go,signal,1,364,8088,0.00012363996043521266
go,energy,1,365,8088,0.00012363996043521266
go,yonkers,1,366,8088,0.00012363996043521266
go,part,1,367,8088,0.00012363996043521266
go,ribbon,1,368,8088,0.00012363996043521266
go,thumb,1,369,8088,0.00012363996043521266
go,chip,1,370,8088,0.00012363996043521266
go,salt,1,371,8088,0.00012363996043521266
go,james,1,372,8088,0.00012363996043521266
go,period,1,373,8088,0.00012363996043521266
go,evelyn,1,374,8088,0.00012363996043521266
go,biscuit,1,375,8088,0.00012363996043521266
go,ben,1,376,8088,0.00012363996043521266
go,laurie,1,377,8088,0.00012363996043521266
go,mouth,1,378,8088,0.00012363996043521266
go,side,1,379,8088,0.00012363996043521266
go,research,1,380,8088,0.00012363996043521266
go,hanger,1,381,8088,0.00012363996043521266
go,anthony,1,382,8088,0.00012363996043521266
go,someone,1,383,8088,0.00012363996043521266
go,aaron,1,384,8088,0.00012363996043521266
go,kneecap,1,385,8088,0.00012363996043521266
go,voom,1,386,8088,0.00012363996043521266
go,needle,1,387,8088,0.00012363996043521266
go,rafael,1,388,8088,0.00012363996043521266
go,assoona,1,389,8088,0.00012363996043521266
go,tarence,1,390,8088,0.00012363996043521266
go,reel,1,391,8088,0.00012363996043521266
go,bag,1,392,8088,0.00012363996043521266
go,barry,1,393,8088,0.00012363996043521266
go,patrick,1,394,8088,0.00012363996043521266
go,bernard,1,395,8088,0.00012363996043521266
go,adrienne,1,396,8088,0.00012363996043521266
go,elevator,1,397,8088,0.00012363996043521266
go,son,1,398,8088,0.00012363996043521266
go,lettuce,1,399,8088,0.00012363996043521266
go,timer,1,400,8088,0.00012363996043521266
go,yankeedoodle,1,401,8088,0.00012363996043521266
go,band,1,402,8088,0.00012363996043521266
go,lennie,1,403,8088,0.00012363996043521266
go,microphone,1,404,8088,0.00012363996043521266
go,tomasina,1,405,8088,0.00012363996043521266
go,lenita,1,406,8088,0.00012363996043521266
go,julia,1,407,8088,0.00012363996043521266
go,winter,1,408,8088,0.00012363996043521266
go,wendy,1,409,8088,0.00012363996043521266
go,howabout,1,410,8088,0.00012363996043521266
go,same,1,411,8088,0.00012363996043521266
go,jerry,1,412,8088,0.00012363996043521266
go,cuny,1,413,8088,0.00012363996043521266
go,rolly,1,414,8088,0.00012363996043521266
go,perri,1,415,8088,0.00012363996043521266
go,christopher,1,416,8088,0.00012363996043521266
go,auntie,1,417,8088,0.00012363996043521266
go,wrapper,1,418,8088,0.00012363996043521266
go,truck,1,419,8088,0.00012363996043521266
go,wire,1,420,8088,0.00012363996043521266
go,plant,1,421,8088,0.00012363996043521266
go,class,1,422,8088,0.00012363996043521266
go,turtle,1,423,8088,0.00012363996043521266
go,number,1,424,8088,0.00012363996043521266
go,window,1,425,8088,0.00012363996043521266
go,barbara,1,426,8088,0.00012363996043521266
go,tod,1,427,8088,0.00012363996043521266
go,with,1,428,8088,0.00012363996043521266
go,burrow,1,429,8088,0.00012363996043521266
go,mark,1,430,8088,0.00012363996043521266
go,blinking,1,431,8088,0.00012363996043521266
go,pants,1,432,8088,0.00012363996043521266
go,body,1,433,8088,0.00012363996043521266
go,dan,1,434,8088,0.00012363996043521266
go,hymie,1,435,8088,0.00012363996043521266
go,joe,1,436,8088,0.00012363996043521266
go,transmitter,1,437,8088,0.00012363996043521266
go,danny,1,438,8088,0.00012363996043521266
go,salad,1,439,8088,0.00012363996043521266
go,cream,1,440,8088,0.00012363996043521266
go,joanne,1,441,8088,0.00012363996043521266
go,alarm,1,442,8088,0.00012363996043521266
go,bobber,1,443,8088,0.00012363996043521266
go,the,1,444,8088,0.00012363996043521266
go,suzanne,1,445,8088,0.00012363996043521266
go,sheep,1,446,8088,0.00012363996043521266
go,deedee,1,447,8088,0.00012363996043521266
go,honk,1,448,8088,0.00012363996043521266
go,joey,1,449,8088,0.00012363996043521266
go,sposta,1,450,8088,0.00012363996043521266
go,harold,1,451,8088,0.00012363996043521266
go,zero,1,452,8088,0.00012363996043521266
go,samantha,1,453,8088,0.00012363996043521266
go,hole,1,454,8088,0.00012363996043521266
go,sean,1,455,8088,0.00012363996043521266
go,debbie,1,456,8088,0.00012363996043521266
go,good,1,457,8088,0.00012363996043521266
go,foil,1,458,8088,0.00012363996043521266
go,size,1,459,8088,0.00012363996043521266
go,phillipe,1,460,8088,0.00012363996043521266
go,paint,1,461,8088,0.00012363996043521266
go,much,1,462,8088,0.00012363996043521266
go,almighty,1,463,8088,0.00012363996043521266
go,steve,1,464,8088,0.00012363996043521266
do,you,3270,1,7178,0.4555586514349401
do,i,1174,2,7178,0.16355530788520478
do,we,578,3,7178,0.08052382279186403
do,he,498,4,7178,0.06937865700752299
do,they,312,5,7178,0.043466146558930066
do,she,290,6,7178,0.040401225968236275
do,it,254,7,7178,0.03538590136528281
do,who,72,8,7178,0.010030649205906938
do,that,48,9,7178,0.006687099470604625
do,person,24,10,7178,0.0033435497353023124
do,one,18,11,7178,0.0025076623014767345
do,guy,18,12,7178,0.0025076623014767345
do,this,12,13,7178,0.0016717748676511562
do,mommy,12,14,7178,0.0016717748676511562
do,what,11,15,7178,0.0015324602953468932
do,daddy,11,16,7178,0.0015324602953468932
do,girl,11,17,7178,0.0015324602953468932
do,cat,9,18,7178,0.0012538311507383673
do,boy,9,19,7178,0.0012538311507383673
do,baby,9,20,7178,0.0012538311507383673
do,kitty,8,21,7178,0.0011145165784341043
do,everybody,8,22,7178,0.0011145165784341043
do,chi,8,23,7178,0.0011145165784341043
do,somebody,7,24,7178,0.0009752020061298412
do,some,7,25,7178,0.0009752020061298412
do,dog,7,26,7178,0.0009752020061298412
do,someone,6,27,7178,0.0008358874338255781
do,man,6,28,7178,0.0008358874338255781
do,caterpillar,6,29,7178,0.0008358874338255781
do,nobody,6,30,7178,0.0008358874338255781
do,useta,5,31,7178,0.0006965728615213151
do,hafta,5,32,7178,0.0006965728615213151
do,kid,5,33,7178,0.0006965728615213151
do,lady,5,34,7178,0.0006965728615213151
do,mom,5,35,7178,0.0006965728615213151
do,your,5,36,7178,0.0006965728615213151
do,tony,5,37,7178,0.0006965728615213151
do,my,4,38,7178,0.0005572582892170521
do,santa,4,39,7178,0.0005572582892170521
do,lion,4,40,7178,0.0005572582892170521
do,david,4,41,7178,0.0005572582892170521
do,matthew,4,42,7178,0.0005572582892170521
do,bear,4,43,7178,0.0005572582892170521
do,hasta,4,44,7178,0.0005572582892170521
do,bobby,4,45,7178,0.0005572582892170521
do,mr,4,46,7178,0.0005572582892170521
do,mister,4,47,7178,0.0005572582892170521
do,vanessa,4,48,7178,0.0005572582892170521
do,roland,4,49,7178,0.0005572582892170521
do,puppet,4,50,7178,0.0005572582892170521
do,god,3,51,7178,0.00041794371691278906
do,sarah,3,52,7178,0.00041794371691278906
do,michael,3,53,7178,0.00041794371691278906
do,policeman,3,54,7178,0.00041794371691278906
do,train,3,55,7178,0.00041794371691278906
do,car,3,56,7178,0.00041794371691278906
do,doctor,3,57,7178,0.00041794371691278906
do,rabbit,3,58,7178,0.00041794371691278906
do,two,3,59,7178,0.00041794371691278906
do,sister,3,60,7178,0.00041794371691278906
do,the,3,61,7178,0.00041794371691278906
do,jason,3,62,7178,0.00041794371691278906
do,abe,3,63,7178,0.00041794371691278906
do,lindsey,3,64,7178,0.00041794371691278906
do,dawson,3,65,7178,0.00041794371691278906
do,dad,3,66,7178,0.00041794371691278906
do,carl,3,67,7178,0.00041794371691278906
do,remi,3,68,7178,0.00041794371691278906
do,steven,3,69,7178,0.00041794371691278906
do,frog,2,70,7178,0.00027862914460852607
do,adam,2,71,7178,0.00027862914460852607
do,crayon,2,72,7178,0.00027862914460852607
do,robin,2,73,7178,0.00027862914460852607
do,both,2,74,7178,0.00027862914460852607
do,everything,2,75,7178,0.00027862914460852607
do,bone,2,76,7178,0.00027862914460852607
do,all,2,77,7178,0.00027862914460852607
do,mother,2,78,7178,0.00027862914460852607
do,elephant,2,79,7178,0.00027862914460852607
do,needta,2,80,7178,0.00027862914460852607
do,cost,2,81,7178,0.00027862914460852607
do,titch,2,82,7178,0.00027862914460852607
do,tool,2,83,7178,0.00027862914460852607
do,time,2,84,7178,0.00027862914460852607
do,anyone,2,85,7178,0.00027862914460852607
do,owl,2,86,7178,0.00027862914460852607
do,miss,2,87,7178,0.00027862914460852607
do,teacher,2,88,7178,0.00027862914460852607
do,child,2,89,7178,0.00027862914460852607
do,men,2,90,7178,0.00027862914460852607
do,horse,2,91,7178,0.00027862914460852607
do,thing,2,92,7178,0.00027862914460852607
do,rolley,2,93,7178,0.00027862914460852607
do,ohmygoodness,2,94,7178,0.00027862914460852607
do,spider,2,95,7178,0.00027862914460852607
do,roman,2,96,7178,0.00027862914460852607
do,matty,2,97,7178,0.00027862914460852607
do,movie,2,98,7178,0.00027862914460852607
do,mouse,2,99,7178,0.00027862914460852607
do,bunny,2,100,7178,0.00027862914460852607
do,snake,2,101,7178,0.00027862914460852607
do,sposta,2,102,7178,0.00027862914460852607
do,ball,2,103,7178,0.00027862914460852607
do,debbie,2,104,7178,0.00027862914460852607
do,mike,2,105,7178,0.00027862914460852607
do,johnathan,2,106,7178,0.00027862914460852607
do,james,2,107,7178,0.00027862914460852607
do,page,2,108,7178,0.00027862914460852607
do,gabe,2,109,7178,0.00027862914460852607
do,lisa,2,110,7178,0.00027862914460852607
do,stethoscope,2,111,7178,0.00027862914460852607
do,father,2,112,7178,0.00027862914460852607
do,perry,2,113,7178,0.00027862914460852607
do,eric,2,114,7178,0.00027862914460852607
do,harold,2,115,7178,0.00027862914460852607
do,samantha,2,116,7178,0.00027862914460852607
do,microphone,1,117,7178,0.00013931457230426304
do,johnson,1,118,7178,0.00013931457230426304
do,family,1,119,7178,0.00013931457230426304
do,laura,1,120,7178,0.00013931457230426304
do,pokky,1,121,7178,0.00013931457230426304
do,amina,1,122,7178,0.00013931457230426304
do,package,1,123,7178,0.00013931457230426304
do,santaclaus,1,124,7178,0.00013931457230426304
do,cow,1,125,7178,0.00013931457230426304
do,wiper,1,126,7178,0.00013931457230426304
do,animal,1,127,7178,0.00013931457230426304
do,slide,1,128,7178,0.00013931457230426304
do,fish,1,129,7178,0.00013931457230426304
do,diandra,1,130,7178,0.00013931457230426304
do,paper,1,131,7178,0.00013931457230426304
do,spear,1,132,7178,0.00013931457230426304
do,bullet,1,133,7178,0.00013931457230426304
do,wait,1,134,7178,0.00013931457230426304
do,diver,1,135,7178,0.00013931457230426304
do,adamy,1,136,7178,0.00013931457230426304
do,corkscrew,1,137,7178,0.00013931457230426304
do,drop,1,138,7178,0.00013931457230426304
do,cough,1,139,7178,0.00013931457230426304
do,dickie,1,140,7178,0.00013931457230426304
do,cotton,1,141,7178,0.00013931457230426304
do,turtle,1,142,7178,0.00013931457230426304
do,annmarie,1,143,7178,0.00013931457230426304
do,doll,1,144,7178,0.00013931457230426304
do,dick,1,145,7178,0.00013931457230426304
do,run,1,146,7178,0.00013931457230426304
do,nurse,1,147,7178,0.00013931457230426304
do,gigi,1,148,7178,0.00013931457230426304
do,oven,1,149,7178,0.00013931457230426304
do,basket,1,150,7178,0.00013931457230426304
do,bozo,1,151,7178,0.00013931457230426304
do,clown,1,152,7178,0.00013931457230426304
do,mean,1,153,7178,0.00013931457230426304
do,four,1,154,7178,0.00013931457230426304
do,hose,1,155,7178,0.00013931457230426304
do,baboon,1,156,7178,0.00013931457230426304
do,ann,1,157,7178,0.00013931457230426304
do,don,1,158,7178,0.00013931457230426304
do,betty,1,159,7178,0.00013931457230426304
do,batman,1,160,7178,0.00013931457230426304
do,huh,1,161,7178,0.00013931457230426304
do,dentist,1,162,7178,0.00013931457230426304
do,tail,1,163,7178,0.00013931457230426304
do,melissa,1,164,7178,0.00013931457230426304
do,adult,1,165,7178,0.00013931457230426304
do,grandma,1,166,7178,0.00013931457230426304
do,firstname,1,167,7178,0.00013931457230426304
do,grownup,1,168,7178,0.00013931457230426304
do,jennifer,1,169,7178,0.00013931457230426304
do,uncle,1,170,7178,0.00013931457230426304
do,theresa,1,171,7178,0.00013931457230426304
do,aaron,1,172,7178,0.00013931457230426304
do,go,1,173,7178,0.00013931457230426304
do,chuckie,1,174,7178,0.00013931457230426304
do,mary,1,175,7178,0.00013931457230426304
do,pizza,1,176,7178,0.00013931457230426304
do,furry,1,177,7178,0.00013931457230426304
do,plumber,1,178,7178,0.00013931457230426304
do,flashlight,1,179,7178,0.00013931457230426304
do,grandpa,1,180,7178,0.00013931457230426304
do,monster,1,181,7178,0.00013931457230426304
do,dolphin,1,182,7178,0.00013931457230426304
do,michele,1,183,7178,0.00013931457230426304
do,word,1,184,7178,0.00013931457230426304
do,tarci,1,185,7178,0.00013931457230426304
do,nicky,1,186,7178,0.00013931457230426304
do,pluto,1,187,7178,0.00013931457230426304
do,huey,1,188,7178,0.00013931457230426304
do,strawberry,1,189,7178,0.00013931457230426304
do,friend,1,190,7178,0.00013931457230426304
do,tam,1,191,7178,0.00013931457230426304
do,rocket,1,192,7178,0.00013931457230426304
do,piggy,1,193,7178,0.00013931457230426304
do,helicopter,1,194,7178,0.00013931457230426304
do,everyone,1,195,7178,0.00013931457230426304
do,grammy,1,196,7178,0.00013931457230426304
do,mot,1,197,7178,0.00013931457230426304
do,hypnotist,1,198,7178,0.00013931457230426304
do,diana,1,199,7178,0.00013931457230426304
do,jessica,1,200,7178,0.00013931457230426304
do,food,1,201,7178,0.00013931457230426304
do,store,1,202,7178,0.00013931457230426304
do,number,1,203,7178,0.00013931457230426304
do,chair,1,204,7178,0.00013931457230426304
do,door,1,205,7178,0.00013931457230426304
do,robber,1,206,7178,0.00013931457230426304
do,cord,1,207,7178,0.00013931457230426304
do,king,1,208,7178,0.00013931457230426304
do,john,1,209,7178,0.00013931457230426304
do,friar,1,210,7178,0.00013931457230426304
do,luke,1,211,7178,0.00013931457230426304
do,talk,1,212,7178,0.00013931457230426304
do,more,1,213,7178,0.00013931457230426304
do,army,1,214,7178,0.00013931457230426304
do,lara,1,215,7178,0.00013931457230426304
do,gramma,1,216,7178,0.00013931457230426304
do,elizah,1,217,7178,0.00013931457230426304
do,cheerleader,1,218,7178,0.00013931457230426304
do,auntcarey,1,219,7178,0.00013931457230426304
do,campfire,1,220,7178,0.00013931457230426304
do,sadie,1,221,7178,0.00013931457230426304
do,owner,1,222,7178,0.00013931457230426304
do,candy,1,223,7178,0.00013931457230426304
do,tiki,1,224,7178,0.00013931457230426304
do,sammy,1,225,7178,0.00013931457230426304
do,jeanie,1,226,7178,0.00013931457230426304
do,bee,1,227,7178,0.00013931457230426304
do,monica,1,228,7178,0.00013931457230426304
do,stuff,1,229,7178,0.00013931457230426304
do,goblin,1,230,7178,0.00013931457230426304
do,rest,1,231,7178,0.00013931457230426304
do,sheep,1,232,7178,0.00013931457230426304
do,green,1,233,7178,0.00013931457230426304
do,mckayla,1,234,7178,0.00013931457230426304
do,lumpas,1,235,7178,0.00013931457230426304
do,her,1,236,7178,0.00013931457230426304
do,germy,1,237,7178,0.00013931457230426304
do,world,1,238,7178,0.00013931457230426304
do,president,1,239,7178,0.00013931457230426304
do,dinosaur,1,240,7178,0.00013931457230426304
do,white,1,241,7178,0.00013931457230426304
do,color,1,242,7178,0.00013931457230426304
do,quilt,1,243,7178,0.00013931457230426304
do,book,1,244,7178,0.00013931457230426304
do,police,1,245,7178,0.00013931457230426304
do,hulk,1,246,7178,0.00013931457230426304
do,hammer,1,247,7178,0.00013931457230426304
do,wrench,1,248,7178,0.00013931457230426304
do,oughta,1,249,7178,0.00013931457230426304
do,nothing,1,250,7178,0.00013931457230426304
do,efrom,1,251,7178,0.00013931457230426304
do,brett,1,252,7178,0.00013931457230426304
do,brucey,1,253,7178,0.00013931457230426304
do,operator,1,254,7178,0.00013931457230426304
do,phone,1,255,7178,0.00013931457230426304
do,school,1,256,7178,0.00013931457230426304
do,woman,1,257,7178,0.00013931457230426304
do,ash,1,258,7178,0.00013931457230426304
do,simon,1,259,7178,0.00013931457230426304
do,decky,1,260,7178,0.00013931457230426304
do,jonathan,1,261,7178,0.00013931457230426304
do,industry,1,262,7178,0.00013931457230426304
do,moe,1,263,7178,0.00013931457230426304
do,tape,1,264,7178,0.00013931457230426304
do,work,1,265,7178,0.00013931457230426304
do,darling,1,266,7178,0.00013931457230426304
do,cloth,1,267,7178,0.00013931457230426304
do,lesson,1,268,7178,0.00013931457230426304
do,jeffery,1,269,7178,0.00013931457230426304
do,mia,1,270,7178,0.00013931457230426304
do,battery,1,271,7178,0.00013931457230426304
do,folk,1,272,7178,0.00013931457230426304
do,yourself,1,273,7178,0.00013931457230426304
do,many,1,274,7178,0.00013931457230426304
do,anybody,1,275,7178,0.00013931457230426304
do,pretzel,1,276,7178,0.00013931457230426304
do,mark,1,277,7178,0.00013931457230426304
do,donna,1,278,7178,0.00013931457230426304
do,anthony,1,279,7178,0.00013931457230426304
do,jerry,1,280,7178,0.00013931457230426304
do,shovel,1,281,7178,0.00013931457230426304
do,potato,1,282,7178,0.00013931457230426304
do,philip,1,283,7178,0.00013931457230426304
do,fireman,1,284,7178,0.00013931457230426304
do,brother,1,285,7178,0.00013931457230426304
do,keisha,1,286,7178,0.00013931457230426304
do,alvin,1,287,7178,0.00013931457230426304
do,hunm,1,288,7178,0.00013931457230426304
do,kim,1,289,7178,0.00013931457230426304
do,shadow,1,290,7178,0.00013931457230426304
do,freddy,1,291,7178,0.00013931457230426304
do,joyce,1,292,7178,0.00013931457230426304
do,du,1,293,7178,0.00013931457230426304
do,mickey,1,294,7178,0.00013931457230426304
do,patrick,1,295,7178,0.00013931457230426304
do,ring,1,296,7178,0.00013931457230426304
do,crinkle,1,297,7178,0.00013931457230426304
do,christopher,1,298,7178,0.00013931457230426304
do,adrienne,1,299,7178,0.00013931457230426304
do,seymore,1,300,7178,0.00013931457230426304
do,gabriella,1,301,7178,0.00013931457230426304
do,bernice,1,302,7178,0.00013931457230426304
do,zoe,1,303,7178,0.00013931457230426304
do,letter,1,304,7178,0.00013931457230426304
do,gerbil,1,305,7178,0.00013931457230426304
do,let,1,306,7178,0.00013931457230426304
do,daniel,1,307,7178,0.00013931457230426304
do,friction,1,308,7178,0.00013931457230426304
do,cowboy,1,309,7178,0.00013931457230426304
do,way,1,310,7178,0.00013931457230426304
do,gabriel,1,311,7178,0.00013931457230426304
do,sherine,1,312,7178,0.00013931457230426304
do,lucy,1,313,7178,0.00013931457230426304
do,shoe,1,314,7178,0.00013931457230426304
do,coyote,1,315,7178,0.00013931457230426304
do,randy,1,316,7178,0.00013931457230426304
do,mammal,1,317,7178,0.00013931457230426304
do,push,1,318,7178,0.00013931457230426304
do,servant,1,319,7178,0.00013931457230426304
do,asher,1,320,7178,0.00013931457230426304
do,perri,1,321,7178,0.00013931457230426304
do,tongue,1,322,7178,0.00013931457230426304
do,frank,1,323,7178,0.00013931457230426304
do,fuck,1,324,7178,0.00013931457230426304
do,driver,1,325,7178,0.00013931457230426304
do,little,1,326,7178,0.00013931457230426304
do,robert,1,327,7178,0.00013931457230426304
do,karen,1,328,7178,0.00013931457230426304
do,wana,1,329,7178,0.00013931457230426304
do,putty,1,330,7178,0.00013931457230426304
do,clay,1,331,7178,0.00013931457230426304
do,tv,1,332,7178,0.00013931457230426304
do,thy,1,333,7178,0.00013931457230426304
do,jimmy,1,334,7178,0.00013931457230426304
do,sam,1,335,7178,0.00013931457230426304
do,angel,1,336,7178,0.00013931457230426304
do,daughter,1,337,7178,0.00013931457230426304
do,karming,1,338,7178,0.00013931457230426304
do,a,1,339,7178,0.00013931457230426304
do,bottom,1,340,7178,0.00013931457230426304
do,william,1,341,7178,0.00013931457230426304
do,mosquito,1,342,7178,0.00013931457230426304
do,bottle,1,343,7178,0.00013931457230426304
do,steve,1,344,7178,0.00013931457230426304
do,bloomingdale,1,345,7178,0.00013931457230426304
do,wayne,1,346,7178,0.00013931457230426304
do,anne,1,347,7178,0.00013931457230426304
have,you,2163,1,6416,0.33712593516209477
have,i,1293,2,6416,0.20152743142144638
have,we,843,3,6416,0.13139027431421446
have,he,456,4,6416,0.07107231920199501
have,they,429,5,6416,0.0668640897755611
have,she,236,6,6416,0.03678304239401496
have,it,180,7,6416,0.02805486284289277
have,who,56,8,6416,0.008728179551122194
have,that,55,9,6416,0.008572319201995013
have,one,23,10,6416,0.003584788029925187
have,everybody,22,11,6416,0.003428927680798005
have,this,17,12,6416,0.002649625935162095
have,mommy,16,13,6416,0.0024937655860349127
have,daddy,15,14,6416,0.0023379052369077308
have,mother,14,15,6416,0.0021820448877805485
have,guy,12,16,6416,0.0018703241895261845
have,everyone,9,17,6416,0.0014027431421446384
have,anybody,8,18,6416,0.0012468827930174563
have,kid,8,19,6416,0.0012468827930174563
have,person,8,20,6416,0.0012468827930174563
have,somebody,8,21,6416,0.0012468827930174563
have,girl,7,22,6416,0.0010910224438902742
have,useta,7,23,6416,0.0010910224438902742
have,tony,7,24,6416,0.0010910224438902742
have,bobby,7,25,6416,0.0010910224438902742
have,michael,7,26,6416,0.0010910224438902742
have,sarah,6,27,6416,0.0009351620947630922
have,dinosaur,6,28,6416,0.0009351620947630922
have,paul,5,29,6416,0.0007793017456359103
have,adam,5,30,6416,0.0007793017456359103
have,david,5,31,6416,0.0007793017456359103
have,boy,5,32,6416,0.0007793017456359103
have,robin,5,33,6416,0.0007793017456359103
have,some,5,34,6416,0.0007793017456359103
have,child,5,35,6416,0.0007793017456359103
have,betty,5,36,6416,0.0007793017456359103
have,all,5,37,6416,0.0007793017456359103
have,matthew,5,38,6416,0.0007793017456359103
have,remi,5,39,6416,0.0007793017456359103
have,glass,4,40,6416,0.0006234413965087282
have,diandra,4,41,6416,0.0006234413965087282
have,cat,4,42,6416,0.0006234413965087282
have,chi,4,43,6416,0.0006234413965087282
have,karen,4,44,6416,0.0006234413965087282
have,hasta,4,45,6416,0.0006234413965087282
have,lisa,4,46,6416,0.0006234413965087282
have,turtle,3,47,6416,0.0004675810473815461
have,father,3,48,6416,0.0004675810473815461
have,nana,3,49,6416,0.0004675810473815461
have,laurie,3,50,6416,0.0004675810473815461
have,auntie,3,51,6416,0.0004675810473815461
have,what,3,52,6416,0.0004675810473815461
have,nobody,3,53,6416,0.0004675810473815461
have,two,3,54,6416,0.0004675810473815461
have,kitty,3,55,6416,0.0004675810473815461
have,train,3,56,6416,0.0004675810473815461
have,dog,3,57,6416,0.0004675810473815461
have,christopher,3,58,6416,0.0004675810473815461
have,side,3,59,6416,0.0004675810473815461
have,tiger,3,60,6416,0.0004675810473815461
have,leopard,3,61,6416,0.0004675810473815461
have,someone,3,62,6416,0.0004675810473815461
have,sophie,3,63,6416,0.0004675810473815461
have,johnathan,3,64,6416,0.0004675810473815461
have,anthony,3,65,6416,0.0004675810473815461
have,steve,3,66,6416,0.0004675810473815461
have,graeme,3,67,6416,0.0004675810473815461
have,zoe,3,68,6416,0.0004675810473815461
have,eric,3,69,6416,0.0004675810473815461
have,steven,3,70,6416,0.0004675810473815461
have,both,2,71,6416,0.0003117206982543641
have,house,2,72,6416,0.0003117206982543641
have,tricycle,2,73,6416,0.0003117206982543641
have,man,2,74,6416,0.0003117206982543641
have,umbrella,2,75,6416,0.0003117206982543641
have,moon,2,76,6416,0.0003117206982543641
have,baby,2,77,6416,0.0003117206982543641
have,teacher,2,78,6416,0.0003117206982543641
have,george,2,79,6416,0.0003117206982543641
have,doll,2,80,6416,0.0003117206982543641
have,firstname,2,81,6416,0.0003117206982543641
have,helen,2,82,6416,0.0003117206982543641
have,book,2,83,6416,0.0003117206982543641
have,wheel,2,84,6416,0.0003117206982543641
have,mark,2,85,6416,0.0003117206982543641
have,other,2,86,6416,0.0003117206982543641
have,caterpillar,2,87,6416,0.0003117206982543641
have,mary,2,88,6416,0.0003117206982543641
have,frosty,2,89,6416,0.0003117206982543641
have,uncle,2,90,6416,0.0003117206982543641
have,city,2,91,6416,0.0003117206982543641
have,elephant,2,92,6416,0.0003117206982543641
have,joey,2,93,6416,0.0003117206982543641
have,bro,2,94,6416,0.0003117206982543641
have,sister,2,95,6416,0.0003117206982543641
have,leaf,2,96,6416,0.0003117206982543641
have,tam,2,97,6416,0.0003117206982543641
have,kind,2,98,6416,0.0003117206982543641
have,goat,2,99,6416,0.0003117206982543641
have,bear,2,100,6416,0.0003117206982543641
have,whoever,2,101,6416,0.0003117206982543641
have,school,2,102,6416,0.0003117206982543641
have,momma,2,103,6416,0.0003117206982543641
have,grandma,2,104,6416,0.0003117206982543641
have,horse,2,105,6416,0.0003117206982543641
have,grandmother,2,106,6416,0.0003117206982543641
have,our,2,107,6416,0.0003117206982543641
have,frog,2,108,6416,0.0003117206982543641
have,rabbit,2,109,6416,0.0003117206982543641
have,toby,2,110,6416,0.0003117206982543641
have,ohmygoodness,2,111,6416,0.0003117206982543641
have,each,2,112,6416,0.0003117206982543641
have,bird,2,113,6416,0.0003117206982543641
have,scorpion,2,114,6416,0.0003117206982543641
have,fly,2,115,6416,0.0003117206982543641
have,simba,2,116,6416,0.0003117206982543641
have,granddaddy,2,117,6416,0.0003117206982543641
have,harry,2,118,6416,0.0003117206982543641
have,brother,2,119,6416,0.0003117206982543641
have,chip,2,120,6416,0.0003117206982543641
have,mom,2,121,6416,0.0003117206982543641
have,carl,2,122,6416,0.0003117206982543641
have,park,2,123,6416,0.0003117206982543641
have,your,2,124,6416,0.0003117206982543641
have,group,2,125,6416,0.0003117206982543641
have,shoe,2,126,6416,0.0003117206982543641
have,radio,2,127,6416,0.0003117206982543641
have,roland,2,128,6416,0.0003117206982543641
have,gabriel,2,129,6416,0.0003117206982543641
have,jerry,2,130,6416,0.0003117206982543641
have,gerbil,2,131,6416,0.0003117206982543641
have,julia,2,132,6416,0.0003117206982543641
have,joe,2,133,6416,0.0003117206982543641
have,danny,2,134,6416,0.0003117206982543641
have,samantha,2,135,6416,0.0003117206982543641
have,cow,1,136,6416,0.00015586034912718204
have,sandman,1,137,6416,0.00015586034912718204
have,cup,1,138,6416,0.00015586034912718204
have,laura,1,139,6416,0.00015586034912718204
have,jwww,1,140,6416,0.00015586034912718204
have,bag,1,141,6416,0.00015586034912718204
have,bike,1,142,6416,0.00015586034912718204
have,hippopotamus,1,143,6416,0.00015586034912718204
have,church,1,144,6416,0.00015586034912718204
have,indian,1,145,6416,0.00015586034912718204
have,rocky,1,146,6416,0.00015586034912718204
have,tummy,1,147,6416,0.00015586034912718204
have,most,1,148,6416,0.00015586034912718204
have,beatles,1,149,6416,0.00015586034912718204
have,darlene,1,150,6416,0.00015586034912718204
have,saint,1,151,6416,0.00015586034912718204
have,eleanor,1,152,6416,0.00015586034912718204
have,patty,1,153,6416,0.00015586034912718204
have,line,1,154,6416,0.00015586034912718204
have,snake,1,155,6416,0.00015586034912718204
have,apple,1,156,6416,0.00015586034912718204
have,monster,1,157,6416,0.00015586034912718204
have,bozo,1,158,6416,0.00015586034912718204
have,answer,1,159,6416,0.00015586034912718204
have,duck,1,160,6416,0.00015586034912718204
have,ann,1,161,6416,0.00015586034912718204
have,bee,1,162,6416,0.00015586034912718204
have,every,1,163,6416,0.00015586034912718204
have,youall,1,164,6416,0.00015586034912718204
have,cousin,1,165,6416,0.00015586034912718204
have,elaine,1,166,6416,0.00015586034912718204
have,head,1,167,6416,0.00015586034912718204
have,annmarie,1,168,6416,0.00015586034912718204
have,everything,1,169,6416,0.00015586034912718204
have,bunny,1,170,6416,0.00015586034912718204
have,esther,1,171,6416,0.00015586034912718204
have,pajama,1,172,6416,0.00015586034912718204
have,maryann,1,173,6416,0.00015586034912718204
have,tom,1,174,6416,0.00015586034912718204
have,jenny,1,175,6416,0.00015586034912718204
have,policeman,1,176,6416,0.00015586034912718204
have,tape,1,177,6416,0.00015586034912718204
have,ticket,1,178,6416,0.00015586034912718204
have,clown,1,179,6416,0.00015586034912718204
have,stepmother,1,180,6416,0.00015586034912718204
have,prince,1,181,6416,0.00015586034912718204
have,cinderella,1,182,6416,0.00015586034912718204
have,reindeer,1,183,6416,0.00015586034912718204
have,goldilocks,1,184,6416,0.00015586034912718204
have,fang,1,185,6416,0.00015586034912718204
have,claude,1,186,6416,0.00015586034912718204
have,humpty,1,187,6416,0.00015586034912718204
have,which,1,188,6416,0.00015586034912718204
have,alice,1,189,6416,0.00015586034912718204
have,jesse,1,190,6416,0.00015586034912718204
have,jeffery,1,191,6416,0.00015586034912718204
have,van,1,192,6416,0.00015586034912718204
have,mamma,1,193,6416,0.00015586034912718204
have,babbette,1,194,6416,0.00015586034912718204
have,hansel,1,195,6416,0.00015586034912718204
have,start,1,196,6416,0.00015586034912718204
have,mayor,1,197,6416,0.00015586034912718204
have,cook,1,198,6416,0.00015586034912718204
have,skin,1,199,6416,0.00015586034912718204
have,dinotherium,1,200,6416,0.00015586034912718204
have,helmet,1,201,6416,0.00015586034912718204
have,flopsy,1,202,6416,0.00015586034912718204
have,pascal,1,203,6416,0.00015586034912718204
have,luck,1,204,6416,0.00015586034912718204
have,oare,1,205,6416,0.00015586034912718204
have,feline,1,206,6416,0.00015586034912718204
have,katie,1,207,6416,0.00015586034912718204
have,kitten,1,208,6416,0.00015586034912718204
have,box,1,209,6416,0.00015586034912718204
have,fox,1,210,6416,0.00015586034912718204
have,piggy,1,211,6416,0.00015586034912718204
have,salad,1,212,6416,0.00015586034912718204
have,sis,1,213,6416,0.00015586034912718204
have,robot,1,214,6416,0.00015586034912718204
have,car,1,215,6416,0.00015586034912718204
have,chef,1,216,6416,0.00015586034912718204
have,bonnie,1,217,6416,0.00015586034912718204
have,brian,1,218,6416,0.00015586034912718204
have,earl,1,219,6416,0.00015586034912718204
have,engine,1,220,6416,0.00015586034912718204
have,tea,1,221,6416,0.00015586034912718204
have,stuff,1,222,6416,0.00015586034912718204
have,ken,1,223,6416,0.00015586034912718204
have,knight,1,224,6416,0.00015586034912718204
have,keith,1,225,6416,0.00015586034912718204
have,bull,1,226,6416,0.00015586034912718204
have,benu,1,227,6416,0.00015586034912718204
have,sposta,1,228,6416,0.00015586034912718204
have,cake,1,229,6416,0.00015586034912718204
have,island,1,230,6416,0.00015586034912718204
have,hot,1,231,6416,0.00015586034912718204
have,shopkeeper,1,232,6416,0.00015586034912718204
have,basket,1,233,6416,0.00015586034912718204
have,balloon,1,234,6416,0.00015586034912718204
have,sheep,1,235,6416,0.00015586034912718204
have,pterodactyl,1,236,6416,0.00015586034912718204
have,tortoise,1,237,6416,0.00015586034912718204
have,max,1,238,6416,0.00015586034912718204
have,nancy,1,239,6416,0.00015586034912718204
have,shark,1,240,6416,0.00015586034912718204
have,diver,1,241,6416,0.00015586034912718204
have,movie,1,242,6416,0.00015586034912718204
have,roman,1,243,6416,0.00015586034912718204
have,doggie,1,244,6416,0.00015586034912718204
have,whale,1,245,6416,0.00015586034912718204
have,lord,1,246,6416,0.00015586034912718204
have,mouth,1,247,6416,0.00015586034912718204
have,efrom,1,248,6416,0.00015586034912718204
have,bess,1,249,6416,0.00015586034912718204
have,funky,1,250,6416,0.00015586034912718204
have,rachel,1,251,6416,0.00015586034912718204
have,mickey,1,252,6416,0.00015586034912718204
have,any,1,253,6416,0.00015586034912718204
have,february,1,254,6416,0.00015586034912718204
have,freddy,1,255,6416,0.00015586034912718204
have,erica,1,256,6416,0.00015586034912718204
have,dexter,1,257,6416,0.00015586034912718204
have,decky,1,258,6416,0.00015586034912718204
have,jason,1,259,6416,0.00015586034912718204
have,alotof,1,260,6416,0.00015586034912718204
have,planter,1,261,6416,0.00015586034912718204
have,transmitter,1,262,6416,0.00015586034912718204
have,light,1,263,6416,0.00015586034912718204
have,charlie,1,264,6416,0.00015586034912718204
have,benefit,1,265,6416,0.00015586034912718204
have,mike,1,266,6416,0.00015586034912718204
have,store,1,267,6416,0.00015586034912718204
have,octopus,1,268,6416,0.00015586034912718204
have,squid,1,269,6416,0.00015586034912718204
have,five,1,270,6416,0.00015586034912718204
have,deidre,1,271,6416,0.00015586034912718204
have,toy,1,272,6416,0.00015586034912718204
have,dolly,1,273,6416,0.00015586034912718204
have,company,1,274,6416,0.00015586034912718204
have,goodbye,1,275,6416,0.00015586034912718204
have,christine,1,276,6416,0.00015586034912718204
have,toyo,1,277,6416,0.00015586034912718204
have,john,1,278,6416,0.00015586034912718204
have,lady,1,279,6416,0.00015586034912718204
have,plastic,1,280,6416,0.00015586034912718204
have,mr,1,281,6416,0.00015586034912718204
have,friend,1,282,6416,0.00015586034912718204
have,many,1,283,6416,0.00015586034912718204
have,von,1,284,6416,0.00015586034912718204
have,zulu,1,285,6416,0.00015586034912718204
have,neither,1,286,6416,0.00015586034912718204
have,ronald,1,287,6416,0.00015586034912718204
have,phillip,1,288,6416,0.00015586034912718204
have,bed,1,289,6416,0.00015586034912718204
have,derwood,1,290,6416,0.00015586034912718204
have,woman,1,291,6416,0.00015586034912718204
have,yall,1,292,6416,0.00015586034912718204
have,mister,1,293,6416,0.00015586034912718204
have,kim,1,294,6416,0.00015586034912718204
have,patrick,1,295,6416,0.00015586034912718204
have,barry,1,296,6416,0.00015586034912718204
have,lemme,1,297,6416,0.00015586034912718204
have,dushon,1,298,6416,0.00015586034912718204
have,adrienne,1,299,6416,0.00015586034912718204
have,square,1,300,6416,0.00015586034912718204
have,stephanie,1,301,6416,0.00015586034912718204
have,three,1,302,6416,0.00015586034912718204
have,channel,1,303,6416,0.00015586034912718204
have,trina,1,304,6416,0.00015586034912718204
have,doreen,1,305,6416,0.00015586034912718204
have,bernice,1,306,6416,0.00015586034912718204
have,sun,1,307,6416,0.00015586034912718204
have,driver,1,308,6416,0.00015586034912718204
have,lenita,1,309,6416,0.00015586034912718204
have,giant,1,310,6416,0.00015586034912718204
have,grover,1,311,6416,0.00015586034912718204
have,perri,1,312,6416,0.00015586034912718204
have,plant,1,313,6416,0.00015586034912718204
have,daniel,1,314,6416,0.00015586034912718204
have,dancer,1,315,6416,0.00015586034912718204
have,pig,1,316,6416,0.00015586034912718204
have,thumper,1,317,6416,0.00015586034912718204
have,cartoon,1,318,6416,0.00015586034912718204
have,bucket,1,319,6416,0.00015586034912718204
have,shirt,1,320,6416,0.00015586034912718204
have,crab,1,321,6416,0.00015586034912718204
have,michaels,1,322,6416,0.00015586034912718204
have,donald,1,323,6416,0.00015586034912718204
have,few,1,324,6416,0.00015586034912718204
have,joseph,1,325,6416,0.00015586034912718204
have,orange,1,326,6416,0.00015586034912718204
have,zebras,1,327,6416,0.00015586034912718204
have,dollar,1,328,6416,0.00015586034912718204
have,richard,1,329,6416,0.00015586034912718204
have,macdonald,1,330,6416,0.00015586034912718204
have,con,1,331,6416,0.00015586034912718204
have,wanna,1,332,6416,0.00015586034912718204
have,dom,1,333,6416,0.00015586034912718204
have,monopoly,1,334,6416,0.00015586034912718204
have,angel,1,335,6416,0.00015586034912718204
have,suzanne,1,336,6416,0.00015586034912718204
have,william,1,337,6416,0.00015586034912718204
have,henry,1,338,6416,0.00015586034912718204
have,jimmy,1,339,6416,0.00015586034912718204
have,e,1,340,6416,0.00015586034912718204
have,ellen,1,341,6416,0.00015586034912718204
have,spoon,1,342,6416,0.00015586034912718204
have,kayode,1,343,6416,0.00015586034912718204
have,stomach,1,344,6416,0.00015586034912718204
have,juice,1,345,6416,0.00015586034912718204
have,linda,1,346,6416,0.00015586034912718204
have,yvette,1,347,6416,0.00015586034912718204
have,hafta,1,348,6416,0.00015586034912718204
know,you,3161,1,6143,0.5145694286179391
know,i,2506,2,6143,0.4079440013022953
know,he,113,3,6143,0.018394921048347713
know,she,101,4,6143,0.016441478105160345
know,we,63,5,6143,0.010255575451733681
know,they,39,6,6143,0.006348689565358945
know,who,14,7,6143,0.002279016767051929
know,carl,7,8,6143,0.0011395083835259645
know,daddy,6,9,6143,0.0009767214715936839
know,one,6,10,6143,0.0009767214715936839
know,anybody,5,11,6143,0.0008139345596614033
know,mother,5,12,6143,0.0008139345596614033
know,mommy,5,13,6143,0.0008139345596614033
know,leslie,5,14,6143,0.0008139345596614033
know,helga,5,15,6143,0.0008139345596614033
know,sally,5,16,6143,0.0008139345596614033
know,person,4,17,6143,0.0006511476477291225
know,anyone,4,18,6143,0.0006511476477291225
know,teacher,4,19,6143,0.0006511476477291225
know,santa,3,20,6143,0.0004883607357968419
know,it,3,21,6143,0.0004883607357968419
know,tape,3,22,6143,0.0004883607357968419
know,doctor,3,23,6143,0.0004883607357968419
know,everybody,3,24,6143,0.0004883607357968419
know,guy,3,25,6143,0.0004883607357968419
know,nobody,2,26,6143,0.00032557382386456127
know,bear,2,27,6143,0.00032557382386456127
know,sister,2,28,6143,0.00032557382386456127
know,fox,2,29,6143,0.00032557382386456127
know,grandma,2,30,6143,0.00032557382386456127
know,that,2,31,6143,0.00032557382386456127
know,anthony,2,32,6143,0.00032557382386456127
know,graeme,2,33,6143,0.00032557382386456127
know,karen,2,34,6143,0.00032557382386456127
know,steven,2,35,6143,0.00032557382386456127
know,what,1,36,6143,0.00016278691193228064
know,paul,1,37,6143,0.00016278691193228064
know,boat,1,38,6143,0.00016278691193228064
know,sarah,1,39,6143,0.00016278691193228064
know,uncle,1,40,6143,0.00016278691193228064
know,sara,1,41,6143,0.00016278691193228064
know,up,1,42,6143,0.00016278691193228064
know,neighbor,1,43,6143,0.00016278691193228064
know,car,1,44,6143,0.00016278691193228064
know,god,1,45,6143,0.00016278691193228064
know,tarci,1,46,6143,0.00016278691193228064
know,silly,1,47,6143,0.00016278691193228064
know,franklin,1,48,6143,0.00016278691193228064
know,chipmunk,1,49,6143,0.00016278691193228064
know,conductor,1,50,6143,0.00016278691193228064
know,boy,1,51,6143,0.00016278691193228064
know,dusty,1,52,6143,0.00016278691193228064
know,needta,1,53,6143,0.00016278691193228064
know,grandpa,1,54,6143,0.00016278691193228064
know,chris,1,55,6143,0.00016278691193228064
know,macaroni,1,56,6143,0.00016278691193228064
know,carey,1,57,6143,0.00016278691193228064
know,parent,1,58,6143,0.00016278691193228064
know,stephanie,1,59,6143,0.00016278691193228064
know,missus,1,60,6143,0.00016278691193228064
know,decky,1,61,6143,0.00016278691193228064
know,mom,1,62,6143,0.00016278691193228064
know,tiger,1,63,6143,0.00016278691193228064
know,purina,1,64,6143,0.00016278691193228064
know,man,1,65,6143,0.00016278691193228064
know,fly,1,66,6143,0.00016278691193228064
know,frog,1,67,6143,0.00016278691193228064
know,jerry,1,68,6143,0.00016278691193228064
know,rosetta,1,69,6143,0.00016278691193228064
know,dad,1,70,6143,0.00016278691193228064
know,assoona,1,71,6143,0.00016278691193228064
know,everyone,1,72,6143,0.00016278691193228064
know,roland,1,73,6143,0.00016278691193228064
know,adrienne,1,74,6143,0.00016278691193228064
know,monique,1,75,6143,0.00016278691193228064
know,day,1,76,6143,0.00016278691193228064
know,jason,1,77,6143,0.00016278691193228064
know,mister,1,78,6143,0.00016278691193228064
know,debbie,1,79,6143,0.00016278691193228064
know,jimmy,1,80,6143,0.00016278691193228064
know,three,1,81,6143,0.00016278691193228064
know,cat,1,82,6143,0.00016278691193228064
get,you,2145,1,5345,0.40130963517305895
get,i,1147,2,5345,0.2145930776426567
get,we,476,3,5345,0.08905519176800748
get,he,380,4,5345,0.07109448082319925
get,it,206,5,5345,0.03854069223573433
get,she,192,6,5345,0.035921421889616466
get,they,167,7,5345,0.031244153414405985
get,who,43,8,5345,0.00804490177736202
get,owl,36,9,5345,0.006735266604303087
get,that,26,10,5345,0.0048643592142188965
get,everybody,20,11,5345,0.0037418147801683817
get,bobby,14,12,5345,0.0026192703461178674
get,person,13,13,5345,0.0024321796071094482
get,cat,13,14,5345,0.0024321796071094482
get,mommy,12,15,5345,0.002245088868101029
get,this,10,16,5345,0.0018709073900841909
get,dog,9,17,5345,0.0016838166510757717
get,daddy,9,18,5345,0.0016838166510757717
get,boy,8,19,5345,0.0014967259120673526
get,one,8,20,5345,0.0014967259120673526
get,mother,6,21,5345,0.0011225444340505146
get,hand,6,22,5345,0.0011225444340505146
get,mom,6,23,5345,0.0011225444340505146
get,guy,6,24,5345,0.0011225444340505146
get,carl,6,25,5345,0.0011225444340505146
get,lisa,6,26,5345,0.0011225444340505146
get,girl,5,27,5345,0.0009354536950420954
get,mama,5,28,5345,0.0009354536950420954
get,everyone,5,29,5345,0.0009354536950420954
get,somebody,5,30,5345,0.0009354536950420954
get,what,4,31,5345,0.0007483629560336763
get,hasta,4,32,5345,0.0007483629560336763
get,jason,4,33,5345,0.0007483629560336763
get,chi,4,34,5345,0.0007483629560336763
get,child,4,35,5345,0.0007483629560336763
get,nobody,4,36,5345,0.0007483629560336763
get,whoever,4,37,5345,0.0007483629560336763
get,your,4,38,5345,0.0007483629560336763
get,danny,4,39,5345,0.0007483629560336763
get,david,4,40,5345,0.0007483629560336763
get,something,3,41,5345,0.0005612722170252573
get,hair,3,42,5345,0.0005612722170252573
get,head,3,43,5345,0.0005612722170252573
get,water,3,44,5345,0.0005612722170252573
get,face,3,45,5345,0.0005612722170252573
get,peter,3,46,5345,0.0005612722170252573
get,mrs,3,47,5345,0.0005612722170252573
get,eddie,3,48,5345,0.0005612722170252573
get,chris,3,49,5345,0.0005612722170252573
get,joey,3,50,5345,0.0005612722170252573
get,matthew,3,51,5345,0.0005612722170252573
get,eric,3,52,5345,0.0005612722170252573
get,all,2,53,5345,0.00037418147801683815
get,sarah,2,54,5345,0.00037418147801683815
get,nana,2,55,5345,0.00037418147801683815
get,annmarie,2,56,5345,0.00037418147801683815
get,melissa,2,57,5345,0.00037418147801683815
get,turtle,2,58,5345,0.00037418147801683815
get,two,2,59,5345,0.00037418147801683815
get,grandma,2,60,5345,0.00037418147801683815
get,mr,2,61,5345,0.00037418147801683815
get,junior,2,62,5345,0.00037418147801683815
get,kitten,2,63,5345,0.00037418147801683815
get,bird,2,64,5345,0.00037418147801683815
get,balloon,2,65,5345,0.00037418147801683815
get,bambi,2,66,5345,0.00037418147801683815
get,jenna,2,67,5345,0.00037418147801683815
get,muscle,2,68,5345,0.00037418147801683815
get,mike,2,69,5345,0.00037418147801683815
get,pilot,2,70,5345,0.00037418147801683815
get,fish,2,71,5345,0.00037418147801683815
get,frog,2,72,5345,0.00037418147801683815
get,monster,2,73,5345,0.00037418147801683815
get,tornado,2,74,5345,0.00037418147801683815
get,someone,2,75,5345,0.00037418147801683815
get,kid,2,76,5345,0.00037418147801683815
get,dawson,2,77,5345,0.00037418147801683815
get,dinosaur,2,78,5345,0.00037418147801683815
get,foot,2,79,5345,0.00037418147801683815
get,sun,2,80,5345,0.00037418147801683815
get,rice,2,81,5345,0.00037418147801683815
get,zachary,2,82,5345,0.00037418147801683815
get,mia,2,83,5345,0.00037418147801683815
get,anybody,2,84,5345,0.00037418147801683815
get,food,2,85,5345,0.00037418147801683815
get,tunde,2,86,5345,0.00037418147801683815
get,toyo,2,87,5345,0.00037418147801683815
get,yall,2,88,5345,0.00037418147801683815
get,monique,2,89,5345,0.00037418147801683815
get,michael,2,90,5345,0.00037418147801683815
get,jewelry,2,91,5345,0.00037418147801683815
get,gabriel,2,92,5345,0.00037418147801683815
get,gerbil,2,93,5345,0.00037418147801683815
get,debbie,2,94,5345,0.00037418147801683815
get,richard,2,95,5345,0.00037418147801683815
get,graeme,2,96,5345,0.00037418147801683815
get,samantha,2,97,5345,0.00037418147801683815
get,cocoa,2,98,5345,0.00037418147801683815
get,steve,2,99,5345,0.00037418147801683815
get,laura,1,100,5345,0.00018709073900841907
get,breakfast,1,101,5345,0.00018709073900841907
get,pizza,1,102,5345,0.00018709073900841907
get,voice,1,103,5345,0.00018709073900841907
get,duck,1,104,5345,0.00018709073900841907
get,adam,1,105,5345,0.00018709073900841907
get,diandra,1,106,5345,0.00018709073900841907
get,paul,1,107,5345,0.00018709073900841907
get,donny,1,108,5345,0.00018709073900841907
get,chantilly,1,109,5345,0.00018709073900841907
get,jackie,1,110,5345,0.00018709073900841907
get,lipstick,1,111,5345,0.00018709073900841907
get,ann,1,112,5345,0.00018709073900841907
get,school,1,113,5345,0.00018709073900841907
get,whale,1,114,5345,0.00018709073900841907
get,darleen,1,115,5345,0.00018709073900841907
get,pat,1,116,5345,0.00018709073900841907
get,freezer,1,117,5345,0.00018709073900841907
get,flower,1,118,5345,0.00018709073900841907
get,some,1,119,5345,0.00018709073900841907
get,ima,1,120,5345,0.00018709073900841907
get,party,1,121,5345,0.00018709073900841907
get,jenny,1,122,5345,0.00018709073900841907
get,wendy,1,123,5345,0.00018709073900841907
get,policeman,1,124,5345,0.00018709073900841907
get,milk,1,125,5345,0.00018709073900841907
get,hen,1,126,5345,0.00018709073900841907
get,sister,1,127,5345,0.00018709073900841907
get,mouse,1,128,5345,0.00018709073900841907
get,doggie,1,129,5345,0.00018709073900841907
get,sludge,1,130,5345,0.00018709073900841907
get,fang,1,131,5345,0.00018709073900841907
get,jean,1,132,5345,0.00018709073900841907
get,auntie,1,133,5345,0.00018709073900841907
get,nicky,1,134,5345,0.00018709073900841907
get,nelson,1,135,5345,0.00018709073900841907
get,leader,1,136,5345,0.00018709073900841907
get,more,1,137,5345,0.00018709073900841907
get,silly,1,138,5345,0.00018709073900841907
get,mickey,1,139,5345,0.00018709073900841907
get,raggedy,1,140,5345,0.00018709073900841907
get,caterpillar,1,141,5345,0.00018709073900841907
get,woman,1,142,5345,0.00018709073900841907
get,cow,1,143,5345,0.00018709073900841907
get,helmet,1,144,5345,0.00018709073900841907
get,pascal,1,145,5345,0.00018709073900841907
get,marcella,1,146,5345,0.00018709073900841907
get,tim,1,147,5345,0.00018709073900841907
get,assoonas,1,148,5345,0.00018709073900841907
get,bear,1,149,5345,0.00018709073900841907
get,bro,1,150,5345,0.00018709073900841907
get,page,1,151,5345,0.00018709073900841907
get,honey,1,152,5345,0.00018709073900841907
get,smile,1,153,5345,0.00018709073900841907
get,thief,1,154,5345,0.00018709073900841907
get,tooth,1,155,5345,0.00018709073900841907
get,cou,1,156,5345,0.00018709073900841907
get,chief,1,157,5345,0.00018709073900841907
get,bag,1,158,5345,0.00018709073900841907
get,coffee,1,159,5345,0.00018709073900841907
get,ant,1,160,5345,0.00018709073900841907
get,stan,1,161,5345,0.00018709073900841907
get,light,1,162,5345,0.00018709073900841907
get,bone,1,163,5345,0.00018709073900841907
get,lava,1,164,5345,0.00018709073900841907
get,rufus,1,165,5345,0.00018709073900841907
get,abe,1,166,5345,0.00018709073900841907
get,useta,1,167,5345,0.00018709073900841907
get,andrew,1,168,5345,0.00018709073900841907
get,project,1,169,5345,0.00018709073900841907
get,hadta,1,170,5345,0.00018709073900841907
get,susie,1,171,5345,0.00018709073900841907
get,auntcarey,1,172,5345,0.00018709073900841907
get,horse,1,173,5345,0.00018709073900841907
get,lauren,1,174,5345,0.00018709073900841907
get,puppy,1,175,5345,0.00018709073900841907
get,baby,1,176,5345,0.00018709073900841907
get,roman,1,177,5345,0.00018709073900841907
get,cody,1,178,5345,0.00018709073900841907
get,candy,1,179,5345,0.00018709073900841907
get,chutes,1,180,5345,0.00018709073900841907
get,anyone,1,181,5345,0.00018709073900841907
get,lincoln,1,182,5345,0.00018709073900841907
get,team,1,183,5345,0.00018709073900841907
get,matty,1,184,5345,0.00018709073900841907
get,buzz,1,185,5345,0.00018709073900841907
get,inorderto,1,186,5345,0.00018709073900841907
get,sand,1,187,5345,0.00018709073900841907
get,sophie,1,188,5345,0.00018709073900841907
get,mcdonald,1,189,5345,0.00018709073900841907
get,rosey,1,190,5345,0.00018709073900841907
get,vanessa,1,191,5345,0.00018709073900841907
get,tank,1,192,5345,0.00018709073900841907
get,room,1,193,5345,0.00018709073900841907
get,book,1,194,5345,0.00018709073900841907
get,operator,1,195,5345,0.00018709073900841907
get,both,1,196,5345,0.00018709073900841907
get,poop,1,197,5345,0.00018709073900841907
get,cough,1,198,5345,0.00018709073900841907
get,car,1,199,5345,0.00018709073900841907
get,dinner,1,200,5345,0.00018709073900841907
get,dexter,1,201,5345,0.00018709073900841907
get,deck,1,202,5345,0.00018709073900841907
get,johnny,1,203,5345,0.00018709073900841907
get,howabout,1,204,5345,0.00018709073900841907
get,lip,1,205,5345,0.00018709073900841907
get,bug,1,206,5345,0.00018709073900841907
get,bee,1,207,5345,0.00018709073900841907
get,friend,1,208,5345,0.00018709073900841907
get,johnathan,1,209,5345,0.00018709073900841907
get,kip,1,210,5345,0.00018709073900841907
get,pro,1,211,5345,0.00018709073900841907
get,mark,1,212,5345,0.00018709073900841907
get,elizabeth,1,213,5345,0.00018709073900841907
get,hole,1,214,5345,0.00018709073900841907
get,advantage,1,215,5345,0.00018709073900841907
get,man,1,216,5345,0.00018709073900841907
get,jennifer,1,217,5345,0.00018709073900841907
get,earth,1,218,5345,0.00018709073900841907
get,hut,1,219,5345,0.00018709073900841907
get,many,1,220,5345,0.00018709073900841907
get,ben,1,221,5345,0.00018709073900841907
get,gonna,1,222,5345,0.00018709073900841907
get,aswella,1,223,5345,0.00018709073900841907
get,miss,1,224,5345,0.00018709073900841907
get,anthony,1,225,5345,0.00018709073900841907
get,mister,1,226,5345,0.00018709073900841907
get,her,1,227,5345,0.00018709073900841907
get,flight,1,228,5345,0.00018709073900841907
get,wanda,1,229,5345,0.00018709073900841907
get,ink,1,230,5345,0.00018709073900841907
get,junkie,1,231,5345,0.00018709073900841907
get,alvin,1,232,5345,0.00018709073900841907
get,torrence,1,233,5345,0.00018709073900841907
get,husband,1,234,5345,0.00018709073900841907
get,john,1,235,5345,0.00018709073900841907
get,blasingame,1,236,5345,0.00018709073900841907
get,barry,1,237,5345,0.00018709073900841907
get,joe,1,238,5345,0.00018709073900841907
get,roland,1,239,5345,0.00018709073900841907
get,ronnie,1,240,5345,0.00018709073900841907
get,trina,1,241,5345,0.00018709073900841907
get,lynette,1,242,5345,0.00018709073900841907
get,todd,1,243,5345,0.00018709073900841907
get,bingo,1,244,5345,0.00018709073900841907
get,animal,1,245,5345,0.00018709073900841907
get,truck,1,246,5345,0.00018709073900841907
get,ball,1,247,5345,0.00018709073900841907
get,emmitt,1,248,5345,0.00018709073900841907
get,metal,1,249,5345,0.00018709073900841907
get,gabriella,1,250,5345,0.00018709073900841907
get,brother,1,251,5345,0.00018709073900841907
get,cold,1,252,5345,0.00018709073900841907
get,jordy,1,253,5345,0.00018709073900841907
get,rawley,1,254,5345,0.00018709073900841907
get,alan,1,255,5345,0.00018709073900841907
get,robbie,1,256,5345,0.00018709073900841907
get,assoona,1,257,5345,0.00018709073900841907
get,corn,1,258,5345,0.00018709073900841907
get,gabe,1,259,5345,0.00018709073900841907
get,tony,1,260,5345,0.00018709073900841907
get,player,1,261,5345,0.00018709073900841907
get,anne,1,262,5345,0.00018709073900841907
get,jimmy,1,263,5345,0.00018709073900841907
get,bobbylastname,1,264,5345,0.00018709073900841907
get,tiger,1,265,5345,0.00018709073900841907
get,bread,1,266,5345,0.00018709073900841907
get,robert,1,267,5345,0.00018709073900841907
get,karen,1,268,5345,0.00018709073900841907
get,nickname,1,269,5345,0.00018709073900841907
get,kayode,1,270,5345,0.00018709073900841907
get,shawn,1,271,5345,0.00018709073900841907
get,sneaker,1,272,5345,0.00018709073900841907
get,elevator,1,273,5345,0.00018709073900841907
get,ear,1,274,5345,0.00018709073900841907
get,pants,1,275,5345,0.00018709073900841907
get,babe,1,276,5345,0.00018709073900841907
get,waster,1,277,5345,0.00018709073900841907
get,lester,1,278,5345,0.00018709073900841907
get,fairy,1,279,5345,0.00018709073900841907
get,linda,1,280,5345,0.00018709073900841907
get,customer,1,281,5345,0.00018709073900841907
get,sue,1,282,5345,0.00018709073900841907
get,piece,1,283,5345,0.00018709073900841907
get,steven,1,284,5345,0.00018709073900841907
want,you,2927,1,4724,0.619602032176122
want,i,1015,2,4724,0.21486028789161726
want,he,214,3,4724,0.04530059271803556
want,she,147,4,4724,0.03111769686706181
want,they,71,5,4724,0.015029635901778153
want,we,68,6,4724,0.014394580863674851
want,who,45,7,4724,0.009525825571549535
want,chi,14,8,4724,0.0029635901778154107
want,anybody,11,9,4724,0.0023285351397121083
want,that,11,10,4724,0.0023285351397121083
want,mommy,9,11,4724,0.001905165114309907
want,daddy,7,12,4724,0.0014817950889077054
want,mom,6,13,4724,0.0012701100762066045
want,one,6,14,4724,0.0012701100762066045
want,adam,5,15,4724,0.0010584250635055038
want,everybody,5,16,4724,0.0010584250635055038
want,it,5,17,4724,0.0010584250635055038
want,mother,5,18,4724,0.0010584250635055038
want,joe,4,19,4724,0.000846740050804403
want,nobody,4,20,4724,0.000846740050804403
want,sarah,3,21,4724,0.0006350550381033022
want,andy,3,22,4724,0.0006350550381033022
want,friend,3,23,4724,0.0006350550381033022
want,dad,3,24,4724,0.0006350550381033022
want,kid,3,25,4724,0.0006350550381033022
want,anyone,3,26,4724,0.0006350550381033022
want,grandma,3,27,4724,0.0006350550381033022
want,carl,3,28,4724,0.0006350550381033022
want,danny,3,29,4724,0.0006350550381033022
want,graeme,3,30,4724,0.0006350550381033022
want,guy,2,31,4724,0.0004233700254022015
want,paul,2,32,4724,0.0004233700254022015
want,lady,2,33,4724,0.0004233700254022015
want,michele,2,34,4724,0.0004233700254022015
want,uncle,2,35,4724,0.0004233700254022015
want,dog,2,36,4724,0.0004233700254022015
want,baby,2,37,4724,0.0004233700254022015
want,pascal,2,38,4724,0.0004233700254022015
want,person,2,39,4724,0.0004233700254022015
want,bro,2,40,4724,0.0004233700254022015
want,this,2,41,4724,0.0004233700254022015
want,roman,2,42,4724,0.0004233700254022015
want,yall,2,43,4724,0.0004233700254022015
want,julia,2,44,4724,0.0004233700254022015
want,cat,2,45,4724,0.0004233700254022015
want,steven,2,46,4724,0.0004233700254022015
want,laura,1,47,4724,0.00021168501270110075
want,mrs,1,48,4724,0.00021168501270110075
want,nap,1,49,4724,0.00021168501270110075
want,kiki,1,50,4724,0.00021168501270110075
want,whale,1,51,4724,0.00021168501270110075
want,sandwich,1,52,4724,0.00021168501270110075
want,don,1,53,4724,0.00021168501270110075
want,eric,1,54,4724,0.00021168501270110075
want,son,1,55,4724,0.00021168501270110075
want,kitten,1,56,4724,0.00021168501270110075
want,everyone,1,57,4724,0.00021168501270110075
want,huh,1,58,4724,0.00021168501270110075
want,brian,1,59,4724,0.00021168501270110075
want,polly,1,60,4724,0.00021168501270110075
want,ma,1,61,4724,0.00021168501270110075
want,christy,1,62,4724,0.00021168501270110075
want,felicia,1,63,4724,0.00021168501270110075
want,owl,1,64,4724,0.00021168501270110075
want,car,1,65,4724,0.00021168501270110075
want,bird,1,66,4724,0.00021168501270110075
want,crew,1,67,4724,0.00021168501270110075
want,christine,1,68,4724,0.00021168501270110075
want,flower,1,69,4724,0.00021168501270110075
want,mikey,1,70,4724,0.00021168501270110075
want,nana,1,71,4724,0.00021168501270110075
want,cuddle,1,72,4724,0.00021168501270110075
want,coffee,1,73,4724,0.00021168501270110075
want,sis,1,74,4724,0.00021168501270110075
want,abe,1,75,4724,0.00021168501270110075
want,stan,1,76,4724,0.00021168501270110075
want,nomi,1,77,4724,0.00021168501270110075
want,andrew,1,78,4724,0.00021168501270110075
want,david,1,79,4724,0.00021168501270110075
want,tape,1,80,4724,0.00021168501270110075
want,puppy,1,81,4724,0.00021168501270110075
want,toy,1,82,4724,0.00021168501270110075
want,someone,1,83,4724,0.00021168501270110075
want,leslie,1,84,4724,0.00021168501270110075
want,ohmygoodness,1,85,4724,0.00021168501270110075
want,custodian,1,86,4724,0.00021168501270110075
want,somebody,1,87,4724,0.00021168501270110075
want,horse,1,88,4724,0.00021168501270110075
want,bobby,1,89,4724,0.00021168501270110075
want,brett,1,90,4724,0.00021168501270110075
want,heart,1,91,4724,0.00021168501270110075
want,tony,1,92,4724,0.00021168501270110075
want,colette,1,93,4724,0.00021168501270110075
want,maurice,1,94,4724,0.00021168501270110075
want,remi,1,95,4724,0.00021168501270110075
want,tunde,1,96,4724,0.00021168501270110075
want,sheep,1,97,4724,0.00021168501270110075
want,mister,1,98,4724,0.00021168501270110075
want,family,1,99,4724,0.00021168501270110075
want,von,1,100,4724,0.00021168501270110075
want,ida,1,101,4724,0.00021168501270110075
want,tisha,1,102,4724,0.00021168501270110075
want,edward,1,103,4724,0.00021168501270110075
want,herbie,1,104,4724,0.00021168501270110075
want,trina,1,105,4724,0.00021168501270110075
want,joey,1,106,4724,0.00021168501270110075
want,gabriel,1,107,4724,0.00021168501270110075
want,lenita,1,108,4724,0.00021168501270110075
want,daniel,1,109,4724,0.00021168501270110075
want,bambi,1,110,4724,0.00021168501270110075
want,beast,1,111,4724,0.00021168501270110075
want,robbie,1,112,4724,0.00021168501270110075
want,pola,1,113,4724,0.00021168501270110075
want,teddy,1,114,4724,0.00021168501270110075
want,man,1,115,4724,0.00021168501270110075
want,dom,1,116,4724,0.00021168501270110075
want,ronny,1,117,4724,0.00021168501270110075
want,teacher,1,118,4724,0.00021168501270110075
want,kayode,1,119,4724,0.00021168501270110075
want,donnel,1,120,4724,0.00021168501270110075
want,albert,1,121,4724,0.00021168501270110075
want,lena,1,122,4724,0.00021168501270110075
want,anne,1,123,4724,0.00021168501270110075
want,samantha,1,124,4724,0.00021168501270110075
want,fred,1,125,4724,0.00021168501270110075
want,steve,1,126,4724,0.00021168501270110075
want,jackie,1,127,4724,0.00021168501270110075
want,michael,1,128,4724,0.00021168501270110075
want,freddy,1,129,4724,0.00021168501270110075
think,i,2421,1,3809,0.6355998949855605
think,you,1137,2,3809,0.2985035442373326
think,he,79,3,3809,0.020740351798372275
think,she,43,4,3809,0.011289052244683644
think,they,29,5,3809,0.00761354686269362
think,we,25,6,3809,0.006563402467839328
think,who,9,7,3809,0.0023628248884221582
think,sarah,8,8,3809,0.002100288789708585
think,anybody,5,9,3809,0.0013126804935678655
think,person,4,10,3809,0.0010501443948542925
think,kid,3,11,3809,0.0007876082961407193
think,that,3,12,3809,0.0007876082961407193
think,mother,2,13,3809,0.0005250721974271463
think,what,2,14,3809,0.0005250721974271463
think,laura,1,15,3809,0.00026253609871357313
think,kiki,1,16,3809,0.00026253609871357313
think,somebody,1,17,3809,0.00026253609871357313
think,wanda,1,18,3809,0.00026253609871357313
think,sherry,1,19,3809,0.00026253609871357313
think,it,1,20,3809,0.00026253609871357313
think,kitty,1,21,3809,0.00026253609871357313
think,kitten,1,22,3809,0.00026253609871357313
think,felicia,1,23,3809,0.00026253609871357313
think,guy,1,24,3809,0.00026253609871357313
think,fireman,1,25,3809,0.00026253609871357313
think,peter,1,26,3809,0.00026253609871357313
think,pascal,1,27,3809,0.00026253609871357313
think,winnie,1,28,3809,0.00026253609871357313
think,tam,1,29,3809,0.00026253609871357313
think,manx,1,30,3809,0.00026253609871357313
think,god,1,31,3809,0.00026253609871357313
think,mommy,1,32,3809,0.00026253609871357313
think,abe,1,33,3809,0.00026253609871357313
think,marky,1,34,3809,0.00026253609871357313
think,daddy,1,35,3809,0.00026253609871357313
think,leslie,1,36,3809,0.00026253609871357313
think,helga,1,37,3809,0.00026253609871357313
think,christopher,1,38,3809,0.00026253609871357313
think,harry,1,39,3809,0.00026253609871357313
think,jason,1,40,3809,0.00026253609871357313
think,everybody,1,41,3809,0.00026253609871357313
think,vanessa,1,42,3809,0.00026253609871357313
think,trina,1,43,3809,0.00026253609871357313
think,joey,1,44,3809,0.00026253609871357313
think,only,1,45,3809,0.00026253609871357313
think,elliot,1,46,3809,0.00026253609871357313
think,julia,1,47,3809,0.00026253609871357313
think,daniel,1,48,3809,0.00026253609871357313
think,thumper,1,49,3809,0.00026253609871357313
think,matthew,1,50,3809,0.00026253609871357313
think,david,1,51,3809,0.00026253609871357313
think,william,1,52,3809,0.00026253609871357313
think,graeme,1,53,3809,0.00026253609871357313
say,you,961,1,3801,0.2528282031044462
say,i,732,2,3801,0.1925808997632202
say,he,499,3,3801,0.13128124177847936
say,she,277,4,3801,0.07287555906340437
say,it,163,5,3801,0.04288345172323073
say,they,101,6,3801,0.026571954748750327
say,we,55,7,3801,0.014469876348329387
say,idea,47,8,3801,0.012365167061299658
say,my,46,9,3801,0.012102078400420942
say,who,44,10,3801,0.01157590107866351
say,that,43,11,3801,0.011312812417784793
say,baby,34,12,3801,0.008945014469876349
say,mother,32,13,3801,0.008418837148118917
say,this,29,14,3801,0.007629571165482768
say,mrs,29,15,3801,0.007629571165482768
say,cat,24,16,3801,0.006314127861089187
say,daddy,17,17,3801,0.0044725072349381745
say,mom,14,18,3801,0.003683241252302026
say,grover,14,19,3801,0.003683241252302026
say,mommy,14,20,3801,0.003683241252302026
say,one,13,21,3801,0.0034201525914233097
say,christopher,13,22,3801,0.0034201525914233097
say,fish,13,23,3801,0.0034201525914233097
say,teacher,11,24,3801,0.0028939752696658773
say,rosamund,10,25,3801,0.002630886608787161
say,mickey,9,26,3801,0.0023677979479084454
say,fox,9,27,3801,0.0023677979479084454
say,person,8,28,3801,0.002104709287029729
say,donald,8,29,3801,0.002104709287029729
say,man,8,30,3801,0.002104709287029729
say,doctor,7,31,3801,0.001841620626151013
say,claude,7,32,3801,0.001841620626151013
say,sister,7,33,3801,0.001841620626151013
say,what,6,34,3801,0.0015785319652722968
say,owl,6,35,3801,0.0015785319652722968
say,franklin,6,36,3801,0.0015785319652722968
say,raggedy,6,37,3801,0.0015785319652722968
say,child,5,38,3801,0.0013154433043935806
say,danny,5,39,3801,0.0013154433043935806
say,lady,5,40,3801,0.0013154433043935806
say,girl,5,41,3801,0.0013154433043935806
say,mr,5,42,3801,0.0013154433043935806
say,bear,5,43,3801,0.0013154433043935806
say,mama,5,44,3801,0.0013154433043935806
say,mitchell,5,45,3801,0.0013154433043935806
say,tam,5,46,3801,0.0013154433043935806
say,chi,5,47,3801,0.0013154433043935806
say,boy,5,48,3801,0.0013154433043935806
say,everybody,5,49,3801,0.0013154433043935806
say,woman,4,50,3801,0.0010523546435148646
say,donny,4,51,3801,0.0010523546435148646
say,simon,4,52,3801,0.0010523546435148646
say,father,4,53,3801,0.0010523546435148646
say,word,4,54,3801,0.0010523546435148646
say,eric,4,55,3801,0.0010523546435148646
say,betty,4,56,3801,0.0010523546435148646
say,carl,4,57,3801,0.0010523546435148646
say,bobby,4,58,3801,0.0010523546435148646
say,somebody,4,59,3801,0.0010523546435148646
say,remi,4,60,3801,0.0010523546435148646
say,anyone,3,61,3801,0.0007892659826361484
say,paul,3,62,3801,0.0007892659826361484
say,sign,3,63,3801,0.0007892659826361484
say,eleanor,3,64,3801,0.0007892659826361484
say,nobody,3,65,3801,0.0007892659826361484
say,rabbit,3,66,3801,0.0007892659826361484
say,brother,3,67,3801,0.0007892659826361484
say,cindy,3,68,3801,0.0007892659826361484
say,ma,3,69,3801,0.0007892659826361484
say,aunt,3,70,3801,0.0007892659826361484
say,papa,3,71,3801,0.0007892659826361484
say,worm,3,72,3801,0.0007892659826361484
say,bunny,3,73,3801,0.0007892659826361484
say,paddington,3,74,3801,0.0007892659826361484
say,judy,3,75,3801,0.0007892659826361484
say,kid,3,76,3801,0.0007892659826361484
say,kim,3,77,3801,0.0007892659826361484
say,michael,3,78,3801,0.0007892659826361484
say,keisha,3,79,3801,0.0007892659826361484
say,useta,3,80,3801,0.0007892659826361484
say,roland,3,81,3801,0.0007892659826361484
say,debbie,3,82,3801,0.0007892659826361484
say,graeme,3,83,3801,0.0007892659826361484
say,emmitt,3,84,3801,0.0007892659826361484
say,david,3,85,3801,0.0007892659826361484
say,kiki,2,86,3801,0.0005261773217574323
say,adam,2,87,3801,0.0005261773217574323
say,duck,2,88,3801,0.0005261773217574323
say,sarah,2,89,3801,0.0005261773217574323
say,mary,2,90,3801,0.0005261773217574323
say,nana,2,91,3801,0.0005261773217574323
say,valentine,2,92,3801,0.0005261773217574323
say,anybody,2,93,3801,0.0005261773217574323
say,peter,2,94,3801,0.0005261773217574323
say,sandy,2,95,3801,0.0005261773217574323
say,hello,2,96,3801,0.0005261773217574323
say,dear,2,97,3801,0.0005261773217574323
say,oliver,2,98,3801,0.0005261773217574323
say,neigh,2,99,3801,0.0005261773217574323
say,moo,2,100,3801,0.0005261773217574323
say,sheep,2,101,3801,0.0005261773217574323
say,baa,2,102,3801,0.0005261773217574323
say,chicken,2,103,3801,0.0005261773217574323
say,cluck,2,104,3801,0.0005261773217574323
say,turkey,2,105,3801,0.0005261773217574323
say,piggy,2,106,3801,0.0005261773217574323
say,farmer,2,107,3801,0.0005261773217574323
say,jack,2,108,3801,0.0005261773217574323
say,santa,2,109,3801,0.0005261773217574323
say,rudolf,2,110,3801,0.0005261773217574323
say,annie,2,111,3801,0.0005261773217574323
say,thing,2,112,3801,0.0005261773217574323
say,minnie,2,113,3801,0.0005261773217574323
say,everyone,2,114,3801,0.0005261773217574323
say,yuck,2,115,3801,0.0005261773217574323
say,wait,2,116,3801,0.0005261773217574323
say,nothing,2,117,3801,0.0005261773217574323
say,giant,2,118,3801,0.0005261773217574323
say,kermit,2,119,3801,0.0005261773217574323
say,fozzie,2,120,3801,0.0005261773217574323
say,thanks,2,121,3801,0.0005261773217574323
say,good,2,122,3801,0.0005261773217574323
say,garden,2,123,3801,0.0005261773217574323
say,hood,2,124,3801,0.0005261773217574323
say,cow,2,125,3801,0.0005261773217574323
say,gonzo,2,126,3801,0.0005261773217574323
say,guy,2,127,3801,0.0005261773217574323
say,marcie,2,128,3801,0.0005261773217574323
say,nancy,2,129,3801,0.0005261773217574323
say,roman,2,130,3801,0.0005261773217574323
say,president,2,131,3801,0.0005261773217574323
say,her,2,132,3801,0.0005261773217574323
say,bruce,2,133,3801,0.0005261773217574323
say,beth,2,134,3801,0.0005261773217574323
say,philip,2,135,3801,0.0005261773217574323
say,missus,2,136,3801,0.0005261773217574323
say,vivian,2,137,3801,0.0005261773217574323
say,mister,2,138,3801,0.0005261773217574323
say,falline,2,139,3801,0.0005261773217574323
say,daniel,2,140,3801,0.0005261773217574323
say,jimmy,2,141,3801,0.0005261773217574323
say,rule,1,142,3801,0.00026308866087871614
say,mrshen,1,143,3801,0.00026308866087871614
say,turtle,1,144,3801,0.00026308866087871614
say,mrselephant,1,145,3801,0.00026308866087871614
say,goat,1,146,3801,0.00026308866087871614
say,mrsrhinoceros,1,147,3801,0.00026308866087871614
say,noise,1,148,3801,0.00026308866087871614
say,diandra,1,149,3801,0.00026308866087871614
say,drowsy,1,150,3801,0.00026308866087871614
say,chantilly,1,151,3801,0.00026308866087871614
say,matron,1,152,3801,0.00026308866087871614
say,auntdot,1,153,3801,0.00026308866087871614
say,lonnie,1,154,3801,0.00026308866087871614
say,laura,1,155,3801,0.00026308866087871614
say,elana,1,156,3801,0.00026308866087871614
say,kitty,1,157,3801,0.00026308866087871614
say,jenny,1,158,3801,0.00026308866087871614
say,policeman,1,159,3801,0.00026308866087871614
say,box,1,160,3801,0.00026308866087871614
say,ofcourse,1,161,3801,0.00026308866087871614
say,oclock,1,162,3801,0.00026308866087871614
say,woof,1,163,3801,0.00026308866087871614
say,cinderella,1,164,3801,0.00026308866087871614
say,lucifer,1,165,3801,0.00026308866087871614
say,messenger,1,166,3801,0.00026308866087871614
say,hurry,1,167,3801,0.00026308866087871614
say,prancer,1,168,3801,0.00026308866087871614
say,monster,1,169,3801,0.00026308866087871614
say,lunch,1,170,3801,0.00026308866087871614
say,sludge,1,171,3801,0.00026308866087871614
say,uhoh,1,172,3801,0.00026308866087871614
say,trip,1,173,3801,0.00026308866087871614
say,teddy,1,174,3801,0.00026308866087871614
say,christa,1,175,3801,0.00026308866087871614
say,hat,1,176,3801,0.00026308866087871614
say,magic,1,177,3801,0.00026308866087871614
say,frosty,1,178,3801,0.00026308866087871614
say,jeanine,1,179,3801,0.00026308866087871614
say,his,1,180,3801,0.00026308866087871614
say,paula,1,181,3801,0.00026308866087871614
say,maria,1,182,3801,0.00026308866087871614
say,dentist,1,183,3801,0.00026308866087871614
say,henry,1,184,3801,0.00026308866087871614
say,doll,1,185,3801,0.00026308866087871614
say,book,1,186,3801,0.00026308866087871614
say,piggie,1,187,3801,0.00026308866087871614
say,princess,1,188,3801,0.00026308866087871614
say,time,1,189,3801,0.00026308866087871614
say,porcinella,1,190,3801,0.00026308866087871614
say,sir,1,191,3801,0.00026308866087871614
say,problem,1,192,3801,0.00026308866087871614
say,fozzy,1,193,3801,0.00026308866087871614
say,bonnet,1,194,3801,0.00026308866087871614
say,message,1,195,3801,0.00026308866087871614
say,job,1,196,3801,0.00026308866087871614
say,birthday,1,197,3801,0.00026308866087871614
say,uncle,1,198,3801,0.00026308866087871614
say,any,1,199,3801,0.00026308866087871614
say,question,1,200,3801,0.00026308866087871614
say,apple,1,201,3801,0.00026308866087871614
say,stranger,1,202,3801,0.00026308866087871614
say,bean,1,203,3801,0.00026308866087871614
say,gold,1,204,3801,0.00026308866087871614
say,sure,1,205,3801,0.00026308866087871614
say,joke,1,206,3801,0.00026308866087871614
say,guesse,1,207,3801,0.00026308866087871614
say,percy,1,208,3801,0.00026308866087871614
say,greta,1,209,3801,0.00026308866087871614
say,chair,1,210,3801,0.00026308866087871614
say,bubble,1,211,3801,0.00026308866087871614
say,day,1,212,3801,0.00026308866087871614
say,page,1,213,3801,0.00026308866087871614
say,deary,1,214,3801,0.00026308866087871614
say,rocket,1,215,3801,0.00026308866087871614
say,mouse,1,216,3801,0.00026308866087871614
say,shape,1,217,3801,0.00026308866087871614
say,pickle,1,218,3801,0.00026308866087871614
say,porcupine,1,219,3801,0.00026308866087871614
say,hoot,1,220,3801,0.00026308866087871614
say,marcella,1,221,3801,0.00026308866087871614
say,sunny,1,222,3801,0.00026308866087871614
say,move,1,223,3801,0.00026308866087871614
say,help,1,224,3801,0.00026308866087871614
say,cub,1,225,3801,0.00026308866087871614
say,luey,1,226,3801,0.00026308866087871614
say,rat,1,227,3801,0.00026308866087871614
say,huey,1,228,3801,0.00026308866087871614
say,bed,1,229,3801,0.00026308866087871614
say,hunter,1,230,3801,0.00026308866087871614
say,moon,1,231,3801,0.00026308866087871614
say,jonathan,1,232,3801,0.00026308866087871614
say,cheese,1,233,3801,0.00026308866087871614
say,squawk,1,234,3801,0.00026308866087871614
say,nerve,1,235,3801,0.00026308866087871614
say,parrot,1,236,3801,0.00026308866087871614
say,giselle,1,237,3801,0.00026308866087871614
say,jamie,1,238,3801,0.00026308866087871614
say,jean,1,239,3801,0.00026308866087871614
say,michelle,1,240,3801,0.00026308866087871614
say,stuart,1,241,3801,0.00026308866087871614
say,auntie,1,242,3801,0.00026308866087871614
say,uhhuh,1,243,3801,0.00026308866087871614
say,speedy,1,244,3801,0.00026308866087871614
say,bomb,1,245,3801,0.00026308866087871614
say,grandma,1,246,3801,0.00026308866087871614
say,jacqueline,1,247,3801,0.00026308866087871614
say,horse,1,248,3801,0.00026308866087871614
say,weezy,1,249,3801,0.00026308866087871614
say,land,1,250,3801,0.00026308866087871614
say,all,1,251,3801,0.00026308866087871614
say,state,1,252,3801,0.00026308866087871614
say,your,1,253,3801,0.00026308866087871614
say,tony,1,254,3801,0.00026308866087871614
say,some,1,255,3801,0.00026308866087871614
say,horoscope,1,256,3801,0.00026308866087871614
say,pisces,1,257,3801,0.00026308866087871614
say,hasta,1,258,3801,0.00026308866087871614
say,brett,1,259,3801,0.00026308866087871614
say,erica,1,260,3801,0.00026308866087871614
say,teekee,1,261,3801,0.00026308866087871614
say,chris,1,262,3801,0.00026308866087871614
say,crisis,1,263,3801,0.00026308866087871614
say,clock,1,264,3801,0.00026308866087871614
say,husband,1,265,3801,0.00026308866087871614
say,james,1,266,3801,0.00026308866087871614
say,andrena,1,267,3801,0.00026308866087871614
say,assoona,1,268,3801,0.00026308866087871614
say,stomach,1,269,3801,0.00026308866087871614
say,susanna,1,270,3801,0.00026308866087871614
say,fly,1,271,3801,0.00026308866087871614
say,dog,1,272,3801,0.00026308866087871614
say,mousie,1,273,3801,0.00026308866087871614
say,robert,1,274,3801,0.00026308866087871614
say,tracy,1,275,3801,0.00026308866087871614
say,von,1,276,3801,0.00026308866087871614
say,jerry,1,277,3801,0.00026308866087871614
say,noah,1,278,3801,0.00026308866087871614
say,king,1,279,3801,0.00026308866087871614
say,hafta,1,280,3801,0.00026308866087871614
say,vanessa,1,281,3801,0.00026308866087871614
say,sally,1,282,3801,0.00026308866087871614
say,joyce,1,283,3801,0.00026308866087871614
say,billy,1,284,3801,0.00026308866087871614
say,derwood,1,285,3801,0.00026308866087871614
say,tribe,1,286,3801,0.00026308866087871614
say,miss,1,287,3801,0.00026308866087871614
say,aaron,1,288,3801,0.00026308866087871614
say,car,1,289,3801,0.00026308866087871614
say,freddy,1,290,3801,0.00026308866087871614
say,abc,1,291,3801,0.00026308866087871614
say,barry,1,292,3801,0.00026308866087871614
say,stephanie,1,293,3801,0.00026308866087871614
say,raishawn,1,294,3801,0.00026308866087871614
say,kenneth,1,295,3801,0.00026308866087871614
say,elda,1,296,3801,0.00026308866087871614
say,sonny,1,297,3801,0.00026308866087871614
say,matthew,1,298,3801,0.00026308866087871614
say,perri,1,299,3801,0.00026308866087871614
say,grandpa,1,300,3801,0.00026308866087871614
say,helene,1,301,3801,0.00026308866087871614
say,kind,1,302,3801,0.00026308866087871614
say,elliot,1,303,3801,0.00026308866087871614
say,button,1,304,3801,0.00026308866087871614
say,julia,1,305,3801,0.00026308866087871614
say,clair,1,306,3801,0.00026308866087871614
say,paint,1,307,3801,0.00026308866087871614
say,story,1,308,3801,0.00026308866087871614
say,couch,1,309,3801,0.00026308866087871614
say,phony,1,310,3801,0.00026308866087871614
say,toddy,1,311,3801,0.00026308866087871614
say,body,1,312,3801,0.00026308866087871614
say,mark,1,313,3801,0.00026308866087871614
say,green,1,314,3801,0.00026308866087871614
say,clifford,1,315,3801,0.00026308866087871614
say,irene,1,316,3801,0.00026308866087871614
say,hymie,1,317,3801,0.00026308866087871614
say,meer,1,318,3801,0.00026308866087871614
say,william,1,319,3801,0.00026308866087871614
say,karen,1,320,3801,0.00026308866087871614
say,wing,1,321,3801,0.00026308866087871614
say,manager,1,322,3801,0.00026308866087871614
say,clancey,1,323,3801,0.00026308866087871614
say,headache,1,324,3801,0.00026308866087871614
say,mhm,1,325,3801,0.00026308866087871614
say,liz,1,326,3801,0.00026308866087871614
say,dad,1,327,3801,0.00026308866087871614
say,huh,1,328,3801,0.00026308866087871614
say,aida,1,329,3801,0.00026308866087871614
see,i,1304,1,2908,0.4484181568088033
see,you,1076,2,2908,0.3700137551581843
see,we,232,3,2908,0.07977991746905089
see,he,69,4,2908,0.02372764786795048
see,she,63,5,2908,0.021664374140302613
see,they,42,6,2908,0.014442916093535076
see,it,5,7,2908,0.0017193947730398899
see,who,5,8,2908,0.0017193947730398899
see,mother,4,9,2908,0.001375515818431912
see,sally,4,10,2908,0.001375515818431912
see,sarah,3,11,2908,0.0010316368638239339
see,mommy,3,12,2908,0.0010316368638239339
see,tape,3,13,2908,0.0010316368638239339
see,anybody,3,14,2908,0.0010316368638239339
see,everybody,3,15,2908,0.0010316368638239339
see,daddy,2,16,2908,0.000687757909215956
see,nobody,2,17,2908,0.000687757909215956
see,everyone,2,18,2908,0.000687757909215956
see,sister,2,19,2908,0.000687757909215956
see,bear,2,20,2908,0.000687757909215956
see,bird,2,21,2908,0.000687757909215956
see,bunny,2,22,2908,0.000687757909215956
see,car,2,23,2908,0.000687757909215956
see,bee,2,24,2908,0.000687757909215956
see,let,2,25,2908,0.000687757909215956
see,teacher,2,26,2908,0.000687757909215956
see,carl,2,27,2908,0.000687757909215956
see,steven,2,28,2908,0.000687757909215956
see,diandra,1,29,2908,0.000343878954607978
see,melissa,1,30,2908,0.000343878954607978
see,wanda,1,31,2908,0.000343878954607978
see,peter,1,32,2908,0.000343878954607978
see,dad,1,33,2908,0.000343878954607978
see,my,1,34,2908,0.000343878954607978
see,camera,1,35,2908,0.000343878954607978
see,boy,1,36,2908,0.000343878954607978
see,world,1,37,2908,0.000343878954607978
see,cinderella,1,38,2908,0.000343878954607978
see,jack,1,39,2908,0.000343878954607978
see,gus,1,40,2908,0.000343878954607978
see,assoonas,1,41,2908,0.000343878954607978
see,santa,1,42,2908,0.000343878954607978
see,alice,1,43,2908,0.000343878954607978
see,four,1,44,2908,0.000343878954607978
see,squirrel,1,45,2908,0.000343878954607978
see,mickey,1,46,2908,0.000343878954607978
see,part,1,47,2908,0.000343878954607978
see,balloon,1,48,2908,0.000343878954607978
see,pascal,1,49,2908,0.000343878954607978
see,boat,1,50,2908,0.000343878954607978
see,christopher,1,51,2908,0.000343878954607978
see,huey,1,52,2908,0.000343878954607978
see,hunter,1,53,2908,0.000343878954607978
see,piggy,1,54,2908,0.000343878954607978
see,guy,1,55,2908,0.000343878954607978
see,debbie,1,56,2908,0.000343878954607978
see,cake,1,57,2908,0.000343878954607978
see,bug,1,58,2908,0.000343878954607978
see,leslie,1,59,2908,0.000343878954607978
see,roman,1,60,2908,0.000343878954607978
see,many,1,61,2908,0.000343878954607978
see,anyone,1,62,2908,0.000343878954607978
see,dexter,1,63,2908,0.000343878954607978
see,harry,1,64,2908,0.000343878954607978
see,thing,1,65,2908,0.000343878954607978
see,zach,1,66,2908,0.000343878954607978
see,deidre,1,67,2908,0.000343878954607978
see,airplane,1,68,2908,0.000343878954607978
see,kid,1,69,2908,0.000343878954607978
see,derek,1,70,2908,0.000343878954607978
see,david,1,71,2908,0.000343878954607978
see,renita,1,72,2908,0.000343878954607978
see,jamar,1,73,2908,0.000343878954607978
see,patrick,1,74,2908,0.000343878954607978
see,stephanie,1,75,2908,0.000343878954607978
see,artist,1,76,2908,0.000343878954607978
see,joey,1,77,2908,0.000343878954607978
see,julia,1,78,2908,0.000343878954607978
see,girl,1,79,2908,0.000343878954607978
see,emmitt,1,80,2908,0.000343878954607978
see,policeman,1,81,2908,0.000343878954607978
see,sherine,1,82,2908,0.000343878954607978
see,bobby,1,83,2908,0.000343878954607978
see,karen,1,84,2908,0.000343878954607978
see,william,1,85,2908,0.000343878954607978
see,mister,1,86,2908,0.000343878954607978
see,mallard,1,87,2908,0.000343878954607978
see,grandpa,1,88,2908,0.000343878954607978
see,uncle,1,89,2908,0.000343878954607978
see,person,1,90,2908,0.000343878954607978
see,anne,1,91,2908,0.000343878954607978
like,you,1530,1,2667,0.5736782902137233
like,i,714,2,2667,0.2677165354330709
like,he,114,3,2667,0.04274465691788527
like,they,53,4,2667,0.01987251593550806
like,she,52,5,2667,0.01949756280464942
like,we,24,6,2667,0.008998875140607425
like,who,14,7,2667,0.005249343832020997
like,bear,9,8,2667,0.003374578177727784
like,person,7,9,2667,0.0026246719160104987
like,daddy,6,10,2667,0.0022497187851518562
like,swww,5,11,2667,0.0018747656542932134
like,child,4,12,2667,0.0014998125234345708
like,paul,4,13,2667,0.0014998125234345708
like,sarah,4,14,2667,0.0014998125234345708
like,it,4,15,2667,0.0014998125234345708
like,that,4,16,2667,0.0014998125234345708
like,everybody,4,17,2667,0.0014998125234345708
like,chi,3,18,2667,0.0011248593925759281
like,baby,3,19,2667,0.0011248593925759281
like,anyone,3,20,2667,0.0011248593925759281
like,adam,2,21,2667,0.0007499062617172854
like,dog,2,22,2667,0.0007499062617172854
like,useta,2,23,2667,0.0007499062617172854
like,kid,2,24,2667,0.0007499062617172854
like,boy,2,25,2667,0.0007499062617172854
like,junior,2,26,2667,0.0007499062617172854
like,mommy,2,27,2667,0.0007499062617172854
like,dad,2,28,2667,0.0007499062617172854
like,monster,2,29,2667,0.0007499062617172854
like,matthew,2,30,2667,0.0007499062617172854
like,abe,2,31,2667,0.0007499062617172854
like,jack,2,32,2667,0.0007499062617172854
like,carl,2,33,2667,0.0007499062617172854
like,nobody,2,34,2667,0.0007499062617172854
like,joey,2,35,2667,0.0007499062617172854
like,somebody,2,36,2667,0.0007499062617172854
like,julia,2,37,2667,0.0007499062617172854
like,cat,2,38,2667,0.0007499062617172854
like,zoe,2,39,2667,0.0007499062617172854
like,steven,2,40,2667,0.0007499062617172854
like,muffy,1,41,2667,0.0003749531308586427
like,country,1,42,2667,0.0003749531308586427
like,guy,1,43,2667,0.0003749531308586427
like,robert,1,44,2667,0.0003749531308586427
like,good,1,45,2667,0.0003749531308586427
like,kitten,1,46,2667,0.0003749531308586427
like,zzz,1,47,2667,0.0003749531308586427
like,alice,1,48,2667,0.0003749531308586427
like,corn,1,49,2667,0.0003749531308586427
like,nelson,1,50,2667,0.0003749531308586427
like,momma,1,51,2667,0.0003749531308586427
like,jenny,1,52,2667,0.0003749531308586427
like,ben,1,53,2667,0.0003749531308586427
like,giant,1,54,2667,0.0003749531308586427
like,cub,1,55,2667,0.0003749531308586427
like,grandmother,1,56,2667,0.0003749531308586427
like,kermie,1,57,2667,0.0003749531308586427
like,barbara,1,58,2667,0.0003749531308586427
like,uncle,1,59,2667,0.0003749531308586427
like,bro,1,60,2667,0.0003749531308586427
like,dinosaur,1,61,2667,0.0003749531308586427
like,kitty,1,62,2667,0.0003749531308586427
like,cuddle,1,63,2667,0.0003749531308586427
like,hamster,1,64,2667,0.0003749531308586427
like,jean,1,65,2667,0.0003749531308586427
like,lyle,1,66,2667,0.0003749531308586427
like,taste,1,67,2667,0.0003749531308586427
like,bailey,1,68,2667,0.0003749531308586427
like,everyone,1,69,2667,0.0003749531308586427
like,mom,1,70,2667,0.0003749531308586427
like,grandpa,1,71,2667,0.0003749531308586427
like,roman,1,72,2667,0.0003749531308586427
like,god,1,73,2667,0.0003749531308586427
like,idea,1,74,2667,0.0003749531308586427
like,player,1,75,2667,0.0003749531308586427
like,spider,1,76,2667,0.0003749531308586427
like,moustache,1,77,2667,0.0003749531308586427
like,jim,1,78,2667,0.0003749531308586427
like,john,1,79,2667,0.0003749531308586427
like,todd,1,80,2667,0.0003749531308586427
like,chris,1,81,2667,0.0003749531308586427
like,most,1,82,2667,0.0003749531308586427
like,husband,1,83,2667,0.0003749531308586427
like,andy,1,84,2667,0.0003749531308586427
like,neighborhood,1,85,2667,0.0003749531308586427
like,von,1,86,2667,0.0003749531308586427
like,shoot,1,87,2667,0.0003749531308586427
like,tyrone,1,88,2667,0.0003749531308586427
like,gabriella,1,89,2667,0.0003749531308586427
like,bernice,1,90,2667,0.0003749531308586427
like,animal,1,91,2667,0.0003749531308586427
like,gabriel,1,92,2667,0.0003749531308586427
like,alexandra,1,93,2667,0.0003749531308586427
like,danny,1,94,2667,0.0003749531308586427
like,bunny,1,95,2667,0.0003749531308586427
like,bambi,1,96,2667,0.0003749531308586427
like,lenita,1,97,2667,0.0003749531308586427
like,toddy,1,98,2667,0.0003749531308586427
like,kate,1,99,2667,0.0003749531308586427
like,jimmy,1,100,2667,0.0003749531308586427
like,someone,1,101,2667,0.0003749531308586427
like,karen,1,102,2667,0.0003749531308586427
like,chantell,1,103,2667,0.0003749531308586427
like,mother,1,104,2667,0.0003749531308586427
like,duckling,1,105,2667,0.0003749531308586427
like,mouse,1,106,2667,0.0003749531308586427
come,you,327,1,2363,0.13838341091832415
come,i,264,2,2363,0.1117223867964452
come,it,205,3,2363,0.086754126110876
come,he,172,4,2363,0.07278882776132035
come,they,114,5,2363,0.04824375793482861
come,that,88,6,2363,0.03724079559881507
come,she,84,7,2363,0.03554803216250529
come,who,73,8,2363,0.030892932712653406
come,sun,69,9,2363,0.02920016927634363
come,we,64,10,2363,0.027084214980956412
come,what,54,11,2363,0.022852306390181973
come,pop,54,12,2363,0.022852306390181973
come,mrs,26,13,2363,0.011002962336013541
come,one,18,14,2363,0.00761743546339399
come,this,18,15,2363,0.00761743546339399
come,chi,15,16,2363,0.006347862886161659
come,person,12,17,2363,0.0050782903089293275
come,daddy,11,18,2363,0.004655099449851883
come,kid,11,19,2363,0.004655099449851883
come,egg,10,20,2363,0.004231908590774439
come,thing,10,21,2363,0.004231908590774439
come,day,10,22,2363,0.004231908590774439
come,bear,10,23,2363,0.004231908590774439
come,bobby,10,24,2363,0.004231908590774439
come,man,9,25,2363,0.003808717731696995
come,sarah,8,26,2363,0.0033855268726195515
come,mother,8,27,2363,0.0033855268726195515
come,nana,7,28,2363,0.0029623360135421074
come,child,6,29,2363,0.0025391451544646637
come,light,6,30,2363,0.0025391451544646637
come,girl,6,31,2363,0.0025391451544646637
come,bug,6,32,2363,0.0025391451544646637
come,somebody,6,33,2363,0.0025391451544646637
come,tisha,6,34,2363,0.0025391451544646637
come,dog,5,35,2363,0.0021159542953872196
come,water,5,36,2363,0.0021159542953872196
come,lady,5,37,2363,0.0021159542953872196
come,time,5,38,2363,0.0021159542953872196
come,missus,5,39,2363,0.0021159542953872196
come,jason,5,40,2363,0.0021159542953872196
come,graeme,5,41,2363,0.0021159542953872196
come,grandpa,5,42,2363,0.0021159542953872196
come,milk,4,43,2363,0.0016927634363097758
come,mommy,4,44,2363,0.0016927634363097758
come,santa,4,45,2363,0.0016927634363097758
come,melissa,4,46,2363,0.0016927634363097758
come,father,4,47,2363,0.0016927634363097758
come,cat,4,48,2363,0.0016927634363097758
come,mouse,4,49,2363,0.0016927634363097758
come,bird,4,50,2363,0.0016927634363097758
come,honey,4,51,2363,0.0016927634363097758
come,guy,4,52,2363,0.0016927634363097758
come,giant,4,53,2363,0.0016927634363097758
come,mom,4,54,2363,0.0016927634363097758
come,some,4,55,2363,0.0016927634363097758
come,which,4,56,2363,0.0016927634363097758
come,word,4,57,2363,0.0016927634363097758
come,joey,4,58,2363,0.0016927634363097758
come,roman,4,59,2363,0.0016927634363097758
come,michael,4,60,2363,0.0016927634363097758
come,steve,4,61,2363,0.0016927634363097758
come,santaclaus,3,62,2363,0.0012695725772323319
come,mr,3,63,2363,0.0012695725772323319
come,stuff,3,64,2363,0.0012695725772323319
come,sheryl,3,65,2363,0.0012695725772323319
come,summer,3,66,2363,0.0012695725772323319
come,friend,3,67,2363,0.0012695725772323319
come,car,3,68,2363,0.0012695725772323319
come,piece,3,69,2363,0.0012695725772323319
come,someone,3,70,2363,0.0012695725772323319
come,noise,3,71,2363,0.0012695725772323319
come,movie,3,72,2363,0.0012695725772323319
come,outof,3,73,2363,0.0012695725772323319
come,baby,3,74,2363,0.0012695725772323319
come,carl,3,75,2363,0.0012695725772323319
come,dad,3,76,2363,0.0012695725772323319
come,brett,3,77,2363,0.0012695725772323319
come,mia,3,78,2363,0.0012695725772323319
come,remi,3,79,2363,0.0012695725772323319
come,jerry,3,80,2363,0.0012695725772323319
come,anthony,3,81,2363,0.0012695725772323319
come,lynette,3,82,2363,0.0012695725772323319
come,assoona,3,83,2363,0.0012695725772323319
come,rain,3,84,2363,0.0012695725772323319
come,wire,3,85,2363,0.0012695725772323319
come,hymie,3,86,2363,0.0012695725772323319
come,linda,3,87,2363,0.0012695725772323319
come,adam,2,88,2363,0.0008463817181548879
come,top,2,89,2363,0.0008463817181548879
come,everyone,2,90,2363,0.0008463817181548879
come,don,2,91,2363,0.0008463817181548879
come,everybody,2,92,2363,0.0008463817181548879
come,chantilly,2,93,2363,0.0008463817181548879
come,everything,2,94,2363,0.0008463817181548879
come,blue,2,95,2363,0.0008463817181548879
come,costume,2,96,2363,0.0008463817181548879
come,sposta,2,97,2363,0.0008463817181548879
come,sergeant,2,98,2363,0.0008463817181548879
come,yoye,2,99,2363,0.0008463817181548879
come,here,2,100,2363,0.0008463817181548879
come,birthday,2,101,2363,0.0008463817181548879
come,christopher,2,102,2363,0.0008463817181548879
come,boy,2,103,2363,0.0008463817181548879
come,shoe,2,104,2363,0.0008463817181548879
come,side,2,105,2363,0.0008463817181548879
come,food,2,106,2363,0.0008463817181548879
come,policeman,2,107,2363,0.0008463817181548879
come,screw,2,108,2363,0.0008463817181548879
come,tape,2,109,2363,0.0008463817181548879
come,money,2,110,2363,0.0008463817181548879
come,foot,2,111,2363,0.0008463817181548879
come,all,2,112,2363,0.0008463817181548879
come,claude,2,113,2363,0.0008463817181548879
come,snort,2,114,2363,0.0008463817181548879
come,frosty,2,115,2363,0.0008463817181548879
come,tanya,2,116,2363,0.0008463817181548879
come,mailman,2,117,2363,0.0008463817181548879
come,voice,2,118,2363,0.0008463817181548879
come,pirate,2,119,2363,0.0008463817181548879
come,balloon,2,120,2363,0.0008463817181548879
come,monster,2,121,2363,0.0008463817181548879
come,fly,2,122,2363,0.0008463817181548879
come,bunny,2,123,2363,0.0008463817181548879
come,doll,2,124,2363,0.0008463817181548879
come,orange,2,125,2363,0.0008463817181548879
come,bro,2,126,2363,0.0008463817181548879
come,teacher,2,127,2363,0.0008463817181548879
come,abe,2,128,2363,0.0008463817181548879
come,paper,2,129,2363,0.0008463817181548879
come,aunt,2,130,2363,0.0008463817181548879
come,veve,2,131,2363,0.0008463817181548879
come,tornado,2,132,2363,0.0008463817181548879
come,lizard,2,133,2363,0.0008463817181548879
come,grandma,2,134,2363,0.0008463817181548879
come,erica,2,135,2363,0.0008463817181548879
come,karen,2,136,2363,0.0008463817181548879
come,microphone,2,137,2363,0.0008463817181548879
come,bus,2,138,2363,0.0008463817181548879
come,march,2,139,2363,0.0008463817181548879
come,tracy,2,140,2363,0.0008463817181548879
come,doctor,2,141,2363,0.0008463817181548879
come,fish,2,142,2363,0.0008463817181548879
come,decky,2,143,2363,0.0008463817181548879
come,box,2,144,2363,0.0008463817181548879
come,johnathan,2,145,2363,0.0008463817181548879
come,tony,2,146,2363,0.0008463817181548879
come,derek,2,147,2363,0.0008463817181548879
come,garland,2,148,2363,0.0008463817181548879
come,keisha,2,149,2363,0.0008463817181548879
come,both,2,150,2363,0.0008463817181548879
come,juice,2,151,2363,0.0008463817181548879
come,trina,2,152,2363,0.0008463817181548879
come,crate,2,153,2363,0.0008463817181548879
come,hasta,2,154,2363,0.0008463817181548879
come,vegetable,2,155,2363,0.0008463817181548879
come,meike,2,156,2363,0.0008463817181548879
come,maria,2,157,2363,0.0008463817181548879
come,zoe,2,158,2363,0.0008463817181548879
come,turn,2,159,2363,0.0008463817181548879
come,wanda,2,160,2363,0.0008463817181548879
come,dubby,1,161,2363,0.00042319085907744394
come,laura,1,162,2363,0.00042319085907744394
come,piano,1,163,2363,0.00042319085907744394
come,tune,1,164,2363,0.00042319085907744394
come,miss,1,165,2363,0.00042319085907744394
come,note,1,166,2363,0.00042319085907744394
come,rinny,1,167,2363,0.00042319085907744394
come,lion,1,168,2363,0.00042319085907744394
come,diandra,1,169,2363,0.00042319085907744394
come,wood,1,170,2363,0.00042319085907744394
come,metal,1,171,2363,0.00042319085907744394
come,matron,1,172,2363,0.00042319085907744394
come,auntieeleanor,1,173,2363,0.00042319085907744394
come,christmas,1,174,2363,0.00042319085907744394
come,seal,1,175,2363,0.00042319085907744394
come,fairy,1,176,2363,0.00042319085907744394
come,head,1,177,2363,0.00042319085907744394
come,arm,1,178,2363,0.00042319085907744394
come,joann,1,179,2363,0.00042319085907744394
come,tablecloth,1,180,2363,0.00042319085907744394
come,tea,1,181,2363,0.00042319085907744394
come,bozo,1,182,2363,0.00042319085907744394
come,betty,1,183,2363,0.00042319085907744394
come,rest,1,184,2363,0.00042319085907744394
come,chicken,1,185,2363,0.00042319085907744394
come,friday,1,186,2363,0.00042319085907744394
come,auntie,1,187,2363,0.00042319085907744394
come,martian,1,188,2363,0.00042319085907744394
come,valentine,1,189,2363,0.00042319085907744394
come,laurie,1,190,2363,0.00042319085907744394
come,annmarie,1,191,2363,0.00042319085907744394
come,chain,1,192,2363,0.00042319085907744394
come,firstname,1,193,2363,0.00042319085907744394
come,boyles,1,194,2363,0.00042319085907744394
come,nanny,1,195,2363,0.00042319085907744394
come,spinach,1,196,2363,0.00042319085907744394
come,weina,1,197,2363,0.00042319085907744394
come,bee,1,198,2363,0.00042319085907744394
come,dream,1,199,2363,0.00042319085907744394
come,christy,1,200,2363,0.00042319085907744394
come,pooh,1,201,2363,0.00042319085907744394
come,cow,1,202,2363,0.00042319085907744394
come,ohmygoodness,1,203,2363,0.00042319085907744394
come,windshield,1,204,2363,0.00042319085907744394
come,david,1,205,2363,0.00042319085907744394
come,more,1,206,2363,0.00042319085907744394
come,spring,1,207,2363,0.00042319085907744394
come,leave,1,208,2363,0.00042319085907744394
come,muffin,1,209,2363,0.00042319085907744394
come,drummer,1,210,2363,0.00042319085907744394
come,invitation,1,211,2363,0.00042319085907744394
come,sister,1,212,2363,0.00042319085907744394
come,prince,1,213,2363,0.00042319085907744394
come,prediction,1,214,2363,0.00042319085907744394
come,chucky,1,215,2363,0.00042319085907744394
come,number,1,216,2363,0.00042319085907744394
come,bubble,1,217,2363,0.00042319085907744394
come,wish,1,218,2363,0.00042319085907744394
come,snowman,1,219,2363,0.00042319085907744394
come,carmen,1,220,2363,0.00042319085907744394
come,bran,1,221,2363,0.00042319085907744394
come,cheese,1,222,2363,0.00042319085907744394
come,muscle,1,223,2363,0.00042319085907744394
come,conversation,1,224,2363,0.00042319085907744394
come,useta,1,225,2363,0.00042319085907744394
come,needta,1,226,2363,0.00042319085907744394
come,cloud,1,227,2363,0.00042319085907744394
come,ss,1,228,2363,0.00042319085907744394
come,kangaroo,1,229,2363,0.00042319085907744394
come,guest,1,230,2363,0.00042319085907744394
come,moon,1,231,2363,0.00042319085907744394
come,caterpillar,1,232,2363,0.00042319085907744394
come,marcella,1,233,2363,0.00042319085907744394
come,ms,1,234,2363,0.00042319085907744394
come,darkness,1,235,2363,0.00042319085907744394
come,pete,1,236,2363,0.00042319085907744394
come,night,1,237,2363,0.00042319085907744394
come,pascal,1,238,2363,0.00042319085907744394
come,three,1,239,2363,0.00042319085907744394
come,tam,1,240,2363,0.00042319085907744394
come,owl,1,241,2363,0.00042319085907744394
come,wolf,1,242,2363,0.00042319085907744394
come,ticket,1,243,2363,0.00042319085907744394
come,nanas,1,244,2363,0.00042319085907744394
come,sara,1,245,2363,0.00042319085907744394
come,andrew,1,246,2363,0.00042319085907744394
come,town,1,247,2363,0.00042319085907744394
come,color,1,248,2363,0.00042319085907744394
come,training,1,249,2363,0.00042319085907744394
come,sandy,1,250,2363,0.00042319085907744394
come,potato,1,251,2363,0.00042319085907744394
come,ant,1,252,2363,0.00042319085907744394
come,five,1,253,2363,0.00042319085907744394
come,doggie,1,254,2363,0.00042319085907744394
come,operator,1,255,2363,0.00042319085907744394
come,animal,1,256,2363,0.00042319085907744394
come,robber,1,257,2363,0.00042319085907744394
come,sparkly,1,258,2363,0.00042319085907744394
come,halloween,1,259,2363,0.00042319085907744394
come,mix,1,260,2363,0.00042319085907744394
come,strawberry,1,261,2363,0.00042319085907744394
come,rock,1,262,2363,0.00042319085907744394
come,your,1,263,2363,0.00042319085907744394
come,two,1,264,2363,0.00042319085907744394
come,prize,1,265,2363,0.00042319085907744394
come,james,1,266,2363,0.00042319085907744394
come,grandmas,1,267,2363,0.00042319085907744394
come,diamond,1,268,2363,0.00042319085907744394
come,cody,1,269,2363,0.00042319085907744394
come,dinosaur,1,270,2363,0.00042319085907744394
come,bunch,1,271,2363,0.00042319085907744394
come,peach,1,272,2363,0.00042319085907744394
come,mop,1,273,2363,0.00042319085907744394
come,fry,1,274,2363,0.00042319085907744394
come,second,1,275,2363,0.00042319085907744394
come,soda,1,276,2363,0.00042319085907744394
come,story,1,277,2363,0.00042319085907744394
come,yall,1,278,2363,0.00042319085907744394
come,snake,1,279,2363,0.00042319085907744394
come,kojak,1,280,2363,0.00042319085907744394
come,stephanie,1,281,2363,0.00042319085907744394
come,anything,1,282,2363,0.00042319085907744394
come,line,1,283,2363,0.00042319085907744394
come,leader,1,284,2363,0.00042319085907744394
come,nurse,1,285,2363,0.00042319085907744394
come,rutherford,1,286,2363,0.00042319085907744394
come,dexter,1,287,2363,0.00042319085907744394
come,mister,1,288,2363,0.00042319085907744394
come,static,1,289,2363,0.00042319085907744394
come,her,1,290,2363,0.00042319085907744394
come,picture,1,291,2363,0.00042319085907744394
come,amy,1,292,2363,0.00042319085907744394
come,pad,1,293,2363,0.00042319085907744394
come,string,1,294,2363,0.00042319085907744394
come,dinner,1,295,2363,0.00042319085907744394
come,kiddie,1,296,2363,0.00042319085907744394
come,avis,1,297,2363,0.00042319085907744394
come,pony,1,298,2363,0.00042319085907744394
come,flower,1,299,2363,0.00042319085907744394
come,deidre,1,300,2363,0.00042319085907744394
come,nobody,1,301,2363,0.00042319085907744394
come,sharon,1,302,2363,0.00042319085907744394
come,stripe,1,303,2363,0.00042319085907744394
come,eve,1,304,2363,0.00042319085907744394
come,kevin,1,305,2363,0.00042319085907744394
come,luke,1,306,2363,0.00042319085907744394
come,sauce,1,307,2363,0.00042319085907744394
come,bit,1,308,2363,0.00042319085907744394
come,richard,1,309,2363,0.00042319085907744394
come,vanessa,1,310,2363,0.00042319085907744394
come,spot,1,311,2363,0.00042319085907744394
come,signal,1,312,2363,0.00042319085907744394
come,nephew,1,313,2363,0.00042319085907744394
come,speech,1,314,2363,0.00042319085907744394
come,pleshette,1,315,2363,0.00042319085907744394
come,temple,1,316,2363,0.00042319085907744394
come,edward,1,317,2363,0.00042319085907744394
come,rookies,1,318,2363,0.00042319085907744394
come,swat,1,319,2363,0.00042319085907744394
come,aaron,1,320,2363,0.00042319085907744394
come,with,1,321,2363,0.00042319085907744394
come,kim,1,322,2363,0.00042319085907744394
come,charlie,1,323,2363,0.00042319085907744394
come,bernie,1,324,2363,0.00042319085907744394
come,patrick,1,325,2363,0.00042319085907744394
come,dushawn,1,326,2363,0.00042319085907744394
come,roland,1,327,2363,0.00042319085907744394
come,street,1,328,2363,0.00042319085907744394
come,ronnie,1,329,2363,0.00042319085907744394
come,renita,1,330,2363,0.00042319085907744394
come,luck,1,331,2363,0.00042319085907744394
come,jackie,1,332,2363,0.00042319085907744394
come,gabriella,1,333,2363,0.00042319085907744394
come,bon,1,334,2363,0.00042319085907744394
come,alexandra,1,335,2363,0.00042319085907744394
come,danny,1,336,2363,0.00042319085907744394
come,grover,1,337,2363,0.00042319085907744394
come,gerbil,1,338,2363,0.00042319085907744394
come,airplane,1,339,2363,0.00042319085907744394
come,something,1,340,2363,0.00042319085907744394
come,pig,1,341,2363,0.00042319085907744394
come,hafta,1,342,2363,0.00042319085907744394
come,bambi,1,343,2363,0.00042319085907744394
come,winter,1,344,2363,0.00042319085907744394
come,marilyn,1,345,2363,0.00042319085907744394
come,half,1,346,2363,0.00042319085907744394
come,parent,1,347,2363,0.00042319085907744394
come,meek,1,348,2363,0.00042319085907744394
come,jack,1,349,2363,0.00042319085907744394
come,insanity,1,350,2363,0.00042319085907744394
come,liela,1,351,2363,0.00042319085907744394
come,perri,1,352,2363,0.00042319085907744394
come,brother,1,353,2363,0.00042319085907744394
come,party,1,354,2363,0.00042319085907744394
come,bottom,1,355,2363,0.00042319085907744394
come,perry,1,356,2363,0.00042319085907744394
come,folk,1,357,2363,0.00042319085907744394
come,lisa,1,358,2363,0.00042319085907744394
come,matthew,1,359,2363,0.00042319085907744394
come,zoie,1,360,2363,0.00042319085907744394
come,lenita,1,361,2363,0.00042319085907744394
come,apartment,1,362,2363,0.00042319085907744394
come,bad,1,363,2363,0.00042319085907744394
come,truck,1,364,2363,0.00042319085907744394
come,robert,1,365,2363,0.00042319085907744394
come,coat,1,366,2363,0.00042319085907744394
come,sleeve,1,367,2363,0.00042319085907744394
come,henry,1,368,2363,0.00042319085907744394
come,glenn,1,369,2363,0.00042319085907744394
come,ray,1,370,2363,0.00042319085907744394
come,pat,1,371,2363,0.00042319085907744394
come,kayode,1,372,2363,0.00042319085907744394
come,rabbit,1,373,2363,0.00042319085907744394
come,ring,1,374,2363,0.00042319085907744394
come,table,1,375,2363,0.00042319085907744394
come,margie,1,376,2363,0.00042319085907744394
come,husband,1,377,2363,0.00042319085907744394
come,sam,1,378,2363,0.00042319085907744394
come,deedee,1,379,2363,0.00042319085907744394
come,robbie,1,380,2363,0.00042319085907744394
come,shirt,1,381,2363,0.00042319085907744394
come,circus,1,382,2363,0.00042319085907744394
come,crowd,1,383,2363,0.00042319085907744394
come,body,1,384,2363,0.00042319085907744394
come,old,1,385,2363,0.00042319085907744394
come,sum,1,386,2363,0.00042319085907744394
eat,you,822,1,2244,0.3663101604278075
eat,he,699,2,2244,0.3114973262032086
eat,i,215,3,2244,0.09581105169340463
eat,we,127,4,2244,0.05659536541889483
eat,caterpillar,72,5,2244,0.03208556149732621
eat,she,55,6,2244,0.024509803921568627
eat,they,43,7,2244,0.019162210338680926
eat,who,18,8,2244,0.008021390374331552
eat,chi,12,9,2244,0.0053475935828877
eat,it,8,10,2244,0.0035650623885918
eat,that,6,11,2244,0.00267379679144385
eat,kid,5,12,2244,0.0022281639928698753
eat,person,4,13,2244,0.0017825311942959
eat,dog,4,14,2244,0.0017825311942959
eat,mommy,4,15,2244,0.0017825311942959
eat,baby,4,16,2244,0.0017825311942959
eat,nobody,4,17,2244,0.0017825311942959
eat,stephanie,4,18,2244,0.0017825311942959
eat,everybody,3,19,2244,0.001336898395721925
eat,uncle,3,20,2244,0.001336898395721925
eat,anyone,3,21,2244,0.001336898395721925
eat,monster,3,22,2244,0.001336898395721925
eat,bird,3,23,2244,0.001336898395721925
eat,this,3,24,2244,0.001336898395721925
eat,daddy,3,25,2244,0.001336898395721925
eat,seahorse,3,26,2244,0.001336898395721925
eat,dinosaur,3,27,2244,0.001336898395721925
eat,steve,3,28,2244,0.001336898395721925
eat,cow,2,29,2244,0.00089126559714795
eat,animal,2,30,2244,0.00089126559714795
eat,what,2,31,2244,0.00089126559714795
eat,fish,2,32,2244,0.00089126559714795
eat,honey,2,33,2244,0.00089126559714795
eat,all,2,34,2244,0.00089126559714795
eat,one,2,35,2244,0.00089126559714795
eat,anybody,2,36,2244,0.00089126559714795
eat,remi,2,37,2244,0.00089126559714795
eat,kitten,2,38,2244,0.00089126559714795
eat,lion,2,39,2244,0.00089126559714795
eat,body,2,40,2244,0.00089126559714795
eat,roland,2,41,2244,0.00089126559714795
eat,gerbil,2,42,2244,0.00089126559714795
eat,pig,2,43,2244,0.00089126559714795
eat,steven,2,44,2244,0.00089126559714795
eat,jwww,1,45,2244,0.000445632798573975
eat,mouse,1,46,2244,0.000445632798573975
eat,husband,1,47,2244,0.000445632798573975
eat,seal,1,48,2244,0.000445632798573975
eat,cat,1,49,2244,0.000445632798573975
eat,sarah,1,50,2244,0.000445632798573975
eat,worm,1,51,2244,0.000445632798573975
eat,kind,1,52,2244,0.000445632798573975
eat,bug,1,53,2244,0.000445632798573975
eat,duck,1,54,2244,0.000445632798573975
eat,turkey,1,55,2244,0.000445632798573975
eat,momma,1,56,2244,0.000445632798573975
eat,corn,1,57,2244,0.000445632798573975
eat,youse,1,58,2244,0.000445632798573975
eat,grammy,1,59,2244,0.000445632798573975
eat,tarci,1,60,2244,0.000445632798573975
eat,nicky,1,61,2244,0.000445632798573975
eat,hansel,1,62,2244,0.000445632798573975
eat,groundhog,1,63,2244,0.000445632798573975
eat,skunk,1,64,2244,0.000445632798573975
eat,bunny,1,65,2244,0.000445632798573975
eat,zzz,1,66,2244,0.000445632798573975
eat,grover,1,67,2244,0.000445632798573975
eat,mom,1,68,2244,0.000445632798573975
eat,dad,1,69,2244,0.000445632798573975
eat,someone,1,70,2244,0.000445632798573975
eat,kelly,1,71,2244,0.000445632798573975
eat,everything,1,72,2244,0.000445632798573975
eat,bro,1,73,2244,0.000445632798573975
eat,thing,1,74,2244,0.000445632798573975
eat,kathy,1,75,2244,0.000445632798573975
eat,somebody,1,76,2244,0.000445632798573975
eat,inorderto,1,77,2244,0.000445632798573975
eat,dragon,1,78,2244,0.000445632798573975
eat,abe,1,79,2244,0.000445632798573975
eat,floor,1,80,2244,0.000445632798573975
eat,giant,1,81,2244,0.000445632798573975
eat,scorpion,1,82,2244,0.000445632798573975
eat,bobby,1,83,2244,0.000445632798573975
eat,chris,1,84,2244,0.000445632798573975
eat,guy,1,85,2244,0.000445632798573975
eat,dexter,1,86,2244,0.000445632798573975
eat,johnathan,1,87,2244,0.000445632798573975
eat,melissa,1,88,2244,0.000445632798573975
eat,carl,1,89,2244,0.000445632798573975
eat,von,1,90,2244,0.000445632798573975
eat,vanessa,1,91,2244,0.000445632798573975
eat,derwood,1,92,2244,0.000445632798573975
eat,cadillac,1,93,2244,0.000445632798573975
eat,age,1,94,2244,0.000445632798573975
eat,keisha,1,95,2244,0.000445632798573975
eat,yvonne,1,96,2244,0.000445632798573975
eat,kim,1,97,2244,0.000445632798573975
eat,yall,1,98,2244,0.000445632798573975
eat,michael,1,99,2244,0.000445632798573975
eat,patrick,1,100,2244,0.000445632798573975
eat,your,1,101,2244,0.000445632798573975
eat,tisha,1,102,2244,0.000445632798573975
eat,dinner,1,103,2244,0.000445632798573975
eat,trina,1,104,2244,0.000445632798573975
eat,gabriel,1,105,2244,0.000445632798573975
eat,family,1,106,2244,0.000445632798573975
eat,subject,1,107,2244,0.000445632798573975
eat,graeme,1,108,2244,0.000445632798573975
eat,junior,1,109,2244,0.000445632798573975
eat,fox,1,110,2244,0.000445632798573975
eat,plant,1,111,2244,0.000445632798573975
eat,snake,1,112,2244,0.000445632798573975
eat,food,1,113,2244,0.000445632798573975
eat,friend,1,114,2244,0.000445632798573975
eat,robert,1,115,2244,0.000445632798573975
eat,man,1,116,2244,0.000445632798573975
eat,david,1,117,2244,0.000445632798573975
eat,clifford,1,118,2244,0.000445632798573975
eat,cockroach,1,119,2244,0.000445632798573975
eat,flower,1,120,2244,0.000445632798573975
make,you,726,1,1975,0.3675949367088608
make,i,334,2,1975,0.1691139240506329
make,we,161,3,1975,0.08151898734177215
make,they,119,4,1975,0.06025316455696202
make,it,117,5,1975,0.05924050632911392
make,that,90,6,1975,0.04556962025316456
make,he,78,7,1975,0.03949367088607595
make,she,63,8,1975,0.03189873417721519
make,who,46,9,1975,0.02329113924050633
make,what,32,10,1975,0.01620253164556962
make,this,14,11,1975,0.007088607594936709
make,mommy,7,12,1975,0.0035443037974683543
make,daddy,7,13,1975,0.0035443037974683543
make,somebody,6,14,1975,0.0030379746835443038
make,useta,5,15,1975,0.002531645569620253
make,mother,5,16,1975,0.002531645569620253
make,one,4,17,1975,0.0020253164556962027
make,chi,4,18,1975,0.0020253164556962027
make,rabbit,3,19,1975,0.0015189873417721519
make,guy,3,20,1975,0.0015189873417721519
make,everybody,3,21,1975,0.0015189873417721519
make,patrick,3,22,1975,0.0015189873417721519
make,letter,3,23,1975,0.0015189873417721519
make,word,2,24,1975,0.0010126582278481013
make,child,2,25,1975,0.0010126582278481013
make,sothat,2,26,1975,0.0010126582278481013
make,robin,2,27,1975,0.0010126582278481013
make,sarah,2,28,1975,0.0010126582278481013
make,melissa,2,29,1975,0.0010126582278481013
make,class,2,30,1975,0.0010126582278481013
make,dad,2,31,1975,0.0010126582278481013
make,two,2,32,1975,0.0010126582278481013
make,cat,2,33,1975,0.0010126582278481013
make,side,2,34,1975,0.0010126582278481013
make,mamma,2,35,1975,0.0010126582278481013
make,minnie,2,36,1975,0.0010126582278481013
make,plant,2,37,1975,0.0010126582278481013
make,mom,2,38,1975,0.0010126582278481013
make,animal,2,39,1975,0.0010126582278481013
make,someone,2,40,1975,0.0010126582278481013
make,stephanie,2,41,1975,0.0010126582278481013
make,anybody,2,42,1975,0.0010126582278481013
make,lion,2,43,1975,0.0010126582278481013
make,blue,2,44,1975,0.0010126582278481013
make,factory,2,45,1975,0.0010126582278481013
make,julia,2,46,1975,0.0010126582278481013
make,barbara,2,47,1975,0.0010126582278481013
make,father,2,48,1975,0.0010126582278481013
make,penny,2,49,1975,0.0010126582278481013
make,poo,1,50,1975,0.0005063291139240507
make,bowl,1,51,1975,0.0005063291139240507
make,good,1,52,1975,0.0005063291139240507
make,thing,1,53,1975,0.0005063291139240507
make,elephant,1,54,1975,0.0005063291139240507
make,santa,1,55,1975,0.0005063291139240507
make,jwww,1,56,1975,0.0005063291139240507
make,president,1,57,1975,0.0005063291139240507
make,mrs,1,58,1975,0.0005063291139240507
make,spell,1,59,1975,0.0005063291139240507
make,half,1,60,1975,0.0005063291139240507
make,five,1,61,1975,0.0005063291139240507
make,line,1,62,1975,0.0005063291139240507
make,tear,1,63,1975,0.0005063291139240507
make,queen,1,64,1975,0.0005063291139240507
make,leslie,1,65,1975,0.0005063291139240507
make,movie,1,66,1975,0.0005063291139240507
make,kangaroo,1,67,1975,0.0005063291139240507
make,lemonade,1,68,1975,0.0005063291139240507
make,sis,1,69,1975,0.0005063291139240507
make,fozzie,1,70,1975,0.0005063291139240507
make,percy,1,71,1975,0.0005063291139240507
make,caterpillar,1,72,1975,0.0005063291139240507
make,jill,1,73,1975,0.0005063291139240507
make,worry,1,74,1975,0.0005063291139240507
make,reason,1,75,1975,0.0005063291139240507
make,paddington,1,76,1975,0.0005063291139240507
make,candy,1,77,1975,0.0005063291139240507
make,air,1,78,1975,0.0005063291139240507
make,grass,1,79,1975,0.0005063291139240507
make,broccoli,1,80,1975,0.0005063291139240507
make,howabout,1,81,1975,0.0005063291139240507
make,ma,1,82,1975,0.0005063291139240507
make,truck,1,83,1975,0.0005063291139240507
make,laugh,1,84,1975,0.0005063291139240507
make,hair,1,85,1975,0.0005063291139240507
make,andrew,1,86,1975,0.0005063291139240507
make,needta,1,87,1975,0.0005063291139240507
make,ryan,1,88,1975,0.0005063291139240507
make,auntdenise,1,89,1975,0.0005063291139240507
make,baby,1,90,1975,0.0005063291139240507
make,brian,1,91,1975,0.0005063291139240507
make,prize,1,92,1975,0.0005063291139240507
make,your,1,93,1975,0.0005063291139240507
make,fairy,1,94,1975,0.0005063291139240507
make,spider,1,95,1975,0.0005063291139240507
make,experience,1,96,1975,0.0005063291139240507
make,woman,1,97,1975,0.0005063291139240507
make,dinner,1,98,1975,0.0005063291139240507
make,haste,1,99,1975,0.0005063291139240507
make,japanese,1,100,1975,0.0005063291139240507
make,uncle,1,101,1975,0.0005063291139240507
make,cow,1,102,1975,0.0005063291139240507
make,cream,1,103,1975,0.0005063291139240507
make,jeffery,1,104,1975,0.0005063291139240507
make,cosby,1,105,1975,0.0005063291139240507
make,hippopotamus,1,106,1975,0.0005063291139240507
make,mr,1,107,1975,0.0005063291139240507
make,heat,1,108,1975,0.0005063291139240507
make,body,1,109,1975,0.0005063291139240507
make,bump,1,110,1975,0.0005063291139240507
make,which,1,111,1975,0.0005063291139240507
make,carl,1,112,1975,0.0005063291139240507
make,ronald,1,113,1975,0.0005063291139240507
make,devil,1,114,1975,0.0005063291139240507
make,sean,1,115,1975,0.0005063291139240507
make,doreen,1,116,1975,0.0005063291139240507
make,joyce,1,117,1975,0.0005063291139240507
make,resting,1,118,1975,0.0005063291139240507
make,tony,1,119,1975,0.0005063291139240507
make,bambi,1,120,1975,0.0005063291139240507
make,sixteen,1,121,1975,0.0005063291139240507
make,be,1,122,1975,0.0005063291139240507
make,kitten,1,123,1975,0.0005063291139240507
make,sunshine,1,124,1975,0.0005063291139240507
make,man,1,125,1975,0.0005063291139240507
make,cup,1,126,1975,0.0005063291139240507
make,kid,1,127,1975,0.0005063291139240507
make,matthew,1,128,1975,0.0005063291139240507
make,eric,1,129,1975,0.0005063291139240507
make,jimmy,1,130,1975,0.0005063291139240507
make,renaldo,1,131,1975,0.0005063291139240507
make,white,1,132,1975,0.0005063291139240507
make,water,1,133,1975,0.0005063291139240507
make,teacher,1,134,1975,0.0005063291139240507
make,nickel,1,135,1975,0.0005063291139240507
make,steven,1,136,1975,0.0005063291139240507
make,liz,1,137,1975,0.0005063291139240507
make,grandma,1,138,1975,0.0005063291139240507
make,lena,1,139,1975,0.0005063291139240507
put,you,770,1,1765,0.43626062322946174
put,i,491,2,1765,0.2781869688385269
put,we,176,3,1765,0.09971671388101983
put,they,68,4,1765,0.038526912181303115
put,he,55,5,1765,0.031161473087818695
put,who,31,6,1765,0.017563739376770537
put,she,27,7,1765,0.01529745042492918
put,daddy,6,8,1765,0.0033994334277620396
put,it,6,9,1765,0.0033994334277620396
put,person,5,10,1765,0.0028328611898017
put,michael,5,11,1765,0.0028328611898017
put,david,4,12,1765,0.0022662889518413596
put,sarah,3,13,1765,0.0016997167138810198
put,that,3,14,1765,0.0016997167138810198
put,dad,3,15,1765,0.0016997167138810198
put,man,3,16,1765,0.0016997167138810198
put,samantha,3,17,1765,0.0016997167138810198
put,paul,2,18,1765,0.0011331444759206798
put,adam,2,19,1765,0.0011331444759206798
put,boy,2,20,1765,0.0011331444759206798
put,gail,2,21,1765,0.0011331444759206798
put,someone,2,22,1765,0.0011331444759206798
put,snort,2,23,1765,0.0011331444759206798
put,ma,2,24,1765,0.0011331444759206798
put,tony,2,25,1765,0.0011331444759206798
put,bobby,2,26,1765,0.0011331444759206798
put,mommy,2,27,1765,0.0011331444759206798
put,brett,2,28,1765,0.0011331444759206798
put,chris,2,29,1765,0.0011331444759206798
put,jenny,2,30,1765,0.0011331444759206798
put,firemen,2,31,1765,0.0011331444759206798
put,sister,2,32,1765,0.0011331444759206798
put,melissa,2,33,1765,0.0011331444759206798
put,ronnie,2,34,1765,0.0011331444759206798
put,matthew,2,35,1765,0.0011331444759206798
put,diandra,1,36,1765,0.0005665722379603399
put,nana,1,37,1765,0.0005665722379603399
put,clown,1,38,1765,0.0005665722379603399
put,idiot,1,39,1765,0.0005665722379603399
put,elana,1,40,1765,0.0005665722379603399
put,a,1,41,1765,0.0005665722379603399
put,wheel,1,42,1765,0.0005665722379603399
put,quik,1,43,1765,0.0005665722379603399
put,cinderella,1,44,1765,0.0005665722379603399
put,horse,1,45,1765,0.0005665722379603399
put,honey,1,46,1765,0.0005665722379603399
put,tea,1,47,1765,0.0005665722379603399
put,dewey,1,48,1765,0.0005665722379603399
put,mama,1,49,1765,0.0005665722379603399
put,mother,1,50,1765,0.0005665722379603399
put,pooh,1,51,1765,0.0005665722379603399
put,grover,1,52,1765,0.0005665722379603399
put,racket,1,53,1765,0.0005665722379603399
put,piggy,1,54,1765,0.0005665722379603399
put,momma,1,55,1765,0.0005665722379603399
put,chi,1,56,1765,0.0005665722379603399
put,giant,1,57,1765,0.0005665722379603399
put,doctor,1,58,1765,0.0005665722379603399
put,santa,1,59,1765,0.0005665722379603399
put,useta,1,60,1765,0.0005665722379603399
put,ohmygoodness,1,61,1765,0.0005665722379603399
put,one,1,62,1765,0.0005665722379603399
put,let,1,63,1765,0.0005665722379603399
put,angela,1,64,1765,0.0005665722379603399
put,albert,1,65,1765,0.0005665722379603399
put,mom,1,66,1765,0.0005665722379603399
put,christopher,1,67,1765,0.0005665722379603399
put,kid,1,68,1765,0.0005665722379603399
put,lexy,1,69,1765,0.0005665722379603399
put,alexander,1,70,1765,0.0005665722379603399
put,chipper,1,71,1765,0.0005665722379603399
put,grimes,1,72,1765,0.0005665722379603399
put,hasta,1,73,1765,0.0005665722379603399
put,remi,1,74,1765,0.0005665722379603399
put,head,1,75,1765,0.0005665722379603399
put,jennifer,1,76,1765,0.0005665722379603399
put,anyone,1,77,1765,0.0005665722379603399
put,aaron,1,78,1765,0.0005665722379603399
put,missus,1,79,1765,0.0005665722379603399
put,keisha,1,80,1765,0.0005665722379603399
put,foot,1,81,1765,0.0005665722379603399
put,hander,1,82,1765,0.0005665722379603399
put,hand,1,83,1765,0.0005665722379603399
put,tisha,1,84,1765,0.0005665722379603399
put,boss,1,85,1765,0.0005665722379603399
put,haft,1,86,1765,0.0005665722379603399
put,your,1,87,1765,0.0005665722379603399
put,roland,1,88,1765,0.0005665722379603399
put,norman,1,89,1765,0.0005665722379603399
put,gregory,1,90,1765,0.0005665722379603399
put,asher,1,91,1765,0.0005665722379603399
put,wanna,1,92,1765,0.0005665722379603399
put,perri,1,93,1765,0.0005665722379603399
put,toddy,1,94,1765,0.0005665722379603399
put,nobody,1,95,1765,0.0005665722379603399
put,nine,1,96,1765,0.0005665722379603399
put,oclock,1,97,1765,0.0005665722379603399
put,zoie,1,98,1765,0.0005665722379603399
put,inorderto,1,99,1765,0.0005665722379603399
put,kayode,1,100,1765,0.0005665722379603399
put,tommy,1,101,1765,0.0005665722379603399
put,teacher,1,102,1765,0.0005665722379603399
put,cup,1,103,1765,0.0005665722379603399
put,steve,1,104,1765,0.0005665722379603399
put,wayne,1,105,1765,0.0005665722379603399
look,it,385,1,1733,0.22215810732833238
look,you,363,2,1733,0.20946335833814195
look,that,162,3,1733,0.0934795152914022
look,i,159,4,1733,0.09174841315637623
look,he,140,5,1733,0.08078476630121177
look,they,90,6,1733,0.05193306405077899
look,she,81,7,1733,0.0467397576457011
look,this,49,8,1733,0.02827466820542412
look,we,44,9,1733,0.025389497980380843
look,one,20,10,1733,0.01154068090017311
look,who,7,11,1733,0.004039238315060588
look,cat,6,12,1733,0.003462204270051933
look,mommy,6,13,1733,0.003462204270051933
look,hair,5,14,1733,0.0028851702250432777
look,thing,5,15,1733,0.0028851702250432777
look,oliver,4,16,1733,0.002308136180034622
look,chi,4,17,1733,0.002308136180034622
look,giant,4,18,1733,0.002308136180034622
look,nobody,4,19,1733,0.002308136180034622
look,what,4,20,1733,0.002308136180034622
look,face,4,21,1733,0.002308136180034622
look,man,4,22,1733,0.002308136180034622
look,everybody,4,23,1733,0.002308136180034622
look,david,4,24,1733,0.002308136180034622
look,sarah,3,25,1733,0.0017311021350259665
look,boy,3,26,1733,0.0017311021350259665
look,kid,3,27,1733,0.0017311021350259665
look,tail,3,28,1733,0.0017311021350259665
look,deidre,3,29,1733,0.0017311021350259665
look,paul,2,30,1733,0.001154068090017311
look,melissa,2,31,1733,0.001154068090017311
look,two,2,32,1733,0.001154068090017311
look,bear,2,33,1733,0.001154068090017311
look,mother,2,34,1733,0.001154068090017311
look,kitten,2,35,1733,0.001154068090017311
look,time,2,36,1733,0.001154068090017311
look,brother,2,37,1733,0.001154068090017311
look,mickey,2,38,1733,0.001154068090017311
look,moon,2,39,1733,0.001154068090017311
look,monster,2,40,1733,0.001154068090017311
look,fly,2,41,1733,0.001154068090017311
look,ohmygoodness,2,42,1733,0.001154068090017311
look,cake,2,43,1733,0.001154068090017311
look,island,2,44,1733,0.001154068090017311
look,house,2,45,1733,0.001154068090017311
look,mom,2,46,1733,0.001154068090017311
look,gabriella,2,47,1733,0.001154068090017311
look,giraffe,2,48,1733,0.001154068090017311
look,train,2,49,1733,0.001154068090017311
look,olinda,2,50,1733,0.001154068090017311
look,goose,1,51,1733,0.0005770340450086555
look,eight,1,52,1733,0.0005770340450086555
look,shadow,1,53,1733,0.0005770340450086555
look,license,1,54,1733,0.0005770340450086555
look,your,1,55,1733,0.0005770340450086555
look,nothing,1,56,1733,0.0005770340450086555
look,deer,1,57,1733,0.0005770340450086555
look,person,1,58,1733,0.0005770340450086555
look,carriage,1,59,1733,0.0005770340450086555
look,chicken,1,60,1733,0.0005770340450086555
look,gail,1,61,1733,0.0005770340450086555
look,sun,1,62,1733,0.0005770340450086555
look,water,1,63,1733,0.0005770340450086555
look,room,1,64,1733,0.0005770340450086555
look,peter,1,65,1733,0.0005770340450086555
look,kitty,1,66,1733,0.0005770340450086555
look,barrel,1,67,1733,0.0005770340450086555
look,mr,1,68,1733,0.0005770340450086555
look,prince,1,69,1733,0.0005770340450086555
look,cinderella,1,70,1733,0.0005770340450086555
look,ma,1,71,1733,0.0005770340450086555
look,steak,1,72,1733,0.0005770340450086555
look,adam,1,73,1733,0.0005770340450086555
look,toucan,1,74,1733,0.0005770340450086555
look,puzzle,1,75,1733,0.0005770340450086555
look,lemonade,1,76,1733,0.0005770340450086555
look,mouse,1,77,1733,0.0005770340450086555
look,kermit,1,78,1733,0.0005770340450086555
look,doll,1,79,1733,0.0005770340450086555
look,raggedy,1,80,1733,0.0005770340450086555
look,leave,1,81,1733,0.0005770340450086555
look,leaf,1,82,1733,0.0005770340450086555
look,creature,1,83,1733,0.0005770340450086555
look,same,1,84,1733,0.0005770340450086555
look,everyone,1,85,1733,0.0005770340450086555
look,some,1,86,1733,0.0005770340450086555
look,winnie,1,87,1733,0.0005770340450086555
look,god,1,88,1733,0.0005770340450086555
look,lady,1,89,1733,0.0005770340450086555
look,madame,1,90,1733,0.0005770340450086555
look,luey,1,91,1733,0.0005770340450086555
look,grover,1,92,1733,0.0005770340450086555
look,wolf,1,93,1733,0.0005770340450086555
look,piggy,1,94,1733,0.0005770340450086555
look,tuty,1,95,1733,0.0005770340450086555
look,guy,1,96,1733,0.0005770340450086555
look,goodness,1,97,1733,0.0005770340450086555
look,momma,1,98,1733,0.0005770340450086555
look,nope,1,99,1733,0.0005770340450086555
look,office,1,100,1733,0.0005770340450086555
look,luke,1,101,1733,0.0005770340450086555
look,costume,1,102,1733,0.0005770340450086555
look,our,1,103,1733,0.0005770340450086555
look,croan,1,104,1733,0.0005770340450086555
look,caterpillar,1,105,1733,0.0005770340450086555
look,animal,1,106,1733,0.0005770340450086555
look,anything,1,107,1733,0.0005770340450086555
look,white,1,108,1733,0.0005770340450086555
look,roman,1,109,1733,0.0005770340450086555
look,spider,1,110,1733,0.0005770340450086555
look,joshua,1,111,1733,0.0005770340450086555
look,my,1,112,1733,0.0005770340450086555
look,dog,1,113,1733,0.0005770340450086555
look,beard,1,114,1733,0.0005770340450086555
look,plate,1,115,1733,0.0005770340450086555
look,brett,1,116,1733,0.0005770340450086555
look,tracy,1,117,1733,0.0005770340450086555
look,rest,1,118,1733,0.0005770340450086555
look,formula,1,119,1733,0.0005770340450086555
look,body,1,120,1733,0.0005770340450086555
look,whiz,1,121,1733,0.0005770340450086555
look,oven,1,122,1733,0.0005770340450086555
look,other,1,123,1733,0.0005770340450086555
look,harry,1,124,1733,0.0005770340450086555
look,both,1,125,1733,0.0005770340450086555
look,kip,1,126,1733,0.0005770340450086555
look,cookie,1,127,1733,0.0005770340450086555
look,cheek,1,128,1733,0.0005770340450086555
look,girl,1,129,1733,0.0005770340450086555
look,von,1,130,1733,0.0005770340450086555
look,jerry,1,131,1733,0.0005770340450086555
look,stuff,1,132,1733,0.0005770340450086555
look,fish,1,133,1733,0.0005770340450086555
look,derwood,1,134,1733,0.0005770340450086555
look,grandfather,1,135,1733,0.0005770340450086555
look,kim,1,136,1733,0.0005770340450086555
look,moustache,1,137,1733,0.0005770340450086555
look,roland,1,138,1733,0.0005770340450086555
look,stephanie,1,139,1733,0.0005770340450086555
look,mattress,1,140,1733,0.0005770340450086555
look,place,1,141,1733,0.0005770340450086555
look,uhuh,1,142,1733,0.0005770340450086555
look,jackie,1,143,1733,0.0005770340450086555
look,matthew,1,144,1733,0.0005770340450086555
look,picture,1,145,1733,0.0005770340450086555
look,stye,1,146,1733,0.0005770340450086555
look,side,1,147,1733,0.0005770340450086555
look,gerbil,1,148,1733,0.0005770340450086555
look,mygoodness,1,149,1733,0.0005770340450086555
look,stroke,1,150,1733,0.0005770340450086555
look,ear,1,151,1733,0.0005770340450086555
look,junior,1,152,1733,0.0005770340450086555
look,tod,1,153,1733,0.0005770340450086555
look,tony,1,154,1733,0.0005770340450086555
look,bob,1,155,1733,0.0005770340450086555
look,bobby,1,156,1733,0.0005770340450086555
look,shirt,1,157,1733,0.0005770340450086555
look,cow,1,158,1733,0.0005770340450086555
look,letter,1,159,1733,0.0005770340450086555
look,brodie,1,160,1733,0.0005770340450086555
look,kayode,1,161,1733,0.0005770340450086555
look,mister,1,162,1733,0.0005770340450086555
look,graeme,1,163,1733,0.0005770340450086555
look,radio,1,164,1733,0.0005770340450086555
look,sand,1,165,1733,0.0005770340450086555
look,choice,1,166,1733,0.0005770340450086555
look,tape,1,167,1733,0.0005770340450086555
look,car,1,168,1733,0.0005770340450086555
take,you,510,1,1536,0.33203125
take,i,397,2,1536,0.2584635416666667
take,we,124,3,1536,0.08072916666666667
take,he,101,4,1536,0.06575520833333333
take,it,66,5,1536,0.04296875
take,they,46,6,1536,0.029947916666666668
take,she,46,7,1536,0.029947916666666668
take,who,27,8,1536,0.017578125
take,that,18,9,1536,0.01171875
take,daddy,9,10,1536,0.005859375
take,person,8,11,1536,0.005208333333333333
take,mommy,8,12,1536,0.005208333333333333
take,somebody,5,13,1536,0.0032552083333333335
take,mom,5,14,1536,0.0032552083333333335
take,bro,4,15,1536,0.0026041666666666665
take,guy,4,16,1536,0.0026041666666666665
take,your,4,17,1536,0.0026041666666666665
take,paul,3,18,1536,0.001953125
take,someone,3,19,1536,0.001953125
take,six,3,20,1536,0.001953125
take,firstname,3,21,1536,0.001953125
take,bear,3,22,1536,0.001953125
take,kid,3,23,1536,0.001953125
take,father,3,24,1536,0.001953125
take,graeme,3,25,1536,0.001953125
take,baby,2,26,1536,0.0013020833333333333
take,mother,2,27,1536,0.0013020833333333333
take,boy,2,28,1536,0.0013020833333333333
take,what,2,29,1536,0.0013020833333333333
take,dog,2,30,1536,0.0013020833333333333
take,hansel,2,31,1536,0.0013020833333333333
take,sister,2,32,1536,0.0013020833333333333
take,mama,2,33,1536,0.0013020833333333333
take,dope,2,34,1536,0.0013020833333333333
take,police,2,35,1536,0.0013020833333333333
take,harry,2,36,1536,0.0013020833333333333
take,dexter,2,37,1536,0.0013020833333333333
take,jason,2,38,1536,0.0013020833333333333
take,remi,2,39,1536,0.0013020833333333333
take,everybody,2,40,1536,0.0013020833333333333
take,let,2,41,1536,0.0013020833333333333
take,matthew,2,42,1536,0.0013020833333333333
take,david,2,43,1536,0.0013020833333333333
take,artichoke,1,44,1536,0.0006510416666666666
take,fifteen,1,45,1536,0.0006510416666666666
take,bull,1,46,1536,0.0006510416666666666
take,nurse,1,47,1536,0.0006510416666666666
take,ursula,1,48,1536,0.0006510416666666666
take,sarah,1,49,1536,0.0006510416666666666
take,cousin,1,50,1536,0.0006510416666666666
take,modesty,1,51,1536,0.0006510416666666666
take,lorraine,1,52,1536,0.0006510416666666666
take,night,1,53,1536,0.0006510416666666666
take,betty,1,54,1536,0.0006510416666666666
take,world,1,55,1536,0.0006510416666666666
take,uncle,1,56,1536,0.0006510416666666666
take,nana,1,57,1536,0.0006510416666666666
take,hasta,1,58,1536,0.0006510416666666666
take,bozo,1,59,1536,0.0006510416666666666
take,judy,1,60,1536,0.0006510416666666666
take,five,1,61,1536,0.0006510416666666666
take,girl,1,62,1536,0.0006510416666666666
take,cheryl,1,63,1536,0.0006510416666666666
take,messenger,1,64,1536,0.0006510416666666666
take,peter,1,65,1536,0.0006510416666666666
take,frosty,1,66,1536,0.0006510416666666666
take,gryphon,1,67,1536,0.0006510416666666666
take,marie,1,68,1536,0.0006510416666666666
take,anna,1,69,1536,0.0006510416666666666
take,sabato,1,70,1536,0.0006510416666666666
take,tanya,1,71,1536,0.0006510416666666666
take,minnie,1,72,1536,0.0006510416666666666
take,imagination,1,73,1536,0.0006510416666666666
take,mickey,1,74,1536,0.0006510416666666666
take,pascal,1,75,1536,0.0006510416666666666
take,christopher,1,76,1536,0.0006510416666666666
take,airplane,1,77,1536,0.0006510416666666666
take,grizzly,1,78,1536,0.0006510416666666666
take,broom,1,79,1536,0.0006510416666666666
take,parrot,1,80,1536,0.0006510416666666666
take,piggy,1,81,1536,0.0006510416666666666
take,good,1,82,1536,0.0006510416666666666
take,grandma,1,83,1536,0.0006510416666666666
take,everyone,1,84,1536,0.0006510416666666666
take,chopwood,1,85,1536,0.0006510416666666666
take,emma,1,86,1536,0.0006510416666666666
take,babysitter,1,87,1536,0.0006510416666666666
take,cat,1,88,1536,0.0006510416666666666
take,hafta,1,89,1536,0.0006510416666666666
take,stomach,1,90,1536,0.0006510416666666666
take,brett,1,91,1536,0.0006510416666666666
take,stuff,1,92,1536,0.0006510416666666666
take,nobody,1,93,1536,0.0006510416666666666
take,bus,1,94,1536,0.0006510416666666666
take,all,1,95,1536,0.0006510416666666666
take,table,1,96,1536,0.0006510416666666666
take,tony,1,97,1536,0.0006510416666666666
take,anything,1,98,1536,0.0006510416666666666
take,wind,1,99,1536,0.0006510416666666666
take,this,1,100,1536,0.0006510416666666666
take,dex,1,101,1536,0.0006510416666666666
take,decky,1,102,1536,0.0006510416666666666
take,twelve,1,103,1536,0.0006510416666666666
take,child,1,104,1536,0.0006510416666666666
take,anyone,1,105,1536,0.0006510416666666666
take,james,1,106,1536,0.0006510416666666666
take,maurice,1,107,1536,0.0006510416666666666
take,thing,1,108,1536,0.0006510416666666666
take,keisha,1,109,1536,0.0006510416666666666
take,farmer,1,110,1536,0.0006510416666666666
take,foot,1,111,1536,0.0006510416666666666
take,kim,1,112,1536,0.0006510416666666666
take,desie,1,113,1536,0.0006510416666666666
take,tyrone,1,114,1536,0.0006510416666666666
take,patrick,1,115,1536,0.0006510416666666666
take,barry,1,116,1536,0.0006510416666666666
take,roland,1,117,1536,0.0006510416666666666
take,daughter,1,118,1536,0.0006510416666666666
take,train,1,119,1536,0.0006510416666666666
take,doreen,1,120,1536,0.0006510416666666666
take,one,1,121,1536,0.0006510416666666666
take,plane,1,122,1536,0.0006510416666666666
take,perry,1,123,1536,0.0006510416666666666
take,tunnel,1,124,1536,0.0006510416666666666
take,bambi,1,125,1536,0.0006510416666666666
take,conversation,1,126,1536,0.0006510416666666666
take,zoe,1,127,1536,0.0006510416666666666
take,parent,1,128,1536,0.0006510416666666666
take,lance,1,129,1536,0.0006510416666666666
take,joe,1,130,1536,0.0006510416666666666
take,steven,1,131,1536,0.0006510416666666666
take,accidenty,1,132,1536,0.0006510416666666666
take,hadta,1,133,1536,0.0006510416666666666
take,karen,1,134,1536,0.0006510416666666666
take,anybody,1,135,1536,0.0006510416666666666
take,cockroach,1,136,1536,0.0006510416666666666
take,token,1,137,1536,0.0006510416666666666
tell,you,623,1,1451,0.4293590627153687
tell,i,462,2,1451,0.31840110268780153
tell,he,65,3,1451,0.044796691936595454
tell,she,49,4,1451,0.033769813921433495
tell,we,26,5,1451,0.01791867677463818
tell,who,25,6,1451,0.01722949689869056
tell,they,19,7,1451,0.013094417643004824
tell,mommy,13,8,1451,0.00895933838731909
tell,it,12,9,1451,0.008270158511371467
tell,mother,7,10,1451,0.004824259131633356
tell,that,5,11,1451,0.0034458993797381117
tell,daddy,5,12,1451,0.0034458993797381117
tell,chi,5,13,1451,0.0034458993797381117
tell,somebody,4,14,1451,0.0027567195037904893
tell,laura,3,15,1451,0.002067539627842867
tell,one,3,16,1451,0.002067539627842867
tell,adam,3,17,1451,0.002067539627842867
tell,teacher,3,18,1451,0.002067539627842867
tell,don,3,19,1451,0.002067539627842867
tell,someone,3,20,1451,0.002067539627842867
tell,steven,3,21,1451,0.002067539627842867
tell,mama,2,22,1451,0.0013783597518952446
tell,melissa,2,23,1451,0.0013783597518952446
tell,guy,2,24,1451,0.0013783597518952446
tell,alice,2,25,1451,0.0013783597518952446
tell,mom,2,26,1451,0.0013783597518952446
tell,nobody,2,27,1451,0.0013783597518952446
tell,papa,2,28,1451,0.0013783597518952446
tell,friend,2,29,1451,0.0013783597518952446
tell,cow,2,30,1451,0.0013783597518952446
tell,something,2,31,1451,0.0013783597518952446
tell,ernie,2,32,1451,0.0013783597518952446
tell,abe,2,33,1451,0.0013783597518952446
tell,matty,2,34,1451,0.0013783597518952446
tell,this,2,35,1451,0.0013783597518952446
tell,remi,2,36,1451,0.0013783597518952446
tell,carp,2,37,1451,0.0013783597518952446
tell,nana,1,38,1451,0.0006891798759476223
tell,robin,1,39,1451,0.0006891798759476223
tell,eye,1,40,1451,0.0006891798759476223
tell,gigi,1,41,1451,0.0006891798759476223
tell,cousin,1,42,1451,0.0006891798759476223
tell,annmarie,1,43,1451,0.0006891798759476223
tell,andy,1,44,1451,0.0006891798759476223
tell,abba,1,45,1451,0.0006891798759476223
tell,judy,1,46,1451,0.0006891798759476223
tell,oliver,1,47,1451,0.0006891798759476223
tell,godmother,1,48,1451,0.0006891798759476223
tell,wendy,1,49,1451,0.0006891798759476223
tell,claude,1,50,1451,0.0006891798759476223
tell,mouse,1,51,1451,0.0006891798759476223
tell,arlo,1,52,1451,0.0006891798759476223
tell,paula,1,53,1451,0.0006891798759476223
tell,grm,1,54,1451,0.0006891798759476223
tell,sabato,1,55,1451,0.0006891798759476223
tell,mot,1,56,1451,0.0006891798759476223
tell,raggedy,1,57,1451,0.0006891798759476223
tell,bunny,1,58,1451,0.0006891798759476223
tell,owl,1,59,1451,0.0006891798759476223
tell,pascal,1,60,1451,0.0006891798759476223
tell,betty,1,61,1451,0.0006891798759476223
tell,auntie,1,62,1451,0.0006891798759476223
tell,sis,1,63,1451,0.0006891798759476223
tell,peter,1,64,1451,0.0006891798759476223
tell,dog,1,65,1451,0.0006891798759476223
tell,commercial,1,66,1451,0.0006891798759476223
tell,barb,1,67,1451,0.0006891798759476223
tell,olsen,1,68,1451,0.0006891798759476223
tell,naomi,1,69,1451,0.0006891798759476223
tell,nomi,1,70,1451,0.0006891798759476223
tell,map,1,71,1451,0.0006891798759476223
tell,boo,1,72,1451,0.0006891798759476223
tell,work,1,73,1451,0.0006891798759476223
tell,roman,1,74,1451,0.0006891798759476223
tell,picture,1,75,1451,0.0006891798759476223
tell,book,1,76,1451,0.0006891798759476223
tell,fta,1,77,1451,0.0006891798759476223
tell,computer,1,78,1451,0.0006891798759476223
tell,what,1,79,1451,0.0006891798759476223
tell,jordan,1,80,1451,0.0006891798759476223
tell,child,1,81,1451,0.0006891798759476223
tell,inorderto,1,82,1451,0.0006891798759476223
tell,page,1,83,1451,0.0006891798759476223
tell,anyone,1,84,1451,0.0006891798759476223
tell,kip,1,85,1451,0.0006891798759476223
tell,jasper,1,86,1451,0.0006891798759476223
tell,mia,1,87,1451,0.0006891798759476223
tell,jack,1,88,1451,0.0006891798759476223
tell,watch,1,89,1451,0.0006891798759476223
tell,lashawn,1,90,1451,0.0006891798759476223
tell,kim,1,91,1451,0.0006891798759476223
tell,derwood,1,92,1451,0.0006891798759476223
tell,keisha,1,93,1451,0.0006891798759476223
tell,father,1,94,1451,0.0006891798759476223
tell,ronald,1,95,1451,0.0006891798759476223
tell,mister,1,96,1451,0.0006891798759476223
tell,coming,1,97,1451,0.0006891798759476223
tell,roland,1,98,1451,0.0006891798759476223
tell,let,1,99,1451,0.0006891798759476223
tell,getta,1,100,1451,0.0006891798759476223
tell,graeme,1,101,1451,0.0006891798759476223
tell,jason,1,102,1451,0.0006891798759476223
tell,mechanic,1,103,1451,0.0006891798759476223
tell,debbie,1,104,1451,0.0006891798759476223
tell,everybody,1,105,1451,0.0006891798759476223
tell,face,1,106,1451,0.0006891798759476223
tell,tony,1,107,1451,0.0006891798759476223
tell,professor,1,108,1451,0.0006891798759476223
tell,thirty,1,109,1451,0.0006891798759476223
tell,bobby,1,110,1451,0.0006891798759476223
tell,micdalia,1,111,1451,0.0006891798759476223
tell,karen,1,112,1451,0.0006891798759476223
tell,david,1,113,1451,0.0006891798759476223
tell,bapo,1,114,1451,0.0006891798759476223
tell,barbara,1,115,1451,0.0006891798759476223
hear,you,453,1,1102,0.411070780399274
hear,i,447,2,1102,0.4056261343012704
hear,he,61,3,1102,0.05535390199637023
hear,we,36,4,1102,0.032667876588021776
hear,they,23,5,1102,0.020871143375680582
hear,she,18,6,1102,0.016333938294010888
hear,it,12,7,1102,0.010889292196007259
hear,one,3,8,1102,0.0027223230490018148
hear,horton,3,9,1102,0.0027223230490018148
hear,piggie,2,10,1102,0.0018148820326678765
hear,all,2,11,1102,0.0018148820326678765
hear,few,2,12,1102,0.0018148820326678765
hear,who,2,13,1102,0.0018148820326678765
hear,neighbor,2,14,1102,0.0018148820326678765
hear,nobody,2,15,1102,0.0018148820326678765
hear,no–one,1,16,1102,0.0009074410163339383
hear,person,1,17,1102,0.0009074410163339383
hear,mrs,1,18,1102,0.0009074410163339383
hear,oliver,1,19,1102,0.0009074410163339383
hear,cinderella,1,20,1102,0.0009074410163339383
hear,rudolf,1,21,1102,0.0009074410163339383
hear,chi,1,22,1102,0.0009074410163339383
hear,hansel,1,23,1102,0.0009074410163339383
hear,cow,1,24,1102,0.0009074410163339383
hear,assoonas,1,25,1102,0.0009074410163339383
hear,god,1,26,1102,0.0009074410163339383
hear,daddy,1,27,1102,0.0009074410163339383
hear,brett,1,28,1102,0.0009074410163339383
hear,let,1,29,1102,0.0009074410163339383
hear,microphone,1,30,1102,0.0009074410163339383
hear,remi,1,31,1102,0.0009074410163339383
hear,her,1,32,1102,0.0009074410163339383
hear,tunde,1,33,1102,0.0009074410163339383
hear,whoever,1,34,1102,0.0009074410163339383
hear,man,1,35,1102,0.0009074410163339383
hear,cookie,1,36,1102,0.0009074410163339383
hear,everyone,1,37,1102,0.0009074410163339383
hear,philip,1,38,1102,0.0009074410163339383
hear,mom,1,39,1102,0.0009074410163339383
hear,lynette,1,40,1102,0.0009074410163339383
hear,that,1,41,1102,0.0009074410163339383
hear,child,1,42,1102,0.0009074410163339383
hear,gerbil,1,43,1102,0.0009074410163339383
hear,everybody,1,44,1102,0.0009074410163339383
hear,graeme,1,45,1102,0.0009074410163339383
hear,machine,1,46,1102,0.0009074410163339383
hear,donnel,1,47,1102,0.0009074410163339383
hear,missus,1,48,1102,0.0009074410163339383
hear,everything,1,49,1102,0.0009074410163339383
play,you,461,1,1005,0.45870646766169154
play,we,147,2,1005,0.14626865671641792
play,i,105,3,1005,0.1044776119402985
play,he,51,4,1005,0.050746268656716415
play,who,45,5,1005,0.04477611940298507
play,they,35,6,1005,0.03482587064676617
play,she,32,7,1005,0.031840796019900496
play,it,16,8,1005,0.015920398009950248
play,guy,8,9,1005,0.007960199004975124
play,person,5,10,1005,0.004975124378109453
play,that,5,11,1005,0.004975124378109453
play,girl,4,12,1005,0.003980099502487562
play,daddy,4,13,1005,0.003980099502487562
play,paul,3,14,1005,0.0029850746268656717
play,sophie,3,15,1005,0.0029850746268656717
play,adam,2,16,1005,0.001990049751243781
play,kid,2,17,1005,0.001990049751243781
play,boy,2,18,1005,0.001990049751243781
play,nobody,2,19,1005,0.001990049751243781
play,anybody,2,20,1005,0.001990049751243781
play,cat,2,21,1005,0.001990049751243781
play,chi,2,22,1005,0.001990049751243781
play,sister,2,23,1005,0.001990049751243781
play,michael,2,24,1005,0.001990049751243781
play,one,2,25,1005,0.001990049751243781
play,gabriel,2,26,1005,0.001990049751243781
play,david,2,27,1005,0.001990049751243781
play,samantha,2,28,1005,0.001990049751243781
play,no–one,1,29,1005,0.0009950248756218905
play,man,1,30,1005,0.0009950248756218905
play,tape,1,31,1005,0.0009950248756218905
play,diandra,1,32,1005,0.0009950248756218905
play,patty,1,33,1005,0.0009950248756218905
play,mark,1,34,1005,0.0009950248756218905
play,sarah,1,35,1005,0.0009950248756218905
play,adult,1,36,1005,0.0009950248756218905
play,firstname,1,37,1005,0.0009950248756218905
play,all,1,38,1005,0.0009950248756218905
play,everybody,1,39,1005,0.0009950248756218905
play,jenny,1,40,1005,0.0009950248756218905
play,jennifer,1,41,1005,0.0009950248756218905
play,janet,1,42,1005,0.0009950248756218905
play,grandson,1,43,1005,0.0009950248756218905
play,reindeer,1,44,1005,0.0009950248756218905
play,rudolf,1,45,1005,0.0009950248756218905
play,train,1,46,1005,0.0009950248756218905
play,another,1,47,1005,0.0009950248756218905
play,kim,1,48,1005,0.0009950248756218905
play,jasonhas,1,49,1005,0.0009950248756218905
play,mom,1,50,1005,0.0009950248756218905
play,larry,1,51,1005,0.0009950248756218905
play,sox,1,52,1005,0.0009950248756218905
play,cinderella,1,53,1005,0.0009950248756218905
play,doll,1,54,1005,0.0009950248756218905
play,soldier,1,55,1005,0.0009950248756218905
play,betty,1,56,1005,0.0009950248756218905
play,jason,1,57,1005,0.0009950248756218905
play,nicky,1,58,1005,0.0009950248756218905
play,baby,1,59,1005,0.0009950248756218905
play,monster,1,60,1005,0.0009950248756218905
play,tony,1,61,1005,0.0009950248756218905
play,chris,1,62,1005,0.0009950248756218905
play,band,1,63,1005,0.0009950248756218905
play,johnathan,1,64,1005,0.0009950248756218905
play,tunde,1,65,1005,0.0009950248756218905
play,which,1,66,1005,0.0009950248756218905
play,renida,1,67,1005,0.0009950248756218905
play,yall,1,68,1005,0.0009950248756218905
play,robert,1,69,1005,0.0009950248756218905
play,two,1,70,1005,0.0009950248756218905
play,patrick,1,71,1005,0.0009950248756218905
play,christmas,1,72,1005,0.0009950248756218905
play,useta,1,73,1005,0.0009950248756218905
play,everyone,1,74,1005,0.0009950248756218905
play,radio,1,75,1005,0.0009950248756218905
play,someone,1,76,1005,0.0009950248756218905
play,this,1,77,1005,0.0009950248756218905
play,jeff,1,78,1005,0.0009950248756218905
play,robbie,1,79,1005,0.0009950248756218905
play,brain,1,80,1005,0.0009950248756218905
play,joe,1,81,1005,0.0009950248756218905
play,hymie,1,82,1005,0.0009950248756218905
play,phillipe,1,83,1005,0.0009950248756218905
give,i,372,1,973,0.3823227132579651
give,you,246,2,973,0.2528263103802672
give,he,63,3,973,0.06474820143884892
give,we,45,4,973,0.046248715313463515
give,she,45,5,973,0.046248715313463515
give,they,26,6,973,0.02672147995889003
give,who,21,7,973,0.02158273381294964
give,that,13,8,973,0.013360739979445015
give,mommy,9,9,973,0.009249743062692703
give,it,8,10,973,0.008221993833504625
give,daddy,4,11,973,0.0041109969167523125
give,ronnie,4,12,973,0.0041109969167523125
give,carl,4,13,973,0.0041109969167523125
give,guy,3,14,973,0.003083247687564234
give,wife,3,15,973,0.003083247687564234
give,someone,3,16,973,0.003083247687564234
give,grandma,3,17,973,0.003083247687564234
give,laura,2,18,973,0.0020554984583761563
give,robin,2,19,973,0.0020554984583761563
give,grampy,2,20,973,0.0020554984583761563
give,person,2,21,973,0.0020554984583761563
give,doctor,2,22,973,0.0020554984583761563
give,nurse,2,23,973,0.0020554984583761563
give,mother,2,24,973,0.0020554984583761563
give,family,2,25,973,0.0020554984583761563
give,paddington,2,26,973,0.0020554984583761563
give,chi,2,27,973,0.0020554984583761563
give,roman,2,28,973,0.0020554984583761563
give,jenny,2,29,973,0.0020554984583761563
give,somebody,2,30,973,0.0020554984583761563
give,clare,2,31,973,0.0020554984583761563
give,margie,2,32,973,0.0020554984583761563
give,cecelia,1,33,973,0.0010277492291880781
give,diandra,1,34,973,0.0010277492291880781
give,adam,1,35,973,0.0010277492291880781
give,auntie,1,36,973,0.0010277492291880781
give,anyone,1,37,973,0.0010277492291880781
give,annmarie,1,38,973,0.0010277492291880781
give,sheryl,1,39,973,0.0010277492291880781
give,sarah,1,40,973,0.0010277492291880781
give,bunny,1,41,973,0.0010277492291880781
give,useta,1,42,973,0.0010277492291880781
give,my,1,43,973,0.0010277492291880781
give,daughter,1,44,973,0.0010277492291880781
give,tricia,1,45,973,0.0010277492291880781
give,cousin,1,46,973,0.0010277492291880781
give,king,1,47,973,0.0010277492291880781
give,cinderella,1,48,973,0.0010277492291880781
give,santa,1,49,973,0.0010277492291880781
give,god,1,50,973,0.0010277492291880781
give,spinach,1,51,973,0.0010277492291880781
give,food,1,52,973,0.0010277492291880781
give,sharon,1,53,973,0.0010277492291880781
give,minnie,1,54,973,0.0010277492291880781
give,ear,1,55,973,0.0010277492291880781
give,gretel,1,56,973,0.0010277492291880781
give,zzz,1,57,973,0.0010277492291880781
give,peter,1,58,973,0.0010277492291880781
give,uncle,1,59,973,0.0010277492291880781
give,makeup,1,60,973,0.0010277492291880781
give,barbara,1,61,973,0.0010277492291880781
give,chris,1,62,973,0.0010277492291880781
give,keith,1,63,973,0.0010277492291880781
give,mark,1,64,973,0.0010277492291880781
give,lettuce,1,65,973,0.0010277492291880781
give,kind,1,66,973,0.0010277492291880781
give,angela,1,67,973,0.0010277492291880781
give,tony,1,68,973,0.0010277492291880781
give,brett,1,69,973,0.0010277492291880781
give,aunty,1,70,973,0.0010277492291880781
give,husband,1,71,973,0.0010277492291880781
give,block,1,72,973,0.0010277492291880781
give,four,1,73,973,0.0010277492291880781
give,drink,1,74,973,0.0010277492291880781
give,wave,1,75,973,0.0010277492291880781
give,teacher,1,76,973,0.0010277492291880781
give,remi,1,77,973,0.0010277492291880781
give,tunde,1,78,973,0.0010277492291880781
give,this,1,79,973,0.0010277492291880781
give,von,1,80,973,0.0010277492291880781
give,missus,1,81,973,0.0010277492291880781
give,bernard,1,82,973,0.0010277492291880781
give,girl,1,83,973,0.0010277492291880781
give,thing,1,84,973,0.0010277492291880781
give,tisha,1,85,973,0.0010277492291880781
give,butcher,1,86,973,0.0010277492291880781
give,debbie,1,87,973,0.0010277492291880781
give,one,1,88,973,0.0010277492291880781
give,matthew,1,89,973,0.0010277492291880781
give,honey,1,90,973,0.0010277492291880781
give,cookie,1,91,973,0.0010277492291880781
give,exercise,1,92,973,0.0010277492291880781
give,morton,1,93,973,0.0010277492291880781
give,gregory,1,94,973,0.0010277492291880781
give,sherine,1,95,973,0.0010277492291880781
give,danny,1,96,973,0.0010277492291880781
give,everybody,1,97,973,0.0010277492291880781
give,gramma,1,98,973,0.0010277492291880781
give,karen,1,99,973,0.0010277492291880781
give,mike,1,100,973,0.0010277492291880781
give,junior,1,101,973,0.0010277492291880781
give,man,1,102,973,0.0010277492291880781
give,esther,1,103,973,0.0010277492291880781
mean,you,338,1,971,0.34809474768280124
mean,i,269,2,971,0.27703398558187436
mean,that,181,3,971,0.18640576725025745
mean,it,96,4,971,0.09886714727085479
mean,which,11,5,971,0.01132852729145211
mean,he,10,6,971,0.010298661174047374
mean,she,6,7,971,0.006179196704428424
mean,word,6,8,971,0.006179196704428424
mean,this,4,9,971,0.004119464469618949
mean,birthday,2,10,971,0.0020597322348094747
mean,silly,2,11,971,0.0020597322348094747
mean,fold,2,12,971,0.0020597322348094747
mean,sothat,2,13,971,0.0020597322348094747
mean,mommy,2,14,971,0.0020597322348094747
mean,kind,1,15,971,0.0010298661174047373
mean,they,1,16,971,0.0010298661174047373
mean,difficult,1,17,971,0.0010298661174047373
mean,thing,1,18,971,0.0010298661174047373
mean,grouch,1,19,971,0.0010298661174047373
mean,marvelous,1,20,971,0.0010298661174047373
mean,brain,1,21,971,0.0010298661174047373
mean,time,1,22,971,0.0010298661174047373
mean,pout,1,23,971,0.0010298661174047373
mean,three,1,24,971,0.0010298661174047373
mean,sposta,1,25,971,0.0010298661174047373
mean,kidnap,1,26,971,0.0010298661174047373
mean,fresh,1,27,971,0.0010298661174047373
mean,clobber,1,28,971,0.0010298661174047373
mean,homely,1,29,971,0.0010298661174047373
mean,seamstress,1,30,971,0.0010298661174047373
mean,name,1,31,971,0.0010298661174047373
mean,zzz,1,32,971,0.0010298661174047373
mean,message,1,33,971,0.0010298661174047373
mean,noise,1,34,971,0.0010298661174047373
mean,lady,1,35,971,0.0010298661174047373
mean,strain,1,36,971,0.0010298661174047373
mean,fishy,1,37,971,0.0010298661174047373
mean,hola,1,38,971,0.0010298661174047373
mean,smile,1,39,971,0.0010298661174047373
mean,worm,1,40,971,0.0010298661174047373
mean,scorpion,1,41,971,0.0010298661174047373
mean,shy,1,42,971,0.0010298661174047373
mean,check,1,43,971,0.0010298661174047373
mean,ingredient,1,44,971,0.0010298661174047373
mean,we,1,45,971,0.0010298661174047373
mean,love,1,46,971,0.0010298661174047373
mean,lack,1,47,971,0.0010298661174047373
mean,fruit,1,48,971,0.0010298661174047373
mean,laddie,1,49,971,0.0010298661174047373
mean,no,1,50,971,0.0010298661174047373
mean,clockwise,1,51,971,0.0010298661174047373
mean,orange,1,52,971,0.0010298661174047373
mean,promise,1,53,971,0.0010298661174047373
mean,boil,1,54,971,0.0010298661174047373
need,you,316,1,828,0.38164251207729466
need,i,209,2,828,0.2524154589371981
need,we,151,3,828,0.1823671497584541
need,he,43,4,828,0.051932367149758456
need,they,20,5,828,0.024154589371980676
need,it,19,6,828,0.022946859903381644
need,she,15,7,828,0.018115942028985508
need,that,6,8,828,0.007246376811594203
need,this,2,9,828,0.0024154589371980675
need,baby,2,10,828,0.0024154589371980675
need,anybody,2,11,828,0.0024154589371980675
need,mom,2,12,828,0.0024154589371980675
need,child,2,13,828,0.0024154589371980675
need,mommy,2,14,828,0.0024154589371980675
need,guy,2,15,828,0.0024154589371980675
need,paul,1,16,828,0.0012077294685990338
need,airplane,1,17,828,0.0012077294685990338
need,nurse,1,18,828,0.0012077294685990338
need,state,1,19,828,0.0012077294685990338
need,car,1,20,828,0.0012077294685990338
need,who,1,21,828,0.0012077294685990338
need,hair,1,22,828,0.0012077294685990338
need,kitten,1,23,828,0.0012077294685990338
need,chili,1,24,828,0.0012077294685990338
need,nose,1,25,828,0.0012077294685990338
need,all,1,26,828,0.0012077294685990338
need,anyone,1,27,828,0.0012077294685990338
need,sister,1,28,828,0.0012077294685990338
need,puppy,1,29,828,0.0012077294685990338
need,one,1,30,828,0.0012077294685990338
need,abraham,1,31,828,0.0012077294685990338
need,carl,1,32,828,0.0012077294685990338
need,two,1,33,828,0.0012077294685990338
need,cockroach,1,34,828,0.0012077294685990338
need,tape,1,35,828,0.0012077294685990338
need,donna,1,36,828,0.0012077294685990338
need,gabriel,1,37,828,0.0012077294685990338
need,fire,1,38,828,0.0012077294685990338
need,jason,1,39,828,0.0012077294685990338
need,hand,1,40,828,0.0012077294685990338
need,lucy,1,41,828,0.0012077294685990338
need,nobody,1,42,828,0.0012077294685990338
need,mother,1,43,828,0.0012077294685990338
need,graeme,1,44,828,0.0012077294685990338
need,zoe,1,45,828,0.0012077294685990338
need,everyone,1,46,828,0.0012077294685990338
need,karen,1,47,828,0.0012077294685990338
need,kayode,1,48,828,0.0012077294685990338
need,cup,1,49,828,0.0012077294685990338
need,steven,1,50,828,0.0012077294685990338
happen,what,654,1,824,0.7936893203883495
happen,that,69,2,824,0.08373786407766991
happen,it,37,3,824,0.044902912621359224
happen,something,18,4,824,0.021844660194174758
happen,thing,7,5,824,0.00849514563106796
happen,nothing,6,6,824,0.007281553398058253
happen,this,5,7,824,0.006067961165048544
happen,you,5,8,824,0.006067961165048544
happen,i,3,9,824,0.0036407766990291263
happen,we,2,10,824,0.0024271844660194173
happen,anything,2,11,824,0.0024271844660194173
happen,whatever,2,12,824,0.0024271844660194173
happen,sposta,1,13,824,0.0012135922330097086
happen,everything,1,14,824,0.0012135922330097086
happen,rebel,1,15,824,0.0012135922330097086
happen,eve,1,16,824,0.0012135922330097086
happen,who,1,17,824,0.0012135922330097086
happen,friend,1,18,824,0.0012135922330097086
happen,one,1,19,824,0.0012135922330097086
happen,her,1,20,824,0.0012135922330097086
happen,sothat,1,21,824,0.0012135922330097086
happen,some,1,22,824,0.0012135922330097086
happen,desie,1,23,824,0.0012135922330097086
happen,joey,1,24,824,0.0012135922330097086
happen,they,1,25,824,0.0012135922330097086
happen,fuck,1,26,824,0.0012135922330097086
talk,you,338,1,789,0.42839036755386567
talk,i,159,2,789,0.20152091254752852
talk,we,85,3,789,0.10773130544993663
talk,he,66,4,789,0.08365019011406843
talk,she,46,5,789,0.058301647655259824
talk,they,24,6,789,0.030418250950570342
talk,who,9,7,789,0.011406844106463879
talk,that,6,8,789,0.0076045627376425855
talk,chi,5,9,789,0.0063371356147021544
talk,sarah,3,10,789,0.0038022813688212928
talk,brother,3,11,789,0.0038022813688212928
talk,it,3,12,789,0.0038022813688212928
talk,baby,2,13,789,0.0025348542458808617
talk,one,2,14,789,0.0025348542458808617
talk,this,2,15,789,0.0025348542458808617
talk,boy,2,16,789,0.0025348542458808617
talk,brett,2,17,789,0.0025348542458808617
talk,child,1,18,789,0.0012674271229404308
talk,adam,1,19,789,0.0012674271229404308
talk,chantilly,1,20,789,0.0012674271229404308
talk,melissa,1,21,789,0.0012674271229404308
talk,patty,1,22,789,0.0012674271229404308
talk,ssh,1,23,789,0.0012674271229404308
talk,car,1,24,789,0.0012674271229404308
talk,debbie,1,25,789,0.0012674271229404308
talk,person,1,26,789,0.0012674271229404308
talk,bro,1,27,789,0.0012674271229404308
talk,worm,1,28,789,0.0012674271229404308
talk,tony,1,29,789,0.0012674271229404308
talk,bobby,1,30,789,0.0012674271229404308
talk,sister,1,31,789,0.0012674271229404308
talk,horn,1,32,789,0.0012674271229404308
talk,sharon,1,33,789,0.0012674271229404308
talk,mia,1,34,789,0.0012674271229404308
talk,driver,1,35,789,0.0012674271229404308
talk,carl,1,36,789,0.0012674271229404308
talk,derek,1,37,789,0.0012674271229404308
talk,jerry,1,38,789,0.0012674271229404308
talk,lynette,1,39,789,0.0012674271229404308
talk,useta,1,40,789,0.0012674271229404308
talk,michael,1,41,789,0.0012674271229404308
talk,man,1,42,789,0.0012674271229404308
talk,momma,1,43,789,0.0012674271229404308
talk,kid,1,44,789,0.0012674271229404308
talk,gabriella,1,45,789,0.0012674271229404308
talk,guy,1,46,789,0.0012674271229404308
talk,robbie,1,47,789,0.0012674271229404308
talk,lance,1,48,789,0.0012674271229404308
talk,mother,1,49,789,0.0012674271229404308
find,you,244,1,693,0.35209235209235207
find,i,184,2,693,0.26551226551226553
find,we,70,3,693,0.10101010101010101
find,bear,50,4,693,0.07215007215007214
find,he,48,5,693,0.06926406926406926
find,they,23,6,693,0.03318903318903319
find,she,19,7,693,0.027417027417027416
find,baby,11,8,693,0.015873015873015872
find,youngster,3,9,693,0.004329004329004329
find,who,3,10,693,0.004329004329004329
find,somebody,2,11,693,0.002886002886002886
find,mickey,2,12,693,0.002886002886002886
find,moon,2,13,693,0.002886002886002886
find,boy,2,14,693,0.002886002886002886
find,freddy,2,15,693,0.002886002886002886
find,laura,1,16,693,0.001443001443001443
find,daddy,1,17,693,0.001443001443001443
find,anybody,1,18,693,0.001443001443001443
find,sarah,1,19,693,0.001443001443001443
find,elana,1,20,693,0.001443001443001443
find,husband,1,21,693,0.001443001443001443
find,lizard,1,22,693,0.001443001443001443
find,jack,1,23,693,0.001443001443001443
find,monster,1,24,693,0.001443001443001443
find,fang,1,25,693,0.001443001443001443
find,sally,1,26,693,0.001443001443001443
find,billy,1,27,693,0.001443001443001443
find,alice,1,28,693,0.001443001443001443
find,raggedy,1,29,693,0.001443001443001443
find,explorer,1,30,693,0.001443001443001443
find,kitty,1,31,693,0.001443001443001443
find,chi,1,32,693,0.001443001443001443
find,carol,1,33,693,0.001443001443001443
find,it,1,34,693,0.001443001443001443
find,nobody,1,35,693,0.001443001443001443
find,sophie,1,36,693,0.001443001443001443
find,doctor,1,37,693,0.001443001443001443
find,carl,1,38,693,0.001443001443001443
find,some,1,39,693,0.001443001443001443
find,sherine,1,40,693,0.001443001443001443
find,lisa,1,41,693,0.001443001443001443
find,danny,1,42,693,0.001443001443001443
find,graeme,1,43,693,0.001443001443001443
remember,you,433,1,654,0.6620795107033639
remember,i,161,2,654,0.24617737003058104
remember,she,12,3,654,0.01834862385321101
remember,we,10,4,654,0.01529051987767584
remember,he,7,5,654,0.010703363914373088
remember,bobby,4,6,654,0.0061162079510703364
remember,that,2,7,654,0.0030581039755351682
remember,matty,2,8,654,0.0030581039755351682
remember,saturday,2,9,654,0.0030581039755351682
remember,anybody,2,10,654,0.0030581039755351682
remember,arlo,1,11,654,0.0015290519877675841
remember,daddy,1,12,654,0.0015290519877675841
remember,tanya,1,13,654,0.0015290519877675841
remember,chi,1,14,654,0.0015290519877675841
remember,dana,1,15,654,0.0015290519877675841
remember,fat,1,16,654,0.0015290519877675841
remember,sis,1,17,654,0.0015290519877675841
remember,man,1,18,654,0.0015290519877675841
remember,one,1,19,654,0.0015290519877675841
remember,albert,1,20,654,0.0015290519877675841
remember,mommy,1,21,654,0.0015290519877675841
remember,monique,1,22,654,0.0015290519877675841
remember,nobody,1,23,654,0.0015290519877675841
remember,guy,1,24,654,0.0015290519877675841
remember,lisa,1,25,654,0.0015290519877675841
remember,name,1,26,654,0.0015290519877675841
remember,dad,1,27,654,0.0015290519877675841
remember,danny,1,28,654,0.0015290519877675841
remember,river,1,29,654,0.0015290519877675841
sit,you,258,1,603,0.42786069651741293
sit,i,105,2,603,0.17412935323383086
sit,he,29,3,603,0.04809286898839138
sit,she,29,4,603,0.04809286898839138
sit,we,21,5,603,0.03482587064676617
sit,they,13,6,603,0.02155887230514096
sit,who,12,7,603,0.01990049751243781
sit,chi,7,8,603,0.011608623548922056
sit,it,6,9,603,0.009950248756218905
sit,that,6,10,603,0.009950248756218905
sit,everybody,5,11,603,0.008291873963515755
sit,remi,4,12,603,0.006633499170812604
sit,samantha,4,13,603,0.006633499170812604
sit,bird,3,14,603,0.004975124378109453
sit,person,3,15,603,0.004975124378109453
sit,matthew,3,16,603,0.004975124378109453
sit,bobby,3,17,603,0.004975124378109453
sit,steven,3,18,603,0.004975124378109453
sit,roland,3,19,603,0.004975124378109453
sit,mommy,2,20,603,0.003316749585406302
sit,carl,2,21,603,0.003316749585406302
sit,brett,2,22,603,0.003316749585406302
sit,tunde,2,23,603,0.003316749585406302
sit,baby,2,24,603,0.003316749585406302
sit,jason,2,25,603,0.003316749585406302
sit,man,2,26,603,0.003316749585406302
sit,asher,2,27,603,0.003316749585406302
sit,cheeky,1,28,603,0.001658374792703151
sit,adam,1,29,603,0.001658374792703151
sit,melissa,1,30,603,0.001658374792703151
sit,mother,1,31,603,0.001658374792703151
sit,ann,1,32,603,0.001658374792703151
sit,theresa,1,33,603,0.001658374792703151
sit,sissy,1,34,603,0.001658374792703151
sit,wendy,1,35,603,0.001658374792703151
sit,mr,1,36,603,0.001658374792703151
sit,pilot,1,37,603,0.001658374792703151
sit,rosamund,1,38,603,0.001658374792703151
sit,humpty,1,39,603,0.001658374792703151
sit,jenny,1,40,603,0.001658374792703151
sit,clown,1,41,603,0.001658374792703151
sit,sweetheart,1,42,603,0.001658374792703151
sit,honey,1,43,603,0.001658374792703151
sit,johnny,1,44,603,0.001658374792703151
sit,nicky,1,45,603,0.001658374792703151
sit,crow,1,46,603,0.001658374792703151
sit,sister,1,47,603,0.001658374792703151
sit,niece,1,48,603,0.001658374792703151
sit,bubble,1,49,603,0.001658374792703151
sit,doll,1,50,603,0.001658374792703151
sit,rabbit,1,51,603,0.001658374792703151
sit,peter,1,52,603,0.001658374792703151
sit,marcella,1,53,603,0.001658374792703151
sit,cal,1,54,603,0.001658374792703151
sit,winnie,1,55,603,0.001658374792703151
sit,bee,1,56,603,0.001658374792703151
sit,hunter,1,57,603,0.001658374792703151
sit,useta,1,58,603,0.001658374792703151
sit,kid,1,59,603,0.001658374792703151
sit,buddy,1,60,603,0.001658374792703151
sit,sandy,1,61,603,0.001658374792703151
sit,matty,1,62,603,0.001658374792703151
sit,uncle,1,63,603,0.001658374792703151
sit,randy,1,64,603,0.001658374792703151
sit,dexter,1,65,603,0.001658374792703151
sit,jeffery,1,66,603,0.001658374792703151
sit,mia,1,67,603,0.001658374792703151
sit,robbin,1,68,603,0.001658374792703151
sit,jonathan,1,69,603,0.001658374792703151
sit,your,1,70,603,0.001658374792703151
sit,dia,1,71,603,0.001658374792703151
sit,wanna,1,72,603,0.001658374792703151
sit,leshawn,1,73,603,0.001658374792703151
sit,tisha,1,74,603,0.001658374792703151
sit,everyone,1,75,603,0.001658374792703151
sit,boy,1,76,603,0.001658374792703151
sit,monique,1,77,603,0.001658374792703151
sit,one,1,78,603,0.001658374792703151
sit,missus,1,79,603,0.001658374792703151
sit,nobody,1,80,603,0.001658374792703151
sit,tony,1,81,603,0.001658374792703151
sit,emmitt,1,82,603,0.001658374792703151
sit,lance,1,83,603,0.001658374792703151
sit,perri,1,84,603,0.001658374792703151
sit,assoonas,1,85,603,0.001658374792703151
sit,uhhuh,1,86,603,0.001658374792703151
sit,glasses,1,87,603,0.001658374792703151
sit,karming,1,88,603,0.001658374792703151
sit,david,1,89,603,0.001658374792703151
sit,nora,1,90,603,0.001658374792703151
sit,this,1,91,603,0.001658374792703151
sit,girl,1,92,603,0.001658374792703151
sit,brian,1,93,603,0.001658374792703151
sit,anybody,1,94,603,0.001658374792703151
sit,lisa,1,95,603,0.001658374792703151
sit,chicken,1,96,603,0.001658374792703151
sit,woman,1,97,603,0.001658374792703151
try,i,188,1,588,0.3197278911564626
try,you,173,2,588,0.2942176870748299
try,we,59,3,588,0.10034013605442177
try,he,52,4,588,0.08843537414965986
try,they,35,5,588,0.05952380952380952
try,she,25,6,588,0.04251700680272109
try,someone,3,7,588,0.00510204081632653
try,who,2,8,588,0.003401360544217687
try,policeman,2,9,588,0.003401360544217687
try,one,2,10,588,0.003401360544217687
try,bunny,2,11,588,0.003401360544217687
try,mommy,2,12,588,0.003401360544217687
try,person,2,13,588,0.003401360544217687
try,tony,2,14,588,0.003401360544217687
try,daddy,1,15,588,0.0017006802721088435
try,girl,1,16,588,0.0017006802721088435
try,kiki,1,17,588,0.0017006802721088435
try,paul,1,18,588,0.0017006802721088435
try,sarah,1,19,588,0.0017006802721088435
try,somebody,1,20,588,0.0017006802721088435
try,anybody,1,21,588,0.0017006802721088435
try,chucky,1,22,588,0.0017006802721088435
try,mary,1,23,588,0.0017006802721088435
try,prince,1,24,588,0.0017006802721088435
try,cinderella,1,25,588,0.0017006802721088435
try,dog,1,26,588,0.0017006802721088435
try,some,1,27,588,0.0017006802721088435
try,balloon,1,28,588,0.0017006802721088435
try,tim,1,29,588,0.0017006802721088435
try,soldier,1,30,588,0.0017006802721088435
try,bambi,1,31,588,0.0017006802721088435
try,gonzo,1,32,588,0.0017006802721088435
try,lady,1,33,588,0.0017006802721088435
try,uncle,1,34,588,0.0017006802721088435
try,bat,1,35,588,0.0017006802721088435
try,guy,1,36,588,0.0017006802721088435
try,james,1,37,588,0.0017006802721088435
try,kid,1,38,588,0.0017006802721088435
try,baby,1,39,588,0.0017006802721088435
try,lincoln,1,40,588,0.0017006802721088435
try,honey,1,41,588,0.0017006802721088435
try,brett,1,42,588,0.0017006802721088435
try,gregory,1,43,588,0.0017006802721088435
try,harry,1,44,588,0.0017006802721088435
try,everyone,1,45,588,0.0017006802721088435
try,remi,1,46,588,0.0017006802721088435
try,hungry,1,47,588,0.0017006802721088435
try,boy,1,48,588,0.0017006802721088435
try,that,1,49,588,0.0017006802721088435
try,michael,1,50,588,0.0017006802721088435
try,emmitt,1,51,588,0.0017006802721088435
try,anyone,1,52,588,0.0017006802721088435
try,whe,1,53,588,0.0017006802721088435
can,you,223,1,536,0.416044776119403
can,i,166,2,536,0.30970149253731344
can,he,33,3,536,0.061567164179104475
can,we,30,4,536,0.055970149253731345
can,she,14,5,536,0.026119402985074626
can,they,12,6,536,0.022388059701492536
can,it,11,7,536,0.020522388059701493
can,who,10,8,536,0.018656716417910446
can,that,5,9,536,0.009328358208955223
can,mommy,4,10,536,0.007462686567164179
can,boy,4,11,536,0.007462686567164179
can,girl,3,12,536,0.005597014925373134
can,what,2,13,536,0.0037313432835820895
can,mr,2,14,536,0.0037313432835820895
can,daddy,1,15,536,0.0018656716417910447
can,child,1,16,536,0.0018656716417910447
can,gramma,1,17,536,0.0018656716417910447
can,grownup,1,18,536,0.0018656716417910447
can,dog,1,19,536,0.0018656716417910447
can,cat,1,20,536,0.0018656716417910447
can,chi,1,21,536,0.0018656716417910447
can,ride,1,22,536,0.0018656716417910447
can,room,1,23,536,0.0018656716417910447
can,neither,1,24,536,0.0018656716417910447
can,carl,1,25,536,0.0018656716417910447
can,mia,1,26,536,0.0018656716417910447
can,someone,1,27,536,0.0018656716417910447
can,everybody,1,28,536,0.0018656716417910447
can,garbage,1,29,536,0.0018656716417910447
can,frog,1,30,536,0.0018656716417910447
can,robert,1,31,536,0.0018656716417910447
ask,i,179,1,485,0.36907216494845363
ask,you,138,2,485,0.2845360824742268
ask,he,33,3,485,0.06804123711340206
ask,she,30,4,485,0.061855670103092786
ask,we,18,5,485,0.03711340206185567
ask,they,11,6,485,0.02268041237113402
ask,mother,6,7,485,0.012371134020618556
ask,claude,3,8,485,0.006185567010309278
ask,one,3,9,485,0.006185567010309278
ask,tam,3,10,485,0.006185567010309278
ask,roman,3,11,485,0.006185567010309278
ask,freddy,3,12,485,0.006185567010309278
ask,who,2,13,485,0.004123711340206186
ask,somebody,2,14,485,0.004123711340206186
ask,it,2,15,485,0.004123711340206186
ask,someone,2,16,485,0.004123711340206186
ask,guy,2,17,485,0.004123711340206186
ask,that,2,18,485,0.004123711340206186
ask,karen,2,19,485,0.004123711340206186
ask,your,2,20,485,0.004123711340206186
ask,melissa,1,21,485,0.002061855670103093
ask,owl,1,22,485,0.002061855670103093
ask,teacher,1,23,485,0.002061855670103093
ask,miss,1,24,485,0.002061855670103093
ask,charles,1,25,485,0.002061855670103093
ask,official,1,26,485,0.002061855670103093
ask,lunch,1,27,485,0.002061855670103093
ask,rosamund,1,28,485,0.002061855670103093
ask,alice,1,29,485,0.002061855670103093
ask,hasta,1,30,485,0.002061855670103093
ask,sister,1,31,485,0.002061855670103093
ask,whisper,1,32,485,0.002061855670103093
ask,pascal,1,33,485,0.002061855670103093
ask,mommy,1,34,485,0.002061855670103093
ask,what,1,35,485,0.002061855670103093
ask,wolf,1,36,485,0.002061855670103093
ask,baby,1,37,485,0.002061855670103093
ask,two,1,38,485,0.002061855670103093
ask,brohas,1,39,485,0.002061855670103093
ask,ross,1,40,485,0.002061855670103093
ask,james,1,41,485,0.002061855670103093
ask,sophie,1,42,485,0.002061855670103093
ask,heidi,1,43,485,0.002061855670103093
ask,jonathan,1,44,485,0.002061855670103093
ask,person,1,45,485,0.002061855670103093
ask,remi,1,46,485,0.002061855670103093
ask,joyce,1,47,485,0.002061855670103093
ask,kerry,1,48,485,0.002061855670103093
ask,derwood,1,49,485,0.002061855670103093
ask,michael,1,50,485,0.002061855670103093
ask,nobody,1,51,485,0.002061855670103093
ask,gabriella,1,52,485,0.002061855670103093
ask,helene,1,53,485,0.002061855670103093
ask,everybody,1,54,485,0.002061855670103093
ask,daniel,1,55,485,0.002061855670103093
ask,matthew,1,56,485,0.002061855670103093
ask,graeme,1,57,485,0.002061855670103093
ask,steven,1,58,485,0.002061855670103093
ask,summer,1,59,485,0.002061855670103093
start,you,105,1,480,0.21875
start,he,87,2,480,0.18125
start,i,54,3,480,0.1125
start,it,49,4,480,0.10208333333333333
start,we,47,5,480,0.09791666666666667
start,she,24,6,480,0.05
start,they,19,7,480,0.03958333333333333
start,that,10,8,480,0.020833333333333332
start,who,7,9,480,0.014583333333333334
start,what,5,10,480,0.010416666666666666
start,somebody,3,11,480,0.00625
start,person,3,12,480,0.00625
start,school,3,13,480,0.00625
start,name,2,14,480,0.004166666666666667
start,rush,2,15,480,0.004166666666666667
start,cat,2,16,480,0.004166666666666667
start,one,2,17,480,0.004166666666666667
start,everybody,2,18,480,0.004166666666666667
start,leaf,2,19,480,0.004166666666666667
start,month,2,20,480,0.004166666666666667
start,this,2,21,480,0.004166666666666667
start,thing,2,22,480,0.004166666666666667
start,mommy,2,23,480,0.004166666666666667
start,child,2,24,480,0.004166666666666667
start,danny,1,25,480,0.0020833333333333333
start,robin,1,26,480,0.0020833333333333333
start,book,1,27,480,0.0020833333333333333
start,kent,1,28,480,0.0020833333333333333
start,sarah,1,29,480,0.0020833333333333333
start,everything,1,30,480,0.0020833333333333333
start,show,1,31,480,0.0020833333333333333
start,peter,1,32,480,0.0020833333333333333
start,sun,1,33,480,0.0020833333333333333
start,rain,1,34,480,0.0020833333333333333
start,gus,1,35,480,0.0020833333333333333
start,prince,1,36,480,0.0020833333333333333
start,adventure,1,37,480,0.0020833333333333333
start,jamie,1,38,480,0.0020833333333333333
start,honey,1,39,480,0.0020833333333333333
start,butterfly,1,40,480,0.0020833333333333333
start,raggedy,1,41,480,0.0020833333333333333
start,brother,1,42,480,0.0020833333333333333
start,papa,1,43,480,0.0020833333333333333
start,chi,1,44,480,0.0020833333333333333
start,oven,1,45,480,0.0020833333333333333
start,freddy,1,46,480,0.0020833333333333333
start,hasta,1,47,480,0.0020833333333333333
start,baby,1,48,480,0.0020833333333333333
start,card,1,49,480,0.0020833333333333333
start,stepfather,1,50,480,0.0020833333333333333
start,march,1,51,480,0.0020833333333333333
start,water,1,52,480,0.0020833333333333333
start,gum,1,53,480,0.0020833333333333333
start,day,1,54,480,0.0020833333333333333
start,roland,1,55,480,0.0020833333333333333
start,girl,1,56,480,0.0020833333333333333
start,thirty,1,57,480,0.0020833333333333333
start,useta,1,58,480,0.0020833333333333333
start,bambi,1,59,480,0.0020833333333333333
start,car,1,60,480,0.0020833333333333333
start,time,1,61,480,0.0020833333333333333
start,seven,1,62,480,0.0020833333333333333
start,man,1,63,480,0.0020833333333333333
start,julia,1,64,480,0.0020833333333333333
start,feather,1,65,480,0.0020833333333333333
start,michael,1,66,480,0.0020833333333333333
use,you,225,1,479,0.4697286012526096
use,i,83,2,479,0.1732776617954071
use,we,71,3,479,0.14822546972860126
use,he,22,4,479,0.04592901878914405
use,they,20,5,479,0.04175365344467641
use,she,9,6,479,0.018789144050104383
use,everyone,5,7,479,0.010438413361169102
use,person,5,8,479,0.010438413361169102
use,who,3,9,479,0.006263048016701462
use,it,3,10,479,0.006263048016701462
use,that,2,11,479,0.0041753653444676405
use,kid,2,12,479,0.0041753653444676405
use,debbie,2,13,479,0.0041753653444676405
use,guy,2,14,479,0.0041753653444676405
use,cheeky,1,15,479,0.0020876826722338203
use,robin,1,16,479,0.0020876826722338203
use,doctor,1,17,479,0.0020876826722338203
use,nobody,1,18,479,0.0020876826722338203
use,someone,1,19,479,0.0020876826722338203
use,house,1,20,479,0.0020876826722338203
use,hair,1,21,479,0.0020876826722338203
use,theresa,1,22,479,0.0020876826722338203
use,auntie,1,23,479,0.0020876826722338203
use,store,1,24,479,0.0020876826722338203
use,uncle,1,25,479,0.0020876826722338203
use,honey,1,26,479,0.0020876826722338203
use,many,1,27,479,0.0020876826722338203
use,elephant,1,28,479,0.0020876826722338203
use,howabout,1,29,479,0.0020876826722338203
use,mommy,1,30,479,0.0020876826722338203
use,father,1,31,479,0.0020876826722338203
use,grandma,1,32,479,0.0020876826722338203
use,carl,1,33,479,0.0020876826722338203
use,child,1,34,479,0.0020876826722338203
use,matt,1,35,479,0.0020876826722338203
use,man,1,36,479,0.0020876826722338203
use,one,1,37,479,0.0020876826722338203
use,albert,1,38,479,0.0020876826722338203
use,everybody,1,39,479,0.0020876826722338203
call,you,170,1,477,0.35639412997903563
call,i,97,2,477,0.20335429769392033
call,they,44,3,477,0.09224318658280922
call,she,37,4,477,0.07756813417190776
call,we,31,5,477,0.0649895178197065
call,he,30,6,477,0.06289308176100629
call,who,8,7,477,0.016771488469601678
call,boy,3,8,477,0.006289308176100629
call,useta,3,9,477,0.006289308176100629
call,person,3,10,477,0.006289308176100629
call,uncle,2,11,477,0.0041928721174004195
call,mother,2,12,477,0.0041928721174004195
call,anybody,2,13,477,0.0041928721174004195
call,nobody,2,14,477,0.0041928721174004195
call,carol,2,15,477,0.0041928721174004195
call,mom,2,16,477,0.0041928721174004195
call,girl,1,17,477,0.0020964360587002098
call,anyone,1,18,477,0.0020964360587002098
call,bunzybee,1,19,477,0.0020964360587002098
call,nana,1,20,477,0.0020964360587002098
call,sarah,1,21,477,0.0020964360587002098
call,mommy,1,22,477,0.0020964360587002098
call,lennie,1,23,477,0.0020964360587002098
call,cinderella,1,24,477,0.0020964360587002098
call,leon,1,25,477,0.0020964360587002098
call,lady,1,26,477,0.0020964360587002098
call,sir,1,27,477,0.0020964360587002098
call,giant,1,28,477,0.0020964360587002098
call,harp,1,29,477,0.0020964360587002098
call,bubble,1,30,477,0.0020964360587002098
call,rabbit,1,31,477,0.0020964360587002098
call,bambi,1,32,477,0.0020964360587002098
call,madame,1,33,477,0.0020964360587002098
call,one,1,34,477,0.0020964360587002098
call,dad,1,35,477,0.0020964360587002098
call,judy,1,36,477,0.0020964360587002098
call,body,1,37,477,0.0020964360587002098
call,jimmy,1,38,477,0.0020964360587002098
call,jenny,1,39,477,0.0020964360587002098
call,julia,1,40,477,0.0020964360587002098
call,family,1,41,477,0.0020964360587002098
call,dexter,1,42,477,0.0020964360587002098
call,kid,1,43,477,0.0020964360587002098
call,gwen,1,44,477,0.0020964360587002098
call,loraine,1,45,477,0.0020964360587002098
call,environment,1,46,477,0.0020964360587002098
call,keisha,1,47,477,0.0020964360587002098
call,carl,1,48,477,0.0020964360587002098
call,gramma,1,49,477,0.0020964360587002098
call,tisha,1,50,477,0.0020964360587002098
call,sposta,1,51,477,0.0020964360587002098
call,woman,1,52,477,0.0020964360587002098
call,daughter,1,53,477,0.0020964360587002098
call,dog,1,54,477,0.0020964360587002098
call,cat,1,55,477,0.0020964360587002098
leave,you,158,1,449,0.3518930957683742
leave,i,102,2,449,0.22717149220489977
leave,we,55,3,449,0.12249443207126949
leave,he,37,4,449,0.08240534521158129
leave,she,16,5,449,0.035634743875278395
leave,they,10,6,449,0.022271714922048998
leave,roland,3,7,449,0.0066815144766146995
leave,graeme,3,8,449,0.0066815144766146995
leave,man,3,9,449,0.0066815144766146995
leave,fairy,2,10,449,0.004454342984409799
leave,who,2,11,449,0.004454342984409799
leave,teacher,2,12,449,0.004454342984409799
leave,everybody,2,13,449,0.004454342984409799
leave,somebody,2,14,449,0.004454342984409799
leave,mother,2,15,449,0.004454342984409799
leave,that,2,16,449,0.004454342984409799
leave,nanny,1,17,449,0.0022271714922048997
leave,nobody,1,18,449,0.0022271714922048997
leave,melissa,1,19,449,0.0022271714922048997
leave,carol,1,20,449,0.0022271714922048997
leave,george,1,21,449,0.0022271714922048997
leave,junior,1,22,449,0.0022271714922048997
leave,cinderella,1,23,449,0.0022271714922048997
leave,daddy,1,24,449,0.0022271714922048997
leave,debra,1,25,449,0.0022271714922048997
leave,farmer,1,26,449,0.0022271714922048997
leave,stepmother,1,27,449,0.0022271714922048997
leave,cutter,1,28,449,0.0022271714922048997
leave,hansel,1,29,449,0.0022271714922048997
leave,child,1,30,449,0.0022271714922048997
leave,person,1,31,449,0.0022271714922048997
leave,pascal,1,32,449,0.0022271714922048997
leave,some,1,33,449,0.0022271714922048997
leave,hood,1,34,449,0.0022271714922048997
leave,this,1,35,449,0.0022271714922048997
leave,carnival,1,36,449,0.0022271714922048997
leave,it,1,37,449,0.0022271714922048997
leave,shannon,1,38,449,0.0022271714922048997
leave,parent,1,39,449,0.0022271714922048997
leave,tony,1,40,449,0.0022271714922048997
leave,jason,1,41,449,0.0022271714922048997
leave,mia,1,42,449,0.0022271714922048997
leave,voice,1,43,449,0.0022271714922048997
leave,jessica,1,44,449,0.0022271714922048997
leave,hal,1,45,449,0.0022271714922048997
leave,most,1,46,449,0.0022271714922048997
leave,karen,1,47,449,0.0022271714922048997
leave,philip,1,48,449,0.0022271714922048997
leave,torrence,1,49,449,0.0022271714922048997
leave,hunm,1,50,449,0.0022271714922048997
leave,cindy,1,51,449,0.0022271714922048997
leave,barry,1,52,449,0.0022271714922048997
leave,my,1,53,449,0.0022271714922048997
leave,eleven,1,54,449,0.0022271714922048997
leave,gabriella,1,55,449,0.0022271714922048997
leave,crate,1,56,449,0.0022271714922048997
leave,bus,1,57,449,0.0022271714922048997
leave,matthew,1,58,449,0.0022271714922048997
leave,the,1,59,449,0.0022271714922048997
leave,turtle,1,60,449,0.0022271714922048997
leave,king,1,61,449,0.0022271714922048997
leave,kayode,1,62,449,0.0022271714922048997
leave,deedee,1,63,449,0.0022271714922048997
leave,guy,1,64,449,0.0022271714922048997
run,who,68,1,419,0.162291169451074
run,i,58,2,419,0.13842482100238662
run,he,55,3,419,0.13126491646778043
run,you,48,4,419,0.11455847255369929
run,they,31,5,419,0.07398568019093078
run,it,25,6,419,0.059665871121718374
run,we,20,7,419,0.0477326968973747
run,she,16,8,419,0.03818615751789976
run,cat,11,9,419,0.026252983293556086
run,tape,6,10,419,0.014319809069212411
run,man,5,11,419,0.011933174224343675
run,thing,4,12,419,0.00954653937947494
run,train,4,13,419,0.00954653937947494
run,fly,4,14,419,0.00954653937947494
run,cow,4,15,419,0.00954653937947494
run,car,3,16,419,0.007159904534606206
run,nose,3,17,419,0.007159904534606206
run,kitty,3,18,419,0.007159904534606206
run,one,3,19,419,0.007159904534606206
run,color,3,20,419,0.007159904534606206
run,dish,2,21,419,0.00477326968973747
run,pascal,2,22,419,0.00477326968973747
run,band,2,23,419,0.00477326968973747
run,other,2,24,419,0.00477326968973747
run,farmer,2,25,419,0.00477326968973747
run,rabbit,1,26,419,0.002386634844868735
run,elana,1,27,419,0.002386634844868735
run,battery,1,28,419,0.002386634844868735
run,oliver,1,29,419,0.002386634844868735
run,dog,1,30,419,0.002386634844868735
run,wee,1,31,419,0.002386634844868735
run,willy,1,32,419,0.002386634844868735
run,mouse,1,33,419,0.002386634844868735
run,that,1,34,419,0.002386634844868735
run,chipmunk,1,35,419,0.002386634844868735
run,four,1,36,419,0.002386634844868735
run,sister,1,37,419,0.002386634844868735
run,foal,1,38,419,0.002386634844868735
run,rover,1,39,419,0.002386634844868735
run,guy,1,40,419,0.002386634844868735
run,water,1,41,419,0.002386634844868735
run,tony,1,42,419,0.002386634844868735
run,brett,1,43,419,0.002386634844868735
run,harry,1,44,419,0.002386634844868735
run,child,1,45,419,0.002386634844868735
run,person,1,46,419,0.002386634844868735
run,frog,1,47,419,0.002386634844868735
run,mouth,1,48,419,0.002386634844868735
run,bus,1,49,419,0.002386634844868735
run,this,1,50,419,0.002386634844868735
run,roland,1,51,419,0.002386634844868735
run,equipment,1,52,419,0.002386634844868735
run,all,1,53,419,0.002386634844868735
run,woman,1,54,419,0.002386634844868735
run,horse,1,55,419,0.002386634844868735
run,lady,1,56,419,0.002386634844868735
run,cop,1,57,419,0.002386634844868735
run,clock,1,58,419,0.002386634844868735
run,name,1,59,419,0.002386634844868735
run,joe,1,60,419,0.002386634844868735
bring,i,133,1,416,0.31971153846153844
bring,you,112,2,416,0.2692307692307692
bring,we,28,3,416,0.0673076923076923
bring,he,22,4,416,0.052884615384615384
bring,she,20,5,416,0.04807692307692308
bring,they,17,6,416,0.040865384615384616
bring,who,11,7,416,0.026442307692307692
bring,santa,8,8,416,0.019230769230769232
bring,mommy,3,9,416,0.007211538461538462
bring,person,3,10,416,0.007211538461538462
bring,it,3,11,416,0.007211538461538462
bring,man,2,12,416,0.004807692307692308
bring,someone,2,13,416,0.004807692307692308
bring,kid,2,14,416,0.004807692307692308
bring,that,2,15,416,0.004807692307692308
bring,sled,1,16,416,0.002403846153846154
bring,hafta,1,17,416,0.002403846153846154
bring,ursula,1,18,416,0.002403846153846154
bring,sarah,1,19,416,0.002403846153846154
bring,gail,1,20,416,0.002403846153846154
bring,donny,1,21,416,0.002403846153846154
bring,howabout,1,22,416,0.002403846153846154
bring,useta,1,23,416,0.002403846153846154
bring,david,1,24,416,0.002403846153846154
bring,mr,1,25,416,0.002403846153846154
bring,mrs,1,26,416,0.002403846153846154
bring,tommy,1,27,416,0.002403846153846154
bring,joe,1,28,416,0.002403846153846154
bring,mom,1,29,416,0.002403846153846154
bring,adam,1,30,416,0.002403846153846154
bring,dad,1,31,416,0.002403846153846154
bring,everybody,1,32,416,0.002403846153846154
bring,morty,1,33,416,0.002403846153846154
bring,bowl,1,34,416,0.002403846153846154
bring,animal,1,35,416,0.002403846153846154
bring,christopher,1,36,416,0.002403846153846154
bring,boy,1,37,416,0.002403846153846154
bring,barbara,1,38,416,0.002403846153846154
bring,linda,1,39,416,0.002403846153846154
bring,bunny,1,40,416,0.002403846153846154
bring,somebody,1,41,416,0.002403846153846154
bring,helga,1,42,416,0.002403846153846154
bring,rabbit,1,43,416,0.002403846153846154
bring,mia,1,44,416,0.002403846153846154
bring,remi,1,45,416,0.002403846153846154
bring,any,1,46,416,0.002403846153846154
bring,teacher,1,47,416,0.002403846153846154
bring,score,1,48,416,0.002403846153846154
bring,forefather,1,49,416,0.002403846153846154
bring,von,1,50,416,0.002403846153846154
bring,grandma,1,51,416,0.002403846153846154
bring,derwood,1,52,416,0.002403846153846154
bring,mother,1,53,416,0.002403846153846154
bring,torrence,1,54,416,0.002403846153846154
bring,carl,1,55,416,0.002403846153846154
bring,doreen,1,56,416,0.002403846153846154
bring,math,1,57,416,0.002403846153846154
bring,picture,1,58,416,0.002403846153846154
bring,daddy,1,59,416,0.002403846153846154
bring,lance,1,60,416,0.002403846153846154
bring,asher,1,61,416,0.002403846153846154
bring,his,1,62,416,0.002403846153846154
bring,one,1,63,416,0.002403846153846154
fall,it,61,1,403,0.1513647642679901
fall,he,53,2,403,0.1315136476426799
fall,you,50,3,403,0.12406947890818859
fall,they,40,4,403,0.09925558312655088
fall,who,26,5,403,0.06451612903225806
fall,she,15,6,403,0.03722084367245657
fall,i,12,7,403,0.02977667493796526
fall,that,9,8,403,0.022332506203473945
fall,policeman,6,9,403,0.01488833746898263
fall,what,6,10,403,0.01488833746898263
fall,tooth,5,11,403,0.01240694789081886
fall,one,5,12,403,0.01240694789081886
fall,this,5,13,403,0.01240694789081886
fall,night,4,14,403,0.009925558312655087
fall,my,4,15,403,0.009925558312655087
fall,foot,4,16,403,0.009925558312655087
fall,cat,3,17,403,0.007444168734491315
fall,something,3,18,403,0.007444168734491315
fall,dog,3,19,403,0.007444168734491315
fall,wall,3,20,403,0.007444168734491315
fall,thing,3,21,403,0.007444168734491315
fall,cup,2,22,403,0.004962779156327543
fall,shoe,2,23,403,0.004962779156327543
fall,leave,2,24,403,0.004962779156327543
fall,whistle,2,25,403,0.004962779156327543
fall,oliver,2,26,403,0.004962779156327543
fall,we,2,27,403,0.004962779156327543
fall,your,2,28,403,0.004962779156327543
fall,food,2,29,403,0.004962779156327543
fall,dough,2,30,403,0.004962779156327543
fall,train,2,31,403,0.004962779156327543
fall,nothing,2,32,403,0.004962779156327543
fall,beef,2,33,403,0.004962779156327543
fall,house,1,34,403,0.0024813895781637717
fall,teacher,1,35,403,0.0024813895781637717
fall,scab,1,36,403,0.0024813895781637717
fall,peter,1,37,403,0.0024813895781637717
fall,hat,1,38,403,0.0024813895781637717
fall,jack,1,39,403,0.0024813895781637717
fall,car,1,40,403,0.0024813895781637717
fall,boy,1,41,403,0.0024813895781637717
fall,snow,1,42,403,0.0024813895781637717
fall,heap,1,43,403,0.0024813895781637717
fall,alice,1,44,403,0.0024813895781637717
fall,ryan,1,45,403,0.0024813895781637717
fall,fingernail,1,46,403,0.0024813895781637717
fall,hen,1,47,403,0.0024813895781637717
fall,helmet,1,48,403,0.0024813895781637717
fall,donald,1,49,403,0.0024813895781637717
fall,everything,1,50,403,0.0024813895781637717
fall,stand,1,51,403,0.0024813895781637717
fall,floor,1,52,403,0.0024813895781637717
fall,deal,1,53,403,0.0024813895781637717
fall,speck,1,54,403,0.0024813895781637717
fall,tower,1,55,403,0.0024813895781637717
fall,block,1,56,403,0.0024813895781637717
fall,department,1,57,403,0.0024813895781637717
fall,cover,1,58,403,0.0024813895781637717
fall,coffee,1,59,403,0.0024813895781637717
fall,horse,1,60,403,0.0024813895781637717
fall,person,1,61,403,0.0024813895781637717
fall,mountain,1,62,403,0.0024813895781637717
fall,abe,1,63,403,0.0024813895781637717
fall,ceiling,1,64,403,0.0024813895781637717
fall,his,1,65,403,0.0024813895781637717
fall,wallpaper,1,66,403,0.0024813895781637717
fall,patient,1,67,403,0.0024813895781637717
fall,chair,1,68,403,0.0024813895781637717
fall,farmer,1,69,403,0.0024813895781637717
fall,all,1,70,403,0.0024813895781637717
fall,some,1,71,403,0.0024813895781637717
fall,alligator,1,72,403,0.0024813895781637717
fall,amount,1,73,403,0.0024813895781637717
fall,crayon,1,74,403,0.0024813895781637717
fall,nobody,1,75,403,0.0024813895781637717
fall,somebody,1,76,403,0.0024813895781637717
fall,rain,1,77,403,0.0024813895781637717
fall,whoop,1,78,403,0.0024813895781637717
fall,cube,1,79,403,0.0024813895781637717
fall,cocoon,1,80,403,0.0024813895781637717
fall,pick,1,81,403,0.0024813895781637717
fall,needle,1,82,403,0.0024813895781637717
fall,truck,1,83,403,0.0024813895781637717
fall,spoon,1,84,403,0.0024813895781637717
fall,kitten,1,85,403,0.0024813895781637717
fall,apple,1,86,403,0.0024813895781637717
fall,cookie,1,87,403,0.0024813895781637717
fall,trailer,1,88,403,0.0024813895781637717
fall,snowflake,1,89,403,0.0024813895781637717
fall,brian,1,90,403,0.0024813895781637717
fall,rover,1,91,403,0.0024813895781637717
fall,few,1,92,403,0.0024813895781637717
stay,you,112,1,390,0.28717948717948716
stay,he,91,2,390,0.23333333333333334
stay,i,62,3,390,0.15897435897435896
stay,it,34,4,390,0.08717948717948718
stay,they,18,5,390,0.046153846153846156
stay,she,13,6,390,0.03333333333333333
stay,we,7,7,390,0.017948717948717947
stay,sarah,3,8,390,0.007692307692307693
stay,daddy,3,9,390,0.007692307692307693
stay,hair,2,10,390,0.005128205128205128
stay,what,2,11,390,0.005128205128205128
stay,that,2,12,390,0.005128205128205128
stay,boy,2,13,390,0.005128205128205128
stay,this,2,14,390,0.005128205128205128
stay,one,2,15,390,0.005128205128205128
stay,santaclaus,1,16,390,0.002564102564102564
stay,teacher,1,17,390,0.002564102564102564
stay,plant,1,18,390,0.002564102564102564
stay,cat,1,19,390,0.002564102564102564
stay,child,1,20,390,0.002564102564102564
stay,dolphin,1,21,390,0.002564102564102564
stay,sugar,1,22,390,0.002564102564102564
stay,dog,1,23,390,0.002564102564102564
stay,balloon,1,24,390,0.002564102564102564
stay,donald,1,25,390,0.002564102564102564
stay,cocoon,1,26,390,0.002564102564102564
stay,boot,1,27,390,0.002564102564102564
stay,book,1,28,390,0.002564102564102564
stay,tail,1,29,390,0.002564102564102564
stay,koda,1,30,390,0.002564102564102564
stay,grandpa,1,31,390,0.002564102564102564
stay,mommy,1,32,390,0.002564102564102564
stay,everybody,1,33,390,0.002564102564102564
stay,all,1,34,390,0.002564102564102564
stay,carl,1,35,390,0.002564102564102564
stay,cheese,1,36,390,0.002564102564102564
stay,room,1,37,390,0.002564102564102564
stay,light,1,38,390,0.002564102564102564
stay,father,1,39,390,0.002564102564102564
stay,crate,1,40,390,0.002564102564102564
stay,graeme,1,41,390,0.002564102564102564
stay,gladys,1,42,390,0.002564102564102564
stay,can,1,43,390,0.002564102564102564
stay,card,1,44,390,0.002564102564102564
stay,kid,1,45,390,0.002564102564102564
stay,lenita,1,46,390,0.002564102564102564
stay,bobby,1,47,390,0.002564102564102564
stay,joe,1,48,390,0.002564102564102564
stay,sposta,1,49,390,0.002564102564102564
stay,house,1,50,390,0.002564102564102564
work,it,131,1,390,0.33589743589743587
work,you,46,2,390,0.11794871794871795
work,i,38,3,390,0.09743589743589744
work,that,33,4,390,0.08461538461538462
work,he,21,5,390,0.05384615384615385
work,we,15,6,390,0.038461538461538464
work,she,12,7,390,0.03076923076923077
work,this,12,8,390,0.03076923076923077
work,they,9,9,390,0.023076923076923078
work,thing,8,10,390,0.020512820512820513
work,one,7,11,390,0.017948717948717947
work,who,7,12,390,0.017948717948717947
work,what,3,13,390,0.007692307692307693
work,child,3,14,390,0.007692307692307693
work,everything,2,15,390,0.005128205128205128
work,cameron,2,16,390,0.005128205128205128
work,your,2,17,390,0.005128205128205128
work,david,2,18,390,0.005128205128205128
work,half,2,19,390,0.005128205128205128
work,channel,2,20,390,0.005128205128205128
work,santa,1,21,390,0.002564102564102564
work,machine,1,22,390,0.002564102564102564
work,car,1,23,390,0.002564102564102564
work,donny,1,24,390,0.002564102564102564
work,father,1,25,390,0.002564102564102564
work,burner,1,26,390,0.002564102564102564
work,light,1,27,390,0.002564102564102564
work,fire,1,28,390,0.002564102564102564
work,magic,1,29,390,0.002564102564102564
work,mommy,1,30,390,0.002564102564102564
work,therapy,1,31,390,0.002564102564102564
work,plan,1,32,390,0.002564102564102564
work,dad,1,33,390,0.002564102564102564
work,papa,1,34,390,0.002564102564102564
work,daddy,1,35,390,0.002564102564102564
work,food,1,36,390,0.002564102564102564
work,dinosaur,1,37,390,0.002564102564102564
work,marker,1,38,390,0.002564102564102564
work,stuff,1,39,390,0.002564102564102564
work,psychology,1,40,390,0.002564102564102564
work,idea,1,41,390,0.002564102564102564
work,sharpener,1,42,390,0.002564102564102564
work,joey,1,43,390,0.002564102564102564
work,radio,1,44,390,0.002564102564102564
work,hanger,1,45,390,0.002564102564102564
work,tony,1,46,390,0.002564102564102564
work,brain,1,47,390,0.002564102564102564
work,adjustment,1,48,390,0.002564102564102564
work,television,1,49,390,0.002564102564102564
work,my,1,50,390,0.002564102564102564
work,elevator,1,51,390,0.002564102564102564
work,somebody,1,52,390,0.002564102564102564
work,clifford,1,53,390,0.002564102564102564
feel,you,105,1,382,0.27486910994764396
feel,he,95,2,382,0.2486910994764398
feel,i,81,3,382,0.21204188481675393
feel,it,31,4,382,0.08115183246073299
feel,she,15,5,382,0.03926701570680628
feel,that,14,6,382,0.03664921465968586
feel,they,8,7,382,0.020942408376963352
feel,chair,2,8,382,0.005235602094240838
feel,giant,2,9,382,0.005235602094240838
feel,grandmother,2,10,382,0.005235602094240838
feel,head,2,11,382,0.005235602094240838
feel,jwww,1,12,382,0.002617801047120419
feel,daddy,1,13,382,0.002617801047120419
feel,part,1,14,382,0.002617801047120419
feel,we,1,15,382,0.002617801047120419
feel,bozo,1,16,382,0.002617801047120419
feel,rat,1,17,382,0.002617801047120419
feel,alice,1,18,382,0.002617801047120419
feel,tummy,1,19,382,0.002617801047120419
feel,tarce,1,20,382,0.002617801047120419
feel,mama,1,21,382,0.002617801047120419
feel,piggie,1,22,382,0.002617801047120419
feel,bunny,1,23,382,0.002617801047120419
feel,wolf,1,24,382,0.002617801047120419
feel,paddington,1,25,382,0.002617801047120419
feel,matter,1,26,382,0.002617801047120419
feel,person,1,27,382,0.002617801047120419
feel,your,1,28,382,0.002617801047120419
feel,mary,1,29,382,0.002617801047120419
feel,throat,1,30,382,0.002617801047120419
feel,missus,1,31,382,0.002617801047120419
feel,child,1,32,382,0.002617801047120419
feel,nixon,1,33,382,0.002617801047120419
feel,toddy,1,34,382,0.002617801047120419
feel,mommy,1,35,382,0.002617801047120419
feel,david,1,36,382,0.002617801047120419
finish,you,221,1,363,0.6088154269972452
finish,i,44,2,363,0.12121212121212122
finish,we,27,3,363,0.0743801652892562
finish,he,14,4,363,0.03856749311294766
finish,she,11,5,363,0.030303030303030304
finish,all,5,6,363,0.013774104683195593
finish,they,5,7,363,0.013774104683195593
finish,who,3,8,363,0.008264462809917356
finish,assoona,2,9,363,0.005509641873278237
finish,david,2,10,363,0.005509641873278237
finish,roland,2,11,363,0.005509641873278237
finish,samantha,2,12,363,0.005509641873278237
finish,steven,2,13,363,0.005509641873278237
finish,marie,1,14,363,0.0027548209366391185
finish,andy,1,15,363,0.0027548209366391185
finish,wife,1,16,363,0.0027548209366391185
finish,chi,1,17,363,0.0027548209366391185
finish,sis,1,18,363,0.0027548209366391185
finish,youall,1,19,363,0.0027548209366391185
finish,dress,1,20,363,0.0027548209366391185
finish,school,1,21,363,0.0027548209366391185
finish,sophie,1,22,363,0.0027548209366391185
finish,child,1,23,363,0.0027548209366391185
finish,painting,1,24,363,0.0027548209366391185
finish,terence,1,25,363,0.0027548209366391185
finish,one,1,26,363,0.0027548209366391185
finish,thing,1,27,363,0.0027548209366391185
finish,mommy,1,28,363,0.0027548209366391185
finish,gotta,1,29,363,0.0027548209366391185
finish,gabe,1,30,363,0.0027548209366391185
finish,lisa,1,31,363,0.0027548209366391185
finish,bobby,1,32,363,0.0027548209366391185
finish,bapo,1,33,363,0.0027548209366391185
finish,margie,1,34,363,0.0027548209366391185
finish,everyone,1,35,363,0.0027548209366391185
finish,steve,1,36,363,0.0027548209366391185
read,you,128,1,359,0.3565459610027855
read,i,110,2,359,0.3064066852367688
read,we,68,3,359,0.1894150417827298
read,he,9,4,359,0.025069637883008356
read,mom,8,5,359,0.022284122562674095
read,she,7,6,359,0.019498607242339833
read,who,6,7,359,0.016713091922005572
read,they,4,8,359,0.011142061281337047
read,karen,3,9,359,0.008356545961002786
read,robin,2,10,359,0.005571030640668524
read,mama,2,11,359,0.005571030640668524
read,daddy,2,12,359,0.005571030640668524
read,teacher,1,13,359,0.002785515320334262
read,all,1,14,359,0.002785515320334262
read,miss,1,15,359,0.002785515320334262
read,elizabeth,1,16,359,0.002785515320334262
read,one,1,17,359,0.002785515320334262
read,fellas,1,18,359,0.002785515320334262
read,kitten,1,19,359,0.002785515320334262
read,sherine,1,20,359,0.002785515320334262
read,david,1,21,359,0.002785515320334262
read,joey,1,22,359,0.002785515320334262
buy,i,152,1,358,0.4245810055865922
buy,you,85,2,358,0.23743016759776536
buy,we,50,3,358,0.13966480446927373
buy,he,15,4,358,0.04189944134078212
buy,she,8,5,358,0.0223463687150838
buy,they,8,6,358,0.0223463687150838
buy,who,6,7,358,0.01675977653631285
buy,daddy,5,8,358,0.013966480446927373
buy,grandma,3,9,358,0.008379888268156424
buy,uncle,2,10,358,0.00558659217877095
buy,person,2,11,358,0.00558659217877095
buy,mom,2,12,358,0.00558659217877095
buy,mother,2,13,358,0.00558659217877095
buy,mommy,2,14,358,0.00558659217877095
buy,hasta,2,15,358,0.00558659217877095
buy,cousin,1,16,358,0.002793296089385475
buy,nana,1,17,358,0.002793296089385475
buy,mama,1,18,358,0.002793296089385475
buy,milk,1,19,358,0.002793296089385475
buy,james,1,20,358,0.002793296089385475
buy,nobody,1,21,358,0.002793296089385475
buy,tracey,1,22,358,0.002793296089385475
buy,granpa,1,23,358,0.002793296089385475
buy,tyrone,1,24,358,0.002793296089385475
buy,anybody,1,25,358,0.002793296089385475
buy,kid,1,26,358,0.002793296089385475
buy,bunny,1,27,358,0.002793296089385475
buy,husband,1,28,358,0.002793296089385475
buy,do,1,29,358,0.002793296089385475
guess,i,323,1,357,0.9047619047619048
guess,you,19,2,357,0.05322128851540616
guess,abe,2,3,357,0.0056022408963585435
guess,she,2,4,357,0.0056022408963585435
guess,we,2,5,357,0.0056022408963585435
guess,mia,2,6,357,0.0056022408963585435
guess,everything,1,7,357,0.0028011204481792717
guess,one,1,8,357,0.0028011204481792717
guess,daddy,1,9,357,0.0028011204481792717
guess,karen,1,10,357,0.0028011204481792717
guess,everyone,1,11,357,0.0028011204481792717
guess,tracy,1,12,357,0.0028011204481792717
guess,he,1,13,357,0.0028011204481792717
turn,you,126,1,350,0.36
turn,i,62,2,350,0.17714285714285713
turn,it,32,3,350,0.09142857142857143
turn,he,25,4,350,0.07142857142857142
turn,we,20,5,350,0.05714285714285714
turn,they,13,6,350,0.037142857142857144
turn,caterpillar,11,7,350,0.03142857142857143
turn,she,10,8,350,0.02857142857142857
turn,that,7,9,350,0.02
turn,daddy,3,10,350,0.008571428571428572
turn,who,2,11,350,0.005714285714285714
turn,person,2,12,350,0.005714285714285714
turn,mia,2,13,350,0.005714285714285714
turn,somebody,2,14,350,0.005714285714285714
turn,leave,1,15,350,0.002857142857142857
turn,gus,1,16,350,0.002857142857142857
turn,horse,1,17,350,0.002857142857142857
turn,monster,1,18,350,0.002857142857142857
turn,chi,1,19,350,0.002857142857142857
turn,everything,1,20,350,0.002857142857142857
turn,turtle,1,21,350,0.002857142857142857
turn,raggedy,1,22,350,0.002857142857142857
turn,pascal,1,23,350,0.002857142857142857
turn,donald,1,24,350,0.002857142857142857
turn,your,1,25,350,0.002857142857142857
turn,one,1,26,350,0.002857142857142857
turn,cake,1,27,350,0.002857142857142857
turn,tape,1,28,350,0.002857142857142857
turn,dad,1,29,350,0.002857142857142857
turn,bird,1,30,350,0.002857142857142857
turn,tony,1,31,350,0.002857142857142857
turn,the,1,32,350,0.002857142857142857
turn,face,1,33,350,0.002857142857142857
turn,tunde,1,34,350,0.002857142857142857
turn,joyce,1,35,350,0.002857142857142857
turn,roland,1,36,350,0.002857142857142857
turn,what,1,37,350,0.002857142857142857
turn,this,1,38,350,0.002857142857142857
turn,perri,1,39,350,0.002857142857142857
turn,robbie,1,40,350,0.002857142857142857
turn,zoe,1,41,350,0.002857142857142857
turn,my,1,42,350,0.002857142857142857
turn,nobody,1,43,350,0.002857142857142857
turn,david,1,44,350,0.002857142857142857
turn,william,1,45,350,0.002857142857142857
turn,whose,1,46,350,0.002857142857142857
turn,karen,1,47,350,0.002857142857142857
walk,who,109,1,348,0.3132183908045977
walk,you,55,2,348,0.15804597701149425
walk,he,46,3,348,0.13218390804597702
walk,i,43,4,348,0.1235632183908046
walk,we,31,5,348,0.08908045977011494
walk,she,13,6,348,0.03735632183908046
walk,they,11,7,348,0.031609195402298854
walk,it,4,8,348,0.011494252873563218
walk,person,4,9,348,0.011494252873563218
walk,sludge,3,10,348,0.008620689655172414
walk,franklin,3,11,348,0.008620689655172414
walk,that,3,12,348,0.008620689655172414
walk,bird,2,13,348,0.005747126436781609
walk,school,1,14,348,0.0028735632183908046
walk,cat,1,15,348,0.0028735632183908046
walk,girl,1,16,348,0.0028735632183908046
walk,mother,1,17,348,0.0028735632183908046
walk,zebras,1,18,348,0.0028735632183908046
walk,dog,1,19,348,0.0028735632183908046
walk,hadta,1,20,348,0.0028735632183908046
walk,christopher,1,21,348,0.0028735632183908046
walk,mommy,1,22,348,0.0028735632183908046
walk,harry,1,23,348,0.0028735632183908046
walk,somebody,1,24,348,0.0028735632183908046
walk,friend,1,25,348,0.0028735632183908046
walk,mrs,1,26,348,0.0028735632183908046
walk,one,1,27,348,0.0028735632183908046
walk,child,1,28,348,0.0028735632183908046
walk,man,1,29,348,0.0028735632183908046
walk,delilah,1,30,348,0.0028735632183908046
walk,grover,1,31,348,0.0028735632183908046
walk,matthew,1,32,348,0.0028735632183908046
walk,both,1,33,348,0.0028735632183908046
walk,jackie,1,34,348,0.0028735632183908046
let,i,91,1,342,0.26608187134502925
let,you,86,2,342,0.25146198830409355
let,he,22,3,342,0.06432748538011696
let,we,20,4,342,0.05847953216374269
let,they,17,5,342,0.049707602339181284
let,she,8,6,342,0.023391812865497075
let,adam,6,7,342,0.017543859649122806
let,mommy,4,8,342,0.011695906432748537
let,it,4,9,342,0.011695906432748537
let,that,3,10,342,0.008771929824561403
let,honey,3,11,342,0.008771929824561403
let,teacher,3,12,342,0.008771929824561403
let,sarah,2,13,342,0.005847953216374269
let,chi,2,14,342,0.005847953216374269
let,man,2,15,342,0.005847953216374269
let,mother,2,16,342,0.005847953216374269
let,remi,2,17,342,0.005847953216374269
let,von,2,18,342,0.005847953216374269
let,cindy,2,19,342,0.005847953216374269
let,kiki,1,20,342,0.0029239766081871343
let,paul,1,21,342,0.0029239766081871343
let,sam,1,22,342,0.0029239766081871343
let,peter,1,23,342,0.0029239766081871343
let,nana,1,24,342,0.0029239766081871343
let,lenny,1,25,342,0.0029239766081871343
let,pascal,1,26,342,0.0029239766081871343
let,christopher,1,27,342,0.0029239766081871343
let,doctor,1,28,342,0.0029239766081871343
let,grizzly,1,29,342,0.0029239766081871343
let,betty,1,30,342,0.0029239766081871343
let,trout,1,31,342,0.0029239766081871343
let,bro,1,32,342,0.0029239766081871343
let,nicky,1,33,342,0.0029239766081871343
let,abe,1,34,342,0.0029239766081871343
let,ross,1,35,342,0.0029239766081871343
let,howabout,1,36,342,0.0029239766081871343
let,daddy,1,37,342,0.0029239766081871343
let,lizard,1,38,342,0.0029239766081871343
let,green,1,39,342,0.0029239766081871343
let,question,1,40,342,0.0029239766081871343
let,roman,1,41,342,0.0029239766081871343
let,carl,1,42,342,0.0029239766081871343
let,what,1,43,342,0.0029239766081871343
let,letisha,1,44,342,0.0029239766081871343
let,child,1,45,342,0.0029239766081871343
let,jason,1,46,342,0.0029239766081871343
let,everyone,1,47,342,0.0029239766081871343
let,chip,1,48,342,0.0029239766081871343
let,four,1,49,342,0.0029239766081871343
let,melissa,1,50,342,0.0029239766081871343
let,sweetheart,1,51,342,0.0029239766081871343
let,jennifer,1,52,342,0.0029239766081871343
let,tracy,1,53,342,0.0029239766081871343
let,barret,1,54,342,0.0029239766081871343
let,kim,1,55,342,0.0029239766081871343
let,boy,1,56,342,0.0029239766081871343
let,anthony,1,57,342,0.0029239766081871343
let,philip,1,58,342,0.0029239766081871343
let,keisha,1,59,342,0.0029239766081871343
let,robert,1,60,342,0.0029239766081871343
let,michael,1,61,342,0.0029239766081871343
let,joey,1,62,342,0.0029239766081871343
let,waiting,1,63,342,0.0029239766081871343
let,julia,1,64,342,0.0029239766081871343
let,matt,1,65,342,0.0029239766081871343
let,asher,1,66,342,0.0029239766081871343
let,gabe,1,67,342,0.0029239766081871343
let,bobby,1,68,342,0.0029239766081871343
let,jimmy,1,69,342,0.0029239766081871343
let,guy,1,70,342,0.0029239766081871343
let,karen,1,71,342,0.0029239766081871343
let,graeme,1,72,342,0.0029239766081871343
let,ginger,1,73,342,0.0029239766081871343
let,dorothy,1,74,342,0.0029239766081871343
let,samantha,1,75,342,0.0029239766081871343
let,deedee,1,76,342,0.0029239766081871343
let,william,1,77,342,0.0029239766081871343
let,steve,1,78,342,0.0029239766081871343
let,clifford,1,79,342,0.0029239766081871343
let,father,1,80,342,0.0029239766081871343
love,i,156,1,333,0.46846846846846846
love,you,54,2,333,0.16216216216216217
love,he,31,3,333,0.09309309309309309
love,she,23,4,333,0.06906906906906907
love,we,9,5,333,0.02702702702702703
love,they,8,6,333,0.024024024024024024
love,chim,8,7,333,0.024024024024024024
love,useta,2,8,333,0.006006006006006006
love,who,2,9,333,0.006006006006006006
love,everyone,2,10,333,0.006006006006006006
love,chi,2,11,333,0.006006006006006006
love,mother,2,12,333,0.006006006006006006
love,everybody,2,13,333,0.006006006006006006
love,mommy,2,14,333,0.006006006006006006
love,cheeky,1,15,333,0.003003003003003003
love,kiki,1,16,333,0.003003003003003003
love,god,1,17,333,0.003003003003003003
love,child,1,18,333,0.003003003003003003
love,baby,1,19,333,0.003003003003003003
love,girl,1,20,333,0.003003003003003003
love,kitten,1,21,333,0.003003003003003003
love,mouse,1,22,333,0.003003003003003003
love,lamb,1,23,333,0.003003003003003003
love,mary,1,24,333,0.003003003003003003
love,tim,1,25,333,0.003003003003003003
love,tarci,1,26,333,0.003003003003003003
love,brother,1,27,333,0.003003003003003003
love,horse,1,28,333,0.003003003003003003
love,ancestor,1,29,333,0.003003003003003003
love,person,1,30,333,0.003003003003003003
love,most,1,31,333,0.003003003003003003
love,marky,1,32,333,0.003003003003003003
love,whatabout,1,33,333,0.003003003003003003
love,puppy,1,34,333,0.003003003003003003
love,doctor,1,35,333,0.003003003003003003
love,peace,1,36,333,0.003003003003003003
love,sister,1,37,333,0.003003003003003003
love,quinton,1,38,333,0.003003003003003003
love,that,1,39,333,0.003003003003003003
love,anthony,1,40,333,0.003003003003003003
love,it,1,41,333,0.003003003003003003
love,christie,1,42,333,0.003003003003003003
love,gabriella,1,43,333,0.003003003003003003
love,daddy,1,44,333,0.003003003003003003
keep,you,137,1,332,0.4126506024096386
keep,i,59,2,332,0.17771084337349397
keep,we,32,3,332,0.0963855421686747
keep,he,22,4,332,0.06626506024096386
keep,they,14,5,332,0.04216867469879518
keep,it,10,6,332,0.030120481927710843
keep,she,9,7,332,0.02710843373493976
keep,that,6,8,332,0.018072289156626505
keep,who,5,9,332,0.015060240963855422
keep,mommy,3,10,332,0.009036144578313253
keep,daddy,2,11,332,0.006024096385542169
keep,water,2,12,332,0.006024096385542169
keep,everybody,2,13,332,0.006024096385542169
keep,guy,2,14,332,0.006024096385542169
keep,one,2,15,332,0.006024096385542169
keep,awww,1,16,332,0.0030120481927710845
keep,person,1,17,332,0.0030120481927710845
keep,trouble,1,18,332,0.0030120481927710845
keep,sarah,1,19,332,0.0030120481927710845
keep,papa,1,20,332,0.0030120481927710845
keep,mammal,1,21,332,0.0030120481927710845
keep,ice,1,22,332,0.0030120481927710845
keep,owl,1,23,332,0.0030120481927710845
keep,bro,1,24,332,0.0030120481927710845
keep,somebody,1,25,332,0.0030120481927710845
keep,cell,1,26,332,0.0030120481927710845
keep,matty,1,27,332,0.0030120481927710845
keep,everything,1,28,332,0.0030120481927710845
keep,farmer,1,29,332,0.0030120481927710845
keep,horse,1,30,332,0.0030120481927710845
keep,remi,1,31,332,0.0030120481927710845
keep,owner,1,32,332,0.0030120481927710845
keep,roland,1,33,332,0.0030120481927710845
keep,tunisha,1,34,332,0.0030120481927710845
keep,leg,1,35,332,0.0030120481927710845
keep,margie,1,36,332,0.0030120481927710845
keep,this,1,37,332,0.0030120481927710845
keep,steve,1,38,332,0.0030120481927710845
keep,thing,1,39,332,0.0030120481927710845
keep,daniel,1,40,332,0.0030120481927710845
watch,you,141,1,332,0.4246987951807229
watch,i,71,2,332,0.21385542168674698
watch,who,26,3,332,0.0783132530120482
watch,we,22,4,332,0.06626506024096386
watch,she,12,5,332,0.03614457831325301
watch,they,11,6,332,0.03313253012048193
watch,he,10,7,332,0.030120481927710843
watch,cat,3,8,332,0.009036144578313253
watch,kitty,2,9,332,0.006024096385542169
watch,paul,1,10,332,0.0030120481927710845
watch,bob,1,11,332,0.0030120481927710845
watch,chi,1,12,332,0.0030120481927710845
watch,two,1,13,332,0.0030120481927710845
watch,mouse,1,14,332,0.0030120481927710845
watch,animal,1,15,332,0.0030120481927710845
watch,guest,1,16,332,0.0030120481927710845
watch,kitten,1,17,332,0.0030120481927710845
watch,nobody,1,18,332,0.0030120481927710845
watch,donald,1,19,332,0.0030120481927710845
watch,bunny,1,20,332,0.0030120481927710845
watch,god,1,21,332,0.0030120481927710845
watch,carl,1,22,332,0.0030120481927710845
watch,hand,1,23,332,0.0030120481927710845
watch,father,1,24,332,0.0030120481927710845
watch,david,1,25,332,0.0030120481927710845
watch,girl,1,26,332,0.0030120481927710845
watch,everyone,1,27,332,0.0030120481927710845
watch,everybody,1,28,332,0.0030120481927710845
watch,yall,1,29,332,0.0030120481927710845
watch,keisha,1,30,332,0.0030120481927710845
watch,robert,1,31,332,0.0030120481927710845
watch,program,1,32,332,0.0030120481927710845
watch,mommy,1,33,332,0.0030120481927710845
watch,useta,1,34,332,0.0030120481927710845
watch,gregory,1,35,332,0.0030120481927710845
watch,chris,1,36,332,0.0030120481927710845
watch,daddy,1,37,332,0.0030120481927710845
watch,tony,1,38,332,0.0030120481927710845
watch,oop,1,39,332,0.0030120481927710845
watch,bobby,1,40,332,0.0030120481927710845
watch,kayode,1,41,332,0.0030120481927710845
watch,kid,1,42,332,0.0030120481927710845
watch,boom,1,43,332,0.0030120481927710845
will,i,147,1,330,0.44545454545454544
will,you,63,2,330,0.19090909090909092
will,it,37,3,330,0.11212121212121212
will,we,30,4,330,0.09090909090909091
will,he,12,5,330,0.03636363636363636
will,she,10,6,330,0.030303030303030304
will,they,10,7,330,0.030303030303030304
will,person,2,8,330,0.006060606060606061
will,that,2,9,330,0.006060606060606061
will,ballerina,1,10,330,0.0030303030303030303
will,branch,1,11,330,0.0030303030303030303
will,bus,1,12,330,0.0030303030303030303
will,mother,1,13,330,0.0030303030303030303
will,anybody,1,14,330,0.0030303030303030303
will,who,1,15,330,0.0030303030303030303
will,mouth,1,16,330,0.0030303030303030303
will,brett,1,17,330,0.0030303030303030303
will,one,1,18,330,0.0030303030303030303
will,somebody,1,19,330,0.0030303030303030303
will,child,1,20,330,0.0030303030303030303
will,ball,1,21,330,0.0030303030303030303
will,secretary,1,22,330,0.0030303030303030303
will,debbie,1,23,330,0.0030303030303030303
will,pick,1,24,330,0.0030303030303030303
will,lester,1,25,330,0.0030303030303030303
will,summer,1,26,330,0.0030303030303030303
forget,i,156,1,314,0.4968152866242038
forget,you,102,2,314,0.3248407643312102
forget,we,13,3,314,0.041401273885350316
forget,she,9,4,314,0.028662420382165606
forget,he,6,5,314,0.01910828025477707
forget,they,5,6,314,0.01592356687898089
forget,daddy,2,7,314,0.006369426751592357
forget,mommy,2,8,314,0.006369426751592357
forget,zoe,2,9,314,0.006369426751592357
forget,parent,1,10,314,0.0031847133757961785
forget,alice,1,11,314,0.0031847133757961785
forget,madame,1,12,314,0.0031847133757961785
forget,hood,1,13,314,0.0031847133757961785
forget,daughter,1,14,314,0.0031847133757961785
forget,everybody,1,15,314,0.0031847133757961785
forget,brett,1,16,314,0.0031847133757961785
forget,decky,1,17,314,0.0031847133757961785
forget,jeffery,1,18,314,0.0031847133757961785
forget,loraine,1,19,314,0.0031847133757961785
forget,chicken,1,20,314,0.0031847133757961785
forget,my,1,21,314,0.0031847133757961785
forget,debbie,1,22,314,0.0031847133757961785
forget,daniel,1,23,314,0.0031847133757961785
forget,mother,1,24,314,0.0031847133757961785
forget,kid,1,25,314,0.0031847133757961785
forget,summer,1,26,314,0.0031847133757961785
help,you,112,1,308,0.36363636363636365
help,i,88,2,308,0.2857142857142857
help,it,19,3,308,0.06168831168831169
help,that,16,4,308,0.05194805194805195
help,he,11,5,308,0.03571428571428571
help,who,8,6,308,0.025974025974025976
help,they,5,7,308,0.016233766233766232
help,we,4,8,308,0.012987012987012988
help,daddy,3,9,308,0.00974025974025974
help,she,3,10,308,0.00974025974025974
help,firstname,2,11,308,0.006493506493506494
help,policeman,2,12,308,0.006493506493506494
help,teddy,2,13,308,0.006493506493506494
help,carl,2,14,308,0.006493506493506494
help,tracy,2,15,308,0.006493506493506494
help,heaven,1,16,308,0.003246753246753247
help,everybody,1,17,308,0.003246753246753247
help,reindeer,1,18,308,0.003246753246753247
help,frosty,1,19,308,0.003246753246753247
help,girl,1,20,308,0.003246753246753247
help,mamma,1,21,308,0.003246753246753247
help,morty,1,22,308,0.003246753246753247
help,wing,1,23,308,0.003246753246753247
help,muff,1,24,308,0.003246753246753247
help,parachute,1,25,308,0.003246753246753247
help,suit,1,26,308,0.003246753246753247
help,minneapolis,1,27,308,0.003246753246753247
help,auntie,1,28,308,0.003246753246753247
help,god,1,29,308,0.003246753246753247
help,milk,1,30,308,0.003246753246753247
help,angel,1,31,308,0.003246753246753247
help,someone,1,32,308,0.003246753246753247
help,what,1,33,308,0.003246753246753247
help,alicia,1,34,308,0.003246753246753247
help,bingo,1,35,308,0.003246753246753247
help,her,1,36,308,0.003246753246753247
help,melissa,1,37,308,0.003246753246753247
help,mommy,1,38,308,0.003246753246753247
help,everyone,1,39,308,0.003246753246753247
help,this,1,40,308,0.003246753246753247
help,doctor,1,41,308,0.003246753246753247
help,cry,1,42,308,0.003246753246753247
help,servant,1,43,308,0.003246753246753247
help,bobby,1,44,308,0.003246753246753247
pick,you,107,1,287,0.37282229965156793
pick,i,63,2,287,0.21951219512195122
pick,she,18,3,287,0.0627177700348432
pick,we,16,4,287,0.05574912891986063
pick,it,12,5,287,0.041811846689895474
pick,he,11,6,287,0.03832752613240418
pick,who,10,7,287,0.03484320557491289
pick,they,8,8,287,0.027874564459930314
pick,chi,4,9,287,0.013937282229965157
pick,boy,3,10,287,0.010452961672473868
pick,david,3,11,287,0.010452961672473868
pick,mommy,2,12,287,0.006968641114982578
pick,mic,1,13,287,0.003484320557491289
pick,bozo,1,14,287,0.003484320557491289
pick,anyone,1,15,287,0.003484320557491289
pick,firstname,1,16,287,0.003484320557491289
pick,honey,1,17,287,0.003484320557491289
pick,giant,1,18,287,0.003484320557491289
pick,kid,1,19,287,0.003484320557491289
pick,bud,1,20,287,0.003484320557491289
pick,bus,1,21,287,0.003484320557491289
pick,that,1,22,287,0.003484320557491289
pick,tony,1,23,287,0.003484320557491289
pick,clothes,1,24,287,0.003484320557491289
pick,adam,1,25,287,0.003484320557491289
pick,peter,1,26,287,0.003484320557491289
pick,thing,1,27,287,0.003484320557491289
pick,this,1,28,287,0.003484320557491289
pick,graeme,1,29,287,0.003484320557491289
pick,mister,1,30,287,0.003484320557491289
pick,crystal,1,31,287,0.003484320557491289
pick,mother,1,32,287,0.003484320557491289
pick,grandmother,1,33,287,0.003484320557491289
pick,pick,1,34,287,0.003484320557491289
pick,gabriel,1,35,287,0.003484320557491289
pick,father,1,36,287,0.003484320557491289
pick,lucy,1,37,287,0.003484320557491289
pick,man,1,38,287,0.003484320557491289
pick,matthew,1,39,287,0.003484320557491289
pick,eric,1,40,287,0.003484320557491289
pick,samantha,1,41,287,0.003484320557491289
pick,aida,1,42,287,0.003484320557491289
show,you,99,1,287,0.34494773519163763
show,i,89,2,287,0.31010452961672474
show,face,15,3,287,0.05226480836236934
show,they,12,4,287,0.041811846689895474
show,he,12,5,287,0.041811846689895474
show,it,10,6,287,0.03484320557491289
show,she,6,7,287,0.020905923344947737
show,we,4,8,287,0.013937282229965157
show,that,4,9,287,0.013937282229965157
show,what,3,10,287,0.010452961672473868
show,sarah,2,11,287,0.006968641114982578
show,mommy,2,12,287,0.006968641114982578
show,wire,2,13,287,0.006968641114982578
show,man,1,14,287,0.003484320557491289
show,person,1,15,287,0.003484320557491289
show,adam,1,16,287,0.003484320557491289
show,brother,1,17,287,0.003484320557491289
show,robin,1,18,287,0.003484320557491289
show,this,1,19,287,0.003484320557491289
show,laura,1,20,287,0.003484320557491289
show,nose,1,21,287,0.003484320557491289
show,claude,1,22,287,0.003484320557491289
show,mickey,1,23,287,0.003484320557491289
show,fozzie,1,24,287,0.003484320557491289
show,betty,1,25,287,0.003484320557491289
show,jonathan,1,26,287,0.003484320557491289
show,chi,1,27,287,0.003484320557491289
show,oxygen,1,28,287,0.003484320557491289
show,michelle,1,29,287,0.003484320557491289
show,monster,1,30,287,0.003484320557491289
show,brett,1,31,287,0.003484320557491289
show,tracy,1,32,287,0.003484320557491289
show,bernice,1,33,287,0.003484320557491289
show,frank,1,34,287,0.003484320557491289
show,gabriella,1,35,287,0.003484320557491289
show,lenita,1,36,287,0.003484320557491289
show,daddy,1,37,287,0.003484320557491289
show,underwear,1,38,287,0.003484320557491289
show,renaldo,1,39,287,0.003484320557491289
show,father,1,40,287,0.003484320557491289
wait,you,89,1,274,0.3248175182481752
wait,i,77,2,274,0.28102189781021897
wait,we,32,3,274,0.11678832116788321
wait,he,13,4,274,0.04744525547445255
wait,she,7,5,274,0.025547445255474453
wait,they,6,6,274,0.021897810218978103
wait,chi,5,7,274,0.01824817518248175
wait,wait,4,8,274,0.014598540145985401
wait,who,3,9,274,0.010948905109489052
wait,what,2,10,274,0.0072992700729927005
wait,goldfish,2,11,274,0.0072992700729927005
wait,it,2,12,274,0.0072992700729927005
wait,bird,1,13,274,0.0036496350364963502
wait,breakfast,1,14,274,0.0036496350364963502
wait,whoop,1,15,274,0.0036496350364963502
wait,everybody,1,16,274,0.0036496350364963502
wait,boy,1,17,274,0.0036496350364963502
wait,mr,1,18,274,0.0036496350364963502
wait,friend,1,19,274,0.0036496350364963502
wait,john,1,20,274,0.0036496350364963502
wait,creature,1,21,274,0.0036496350364963502
wait,piggie,1,22,274,0.0036496350364963502
wait,bubble,1,23,274,0.0036496350364963502
wait,mommy,1,24,274,0.0036496350364963502
wait,this,1,25,274,0.0036496350364963502
wait,jason,1,26,274,0.0036496350364963502
wait,person,1,27,274,0.0036496350364963502
wait,jimmy,1,28,274,0.0036496350364963502
wait,kim,1,29,274,0.0036496350364963502
wait,that,1,30,274,0.0036496350364963502
wait,patrick,1,31,274,0.0036496350364963502
wait,roland,1,32,274,0.0036496350364963502
wait,joey,1,33,274,0.0036496350364963502
wait,julia,1,34,274,0.0036496350364963502
wait,matthew,1,35,274,0.0036496350364963502
wait,todd,1,36,274,0.0036496350364963502
wait,tony,1,37,274,0.0036496350364963502
wait,bobby,1,38,274,0.0036496350364963502
wait,clifford,1,39,274,0.0036496350364963502
wait,sister,1,40,274,0.0036496350364963502
wait,dedi,1,41,274,0.0036496350364963502
wait,samantha,1,42,274,0.0036496350364963502
wait,steve,1,43,274,0.0036496350364963502
wait,sum,1,44,274,0.0036496350364963502
stop,you,82,1,257,0.31906614785992216
stop,i,29,2,257,0.11284046692607004
stop,it,25,3,257,0.09727626459143969
stop,we,16,4,257,0.0622568093385214
stop,he,11,5,257,0.042801556420233464
stop,she,10,6,257,0.038910505836575876
stop,they,10,7,257,0.038910505836575876
stop,chi,6,8,257,0.023346303501945526
stop,that,3,9,257,0.011673151750972763
stop,paul,3,10,257,0.011673151750972763
stop,brett,3,11,257,0.011673151750972763
stop,remi,3,12,257,0.011673151750972763
stop,derwood,3,13,257,0.011673151750972763
stop,sarah,2,14,257,0.007782101167315175
stop,bird,2,15,257,0.007782101167315175
stop,boat,2,16,257,0.007782101167315175
stop,plane,2,17,257,0.007782101167315175
stop,thing,2,18,257,0.007782101167315175
stop,mia,2,19,257,0.007782101167315175
stop,melissa,2,20,257,0.007782101167315175
stop,kiki,1,21,257,0.0038910505836575876
stop,father,1,22,257,0.0038910505836575876
stop,boy,1,23,257,0.0038910505836575876
stop,two,1,24,257,0.0038910505836575876
stop,girl,1,25,257,0.0038910505836575876
stop,cookie,1,26,257,0.0038910505836575876
stop,junior,1,27,257,0.0038910505836575876
stop,troop,1,28,257,0.0038910505836575876
stop,bell,1,29,257,0.0038910505836575876
stop,guest,1,30,257,0.0038910505836575876
stop,bubble,1,31,257,0.0038910505836575876
stop,brenda,1,32,257,0.0038910505836575876
stop,horse,1,33,257,0.0038910505836575876
stop,peter,1,34,257,0.0038910505836575876
stop,everyone,1,35,257,0.0038910505836575876
stop,bunny,1,36,257,0.0038910505836575876
stop,monster,1,37,257,0.0038910505836575876
stop,anyone,1,38,257,0.0038910505836575876
stop,bro,1,39,257,0.0038910505836575876
stop,phone,1,40,257,0.0038910505836575876
stop,abe,1,41,257,0.0038910505836575876
stop,snow,1,42,257,0.0038910505836575876
stop,february,1,43,257,0.0038910505836575876
stop,dexter,1,44,257,0.0038910505836575876
stop,rain,1,45,257,0.0038910505836575876
stop,car,1,46,257,0.0038910505836575876
stop,deidre,1,47,257,0.0038910505836575876
stop,jennifer,1,48,257,0.0038910505836575876
stop,robert,1,49,257,0.0038910505836575876
stop,jt,1,50,257,0.0038910505836575876
stop,man,1,51,257,0.0038910505836575876
stop,torrence,1,52,257,0.0038910505836575876
stop,watch,1,53,257,0.0038910505836575876
stop,mother,1,54,257,0.0038910505836575876
stop,family,1,55,257,0.0038910505836575876
stop,graeme,1,56,257,0.0038910505836575876
stop,jimmy,1,57,257,0.0038910505836575876
stop,bobby,1,58,257,0.0038910505836575876
stop,joey,1,59,257,0.0038910505836575876
wear,you,96,1,257,0.3735408560311284
wear,i,60,2,257,0.23346303501945526
wear,he,25,3,257,0.09727626459143969
wear,who,15,4,257,0.058365758754863814
wear,she,12,5,257,0.04669260700389105
wear,they,7,6,257,0.027237354085603113
wear,we,3,7,257,0.011673151750972763
wear,it,3,8,257,0.011673151750972763
wear,girl,3,9,257,0.011673151750972763
wear,david,3,10,257,0.011673151750972763
wear,daddy,2,11,257,0.007782101167315175
wear,mommy,2,12,257,0.007782101167315175
wear,somebody,2,13,257,0.007782101167315175
wear,bozo,2,14,257,0.007782101167315175
wear,everybody,2,15,257,0.007782101167315175
wear,person,2,16,257,0.007782101167315175
wear,one,2,17,257,0.007782101167315175
wear,dog,1,18,257,0.0038910505836575876
wear,tj,1,19,257,0.0038910505836575876
wear,that,1,20,257,0.0038910505836575876
wear,mother,1,21,257,0.0038910505836575876
wear,type,1,22,257,0.0038910505836575876
wear,firemen,1,23,257,0.0038910505836575876
wear,uncle,1,24,257,0.0038910505836575876
wear,flopsie,1,25,257,0.0038910505836575876
wear,useta,1,26,257,0.0038910505836575876
wear,barry,1,27,257,0.0038910505836575876
wear,peggy,1,28,257,0.0038910505836575876
wear,both,1,29,257,0.0038910505836575876
wear,julia,1,30,257,0.0038910505836575876
wear,daniel,1,31,257,0.0038910505836575876
wear,child,1,32,257,0.0038910505836575876
wear,cat,1,33,257,0.0038910505836575876
hold,you,87,1,256,0.33984375
hold,i,79,2,256,0.30859375
hold,he,12,3,256,0.046875
hold,they,12,4,256,0.046875
hold,she,8,5,256,0.03125
hold,we,7,6,256,0.02734375
hold,it,6,7,256,0.0234375
hold,that,4,8,256,0.015625
hold,who,4,9,256,0.015625
hold,what,3,10,256,0.01171875
hold,this,3,11,256,0.01171875
hold,person,2,12,256,0.0078125
hold,anthony,2,13,256,0.0078125
hold,tub,2,14,256,0.0078125
hold,mommy,2,15,256,0.0078125
hold,sarah,1,16,256,0.00390625
hold,donny,1,17,256,0.00390625
hold,helmet,1,18,256,0.00390625
hold,rudolf,1,19,256,0.00390625
hold,doll,1,20,256,0.00390625
hold,christopher,1,21,256,0.00390625
hold,bear,1,22,256,0.00390625
hold,yo,1,23,256,0.00390625
hold,winniethepooh,1,24,256,0.00390625
hold,louise,1,25,256,0.00390625
hold,guy,1,26,256,0.00390625
hold,dog,1,27,256,0.00390625
hold,baby,1,28,256,0.00390625
hold,octopus,1,29,256,0.00390625
hold,brett,1,30,256,0.00390625
hold,one,1,31,256,0.00390625
hold,mia,1,32,256,0.00390625
hold,everybody,1,33,256,0.00390625
hold,weather,1,34,256,0.00390625
hold,joey,1,35,256,0.00390625
hold,bowl,1,36,256,0.00390625
hold,policemen,1,37,256,0.00390625
hold,your,1,38,256,0.00390625
fly,they,65,1,245,0.2653061224489796
fly,i,53,2,245,0.2163265306122449
fly,owl,53,3,245,0.2163265306122449
fly,he,23,4,245,0.09387755102040816
fly,it,15,5,245,0.061224489795918366
fly,you,6,6,245,0.024489795918367346
fly,that,3,7,245,0.012244897959183673
fly,balloon,3,8,245,0.012244897959183673
fly,kitchen,2,9,245,0.00816326530612245
fly,bird,2,10,245,0.00816326530612245
fly,bee,2,11,245,0.00816326530612245
fly,broom,2,12,245,0.00816326530612245
fly,mean,1,13,245,0.004081632653061225
fly,eagle,1,14,245,0.004081632653061225
fly,santa,1,15,245,0.004081632653061225
fly,we,1,16,245,0.004081632653061225
fly,butterfly,1,17,245,0.004081632653061225
fly,two,1,18,245,0.004081632653061225
fly,baby,1,19,245,0.004081632653061225
fly,who,1,20,245,0.004081632653061225
fly,tree,1,21,245,0.004081632653061225
fly,vehicle,1,22,245,0.004081632653061225
fly,car,1,23,245,0.004081632653061225
fly,what,1,24,245,0.004081632653061225
fly,she,1,25,245,0.004081632653061225
fly,brass,1,26,245,0.004081632653061225
fly,girl,1,27,245,0.004081632653061225
fly,kite,1,28,245,0.004081632653061225
hurt,it,73,1,239,0.3054393305439331
hurt,you,54,2,239,0.22594142259414227
hurt,that,28,3,239,0.11715481171548117
hurt,he,16,4,239,0.06694560669456066
hurt,they,12,5,239,0.0502092050209205
hurt,i,7,6,239,0.029288702928870293
hurt,she,5,7,239,0.02092050209205021
hurt,ear,4,8,239,0.016736401673640166
hurt,stomach,3,9,239,0.012552301255230125
hurt,throat,2,10,239,0.008368200836820083
hurt,tongue,2,11,239,0.008368200836820083
hurt,what,2,12,239,0.008368200836820083
hurt,head,2,13,239,0.008368200836820083
hurt,tooth,1,14,239,0.0041841004184100415
hurt,ribbon,1,15,239,0.0041841004184100415
hurt,belly,1,16,239,0.0041841004184100415
hurt,natalie,1,17,239,0.0041841004184100415
hurt,sis,1,18,239,0.0041841004184100415
hurt,whatchamacallit,1,19,239,0.0041841004184100415
hurt,momma,1,20,239,0.0041841004184100415
hurt,electricity,1,21,239,0.0041841004184100415
hurt,jewel,1,22,239,0.0041841004184100415
hurt,bull,1,23,239,0.0041841004184100415
hurt,your,1,24,239,0.0041841004184100415
hurt,useta,1,25,239,0.0041841004184100415
hurt,person,1,26,239,0.0041841004184100415
hurt,this,1,27,239,0.0041841004184100415
hurt,jason,1,28,239,0.0041841004184100415
hurt,set,1,29,239,0.0041841004184100415
hurt,leaf,1,30,239,0.0041841004184100415
hurt,thing,1,31,239,0.0041841004184100415
hurt,nobody,1,32,239,0.0041841004184100415
hurt,needle,1,33,239,0.0041841004184100415
hurt,meike,1,34,239,0.0041841004184100415
hurt,leg,1,35,239,0.0041841004184100415
hurt,ankle,1,36,239,0.0041841004184100415
hurt,grinding,1,37,239,0.0041841004184100415
hurt,back,1,38,239,0.0041841004184100415
hurt,chest,1,39,239,0.0041841004184100415
hurt,foot,1,40,239,0.0041841004184100415
hurt,steven,1,41,239,0.0041841004184100415
hurt,hand,1,42,239,0.0041841004184100415
write,you,109,1,232,0.4698275862068966
write,i,46,2,232,0.19827586206896552
write,she,15,3,232,0.06465517241379311
write,we,13,4,232,0.05603448275862069
write,he,8,5,232,0.034482758620689655
write,who,5,6,232,0.021551724137931036
write,it,4,7,232,0.017241379310344827
write,they,4,8,232,0.017241379310344827
write,that,3,9,232,0.01293103448275862
write,roland,3,10,232,0.01293103448275862
write,pen,2,11,232,0.008620689655172414
write,somebody,2,12,232,0.008620689655172414
write,langston,2,13,232,0.008620689655172414
write,teacher,2,14,232,0.008620689655172414
write,brett,2,15,232,0.008620689655172414
write,this,1,16,232,0.004310344827586207
write,pencil,1,17,232,0.004310344827586207
write,elf,1,18,232,0.004310344827586207
write,eric,1,19,232,0.004310344827586207
write,sister,1,20,232,0.004310344827586207
write,paula,1,21,232,0.004310344827586207
write,guy,1,22,232,0.004310344827586207
write,bill,1,23,232,0.004310344827586207
write,one,1,24,232,0.004310344827586207
write,writing,1,25,232,0.004310344827586207
write,ashley,1,26,232,0.004310344827586207
write,daddy,1,27,232,0.004310344827586207
break,you,67,1,224,0.29910714285714285
break,it,29,2,224,0.12946428571428573
break,i,27,3,224,0.12053571428571429
break,they,20,4,224,0.08928571428571429
break,he,15,5,224,0.06696428571428571
break,that,9,6,224,0.04017857142857143
break,one,5,7,224,0.022321428571428572
break,we,5,8,224,0.022321428571428572
break,branch,5,9,224,0.022321428571428572
break,she,4,10,224,0.017857142857142856
break,your,3,11,224,0.013392857142857142
break,nothing,2,12,224,0.008928571428571428
break,end,2,13,224,0.008928571428571428
break,careful,1,14,224,0.004464285714285714
break,adam,1,15,224,0.004464285714285714
break,bone,1,16,224,0.004464285714285714
break,vessel,1,17,224,0.004464285714285714
break,teacher,1,18,224,0.004464285714285714
break,bill,1,19,224,0.004464285714285714
break,sarah,1,20,224,0.004464285714285714
break,whistle,1,21,224,0.004464285714285714
break,limb,1,22,224,0.004464285714285714
break,sabato,1,23,224,0.004464285714285714
break,who,1,24,224,0.004464285714285714
break,chi,1,25,224,0.004464285714285714
break,marky,1,26,224,0.004464285714285714
break,speeder,1,27,224,0.004464285714285714
break,camera,1,28,224,0.004464285714285714
break,sticker,1,29,224,0.004464285714285714
break,bridge,1,30,224,0.004464285714285714
break,point,1,31,224,0.004464285714285714
break,car,1,32,224,0.004464285714285714
break,youall,1,33,224,0.004464285714285714
break,voice,1,34,224,0.004464285714285714
break,somebody,1,35,224,0.004464285714285714
break,board,1,36,224,0.004464285714285714
break,shell,1,37,224,0.004464285714285714
break,ear,1,38,224,0.004464285714285714
break,glasses,1,39,224,0.004464285714285714
break,joe,1,40,224,0.004464285714285714
break,mommy,1,41,224,0.004464285714285714
break,eye,1,42,224,0.004464285714285714
break,this,1,43,224,0.004464285714285714
break,bed,1,44,224,0.004464285714285714
live,you,59,1,218,0.2706422018348624
live,they,30,2,218,0.13761467889908258
live,he,24,3,218,0.11009174311926606
live,i,22,4,218,0.10091743119266056
live,who,12,5,218,0.05504587155963303
live,she,11,6,218,0.05045871559633028
live,we,9,7,218,0.04128440366972477
live,that,5,8,218,0.022935779816513763
live,it,4,9,218,0.01834862385321101
live,thing,3,10,218,0.013761467889908258
live,useta,2,11,218,0.009174311926605505
live,person,2,12,218,0.009174311926605505
live,andrew,2,13,218,0.009174311926605505
live,timothy,1,14,218,0.0045871559633027525
live,whale,1,15,218,0.0045871559633027525
live,skunk,1,16,218,0.0045871559633027525
live,girl,1,17,218,0.0045871559633027525
live,fish,1,18,218,0.0045871559633027525
live,dog,1,19,218,0.0045871559633027525
live,giant,1,20,218,0.0045871559633027525
live,sis,1,21,218,0.0045871559633027525
live,winnie,1,22,218,0.0045871559633027525
live,grandmother,1,23,218,0.0045871559633027525
live,grandma,1,24,218,0.0045871559633027525
live,dinosaur,1,25,218,0.0045871559633027525
live,jason,1,26,218,0.0045871559633027525
live,needta,1,27,218,0.0045871559633027525
live,woebegone,1,28,218,0.0045871559633027525
live,bear,1,29,218,0.0045871559633027525
live,clifford,1,30,218,0.0045871559633027525
live,tony,1,31,218,0.0045871559633027525
live,march,1,32,218,0.0045871559633027525
live,somebody,1,33,218,0.0045871559633027525
live,dollar,1,34,218,0.0045871559633027525
live,goat,1,35,218,0.0045871559633027525
live,bruce,1,36,218,0.0045871559633027525
live,guy,1,37,218,0.0045871559633027525
live,cake,1,38,218,0.0045871559633027525
live,adrienne,1,39,218,0.0045871559633027525
live,brother,1,40,218,0.0045871559633027525
live,lobster,1,41,218,0.0045871559633027525
live,meike,1,42,218,0.0045871559633027525
live,woman,1,43,218,0.0045871559633027525
live,bobby,1,44,218,0.0045871559633027525
live,everybody,1,45,218,0.0045871559633027525
live,adam,1,46,218,0.0045871559633027525
throw,you,84,1,200,0.42
throw,i,40,2,200,0.2
throw,he,13,3,200,0.065
throw,they,12,4,200,0.06
throw,she,12,5,200,0.06
throw,we,10,6,200,0.05
throw,who,10,7,200,0.05
throw,someone,2,8,200,0.01
throw,tunde,2,9,200,0.01
throw,chucky,1,10,200,0.005
throw,somebody,1,11,200,0.005
throw,cinderella,1,12,200,0.005
throw,paddington,1,13,200,0.005
throw,kitty,1,14,200,0.005
throw,rick,1,15,200,0.005
throw,what,1,16,200,0.005
throw,turn,1,17,200,0.005
throw,robert,1,18,200,0.005
throw,man,1,19,200,0.005
throw,tish,1,20,200,0.005
throw,zoe,1,21,200,0.005
throw,david,1,22,200,0.005
throw,deedee,1,23,200,0.005
throw,person,1,24,200,0.005
listen,you,85,1,200,0.425
listen,i,47,2,200,0.235
listen,he,14,3,200,0.07
listen,we,14,4,200,0.07
listen,she,6,5,200,0.03
listen,it,5,6,200,0.025
listen,chi,4,7,200,0.02
listen,that,4,8,200,0.02
listen,person,3,9,200,0.015
listen,firstname,1,10,200,0.005
listen,sabato,1,11,200,0.005
listen,goofy,1,12,200,0.005
listen,nobody,1,13,200,0.005
listen,your,1,14,200,0.005
listen,mother,1,15,200,0.005
listen,harry,1,16,200,0.005
listen,boy,1,17,200,0.005
listen,hasta,1,18,200,0.005
listen,remi,1,19,200,0.005
listen,everybody,1,20,200,0.005
listen,they,1,21,200,0.005
listen,joey,1,22,200,0.005
listen,matt,1,23,200,0.005
listen,toddy,1,24,200,0.005
listen,anybody,1,25,200,0.005
listen,danny,1,26,200,0.005
listen,lisa,1,27,200,0.005
build,he,90,1,198,0.45454545454545453
build,you,55,2,198,0.2777777777777778
build,we,23,3,198,0.11616161616161616
build,i,8,4,198,0.04040404040404041
build,they,7,5,198,0.03535353535353535
build,katie,1,6,198,0.005050505050505051
build,mamma,1,7,198,0.005050505050505051
build,rich,1,8,198,0.005050505050505051
build,world,1,9,198,0.005050505050505051
build,dog,1,10,198,0.005050505050505051
build,father,1,11,198,0.005050505050505051
build,someone,1,12,198,0.005050505050505051
build,policeman,1,13,198,0.005050505050505051
build,grammy,1,14,198,0.005050505050505051
build,worker,1,15,198,0.005050505050505051
build,that,1,16,198,0.005050505050505051
build,sposta,1,17,198,0.005050505050505051
build,person,1,18,198,0.005050505050505051
build,jay,1,19,198,0.005050505050505051
build,who,1,20,198,0.005050505050505051
move,you,52,1,191,0.27225130890052357
move,i,32,2,191,0.16753926701570682
move,we,18,3,191,0.09424083769633508
move,it,17,4,191,0.08900523560209424
move,they,12,5,191,0.06282722513089005
move,she,8,6,191,0.041884816753926704
move,he,8,7,191,0.041884816753926704
move,that,5,8,191,0.02617801047120419
move,who,3,9,191,0.015706806282722512
move,jason,3,10,191,0.015706806282722512
move,thing,2,11,191,0.010471204188481676
move,mouth,2,12,191,0.010471204188481676
move,patrick,2,13,191,0.010471204188481676
move,one,2,14,191,0.010471204188481676
move,frog,2,15,191,0.010471204188481676
move,zoo,2,16,191,0.010471204188481676
move,william,2,17,191,0.010471204188481676
move,girl,1,18,191,0.005235602094240838
move,sister,1,19,191,0.005235602094240838
move,neighbor,1,20,191,0.005235602094240838
move,everything,1,21,191,0.005235602094240838
move,cousin,1,22,191,0.005235602094240838
move,lisa,1,23,191,0.005235602094240838
move,this,1,24,191,0.005235602094240838
move,child,1,25,191,0.005235602094240838
move,takisha,1,26,191,0.005235602094240838
move,ship,1,27,191,0.005235602094240838
move,cow,1,28,191,0.005235602094240838
move,person,1,29,191,0.005235602094240838
move,chair,1,30,191,0.005235602094240838
move,needle,1,31,191,0.005235602094240838
move,light,1,32,191,0.005235602094240838
move,lady,1,33,191,0.005235602094240838
move,everybody,1,34,191,0.005235602094240838
move,chain,1,35,191,0.005235602094240838
move,deedee,1,36,191,0.005235602094240838
drink,you,99,1,189,0.5238095238095238
drink,i,37,2,189,0.19576719576719576
drink,he,14,3,189,0.07407407407407407
drink,she,8,4,189,0.042328042328042326
drink,we,7,5,189,0.037037037037037035
drink,they,6,6,189,0.031746031746031744
drink,that,2,7,189,0.010582010582010581
drink,who,1,8,189,0.005291005291005291
drink,child,1,9,189,0.005291005291005291
drink,daddy,1,10,189,0.005291005291005291
drink,owl,1,11,189,0.005291005291005291
drink,chi,1,12,189,0.005291005291005291
drink,kitty,1,13,189,0.005291005291005291
drink,haft,1,14,189,0.005291005291005291
drink,whale,1,15,189,0.005291005291005291
drink,bobby,1,16,189,0.005291005291005291
drink,it,1,17,189,0.005291005291005291
drink,suppose,1,18,189,0.005291005291005291
drink,steve,1,19,189,0.005291005291005291
drink,alvin,1,20,189,0.005291005291005291
drink,roland,1,21,189,0.005291005291005291
drink,plant,1,22,189,0.005291005291005291
drink,banana,1,23,189,0.005291005291005291
catch,you,49,1,181,0.27071823204419887
catch,i,42,2,181,0.23204419889502761
catch,they,18,3,181,0.09944751381215469
catch,he,17,4,181,0.09392265193370165
catch,who,13,5,181,0.0718232044198895
catch,she,5,6,181,0.027624309392265192
catch,one,3,7,181,0.016574585635359115
catch,daddy,3,8,181,0.016574585635359115
catch,it,3,9,181,0.016574585635359115
catch,we,2,10,181,0.011049723756906077
catch,gail,2,11,181,0.011049723756906077
catch,grownup,2,12,181,0.011049723756906077
catch,boy,2,13,181,0.011049723756906077
catch,girl,2,14,181,0.011049723756906077
catch,titch,2,15,181,0.011049723756906077
catch,philip,2,16,181,0.011049723756906077
catch,summer,2,17,181,0.011049723756906077
catch,fisherman,1,18,181,0.0055248618784530384
catch,firstname,1,19,181,0.0055248618784530384
catch,peter,1,20,181,0.0055248618784530384
catch,mother,1,21,181,0.0055248618784530384
catch,cat,1,22,181,0.0055248618784530384
catch,dog,1,23,181,0.0055248618784530384
catch,mr,1,24,181,0.0055248618784530384
catch,spider,1,25,181,0.0055248618784530384
catch,harry,1,26,181,0.0055248618784530384
catch,someone,1,27,181,0.0055248618784530384
catch,that,1,28,181,0.0055248618784530384
catch,hafta,1,29,181,0.0055248618784530384
win,you,75,1,176,0.42613636363636365
win,i,40,2,176,0.22727272727272727
win,who,19,3,176,0.10795454545454546
win,he,14,4,176,0.07954545454545454
win,we,4,5,176,0.022727272727272728
win,uncle,2,6,176,0.011363636363636364
win,dinosaur,2,7,176,0.011363636363636364
win,they,2,8,176,0.011363636363636364
win,one,2,9,176,0.011363636363636364
win,bapo,2,10,176,0.011363636363636364
win,kathy,1,11,176,0.005681818181818182
win,dad,1,12,176,0.005681818181818182
win,person,1,13,176,0.005681818181818182
win,jimmy,1,14,176,0.005681818181818182
win,everybody,1,15,176,0.005681818181818182
win,she,1,16,176,0.005681818181818182
win,my,1,17,176,0.005681818181818182
win,dallas,1,18,176,0.005681818181818182
win,mia,1,19,176,0.005681818181818182
win,von,1,20,176,0.005681818181818182
win,knicks,1,21,176,0.005681818181818182
win,michael,1,22,176,0.005681818181818182
win,robert,1,23,176,0.005681818181818182
win,daddy,1,24,176,0.005681818181818182
understand,i,104,1,176,0.5909090909090909
understand,you,37,2,176,0.21022727272727273
understand,he,8,3,176,0.045454545454545456
understand,they,7,4,176,0.03977272727272727
understand,we,6,5,176,0.03409090909090909
understand,she,4,6,176,0.022727272727272728
understand,it,2,7,176,0.011363636363636364
understand,joan,1,8,176,0.005681818181818182
understand,daddy,1,9,176,0.005681818181818182
understand,jwww,1,10,176,0.005681818181818182
understand,zzz,1,11,176,0.005681818181818182
understand,one,1,12,176,0.005681818181818182
understand,mommy,1,13,176,0.005681818181818182
understand,yall,1,14,176,0.005681818181818182
understand,everybody,1,15,176,0.005681818181818182
lose,you,79,1,176,0.44886363636363635
lose,i,39,2,176,0.2215909090909091
lose,he,17,3,176,0.09659090909090909
lose,we,8,4,176,0.045454545454545456
lose,she,8,5,176,0.045454545454545456
lose,they,2,6,176,0.011363636363636364
lose,it,2,7,176,0.011363636363636364
lose,claude,2,8,176,0.011363636363636364
lose,somebody,2,9,176,0.011363636363636364
lose,whoever,2,10,176,0.011363636363636364
lose,that,1,11,176,0.005681818181818182
lose,man,1,12,176,0.005681818181818182
lose,who,1,13,176,0.005681818181818182
lose,all,1,14,176,0.005681818181818182
lose,peter,1,15,176,0.005681818181818182
lose,parent,1,16,176,0.005681818181818182
lose,dexter,1,17,176,0.005681818181818182
lose,thing,1,18,176,0.005681818181818182
lose,part,1,19,176,0.005681818181818182
lose,jill,1,20,176,0.005681818181818182
lose,tree,1,21,176,0.005681818181818182
lose,person,1,22,176,0.005681818181818182
lose,mother,1,23,176,0.005681818181818182
lose,anybody,1,24,176,0.005681818181818182
lose,both,1,25,176,0.005681818181818182
jump,you,39,1,176,0.2215909090909091
jump,he,30,2,176,0.17045454545454544
jump,who,24,3,176,0.13636363636363635
jump,i,14,4,176,0.07954545454545454
jump,cat,12,5,176,0.06818181818181818
jump,they,9,6,176,0.05113636363636364
jump,it,4,7,176,0.022727272727272728
jump,dog,4,8,176,0.022727272727272728
jump,man,3,9,176,0.017045454545454544
jump,cow,3,10,176,0.017045454545454544
jump,egg,3,11,176,0.017045454545454544
jump,mickey,3,12,176,0.017045454545454544
jump,we,3,13,176,0.017045454545454544
jump,that,2,14,176,0.011363636363636364
jump,she,2,15,176,0.011363636363636364
jump,needle,2,16,176,0.011363636363636364
jump,fox,2,17,176,0.011363636363636364
jump,all,1,18,176,0.005681818181818182
jump,lion,1,19,176,0.005681818181818182
jump,doggie,1,20,176,0.005681818181818182
jump,kangaroo,1,21,176,0.005681818181818182
jump,friend,1,22,176,0.005681818181818182
jump,bunny,1,23,176,0.005681818181818182
jump,mat,1,24,176,0.005681818181818182
jump,sis,1,25,176,0.005681818181818182
jump,chi,1,26,176,0.005681818181818182
jump,tiger,1,27,176,0.005681818181818182
jump,elephant,1,28,176,0.005681818181818182
jump,frog,1,29,176,0.005681818181818182
jump,somebody,1,30,176,0.005681818181818182
jump,meike,1,31,176,0.005681818181818182
jump,popcorn,1,32,176,0.005681818181818182
jump,kayode,1,33,176,0.005681818181818182
jump,one,1,34,176,0.005681818181818182
sound,that,75,1,171,0.43859649122807015
sound,it,40,2,171,0.23391812865497075
sound,you,24,3,171,0.14035087719298245
sound,he,4,4,171,0.023391812865497075
sound,i,3,5,171,0.017543859649122806
sound,this,2,6,171,0.011695906432748537
sound,what,2,7,171,0.011695906432748537
sound,she,2,8,171,0.011695906432748537
sound,they,2,9,171,0.011695906432748537
sound,bell,2,10,171,0.011695906432748537
sound,uncle,1,11,171,0.005847953216374269
sound,which,1,12,171,0.005847953216374269
sound,speaker,1,13,171,0.005847953216374269
sound,guy,1,14,171,0.005847953216374269
sound,tornado,1,15,171,0.005847953216374269
sound,music,1,16,171,0.005847953216374269
sound,thing,1,17,171,0.005847953216374269
sound,voice,1,18,171,0.005847953216374269
sound,static,1,19,171,0.005847953216374269
sound,driver,1,20,171,0.005847953216374269
sound,part,1,21,171,0.005847953216374269
sound,bill,1,22,171,0.005847953216374269
sound,p,1,23,171,0.005847953216374269
sound,tape,1,24,171,0.005847953216374269
sound,nose,1,25,171,0.005847953216374269
cut,you,66,1,171,0.38596491228070173
cut,i,48,2,171,0.2807017543859649
cut,they,9,3,171,0.05263157894736842
cut,we,8,4,171,0.04678362573099415
cut,she,7,5,171,0.04093567251461988
cut,who,5,6,171,0.029239766081871343
cut,it,4,7,171,0.023391812865497075
cut,he,3,8,171,0.017543859649122806
cut,mommy,2,9,171,0.011695906432748537
cut,boy,1,10,171,0.005847953216374269
cut,rose,1,11,171,0.005847953216374269
cut,queen,1,12,171,0.005847953216374269
cut,nicky,1,13,171,0.005847953216374269
cut,minnie,1,14,171,0.005847953216374269
cut,sis,1,15,171,0.005847953216374269
cut,scissors,1,16,171,0.005847953216374269
cut,somebody,1,17,171,0.005847953216374269
cut,knife,1,18,171,0.005847953216374269
cut,beaver,1,19,171,0.005847953216374269
cut,michele,1,20,171,0.005847953216374269
cut,sean,1,21,171,0.005847953216374269
cut,ronnie,1,22,171,0.005847953216374269
cut,christopher,1,23,171,0.005847953216374269
cut,steven,1,24,171,0.005847953216374269
cut,richard,1,25,171,0.005847953216374269
cut,graeme,1,26,171,0.005847953216374269
cut,wanna,1,27,171,0.005847953216374269
cut,summer,1,28,171,0.005847953216374269
grow,you,49,1,166,0.29518072289156627
grow,it,27,2,166,0.16265060240963855
grow,i,18,3,166,0.10843373493975904
grow,he,15,4,166,0.09036144578313253
grow,they,9,5,166,0.05421686746987952
grow,that,6,6,166,0.03614457831325301
grow,we,4,7,166,0.024096385542168676
grow,firstname,4,8,166,0.024096385542168676
grow,she,3,9,166,0.018072289156626505
grow,bambi,3,10,166,0.018072289156626505
grow,what,2,11,166,0.012048192771084338
grow,one,2,12,166,0.012048192771084338
grow,plant,2,13,166,0.012048192771084338
grow,orange,2,14,166,0.012048192771084338
grow,hasta,1,15,166,0.006024096385542169
grow,something,1,16,166,0.006024096385542169
grow,flower,1,17,166,0.006024096385542169
grow,kitten,1,18,166,0.006024096385542169
grow,corn,1,19,166,0.006024096385542169
grow,who,1,20,166,0.006024096385542169
grow,mammal,1,21,166,0.006024096385542169
grow,wolf,1,22,166,0.006024096385542169
grow,fingernail,1,23,166,0.006024096385542169
grow,all,1,24,166,0.006024096385542169
grow,needta,1,25,166,0.006024096385542169
grow,monster,1,26,166,0.006024096385542169
grow,grandma,1,27,166,0.006024096385542169
grow,hair,1,28,166,0.006024096385542169
grow,baby,1,29,166,0.006024096385542169
grow,carrot,1,30,166,0.006024096385542169
grow,present,1,31,166,0.006024096385542169
grow,daddy,1,32,166,0.006024096385542169
grow,grain,1,33,166,0.006024096385542169
grow,turnip,1,34,166,0.006024096385542169
hit,you,65,1,164,0.39634146341463417
hit,i,32,2,164,0.1951219512195122
hit,he,17,3,164,0.10365853658536585
hit,it,12,4,164,0.07317073170731707
hit,they,7,5,164,0.042682926829268296
hit,she,5,6,164,0.03048780487804878
hit,we,5,7,164,0.03048780487804878
hit,don,2,8,164,0.012195121951219513
hit,what,2,9,164,0.012195121951219513
hit,one,2,10,164,0.012195121951219513
hit,david,2,11,164,0.012195121951219513
hit,sun,1,12,164,0.006097560975609756
hit,kim,1,13,164,0.006097560975609756
hit,someone,1,14,164,0.006097560975609756
hit,foot,1,15,164,0.006097560975609756
hit,somebody,1,16,164,0.006097560975609756
hit,who,1,17,164,0.006097560975609756
hit,light,1,18,164,0.006097560975609756
hit,this,1,19,164,0.006097560975609756
hit,racquet,1,20,164,0.006097560975609756
hit,cow,1,21,164,0.006097560975609756
hit,steven,1,22,164,0.006097560975609756
hit,microphone,1,23,164,0.006097560975609756
hit,willem,1,24,164,0.006097560975609756
taste,it,69,1,162,0.42592592592592593
taste,you,32,2,162,0.19753086419753085
taste,they,15,3,162,0.09259259259259259
taste,that,12,4,162,0.07407407407407407
taste,i,8,5,162,0.04938271604938271
taste,butter,3,6,162,0.018518518518518517
taste,your,2,7,162,0.012345679012345678
taste,she,2,8,162,0.012345679012345678
taste,my,2,9,162,0.012345679012345678
taste,egg,1,10,162,0.006172839506172839
taste,coffee,1,11,162,0.006172839506172839
taste,milk,1,12,162,0.006172839506172839
taste,stuff,1,13,162,0.006172839506172839
taste,brain,1,14,162,0.006172839506172839
taste,duey,1,15,162,0.006172839506172839
taste,sandwich,1,16,162,0.006172839506172839
taste,chop,1,17,162,0.006172839506172839
taste,we,1,18,162,0.006172839506172839
taste,thing,1,19,162,0.006172839506172839
taste,he,1,20,162,0.006172839506172839
taste,deidre,1,21,162,0.006172839506172839
taste,mine,1,22,162,0.006172839506172839
taste,rice,1,23,162,0.006172839506172839
taste,other,1,24,162,0.006172839506172839
taste,applesauce,1,25,162,0.006172839506172839
taste,food,1,26,162,0.006172839506172839
miss,you,70,1,161,0.43478260869565216
miss,i,40,2,161,0.2484472049689441
miss,we,21,3,161,0.13043478260869565
miss,he,6,4,161,0.037267080745341616
miss,she,4,5,161,0.024844720496894408
miss,they,4,6,161,0.024844720496894408
miss,that,2,7,161,0.012422360248447204
miss,one,2,8,161,0.012422360248447204
miss,who,2,9,161,0.012422360248447204
miss,pooh,1,10,161,0.006211180124223602
miss,hadta,1,11,161,0.006211180124223602
miss,gramma,1,12,161,0.006211180124223602
miss,it,1,13,161,0.006211180124223602
miss,seven,1,14,161,0.006211180124223602
miss,abraham,1,15,161,0.006211180124223602
miss,everybody,1,16,161,0.006211180124223602
miss,person,1,17,161,0.006211180124223602
miss,howabout,1,18,161,0.006211180124223602
miss,philip,1,19,161,0.006211180124223602
open,you,55,1,161,0.3416149068322981
open,i,22,2,161,0.13664596273291926
open,he,14,3,161,0.08695652173913043
open,she,8,4,161,0.049689440993788817
open,we,6,5,161,0.037267080745341616
open,it,6,6,161,0.037267080745341616
open,they,6,7,161,0.037267080745341616
open,that,4,8,161,0.024844720496894408
open,eye,3,9,161,0.018633540372670808
open,door,2,10,161,0.012422360248447204
open,pascal,2,11,161,0.012422360248447204
open,paul,1,12,161,0.006211180124223602
open,mrs,1,13,161,0.006211180124223602
open,mother,1,14,161,0.006211180124223602
open,curtain,1,15,161,0.006211180124223602
open,this,1,16,161,0.006211180124223602
open,drawer,1,17,161,0.006211180124223602
open,junior,1,18,161,0.006211180124223602
open,cinderella,1,19,161,0.006211180124223602
open,which,1,20,161,0.006211180124223602
open,rosamund,1,21,161,0.006211180124223602
open,key,1,22,161,0.006211180124223602
open,chi,1,23,161,0.006211180124223602
open,minnie,1,24,161,0.006211180124223602
open,giant,1,25,161,0.006211180124223602
open,greta,1,26,161,0.006211180124223602
open,rabbit,1,27,161,0.006211180124223602
open,snake,1,28,161,0.006211180124223602
open,somebody,1,29,161,0.006211180124223602
open,brett,1,30,161,0.006211180124223602
open,nobody,1,31,161,0.006211180124223602
open,mommy,1,32,161,0.006211180124223602
open,chris,1,33,161,0.006211180124223602
open,person,1,34,161,0.006211180124223602
open,christine,1,35,161,0.006211180124223602
open,derwood,1,36,161,0.006211180124223602
open,philip,1,37,161,0.006211180124223602
open,jerry,1,38,161,0.006211180124223602
open,eric,1,39,161,0.006211180124223602
open,bobby,1,40,161,0.006211180124223602
open,one,1,41,161,0.006211180124223602
open,kayode,1,42,161,0.006211180124223602
open,who,1,43,161,0.006211180124223602
open,inorderto,1,44,161,0.006211180124223602
sing,you,54,1,159,0.33962264150943394
sing,she,25,2,159,0.15723270440251572
sing,we,20,3,159,0.12578616352201258
sing,i,13,4,159,0.08176100628930817
sing,they,7,5,159,0.0440251572327044
sing,lady,7,6,159,0.0440251572327044
sing,he,6,7,159,0.03773584905660377
sing,chi,3,8,159,0.018867924528301886
sing,that,3,9,159,0.018867924528301886
sing,who,3,10,159,0.018867924528301886
sing,everybody,2,11,159,0.012578616352201259
sing,patrick,2,12,159,0.012578616352201259
sing,bird,1,13,159,0.006289308176100629
sing,tweet,1,14,159,0.006289308176100629
sing,one,1,15,159,0.006289308176100629
sing,shayla,1,16,159,0.006289308176100629
sing,winnie,1,17,159,0.006289308176100629
sing,dad,1,18,159,0.006289308176100629
sing,abe,1,19,159,0.006289308176100629
sing,teacher,1,20,159,0.006289308176100629
sing,door,1,21,159,0.006289308176100629
sing,kip,1,22,159,0.006289308176100629
sing,jennifer,1,23,159,0.006289308176100629
sing,oo,1,24,159,0.006289308176100629
sing,roland,1,25,159,0.006289308176100629
sing,mommy,1,26,159,0.006289308176100629
sleep,you,65,1,151,0.4304635761589404
sleep,he,17,2,151,0.11258278145695365
sleep,they,15,3,151,0.09933774834437085
sleep,i,14,4,151,0.09271523178807947
sleep,she,7,5,151,0.046357615894039736
sleep,we,6,6,151,0.039735099337748346
sleep,shari,2,7,151,0.013245033112582781
sleep,who,2,8,151,0.013245033112582781
sleep,guy,2,9,151,0.013245033112582781
sleep,paul,1,10,151,0.006622516556291391
sleep,boy,1,11,151,0.006622516556291391
sleep,sharon,1,12,151,0.006622516556291391
sleep,rest,1,13,151,0.006622516556291391
sleep,chi,1,14,151,0.006622516556291391
sleep,dog,1,15,151,0.006622516556291391
sleep,bee,1,16,151,0.006622516556291391
sleep,animal,1,17,151,0.006622516556291391
sleep,calve,1,18,151,0.006622516556291391
sleep,grover,1,19,151,0.006622516556291391
sleep,mother,1,20,151,0.006622516556291391
sleep,both,1,21,151,0.006622516556291391
sleep,child,1,22,151,0.006622516556291391
sleep,dinosaur,1,23,151,0.006622516556291391
sleep,it,1,24,151,0.006622516556291391
sleep,harry,1,25,151,0.006622516556291391
sleep,david,1,26,151,0.006622516556291391
sleep,sleeping,1,27,151,0.006622516556291391
sleep,scout,1,28,151,0.006622516556291391
sleep,baby,1,29,151,0.006622516556291391
sleep,owl,1,30,151,0.006622516556291391
haft,you,82,1,147,0.5578231292517006
haft,i,32,2,147,0.21768707482993196
haft,we,19,3,147,0.1292517006802721
haft,they,5,4,147,0.034013605442176874
haft,he,4,5,147,0.027210884353741496
haft,she,2,6,147,0.013605442176870748
haft,person,1,7,147,0.006802721088435374
haft,guy,1,8,147,0.006802721088435374
haft,jason,1,9,147,0.006802721088435374
bet,i,136,1,145,0.9379310344827586
bet,you,6,2,145,0.041379310344827586
bet,he,2,3,145,0.013793103448275862
bet,person,1,4,145,0.006896551724137931
fix,i,60,1,144,0.4166666666666667
fix,you,40,2,144,0.2777777777777778
fix,we,12,3,144,0.08333333333333333
fix,who,7,4,144,0.04861111111111111
fix,they,7,5,144,0.04861111111111111
fix,he,5,6,144,0.034722222222222224
fix,daddy,3,7,144,0.020833333333333332
fix,she,2,8,144,0.013888888888888888
fix,firstname,1,9,144,0.006944444444444444
fix,member,1,10,144,0.006944444444444444
fix,one,1,11,144,0.006944444444444444
fix,chi,1,12,144,0.006944444444444444
fix,nana,1,13,144,0.006944444444444444
fix,it,1,14,144,0.006944444444444444
fix,mother,1,15,144,0.006944444444444444
fix,derwood,1,16,144,0.006944444444444444
wanna,you,81,1,144,0.5625
wanna,i,52,2,144,0.3611111111111111
wanna,he,5,3,144,0.034722222222222224
wanna,it,2,4,144,0.013888888888888888
wanna,they,1,5,144,0.006944444444444444
wanna,guy,1,6,144,0.006944444444444444
wanna,she,1,7,144,0.006944444444444444
wanna,we,1,8,144,0.006944444444444444
could,i,43,1,143,0.3006993006993007
could,you,38,2,143,0.26573426573426573
could,he,13,3,143,0.09090909090909091
could,we,11,4,143,0.07692307692307693
could,it,9,5,143,0.06293706293706294
could,they,7,6,143,0.04895104895104895
could,she,5,7,143,0.03496503496503497
could,who,4,8,143,0.027972027972027972
could,firstname,2,9,143,0.013986013986013986
could,that,2,10,143,0.013986013986013986
could,one,2,11,143,0.013986013986013986
could,cookie,1,12,143,0.006993006993006993
could,anybody,1,13,143,0.006993006993006993
could,teenager,1,14,143,0.006993006993006993
could,kid,1,15,143,0.006993006993006993
could,kate,1,16,143,0.006993006993006993
could,coyote,1,17,143,0.006993006993006993
could,story,1,18,143,0.006993006993006993
learn,you,89,1,141,0.6312056737588653
learn,they,12,2,141,0.0851063829787234
learn,i,12,3,141,0.0851063829787234
learn,we,9,4,141,0.06382978723404255
learn,he,6,5,141,0.0425531914893617
learn,she,3,6,141,0.02127659574468085
learn,person,1,7,141,0.0070921985815602835
learn,kiki,1,8,141,0.0070921985815602835
learn,fish,1,9,141,0.0070921985815602835
learn,sarah,1,10,141,0.0070921985815602835
learn,father,1,11,141,0.0070921985815602835
learn,bears,1,12,141,0.0070921985815602835
learn,anyone,1,13,141,0.0070921985815602835
learn,who,1,14,141,0.0070921985815602835
learn,prudence,1,15,141,0.0070921985815602835
learn,sport,1,16,141,0.0070921985815602835
wonder,i,123,1,138,0.8913043478260869
wonder,she,4,2,138,0.028985507246376812
wonder,you,4,3,138,0.028985507246376812
wonder,he,2,4,138,0.014492753623188406
wonder,sarah,1,5,138,0.007246376811594203
wonder,everyone,1,6,138,0.007246376811594203
wonder,alice,1,7,138,0.007246376811594203
wonder,we,1,8,138,0.007246376811594203
wonder,they,1,9,138,0.007246376811594203
hope,i,124,1,137,0.9051094890510949
hope,you,5,2,137,0.0364963503649635
hope,we,4,3,137,0.029197080291970802
hope,who,1,4,137,0.0072992700729927005
hope,they,1,5,137,0.0072992700729927005
hope,good,1,6,137,0.0072992700729927005
hope,michael,1,7,137,0.0072992700729927005
wash,you,65,1,133,0.48872180451127817
wash,i,38,2,133,0.2857142857142857
wash,we,12,3,133,0.09022556390977443
wash,it,3,4,133,0.022556390977443608
wash,she,2,5,133,0.015037593984962405
wash,he,2,6,133,0.015037593984962405
wash,everybody,2,7,133,0.015037593984962405
wash,woman,1,8,133,0.007518796992481203
wash,this,1,9,133,0.007518796992481203
wash,kitten,1,10,133,0.007518796992481203
wash,hand,1,11,133,0.007518796992481203
wash,keisha,1,12,133,0.007518796992481203
wash,david,1,13,133,0.007518796992481203
wash,stephanie,1,14,133,0.007518796992481203
wash,liquid,1,15,133,0.007518796992481203
wash,lisa,1,16,133,0.007518796992481203
cry,you,38,1,132,0.2878787878787879
cry,he,18,2,132,0.13636363636363635
cry,she,14,3,132,0.10606060606060606
cry,i,13,4,132,0.09848484848484848
cry,baby,4,5,132,0.030303030303030304
cry,who,4,6,132,0.030303030303030304
cry,they,3,7,132,0.022727272727272728
cry,person,2,8,132,0.015151515151515152
cry,something,2,9,132,0.015151515151515152
cry,child,2,10,132,0.015151515151515152
cry,curtis,2,11,132,0.015151515151515152
cry,it,2,12,132,0.015151515151515152
cry,one,2,13,132,0.015151515151515152
cry,elaine,1,14,132,0.007575757575757576
cry,don,1,15,132,0.007575757575757576
cry,birthday,1,16,132,0.007575757575757576
cry,oliver,1,17,132,0.007575757575757576
cry,someone,1,18,132,0.007575757575757576
cry,policeman,1,19,132,0.007575757575757576
cry,joe,1,20,132,0.007575757575757576
cry,bean,1,21,132,0.007575757575757576
cry,hen,1,22,132,0.007575757575757576
cry,harp,1,23,132,0.007575757575757576
cry,bunny,1,24,132,0.007575757575757576
cry,that,1,25,132,0.007575757575757576
cry,pascal,1,26,132,0.007575757575757576
cry,day,1,27,132,0.007575757575757576
cry,everyone,1,28,132,0.007575757575757576
cry,good,1,29,132,0.007575757575757576
cry,house,1,30,132,0.007575757575757576
cry,piggy,1,31,132,0.007575757575757576
cry,chi,1,32,132,0.007575757575757576
cry,we,1,33,132,0.007575757575757576
cry,register,1,34,132,0.007575757575757576
cry,money,1,35,132,0.007575757575757576
cry,robert,1,36,132,0.007575757575757576
cry,mother,1,37,132,0.007575757575757576
cry,david,1,38,132,0.007575757575757576
cry,nobody,1,39,132,0.007575757575757576
fit,it,51,1,131,0.3893129770992366
fit,they,23,2,131,0.17557251908396945
fit,he,10,3,131,0.07633587786259542
fit,you,8,4,131,0.061068702290076333
fit,that,6,5,131,0.04580152671755725
fit,this,5,6,131,0.03816793893129771
fit,i,5,7,131,0.03816793893129771
fit,one,3,8,131,0.022900763358778626
fit,she,2,9,131,0.015267175572519083
fit,car,2,10,131,0.015267175572519083
fit,person,2,11,131,0.015267175572519083
fit,most,1,12,131,0.007633587786259542
fit,what,1,13,131,0.007633587786259542
fit,nobody,1,14,131,0.007633587786259542
fit,clothes,1,15,131,0.007633587786259542
fit,piece,1,16,131,0.007633587786259542
fit,chi,1,17,131,0.007633587786259542
fit,glasses,1,18,131,0.007633587786259542
fit,we,1,19,131,0.007633587786259542
fit,useta,1,20,131,0.007633587786259542
fit,bicycle,1,21,131,0.007633587786259542
fit,block,1,22,131,0.007633587786259542
fit,cog,1,23,131,0.007633587786259542
fit,thing,1,24,131,0.007633587786259542
fit,nickel,1,25,131,0.007633587786259542
change,you,42,1,129,0.32558139534883723
change,i,24,2,129,0.18604651162790697
change,we,12,3,129,0.09302325581395349
change,it,9,4,129,0.06976744186046512
change,she,8,5,129,0.06201550387596899
change,he,8,6,129,0.06201550387596899
change,they,3,7,129,0.023255813953488372
change,letter,3,8,129,0.023255813953488372
change,everything,2,9,129,0.015503875968992248
change,person,2,10,129,0.015503875968992248
change,frog,1,11,129,0.007751937984496124
change,godmother,1,12,129,0.007751937984496124
change,world,1,13,129,0.007751937984496124
change,guy,1,14,129,0.007751937984496124
change,sign,1,15,129,0.007751937984496124
change,sand,1,16,129,0.007751937984496124
change,light,1,17,129,0.007751937984496124
change,what,1,18,129,0.007751937984496124
change,somebody,1,19,129,0.007751937984496124
change,speech,1,20,129,0.007751937984496124
change,this,1,21,129,0.007751937984496124
change,season,1,22,129,0.007751937984496124
change,that,1,23,129,0.007751937984496124
change,schedule,1,24,129,0.007751937984496124
change,joey,1,25,129,0.007751937984496124
change,who,1,26,129,0.007751937984496124
pull,you,36,1,127,0.28346456692913385
pull,i,27,2,127,0.2125984251968504
pull,they,11,3,127,0.08661417322834646
pull,he,9,4,127,0.07086614173228346
pull,she,5,5,127,0.03937007874015748
pull,woman,4,6,127,0.031496062992125984
pull,daughter,4,7,127,0.031496062992125984
pull,dog,3,8,127,0.023622047244094488
pull,we,2,9,127,0.015748031496062992
pull,it,2,10,127,0.015748031496062992
pull,who,2,11,127,0.015748031496062992
pull,cat,2,12,127,0.015748031496062992
pull,man,2,13,127,0.015748031496062992
pull,mommy,1,14,127,0.007874015748031496
pull,mum,1,15,127,0.007874015748031496
pull,my,1,16,127,0.007874015748031496
pull,careful,1,17,127,0.007874015748031496
pull,sarah,1,18,127,0.007874015748031496
pull,mary,1,19,127,0.007874015748031496
pull,coach,1,20,127,0.007874015748031496
pull,daddy,1,21,127,0.007874015748031496
pull,someone,1,22,127,0.007874015748031496
pull,buddy,1,23,127,0.007874015748031496
pull,james,1,24,127,0.007874015748031496
pull,von,1,25,127,0.007874015748031496
pull,barry,1,26,127,0.007874015748031496
pull,roland,1,27,127,0.007874015748031496
pull,this,1,28,127,0.007874015748031496
pull,guy,1,29,127,0.007874015748031496
pull,david,1,30,127,0.007874015748031496
pull,mouse,1,31,127,0.007874015748031496
would,you,65,1,127,0.5118110236220472
would,i,22,2,127,0.1732283464566929
would,it,13,3,127,0.10236220472440945
would,they,5,4,127,0.03937007874015748
would,he,4,5,127,0.031496062992125984
would,we,3,6,127,0.023622047244094488
would,she,2,7,127,0.015748031496062992
would,that,2,8,127,0.015748031496062992
would,one,1,9,127,0.007874015748031496
would,cupcake,1,10,127,0.007874015748031496
would,uncle,1,11,127,0.007874015748031496
would,my,1,12,127,0.007874015748031496
would,thing,1,13,127,0.007874015748031496
would,everybody,1,14,127,0.007874015748031496
would,something,1,15,127,0.007874015748031496
would,carl,1,16,127,0.007874015748031496
would,hon,1,17,127,0.007874015748031496
would,danny,1,18,127,0.007874015748031496
would,father,1,19,127,0.007874015748031496
stand,you,36,1,127,0.28346456692913385
stand,i,25,2,127,0.1968503937007874
stand,he,12,3,127,0.09448818897637795
stand,it,8,4,127,0.06299212598425197
stand,they,7,5,127,0.05511811023622047
stand,she,7,6,127,0.05511811023622047
stand,we,4,7,127,0.031496062992125984
stand,that,3,8,127,0.023622047244094488
stand,who,2,9,127,0.015748031496062992
stand,cat,2,10,127,0.015748031496062992
stand,person,1,11,127,0.007874015748031496
stand,elephant,1,12,127,0.007874015748031496
stand,tiger,1,13,127,0.007874015748031496
stand,bear,1,14,127,0.007874015748031496
stand,shop,1,15,127,0.007874015748031496
stand,crossing,1,16,127,0.007874015748031496
stand,tree,1,17,127,0.007874015748031496
stand,some,1,18,127,0.007874015748031496
stand,world,1,19,127,0.007874015748031496
stand,what,1,20,127,0.007874015748031496
stand,pair,1,21,127,0.007874015748031496
stand,chris,1,22,127,0.007874015748031496
stand,train,1,23,127,0.007874015748031496
stand,ellen,1,24,127,0.007874015748031496
stand,benefit,1,25,127,0.007874015748031496
stand,lorraine,1,26,127,0.007874015748031496
stand,boy,1,27,127,0.007874015748031496
stand,emmitt,1,28,127,0.007874015748031496
stand,thing,1,29,127,0.007874015748031496
stand,eric,1,30,127,0.007874015748031496
stand,samantha,1,31,127,0.007874015748031496
draw,you,85,1,126,0.6746031746031746
draw,i,25,2,126,0.1984126984126984
draw,we,4,3,126,0.031746031746031744
draw,they,2,4,126,0.015873015873015872
draw,he,2,5,126,0.015873015873015872
draw,someone,2,6,126,0.015873015873015872
draw,who,2,7,126,0.015873015873015872
draw,she,1,8,126,0.007936507936507936
draw,kindof,1,9,126,0.007936507936507936
draw,sophie,1,10,126,0.007936507936507936
draw,artist,1,11,126,0.007936507936507936
