rank,actual_frequency,predicted_frequency,squared_error,num_verbs
1,0.3547265464105752,0.36035941552486916,3.1729214458766684e-05,100
2,0.1620187596095039,0.13189926641732178,0.0009071838701539056,100
3,0.0872589956341088,0.07326727756606796,0.0001957681744955404,100
4,0.05425827059240617,0.04827795731683052,3.576414687402632e-05,100
5,0.037074900081893285,0.03493247585675691,4.589981560451183e-06,100
6,0.027628539807988114,0.02681739326633949,6.579587120285228e-07,100
7,0.021079289550711974,0.02144587230947334,1.3438291902109455e-07,100
8,0.015349259346349068,0.017670766684261256,5.389396319980135e-06,100
9,0.01176544786740468,0.014896499801800744,9.80348621588534e-06,100
10,0.008761943483499561,0.012786034556460931,1.6193308963487392e-05,100
11,0.007093240271264519,0.011135673282482954,1.6341264650188542e-05,100
12,0.005794158763189061,0.009815740470949049,1.6173119432189737e-05,99
13,0.004992594411188229,0.008740132428392016,1.404404119038769e-05,98
14,0.004228273282991886,0.007849648721344075,1.311436006550051e-05,98
15,0.003721806142852811,0.007102374169797004,1.1428240184797357e-05,97
16,0.003307490808612333,0.006467879184704855,9.988054687740727e-06,97
17,0.0029898754762179096,0.00592358927118001,8.606676630750927e-06,96
18,0.0027528338459452827,0.005452438069868329,7.2878629658231555e-06,96
19,0.00252214219372808,0.005041307081716526,6.34619173287384e-06,96
20,0.0023685377563958704,0.004679962575495231,5.34268469434851e-06,96
21,0.002174139745770445,0.004360315317017704,4.779363628318279e-06,96
22,0.0020642382754448396,0.0040758949919017925,4.046762744866369e-06,96
23,0.0019896760743203074,0.003821470502198954,3.3554708260072575e-06,95
24,0.0018873914118357326,0.003592771304657771,2.9083205788417073e-06,95
25,0.0018057271844949788,0.0033862799663651097,2.4981470962774097e-06,95
26,0.0017066407622179718,0.0031990757172698143,2.227362095060595e-06,95
27,0.0016227266748683443,0.003028715051476405,1.9768033151569706e-06,95
28,0.0015439105995818934,0.0028731396027794334,1.7668497429415258e-06,95
29,0.0015036051748992152,0.0027306043446963793,1.5055269626829298e-06,95
30,0.001470258603140468,0.002599621107313371,1.2754596658316907e-06,95
31,0.0014338860816651637,0.0024789137578470166,1.0920828439860438e-06,95
32,0.0013566032075070119,0.002367382349357709,1.0216744736004315e-06,95
33,0.0013176665356719084,0.002264074227349889,8.956875188672435e-07,95
34,0.0012872248409848744,0.002168160580147907,7.760477765347183e-07,95
35,0.0012532421258718153,0.002078917282032466,6.817394635009149e-07,95
36,0.001202786491791749,0.0019957091465308994,6.28726336398582e-07,95
37,0.0011684786702036414,0.0019179769075464554,5.617476077799851e-07,95
38,0.0011482063682909589,0.0018452263968026378,4.858369201464217e-07,95
39,0.0011303784188872166,0.0017770195005519327,4.1814468849651406e-07,95
40,0.0010859090785083811,0.0017129665660858549,3.932010927269736e-07,95
41,0.0010368453337614044,0.0016527199960984789,3.7930159970880553e-07,95
42,0.0010350726865220052,0.0015959688213645592,3.146044740813165e-07,95
43,0.0010084420986117388,0.0015424340831472164,2.8514743954813774e-07,95
44,0.0009895597825883297,0.0014918648889549566,2.523104198819883e-07,94
45,0.000989072739416919,0.0014440350307446778,2.069906865302044e-07,94
46,0.0009642879127939271,0.001398740074936909,1.887486811907118e-07,94
47,0.0009387324276354802,0.001355794849823842,1.7394106400162334e-07,94
48,0.0009374362306192501,0.0013150312689883365,1.4257801300095187e-07,93
49,0.0009092110446295834,0.001276296439887235,1.3475168741146634e-07,93
50,0.0009074298809582708,0.0012394510153055983,1.1023803365328608e-07,93
51,0.0008714944203810565,0.0012043677523641016,1.1080465514549458e-07,93
52,0.0008215997627992679,0.001170930249475432,1.2203178892140568e-07,92
53,0.0008150320227882702,0.001139031836344838,1.0497587918469067e-07,92
54,0.0008097594227907496,0.001108574595990456,8.92905077343705e-08,92
55,0.0008058186744101076,0.001079468500975586,7.488422757931637e-08,92
56,0.0008009854955764534,0.0010516306487210665,6.282299279488653e-08,92
57,0.0007920489067535957,0.001024984583000075,5.42590292684046e-08,91
58,0.0007760188393766729,0.0009994596905892371,4.992581399059524e-08,91
59,0.0007664702374904474,0.000974990663622944,4.3480768114477975e-08,89
60,0.0007535940331884247,0.0009515170195239589,3.9173508519976056e-08,88
61,0.0007483672513169683,0.0009289826715049324,3.262193000967481e-08,88
62,0.0007366682993672436,0.0009073355435866591,2.912730824944962e-08,87
63,0.0007340887792318978,0.0008865272248879715,2.323747971403975e-08,87
64,0.0007338380214299851,0.0008665126586321931,1.7602559356737525e-08,87
65,0.0007227114867144388,0.0008472498619051396,1.5509806895139752e-08,86
66,0.000722375968415037,0.0008286996727055293,1.1304730094052055e-08,86
67,0.0007210998607719849,0.0008108255212634307,8.050694150626187e-09,86
68,0.0007208256975415016,0.00079359322297693,5.29511275799572e-09,86
69,0.0007134160812178414,0.0007769707906406272,4.039201089814734e-09,85
70,0.0007012286148749728,0.0007609282639194731,3.5640480960365055e-09,85
71,0.0006759868556499741,0.0007454375542642425,4.823399538009945e-09,83
72,0.0006706417358485884,0.0007304723036759359,3.5796968465428307e-09,83
73,0.0006691582062426026,0.0007160077559101952,2.19488030405622e-09,83
74,0.0006688953637273445,0.0007020206388731979,1.0972838534884876e-09,83
75,0.0006596622003503664,0.0006884890571007313,8.309876701060587e-10,82
76,0.0006500796512856192,0.0006753923933350075,6.407349100588701e-10,82
77,0.0006271645402133639,0.0006627112183215932,1.2635663245300686e-09,80
78,0.0006239747372416227,0.0006504272080436312,6.997332115311144e-10,80
79,0.0006221057052993036,0.0006385230676940168,2.6952978799934353e-10,80
80,0.0006189403452455036,0.0006269824617598494,6.467563803031334e-11,79
81,0.0006107638863427523,0.0006157899496585664,2.526131245457183e-11,76
82,0.0006058591516510889,0.0006049309264227733,8.616020744814985e-13,75
83,0.0006056311473683942,0.0005943915679818521,1.2632814478638267e-10,75
84,0.0006037284447368943,0.0005841587806337627,3.829717531093988e-10,74
85,0.0006016785898981724,0.0005742201543407699,7.539656832600253e-10,74
86,0.0005981851721031417,0.0005645639195187115,1.1303886253460554e-09,74
87,0.0005948067022069867,0.000555178907021437,1.5703621512678725e-09,73
88,0.0005937492424200511,0.0005460545110506154,2.2747874004026386e-09,73
89,0.0005931912060778599,0.0005371806547466634,3.1371818604246e-09,73
90,0.0006000005226926235,0.0005285477582394213,5.105497548004795e-09,72
91,0.0005932499494332305,0.0005201467089577036,5.344083768022714e-09,71
92,0.0005931835324252825,0.0005119688340152604,6.595827237830848e-09,71
93,0.0005827544565626072,0.0005040058745072189,6.20133917573422e-09,70
94,0.0005756774778746715,0.0004962499615659587,6.308730346970833e-09,69
95,0.0005704328878783464,0.0004886935940387737,6.681312157392013e-09,69
96,0.0005664954471653068,0.00048132961766176214,7.2532185150268424e-09,68
97,0.0005565419923575546,0.0004741512056152991,6.788241740007815e-09,66
98,0.0005549373378128146,0.00046715184035630685,7.706293563686535e-09,66
99,0.0005530810709955828,0.00046032529663146064,8.603633677887933e-09,66
100,0.0005343738185127302,0.00045366562558355237,6.5138124058933966e-09,64
101,0.0005313429049700598,0.00044716713987055947,7.085559430086258e-09,64
102,0.000520490170277554,0.0004408243997236162,6.346634997952654e-09,62
103,0.000520490170277554,0.0004346321998761271,7.3715910814522905e-09,62
104,0.0005010167662989664,0.00042858555730175584,5.246280036797597e-09,60
105,0.0005009381728395612,0.0004226796997040212,6.12438861750603e-09,60
106,0.0005036617425015657,0.0004169100547047891,7.525855335589407e-09,59
107,0.0004940991536541643,0.0004112722396831024,6.860297677969689e-09,57
108,0.0004937564419259049,0.000405762052219582,7.74301261978822e-09,56
109,0.00048188927090975285,0.00040037546110509547,6.644501188869857e-09,55
110,0.00047462585500584944,0.0003951085978755556,6.322994181525262e-09,54
111,0.00047293427029397145,0.0003899577488376099,6.88510311299803e-09,54
112,0.00046478170868947206,0.0003849193475526332,6.377996726350868e-09,53
113,0.00046401309259551057,0.00037998996774887,7.059885508994151e-09,53
114,0.0004677466712831787,0.0003751663166338004,8.571122067004656e-09,52
115,0.0004643329620960253,0.00037044522858085553,8.814906504615537e-09,51
116,0.0004643329620960253,0.0003658236591664858,9.704082763663782e-09,51
117,0.000459537017183057,0.0003612986795353172,9.65077098379133e-09,49
118,0.000459537017183057,0.00035686747107272144,1.054103569850232e-08,49
119,0.0004532958180215043,0.0003525273203655912,1.0154290119829765e-08,48
120,0.00045309933437299115,0.00034827561443346076,1.0988012261961101e-08,48
121,0.00045309933437299115,0.0003441098362133595,1.1878710709088348e-08,48
122,0.0004375821882346364,0.00034002756028293145,9.516905434795567e-09,46
123,0.00043581526419374234,0.00033602644880741654,9.957807676206213e-09,46
124,0.0004065855533022195,0.00033210424769706913,5.5474648846478075e-09,43
125,0.0004060241819956091,0.00032825878296249285,6.047457286779801e-09,43
126,0.00040591451670341573,0.00032448795725621254,6.630284583408915e-09,43
127,0.0004014339514831005,0.0003207897465895763,6.5034877829087185e-09,42
128,0.0003988284570119841,0.0003171621972148023,6.6693779892607924e-09,42
129,0.0003983766424510206,0.0003136034226626489,7.186498793287576e-09,41
130,0.0003973830655490704,0.0003101116009268054,7.616308537315255e-09,41
131,0.00039643429121081765,0.0003066849717866744,8.054940337096896e-09,41
132,0.0003960172102058885,0.0003033218342607468,8.592432721611148e-09,41
133,0.00039459747601124627,0.0003000205441832698,8.944796033993706e-09,41
134,0.00039459747601124627,0.0002967795118973612,9.568354103385307e-09,41
135,0.0003962232551666406,0.0002935972000581577,1.0532107187129371e-08,40
136,0.00038414014854787,0.0002904721215399778,8.773699283551225e-09,39
137,0.00038142457931831,0.0002874028374418531,8.840087945483093e-09,39
138,0.00037276463717568985,0.0002843879551861264,7.810437919484427e-09,39
139,0.0003810479003502108,0.00028142612670513666,9.924497784190391e-09,38
140,0.0003805978918975241,0.00027851604671130965,1.0420703116622251e-08,38
141,0.0003438052134965524,0.0002756564510462569,4.644253823506802e-09,36
142,0.00032823494075630104,0.0002728461151047422,3.0679220070587847e-09,33
143,0.00032809204355738235,0.00027008385232962247,3.3649502495163584e-09,33
144,0.00032371729987613787,0.0002673685127740968,3.175185807871148e-09,33
145,0.00032371729987613787,0.0002646989817278105,3.483161877057189e-09,33
146,0.00032371729987613787,0.000262074178403561,3.799874424882865e-09,33
147,0.00032357440267721924,0.0002594930546815393,4.106419160943431e-09,33
148,0.0003234315054783006,0.0002569545939082147,4.419179771897021e-09,33
149,0.00032270002165453546,0.00025445780974713494,4.656999486014558e-09,33
150,0.0003096226019751849,0.00025200174507906796,3.320163149442785e-09,32
151,0.0003094752392388,0.00024958547094905295,3.586784345799594e-09,32
152,0.0003094752392388,0.00024720808555806655,3.8771984275000795e-09,32
153,0.0003046209951920467,0.0002448687132971342,3.5703351916490836e-09,31
154,0.0003046209951920467,0.00024256650382183586,3.850759899215569e-09,31
155,0.00030446887881900424,0.00024030063116526893,4.117564006951106e-09,31
156,0.00030446887881900424,0.00023807029288763255,4.40877221368575e-09,31
157,0.0003005168268855429,0.0002358747092606996,4.178603371024077e-09,31
158,0.0002927752892236209,0.00023371312248553265,3.488339539797739e-09,29
159,0.0002927752892236209,0.0002315847959418893,3.74427646806164e-09,29
160,0.0002794105367033327,0.0002294890134678427,2.492158482151569e-09,28
161,0.000278799810946115,0.00022742507866822158,2.6393631166252227e-09,28
162,0.000278799810946115,0.00022539231425054604,2.8523607032872084e-09,28
163,0.00027863139639024663,0.0002233900613872042,3.051605092918361e-09,28
164,0.0002469629325484926,0.0002214176791026796,6.525599736108224e-10,26
165,0.0002453961382031095,0.00021947454368469917,6.719290623768797e-10,26
166,0.00023330821550797767,0.00021756004811823043,2.4800477613549853e-10,25
167,0.00020832733888102924,0.00021567360154130932,5.396757507382549e-11,23
168,0.00020832733888102924,0.00021381462872173266,3.0110349795887e-11,23
169,0.0002014582885964302,0.0002119825695536957,1.1076048966746106e-10,22
170,0.0002014582885964302,0.0002101768785735027,7.601381118830893e-11,22
171,0.0001964299791638322,0.00020839702449352055,1.4321017392281557e-10,22
172,0.0001964299791638322,0.00020664248975358577,1.0429537254582858e-10,22
173,0.0001964299791638322,0.00020491277008911478,7.19577418820564e-11,22
174,0.00019466180880617934,0.00020320737411520318,7.302668645079176e-11,22
175,0.00019466180880617934,0.00020152582292603383,4.711468983756181e-11,22
176,0.0001896733880197037,0.0001998676497089472,1.039229713887779e-10,22
177,0.00018857616228405602,0.0001982323993725569,9.324291470933997e-11,22
178,0.00018836181648567804,0.00019661962818832396,6.81914541163559e-11,22
179,0.00018758452915831008,0.00019502890344502992,5.541870852077554e-11,22
180,0.00018758452915831008,0.00019345980311561589,3.4518844073395864e-11,22
181,0.00018737018335993213,0.00019191191553587903,2.062733115803138e-11,22
182,0.00018737018335993213,0.00019038483909454158,9.08814919821368e-12,22
183,0.00018737018335993213,0.00018887818193423053,2.274059700086013e-12,22
184,0.00018737018335993213,0.00018739156166292577,4.570318388881184e-16,22
185,0.00018463862684883208,0.00018592460507545707,1.6537399993535468e-12,22
186,0.00018463862684883208,0.00018447694788464633,2.6140087460177336e-14,22
187,0.00018463862684883208,0.00018304823446171244,2.529347945008106e-12,22
188,0.00018463862684883208,0.00018163811758557173,9.003055838911176e-12,22
189,0.0001844242810504541,0.00018024625820068347,1.7455874933205515e-11,22
190,0.0001844242810504541,0.00017887232518310682,3.0824213952971945e-11,22
191,0.0001844242810504541,0.00017751599511444755,4.772441457362599e-11,22
192,0.0001844242810504541,0.00017617695206339077,6.801843542085507e-11,22
193,0.0001844242810504541,0.00017485488737452567,9.15732953248991e-11,22
194,0.00018420993525207615,0.0001735494994641832,1.136448911877888e-10,22
195,0.00018420993525207615,0.0001722604936230191,1.427891552462418e-10,22
196,0.00018420993525207615,0.00017098758182508588,1.748306301482414e-10,22
197,0.00018420993525207615,0.00016973048254314896,2.0965455075005918e-10,22
198,0.00018399558945369818,0.00016848892057001215,2.404567798682764e-10,22
199,0.0001823582692075325,0.00016726262684562773,2.2787841831853352e-10,22
200,0.0001823582692075325,0.00016605133828977574,2.659159959564912e-10,22
201,0.0001823582692075325,0.0001648547976401069,3.063715169116758e-10,22
202,0.0001823582692075325,0.0001636727532953508,3.491485049043949e-10,22
203,0.00018214392340915451,0.00016250495916350025,3.856889166420864e-10,22
204,0.00017738414339903743,0.00016135117451479086,2.570560912432186e-10,22
205,0.00017738414339903743,0.0001602111638393008,2.949112269591322e-10,22
206,0.00017738414339903743,0.0001590846967090045,3.3486974916135753e-10,22
207,0.00017738414339903743,0.00015797154764412,3.7684887394383863e-10,22
208,0.00017716979760065945,0.00015687149598359629,4.1202104853726924e-10,22
209,0.00017716979760065945,0.0001557843257595932,4.5733840586503785e-10,22
210,0.00017716979760065945,0.0001547098255758125,5.044503433569081e-10,22
211,0.0001481249783664635,0.00015364778848954414,3.0501431655602044e-11,21
212,0.0001473106773568399,0.0001525980118972975,2.795590654271595e-11,21
213,0.0001473106773568399,0.00015156029742389212,1.805927071429281e-11,21
214,0.0001473106773568399,0.0001505344508148878,1.0392715308814029e-11,21
215,0.0001526228886972686,0.00014952028183223837,9.626169358932724e-12,20
216,0.00015141594038805612,0.00014851760415305807,8.400352931102692e-12,20
217,0.00014817544784763036,0.00014752623527139388,4.214769691436075e-13,20
218,0.00014817544784763036,0.00014654599640290117,2.6551120107300176e-12,20
219,0.00014817544784763036,0.00014557671239232362,6.7534259666683294e-12,20
220,0.00014817544784763036,0.00014461821162368332,1.2653929552960995e-11,20
221,0.00014817544784763036,0.00014367032593308907,2.0296123464880142e-11,20
222,0.00014817544784763036,0.0001427328905240754,2.962143022018174e-11,20
223,0.00014817544784763036,0.00014180574388538786,4.0573128566607745e-11,20
224,0.00014817544784763036,0.0001408887277111333,5.309629034763158e-11,20
225,0.00014817544784763036,0.00013998168682321683,6.713771972519818e-11,20
226,0.00014817544784763036,0.0001390844690959901,8.264589466277477e-11,20
227,0.00014793966746941457,0.00013819692538303871,9.492102336163942e-11,20
228,0.00014793966746941457,0.0001373189094460387,1.1280050099110291e-10,20
229,0.00014793966746941457,0.0001364502778856145,1.320060730083333e-10,20
230,0.0001477038870911988,0.00013559089007413462,1.4672469673540555e-10,20
231,0.0001477038870911988,0.00013474060809038122,1.680466024530378e-10,20
232,0.0001477038870911988,0.00013389929665603496,1.905667170826168e-10,20
233,0.0001477038870911988,0.00013306682307391587,2.1424364304603838e-10,20
234,0.00014746810671298303,0.00013224305716792514,2.3180213364946758e-10,20
235,0.00014746810671298303,0.00013142787122463357,2.5728915452170536e-10,20
236,0.00014746810671298303,0.00013062113993646523,2.838202895690947e-10,20
237,0.00014661309065287827,0.00012982274034642547,2.819158634133996e-10,20
238,0.00014661309065287827,0.0001290325517943258,3.0907534655707385e-10,20
239,0.00014661309065287827,0.00012825045586445846,3.3718635637288546e-10,20
240,0.00014661309065287827,0.000127476336334676,3.6621536583523346e-10,20
241,0.00014661309065287827,0.00012671007912683216,3.9612986780592436e-10,20
242,0.00014661309065287827,0.00012595157225854295,4.268983423594569e-10,20
243,0.00014661309065287827,0.00012520070579622627,4.5849022524938007e-10,20
244,0.00014661309065287827,0.00012445737180938224,4.908758774720452e-10,20
245,0.00014661309065287827,0.00012372146432607586,5.240265558859534e-10,20
246,0.00014661309065287827,0.0001229928792895859,5.57914384846606e-10,20
247,0.00014661309065287827,0.00012227151451618483,5.925123288184434e-10,20
248,0.00014661309065287827,0.00012155726965401551,6.277941659270521e-10,20
249,0.00014661309065287827,0.00012085004614303263,6.637344624162877e-10,20
250,0.00014661309065287827,0.00012014974717597641,7.003085479764844e-10,20
251,0.00014661309065287827,0.00011945627766034828,7.37492491911246e-10,20
252,0.00014661309065287827,0.00011876954418135913,7.752630801116462e-10,20
253,0.00014661309065287827,0.00011808945496582097,8.135977928079687e-10,20
254,0.00014637731027466251,0.0001174159198469552,8.38762135506097e-10,20
255,0.00014637731027466251,0.0001167488502300896,8.77845644612854e-10,20
256,0.00014637731027466251,0.0001160881590592194,9.174326813519792e-10,20
257,0.00014468727477697903,0.00011543376078440664,8.557680809136288e-10,19
258,0.00014380775985542107,0.00011478557132999364,8.422874268054515e-10,18
259,0.00014380775985542107,0.00011414350806360762,8.799678343681076e-10,18
260,0.00014380775985542107,0.00011350748976593355,9.181063674958923e-10,18
261,0.00014380775985542107,0.00011287743660123319,9.566848966085555e-10,18
262,0.00014380775985542107,0.00011225327008858944,9.956858244450818e-10,18
263,0.00013513197641323702,0.00011163491307385528,5.521119855749178e-10,17
264,0.00013513197641323702,0.00011102228970228733,5.812769933001444e-10,17
265,0.0001334346485456744,0.0001104153253918451,5.298892384604218e-10,17
266,0.0001334346485456744,0.000109813946807137,5.579375506209433e-10,17
267,0.0001334346485456744,0.0001092180818339954,5.864421033011992e-10,17
268,0.0001334346485456744,0.00010862765955466281,6.153867028001698e-10,17
269,0.00013315725986542056,0.0001080426102235728,6.307456266327641e-10,17
270,0.00013315725986542056,0.00010746286524370873,6.602019149762537e-10,17
271,0.00013315725986542056,0.0001068883571435251,6.900552502124066e-10,17
272,0.00012962230438046758,0.00010631901955441519,5.430430836841239e-10,17
273,0.00012962230438046758,0.00010575478718871104,5.696583768987939e-10,17
274,0.00012962230438046758,0.00010519559581820075,5.966640911859196e-10,17
275,0.00012750341935601785,0.00010464138225314911,5.226727404929467e-10,17
276,0.00012722603067576402,0.00010409208432180837,5.351794739076977e-10,17
277,0.00012722603067576402,0.00010354764085040534,5.606661447216494e-10,17
278,0.00012722603067576402,0.00010300799164359298,5.8651341456376e-10,17
279,0.00012722603067576402,0.00010247307746535292,6.127086926368011e-10,17
280,0.00013009775097542879,0.00010194284002033807,7.926990108890871e-10,16
281,0.00013009775097542879,0.00010141722193564285,8.225727460020046e-10,16
282,0.00013009775097542879,0.0001008961667429901,8.527325216842113e-10,16
283,0.00012902898090029786,0.00010037961886132384,8.20785945240206e-10,16
284,0.0001224097809032453,9.98675235797967e-05,5.081533652365722e-10,16
285,0.0001224097809032453,9.935982704114241e-05,5.313003730450724e-10,16
286,0.0001224097809032453,9.885647622542275e-05,5.547581612463381e-10,16
287,0.0001224097809032453,9.835741893413962e-05,5.785161162928814e-10,16
288,0.0001224097809032453,9.786260377470262e-05,6.025639049800493e-10,16
289,0.0001221150554304756,9.737198014524298e-05,6.12219774570689e-10,16
290,0.0001221150554304756,9.688549821976498e-05,6.365305570485197e-10,16
291,0.0001221150554304756,9.640310893362634e-05,6.611041926568385e-10,16
292,0.0001221150554304756,9.592476396933895e-05,6.85931366819287e-10,16
293,0.0001221150554304756,9.545041574268196e-05,7.110030096798595e-10,16
294,0.00011968382118870288,9.498001738911948e-05,6.10277922168311e-10,16
295,0.00011968382118870288,9.451352275051468e-05,6.335439234674594e-10,16
296,0.00011968382118870288,9.405088636213355e-05,6.57047347823151e-10,16
297,0.00011968382118870288,9.359206343993039e-05,6.807798224206294e-10,16
298,0.00011968382118870288,9.313700986810845e-05,7.047331912912408e-10,16
299,0.00011968382118870288,9.268568218694867e-05,7.28899509558042e-10,16
300,0.00011968382118870288,9.223803758089987e-05,7.532710378463486e-10,16
301,0.00011968382118870288,9.179403386692403e-05,7.778402368540562e-10,16
302,0.0001227451073182023,9.135362948309025e-05,9.854248806723305e-10,15
303,0.0001227451073182023,9.091678347741129e-05,1.0130421985142646e-09,15
304,0.0001224307334805812,9.048345549691694e-05,1.0206285705655197e-09,15
305,0.0001224307334805812,9.005360577695807e-05,1.048278398336721e-09,15
306,0.0001224307334805812,8.962719513073617e-05,1.0760721282697542e-09,15
307,0.0001224307334805812,8.92041849390526e-05,1.1040035279825564e-09,15
308,0.0001224307334805812,8.878453714027247e-05,1.1320665281706051e-09,15
309,0.0001224307334805812,8.836821422049756e-05,1.1602552183435695e-09,15
310,0.0001224307334805812,8.795517920394398e-05,1.1885638426813593e-09,15
311,0.0001224307334805812,8.754539564351889e-05,1.2169867960059722e-09,15
312,0.0001224307334805812,8.713882761159212e-05,1.2455186198655862e-09,15
313,0.0001224307334805812,8.673543969095769e-05,1.2741539987275353e-09,15
314,0.0001224307334805812,8.633519696598088e-05,1.3028877562768454e-09,15
315,0.0001224307334805812,8.593806501392652e-05,1.3317148518171732e-09,15
316,0.0001224307334805812,8.55440098964641e-05,1.3606303767710617e-09,15
317,0.00011450662094541645,8.515299815134553e-05,8.616351711366004e-10,14
318,0.00011352795967186265,8.47649967842517e-05,8.273080340740847e-10,13
319,0.00011352795967186265,8.43799732608038e-05,8.496051118192709e-10,13
320,0.00011352795967186265,8.399789549873542e-05,8.720246900690125e-10,13
321,0.00011352795967186265,8.361873186022182e-05,8.945619082886289e-10,13
322,0.00011853083177651666,8.324245114436298e-05,1.2452698076397588e-09,12
323,0.00011853083177651666,8.286902257981639e-05,1.2717646351818559e-09,12
324,0.00011853083177651666,8.249841581757647e-05,1.298334999838088e-09,12
325,9.817423910833633e-05,8.213060092389733e-05,2.573983261931893e-10,11
326,0.00010321864111829642,8.176554837335523e-05,4.6023518832304825e-10,10
327,0.00010321864111829642,8.140322904204802e-05,4.759122040565246e-10,10
328,0.00010321864111829642,8.104361420092798e-05,4.917318187860147e-10,10
329,0.00010321864111829642,8.068667550926551e-05,5.076894742065514e-10,10
330,0.00010321864111829642,8.033238500824037e-05,5.23780718735078e-10,10
331,0.00010321864111829642,7.998071511465761e-05,5.400012049505927e-10,10
332,0.00010321864111829642,7.96316386147858e-05,5.563466871006159e-10,10
333,0.00010321864111829642,7.928512865831424e-05,5.728130186721223e-10,10
334,0.00010321864111829642,7.894115875242687e-05,5.89396150025107e-10,10
335,0.00010321864111829642,7.859970275599036e-05,6.060921260870249e-10,10
336,0.00010321864111829642,7.82607348738534e-05,6.228970841064075e-10,10
337,0.00010321864111829642,7.792422965125534e-05,6.398072514639793e-10,10
338,0.00010321864111829642,7.759016196834114e-05,6.568189435396922e-10,10
339,9.812269579306449e-05,7.7258507034781e-05,4.3531437254128335e-10,9
340,9.812269579306449e-05,7.69292403844915e-05,4.4916255215517185e-10,9
341,9.812269579306449e-05,7.660233787045703e-05,4.6312580511713354e-10,9
342,9.812269579306449e-05,7.627777565964841e-05,4.772005356353271e-10,9
343,9.812269579306449e-05,7.595553022803733e-05,4.91383229187326e-10,9
344,9.812269579306449e-05,7.563557835570387e-05,5.05670450641648e-10,9
345,9.812269579306449e-05,7.531789712203577e-05,5.200588424261533e-10,9
346,9.622266010394284e-05,7.500246390101692e-05,4.502967268906713e-10,9
347,9.622266010394284e-05,7.468925635660335e-05,4.6368747694593433e-10,9
348,9.622266010394284e-05,7.43782524381851e-05,4.771781462678153e-10,9
349,9.622266010394284e-05,7.40694303761316e-05,4.907655873731797e-10,9
350,9.622266010394284e-05,7.376276867741931e-05,5.044467228912248e-10,9
351,9.622266010394284e-05,7.345824612133959e-05,5.182185439713421e-10,9
352,9.622266010394284e-05,7.315584175528513e-05,5.320781087299717e-10,9
353,9.622266010394284e-05,7.285553489061339e-05,5.460225407354167e-10,9
354,9.622266010394284e-05,7.25573050985853e-05,5.600490275296009e-10,9
355,9.569870370790779e-05,7.226113220637771e-05,5.493197578893346e-10,9
356,9.301659635410232e-05,7.196699629316812e-05,4.430856627252813e-10,9
357,9.301659635410232e-05,7.167487768628994e-05,4.5546895569605137e-10,9
358,9.301659635410232e-05,7.138475695745721e-05,4.679364756822476e-10,9
359,9.301659635410232e-05,7.109661491905687e-05,4.80485586112737e-10,9
360,9.301659635410232e-05,7.081043262050755e-05,4.931137077632195e-10,9
361,9.301659635410232e-05,7.052619134468338e-05,5.058183174876966e-10,9
362,9.301659635410232e-05,7.02438726044014e-05,5.185969469801924e-10,9
363,9.301659635410232e-05,6.996345813897144e-05,5.314471815659278e-10,9
364,9.301659635410232e-05,6.968492991080699e-05,5.443666590211936e-10,9
365,9.301659635410232e-05,6.940827010209607e-05,5.573530684211677e-10,9
366,9.249263995806727e-05,6.913346111153061e-05,5.45651236384486e-10,9
367,9.249263995806727e-05,6.886048555109326e-05,5.584787219150615e-10,9
368,9.249263995806727e-05,6.858932624290059e-05,5.713684065656757e-10,9
369,9.249263995806727e-05,6.831996621610141e-05,5.843181558355259e-10,9
370,9.249263995806727e-05,6.805238870382907e-05,5.97325881370292e-10,9
371,9.249263995806727e-05,6.778657714020666e-05,6.103895399600749e-10,9
372,9.249263995806727e-05,6.752251515740435e-05,6.235071325606818e-10,9
373,9.249263995806727e-05,6.726018658274732e-05,6.366767033376955e-10,9
374,9.249263995806727e-05,6.699957543587359e-05,6.498963387327301e-10,9
375,9.249263995806727e-05,6.674066592594094e-05,6.631641665513092e-10,9
376,9.249263995806727e-05,6.648344244888129e-05,6.764783550718463e-10,9
377,9.249263995806727e-05,6.622788958470248e-05,6.89837112175166e-10,9
378,9.249263995806727e-05,6.597399209483566e-05,7.032386844940786e-10,9
379,9.249263995806727e-05,6.572173491952816e-05,7.166813565824787e-10,9
380,9.249263995806727e-05,6.54711031752803e-05,7.301634501035093e-10,9
381,9.249263995806727e-05,6.52220821523257e-05,7.436833230362931e-10,9
382,9.249263995806727e-05,6.497465731215407e-05,7.572393689007804e-10,9
383,9.249263995806727e-05,6.472881428507576e-05,7.708300160002626e-10,9
384,9.249263995806727e-05,6.448453886782715e-05,7.844537266811099e-10,9
385,9.249263995806727e-05,6.424181702121606e-05,7.981089966093187e-10,9
386,9.249263995806727e-05,6.400063486780661e-05,8.117943540634394e-10,9
387,9.249263995806727e-05,6.376097868964254e-05,8.255083592434981e-10,9
388,9.249263995806727e-05,6.352283492600842e-05,8.392496035955023e-10,9
389,9.249263995806727e-05,6.328619017122798e-05,8.530167091511648e-10,9
390,9.249263995806727e-05,6.305103117249874e-05,8.668083278824666e-10,9
391,9.249263995806727e-05,6.281734482776236e-05,8.806231410706983e-10,9
392,9.249263995806727e-05,6.258511818361013e-05,8.944598586896284e-10,9
393,9.196868356203222e-05,6.235433843322263e-05,8.770094374082487e-10,9
394,9.196868356203222e-05,6.212499291434329e-05,8.906458714749559e-10,9
395,9.196868356203222e-05,6.189706910728484e-05,9.043019959149716e-10,9
396,9.196868356203222e-05,6.167055463296839e-05,9.179766166021749e-10,9
397,9.196868356203222e-05,6.144543725099414e-05,9.316685653643001e-10,9
398,9.196868356203222e-05,6.12217048577436e-05,9.453766994419783e-10,9
399,9.196868356203222e-05,6.0999345484512204e-05,9.590999009597314e-10,9
400,9.196868356203222e-05,6.077834729567222e-05,9.72837076408612e-10,9
401,9.196868356203222e-05,6.0558698586865105e-05,9.865871561402243e-10,9
402,9.196868356203222e-05,6.034038778322282e-05,1.000349093871853e-09,9
403,9.196868356203222e-05,6.012340343761769e-05,1.0141218662024312e-09,9
404,9.196868356203222e-05,5.9907734228940106e-05,1.0279044721391e-09,9
405,9.196868356203222e-05,5.969336896040365e-05,1.0416959326340987e-09,9
406,8.529154542378774e-05,5.948029655787719e-05,6.662205680179684e-10,9
407,8.529154542378774e-05,5.9268506068243364e-05,6.771985773002114e-10,9
408,8.529154542378774e-05,5.9057986657782935e-05,6.881996055294275e-10,9
409,8.529154542378774e-05,5.884872761058469e-05,6.992226139022486e-10,9
410,8.529154542378774e-05,5.864071832698036e-05,7.102665849439226e-10,9
411,8.529154542378774e-05,5.843394832200396e-05,7.213305220817444e-10,9
412,8.529154542378774e-05,5.8228407223875415e-05,7.324134492275536e-10,9
413,8.529154542378774e-05,5.802408477250769e-05,7.435144103691057e-10,9
414,8.529154542378774e-05,5.782097081803726e-05,7.546324691701031e-10,9
415,8.529154542378774e-05,5.7619055319377366e-05,7.657667085786899e-10,9
416,8.529154542378774e-05,5.7418328342793755e-05,7.769162304442148e-10,9
417,8.476758902775269e-05,5.7218780060502324e-05,7.589368755140542e-10,9
418,8.476758902775269e-05,5.702040074928853e-05,7.699064573605389e-10,9
419,8.476758902775269e-05,5.6823180789147875e-05,7.808899518058047e-10,9
420,8.476758902775269e-05,5.6627110661947466e-05,7.918865226563519e-10,9
421,8.476758902775269e-05,5.643218095010784e-05,8.028953509266609e-10,9
422,8.476758902775269e-05,5.623838233530514e-05,8.139156345003942e-10,9
423,8.076525064823657e-05,5.604570559719293e-05,6.110559075305763e-10,9
424,8.076525064823657e-05,5.5854141612143437e-05,6.20563353408121e-10,9
425,8.076525064823657e-05,5.566368135200803e-05,6.300887811333635e-10,9
426,8.076525064823657e-05,5.547431588289629e-05,6.396313813046978e-10,9
427,8.076525064823657e-05,5.5286036363973626e-05,6.49190360543389e-10,9
428,8.076525064823657e-05,5.50988340462769e-05,6.58764941185351e-10,9
429,8.076525064823657e-05,5.4912700271547996e-05,6.683543609792206e-10,9
430,8.076525064823657e-05,5.47276264710847e-05,6.779578727906038e-10,9
431,8.076525064823657e-05,5.4543604164608936e-05,6.875747443123416e-10,9
432,8.076525064823657e-05,5.436062495915174e-05,6.972042577806786e-10,9
433,8.076525064823657e-05,5.417868054795496e-05,7.068457096971882e-10,9
434,8.076525064823657e-05,5.3997762709389215e-05,7.164984105563387e-10,9
435,8.076525064823657e-05,5.3817863305887826e-05,7.261616845785774e-10,9
436,8.076525064823657e-05,5.363897428289668e-05,7.358348694487976e-10,9
437,8.076525064823657e-05,5.3461087667839393e-05,7.455173160600917e-10,9
438,8.076525064823657e-05,5.3284195569097836e-05,7.552083882626569e-10,9
439,7.714274981645818e-05,5.310829017500757e-05,5.77655250256518e-10,8
440,7.714274981645818e-05,5.293336375286805e-05,5.860943735759517e-10,8
441,7.714274981645818e-05,5.275940864796722e-05,5.945473265390261e-10,8
442,7.655329887091875e-05,5.2586417282620405e-05,5.744114130675141e-10,8
443,7.655329887091875e-05,5.2414382155223173e-05,5.826873002072872e-10,8
444,7.655329887091875e-05,5.2243295839317935e-05,5.909762473964407e-10,8
445,7.655329887091875e-05,5.2073150982674064e-05,5.992776406303306e-10,8
446,7.655329887091875e-05,5.1903940306381316e-05,6.075908776431348e-10,8
447,7.655329887091875e-05,5.173565660395636e-05,6.15915367690918e-10,8
448,6.331489887681362e-05,5.15682927404621e-05,1.379827557225713e-10,8
449,6.331489887681362e-05,5.1401841651639704e-05,1.419209324502685e-10,8
450,6.331489887681362e-05,5.123629634305301e-05,1.4589263916856827e-10,8
451,6.331489887681362e-05,5.1071649889245235e-05,1.4989714577159435e-10,8
452,6.331489887681362e-05,5.090789543290763e-05,1.5393373445709517e-10,8
453,6.331489887681362e-05,5.074502618406003e-05,1.5800169951203248e-10,8
454,6.331489887681362e-05,5.058303541924299e-05,1.621003471022224e-10,8
455,6.331489887681362e-05,5.042191648072144e-05,1.6622899506594286e-10,8
456,6.331489887681362e-05,5.026166277569948e-05,1.7038697271142954e-10,8
457,6.331489887681362e-05,5.010226777554642e-05,1.7457362061817334e-10,8
458,6.331489887681362e-05,4.99437250150335e-05,1.7878829044195192e-10,8
459,6.331489887681362e-05,4.9786028091581545e-05,1.8303034472350601e-10,8
460,6.331489887681362e-05,4.962917066451906e-05,1.8729915670079537e-10,8
461,6.331489887681362e-05,4.947314645435062e-05,1.9159411012476044e-10,8
462,6.272544793127419e-05,4.931794924203565e-05,1.7976102110193318e-10,8
463,6.058790778101233e-05,4.9163572868277125e-05,1.305154281983405e-10,8
464,6.058790778101233e-05,4.901001123282019e-05,1.3404768848063945e-10,8
465,6.058790778101233e-05,4.885725829376044e-05,1.3760813739276297e-10,8
466,6.058790778101233e-05,4.87053080668619e-05,1.4119617596672788e-10,8
467,6.058790778101233e-05,4.855415462488432e-05,1.4481121502262086e-10,8
468,6.058790778101233e-05,4.840379209691971e-05,1.4845267500335175e-10,8
469,6.058790778101233e-05,4.825421466773817e-05,1.5211998581242637e-10,8
470,6.058790778101233e-05,4.810541657714244e-05,1.5581258665468917e-10,8
471,6.058790778101233e-05,4.795739211933148e-05,1.5952992587996522e-10,8
472,6.058790778101233e-05,4.781013564227267e-05,1.6327146082955156e-10,8
473,6.058790778101233e-05,4.7663641547082576e-05,1.6703665768549675e-10,8
474,6.058790778101233e-05,4.7517904287416154e-05,1.708249913226162e-10,8
475,6.058790778101233e-05,4.7372918368864164e-05,1.746359451631881e-10,8
476,6.058790778101233e-05,4.722867834835888e-05,1.7846901103427424e-10,8
477,6.058790778101233e-05,4.708517883358772e-05,1.823236890276184e-10,8
478,6.058790778101233e-05,4.694241448241487e-05,1.8619948736206823e-10,8
479,6.058790778101233e-05,4.6800380002310555e-05,1.9009592224847304e-10,8
480,6.058790778101233e-05,4.665907014978819e-05,1.9401251775700572e-10,8
481,6.058790778101233e-05,4.651847972984886e-05,1.9794880568686545e-10,8
482,6.058790778101233e-05,4.6378603595433355e-05,2.0190432543831213e-10,8
483,6.058790778101233e-05,4.6239436646881496e-05,2.0587862388698572e-10,8
484,6.058790778101233e-05,4.610097383139866e-05,2.0987125526046904e-10,8
485,6.058790778101233e-05,4.596321014252936e-05,2.1388178101704928e-10,8
486,6.058790778101233e-05,4.5826140619637867e-05,2.1790976972663344e-10,8
487,6.058790778101233e-05,4.568976034739568e-05,2.219547969537784e-10,8
488,6.058790778101233e-05,4.555406445527573e-05,2.2601644514279487e-10,8
489,6.058790778101233e-05,4.541904811705334e-05,2.3009430350488208e-10,8
490,6.058790778101233e-05,4.5284706550313674e-05,2.3418796790725683e-10,8
491,6.058790778101233e-05,4.5151035015965694e-05,2.382970407642385e-10,8
492,6.058790778101233e-05,4.501802881776244e-05,2.424211309302514e-10,8
493,5.999845683547291e-05,4.488568330182766e-05,2.2839592387924841e-10,8
494,5.999845683547291e-05,4.475399385618854e-05,2.3239365152677173e-10,8
495,5.999845683547291e-05,4.4622955910314555e-05,2.364060286995454e-10,8
496,5.999845683547291e-05,4.4492564934662344e-05,2.4043268363962273e-10,8
497,5.999845683547291e-05,4.436281644022642e-05,2.4447325056946385e-10,8
498,5.999845683547291e-05,4.423370597809573e-05,2.4852736959517464e-10,8
499,5.999845683547291e-05,4.4105229139015994e-05,2.525946866114252e-10,8
500,5.999845683547291e-05,4.39773815529576e-05,2.5667485320802303e-10,8
501,5.999845683547291e-05,4.385015888868911e-05,2.60767526578102e-10,8
502,5.999845683547291e-05,4.3723556853356233e-05,2.648723694279014e-10,8
503,5.999845683547291e-05,4.3597571192066216e-05,2.689890498881038e-10,8
504,5.999845683547291e-05,4.3472197687477485e-05,2.731172414267025e-10,8
505,5.999845683547291e-05,4.334743215939462e-05,2.772566227633682e-10,8
506,5.999845683547291e-05,4.322327046436842e-05,2.8140687778528985e-10,8
507,5.999845683547291e-05,4.309970849530106e-05,2.85567695464461e-10,8
508,5.999845683547291e-05,4.297674218105631e-05,2.8973876977638095e-10,8
509,5.999845683547291e-05,4.285436748607461e-05,2.939197996201522e-10,8
510,5.999845683547291e-05,4.2732580409993095e-05,2.9811048873993967e-10,8
511,5.999845683547291e-05,4.261137698727035e-05,3.023105456477716e-10,8
512,5.999845683547291e-05,4.249075328681595e-05,3.065196835476556e-10,8
513,5.999845683547291e-05,4.237070541162454e-05,3.107376202609882e-10,8
514,5.999845683547291e-05,4.225122949841473e-05,3.149640781532252e-10,8
515,5.999845683547291e-05,4.213232171727218e-05,3.1919878406180535e-10,8
516,5.999845683547291e-05,4.2013978271297505e-05,3.2344146922528467e-10,8
517,5.999845683547291e-05,4.1896195396258276e-05,3.276918692136771e-10,8
518,5.999845683547291e-05,4.177896936024553e-05,3.3194972385996747e-10,8
519,5.999845683547291e-05,4.166229646333449e-05,3.3621477719277944e-10,8
520,5.999845683547291e-05,4.154617303724946e-05,3.4048677737017974e-10,8
521,5.999845683547291e-05,4.143059544503292e-05,3.4476547661459203e-10,8
522,5.999845683547291e-05,4.131556008071869e-05,3.4905063114880587e-10,8
523,5.999845683547291e-05,4.120106336900911e-05,3.53342001133056e-10,8
524,5.999845683547291e-05,4.1087101764956205e-05,3.5763935060315794e-10,8
525,5.999845683547291e-05,4.097367175364674e-05,3.6194244740967554e-10,8
526,5.999845683547291e-05,4.086076984989122e-05,3.662510631581029e-10,8
527,5.999845683547291e-05,4.074839259791655e-05,3.705649731500464e-10,8
528,5.999845683547291e-05,4.063653657106256e-05,3.7488395632538415e-10,8
529,5.9409005889933486e-05,4.0525198371482254e-05,3.5659818639391526e-10,8
530,5.9409005889933486e-05,4.041437462984556e-05,3.607960167067094e-10,8
531,5.9409005889933486e-05,4.0304062005046834e-05,3.6499888084466784e-10,8
532,5.2936698128127434e-05,4.0194257183915774e-05,1.6236980121672172e-10,7
533,5.2936698128127434e-05,4.0084956880932e-05,1.6516725308486449e-10,7
534,5.2936698128127434e-05,3.997615783794287e-05,1.6797560461349742e-10,7
535,5.2936698128127434e-05,3.986785682388486e-05,1.7079461303547667e-10,7
536,5.2936698128127434e-05,3.9760050634508256e-05,1.7362403917110055e-10,7
537,5.2936698128127434e-05,3.965273609210508e-05,1.7646364737448312e-10,7
538,5.2936698128127434e-05,3.954591004524039e-05,1.793132054807896e-10,7
539,5.2936698128127434e-05,3.943956936848669e-05,1.8217248475432127e-10,7
540,5.2936698128127434e-05,3.9333710962161584e-05,1.8504125983743163e-10,7
541,5.2936698128127434e-05,3.922833175206852e-05,1.8791930870026251e-10,7
542,5.2936698128127434e-05,3.9123428689240645e-05,1.9080641259128373e-10,7
543,5.2936698128127434e-05,3.901899874968764e-05,1.9370235598862343e-10,7
544,5.2936698128127434e-05,3.8915038934145644e-05,1.9660692655217406e-10,7
545,5.2936698128127434e-05,3.8811546267830075e-05,1.9951991507646192e-10,7
546,5.2936698128127434e-05,3.87085178001914e-05,2.0244111544426597e-10,7
547,5.2936698128127434e-05,3.860595060467371e-05,2.0537032458097495e-10,7
548,5.2936698128127434e-05,3.8503841778476304e-05,2.0830734240966493e-10,7
549,5.2936698128127434e-05,3.840218844231786e-05,2.1125197180689238e-10,7
550,4.948827438752039e-05,3.830098774020353e-05,1.251553825292342e-10,7
551,4.948827438752039e-05,3.8200236839194686e-05,1.2741979169241102e-10,7
552,4.948827438752039e-05,3.8099932929181386e-05,1.2969432117172303e-10,7
553,4.948827438752039e-05,3.800007322265749e-05,1.319787660043573e-10,7
554,4.948827438752039e-05,3.7900654954498364e-05,1.3427292412454977e-10,7
555,4.948827438752039e-05,3.780167538174116e-05,1.3657659632188015e-10,7
556,4.948827438752039e-05,3.770313178336776e-05,1.3888958620021346e-10,7
557,4.948827438752039e-05,3.760502146009005e-05,1.4121170013728184e-10,7
558,4.948827438752039e-05,3.750734173413781e-05,1.4354274724488896e-10,7
559,4.948827438752039e-05,3.741008994904903e-05,1.4588253932973173e-10,7
560,4.948827438752039e-05,3.731326346946256e-05,1.482308908548274e-10,7
561,4.948827438752039e-05,3.7216859680913266e-05,1.5058761890153368e-10,7
562,4.948827438752039e-05,3.712087598962941e-05,1.5295254313215645e-10,7
563,4.948827438752039e-05,3.702530982233247e-05,1.5532548575312985e-10,7
564,4.948827438752039e-05,3.6930158626039144e-05,1.5770627147876378e-10,7
565,4.948827438752039e-05,3.683541986786571e-05,1.6009472749554592e-10,7
566,4.948827438752039e-05,3.67410910348345e-05,1.624906834269923e-10,7
567,4.948827438752039e-05,3.66471696336827e-05,1.64893971299033e-10,7
568,4.948827438752039e-05,3.6553653190673215e-05,1.6730442550592832e-10,7
569,4.948827438752039e-05,3.646053925140776e-05,1.697218827767036e-10,7
570,4.881461616404677e-05,3.6367825380642e-05,1.5492260080584995e-10,7
571,4.881461616404677e-05,3.627550916210281e-05,1.5722920440620013e-10,7
572,4.881461616404677e-05,3.618358819830757e-05,1.5954286747128582e-10,7
573,4.881461616404677e-05,3.6092060110385574e-05,1.6186343253855115e-10,7
574,4.881461616404677e-05,3.6000922537901324e-05,1.6419074434472046e-10,7
575,4.881461616404677e-05,3.5910173138679866e-05,1.6652464979494055e-10,7
576,4.881461616404677e-05,3.581980958863413e-05,1.6886499793238755e-10,7
577,4.881461616404677e-05,3.5729829581594096e-05,1.7121163990833354e-10,7
578,4.881461616404677e-05,3.564023082913793e-05,1.7356442895266103e-10,7
579,4.881461616404677e-05,3.555101106042503e-05,1.759232203448207e-10,7
580,4.881461616404677e-05,3.5462168022030825e-05,1.7828787138522507e-10,7
581,4.881461616404677e-05,3.5373699477783524e-05,1.8065824136706978e-10,7
582,4.881461616404677e-05,3.528560320860258e-05,1.8303419154857676e-10,7
583,4.881461616404677e-05,3.5197877012338994e-05,1.8541558512565142e-10,7
584,4.881461616404677e-05,3.511051870361738e-05,1.878022872049473e-10,7
585,4.881461616404677e-05,3.502352611367973e-05,1.9019416477733284e-10,7
586,4.881461616404677e-05,3.493689709023096e-05,1.9259108669175106e-10,7
587,4.881461616404677e-05,3.48506294972861e-05,1.9499292362946982e-10,7
588,4.881461616404677e-05,3.476472121501916e-05,1.9739954807871162e-10,7
589,4.881461616404677e-05,3.4679170139613706e-05,1.9981083430966053e-10,7
590,4.881461616404677e-05,3.459397418311501e-05,2.0222665834983886e-10,7
591,4.881461616404677e-05,3.450913127328383e-05,2.046468979598467e-10,7
592,4.881461616404677e-05,3.442463935345182e-05,2.0707143260946038e-10,7
593,4.881461616404677e-05,3.434049638237842e-05,2.0950014345408314e-10,7
594,4.881461616404677e-05,3.4256700334109415e-05,2.1193291331154063e-10,7
595,4.881461616404677e-05,3.417324919783694e-05,2.1436962663922047e-10,7
596,4.881461616404677e-05,3.409014097776105e-05,2.1681016951154396e-10,7
597,4.881461616404677e-05,3.400737369295272e-05,2.1925442959777136e-10,7
598,4.881461616404677e-05,3.392494537721845e-05,2.217022961401286e-10,7
599,4.881461616404677e-05,3.3842854078966166e-05,2.2415365993225713e-10,7
600,4.881461616404677e-05,3.376109786107264e-05,2.2660841329797704e-10,7
601,4.881461616404677e-05,3.367967480075241e-05,2.2906645007035845e-10,7
602,4.881461616404677e-05,3.359858298942796e-05,2.3152766557110025e-10,7
603,4.881461616404677e-05,3.351782053260135e-05,2.3399195659020774e-10,7
604,4.881461616404677e-05,3.343738554972726e-05,2.3645922136596514e-10,7
605,4.881461616404677e-05,3.335727617408734e-05,2.3892935956519894e-10,7
606,4.881461616404677e-05,3.327749055266588e-05,2.414022722638281e-10,7
607,4.881461616404677e-05,3.3198026846026836e-05,2.4387786192769434e-10,7
608,4.881461616404677e-05,3.311888322819217e-05,2.463560323936708e-10,7
609,4.881461616404677e-05,3.3040057886521445e-05,2.4883668885104275e-10,7
610,4.881461616404677e-05,3.296154902159267e-05,2.5131973782315774e-10,7
611,4.881461616404677e-05,3.28833548470845e-05,2.5380508714933845e-10,7
612,4.881461616404677e-05,3.280547358965957e-05,2.5629264596705685e-10,7
613,4.881461616404677e-05,3.272790348884911e-05,2.58782324694365e-10,7
614,4.881461616404677e-05,3.265064279693879e-05,2.6127403501257604e-10,7
615,4.881461616404677e-05,3.257368977885569e-05,2.637676898491958e-10,7
616,4.881461616404677e-05,3.249704271205652e-05,2.662632033610971e-10,7
617,4.881461616404677e-05,3.2420699886416994e-05,2.6876049091793455e-10,7
618,4.881461616404677e-05,3.2344659604122326e-05,2.7125946908579825e-10,7
619,4.881461616404677e-05,3.226892017955893e-05,2.737600556110971e-10,7
620,4.881461616404677e-05,3.219347993920714e-05,2.7626216940467624e-10,7
621,4.881461616404677e-05,3.211833722153518e-05,2.7876573052615595e-10,7
622,4.881461616404677e-05,3.204349037689413e-05,2.812706601684962e-10,7
623,4.881461616404677e-05,3.196893776741401e-05,2.8377688064277965e-10,7
624,4.881461616404677e-05,3.189467776690095e-05,2.8628431536320954e-10,7
625,4.8140957940573155e-05,3.1820708760735395e-05,2.663505332919951e-10,7
626,4.8140957940573155e-05,3.1747029145771415e-05,2.6876090132902963e-10,7
627,4.8140957940573155e-05,3.167363733023695e-05,2.711726480836035e-10,7
628,4.8140957940573155e-05,3.16005317336352e-05,2.735856991071599e-10,7
629,4.8140957940573155e-05,3.152771078664692e-05,2.759999809974382e-10,7
630,4.8140957940573155e-05,3.145517293103377e-05,2.7841542138456937e-10,7
631,4.8140957940573155e-05,3.138291661954266e-05,2.808319489173656e-10,7
632,4.8140957940573155e-05,3.131094031581104e-05,2.832494932498035e-10,7
633,4.8140957940573155e-05,3.123924249427316e-05,2.8566798502769584e-10,7
634,4.8140957940573155e-05,3.1167821640067325e-05,2.880873558755487e-10,7
635,4.8140957940573155e-05,3.1096676248944004e-05,2.9050753838360467e-10,7
636,4.8140957940573155e-05,3.102580482717497e-05,2.929284660950635e-10,7
637,4.8140957940573155e-05,3.095520589146331e-05,2.9535007349348334e-10,7
638,4.8140957940573155e-05,3.0884877968854313e-05,2.9777229599035614e-10,7
639,4.8140957940573155e-05,3.081481959664734e-05,3.0019506991285644e-10,7
640,4.8140957940573155e-05,3.07450293223085e-05,3.0261833249175916e-10,7
641,4.8140957940573155e-05,3.067550570338426e-05,3.050420218495266e-10,7
642,4.8140957940573155e-05,3.060624730741589e-05,3.0746607698855844e-10,7
643,4.8140957940573155e-05,3.0537252711854775e-05,3.0989043777960683e-10,7
644,4.8140957940573155e-05,3.046852050397861e-05,3.123150449503484e-10,7
645,4.8140957940573155e-05,3.040004928080835e-05,3.147398400741178e-10,7
646,4.8140957940573155e-05,3.033183764902606e-05,3.1716476555879447e-10,7
647,4.8140957940573155e-05,3.02638842248936e-05,3.1958976463584084e-10,7
648,4.8140957940573155e-05,3.019618763417202e-05,3.2201478134949585e-10,7
649,4.8140957940573155e-05,3.0128746512041856e-05,3.244397605461135e-10,7
650,4.8140957940573155e-05,3.0061559503024168e-05,3.2686464786364873e-10,7
651,4.8140957940573155e-05,2.9994625260902388e-05,3.2928938972128726e-10,7
652,4.8140957940573155e-05,2.9927942448644882e-05,3.317139333092193e-10,7
653,4.8140957940573155e-05,2.986150973832837e-05,3.3413822657855007e-10,7
654,4.8140957940573155e-05,2.9795325811062014e-05,3.365622182313515e-10,7
655,4.8140957940573155e-05,2.972938935691229e-05,3.389858577108477e-10,7
656,4.8140957940573155e-05,2.9663699074828614e-05,3.414090951917352e-10,7
657,4.8140957940573155e-05,2.959825367256967e-05,3.438318815706346e-10,7
658,4.8140957940573155e-05,2.9533051866630477e-05,3.462541684566728e-10,7
659,4.8140957940573155e-05,2.9468092382170147e-05,3.486759081621933e-10,7
660,4.8140957940573155e-05,2.9403373952940387e-05,3.510970536935919e-10,7
661,4.8140957940573155e-05,2.9338895321214668e-05,3.5351755874227774e-10,7
662,4.8140957940573155e-05,2.9274655237718085e-05,3.559373776757565e-10,7
663,4.8140957940573155e-05,2.9210652461557906e-05,3.583564655288348e-10,7
664,4.8140957940573155e-05,2.914688576015482e-05,3.6077477799494173e-10,7
665,4.8140957940573155e-05,2.9083353909174786e-05,3.6319227141757136e-10,7
666,4.8140957940573155e-05,2.902005569246162e-05,3.656089027818368e-10,7
667,4.8140957940573155e-05,2.8956989901970197e-05,3.6802462970613983e-10,7
668,4.8140957940573155e-05,2.889415533770026e-05,3.704394104339548e-10,7
669,4.8140957940573155e-05,2.883155080763094e-05,3.728532038257197e-10,7
670,4.8140957940573155e-05,2.876917512765587e-05,3.7526596935083757e-10,7
671,4.569805491170244e-05,2.870702712151889e-05,2.886950253667897e-10,7
672,4.569805491170244e-05,2.8645105620750445e-05,2.908030795197801e-10,7
673,4.569805491170244e-05,2.8583409464604523e-05,2.929110887798694e-10,7
674,4.569805491170244e-05,2.852193749999623e-05,2.9501900934071716e-10,7
675,4.569805491170244e-05,2.8460688581439967e-05,2.9712679800366633e-10,7
676,4.569805491170244e-05,2.839966157098815e-05,2.9923441217006844e-10,7
677,4.569805491170244e-05,2.833885533817057e-05,3.01341809833709e-10,7
678,4.569805491170244e-05,2.827826875993434e-05,3.034489495733316e-10,7
679,4.569805491170244e-05,2.8217900720584304e-05,3.055557905452649e-10,7
680,4.569805491170244e-05,2.8157750111724147e-05,3.076622924761415e-10,7
681,4.569805491170244e-05,2.8097815832197983e-05,3.097684156557158e-10,7
682,4.569805491170244e-05,2.803809678803251e-05,3.1187412092977554e-10,7
683,4.569805491170244e-05,2.797859189237973e-05,3.1397936969314507e-10,7
684,4.569805491170244e-05,2.7919300065460172e-05,3.1608412388278286e-10,7
685,4.569805491170244e-05,2.786022023450669e-05,3.1818834597096723e-10,7
686,4.569805491170244e-05,2.7801351333708762e-05,3.2029199895857165e-10,7
687,4.569805491170244e-05,2.774269230415734e-05,3.223950463684287e-10,7
688,4.569805491170244e-05,2.768424209379016e-05,3.2449745223878075e-10,7
689,4.5024396688228816e-05,2.762599965733763e-05,3.027042192445233e-10,7
690,4.5024396688228816e-05,2.75679639562692e-05,3.047270437254311e-10,7
691,4.5024396688228816e-05,2.751013395874021e-05,3.0674939895755366e-10,7
692,4.5024396688228816e-05,2.7452508639539257e-05,3.087712495956789e-10,7
693,4.5024396688228816e-05,2.7395086980036046e-05,3.107925607873799e-10,7
694,4.5024396688228816e-05,2.7337867968129722e-05,3.128132981668901e-10,7
695,4.5024396688228816e-05,2.7280850598197695e-05,3.148334278490587e-10,7
696,4.5024396688228816e-05,2.7224033871044918e-05,3.168529164233831e-10,7
697,4.5024396688228816e-05,2.7167416793853655e-05,3.1887173094811877e-10,7
698,4.5024396688228816e-05,2.711099838013368e-05,3.208898389444657e-10,7
699,4.5024396688228816e-05,2.7054777649672984e-05,3.229072083908282e-10,7
700,4.5024396688228816e-05,2.6998753628488917e-05,3.249238077171492e-10,7
701,4.5024396688228816e-05,2.6942925348779725e-05,3.269396057993189e-10,7
702,4.5024396688228816e-05,2.6887291848876634e-05,3.289545719536523e-10,7
703,4.5024396688228816e-05,2.6831852173196295e-05,3.309686759314399e-10,7
704,4.5024396688228816e-05,2.677660537219368e-05,3.329818879135673e-10,7
705,4.5024396688228816e-05,2.6721550502315432e-05,3.349941785052041e-10,7
706,4.5024396688228816e-05,2.666668662595364e-05,3.3700551873055927e-10,7
707,4.5024396688228816e-05,2.6612012811399974e-05,3.390158800277067e-10,7
708,4.5024396688228816e-05,2.6557528132800344e-05,3.4102523424347284e-10,7
709,4.5024396688228816e-05,2.6503231670109878e-05,3.430335536283927e-10,7
710,4.5024396688228816e-05,2.6449122509048347e-05,3.4504081083172863e-10,7
711,4.5024396688228816e-05,2.639519974105602e-05,3.470469788965523e-10,7
712,4.5024396688228816e-05,2.6341462463249828e-05,3.490520312548912e-10,7
713,4.5024396688228816e-05,2.6287909778380067e-05,3.510559417229335e-10,7
714,4.5024396688228816e-05,2.623454079478736e-05,3.5305868449629664e-10,7
715,4.5024396688228816e-05,2.618135462636005e-05,3.5506023414535557e-10,7
716,4.5024396688228816e-05,2.6128350392492027e-05,3.5706056561062803e-10,7
717,4.5024396688228816e-05,2.6075527218040872e-05,3.590596541982207e-10,7
718,4.5024396688228816e-05,2.6022884233286393e-05,3.6105747557533205e-10,7
719,4.5024396688228816e-05,2.597042057388953e-05,3.63054005765812e-10,7
720,4.604517149153975e-05,2.591813538085167e-05,4.05097582600942e-10,6
721,4.604517149153975e-05,2.5866027800474243e-05,4.0719784010466884e-10,6
722,4.604517149153975e-05,2.5814096984318787e-05,4.0929637571672595e-10,6
723,4.604517149153975e-05,2.576234208916725e-05,4.113931685657464e-10,6
724,4.604517149153975e-05,2.5710762276982732e-05,4.1348819810506134e-10,6
725,4.604517149153975e-05,2.565935671487055e-05,4.1558144410866435e-10,6
726,4.604517149153975e-05,2.5608124575039665e-05,4.1767288666722564e-10,6
727,4.604517149153975e-05,2.5557065034764384e-05,4.1976250618416043e-10,6
728,4.604517149153975e-05,2.55061772763465e-05,4.218502833717417e-10,6
729,4.604517149153975e-05,2.545546048707771e-05,4.239361992472653e-10,6
730,4.604517149153975e-05,2.5404913859202327e-05,4.260202351292632e-10,6
731,4.604517149153975e-05,2.5354536589880444e-05,4.281023726337622e-10,6
732,4.604517149153975e-05,2.5304327881151287e-05,4.301825936705919e-10,6
733,4.604517149153975e-05,2.5254286939896965e-05,4.322608804397386e-10,6
734,4.604517149153975e-05,2.5204412977806515e-05,4.343372154277443e-10,6
735,4.604517149153975e-05,2.515470521134031e-05,4.3641158140414985e-10,6
736,4.604517149153975e-05,2.510516286169467e-05,4.3848396141798633e-10,6
737,4.604517149153975e-05,2.505578515476692e-05,4.40554338794306e-10,6
738,4.604517149153975e-05,2.5006571321120625e-05,4.4262269713075964e-10,6
739,4.604517149153975e-05,2.4957520595951234e-05,4.4468902029421514e-10,6
740,4.604517149153975e-05,2.4908632219051954e-05,4.467532924174189e-10,6
741,4.604517149153975e-05,2.4859905434779955e-05,4.488154978956987e-10,6
742,4.604517149153975e-05,2.481133949202283e-05,4.5087562138370874e-10,6
743,4.604517149153975e-05,2.4762933644165426e-05,4.529336477922121e-10,6
744,4.604517149153975e-05,2.4714687149056853e-05,4.54989562284908e-10,6
745,4.604517149153975e-05,2.466659926897789e-05,4.5704335027529355e-10,6
746,4.604517149153975e-05,2.4618669270608562e-05,4.5909499742356913e-10,6
747,4.604517149153975e-05,2.4570896424996103e-05,4.611444896335782e-10,6
748,4.604517149153975e-05,2.4523280007523114e-05,4.6319181304978775e-10,6
749,4.525923689748719e-05,2.4475819297876052e-05,4.31950447119826e-10,6
750,4.525923689748719e-05,2.4428513580013943e-05,4.339190339291237e-10,6
751,4.525923689748719e-05,2.4381362142137383e-05,4.3588565430007276e-10,6
752,4.525923689748719e-05,2.4334364276657837e-05,4.378502941979339e-10,6
753,4.525923689748719e-05,2.4287519280167138e-05,4.3981293982061226e-10,6
754,4.525923689748719e-05,2.4240826453407295e-05,4.4177357759580683e-10,6
755,4.525923689748719e-05,2.419428510124055e-05,4.437321941781945e-10,6
756,4.525923689748719e-05,2.4147894532619677e-05,4.456887764466498e-10,6
757,4.525923689748719e-05,2.4101654060558516e-05,4.476433115014988e-10,6
758,4.525923689748719e-05,2.405556300210284e-05,4.4959578666180375e-10,6
759,4.525923689748719e-05,2.4009620678301354e-05,4.5154618946268575e-10,6
760,4.525923689748719e-05,2.3963826414177038e-05,4.5349450765267595e-10,6
761,4.525923689748719e-05,2.3918179538698677e-05,4.5544072919110135e-10,6
762,4.525923689748719e-05,2.387267938475264e-05,4.5738484224550267e-10,6
763,4.525923689748719e-05,2.3827325289114927e-05,4.5932683518908177e-10,6
764,4.525923689748719e-05,2.378211659242341e-05,4.6126669659818296e-10,6
765,4.525923689748719e-05,2.3737052639150346e-05,4.6320441524980227e-10,6
766,4.525923689748719e-05,2.369213277757508e-05,4.651399801191299e-10,6
767,4.525923689748719e-05,2.3647356359757037e-05,4.670733803771194e-10,6
768,4.525923689748719e-05,2.3602722741508875e-05,4.690046053880891e-10,6
769,4.525923689748719e-05,2.3558231282369887e-05,4.709336447073528e-10,6
770,4.525923689748719e-05,2.351388134557967e-05,4.728604880788752e-10,6
771,4.525923689748719e-05,2.3469672298051944e-05,4.747851254329617e-10,6
772,4.525923689748719e-05,2.3425603510348633e-05,4.767075468839715e-10,6
773,4.525923689748719e-05,2.3381674356654148e-05,4.786277427280611e-10,6
774,4.525923689748719e-05,2.3337884214749878e-05,4.805457034409543e-10,6
775,4.525923689748719e-05,2.3294232465988934e-05,4.824614196757381e-10,6
776,4.525923689748719e-05,2.325071849527104e-05,4.843748822606869e-10,6
777,4.525923689748719e-05,2.320734169101767e-05,4.862860821971134e-10,6
778,4.525923689748719e-05,2.316410144514739e-05,4.88195010657243e-10,6
779,4.525923689748719e-05,2.312099715305141e-05,4.90101658982116e-10,6
780,4.525923689748719e-05,2.3078028213569293e-05,4.920060186795147e-10,6
781,4.525923689748719e-05,2.303519402896494e-05,4.939080814219146e-10,6
782,4.525923689748719e-05,2.299249400490271e-05,4.958078390444615e-10,6
783,4.525923689748719e-05,2.294992755042374e-05,4.977052835429727e-10,6
784,4.525923689748719e-05,2.2907494077922522e-05,4.996004070719607e-10,6
785,4.525923689748719e-05,2.286519300312359e-05,5.014932019426837e-10,6
786,4.525923689748719e-05,2.2823023745058462e-05,5.033836606212159e-10,6
787,4.525923689748719e-05,2.2780985726042724e-05,5.052717757265446e-10,6
788,4.525923689748719e-05,2.2739078371653345e-05,5.071575400286869e-10,6
789,4.525923689748719e-05,2.2697301110706132e-05,5.090409464468318e-10,6
790,4.525923689748719e-05,2.265565337523341e-05,5.109219880475026e-10,6
791,4.525923689748719e-05,2.261413460046187e-05,5.128006580427414e-10,6
792,4.525923689748719e-05,2.2572744224790566e-05,5.146769497883176e-10,6
793,4.525923689748719e-05,2.253148168976916e-05,5.165508567819541e-10,6
794,4.525923689748719e-05,2.2490346440076262e-05,5.184223726615784e-10,6
795,4.525923689748719e-05,2.2449337923498016e-05,5.202914912035923e-10,6
796,4.525923689748719e-05,2.240845559090681e-05,5.221582063211633e-10,6
797,4.525923689748719e-05,2.236769889624019e-05,5.240225120625356e-10,6
798,4.525923689748719e-05,2.232706729647993e-05,5.258844026093614e-10,6
799,4.525923689748719e-05,2.2286560251631264e-05,5.277438722750542e-10,6
800,4.525923689748719e-05,2.2246177224702304e-05,5.29600915503158e-10,6
801,4.525923689748719e-05,2.2205917681683612e-05,5.314555268657385e-10,6
802,4.525923689748719e-05,2.2165781091527946e-05,5.333077010617927e-10,6
803,4.525923689748719e-05,2.212576692613014e-05,5.351574329156785e-10,6
804,4.525923689748719e-05,2.2085874660307184e-05,5.370047173755604e-10,6
805,4.525923689748719e-05,2.204610377177844e-05,5.388495495118768e-10,6
806,4.525923689748719e-05,2.2006453741146038e-05,5.406919245158228e-10,6
807,4.525923689748719e-05,2.1966924051875368e-05,5.425318376978535e-10,6
808,4.525923689748719e-05,2.1927514190275843e-05,5.443692844862016e-10,6
809,4.525923689748719e-05,2.1888223645481665e-05,5.462042604254178e-10,6
810,4.525923689748719e-05,2.18490519094329e-05,5.480367611749225e-10,6
811,4.525923689748719e-05,2.1809998476856565e-05,5.498667825075794e-10,6
812,4.525923689748719e-05,2.1771062845247966e-05,5.51694320308284e-10,6
813,4.525923689748719e-05,2.173224451485213e-05,5.535193705725682e-10,6
814,4.525923689748719e-05,2.1693542988645407e-05,5.553419294052227e-10,6
815,4.525923689748719e-05,2.165495777231722e-05,5.571619930189349e-10,6
816,4.525923689748719e-05,2.1616488374251905e-05,5.589795577329443e-10,6
817,4.525923689748719e-05,2.1578134305510797e-05,5.60794619971711e-10,6
818,4.525923689748719e-05,2.1539895079814366e-05,5.626071762636028e-10,6
819,4.525923689748719e-05,2.150177021352453e-05,5.644172232395957e-10,6
820,4.525923689748719e-05,2.1463759225627114e-05,5.662247576319914e-10,6
821,4.525923689748719e-05,2.1425861637714424e-05,5.680297762731486e-10,6
822,4.525923689748719e-05,2.1388076973967977e-05,5.698322760942298e-10,6
823,4.525923689748719e-05,2.1350404761141366e-05,5.716322541239628e-10,6
824,4.525923689748719e-05,2.1312844528543237e-05,5.734297074874172e-10,6
825,4.525923689748719e-05,2.127539580802043e-05,5.752246334047942e-10,6
826,4.525923689748719e-05,2.123805813394123e-05,5.770170291902315e-10,6
827,4.525923689748719e-05,2.1200831043178748e-05,5.788068922506227e-10,6
828,4.525923689748719e-05,2.1163714075094448e-05,5.805942200844495e-10,6
829,4.525923689748719e-05,2.1126706771521805e-05,5.823790102806269e-10,6
830,4.447330230343463e-05,2.1089808676750032e-05,5.467877741891993e-10,6
831,4.447330230343463e-05,2.1053019337508042e-05,5.485096542040711e-10,6
832,4.447330230343463e-05,2.1016338302948416e-05,5.502291601201063e-10,6
833,4.447330230343463e-05,2.0979765124631577e-05,5.519462891718014e-10,6
834,4.447330230343463e-05,2.0943299356510066e-05,5.536610386822786e-10,6
835,4.447330230343463e-05,2.0906940554912908e-05,5.553734060621879e-10,6
836,4.447330230343463e-05,2.0870688278530146e-05,5.570833888086179e-10,6
837,4.447330230343463e-05,2.083454208839746e-05,5.587909845040242e-10,6
838,4.447330230343463e-05,2.0798501547880924e-05,5.604961908151664e-10,6
839,4.447330230343463e-05,2.076256622266186e-05,5.621990054920598e-10,6
840,4.447330230343463e-05,2.072673568072183e-05,5.638994263669376e-10,6
841,4.447330230343463e-05,2.069100949232774e-05,5.655974513532265e-10,6
842,4.447330230343463e-05,2.0655387230017035e-05,5.672930784445332e-10,6
843,4.447330230343463e-05,2.061986846858303e-05,5.689863057136431e-10,6
844,4.447330230343463e-05,2.058445278506036e-05,5.706771313115307e-10,6
845,4.447330230343463e-05,2.05491397587105e-05,5.72365553466381e-10,6
846,4.447330230343463e-05,2.0513928971007464e-05,5.74051570482622e-10,6
847,4.447330230343463e-05,2.0478820005623532e-05,5.757351807399702e-10,6
848,4.447330230343463e-05,2.044381244841514e-05,5.774163826924845e-10,6
849,4.447330230343463e-05,2.0408905887408877e-05,5.790951748676331e-10,6
850,4.447330230343463e-05,2.0374099912787555e-05,5.807715558653697e-10,6
851,4.447330230343463e-05,2.033939411687642e-05,5.824455243572214e-10,6
852,4.447330230343463e-05,2.0304788094129426e-05,5.841170790853876e-10,6
853,4.447330230343463e-05,2.027028144111567e-05,5.857862188618468e-10,6
854,4.447330230343463e-05,2.0235873756505877e-05,5.874529425674768e-10,6
855,4.447330230343463e-05,2.0201564641059e-05,5.891172491511835e-10,6
856,4.447330230343463e-05,2.0167353697608967e-05,5.907791376290386e-10,6
857,4.447330230343463e-05,2.013324053105143e-05,5.9243860708343e-10,6
858,4.447330230343463e-05,2.0099224748330723e-05,5.940956566622201e-10,6
859,4.447330230343463e-05,2.0065305958426853e-05,5.95750285577913e-10,6
860,4.447330230343463e-05,2.0031483772342578e-05,5.974024931068349e-10,6
861,4.447330230343463e-05,1.9997757803090642e-05,5.990522785883188e-10,6
862,4.447330230343463e-05,1.9964127665681053e-05,6.006996414239032e-10,6
863,4.447330230343463e-05,1.9930592977108473e-05,6.023445810765369e-10,6
864,4.447330230343463e-05,1.9897153356339708e-05,6.039870970697949e-10,6
865,4.447330230343463e-05,1.9863808424301283e-05,6.056271889871017e-10,6
866,4.447330230343463e-05,1.98305578038671e-05,6.072648564709658e-10,6
867,4.447330230343463e-05,1.9797401119846225e-05,6.089000992222197e-10,6
868,4.447330230343463e-05,1.976433799897072e-05,6.105329169992717e-10,6
869,4.447330230343463e-05,1.9731368069883594e-05,6.121633096173647e-10,6
870,4.447330230343463e-05,1.9698490963126836e-05,6.137912769478437e-10,6
871,4.447330230343463e-05,1.9665706311129534e-05,6.15416818917432e-10,6
872,4.447330230343463e-05,1.963301374819608e-05,6.170399355075153e-10,6
873,4.447330230343463e-05,1.960041291049447e-05,6.186606267534351e-10,6
874,4.447330230343463e-05,1.9567903436044688e-05,6.202788927437883e-10,6
875,4.447330230343463e-05,1.9535484964707175e-05,6.218947336197357e-10,6
876,4.447330230343463e-05,1.950315713817136e-05,6.235081495743206e-10,6
877,4.447330230343463e-05,1.9470919599944338e-05,6.251191408517906e-10,6
878,4.447330230343463e-05,1.943877199533955e-05,6.267277077469311e-10,6
879,4.447330230343463e-05,1.9406713971465615e-05,6.283338506044052e-10,6
880,4.447330230343463e-05,1.9374745177215196e-05,6.299375698181004e-10,6
881,4.447330230343463e-05,1.934286526325397e-05,6.315388658304841e-10,6
882,4.447330230343463e-05,1.9311073882009687e-05,6.331377391319653e-10,6
883,4.134911411528146e-05,1.9279370687661284e-05,4.870735749609839e-10,5
884,4.134911411528146e-05,1.9247755336128094e-05,4.884700598848596e-10,5
885,4.134911411528146e-05,1.9216227485059138e-05,4.89864670586274e-10,5
886,4.134911411528146e-05,1.9184786793822478e-05,4.912574056127732e-10,5
887,4.134911411528146e-05,1.915343292349467e-05,4.926482635674379e-10,5
888,4.134911411528146e-05,1.912216553685026e-05,4.940372431082247e-10,5
889,4.2681131290190525e-05,1.9090984298351394e-05,5.564950350965767e-10,4
890,4.2681131290190525e-05,1.9059888874137504e-05,5.579630932779424e-10,4
891,4.2681131290190525e-05,1.9028878932014997e-05,5.594290416148198e-10,4
892,4.2681131290190525e-05,1.8997954141447127e-05,5.608928798587614e-10,4
893,4.2681131290190525e-05,1.896711417354386e-05,5.623546078086111e-10,4
894,4.2681131290190525e-05,1.8936358701051842e-05,5.638142253099117e-10,4
895,4.2681131290190525e-05,1.890568739834443e-05,5.652717322543218e-10,4
896,4.2681131290190525e-05,1.8875099941411807e-05,5.667271285790351e-10,4
897,4.2681131290190525e-05,1.8844596007851163e-05,5.681804142662092e-10,4
898,4.2681131290190525e-05,1.8814175276856942e-05,5.696315893424001e-10,4
899,4.2681131290190525e-05,1.8783837429211153e-05,5.710806538780024e-10,4
900,4.2681131290190525e-05,1.8753582147273775e-05,5.725276079866961e-10,4
901,4.2681131290190525e-05,1.872340911497319e-05,5.739724518249005e-10,4
902,4.2681131290190525e-05,1.869331801779674e-05,5.754151855912314e-10,4
903,4.2681131290190525e-05,1.8663308542781298e-05,5.768558095259681e-10,4
904,4.2681131290190525e-05,1.8633380378503932e-05,5.782943239105233e-10,4
905,4.2681131290190525e-05,1.8603533215072635e-05,5.797307290669207e-10,4
906,4.2681131290190525e-05,1.8573766744117135e-05,5.811650253572763e-10,4
907,4.2681131290190525e-05,1.8544080658779708e-05,5.825972131832893e-10,4
908,4.2681131290190525e-05,1.8514474653706157e-05,5.84027292985734e-10,4
909,4.2681131290190525e-05,1.8484948425036753e-05,5.85455265243961e-10,4
910,4.2681131290190525e-05,1.8455501670397317e-05,5.86881130475402e-10,4
911,4.2681131290190525e-05,1.8426134088890327e-05,5.883048892350804e-10,4
912,4.2681131290190525e-05,1.8396845381086086e-05,5.897265421151284e-10,4
913,4.2681131290190525e-05,1.8367635249013974e-05,5.911460897443078e-10,4
914,4.2681131290190525e-05,1.8338503396153744e-05,5.925635327875375e-10,4
915,4.2681131290190525e-05,1.8309449527426893e-05,5.939788719454254e-10,4
916,4.2681131290190525e-05,1.828047334918807e-05,5.953921079538062e-10,4
917,4.2681131290190525e-05,1.825157456921658e-05,5.968032415832832e-10,4
918,4.2681131290190525e-05,1.8222752896707916e-05,5.98212273638777e-10,4
919,4.2681131290190525e-05,1.819400804226536e-05,5.996192049590771e-10,4
920,4.2681131290190525e-05,1.8165339717891655e-05,6.010240364164003e-10,4
921,4.2681131290190525e-05,1.8136747636980727e-05,6.024267689159523e-10,4
922,4.2681131290190525e-05,1.810823151430945e-05,6.038274033954963e-10,4
923,4.2681131290190525e-05,1.807979106602949e-05,6.052259408249237e-10,4
924,4.2681131290190525e-05,1.8051426009659204e-05,6.066223822058325e-10,4
925,4.2681131290190525e-05,1.8023136064075585e-05,6.080167285711072e-10,4
926,4.2681131290190525e-05,1.799492094950626e-05,6.094089809845068e-10,4
927,4.2681131290190525e-05,1.7966780387521552e-05,6.107991405402547e-10,4
928,4.2681131290190525e-05,1.793871410102662e-05,6.121872083626335e-10,4
929,4.2681131290190525e-05,1.7910721814253608e-05,6.135731856055854e-10,4
930,4.2681131290190525e-05,1.7882803252753865e-05,6.149570734523172e-10,4
931,4.2681131290190525e-05,1.7854958143390236e-05,6.163388731149077e-10,4
932,4.2681131290190525e-05,1.7827186214329405e-05,6.177185858339212e-10,4
933,4.2681131290190525e-05,1.7799487195034248e-05,6.190962128780253e-10,4
934,4.2681131290190525e-05,1.7771860816256316e-05,6.204717555436106e-10,4
935,4.2681131290190525e-05,1.774430681002829e-05,6.218452151544186e-10,4
936,4.2681131290190525e-05,1.771682490965652e-05,6.232165930611708e-10,4
937,4.2681131290190525e-05,1.7689414849713656e-05,6.245858906412018e-10,4
938,4.2681131290190525e-05,1.7662076366031267e-05,6.259531092980976e-10,4
939,4.2681131290190525e-05,1.763480919569252e-05,6.273182504613389e-10,4
940,4.2681131290190525e-05,1.760761307702496e-05,6.286813155859453e-10,4
941,4.2681131290190525e-05,1.758048774959328e-05,6.300423061521263e-10,4
942,4.2681131290190525e-05,1.7553432954192174e-05,6.314012236649343e-10,4
943,4.2681131290190525e-05,1.7526448432839237e-05,6.327580696539228e-10,4
944,4.2681131290190525e-05,1.7499533928767887e-05,6.341128456728076e-10,4
945,4.2681131290190525e-05,1.747268918642038e-05,6.354655532991313e-10,4
946,4.2681131290190525e-05,1.744591395144081e-05,6.368161941339342e-10,4
947,4.2681131290190525e-05,1.741920797066825e-05,6.381647698014232e-10,4
948,4.2681131290190525e-05,1.739257099212983e-05,6.395112819486515e-10,4
949,4.2681131290190525e-05,1.736600276503394e-05,6.408557322451967e-10,4
950,4.2681131290190525e-05,1.7339503039763454e-05,6.421981223828434e-10,4
951,4.2681131290190525e-05,1.7313071567869003e-05,6.435384540752715e-10,4
952,4.2681131290190525e-05,1.728670810206228e-05,6.448767290577455e-10,4
953,4.2681131290190525e-05,1.7260412396209417e-05,6.462129490868081e-10,4
954,4.2681131290190525e-05,1.7234184205324386e-05,6.475471159399773e-10,4
955,4.2681131290190525e-05,1.720802328556243e-05,6.488792314154478e-10,4
956,4.2681131290190525e-05,1.7181929394213597e-05,6.502092973317933e-10,4
957,4.150222939911169e-05,1.715590228969625e-05,5.927436437186571e-10,4
958,4.150222939911169e-05,1.712994173155065e-05,5.940084061503479e-10,4
959,4.150222939911169e-05,1.7104047480432605e-05,5.95271280936959e-10,4
960,4.150222939911169e-05,1.7078219298107104e-05,5.965322694139741e-10,4
961,4.150222939911169e-05,1.7052456947442065e-05,5.977913729384228e-10,4
962,4.150222939911169e-05,1.7026760192402062e-05,5.990485928885912e-10,4
963,4.150222939911169e-05,1.7001128798042126e-05,6.003039306637313e-10,4
964,4.150222939911169e-05,1.6975562530501587e-05,6.015573876837765e-10,4
965,4.150222939911169e-05,1.6950061156997945e-05,6.028089653890587e-10,4
966,4.150222939911169e-05,1.6924624445820792e-05,6.040586652400292e-10,4
967,4.150222939911169e-05,1.689925216632578e-05,6.053064887169818e-10,4
968,4.150222939911169e-05,1.6873944088928598e-05,6.065524373197802e-10,4
969,4.150222939911169e-05,1.6848699985099034e-05,6.077965125675872e-10,4
970,4.150222939911169e-05,1.6823519627355038e-05,6.090387159985972e-10,4
971,4.150222939911169e-05,1.679840278925685e-05,6.102790491697719e-10,4
972,4.150222939911169e-05,1.6773349245401157e-05,6.115175136565786e-10,4
973,4.150222939911169e-05,1.674835877141528e-05,6.12754111052731e-10,4
974,4.150222939911169e-05,1.6723431143951418e-05,6.139888429699337e-10,4
975,4.150222939911169e-05,1.669856614068091e-05,6.152217110376289e-10,4
976,4.150222939911169e-05,1.6673763540288566e-05,6.164527169027454e-10,4
977,4.150222939911169e-05,1.6649023122466987e-05,6.176818622294516e-10,4
978,4.150222939911169e-05,1.6624344667910978e-05,6.189091486989094e-10,4
979,4.150222939911169e-05,1.6599727958311938e-05,6.201345780090337e-10,4
980,4.150222939911169e-05,1.657517277635236e-05,6.213581518742497e-10,4
981,4.150222939911169e-05,1.6550678905700286e-05,6.225798720252589e-10,4
982,4.150222939911169e-05,1.652624613100386e-05,6.237997402088022e-10,4
983,4.150222939911169e-05,1.6501874237885904e-05,6.250177581874287e-10,4
984,4.150222939911169e-05,1.6477563012938494e-05,6.262339277392665e-10,4
985,4.150222939911169e-05,1.645331224371761e-05,6.274482506577958e-10,4
986,4.150222939911169e-05,1.6429121718737826e-05,6.286607287516228e-10,4
987,4.150222939911169e-05,1.6404991227467e-05,6.298713638442592e-10,4
988,4.150222939911169e-05,1.6380920560321018e-05,6.310801577739023e-10,4
989,4.150222939911169e-05,1.635690950865857e-05,6.322871123932173e-10,4
990,4.150222939911169e-05,1.6332957864775967e-05,6.334922295691225e-10,4
991,4.150222939911169e-05,1.6309065421901995e-05,6.346955111825761e-10,4
992,4.150222939911169e-05,1.6285231974192768e-05,6.358969591283675e-10,4
993,4.150222939911169e-05,1.6261457316726662e-05,6.370965753149074e-10,4
994,4.150222939911169e-05,1.6237741245499236e-05,6.38294361664024e-10,4
995,4.150222939911169e-05,1.621408355741825e-05,6.394903201107572e-10,4
996,4.150222939911169e-05,1.6190484050298622e-05,6.406844526031599e-10,4
997,4.150222939911169e-05,1.6166942522857515e-05,6.41876761102097e-10,4
998,4.150222939911169e-05,1.6143458774709382e-05,6.430672475810494e-10,4
999,4.150222939911169e-05,1.6120032606361097e-05,6.442559140259184e-10,4
1000,4.150222939911169e-05,1.6096663819207065e-05,6.454427624348346e-10,4
1001,4.150222939911169e-05,1.607335221552441e-05,6.466277948179657e-10,4
1002,4.150222939911169e-05,1.6050097598468167e-05,6.478110131973293e-10,4
1003,4.150222939911169e-05,1.6026899772066518e-05,6.489924196066055e-10,4
1004,4.150222939911169e-05,1.600375854121605e-05,6.501720160909531e-10,4
1005,4.150222939911169e-05,1.5980673711677045e-05,6.513498047068276e-10,4
1006,4.150222939911169e-05,1.595764509006881e-05,6.525257875217997e-10,4
1007,4.150222939911169e-05,1.5934672483865008e-05,6.536999666143784e-10,4
1008,4.150222939911169e-05,1.5911755701389074e-05,6.54872344073833e-10,4
1009,4.150222939911169e-05,1.5888894551809598e-05,6.560429220000197e-10,4
1010,4.150222939911169e-05,1.586608884513577e-05,6.572117025032087e-10,4
1011,4.150222939911169e-05,1.5843338392212862e-05,6.583786877039135e-10,4
1012,4.150222939911169e-05,1.5820643004717713e-05,6.595438797327218e-10,4
1013,4.150222939911169e-05,1.5798002495154267e-05,6.607072807301285e-10,4
1014,4.150222939911169e-05,1.5775416676849115e-05,6.618688928463714e-10,4
1015,4.150222939911169e-05,1.5752885363947095e-05,6.630287182412665e-10,4
1016,4.150222939911169e-05,1.5730408371406888e-05,6.641867590840474e-10,4
1017,4.150222939911169e-05,1.5707985514996674e-05,6.653430175532048e-10,4
1018,4.150222939911169e-05,1.5685616611289785e-05,6.664974958363295e-10,4
1019,4.150222939911169e-05,1.5663301477660404e-05,6.676501961299548e-10,4
1020,4.150222939911169e-05,1.5641039932279287e-05,6.688011206394032e-10,4
1021,4.150222939911169e-05,1.561883179410952e-05,6.69950271578632e-10,4
1022,4.150222939911169e-05,1.5596676882902286e-05,6.710976511700833e-10,4
1023,4.150222939911169e-05,1.557457501919266e-05,6.722432616445345e-10,4
1024,4.150222939911169e-05,1.555252602429545e-05,6.733871052409492e-10,4
1025,4.150222939911169e-05,1.5530529720301066e-05,6.745291842063318e-10,4
1026,4.150222939911169e-05,1.5508585930071356e-05,6.756695007955832e-10,4
1027,4.150222939911169e-05,1.548669447723556e-05,6.768080572713565e-10,4
1028,4.150222939911169e-05,1.546485518618622e-05,6.779448559039162e-10,4
1029,4.150222939911169e-05,1.544306788207514e-05,6.790798989709987e-10,4
1030,4.150222939911169e-05,1.5421332390809365e-05,6.802131887576731e-10,4
1031,2.0033905881201896e-05,1.5399648539047203e-05,2.147634111331468e-11,3
1032,2.0033905881201896e-05,1.5378016154194255e-05,2.167730915005528e-11,3
1033,2.0033905881201896e-05,1.5356435064399454e-05,2.18787332420385e-11,3
1034,2.0033905881201896e-05,1.5334905098551184e-05,2.2080608355352e-11,3
1035,2.0033905881201896e-05,1.531342608627334e-05,2.228292949432873e-11,3
1036,2.0033905881201896e-05,1.5291997857921516e-05,2.248569170125084e-11,3
1037,2.0033905881201896e-05,1.5270620244579104e-05,2.2688890056056993e-11,3
1038,2.0033905881201896e-05,1.5249293078053516e-05,2.2892519676051394e-11,3
1039,2.0033905881201896e-05,1.5228016190872362e-05,2.30965757156157e-11,3
1040,2.0033905881201896e-05,1.5206789416279693e-05,2.330105336592302e-11,3
1041,2.0033905881201896e-05,1.5185612588232234e-05,2.3505947854654607e-11,3
1042,2.0033905881201896e-05,1.5164485541395676e-05,2.3711254445718516e-11,3
1043,2.0033905881201896e-05,1.5143408111140956e-05,2.391696843897102e-11,3
1044,2.0033905881201896e-05,1.5122380133540583e-05,2.412308516994001e-11,3
1045,2.0033905881201896e-05,1.5101401445364994e-05,2.4329600009550708e-11,3
1046,2.0033905881201896e-05,1.5080471884078885e-05,2.4536508363854046e-11,3
1047,2.0033905881201896e-05,1.5059591287837626e-05,2.474380567375674e-11,3
1048,2.0033905881201896e-05,1.5038759495483663e-05,2.4951487414753927e-11,3
1049,2.0033905881201896e-05,1.5017976346542948e-05,2.515954909666393e-11,3
1050,2.0033905881201896e-05,1.4997241681221382e-05,2.5367986263365343e-11,3
1051,2.0033905881201896e-05,1.4976555340401315e-05,2.5576794492535924e-11,3
1052,2.0033905881201896e-05,1.495591716563801e-05,2.5785969395394167e-11,3
1053,2.0033905881201896e-05,1.4935326999156187e-05,2.5995506616442465e-11,3
1054,2.0033905881201896e-05,1.4914784683846557e-05,2.6205401833212753e-11,3
1055,2.0033905881201896e-05,1.4894290063262368e-05,2.6415650756014197e-11,3
1056,2.0033905881201896e-05,1.4873842981616003e-05,2.662624912768277e-11,3
1057,2.0033905881201896e-05,1.4853443283775568e-05,2.683719272333313e-11,3
1058,2.0033905881201896e-05,1.4833090815261536e-05,2.7048477350112233e-11,3
1059,2.0033905881201896e-05,1.4812785422243363e-05,2.7260098846955354e-11,3
1060,2.0033905881201896e-05,1.4792526951536171e-05,2.7472053084343813e-11,3
1061,2.0033905881201896e-05,1.4772315250597432e-05,2.7684335964064677e-11,3
1062,2.0033905881201896e-05,1.4752150167523661e-05,2.7896943418972675e-11,3
1063,2.0033905881201896e-05,1.4732031551047147e-05,2.8109871412753862e-11,3
1064,2.0033905881201896e-05,1.4711959250532703e-05,2.8323115939691167e-11,3
1065,2.0033905881201896e-05,1.4691933115974412e-05,2.8536673024432167e-11,3
1066,2.0033905881201896e-05,1.4671952997992433e-05,2.875053872175827e-11,3
1067,2.0033905881201896e-05,1.465201874782979e-05,2.896470911635621e-11,3
1068,2.0033905881201896e-05,1.4632130217349192e-05,2.917918032259132e-11,3
1069,2.0033905881201896e-05,1.4612287259029889e-05,2.939394848428229e-11,3
1070,2.0033905881201896e-05,1.4592489725964512e-05,2.9609009774478394e-11,3
1071,2.0033905881201896e-05,1.457273747185597e-05,2.982436039523791e-11,3
1072,2.0033905881201896e-05,1.4553030351014336e-05,3.0039996577408765e-11,3
1073,2.0033905881201896e-05,1.4533368218353779e-05,3.0255914580410626e-11,3
1074,2.0033905881201896e-05,1.451375092938948e-05,3.047211069201914e-11,3
1075,2.0033905881201896e-05,1.449417834023459e-05,3.0688581228151665e-11,3
1076,2.0033905881201896e-05,1.4474650307597223e-05,3.090532253265461e-11,3
1077,2.0033905881201896e-05,1.4455166688777418e-05,3.112233097709291e-11,3
1078,2.0033905881201896e-05,1.4435727341664157e-05,3.1339602960540895e-11,3
1079,2.0033905881201896e-05,1.4416332124732398e-05,3.1557134909374815e-11,3
1080,2.0033905881201896e-05,1.439698089704011e-05,3.177492327706734e-11,3
1081,2.0033905881201896e-05,1.437767351822534e-05,3.1992964543983345e-11,3
1082,2.0033905881201896e-05,1.4358409848503286e-05,3.2211255217177664e-11,3
1083,2.0033905881201896e-05,1.4339189748663396e-05,3.242979183019425e-11,3
1084,2.0033905881201896e-05,1.432001308006649e-05,3.264857094286702e-11,3
1085,2.0033905881201896e-05,1.4300879704641867e-05,3.28675891411225e-11,3
1086,2.0033905881201896e-05,1.4281789484884484e-05,3.30868430367836e-11,3
1087,2.0033905881201896e-05,1.426274228385209e-05,3.330632926737554e-11,3
1088,2.0033905881201896e-05,1.4243737965162439e-05,3.35260444959327e-11,3
1089,2.0033905881201896e-05,1.4224776392990454e-05,3.3745985410807724e-11,3
1090,2.0033905881201896e-05,1.4205857432065467e-05,3.3966148725481535e-11,3
1091,2.0033905881201896e-05,1.4186980947668439e-05,3.418653117837522e-11,3
1092,2.0033905881201896e-05,1.4168146805629216e-05,3.440712953266326e-11,3
1093,2.0033905881201896e-05,1.4149354872323782e-05,3.4627940576088426e-11,3
1094,2.0033905881201896e-05,1.4130605014671544e-05,3.4848961120777994e-11,3
1095,2.0033905881201896e-05,1.4111897100132625e-05,3.507018800306155e-11,3
1096,2.0033905881201896e-05,1.4093230996705186e-05,3.529161808328999e-11,3
1097,2.0033905881201896e-05,1.4074606572922742e-05,3.55132482456564e-11,3
1098,2.0033905881201896e-05,1.4056023697851504e-05,3.573507539801804e-11,3
1099,2.0033905881201896e-05,1.403748224108775e-05,3.595709647171978e-11,3
1100,2.0033905881201896e-05,1.401898207275519e-05,3.617930842141902e-11,3
1101,2.0033905881201896e-05,1.4000523063502357e-05,3.6401708224912026e-11,3
1102,2.0033905881201896e-05,1.3982105084500022e-05,3.6624292882961435e-11,3
1103,2.0033905881201896e-05,1.3963728007438585e-05,3.684705941912566e-11,3
1104,2.0033905881201896e-05,1.394539170452555e-05,3.707000487958884e-11,3
1105,2.0033905881201896e-05,1.392709604848295e-05,3.72931263329928e-11,3
1106,2.0033905881201896e-05,1.3908840912544809e-05,3.751642087027024e-11,3
1107,2.0033905881201896e-05,1.3890626170454647e-05,3.77398856044788e-11,3
1108,2.0033905881201896e-05,1.3872451696462941e-05,3.796351767063717e-11,3
1109,2.0033905881201896e-05,1.3854317365324663e-05,3.8187314225561774e-11,3
1110,2.0033905881201896e-05,1.3836223052296786e-05,3.841127244770524e-11,3
1111,2.0033905881201896e-05,1.3818168633135829e-05,3.8635389536995924e-11,3
1112,2.0033905881201896e-05,1.380015398409541e-05,3.885966271467872e-11,3
1113,2.0033905881201896e-05,1.3782178981923803e-05,3.9084089223157274e-11,3
1114,2.0033905881201896e-05,1.3764243503861534e-05,3.93086663258372e-11,3
1115,2.0033905881201896e-05,1.3746347427638965e-05,3.9533391306970665e-11,3
1116,2.0033905881201896e-05,1.3728490631473898e-05,3.9758261471502395e-11,3
1117,2.0033905881201896e-05,1.371067299406921e-05,3.9983274144916366e-11,3
1118,2.0033905881201896e-05,1.369289439461048e-05,4.020842667308426e-11,3
1119,2.0033905881201896e-05,1.3675154712763644e-05,4.0433716422114825e-11,3
1120,2.0033905881201896e-05,1.365745382867265e-05,4.065914077820443e-11,3
1121,2.0033905881201896e-05,1.3639791622957144e-05,4.088469714748883e-11,3
1122,2.0033905881201896e-05,1.3622167976710152e-05,4.111038295589617e-11,3
1123,2.0033905881201896e-05,1.3604582771495785e-05,4.133619564900105e-11,3
1124,2.0033905881201896e-05,1.3587035889346962e-05,4.156213269187963e-11,3
1125,2.0033905881201896e-05,1.3569527212763131e-05,4.178819156896613e-11,3
1126,2.0033905881201896e-05,1.3552056624708012e-05,4.201436978391032e-11,3
1127,2.0033905881201896e-05,1.3534624008607359e-05,4.224066485943595e-11,3
1128,2.0033905881201896e-05,1.3517229248346722e-05,4.246707433720064e-11,3
1129,2.0033905881201896e-05,1.3499872228269227e-05,4.269359577765663e-11,3
1130,2.0033905881201896e-05,1.3482552833173376e-05,4.2920226759912566e-11,3
1131,2.0033905881201896e-05,1.3465270948310846e-05,4.31469648815966e-11,3
1132,2.0033905881201896e-05,1.3448026459384316e-05,4.337380775872026e-11,3
1133,2.0033905881201896e-05,1.3430819252545288e-05,4.3600753025543685e-11,3
1134,2.0033905881201896e-05,1.3413649214391934e-05,4.3827798334441743e-11,3
1135,2.0033905881201896e-05,1.339651623196696e-05,4.4054941355771055e-11,3
1136,2.0033905881201896e-05,1.3379420192755463e-05,4.4282179777738385e-11,3
1137,2.0033905881201896e-05,1.3362360984682808e-05,4.450951130626989e-11,3
1138,2.0033905881201896e-05,1.3345338496112537e-05,4.4736933664881106e-11,3
1139,2.0033905881201896e-05,1.3328352615844255e-05,4.496444459454851e-11,3
1140,2.0033905881201896e-05,1.331140323311156e-05,4.5192041853581565e-11,3
1141,2.0033905881201896e-05,1.3294490237579957e-05,4.541972321749611e-11,3
1142,2.0033905881201896e-05,1.3277613519344803e-05,4.5647486478888495e-11,3
1143,2.0033905881201896e-05,1.3260772968929264e-05,4.5875329447310737e-11,3
1144,2.0033905881201896e-05,1.3243968477282269e-05,4.6103249949146794e-11,3
1145,2.0033905881201896e-05,1.3227199935776486e-05,4.633124582748962e-11,3
1146,2.0033905881201896e-05,1.3210467236206308e-05,4.6559314942019225e-11,3
1147,2.0033905881201896e-05,1.319377027078585e-05,4.678745516888168e-11,3
1148,1.8462036693096777e-05,1.3177108932146956e-05,2.793046143845808e-11,3
1149,1.8462036693096777e-05,1.316048311333722e-05,2.8106470359061363e-11,3
1150,1.8462036693096777e-05,1.3143892707818011e-05,2.8282655448156707e-11,3
1151,1.8462036693096777e-05,1.3127337609462515e-05,2.8459014312928233e-11,3
1152,1.8462036693096777e-05,1.3110817712553802e-05,2.8635544577723394e-11,3
1153,1.8462036693096777e-05,1.3094332911782862e-05,2.88122438839317e-11,3
1154,1.8462036693096777e-05,1.3077883102246698e-05,2.8989109889863795e-11,3
1155,1.8462036693096777e-05,1.3061468179446416e-05,2.916614027063166e-11,3
1156,1.8462036693096777e-05,1.304508803928529e-05,2.9343332718030075e-11,3
1157,1.8462036693096777e-05,1.302874257806691e-05,2.952068494041819e-11,3
1158,1.562357194752053e-05,1.3012431692493257e-05,6.818053431423888e-12,2
1159,1.562357194752053e-05,1.2996155279662865e-05,6.9033183465362704e-12,2
1160,1.562357194752053e-05,1.2979913237068931e-05,6.988931377346607e-12,2
1161,1.562357194752053e-05,1.2963705462597486e-05,7.074889717616868e-12,2
1162,1.562357194752053e-05,1.294753185452553e-05,7.161190579316683e-12,2
1163,1.562357194752053e-05,1.2931392311519219e-05,7.247831192500151e-12,2
1164,1.562357194752053e-05,1.291528673263203e-05,7.334808805183644e-12,2
1165,1.562357194752053e-05,1.2899215017302961e-05,7.422120683224491e-12,2
1166,1.562357194752053e-05,1.2883177065354722e-05,7.50976411020055e-12,2
1167,1.562357194752053e-05,1.2867172776991941e-05,7.597736387290688e-12,2
1168,1.562357194752053e-05,1.2851202052799391e-05,7.686034833156097e-12,2
1169,1.562357194752053e-05,1.2835264793740211e-05,7.774656783822498e-12,2
1170,1.562357194752053e-05,1.2819360901154146e-05,7.863599592563245e-12,2
1171,1.562357194752053e-05,1.28034902767558e-05,7.952860629783193e-12,2
1172,1.562357194752053e-05,1.2787652822632877e-05,8.042437282903547e-12,2
1173,1.562357194752053e-05,1.2771848441244472e-05,8.132326956247413e-12,2
1174,1.562357194752053e-05,1.275607703541932e-05,8.222527070926324e-12,2
1175,1.562357194752053e-05,1.2740338508354106e-05,8.313035064727444e-12,2
1176,1.562357194752053e-05,1.2724632763611746e-05,8.403848392001722e-12,2
1177,1.562357194752053e-05,1.2708959705119701e-05,8.494964523552783e-12,2
1178,1.562357194752053e-05,1.2693319237168276e-05,8.586380946526726e-12,2
1179,1.562357194752053e-05,1.2677711264408955e-05,8.678095164302591e-12,2
1180,1.562357194752053e-05,1.2662135691852738e-05,8.77010469638367e-12,2
1181,1.562357194752053e-05,1.2646592424868465e-05,8.862407078289712e-12,2
1182,1.562357194752053e-05,1.2631081369181182e-05,8.954999861449764e-12,2
1183,1.562357194752053e-05,1.261560243087049e-05,9.04788061309587e-12,2
1184,1.562357194752053e-05,1.2600155516368922e-05,9.141046916157523e-12,2
1185,1.562357194752053e-05,1.2584740532460312e-05,9.23449636915688e-12,2
1186,1.562357194752053e-05,1.2569357386278189e-05,9.328226586104743e-12,2
1187,1.562357194752053e-05,1.2554005985304163e-05,9.422235196397287e-12,2
1188,1.562357194752053e-05,1.2538686237366332e-05,9.516519844713565e-12,2
1189,1.562357194752053e-05,1.2523398050637705e-05,9.611078190913634e-12,2
1190,1.562357194752053e-05,1.25081413336346e-05,9.705907909937665e-12,2
1191,1.562357194752053e-05,1.2492915995215091e-05,9.80100669170547e-12,2
1192,1.562357194752053e-05,1.2477721944577448e-05,9.896372241016987e-12,2
1193,1.562357194752053e-05,1.2462559091258557e-05,9.992002277453475e-12,2
1194,1.562357194752053e-05,1.2447427345132415e-05,1.0087894535279153e-11,2
1195,1.562357194752053e-05,1.243232661640856e-05,1.0184046763343944e-11,2
1196,1.562357194752053e-05,1.2417256815630558e-05,1.0280456724986607e-11,2
1197,1.562357194752053e-05,1.240221785367447e-05,1.0377122197938771e-11,2
1198,1.562357194752053e-05,1.238720964174736e-05,1.0474040974229424e-11,2
1199,1.562357194752053e-05,1.2372232091385769e-05,1.0571210860090406e-11,2
1200,1.562357194752053e-05,1.2357285114454233e-05,1.0668629675862258e-11,2
1201,1.562357194752053e-05,1.2342368623143786e-05,1.0766295255900996e-11,2
1202,1.562357194752053e-05,1.2327482529970491e-05,1.0864205448485351e-11,2
1203,1.562357194752053e-05,1.2312626747773955e-05,1.0962358115724887e-11,2
1204,1.562357194752053e-05,1.2297801189715875e-05,1.1060751133468544e-11,2
1205,1.562357194752053e-05,1.2283005769278573e-05,1.1159382391214071e-11,2
1206,1.562357194752053e-05,1.2268240400263557e-05,1.1258249792017867e-11,2
1207,1.562357194752053e-05,1.2253504996790071e-05,1.135735125240569e-11,2
1208,1.562357194752053e-05,1.2238799473293662e-05,1.1456684702283872e-11,2
1209,1.562357194752053e-05,1.2224123744524768e-05,1.1556248084851115e-11,2
1210,1.562357194752053e-05,1.2209477725547278e-05,1.1656039356511139e-11,2
1211,1.562357194752053e-05,1.219486133173714e-05,1.1756056486785715e-11,2
1212,1.562357194752053e-05,1.2180274478780953e-05,1.1856297458228371e-11,2
1213,1.562357194752053e-05,1.2165717082674565e-05,1.19567602663389e-11,2
1214,1.562357194752053e-05,1.2151189059721692e-05,1.2057442919478191e-11,2
1215,1.562357194752053e-05,1.2136690326532537e-05,1.2158343438783848e-11,2
1216,1.562357194752053e-05,1.2122220800022414e-05,1.225945985808637e-11,2
1217,1.562357194752053e-05,1.2107780397410381e-05,1.236079022382592e-11,2
1218,1.562357194752053e-05,1.2093369036217879e-05,1.246233259496971e-11,2
1219,1.562357194752053e-05,1.207898663426739e-05,1.256408504292985e-11,2
1220,1.562357194752053e-05,1.2064633109681092e-05,1.2666045651481928e-11,2
1221,1.562357194752053e-05,1.20503083808795e-05,1.2768212516684167e-11,2
1222,1.562357194752053e-05,1.203601236658017e-05,1.2870583746796968e-11,2
1223,1.562357194752053e-05,1.2021744985796342e-05,1.2973157462203292e-11,2
1224,1.562357194752053e-05,1.2007506157835643e-05,1.3075931795329382e-11,2
1225,1.562357194752053e-05,1.1993295802298785e-05,1.317890489056605e-11,2
1226,1.562357194752053e-05,1.1979113839078235e-05,1.328207490419079e-11,2
1227,1.562357194752053e-05,1.1964960188356941e-05,1.3385440004290086e-11,2
1228,1.562357194752053e-05,1.1950834770607044e-05,1.3488998370682441e-11,2
1229,1.562357194752053e-05,1.193673750658858e-05,1.3592748194842005e-11,2
1230,1.562357194752053e-05,1.1922668317348215e-05,1.3696687679822617e-11,2
1231,1.562357194752053e-05,1.190862712421798e-05,1.380081504018241e-11,2
1232,1.562357194752053e-05,1.1894613848814e-05,1.3905128501909014e-11,2
1233,1.562357194752053e-05,1.1880628413035247e-05,1.4009626302345182e-11,2
1234,1.562357194752053e-05,1.1866670739062276e-05,1.4114306690115082e-11,2
1235,1.562357194752053e-05,1.1852740749356002e-05,1.4219167925050929e-11,2
1236,1.562357194752053e-05,1.1838838366656454e-05,1.4324208278120203e-11,2
1237,1.562357194752053e-05,1.1824963513981544e-05,1.4429426031353506e-11,2
1238,1.562357194752053e-05,1.1811116114625846e-05,1.4534819477772691e-11,2
1239,1.562357194752053e-05,1.1797296092159382e-05,1.464038692131968e-11,2
1240,1.562357194752053e-05,1.1783503370426407e-05,1.474612667678568e-11,2
1241,1.562357194752053e-05,1.1769737873544213e-05,1.4852037069740895e-11,2
1242,1.562357194752053e-05,1.175599952590191e-05,1.4958116436464917e-11,2
1243,1.562357194752053e-05,1.1742288252159267e-05,1.5064363123877175e-11,2
1244,1.562357194752053e-05,1.17286039772455e-05,1.5170775489468378e-11,2
1245,1.562357194752053e-05,1.171494662635811e-05,1.527735190123203e-11,2
1246,1.562357194752053e-05,1.1701316124961685e-05,1.538409073759676e-11,2
1247,1.562357194752053e-05,1.1687712398786768e-05,1.5490990387358725e-11,2
1248,1.562357194752053e-05,1.1674135373828662e-05,1.559804924961496e-11,2
1249,1.562357194752053e-05,1.1660584976346304e-05,1.5705265733696663e-11,2
1250,1.562357194752053e-05,1.1647061132861088e-05,1.58126382591035e-11,2
1251,1.562357194752053e-05,1.163356377015575e-05,1.5920165255437813e-11,2
1252,1.562357194752053e-05,1.1620092815273202e-05,1.6027845162339816e-11,2
1253,1.562357194752053e-05,1.1606648195515428e-05,1.6135676429422744e-11,2
1254,1.562357194752053e-05,1.1593229838442331e-05,1.62436575162089e-11,2
1255,1.562357194752053e-05,1.1579837671870642e-05,1.635178689206572e-11,2
1256,1.562357194752053e-05,1.1566471623872782e-05,1.6460063036142657e-11,2
1257,1.562357194752053e-05,1.1553131622775765e-05,1.6568484437308267e-11,2
1258,1.562357194752053e-05,1.1539817597160094e-05,1.6677049594087785e-11,2
1259,1.562357194752053e-05,1.1526529475858658e-05,1.6785757014601222e-11,2
1260,1.562357194752053e-05,1.1513267187955645e-05,1.6894605216501738e-11,2
1261,1.562357194752053e-05,1.150003066278547e-05,1.7003592726914462e-11,2
1262,1.562357194752053e-05,1.1486819829931666e-05,1.711271808237595e-11,2
1263,1.562357194752053e-05,1.1473634619225827e-05,1.722197982877377e-11,2
1264,1.562357194752053e-05,1.146047496074654e-05,1.7331376521286672e-11,2
1265,1.562357194752053e-05,1.1447340784818312e-05,1.7440906724325117e-11,2
1266,1.562357194752053e-05,1.1434232022010523e-05,1.755056901147219e-11,2
1267,1.562357194752053e-05,1.142114860313636e-05,1.7660361965425023e-11,2
1268,1.562357194752053e-05,1.1408090459251778e-05,1.7770284177936524e-11,2
1269,1.562357194752053e-05,1.139505752165445e-05,1.7880334249757534e-11,2
1270,1.562357194752053e-05,1.1382049721882748e-05,1.799051079057928e-11,2
1271,1.562357194752053e-05,1.1369066991714684e-05,1.8100812418976504e-11,2
1272,1.562357194752053e-05,1.1356109263166907e-05,1.8211237762350627e-11,2
1273,1.562357194752053e-05,1.1343176468493667e-05,1.8321785456873605e-11,2
1274,1.562357194752053e-05,1.1330268540185799e-05,1.843245414743201e-11,2
1275,1.562357194752053e-05,1.1317385410969729e-05,1.854324248757138e-11,2
1276,1.562357194752053e-05,1.130452701380645e-05,1.8654149139441263e-11,2
1277,1.562357194752053e-05,1.129169328189052e-05,1.8765172773740433e-11,2
1278,1.562357194752053e-05,1.1278884148649082e-05,1.8876312069662418e-11,2
1279,1.562357194752053e-05,1.126609954774086e-05,1.8987565714841595e-11,2
1280,1.562357194752053e-05,1.1253339413055179e-05,1.909893240529944e-11,2
1281,1.562357194752053e-05,1.1240603678710977e-05,1.9210410845391406e-11,2
1282,1.562357194752053e-05,1.1227892279055839e-05,1.932199974775385e-11,2
1283,1.562357194752053e-05,1.121520514866502e-05,1.943369783325157e-11,2
1284,1.562357194752053e-05,1.1202542222340482e-05,1.9545503830925568e-11,2
1285,1.562357194752053e-05,1.1189903435109925e-05,1.9657416477941266e-11,2
1286,1.562357194752053e-05,1.1177288722225839e-05,1.976943451953696e-11,2
1287,1.562357194752053e-05,1.116469801916455e-05,1.988155670897268e-11,2
1288,1.562357194752053e-05,1.1152131261625273e-05,1.999378180747944e-11,2
1289,1.562357194752053e-05,1.1139588385529168e-05,2.0106108584208736e-11,2
1290,1.562357194752053e-05,1.1127069327018403e-05,2.0218535816182487e-11,2
1291,1.562357194752053e-05,1.111457402245522e-05,2.0331062288243264e-11,2
1292,1.562357194752053e-05,1.1102102408421015e-05,2.044368679300477e-11,2
1293,1.562357194752053e-05,1.1089654421715403e-05,2.055640813080288e-11,2
1294,1.562357194752053e-05,1.1077229999355301e-05,2.0669225109646803e-11,2
1295,1.562357194752053e-05,1.1064829078574023e-05,2.0782136545170628e-11,2
1296,1.562357194752053e-05,1.105245159682036e-05,2.0895141260585235e-11,2
1297,1.562357194752053e-05,1.1040097491757684e-05,2.100823808663051e-11,2
1298,1.562357194752053e-05,1.1027766701263038e-05,2.1121425861527888e-11,2
1299,1.562357194752053e-05,1.1015459163426238e-05,2.123470343093324e-11,2
1300,1.562357194752053e-05,1.1003174816548996e-05,2.1348069647889977e-11,2
1301,1.562357194752053e-05,1.0990913599144021e-05,2.146152337278256e-11,2
1302,1.562357194752053e-05,1.097867544993413e-05,2.1575063473290395e-11,2
1303,1.562357194752053e-05,1.0966460307851388e-05,2.1688688824341797e-11,2
1304,1.562357194752053e-05,1.0954268112036221e-05,2.1802398308068468e-11,2
1305,1.562357194752053e-05,1.094209880183654e-05,2.1916190813760342e-11,2
1306,1.562357194752053e-05,1.0929952316806894e-05,2.20300652378204e-11,2
1307,1.562357194752053e-05,1.0917828596707593e-05,2.214402048372016e-11,2
1308,1.562357194752053e-05,1.090572758150385e-05,2.2258055461955328e-11,2
1309,1.562357194752053e-05,1.0893649211364943e-05,2.2372169090001546e-11,2
1310,1.562357194752053e-05,1.0881593426663354e-05,2.248636029227081e-11,2
1311,1.562357194752053e-05,1.0869560167973922e-05,2.2600628000067902e-11,2
1312,1.562357194752053e-05,1.0857549376073016e-05,2.2714971151547167e-11,2
1313,1.562357194752053e-05,1.0845560991937688e-05,2.2829388691669657e-11,2
1314,1.562357194752053e-05,1.0833594956744835e-05,2.2943879572160578e-11,2
1315,1.562357194752053e-05,1.0821651211870392e-05,2.305844275146676e-11,2
1316,1.562357194752053e-05,1.0809729698888486e-05,2.317307719471481e-11,2
1317,1.562357194752053e-05,1.079783035957063e-05,2.328778187366922e-11,2
1318,1.562357194752053e-05,1.0785953135884894e-05,2.3402555766690978e-11,2
1319,1.4146822692946074e-05,1.077409796999511e-05,1.1375272056804654e-11,1
1320,1.4146822692946074e-05,1.0762264804260054e-05,1.1455232101866768e-11,1
1321,1.4146822692946074e-05,1.0750453581232637e-05,1.1535323143001115e-11,1
1322,1.4146822692946074e-05,1.0738664243659113e-05,1.16155440154461e-11,1
1323,1.4146822692946074e-05,1.0726896734478279e-05,1.1695893561401864e-11,1
1324,1.4146822692946074e-05,1.0715150996820687e-05,1.1776370629988088e-11,1
1325,1.4146822692946074e-05,1.0703426974007847e-05,1.1856974077202102e-11,1
1326,1.4146822692946074e-05,1.0691724609551455e-05,1.1937702765877165e-11,1
1327,1.4146822692946074e-05,1.0680043847152596e-05,1.2018555565641156e-11,1
1328,1.4146822692946074e-05,1.0668384630700979e-05,1.2099531352875409e-11,1
1329,1.4146822692946074e-05,1.065674690427416e-05,1.218062901067388e-11,1
1330,1.4146822692946074e-05,1.0645130612136775e-05,1.2261847428802553e-11,1
1331,1.4146822692946074e-05,1.0633535698739765e-05,1.2343185503659196e-11,1
1332,1.4146822692946074e-05,1.0621962108719625e-05,1.2424642138233219e-11,1
1333,1.4146822692946074e-05,1.0610409786897637e-05,1.2506216242065948e-11,1
1334,1.4146822692946074e-05,1.0598878678279125e-05,1.2587906731211026e-11,1
1335,1.4146822692946074e-05,1.0587368728052693e-05,1.266971252819521e-11,1
1336,1.4146822692946074e-05,1.0575879881589476e-05,1.2751632561979357e-11,1
1337,1.4146822692946074e-05,1.056441208444242e-05,1.2833665767919518e-11,1
1338,1.4146822692946074e-05,1.0552965282345505e-05,1.2915811087728622e-11,1
1339,1.4146822692946074e-05,1.0541539421213041e-05,1.299806746943804e-11,1
1340,1.4146822692946074e-05,1.053013444713891e-05,1.3080433867359695e-11,1
1341,1.4146822692946074e-05,1.051875030639585e-05,1.316290924204823e-11,1
1342,1.4146822692946074e-05,1.0507386945434735e-05,1.3245492560263413e-11,1
1343,1.4146822692946074e-05,1.049604431088383e-05,1.3328182794933008e-11,1
1344,1.4146822692946074e-05,1.0484722349548093e-05,1.3410978925115604e-11,1
1345,1.4146822692946074e-05,1.047342100840845e-05,1.349387993596385e-11,1
1346,1.4146822692946074e-05,1.0462140234621076e-05,1.3576884818687947e-11,1
1347,1.4146822692946074e-05,1.0450879975516706e-05,1.3659992570519175e-11,1
1348,1.4146822692946074e-05,1.043964017859991e-05,1.3743202194673948e-11,1
1349,1.4146822692946074e-05,1.0428420791548393e-05,1.382651270031789e-11,1
1350,1.4146822692946074e-05,1.0417221762212315e-05,1.390992310253012e-11,1
1351,1.4146822692946074e-05,1.040604303861357e-05,1.3993432422268005e-11,1
1352,1.4146822692946074e-05,1.0394884568945108e-05,1.4077039686331887e-11,1
1353,1.4146822692946074e-05,1.0383746301570244e-05,1.4160743927330134e-11,1
1354,1.4146822692946074e-05,1.037262818502197e-05,1.4244544183644467e-11,1
1355,1.4146822692946074e-05,1.0361530168002281e-05,1.4328439499395352e-11,1
1356,1.4146822692946074e-05,1.035045219938148e-05,1.4412428924407875e-11,1
1357,1.4146822692946074e-05,1.033939422819752e-05,1.4496511514177528e-11,1
1358,1.4146822692946074e-05,1.0328356203655314e-05,1.45806863298365e-11,1
1359,1.4146822692946074e-05,1.0317338075126079e-05,1.466495243811995e-11,1
1360,1.4146822692946074e-05,1.0306339792146669e-05,1.474930891133261e-11,1
1361,1.4146822692946074e-05,1.02953613044189e-05,1.483375482731567e-11,1
1362,1.4146822692946074e-05,1.0284402561808902e-05,1.4918289269413688e-11,1
1363,1.4146822692946074e-05,1.0273463514346459e-05,1.5002911326441882e-11,1
1364,1.4146822692946074e-05,1.026254411222435e-05,1.508762009265357e-11,1
1365,1.4146822692946074e-05,1.0251644305797705e-05,1.5172414667707763e-11,1
1366,1.4146822692946074e-05,1.0240764045583356e-05,1.5257294156637062e-11,1
1367,1.4146822692946074e-05,1.022990328225919e-05,1.5342257669815688e-11,1
1368,1.4146822692946074e-05,1.0219061966663503e-05,1.5427304322927782e-11,1
1369,1.4146822692946074e-05,1.020824004979438e-05,1.5512433236935785e-11,1
1370,1.4146822692946074e-05,1.0197437482809034e-05,1.559764353804919e-11,1
1371,1.4146822692946074e-05,1.0186654217023193e-05,1.568293435769335e-11,1
1372,1.4146822692946074e-05,1.0175890203910463e-05,1.5768304832478553e-11,1
1373,1.4146822692946074e-05,1.01651453951017e-05,1.5853754104169273e-11,1
1374,1.4146822692946074e-05,1.0154419742384389e-05,1.5939281319653644e-11,1
1375,1.4146822692946074e-05,1.0143713197702023e-05,1.6024885630913077e-11,1
1376,1.4146822692946074e-05,1.0133025713153489e-05,1.6110566194992074e-11,1
1377,1.4146822692946074e-05,1.0122357240992438e-05,1.6196322173968383e-11,1
1378,1.4146822692946074e-05,1.0111707733626697e-05,1.6282152734923016e-11,1
1379,1.4146822692946074e-05,1.0101077143617637e-05,1.636805704991085e-11,1
1380,1.4146822692946074e-05,1.0090465423679582e-05,1.645403429593111e-11,1
1381,1.4146822692946074e-05,1.0079872526679195e-05,1.6540083654898195e-11,1
1382,1.4146822692946074e-05,1.006929840563489e-05,1.6626204313612577e-11,1
1383,1.4146822692946074e-05,1.0058743013716218e-05,1.6712395463732078e-11,1
1384,1.4146822692946074e-05,1.0048206304243285e-05,1.6798656301743085e-11,1
1385,1.4146822692946074e-05,1.0037688230686153e-05,1.6884986028932125e-11,1
1386,1.4146822692946074e-05,1.0027188746664256e-05,1.6971383851357503e-11,1
1387,1.4146822692946074e-05,1.0016707805945806e-05,1.7057848979821232e-11,1
1388,1.4146822692946074e-05,1.0006245362447208e-05,1.714438062984111e-11,1
1389,1.4146822692946074e-05,9.995801370232497e-06,1.7230978021622773e-11,1
1390,1.4146822692946074e-05,9.98537578351273e-06,1.731764038003233e-11,1
1391,1.4146822692946074e-05,9.974968556645434e-06,1.7404366934568753e-11,1
1392,1.4146822692946074e-05,9.964579644134021e-06,1.7491156919336728e-11,1
1393,1.4146822692946074e-05,9.954209000627228e-06,1.7578009573019466e-11,1
1394,1.4146822692946074e-05,9.943856580918527e-06,1.766492413885195e-11,1
1395,1.4146822692946074e-05,9.933522339945585e-06,1.775189986459404e-11,1
1396,1.4146822692946074e-05,9.923206232789689e-06,1.783893600250395e-11,1
1397,1.4146822692946074e-05,9.91290821467518e-06,1.79260318093119e-11,1
1398,1.4146822692946074e-05,9.902628240968909e-06,1.8013186546193745e-11,1
1399,1.4146822692946074e-05,9.892366267179676e-06,1.810039947874499e-11,1
1400,1.4146822692946074e-05,9.882122248957672e-06,1.8187669876954864e-11,1
1401,1.4146822692946074e-05,9.871896142093936e-06,1.8274997015180552e-11,1
1402,1.4146822692946074e-05,9.861687902519802e-06,1.8362380172121602e-11,1
1403,1.4146822692946074e-05,9.851497486306364e-06,1.844981863079446e-11,1
1404,1.4146822692946074e-05,9.841324849663926e-06,1.8537311678507228e-11,1
1405,1.4146822692946074e-05,9.831169948941457e-06,1.862485860683458e-11,1
1406,1.4146822692946074e-05,9.821032740626062e-06,1.8712458711592768e-11,1
1407,1.4146822692946074e-05,9.81091318134245e-06,1.8800111292814778e-11,1
1408,1.4146822692946074e-05,9.800811227852391e-06,1.8887815654725737e-11,1
1409,1.4146822692946074e-05,9.790726837054191e-06,1.897557110571843e-11,1
1410,1.4146822692946074e-05,9.780659965982171e-06,1.906337695832886e-11,1
1411,1.4146822692946074e-05,9.770610571806123e-06,1.9151232529212223e-11,1
1412,1.4146822692946074e-05,9.760578611830813e-06,1.9239137139118656e-11,1
1413,1.4146822692946074e-05,9.750564043495433e-06,1.9327090112869573e-11,1
1414,1.4146822692946074e-05,9.740566824373112e-06,1.9415090779333667e-11,1
1415,1.4146822692946074e-05,9.73058691217037e-06,1.9503138471403587e-11,1
1416,1.4146822692946074e-05,9.720624264726633e-06,1.9591232525972248e-11,1
1417,1.4146822692946074e-05,9.710678840013699e-06,1.9679372283909695e-11,1
1418,1.4146822692946074e-05,9.700750596135244e-06,1.9767557090039842e-11,1
1419,1.4146822692946074e-05,9.690839491326307e-06,1.9855786293117548e-11,1
1420,1.4146822692946074e-05,9.680945483952793e-06,1.994405924580561e-11,1
1421,1.4146822692946074e-05,9.671068532510968e-06,2.003237530465216e-11,1
1422,1.4146822692946074e-05,9.661208595626952e-06,2.012073383006804e-11,1
1423,1.4146822692946074e-05,9.651365632056234e-06,2.0209134186304314e-11,1
1424,9.431215128630716e-06,9.641539600683177e-06,4.423638354414616e-14,1
1425,9.431215128630716e-06,9.63173046052051e-06,4.02063983228744e-14,1
1426,9.431215128630716e-06,9.621938170708853e-06,3.637527877953856e-14,1
1427,9.431215128630716e-06,9.61216269051622e-06,3.2742020152307915e-14,1
1428,9.431215128630716e-06,9.60240397933754e-06,2.930562260632319e-14,1
1429,9.431215128630716e-06,9.592661996694168e-06,2.606509120749744e-14,1
1430,9.431215128630716e-06,9.582936702233396e-06,2.3019435896473448e-14,1
1431,9.431215128630716e-06,9.573228055727995e-06,2.0167671462737035e-14,1
1432,9.431215128630716e-06,9.563536017075716e-06,1.750881751887406e-14,1
1433,9.431215128630716e-06,9.553860546298823e-06,1.5041898474984357e-14,1
1434,9.431215128630716e-06,9.54420160354362e-06,1.2765943513244195e-14,1
1435,9.431215128630716e-06,9.534559149079985e-06,1.0679986562618967e-14,1
1436,9.431215128630716e-06,9.524933143300891e-06,8.783066273719132e-15,1
1437,9.431215128630716e-06,9.51532354672194e-06,7.074225993808168e-15,1
1438,9.431215128630716e-06,9.505730319980914e-06,5.5525137419565865e-15,1
1439,9.431215128630716e-06,9.496153423837288e-06,4.2169821843358325e-15,1
1440,9.431215128630716e-06,9.486592819171792e-06,3.066688609663162e-15,1
1441,9.431215128630716e-06,9.477048466985934e-06,2.1006949047838735e-15,1
1442,9.431215128630716e-06,9.467520328401562e-06,1.3180675304010076e-15,1
1443,9.431215128630716e-06,9.45800836466039e-06,7.178774969417771e-16,1
1444,9.431215128630716e-06,9.448512537123564e-06,2.9920034056843443e-16,1
1445,9.431215128630716e-06,9.439032807271198e-06,6.111609932584144e-17,1
1446,9.431215128630716e-06,9.429569136701931e-06,2.7092894296251944e-18,1
1447,9.431215128630716e-06,9.420121487132482e-06,1.2306888169133933e-16,1
1448,9.431215128630716e-06,9.410689820397201e-06,4.212882780808021e-16,1
1449,9.431215128630716e-06,9.401274098447636e-06,8.964652884241407e-16,1
1450,9.431215128630716e-06,9.39187428335208e-06,1.5477021072375903e-15,1
1451,9.431215128630716e-06,9.382490337295143e-06,2.3741052906951457e-15,1
1452,9.431215128630716e-06,9.373122222577308e-06,3.37478573373016e-15,1
1453,9.431215128630716e-06,9.3637699016145e-06,4.5488586472688915e-15,1
1454,9.431215128630716e-06,9.354433336937658e-06,5.895443535596149e-15,1
1455,9.431215128630716e-06,9.345112491192294e-06,7.413664173852309e-15,1
1456,9.431215128630716e-06,9.33580732713807e-06,9.102648585660145e-15,1
1457,9.431215128630716e-06,9.326517807648373e-06,1.0961529020879874e-14,1
1458,9.431215128630716e-06,9.317243895709886e-06,1.2989441933494032e-14,1
1459,9.431215128630716e-06,9.307985554422168e-06,1.518552795962e-14,1
1460,9.431215128630716e-06,9.298742746997229e-06,1.7548931895648257e-14,1
1461,9.431215128630716e-06,9.289515436759116e-06,2.0078802676506374e-14,1
1462,9.431215128630716e-06,9.280303587143488e-06,2.27742933540515e-14,1
1463,9.431215128630716e-06,9.271107161697206e-06,2.5634561075581858e-14,1
1464,9.431215128630716e-06,9.261926124077922e-06,2.8658767062475823e-14,1
1465,9.431215128630716e-06,9.252760438053656e-06,3.1846076588954405e-14,1
1466,9.431215128630716e-06,9.243610067502395e-06,3.5195658960961214e-14,1
1467,9.431215128630716e-06,9.23447497641168e-06,3.870668749516948e-14,1
1468,9.431215128630716e-06,9.225355128878206e-06,4.237833949810353e-14,1
1469,9.431215128630716e-06,9.216250489107407e-06,4.620979624538638e-14,1
1470,9.431215128630716e-06,9.207161021413061e-06,5.020024296110046e-14,1
1471,9.431215128630716e-06,9.198086690216882e-06,5.4348868797272995e-14,1
1472,9.431215128630716e-06,9.189027460048132e-06,5.86548668134675e-14,1
1473,9.431215128630716e-06,9.179983295543206e-06,6.311743395651066e-14,1
1474,9.431215128630716e-06,9.17095416144525e-06,6.773577104031408e-14,1
1475,9.431215128630716e-06,9.161940022603766e-06,7.250908272582531e-14,1
1476,9.431215128630716e-06,9.152940843974206e-06,7.743657750109264e-14,1
1477,9.431215128630716e-06,9.143956590617592e-06,8.251746766143732e-14,1
1478,9.431215128630716e-06,9.13498722770014e-06,8.775096928973541e-14,1
1479,9.431215128630716e-06,9.126032720492833e-06,9.31363022368375e-14,1
1480,9.431215128630716e-06,9.11709303437108e-06,9.867269010206012e-14,1
1481,9.431215128630716e-06,9.108168134814302e-06,1.0435936021382236e-13,1
1482,9.431215128630716e-06,9.099257987405563e-06,1.1019554361037619e-13,1
1483,9.431215128630716e-06,9.09036255783118e-06,1.1618047502065247e-13,1
1484,9.431215128630716e-06,9.081481811880359e-06,1.223133928452057e-13,1
1485,9.431215128630716e-06,9.072615715444798e-06,1.28593539137285e-13,1
1486,9.431215128630716e-06,9.063764234518323e-06,1.350201595839971e-13,1
1487,9.431215128630716e-06,9.054927335196513e-06,1.415925034875813e-13,1
1488,9.431215128630716e-06,9.046104983676332e-06,1.4830982374678704e-13,1
1489,9.431215128630716e-06,9.037297146255736e-06,1.5517137683837485e-13,1
1490,9.431215128630716e-06,9.02850378933334e-06,1.6217642279868597e-13,1
1491,9.431215128630716e-06,9.01972487940801e-06,1.6932422520536472e-13,1
1492,9.431215128630716e-06,9.01096038307853e-06,1.766140511591322e-13,1
1493,9.431215128630716e-06,9.002210267043222e-06,1.840451712657047e-13,1
1494,9.431215128630716e-06,8.993474498099576e-06,1.9161685961779993e-13,1
1495,9.431215128630716e-06,8.984753043143908e-06,1.993283937772298e-13,1
1496,9.431215128630716e-06,8.976045869170982e-06,2.0717905475712321e-13,1
1497,9.431215128630716e-06,8.967352943273666e-06,2.1516812700421827e-13,1
1498,9.431215128630716e-06,8.958674232642561e-06,2.2329489838128865e-13,1
1499,9.431215128630716e-06,8.950009704565655e-06,2.3155866014963557e-13,1
1500,9.431215128630716e-06,8.94135932642797e-06,2.3995870695169617e-13,1
1501,9.431215128630716e-06,8.932723065711206e-06,2.484943367937486e-13,1
1502,9.431215128630716e-06,8.924100889993386e-06,2.571648510287193e-13,1
1503,9.431215128630716e-06,8.91549276694852e-06,2.6596955433906286e-13,1
1504,9.431215128630716e-06,8.906898664346242e-06,2.749077547197722e-13,1
1505,9.431215128630716e-06,8.898318550051475e-06,2.8397876346146166e-13,1
1506,9.431215128630716e-06,8.889752392024078e-06,2.9318189513354985e-13,1
1507,9.431215128630716e-06,8.881200158318512e-06,3.0251646756753485e-13,1
1508,9.431215128630716e-06,8.87266181708349e-06,3.1198180184037183e-13,1
1509,9.431215128630716e-06,8.864137336561642e-06,3.2157722225793665e-13,1
1510,9.431215128630716e-06,8.855626685089167e-06,3.313020563385834e-13,1
1511,9.431215128630716e-06,8.84712983109551e-06,3.4115563479678985e-13,1
1512,9.431215128630716e-06,8.838646743103014e-06,3.5113729152690773e-13,1
1513,9.431215128630716e-06,8.830177389726589e-06,3.61246363586986e-13,1
1514,9.431215128630716e-06,8.821721739673384e-06,3.7148219118269346e-13,1
1515,9.431215128630716e-06,8.813279761742447e-06,3.8184411765133993e-13,1
1516,9.431215128630716e-06,8.804851424824396e-06,3.923314894459715e-13,1
1517,9.431215128630716e-06,8.796436697901097e-06,4.0294365611955784e-13,1
1518,9.431215128630716e-06,8.788035550045332e-06,4.1367997030927205e-13,1
1519,9.431215128630716e-06,8.779647950420467e-06,4.245397877208661e-13,1
1520,9.431215128630716e-06,8.77127386828014e-06,4.3552246711310717e-13,1
1521,9.431215128630716e-06,8.762913272967925e-06,4.4662737028233005e-13,1
1522,9.431215128630716e-06,8.75456613391702e-06,4.57853862047056e-13,1
1523,9.431215128630716e-06,8.746232420649916e-06,4.6920131023271e-13,1
1524,9.431215128630716e-06,8.737912102778091e-06,4.806690856564057e-13,1
1525,9.431215128630716e-06,8.729605150001678e-06,4.922565621118388e-13,1
1526,9.431215128630716e-06,8.72131153210916e-06,5.039631163542414e-13,1
1527,9.431215128630716e-06,8.713031218977046e-06,5.157881280854318e-13,1
1528,9.431215128630716e-06,8.70476418056956e-06,5.277309799389522e-13,1
1529,9.431215128630716e-06,8.696510386938338e-06,5.397910574652644e-13,1
1530,9.431215128630716e-06,8.688269808222095e-06,5.519677491170681e-13,1
1531,9.431215128630716e-06,8.68004241464634e-06,5.642604462346546e-13,1
1532,9.431215128630716e-06,8.671828176523046e-06,5.766685430313775e-13,1
1533,9.431215128630716e-06,8.663627064250358e-06,5.891914365791853e-13,1
1534,9.431215128630716e-06,8.655439048312278e-06,6.018285267942404e-13,1
1535,9.431215128630716e-06,8.64726409927836e-06,6.145792164226201e-13,1
1536,9.431215128630716e-06,8.639102187803417e-06,6.274429110260723e-13,1
1537,9.431215128630716e-06,8.630953284627206e-06,6.404190189678981e-13,1
1538,9.431215128630716e-06,8.622817360574133e-06,6.53506951398866e-13,1
1539,9.431215128630716e-06,8.614694386552953e-06,6.667061222432214e-13,1
1540,9.431215128630716e-06,8.606584333556472e-06,6.80015948184781e-13,1
1541,9.431215128630716e-06,8.598487172661244e-06,6.934358486530949e-13,1
1542,9.431215128630716e-06,8.59040287502729e-06,7.069652458096723e-13,1
1543,9.431215128630716e-06,8.582331411897783e-06,7.206035645343195e-13,1
1544,9.431215128630716e-06,8.57427275459877e-06,7.343502324115088e-13,1
1545,9.431215128630716e-06,8.56622687453887e-06,7.482046797168593e-13,1
1546,9.431215128630716e-06,8.558193743208995e-06,7.621663394036621e-13,1
1547,9.431215128630716e-06,8.550173332182044e-06,7.762346470895043e-13,1
1548,9.431215128630716e-06,8.542165613112629e-06,7.904090410429457e-13,1
1549,9.431215128630716e-06,8.534170557736777e-06,8.046889621702909e-13,1
1550,9.431215128630716e-06,8.526188137871651e-06,8.190738540024085e-13,1
1551,9.431215128630716e-06,8.518218325415262e-06,8.33563162681638e-13,1
1552,9.431215128630716e-06,8.510261092346185e-06,8.481563369487691e-13,1
1553,9.431215128630716e-06,8.502316410723273e-06,8.62852828130092e-13,1
1554,9.431215128630716e-06,8.494384252685386e-06,8.776520901244955e-13,1
1555,9.431215128630716e-06,8.486464590451098e-06,8.925535793906782e-13,1
1556,9.431215128630716e-06,8.478557396318425e-06,9.075567549343977e-13,1
1557,9.431215128630716e-06,8.470662642664545e-06,9.226610782957907e-13,1
1558,9.431215128630716e-06,8.462780301945526e-06,9.378660135367744e-13,1
1559,9.431215128630716e-06,8.45491034669604e-06,9.531710272285153e-13,1
1560,9.431215128630716e-06,8.447052749529097e-06,9.685755884389592e-13,1
1561,9.431215128630716e-06,8.439207483135768e-06,9.840791687204306e-13,1
1562,9.431215128630716e-06,8.431374520284915e-06,9.99681242097302e-13,1
1563,9.431215128630716e-06,8.423553833822918e-06,1.015381285053729e-12,1
1564,9.431215128630716e-06,8.415745396673403e-06,1.0311787765214581e-12,1
1565,9.431215128630716e-06,8.407949181836978e-06,1.0470731978676858e-12,1
1566,9.431215128630716e-06,8.400165162390958e-06,1.063064032883006e-12,1
1567,9.431215128630716e-06,8.392393311489111e-06,1.0791507677693866e-12,1
1568,9.431215128630716e-06,8.384633602361375e-06,1.0953328911282646e-12,1
1569,9.431215128630716e-06,8.376886008313606e-06,1.111609893948652e-12,1
1570,9.431215128630716e-06,8.369150502727315e-06,1.1279812695953323e-12,1
1571,9.431215128630716e-06,8.361427059059392e-06,1.1444465137971396e-12,1
1572,9.431215128630716e-06,8.353715650841865e-06,1.1610051246352468e-12,1
1573,9.431215128630716e-06,8.346016251681622e-06,1.1776566025315759e-12,1
1574,9.431215128630716e-06,8.338328835260158e-06,1.1944004502372386e-12,1
1575,9.431215128630716e-06,8.330653375333324e-06,1.21123617282103e-12,1
1576,9.431215128630716e-06,8.322989845731054e-06,1.2281632776580366e-12,1
1577,9.431215128630716e-06,8.31533822035713e-06,1.2451812744182189e-12,1
1578,9.431215128630716e-06,8.307698473188903e-06,1.2622896750551586e-12,1
1579,9.431215128630716e-06,8.300070578277062e-06,1.2794879937947704e-12,1
1580,9.431215128630716e-06,8.29245450974537e-06,1.2967757471241382e-12,1
1581,9.431215128630716e-06,8.284850241790402e-06,1.3141524537804056e-12,1
1582,9.431215128630716e-06,8.277257748681318e-06,1.3316176347396805e-12,1
1583,9.431215128630716e-06,8.269677004759594e-06,1.3491708132060476e-12,1
1584,9.431215128630716e-06,8.262107984438777e-06,1.3668115146006322e-12,1
1585,9.431215128630716e-06,8.254550662204245e-06,1.3845392665506928e-12,1
1586,9.431215128630716e-06,8.247005012612952e-06,1.4023535988788068e-12,1
1587,9.431215128630716e-06,8.239471010293185e-06,1.4202540435920988e-12,1
1588,9.431215128630716e-06,8.231948629944321e-06,1.4382401348715246e-12,1
1589,9.431215128630716e-06,8.22443784633658e-06,1.4563114090612229e-12,1
1590,9.431215128630716e-06,8.21693863431078e-06,1.4744674046579142e-12,1
1591,9.431215128630716e-06,8.209450968778109e-06,1.4927076623003472e-12,1
1592,9.431215128630716e-06,8.201974824719863e-06,1.511031724758848e-12,1
1593,9.431215128630716e-06,8.194510177187222e-06,1.5294391369248547e-12,1
1594,9.431215128630716e-06,8.187057001301008e-06,1.5479294458005673e-12,1
1595,9.431215128630716e-06,8.17961527225144e-06,1.566502200488623e-12,1
1596,9.431215128630716e-06,8.17218496529791e-06,1.585156952181831e-12,1
1597,9.431215128630716e-06,8.164766055768733e-06,1.6038932541529776e-12,1
1598,9.431215128630716e-06,8.15735851906092e-06,1.6227106617446555e-12,1
1599,9.431215128630716e-06,8.149962330639944e-06,1.6416087323591831e-12,1
1600,9.431215128630716e-06,8.142577466039502e-06,1.6605870254485476e-12,1
1601,9.431215128630716e-06,8.135203900861287e-06,1.6796451025044222e-12,1
1602,9.431215128630716e-06,8.12784161077476e-06,1.6987825270482125e-12,1
1603,9.431215128630716e-06,8.120490571516906e-06,1.7179988646211931e-12,1
1604,9.431215128630716e-06,8.113150758892022e-06,1.7372936827746605e-12,1
1605,9.431215128630716e-06,8.105822148771477e-06,1.7566665510601526e-12,1
1606,9.431215128630716e-06,8.098504717093488e-06,1.7761170410197272e-12,1
1607,9.431215128630716e-06,8.091198439862896e-06,1.7956447261762736e-12,1
1608,9.431215128630716e-06,8.083903293150926e-06,1.8152491820239219e-12,1
1609,9.431215128630716e-06,8.07661925309499e-06,1.8349299860184013e-12,1
1610,9.431215128630716e-06,8.069346295898432e-06,1.854686717567593e-12,1
1611,9.431215128630716e-06,8.062084397830328e-06,1.874518958022005e-12,1
1612,9.431215128630716e-06,8.054833535225254e-06,1.89442629066536e-12,1
1613,9.431215128630716e-06,8.047593684483062e-06,1.9144083007052397e-12,1
1614,9.431215128630716e-06,8.040364822068665e-06,1.9344645752637507e-12,1
1615,9.431215128630716e-06,8.033146924511819e-06,1.95459470336824e-12,1
1616,9.431215128630716e-06,8.025939968406898e-06,1.9747982759420794e-12,1
1617,9.431215128630716e-06,8.018743930412681e-06,1.995074885795492e-12,1
1618,9.431215128630716e-06,8.011558787252133e-06,2.0154241276164242e-12,1
1619,9.431215128630716e-06,8.00438451571219e-06,2.0358455979614565e-12,1
1620,9.431215128630716e-06,7.997221092643544e-06,2.0563388952467806e-12,1
1621,9.431215128630716e-06,7.990068494960424e-06,2.076903619739216e-12,1
1622,9.431215128630716e-06,7.982926699640396e-06,2.0975393735472507e-12,1
1623,9.431215128630716e-06,7.97579568372413e-06,2.1182457606121963e-12,1
1624,9.431215128630716e-06,7.968675424315206e-06,2.139022386699301e-12,1
1625,9.431215128630716e-06,7.961565898579894e-06,2.159868859388975e-12,1
1626,9.431215128630716e-06,7.954467083746947e-06,2.180784788068036e-12,1
1627,9.431215128630716e-06,7.947378957107392e-06,2.201769783920996e-12,1
1628,9.431215128630716e-06,7.940301496014319e-06,2.2228234599214228e-12,1
1629,9.431215128630716e-06,7.93323467788267e-06,2.2439454308233193e-12,1
1630,9.431215128630716e-06,7.926178480189048e-06,2.26513531315253e-12,1
1631,9.431215128630716e-06,7.919132880471492e-06,2.286392725198255e-12,1
1632,9.431215128630716e-06,7.912097856329283e-06,2.3077172870045465e-12,1
1633,9.431215128630716e-06,7.905073385422733e-06,2.3291086203619013e-12,1
1634,9.431215128630716e-06,7.89805944547299e-06,2.3505663487988345e-12,1
1635,9.431215128630716e-06,7.891056014261827e-06,2.3720900975735617e-12,1
1636,9.431215128630716e-06,7.884063069631445e-06,2.3936794936656856e-12,1
1637,9.431215128630716e-06,7.877080589484267e-06,2.415334165767947e-12,1
1638,9.431215128630716e-06,7.870108551782749e-06,2.437053744277979e-12,1
1639,9.431215128630716e-06,7.86314693454916e-06,2.458837861290191e-12,1
1640,9.431215128630716e-06,7.856195715865405e-06,2.4806861505875852e-12,1
1641,9.431215128630716e-06,7.849254873872815e-06,2.502598247633685e-12,1
1642,9.431215128630716e-06,7.842324386771952e-06,2.5245737895644927e-12,1
1643,9.431215128630716e-06,7.835404232822412e-06,2.5466124151805026e-12,1
1644,9.431215128630716e-06,7.82849439034263e-06,2.568713764938709e-12,1
1645,9.431215128630716e-06,7.821594837709688e-06,2.590877480944696e-12,1
1646,9.431215128630716e-06,7.814705553359115e-06,2.613103206944773e-12,1
1647,9.431215128630716e-06,7.807826515784699e-06,2.635390588318117e-12,1
1648,9.431215128630716e-06,7.800957703538288e-06,2.6577392720689953e-12,1
1649,9.431215128630716e-06,7.794099095229608e-06,2.6801489068189783e-12,1
1650,9.431215128630716e-06,7.78725066952606e-06,2.7026191427992635e-12,1
1651,9.431215128630716e-06,7.780412405152544e-06,2.725149631842951e-12,1
1652,9.431215128630716e-06,7.77358428089125e-06,2.747740027377459e-12,1
1653,9.431215128630716e-06,7.76676627558149e-06,2.7703899844168837e-12,1
1654,9.431215128630716e-06,7.759958368119496e-06,2.793099159554458e-12,1
1655,9.431215128630716e-06,7.753160537458236e-06,2.8158672109550413e-12,1
1656,9.431215128630716e-06,7.746372762607225e-06,2.8386937983476377e-12,1
1657,9.431215128630716e-06,7.739595022632349e-06,2.8615785830179287e-12,1
1658,9.431215128630716e-06,7.732827296655667e-06,2.8845212278009085e-12,1
1659,9.431215128630716e-06,7.726069563855234e-06,2.9075213970734977e-12,1
1660,9.431215128630716e-06,7.719321803464918e-06,2.9305787567472132e-12,1
1661,9.431215128630716e-06,7.712583994774209e-06,2.9536929742609034e-12,1
1662,9.431215128630716e-06,7.705856117128046e-06,2.976863718573471e-12,1
1663,9.431215128630716e-06,7.699138149926627e-06,3.0000906601566866e-12,1
1664,9.431215128630716e-06,7.692430072625235e-06,3.023373470987985e-12,1
1665,9.431215128630716e-06,7.685731864734057e-06,3.046711824543335e-12,1
1666,9.431215128630716e-06,7.679043505818e-06,3.0701053957901494e-12,1
1667,9.431215128630716e-06,7.67236497549651e-06,3.093553861180222e-12,1
1668,9.431215128630716e-06,7.665696253443404e-06,3.1170568986426724e-12,1
1669,9.431215128630716e-06,7.659037319386689e-06,3.140614187576961e-12,1
1670,9.431215128630716e-06,7.652388153108373e-06,3.1642254088459667e-12,1
1671,9.431215128630716e-06,7.64574873444431e-06,3.187890244769008e-12,1
1672,9.431215128630716e-06,7.639119043284007e-06,3.2116083791150008e-12,1
1673,9.431215128630716e-06,7.632499059570454e-06,3.2353794970956017e-12,1
1674,9.431215128630716e-06,7.625888763299959e-06,3.2592032853583627e-12,1
1675,9.431215128630716e-06,7.619288134521957e-06,3.2830794319800023e-12,1
1676,9.431215128630716e-06,7.612697153338855e-06,3.307007626459611e-12,1
1677,9.431215128630716e-06,7.606115799905849e-06,3.33098755971196e-12,1
1678,9.431215128630716e-06,7.599544054430758e-06,3.3550189240608275e-12,1
1679,9.431215128630716e-06,7.5929818971738474e-06,3.3791014132323622e-12,1
1680,9.431215128630716e-06,7.586429308447665e-06,3.403234722348452e-12,1
1681,9.431215128630716e-06,7.579886268616868e-06,3.4274185479201762e-12,1
1682,9.431215128630716e-06,7.573352758098053e-06,3.451652587841248e-12,1
1683,9.431215128630716e-06,7.5668287573595944e-06,3.4759365413815013e-12,1
1684,9.431215128630716e-06,7.560314246921471e-06,3.5002701091804326e-12,1
1685,9.431215128630716e-06,7.553809207355097e-06,3.5246529932407567e-12,1
1686,9.431215128630716e-06,7.547313619283163e-06,3.5490848969219883e-12,1
1687,9.431215128630716e-06,7.540827463379465e-06,3.573565524934077e-12,1
1688,9.431215128630716e-06,7.5343507203687424e-06,3.598094583331048e-12,1
1689,9.431215128630716e-06,7.527883371026511e-06,3.622671779504714e-12,1
1690,9.431215128630716e-06,7.521425396178899e-06,3.647296822178383e-12,1
1691,9.431215128630716e-06,7.514976776702489e-06,3.671969421400608e-12,1
1692,9.431215128630716e-06,7.508537493524151e-06,3.696689288538973e-12,1
1693,9.431215128630716e-06,7.502107527620878e-06,3.721456136273933e-12,1
1694,9.431215128630716e-06,7.495686860019634e-06,3.746269678592615e-12,1
1695,9.431215128630716e-06,7.489275471797181e-06,3.771129630782749e-12,1
1696,9.431215128630716e-06,7.482873344079933e-06,3.796035709426532e-12,1
1697,9.431215128630716e-06,7.476480458043782e-06,3.820987632394611e-12,1
1698,9.431215128630716e-06,7.470096794913953e-06,3.845985118840015e-12,1
1699,9.431215128630716e-06,7.463722335964833e-06,3.871027889192197e-12,1
1700,9.431215128630716e-06,7.457357062519822e-06,3.89611566515104e-12,1
1701,9.431215128630716e-06,7.451000955951176e-06,3.9212481696809155e-12,1
1702,9.431215128630716e-06,7.4446539976798455e-06,3.9464251270048025e-12,1
1703,9.431215128630716e-06,7.438316169175322e-06,3.971646262598392e-12,1
1704,9.431215128630716e-06,7.431987451955484e-06,3.996911303184246e-12,1
1705,9.431215128630716e-06,7.425667827586444e-06,4.022219976725964e-12,1
1706,9.431215128630716e-06,7.419357277682385e-06,4.047572012422436e-12,1
1707,9.431215128630716e-06,7.413055783905421e-06,4.0729671407020324e-12,1
1708,9.431215128630716e-06,7.4067633279654325e-06,4.09840509321691e-12,1
1709,9.431215128630716e-06,7.400479891619922e-06,4.123885602837287e-12,1
1710,9.431215128630716e-06,7.394205456673856e-06,4.149408403645795e-12,1
1711,9.431215128630716e-06,7.387940004979516e-06,4.174973230931826e-12,1
1712,9.431215128630716e-06,7.381683518436354e-06,4.200579821185896e-12,1
1713,9.431215128630716e-06,7.375435978990832e-06,4.226227912094087e-12,1
1714,9.431215128630716e-06,7.369197368636279e-06,4.2519172425324775e-12,1
1715,9.431215128630716e-06,7.362967669412741e-06,4.277647552561609e-12,1
1716,9.431215128630716e-06,7.3567468634068355e-06,4.303418583420977e-12,1
1717,9.431215128630716e-06,7.350534932751592e-06,4.32923007752359e-12,1
1718,9.431215128630716e-06,7.344331859626322e-06,4.355081778450466e-12,1
1719,9.431215128630716e-06,7.338137626256462e-06,4.380973430945246e-12,1
1720,9.431215128630716e-06,7.3319522149134225e-06,4.406904780908822e-12,1
1721,9.431215128630716e-06,7.325775607914458e-06,4.432875575393907e-12,1
1722,9.431215128630716e-06,7.319607787622508e-06,4.458885562599755e-12,1
1723,9.431215128630716e-06,7.313448736446058e-06,4.4849344918668255e-12,1
1724,9.431215128630716e-06,7.307298436838992e-06,4.511022113671501e-12,1
1725,9.431215128630716e-06,7.301156871300458e-06,4.5371481796208155e-12,1
1726,9.431215128630716e-06,7.295024022374717e-06,4.56331244244723e-12,1
1727,9.431215128630716e-06,7.288899872650998e-06,4.589514656003444e-12,1
1728,9.431215128630716e-06,7.282784404763367e-06,4.615754575257182e-12,1
1729,9.431215128630716e-06,7.276677601390578e-06,4.642031956286051e-12,1
1730,9.431215128630716e-06,7.270579445255931e-06,4.6683465562724246e-12,1
1731,9.431215128630716e-06,7.26448991912714e-06,4.694698133498318e-12,1
1732,9.431215128630716e-06,7.258409005816182e-06,4.72108644734033e-12,1
1733,9.431215128630716e-06,7.2523366881791645e-06,4.747511258264586e-12,1
1734,9.431215128630716e-06,7.246272949116193e-06,4.773972327821675e-12,1
1735,9.431215128630716e-06,7.240217771571217e-06,4.800469418641711e-12,1
1736,9.431215128630716e-06,7.2341711385319064e-06,4.827002294429299e-12,1
1737,9.431215128630716e-06,7.228133033029507e-06,4.853570719958614e-12,1
1738,9.431215128630716e-06,7.222103438138706e-06,4.880174461068468e-12,1
1739,9.431215128630716e-06,7.216082336977497e-06,4.906813284657385e-12,1
1740,9.431215128630716e-06,7.210069712707045e-06,4.9334869586787395e-12,1
1741,9.431215128630716e-06,7.204065548531544e-06,4.96019525213592e-12,1
1742,9.431215128630716e-06,7.198069827698094e-06,4.9869379350774535e-12,1
1743,9.431215128630716e-06,7.1920825334965555e-06,5.0137147785922414e-12,1
1744,9.431215128630716e-06,7.186103649259425e-06,5.040525554804749e-12,1
1745,9.431215128630716e-06,7.180133158361696e-06,5.067370036870254e-12,1
1746,9.431215128630716e-06,7.174171044220731e-06,5.094247998970108e-12,1
1747,9.431215128630716e-06,7.168217290296125e-06,5.121159216307031e-12,1
1748,9.431215128630716e-06,7.1622718800895725e-06,5.148103465100438e-12,1
1749,9.431215128630716e-06,7.156334797144746e-06,5.175080522581716e-12,1
1750,9.431215128630716e-06,7.150406025047153e-06,5.2020901669896575e-12,1
1751,9.431215128630716e-06,7.144485547424013e-06,5.229132177565784e-12,1
1752,9.431215128630716e-06,7.138573347944129e-06,5.256206334549766e-12,1
1753,9.431215128630716e-06,7.132669410317753e-06,5.283312419174858e-12,1
1754,9.431215128630716e-06,7.126773718296459e-06,5.3104502136633415e-12,1
1755,9.431215128630716e-06,7.1208862556730165e-06,5.3376195012219955e-12,1
1756,9.431215128630716e-06,7.115007006281263e-06,5.364820066037579e-12,1
1757,9.431215128630716e-06,7.109135953995972e-06,5.392051693272373e-12,1
1758,9.431215128630716e-06,7.103273082732736e-06,5.419314169059675e-12,1
1759,9.431215128630716e-06,7.097418376447821e-06,5.44660728049943e-12,1
1760,9.431215128630716e-06,7.091571819138067e-06,5.473930815653718e-12,1
1761,9.431215128630716e-06,7.085733394840739e-06,5.501284563542437e-12,1
1762,9.431215128630716e-06,7.079903087633416e-06,5.52866831413889e-12,1
1763,9.431215128630716e-06,7.074080881633858e-06,5.556081858365447e-12,1
1764,9.431215128630716e-06,7.06826676099989e-06,5.583524988089188e-12,1
1765,9.431215128630716e-06,7.062460709929268e-06,5.610997496117635e-12,1
1766,9.431215128630716e-06,7.056662712659568e-06,5.638499176194419e-12,1
1767,9.431215128630716e-06,7.050872753468055e-06,5.666029822995021e-12,1
1768,9.431215128630716e-06,7.045090816671559e-06,5.69358923212256e-12,1
1769,9.431215128630716e-06,7.039316886626362e-06,5.721177200103519e-12,1
1770,9.431215128630716e-06,7.033550947728068e-06,5.748793524383567e-12,1
1771,9.431215128630716e-06,7.027792984411488e-06,5.7764380033233544e-12,1
1772,9.431215128630716e-06,7.022042981150511e-06,5.8041104361943845e-12,1
1773,9.431215128630716e-06,7.016300922457994e-06,5.83181062317483e-12,1
1774,9.431215128630716e-06,7.010566792885638e-06,5.859538365345416e-12,1
1775,9.431215128630716e-06,7.00484057702387e-06,5.887293464685325e-12,1
1776,9.431215128630716e-06,6.999122259501718e-06,5.915075724068123e-12,1
1777,9.431215128630716e-06,6.9934118249867006e-06,5.942884947257677e-12,1
1778,9.431215128630716e-06,6.987709258184704e-06,5.9707209389041225e-12,1
1779,9.431215128630716e-06,6.982014543839872e-06,5.998583504539812e-12,1
1780,9.431215128630716e-06,6.976327666734475e-06,6.0264724505753704e-12,1
1781,9.431215128630716e-06,6.9706486116888056e-06,6.054387584295646e-12,1
1782,9.431215128630716e-06,6.964977363561059e-06,6.0823287138557786e-12,1
1783,9.431215128630716e-06,6.959313907247216e-06,6.11029564827724e-12,1
1784,9.431215128630716e-06,6.953658227680927e-06,6.138288197443925e-12,1
1785,9.431215128630716e-06,6.9480103098333985e-06,6.16630617209822e-12,1
1786,9.431215128630716e-06,6.9423701387132785e-06,6.194349383837131e-12,1
1787,9.431215128630716e-06,6.93673769936654e-06,6.222417645108415e-12,1
1788,9.431215128630716e-06,6.931112976876373e-06,6.2505107692066954e-12,1
1789,9.431215128630716e-06,6.925495956363065e-06,6.278628570269684e-12,1
1790,9.431215128630716e-06,6.919886622983888e-06,6.3067708632743334e-12,1
1791,9.431215128630716e-06,6.9142849619329915e-06,6.334937464033036e-12,1
1792,9.431215128630716e-06,6.908690958441287e-06,6.363128189189867e-12,1
1793,9.431215128630716e-06,6.903104597776333e-06,6.39134285621683e-12,1
1794,9.431215128630716e-06,6.897525865242234e-06,6.419581283410068e-12,1
1795,9.431215128630716e-06,6.8919547461795144e-06,6.4478432898862234e-12,1
1796,9.431215128630716e-06,6.886391225965021e-06,6.47612869557866e-12,1
1797,9.431215128630716e-06,6.8808352900118095e-06,6.504437321233801e-12,1
1798,9.431215128630716e-06,6.875286923769028e-06,6.5327689884074915e-12,1
1799,9.431215128630716e-06,6.869746112721818e-06,6.561123519461301e-12,1
1800,9.431215128630716e-06,6.864212842391196e-06,6.589500737558922e-12,1
1801,9.431215128630716e-06,6.858687098333956e-06,6.617900466662529e-12,1
1802,9.431215128630716e-06,6.85316886614255e-06,6.646322531529203e-12,1
1803,9.431215128630716e-06,6.847658131444983e-06,6.674766757707362e-12,1
1804,9.431215128630716e-06,6.842154879904712e-06,6.703232971533157e-12,1
1805,9.431215128630716e-06,6.836659097220532e-06,6.731721000126965e-12,1
1806,9.431215128630716e-06,6.831170769126475e-06,6.760230671389821e-12,1
1807,9.431215128630716e-06,6.825689881391696e-06,6.788761813999959e-12,1
1808,9.431215128630716e-06,6.820216419820375e-06,6.817314257409269e-12,1
1809,9.431215128630716e-06,6.814750370251607e-06,6.845887831839853e-12,1
1810,9.431215128630716e-06,6.809291718559298e-06,6.874482368280532e-12,1
1811,9.431215128630716e-06,6.803840450652063e-06,6.903097698483433e-12,1
1812,9.431215128630716e-06,6.798396552473115e-06,6.9317336549605404e-12,1
1813,9.431215128630716e-06,6.792960010000168e-06,6.9603900709802876e-12,1
1814,9.431215128630716e-06,6.787530809245328e-06,6.989066780564184e-12,1
1815,9.431215128630716e-06,6.782108936254996e-06,7.0177636184833866e-12,1
1816,9.431215128630716e-06,6.776694377109758e-06,7.046480420255394e-12,1
1817,9.431215128630716e-06,6.771287117924285e-06,7.075217022140671e-12,1
1818,9.431215128630716e-06,6.765887144847234e-06,7.10397326113932e-12,1
1819,9.431215128630716e-06,6.760494444061142e-06,7.132748974987776e-12,1
1820,9.431215128630716e-06,6.7551090017823305e-06,7.161544002155468e-12,1
1821,9.431215128630716e-06,6.749730804260792e-06,7.190358181841627e-12,1
1822,9.431215128630716e-06,6.744359837780104e-06,7.219191353971929e-12,1
1823,9.431215128630716e-06,6.738996088657321e-06,7.248043359195271e-12,1
1824,9.431215128630716e-06,6.733639543242873e-06,7.276914038880563e-12,1
1825,9.431215128630716e-06,6.728290187920474e-06,7.305803235113467e-12,1
1826,9.431215128630716e-06,6.722948009107009e-06,7.33471079069324e-12,1
1827,9.431215128630716e-06,6.717612993252449e-06,7.363636549129493e-12,1
1828,9.431215128630716e-06,6.712285126839746e-06,7.392580354639047e-12,1
1829,9.431215128630716e-06,6.706964396384732e-06,7.421542052142781e-12,1
1830,9.431215128630716e-06,6.701650788436028e-06,7.450521487262462e-12,1
1831,9.431215128630716e-06,6.696344289574942e-06,7.479518506317635e-12,1
1832,9.431215128630716e-06,6.691044886415371e-06,7.508532956322505e-12,1
1833,9.431215128630716e-06,6.685752565603705e-06,7.537564684982845e-12,1
1834,9.431215128630716e-06,6.680467313818737e-06,7.566613540692878e-12,1
1835,9.431215128630716e-06,6.675189117771551e-06,7.595679372532285e-12,1
1836,9.431215128630716e-06,6.669917964205445e-06,7.624762030263044e-12,1
1837,9.431215128630716e-06,6.66465383989582e-06,7.653861364326489e-12,1
1838,9.431215128630716e-06,6.659396731650098e-06,7.682977225840204e-12,1
1839,9.431215128630716e-06,6.654146626307614e-06,7.712109466595076e-12,1
1840,9.431215128630716e-06,6.648903510739531e-06,7.741257939052264e-12,1
1841,9.431215128630716e-06,6.643667371848742e-06,7.770422496340216e-12,1
1842,9.431215128630716e-06,6.638438196569779e-06,7.799602992251702e-12,1
1843,9.431215128630716e-06,6.633215971868712e-06,7.828799281240888e-12,1
1844,9.431215128630716e-06,6.628000684743067e-06,7.858011218420344e-12,1
1845,9.431215128630716e-06,6.622792322221722e-06,7.88723865955817e-12,1
1846,9.431215128630716e-06,6.6175908713648234e-06,7.916481461075047e-12,1
1847,9.431215128630716e-06,6.612396319263689e-06,7.945739480041344e-12,1
1848,9.431215128630716e-06,6.6072086530407185e-06,7.97501257417424e-12,1
1849,9.431215128630716e-06,6.602027859849294e-06,8.004300601834885e-12,1
1850,9.431215128630716e-06,6.596853926873703e-06,8.03360342202546e-12,1
1851,9.431215128630716e-06,6.591686841329034e-06,8.062920894386425e-12,1
1852,9.431215128630716e-06,6.586526590461097e-06,8.092252879193604e-12,1
1853,9.431215128630716e-06,6.5813731615463224e-06,8.121599237355447e-12,1
1854,9.431215128630716e-06,6.576226541891679e-06,8.150959830410166e-12,1
1855,9.431215128630716e-06,6.571086718834579e-06,8.180334520522981e-12,1
1856,9.431215128630716e-06,6.565953679742795e-06,8.209723170483309e-12,1
1857,9.431215128630716e-06,6.560827412014362e-06,8.239125643702047e-12,1
1858,9.431215128630716e-06,6.5557079030774994e-06,8.268541804208759e-12,1
1859,9.431215128630716e-06,6.550595140390513e-06,8.297971516648989e-12,1
1860,9.431215128630716e-06,6.545489111441711e-06,8.327414646281518e-12,1
1861,9.431215128630716e-06,6.540389803749316e-06,8.356871058975652e-12,1
1862,9.431215128630716e-06,6.535297204861379e-06,8.38634062120851e-12,1
1863,9.431215128630716e-06,6.530211302355687e-06,8.41582320006236e-12,1
1864,9.431215128630716e-06,6.525132083839683e-06,8.445318663221921e-12,1
1865,9.431215128630716e-06,6.520059536950374e-06,8.474826878971725e-12,1
1866,9.431215128630716e-06,6.514993649354244e-06,8.504347716193455e-12,1
1867,9.431215128630716e-06,6.509934408747177e-06,8.53388104436329e-12,1
1868,9.431215128630716e-06,6.504881802854359e-06,8.563426733549316e-12,1
1869,9.431215128630716e-06,6.499835819430198e-06,8.592984654408905e-12,1
1870,9.431215128630716e-06,6.4947964462582435e-06,8.622554678186089e-12,1
1871,9.431215128630716e-06,6.489763671151094e-06,8.652136676708994e-12,1
1872,9.431215128630716e-06,6.4847374819503174e-06,8.68173052238726e-12,1
1873,9.431215128630716e-06,6.479717866526361e-06,8.711336088209505e-12,1
1874,9.431215128630716e-06,6.4747048127784785e-06,8.740953247740698e-12,1
1875,9.431215128630716e-06,6.469698308634632e-06,8.770581875119718e-12,1
1876,9.431215128630716e-06,6.46469834205142e-06,8.800221845056753e-12,1
1877,9.431215128630716e-06,6.459704901013989e-06,8.829873032830816e-12,1
1878,9.431215128630716e-06,6.454717973535952e-06,8.859535314287227e-12,1
1879,9.431215128630716e-06,6.449737547659306e-06,8.889208565835132e-12,1
1880,9.431215128630716e-06,6.4447636114543476e-06,8.918892664445035e-12,1
1881,9.431215128630716e-06,6.439796153019596e-06,8.948587487646285e-12,1
1882,9.431215128630716e-06,6.434835160481705e-06,8.978292913524667e-12,1
1883,9.431215128630716e-06,6.42988062199539e-06,9.008008820719919e-12,1
1884,9.431215128630716e-06,6.424932525743334e-06,9.037735088423332e-12,1
1885,9.431215128630716e-06,6.419990859936118e-06,9.067471596375316e-12,1
1886,9.431215128630716e-06,6.4150556128121396e-06,9.09721822486295e-12,1
1887,9.431215128630716e-06,6.410126772637526e-06,9.126974854717636e-12,1
1888,9.431215128630716e-06,6.405204327706057e-06,9.156741367312696e-12,1
1889,9.431215128630716e-06,6.40028826633909e-06,9.186517644560962e-12,1
1890,9.431215128630716e-06,6.395378576885473e-06,9.21630356891245e-12,1
1891,9.431215128630716e-06,6.39047524772147e-06,9.246099023351975e-12,1
1892,9.431215128630716e-06,6.3855782672506815e-06,9.275903891396829e-12,1
1893,9.431215128630716e-06,6.380687623903966e-06,9.305718057094414e-12,1
1894,9.431215128630716e-06,6.375803306139355e-06,9.335541405019983e-12,1
1895,9.431215128630716e-06,6.37092530244199e-06,9.365373820274223e-12,1
1896,9.431215128630716e-06,6.366053601324026e-06,9.39521518848108e-12,1
1897,9.431215128630716e-06,6.361188191324571e-06,9.425065395785348e-12,1
1898,9.431215128630716e-06,6.356329061009594e-06,9.454924328850487e-12,1
1899,9.431215128630716e-06,6.3514761989718606e-06,9.484791874856274e-12,1
1900,9.431215128630716e-06,6.346629593830843e-06,9.514667921496619e-12,1
1901,9.431215128630716e-06,6.341789234232658e-06,9.544552356977244e-12,1
1902,9.431215128630716e-06,6.336955108849979e-06,9.57444507001349e-12,1
1903,9.431215128630716e-06,6.332127206381966e-06,9.604345949828077e-12,1
1904,9.431215128630716e-06,6.327305515554186e-06,9.634254886148897e-12,1
1905,9.431215128630716e-06,6.322490025118543e-06,9.664171769206773e-12,1
1906,9.431215128630716e-06,6.317680723853194e-06,9.694096489733317e-12,1
1907,9.431215128630716e-06,6.312877600562484e-06,9.72402893895869e-12,1
1908,9.431215128630716e-06,6.308080644076866e-06,9.753969008609443e-12,1
1909,9.431215128630716e-06,6.303289843252824e-06,9.783916590906369e-12,1
1910,9.431215128630716e-06,6.298505186972803e-06,9.813871578562327e-12,1
1911,9.431215128630716e-06,6.293726664145132e-06,9.843833864780108e-12,1
1912,9.431215128630716e-06,6.288954263703956e-06,9.873803343250275e-12,1
1913,9.431215128630716e-06,6.284187974609154e-06,9.903779908149056e-12,1
1914,9.431215128630716e-06,6.279427785846273e-06,9.93376345413622e-12,1
1915,9.431215128630716e-06,6.274673686426448e-06,9.963753876353003e-12,1
1916,9.431215128630716e-06,6.269925665386339e-06,9.993751070419926e-12,1
1917,9.431215128630716e-06,6.265183711788046e-06,1.0023754932434806e-11,1
1918,9.431215128630716e-06,6.26044781471905e-06,1.0053765358970603e-11,1
1919,9.431215128630716e-06,6.255717963292127e-06,1.0083782247073414e-11,1
1920,9.431215128630716e-06,6.2509941466452906e-06,1.0113805494260345e-11,1
1921,9.431215128630716e-06,6.246276353941707e-06,1.0143834998517525e-11,1
1922,9.431215128630716e-06,6.241564574369636e-06,1.0173870658298016e-11,1
1923,9.431215128630716e-06,6.236858797142348e-06,1.0203912372519827e-11,1
1924,9.431215128630716e-06,6.232159011498064e-06,1.0233960040563843e-11,1
1925,9.431215128630716e-06,6.227465206699876e-06,1.0264013562271868e-11,1
1926,9.431215128630716e-06,6.2227773720356826e-06,1.0294072837944572e-11,1
1927,9.431215128630716e-06,6.218095496818117e-06,1.0324137768339532e-11,1
1928,9.431215128630716e-06,6.213419570384477e-06,1.0354208254669227e-11,1
1929,9.431215128630716e-06,6.208749582096653e-06,1.0384284198599078e-11,1
1930,9.431215128630716e-06,6.2040855213410645e-06,1.0414365502245462e-11,1
1931,9.431215128630716e-06,6.199427377528583e-06,1.0444452068173783e-11,1
1932,9.431215128630716e-06,6.194775140094473e-06,1.0474543799396476e-11,1
1933,9.431215128630716e-06,6.190128798498311e-06,1.0504640599371142e-11,1
1934,9.431215128630716e-06,6.1854883422239265e-06,1.0534742371998547e-11,1
1935,9.431215128630716e-06,6.1808537607793325e-06,1.0564849021620719e-11,1
1936,9.431215128630716e-06,6.176225043696652e-06,1.0594960453019065e-11,1
1937,9.431215128630716e-06,6.171602180532056e-06,1.0625076571412437e-11,1
1938,9.431215128630716e-06,6.166985160865695e-06,1.0655197282455233e-11,1
1939,9.431215128630716e-06,6.162373974301624e-06,1.0685322492235555e-11,1
1940,9.431215128630716e-06,6.15776861046775e-06,1.0715452107273245e-11,1
1941,9.431215128630716e-06,6.153169059015751e-06,1.0745586034518122e-11,1
1942,9.431215128630716e-06,6.148575309621017e-06,1.0775724181348033e-11,1
1943,9.431215128630716e-06,6.143987351982579e-06,1.0805866455567056e-11,1
1944,9.431215128630716e-06,6.139405175823048e-06,1.0836012765403622e-11,1
1945,9.431215128630716e-06,6.134828770888547e-06,1.0866163019508685e-11,1
1946,9.431215128630716e-06,6.1302581269486425e-06,1.0896317126953906e-11,1
1947,9.431215128630716e-06,6.125693233796279e-06,1.092647499722985e-11,1
1948,9.431215128630716e-06,6.121134081247716e-06,1.0956636540244142e-11,1
1949,9.431215128630716e-06,6.116580659142465e-06,1.0986801666319659e-11,1
1950,9.431215128630716e-06,6.112032957343219e-06,1.1016970286192787e-11,1
1951,9.431215128630716e-06,6.10749096573579e-06,1.1047142311011577e-11,1
1952,9.431215128630716e-06,6.1029546742290466e-06,1.107731765233401e-11,1
1953,9.431215128630716e-06,6.098424072754846e-06,1.1107496222126198e-11,1
1954,9.431215128630716e-06,6.093899151267975e-06,1.1137677932760627e-11,1
1955,9.431215128630716e-06,6.0893798997460765e-06,1.1167862697014452e-11,1
1956,9.431215128630716e-06,6.084866308189599e-06,1.1198050428067656e-11,1
1957,9.431215128630716e-06,6.080358366621723e-06,1.1228241039501393e-11,1
1958,9.431215128630716e-06,6.0758560650883005e-06,1.1258434445296237e-11,1
1959,9.431215128630716e-06,6.071359393657793e-06,1.1288630559830444e-11,1
1960,9.431215128630716e-06,6.066868342421209e-06,1.1318829297878239e-11,1
1961,9.431215128630716e-06,6.062382901492041e-06,1.1349030574608128e-11,1
1962,9.431215128630716e-06,6.0579030610061995e-06,1.1379234305581192e-11,1
1963,9.431215128630716e-06,6.053428811121954e-06,1.1409440406749404e-11,1
1964,9.431215128630716e-06,6.0489601420198744e-06,1.1439648794453906e-11,1
1965,4.715607564315358e-06,6.044497043902763e-06,1.7659472489580846e-12,1
1966,4.715607564315358e-06,6.0400395069955955e-06,1.7541199707917475e-12,1
1967,4.715607564315358e-06,6.035587521545457e-06,1.7423470874891744e-12,1
1968,4.715607564315358e-06,6.031141077821489e-06,1.7306284251577865e-12,1
1969,4.715607564315358e-06,6.0267001661148155e-06,1.7189638104932707e-12,1
1970,4.715607564315358e-06,6.022264776738497e-06,1.7073530707774071e-12,1
1971,4.715607564315358e-06,6.0178349000274525e-06,1.6957960338758199e-12,1
1972,4.715607564315358e-06,6.013410526338418e-06,1.6842925282358273e-12,1
1973,4.715607564315358e-06,6.008991646049871e-06,1.6728423828842283e-12,1
1974,4.715607564315358e-06,6.004578249561978e-06,1.6614454274251404e-12,1
1975,4.715607564315358e-06,6.000170327296535e-06,1.6501014920378341e-12,1
1976,4.715607564315358e-06,5.995767869696903e-06,1.6388104074745696e-12,1
1977,4.715607564315358e-06,5.991370867227951e-06,1.6275720050584488e-12,1
1978,4.715607564315358e-06,5.9869793103760015e-06,1.616386116681289e-12,1
1979,4.715607564315358e-06,5.982593189648763e-06,1.6052525748014784e-12,1
1980,4.715607564315358e-06,5.9782124955752776e-06,1.5941712124418659e-12,1
1981,4.715607564315358e-06,5.9738372187058575e-06,1.5831418631876356e-12,1
1982,4.715607564315358e-06,5.9694673496120315e-06,1.57216436118422e-12,1
1983,4.715607564315358e-06,5.965102878886483e-06,1.5612385411351943e-12,1
1984,4.715607564315358e-06,5.960743797142995e-06,1.5503642383001996e-12,1
1985,4.715607564315358e-06,5.956390095016386e-06,1.5395412884928478e-12,1
1986,4.715607564315358e-06,5.952041763162461e-06,1.5287695280786767e-12,1
1987,4.715607564315358e-06,5.947698792257946e-06,1.5180487939730735e-12,1
1988,4.715607564315358e-06,5.9433611730004364e-06,1.5073789236392323e-12,1
1989,4.715607564315358e-06,5.939028896108337e-06,1.4967597550861066e-12,1
1990,4.715607564315358e-06,5.934701952320807e-06,1.4861911268663808e-12,1
1991,4.715607564315358e-06,5.930380332397697e-06,1.475672878074427e-12,1
1992,4.715607564315358e-06,5.926064027119504e-06,1.4652048483443237e-12,1
1993,4.715607564315358e-06,5.921753027287301e-06,1.4547868778478016e-12,1
1994,4.715607564315358e-06,5.9174473237226946e-06,1.4444188072922843e-12,1
1995,4.715607564315358e-06,5.913146907267757e-06,1.4341004779188623e-12,1
1996,4.715607564315358e-06,5.9088517687849774e-06,1.4238317315003346e-12,1
1997,4.715607564315358e-06,5.904561899157206e-06,1.4136124103392211e-12,1
1998,4.715607564315358e-06,5.900277289287592e-06,1.4034423572657892e-12,1
1999,4.715607564315358e-06,5.895997930099539e-06,1.3933214156361123e-12,1
2000,4.715607564315358e-06,5.891723812536638e-06,1.3832494293300991e-12,1
2001,4.715607564315358e-06,5.887454927562622e-06,1.3732262427495643e-12,1
2002,4.715607564315358e-06,5.8831912661613066e-06,1.3632517008162886e-12,1
2003,4.715607564315358e-06,5.8789328193365324e-06,1.3533256489700803e-12,1
2004,4.715607564315358e-06,5.874679578112122e-06,1.3434479331668852e-12,1
2005,4.715607564315358e-06,5.870431533531809e-06,1.333618399876839e-12,1
2006,4.715607564315358e-06,5.866188676659201e-06,1.323836896082394e-12,1
2007,4.715607564315358e-06,5.861950998577711e-06,1.3141032692764044e-12,1
2008,4.715607564315358e-06,5.857718490390514e-06,1.3044173674602506e-12,1
2009,4.715607564315358e-06,5.853491143220489e-06,1.2947790391419496e-12,1
2010,4.715607564315358e-06,5.849268948210165e-06,1.2851881333342878e-12,1
2011,4.715607564315358e-06,5.845051896521668e-06,1.275644499552958e-12,1
2012,4.715607564315358e-06,5.840839979336673e-06,1.2661479878147007e-12,1
2013,4.715607564315358e-06,5.836633187856342e-06,1.2566984486354523e-12,1
2014,4.715607564315358e-06,5.83243151330128e-06,1.2472957330285091e-12,1
2015,4.715607564315358e-06,5.828234946911474e-06,1.2379396925026842e-12,1
2016,4.715607564315358e-06,5.824043479946251e-06,1.2286301790604966e-12,1
2017,4.715607564315358e-06,5.819857103684216e-06,1.2193670451963352e-12,1
2018,4.715607564315358e-06,5.815675809423204e-06,1.2101501438946552e-12,1
2019,4.715607564315358e-06,5.81149958848023e-06,1.200979328628181e-12,1
2020,4.715607564315358e-06,5.807328432191435e-06,1.1918544533560936e-12,1
2021,4.715607564315358e-06,5.80316233191203e-06,1.1827753725222502e-12,1
2022,4.715607564315358e-06,5.799001279016255e-06,1.173741941053409e-12,1
2023,4.715607564315358e-06,5.79484526489732e-06,1.164754014357441e-12,1
2024,4.715607564315358e-06,5.790694280967357e-06,1.155811448321576e-12,1
2025,4.715607564315358e-06,5.786548318657367e-06,1.1469140993106305e-12,1
2026,4.715607564315358e-06,5.782407369417167e-06,1.1380618241652574e-12,1
2027,4.715607564315358e-06,5.778271424715349e-06,1.129254480200211e-12,1
2028,4.715607564315358e-06,5.774140476039217e-06,1.1204919252025907e-12,1
2029,4.715607564315358e-06,5.7700145148947494e-06,1.111774017430131e-12,1
2030,4.715607564315358e-06,5.7658935328065354e-06,1.1031006156094502e-12,1
2031,4.715607564315358e-06,5.7617775213177396e-06,1.0944715789343646e-12,1
2032,4.715607564315358e-06,5.757666471990038e-06,1.0858867670641476e-12,1
2033,4.715607564315358e-06,5.75356037640358e-06,1.0773460401218485e-12,1
2034,4.715607564315358e-06,5.7494592261569305e-06,1.068849258692581e-12,1
2035,4.715607564315358e-06,5.745363012867023e-06,1.0603962838218407e-12,1
2036,4.715607564315358e-06,5.741271728169119e-06,1.0519869770138343e-12,1
2037,4.715607564315358e-06,5.737185363716743e-06,1.0436212002297753e-12,1
2038,4.715607564315358e-06,5.733103911181645e-06,1.0352988158862393e-12,1
2039,4.715607564315358e-06,5.729027362253752e-06,1.0270196868534952e-12,1
2040,4.715607564315358e-06,5.724955708641112e-06,1.0187836764538424e-12,1
2041,4.715607564315358e-06,5.720888942069852e-06,1.0105906484599733e-12,1
2042,4.715607564315358e-06,5.716827054284127e-06,1.002440467093322e-12,1
2043,4.715607564315358e-06,5.712770037046074e-06,9.943329970224351e-13,1
2044,4.715607564315358e-06,5.708717882135762e-06,9.862681033613434e-13,1
2045,4.715607564315358e-06,5.704670581351144e-06,9.782456516679313e-13,1
2046,4.715607564315358e-06,5.70062812650801e-06,9.702655079423288e-13,1
2047,4.715607564315358e-06,5.696590509439943e-06,9.623275386253043e-13,1
2048,4.715607564315358e-06,5.692557721998266e-06,9.54431610596659e-13,1
2049,4.715607564315358e-06,5.688529756051997e-06,9.465775911736242e-13,1
2050,4.715607564315358e-06,5.684506603487803e-06,9.387653481092864e-13,1
2051,4.715607564315358e-06,5.680488256209952e-06,9.309947495909907e-13,1
2052,4.715607564315358e-06,5.676474706140266e-06,9.23265664238768e-13,1
2053,4.715607564315358e-06,5.672465945218077e-06,9.155779611037727e-13,1
2054,4.715607564315358e-06,5.6684619654001765e-06,9.079315096667079e-13,1
2055,4.715607564315358e-06,5.664462758660773e-06,9.003261798362756e-13,1
2056,4.715607564315358e-06,5.660468316991444e-06,8.92761841947619e-13,1
2057,4.715607564315358e-06,5.6564786324010874e-06,8.852383667607811e-13,1
2058,4.715607564315358e-06,5.65249369691588e-06,8.777556254591633e-13,1
2059,4.715607564315358e-06,5.648513502579233e-06,8.703134896480003e-13,1
2060,4.715607564315358e-06,5.644538041451737e-06,8.62911831352821e-13,1
2061,4.715607564315358e-06,5.640567305611131e-06,8.555505230179431e-13,1
2062,4.715607564315358e-06,5.636601287152241e-06,8.482294375049413e-13,1
2063,4.715607564315358e-06,5.63263997818695e-06,8.409484480911592e-13,1
2064,4.715607564315358e-06,5.6286833708441425e-06,8.3370742846819e-13,1
2065,4.715607564315358e-06,5.624731457269663e-06,8.265062527403901e-13,1
2066,4.715607564315358e-06,5.6207842296262715e-06,8.193447954233853e-13,1
2067,4.715607564315358e-06,5.616841680093602e-06,8.122229314425931e-13,1
2068,4.715607564315358e-06,5.612903800868108e-06,8.05140536131729e-13,1
2069,4.715607564315358e-06,5.608970584163033e-06,7.980974852313566e-13,1
2070,4.715607564315358e-06,5.605042022208353e-06,7.910936548874057e-13,1
2071,4.715607564315358e-06,5.601118107250737e-06,7.841289216497098e-13,1
2072,4.715607564315358e-06,5.59719883155351e-06,7.772031624705702e-13,1
2073,4.715607564315358e-06,5.593284187396598e-06,7.703162547032895e-13,1
2074,4.715607564315358e-06,5.589374167076491e-06,7.634680761007308e-13,1
2075,4.715607564315358e-06,5.585468762906196e-06,7.566585048138887e-13,1
2076,4.715607564315358e-06,5.5815679672152e-06,7.498874193904568e-13,1
2077,4.715607564315358e-06,5.577671772349418e-06,7.431546987733903e-13,1
2078,4.715607564315358e-06,5.573780170671156e-06,7.364602222995026e-13,1
2079,4.715607564315358e-06,5.569893154559068e-06,7.298038696980441e-13,1
2080,4.715607564315358e-06,5.566010716408108e-06,7.23185521089285e-13,1
2081,4.715607564315358e-06,5.562132848629494e-06,7.166050569831285e-13,1
2082,4.715607564315358e-06,5.558259543650661e-06,7.10062358277704e-13,1
2083,4.715607564315358e-06,5.554390793915221e-06,7.035573062579768e-13,1
2084,4.715607564315358e-06,5.550526591882917e-06,6.970897825943576e-13,1
2085,4.715607564315358e-06,5.546666930029586e-06,6.906596693413346e-13,1
2086,4.715607564315358e-06,5.54281180084711e-06,6.842668489360788e-13,1
2087,4.715607564315358e-06,5.538961196843386e-06,6.779112041970983e-13,1
2088,4.715607564315358e-06,5.535115110542269e-06,6.715926183228531e-13,1
2089,4.715607564315358e-06,5.531273534483544e-06,6.653109748904076e-13,1
2090,4.715607564315358e-06,5.527436461222872e-06,6.590661578540708e-13,1
2091,4.715607564315358e-06,5.523603883331762e-06,6.528580515440586e-13,1
2092,4.715607564315358e-06,5.51977579339752e-06,6.466865406651404e-13,1
2093,4.715607564315358e-06,5.515952184023207e-06,6.405515102953019e-13,1
2094,4.715607564315358e-06,5.512133047827609e-06,6.344528458844251e-13,1
2095,4.715607564315358e-06,5.508318377445182e-06,6.283904332529469e-13,1
2096,4.715607564315358e-06,5.504508165526023e-06,6.223641585905485e-13,1
2097,4.715607564315358e-06,5.50070240473582e-06,6.163739084548299e-13,1
2098,4.715607564315358e-06,5.49690108775582e-06,6.10419569770012e-13,1
2099,4.715607564315358e-06,5.493104207282782e-06,6.045010298256133e-13,1
2100,4.715607564315358e-06,5.489311756028939e-06,5.986181762751653e-13,1
2101,4.715607564315358e-06,5.485523726721961e-06,5.927708971349105e-13,1
2102,4.715607564315358e-06,5.481740112104909e-06,5.869590807825079e-13,1
2103,4.715607564315358e-06,5.4779609049362e-06,5.811826159557568e-13,1
2104,4.715607564315358e-06,5.474186097989564e-06,5.754413917513082e-13,1
2105,4.715607564315358e-06,5.4704156840540076e-06,5.697352976233954e-13,1
2106,4.715607564315358e-06,5.466649655933771e-06,5.64064223382561e-13,1
2107,4.715607564315358e-06,5.462888006448292e-06,5.58428059194393e-13,1
2108,4.715607564315358e-06,5.459130728432163e-06,5.528266955782646e-13,1
2109,4.715607564315358e-06,5.455377814735094e-06,5.472600234060784e-13,1
2110,4.715607564315358e-06,5.4516292582218765e-06,5.417279339010207e-13,1
2111,4.715607564315358e-06,5.447885051772337e-06,5.362303186363065e-13,1
2112,4.715607564315358e-06,5.4441451882813065e-06,5.307670695339497e-13,1
2113,4.715607564315358e-06,5.440409660658576e-06,5.253380788635234e-13,1
2114,4.715607564315358e-06,5.436678461828859e-06,5.199432392409252e-13,1
2115,4.715607564315358e-06,5.432951584731757e-06,5.145824436271627e-13,1
2116,4.715607564315358e-06,5.429229022321714e-06,5.092555853271175e-13,1
2117,4.715607564315358e-06,5.425510767567987e-06,5.039625579883433e-13,1
2118,4.715607564315358e-06,5.421796813454599e-06,4.987032555998447e-13,1
2119,4.715607564315358e-06,5.418087152980308e-06,4.934775724908776e-13,1
2120,4.715607564315358e-06,5.4143817791585665e-06,4.882854033297425e-13,1
2121,4.715607564315358e-06,5.410680685017482e-06,4.831266431225889e-13,1
2122,4.715607564315358e-06,5.406983863599781e-06,4.780011872122241e-13,1
2123,4.715607564315358e-06,5.403291307962775e-06,4.729089312769265e-13,1
2124,4.715607564315358e-06,5.399603011178316e-06,4.678497713292569e-13,1
2125,4.715607564315358e-06,5.395918966332763e-06,4.628236037148866e-13,1
2126,4.715607564315358e-06,5.392239166526946e-06,4.578303251114201e-13,1
2127,4.715607564315358e-06,5.388563604876127e-06,4.5286983252722707e-13,1
2128,4.715607564315358e-06,5.384892274509965e-06,4.4794202330027906e-13,1
2129,4.715607564315358e-06,5.381225168572475e-06,4.4304679509698374e-13,1
2130,4.715607564315358e-06,5.377562280221997e-06,4.381840459110386e-13,1
2131,4.715607564315358e-06,5.373903602631153e-06,4.333536740622701e-13,1
2132,4.715607564315358e-06,5.3702491289868164e-06,4.2855557819549515e-13,1
2133,4.715607564315358e-06,5.366598852490073e-06,4.237896572793747e-13,1
2134,4.715607564315358e-06,5.362952766356184e-06,4.19055810605278e-13,1
2135,4.715607564315358e-06,5.3593108638145516e-06,4.1435393778614835e-13,1
2136,4.715607564315358e-06,5.3556731381086786e-06,4.096839387553725e-13,1
2137,4.715607564315358e-06,5.352039582496141e-06,4.0504571376566386e-13,1
2138,4.715607564315358e-06,5.348410190248543e-06,4.0043916338793485e-13,1
2139,4.715607564315358e-06,5.344784954651488e-06,3.9586418851018285e-13,1
2140,4.715607564315358e-06,5.341163869004537e-06,3.9132069033638034e-13,1
2141,4.715607564315358e-06,5.337546926621176e-06,3.868085703853676e-13,1
2142,4.715607564315358e-06,5.333934120828786e-06,3.823277304897535e-13,1
2143,4.715607564315358e-06,5.3303254449685966e-06,3.7787807279480914e-13,1
2144,4.715607564315358e-06,5.32672089239566e-06,3.73459499757383e-13,1
2145,4.715607564315358e-06,5.323120456478811e-06,3.6907191414480337e-13,1
2146,4.715607564315358e-06,5.319524130600633e-06,3.6471521903379717e-13,1
2147,4.715607564315358e-06,5.3159319081574265e-06,3.603893178094099e-13,1
2148,4.715607564315358e-06,5.312343782559168e-06,3.5609411416392353e-13,1
2149,4.715607564315358e-06,5.3087597472294795e-06,3.5182951209578737e-13,1
2150,4.715607564315358e-06,5.305179795605595e-06,3.4759541590854835e-13,1
2151,4.715607564315358e-06,5.3016039211383225e-06,3.43391730209787e-13,1
2152,4.715607564315358e-06,5.298032117292013e-06,3.392183599100565e-13,1
2153,4.715607564315358e-06,5.294464377544522e-06,3.350752102218227e-13,1
2154,4.715607564315358e-06,5.290900695387179e-06,3.3096218665841914e-13,1
2155,4.715607564315358e-06,5.2873410643247525e-06,3.2687919503299217e-13,1
2156,4.715607564315358e-06,5.283785477875417e-06,3.228261414574616e-13,1
2157,4.715607564315358e-06,5.280233929570716e-06,3.1880293234147677e-13,1
2158,4.715607564315358e-06,5.276686412955529e-06,3.1480947439137935e-13,1
2159,4.715607564315358e-06,5.273142921588043e-06,3.108456746091804e-13,1
2160,4.715607564315358e-06,5.269603449039713e-06,3.069114402915204e-13,1
2161,4.715607564315358e-06,5.266067988895228e-06,3.030066790286507e-13,1
2162,4.715607564315358e-06,5.262536534752485e-06,2.9913129870341585e-13,1
2163,4.715607564315358e-06,5.259009080222548e-06,2.952852074902315e-13,1
2164,4.715607564315358e-06,5.255485618929615e-06,2.914683138540749e-13,1
2165,4.715607564315358e-06,5.251966144510994e-06,2.87680526549478e-13,1
2166,4.715607564315358e-06,5.248450650617058e-06,2.839217546195205e-13,1
2167,4.715607564315358e-06,5.244939130911222e-06,2.8019190739483123e-13,1
2168,4.715607564315358e-06,5.241431579069902e-06,2.7649089449258683e-13,1
2169,4.715607564315358e-06,5.2379279887824905e-06,2.728186258155253e-13,1
2170,4.715607564315358e-06,5.234428353751317e-06,2.691750115509512e-13,1
2171,4.715607564315358e-06,5.230932667691617e-06,2.655599621697519e-13,1
2172,4.715607564315358e-06,5.227440924331506e-06,2.619733884254194e-13,1
2173,4.715607564315358e-06,5.223953117411936e-06,2.584152013530659e-13,1
2174,4.715607564315358e-06,5.220469240686675e-06,2.5488531226845613e-13,1
2175,4.715607564315358e-06,5.216989287922265e-06,2.5138363276703244e-13,1
2176,4.715607564315358e-06,5.213513252897996e-06,2.479100747229507e-13,1
2177,4.715607564315358e-06,5.210041129405874e-06,2.4446455028811755e-13,1
2178,4.715607564315358e-06,5.2065729112505845e-06,2.410469718912272e-13,1
2179,4.715607564315358e-06,5.2031085922494665e-06,2.376572522368123e-13,1
2180,4.715607564315358e-06,5.199648166232477e-06,2.34295304304287e-13,1
2181,4.715607564315358e-06,5.196191627042162e-06,2.309610413470002e-13,1
2182,4.715607564315358e-06,5.192738968533621e-06,2.2765437689129116e-13,1
2183,4.715607564315358e-06,5.189290184574482e-06,2.2437522473554923e-13,1
2184,4.715607564315358e-06,5.1858452690448624e-06,2.2112349894927249e-13,1
2185,4.715607564315358e-06,5.1824042158373466e-06,2.1789911387214072e-13,1
2186,4.715607564315358e-06,5.1789670188569495e-06,2.1470198411308106e-13,1
2187,4.715607564315358e-06,5.175533672021084e-06,2.1153202454933928e-13,1
2188,4.715607564315358e-06,5.172104169259535e-06,2.083891503255602e-13,1
2189,4.715607564315358e-06,5.168678504514424e-06,2.052732768528659e-13,1
2190,4.715607564315358e-06,5.165256671740184e-06,2.0218431980794295e-13,1
2191,4.715607564315358e-06,5.161838664903523e-06,1.991221951321251e-13,1
2192,4.715607564315358e-06,5.158424477983395e-06,1.9608681903048588e-13,1
2193,4.715607564315358e-06,5.155014104970974e-06,1.930781079709357e-13,1
2194,4.715607564315358e-06,5.151607539869618e-06,1.9009597868331492e-13,1
2195,4.715607564315358e-06,5.148204776694841e-06,1.871403481584995e-13,1
2196,4.715607564315358e-06,5.144805809474282e-06,1.8421113364749988e-13,1
2197,4.715607564315358e-06,5.141410632247678e-06,1.8130825266057617e-13,1
2198,4.715607564315358e-06,5.138019239066831e-06,1.7843162296634383e-13,1
2199,4.715607564315358e-06,5.134631623995577e-06,1.755811625908917e-13,1
2200,4.715607564315358e-06,5.13124778110976e-06,1.727567898168973e-13,1
2201,4.715607564315358e-06,5.127867704497198e-06,1.699584231827506e-13,1
2202,4.715607564315358e-06,5.12449138825766e-06,1.6718598148167943e-13,1
2203,4.715607564315358e-06,5.121118826502827e-06,1.6443938376087414e-13,1
2204,4.715607564315358e-06,5.117750013356272e-06,1.6171854932062437e-13,1
2205,4.715607564315358e-06,5.114384942953422e-06,1.59023397713446e-13,1
2206,4.715607564315358e-06,5.1110236094415365e-06,1.5635384874322794e-13,1
2207,4.715607564315358e-06,5.107666006979675e-06,1.5370982246436935e-13,1
2208,4.715607564315358e-06,5.1043121297386625e-06,1.5109123918091994e-13,1
2209,4.715607564315358e-06,5.100961971901071e-06,1.4849801944573595e-13,1
2210,4.715607564315358e-06,5.097615527661183e-06,1.4593008405962519e-13,1
2211,4.715607564315358e-06,5.094272791224967e-06,1.433873540705053e-13,1
2212,4.715607564315358e-06,5.090933756810041e-06,1.408697507725559e-13,1
2213,4.715607564315358e-06,5.087598418645655e-06,1.3837719570538437e-13,1
2214,4.715607564315358e-06,5.084266770972654e-06,1.3590961065318678e-13,1
2215,4.715607564315358e-06,5.080938808043452e-06,1.3346691764391596e-13,1
2216,4.715607564315358e-06,5.077614524122007e-06,1.3104903894845248e-13,1
2217,4.715607564315358e-06,5.074293913483783e-06,1.286558970797732e-13,1
2218,4.715607564315358e-06,5.070976970415733e-06,1.2628741479213286e-13,1
2219,4.715607564315358e-06,5.067663689216264e-06,1.2394351508024233e-13,1
2220,4.715607564315358e-06,5.064354064195213e-06,1.216241211784494e-13,1
2221,4.715607564315358e-06,5.0610480896738145e-06,1.1932915655992633e-13,1
2222,4.715607564315358e-06,5.057745759984673e-06,1.1705854493585426e-13,1
2223,4.715607564315358e-06,5.0544470694717396e-06,1.1481221025462144e-13,1
2224,4.715607564315358e-06,5.051152012490283e-06,1.1259007670101486e-13,1
2225,4.715607564315358e-06,5.047860583406856e-06,1.1039206869541498e-13,1
2226,4.715607564315358e-06,5.044572776599272e-06,1.0821811089300044e-13,1
2227,4.715607564315358e-06,5.041288586456585e-06,1.0606812818295423e-13,1
2228,4.715607564315358e-06,5.0380080073790445e-06,1.0394204568766129e-13,1
2229,4.715607564315358e-06,5.034731033778084e-06,1.0183978876192741e-13,1
2230,4.715607564315358e-06,5.031457660076288e-06,9.97612829921887e-14,1
2231,4.715607564315358e-06,5.028187880707365e-06,9.770645419572734e-14,1
2232,4.715607564315358e-06,5.024921690116117e-06,9.56752284198876e-14,1
2233,4.715607564315358e-06,5.021659082758416e-06,9.36675319413012e-14,1
2234,4.715607564315358e-06,5.018400053101179e-06,9.168329126511154e-14,1
2235,4.715607564315358e-06,5.015144595622338e-06,8.972243312419847e-14,1
2236,4.715607564315358e-06,5.011892704810811e-06,8.778488447841044e-14,1
2237,4.715607564315358e-06,5.008644375166482e-06,8.587057251379743e-14,1
2238,4.715607564315358e-06,5.005399601200167e-06,8.397942464184625e-14,1
2239,4.715607564315358e-06,5.0021583774335905e-06,8.211136849872013e-14,1
2240,4.715607564315358e-06,4.9989206983993625e-06,8.026633194450105e-14,1
2241,4.715607564315358e-06,4.995686558640946e-06,7.844424306243248e-14,1
2242,4.715607564315358e-06,4.992455952712632e-06,7.664503015816784e-14,1
2243,4.715607564315358e-06,4.989228875179517e-06,7.48686217590207e-14,1
2244,4.715607564315358e-06,4.986005320617475e-06,7.311494661321909e-14,1
2245,4.715607564315358e-06,4.982785283613127e-06,7.13839336891576e-14,1
2246,4.715607564315358e-06,4.979568758763819e-06,6.96755121746581e-14,1
2247,4.715607564315358e-06,4.9763557406775995e-06,6.798961147623456e-14,1
2248,4.715607564315358e-06,4.973146223973185e-06,6.632616121835014e-14,1
2249,4.715607564315358e-06,4.969940203279942e-06,6.468509124268924e-14,1
2250,4.715607564315358e-06,4.9667376732378545e-06,6.306633160742488e-14,1
2251,4.715607564315358e-06,4.963538628497504e-06,6.146981258649129e-14,1
2252,4.715607564315358e-06,4.9603430637200405e-06,5.989546466885928e-14,1
2253,4.715607564315358e-06,4.957150973577159e-06,5.834321855781364e-14,1
2254,4.715607564315358e-06,4.95396235275107e-06,5.681300517023306e-14,1
2255,4.715607564315358e-06,4.950777195934483e-06,5.5304755635874817e-14,1
2256,4.715607564315358e-06,4.94759549783057e-06,5.3818401296658346e-14,1
2257,4.715607564315358e-06,4.944417253152946e-06,5.2353873705953614e-14,1
2258,4.715607564315358e-06,4.941242456625644e-06,5.0911104627874316e-14,1
2259,4.715607564315358e-06,4.938071102983092e-06,4.949002603657016e-14,1
2260,4.715607564315358e-06,4.934903186970078e-06,4.809057011552144e-14,1
2261,4.715607564315358e-06,4.931738703341739e-06,4.6712669256840725e-14,1
2262,4.715607564315358e-06,4.928577646863526e-06,4.53562560605733e-14,1
2263,4.715607564315358e-06,4.925420012311183e-06,4.402126333400055e-14,1
2264,4.715607564315358e-06,4.922265794470719e-06,4.2707624090946e-14,1
2265,4.715607564315358e-06,4.9191149881383906e-06,4.1415271551087356e-14,1
2266,4.715607564315358e-06,4.91596758812067e-06,4.0144139139265055e-14,1
2267,4.715607564315358e-06,4.912823589234221e-06,3.8894160484797645e-14,1
2268,4.715607564315358e-06,4.9096829863058785e-06,3.766526942079857e-14,1
2269,4.715607564315358e-06,4.906545774172624e-06,3.6457399983497394e-14,1
2270,4.715607564315358e-06,4.9034119476815555e-06,3.527048641155763e-14,1
2271,4.715607564315358e-06,4.90028150168987e-06,3.410446314540523e-14,1
2272,4.715607564315358e-06,4.897154431064835e-06,3.295926482655237e-14,1
2273,4.715607564315358e-06,4.894030730683766e-06,3.183482629692857e-14,1
2274,4.715607564315358e-06,4.890910395434002e-06,3.073108259821165e-14,1
2275,4.715607564315358e-06,4.887793420212881e-06,2.964796897116246e-14,1
2276,4.715607564315358e-06,4.884679799927719e-06,2.858542085496162e-14,1
2277,4.715607564315358e-06,4.881569529495781e-06,2.7543373886547887e-14,1
2278,4.715607564315358e-06,4.878462603844261e-06,2.6521763899960647e-14,1
2279,4.715607564315358e-06,4.875359017910256e-06,2.5520526925682864e-14,1
2280,4.715607564315358e-06,4.872258766640748e-06,2.4539599189990196e-14,1
2281,4.715607564315358e-06,4.869161844992572e-06,2.3578917114296524e-14,1
2282,4.715607564315358e-06,4.866068247932395e-06,2.2638417314506013e-14,1
2283,4.715607564315358e-06,4.862977970436698e-06,2.1718036600368712e-14,1
2284,4.715607564315358e-06,4.8598910074917474e-06,2.081771197483437e-14,1
2285,4.715607564315358e-06,4.85680735409357e-06,1.9937380633411244e-14,1
2286,4.715607564315358e-06,4.853727005247937e-06,1.9076979963528133e-14,1
2287,4.715607564315358e-06,4.850649955970332e-06,1.8236447543895353e-14,1
2288,4.715607564315358e-06,4.847576201285936e-06,1.7415721143872124e-14,1
2289,4.715607564315358e-06,4.844505736229597e-06,1.6614738722832727e-14,1
2290,4.715607564315358e-06,4.841438555845813e-06,1.5833438429537495e-14,1
2291,4.715607564315358e-06,4.8383746551887064e-06,1.5071758601504962e-14,1
2292,4.715607564315358e-06,4.835314029322e-06,1.4329637764386293e-14,1
2293,4.715607564315358e-06,4.832256673318996e-06,1.3607014631342628e-14,1
2294,4.715607564315358e-06,4.829202582262552e-06,1.290382810242329e-14,1
2295,4.715607564315358e-06,4.8261517512450615e-06,1.2220017263949206e-14,1
2296,4.715607564315358e-06,4.8231041753684255e-06,1.1555521387894447e-14,1
2297,4.715607564315358e-06,4.820059849744035e-06,1.0910279931273734e-14,1
2298,4.715607564315358e-06,4.817018769492746e-06,1.0284232535530213e-14,1
2299,4.715607564315358e-06,4.813980929744858e-06,9.677319025925852e-15,1
2300,4.715607564315358e-06,4.810946325640093e-06,9.08947941093473e-15,1
2301,4.715607564315358e-06,4.807914952327567e-06,8.520653881636543e-15,1
2302,4.715607564315358e-06,4.804886804965779e-06,7.970782811115737e-15,1
2303,4.715607564315358e-06,4.801861878722578e-06,7.439806753859557e-15,1
2304,4.715607564315358e-06,4.798840168775143e-06,6.9276664451590484e-15,1
2305,4.715607564315358e-06,4.795821670309967e-06,6.434302800514414e-15,1
2306,4.715607564315358e-06,4.792806378522831e-06,5.959656915039953e-15,1
2307,4.715607564315358e-06,4.7897942886187795e-06,5.503670062871851e-15,1
2308,4.715607564315358e-06,4.7867853958121e-06,5.066283696578544e-15,1
2309,4.715607564315358e-06,4.783779695326307e-06,4.647439446573997e-15,1
2310,4.715607564315358e-06,4.780777182394113e-06,4.2470791205307824e-15,1
2311,4.715607564315358e-06,4.777777852257408e-06,3.865144702797414e-15,1
2312,4.715607564315358e-06,4.774781700167241e-06,3.5015783538171227e-15,1
2313,4.715607564315358e-06,4.771788721383797e-06,3.156322409548628e-15,1
2314,4.715607564315358e-06,4.768798911176374e-06,2.8293193808889284e-15,1
2315,4.715607564315358e-06,4.765812264823363e-06,2.520511953098489e-15,1
2316,4.715607564315358e-06,4.762828777612227e-06,2.229842985228386e-15,1
2317,4.715607564315358e-06,4.759848444839477e-06,1.9572555095493713e-15,1
2318,4.715607564315358e-06,4.756871261810656e-06,1.7026927309834729e-15,1
2319,4.715607564315358e-06,4.753897223840311e-06,1.4660980265368157e-15,1
2320,4.715607564315358e-06,4.750926326251978e-06,1.2474149447356004e-15,1
2321,4.715607564315358e-06,4.747958564378155e-06,1.0465872050630594e-15,1
2322,4.715607564315358e-06,4.744993933560288e-06,8.635586973993578e-16,1
2323,4.715607564315358e-06,4.742032429148744e-06,6.982734814627334e-16,1
2324,4.715607564315358e-06,4.739074046502793e-06,5.506757862531982e-16,1
2325,4.715607564315358e-06,4.736118780990585e-06,4.2071000949810193e-16,1
2326,4.715607564315358e-06,4.733166627989132e-06,3.0832071709964764e-16,1
2327,4.715607564315358e-06,4.730217582884287e-06,2.1345264258444121e-16,1
2328,4.715607564315358e-06,4.727271641070719e-06,1.3605068655495424e-16,1
2329,4.715607564315358e-06,4.7243287979518965e-06,7.605991614308774e-17,1
2330,4.715607564315358e-06,4.721389048940068e-06,3.342556446575643e-17,1
2331,4.715607564315358e-06,4.71845238945624e-06,8.093030082191793e-18,1
2332,4.715607564315358e-06,4.715518814930148e-06,7.876453375190891e-21,1
2333,4.715607564315358e-06,4.712588320800255e-06,9.115831403491598e-18,1
2334,4.715607564315358e-06,4.709660902513715e-06,3.5362786583119666e-17,1
2335,4.715607564315358e-06,4.7067365555263555e-06,7.869479693456167e-17,1
2336,4.715607564315358e-06,4.703815275302663e-06,1.3905808015893298e-16,1
2337,4.715607564315358e-06,4.7008970573157595e-06,2.1639901618524103e-16,1
2338,4.715607564315358e-06,4.697981897047382e-06,3.106641466414121e-16,1
2339,4.715607564315358e-06,4.695069789987861e-06,4.218001743271905e-16,1
2340,4.715607564315358e-06,4.692160731636104e-06,5.497539626889554e-16,1
2341,4.715607564315358e-06,4.689254717499573e-06,6.944725352962169e-16,1
2342,4.715607564315358e-06,4.686351743094268e-06,8.559030753204058e-16,1
2343,4.715607564315358e-06,4.683451803944698e-06,1.0339929250152975e-15,1
2344,4.715607564315358e-06,4.680554895583876e-06,1.2286895851990242e-15,1
2345,4.715607564315358e-06,4.6776610135532845e-06,1.439940714738629e-15,1
2346,4.715607564315358e-06,4.674770153402867e-06,1.6676941300356633e-15,1
2347,4.715607564315358e-06,4.671882310691e-06,1.9118978045144567e-15,1
2348,4.715607564315358e-06,4.668997480984477e-06,2.1724998681117184e-15,1
2349,4.715607564315358e-06,4.666115659858494e-06,2.449448606767326e-15,1
2350,4.715607564315358e-06,4.663236842896619e-06,2.742692461919157e-15,1
2351,4.715607564315358e-06,4.660361025690784e-06,3.052180029996558e-15,1
2352,4.715607564315358e-06,4.657488203841255e-06,3.3778600619187543e-15,1
2353,4.715607564315358e-06,4.654618372956622e-06,3.719681462592573e-15,1
2354,4.715607564315358e-06,4.6517515286537735e-06,4.077593290413567e-15,1
2355,4.715607564315358e-06,4.648887666557881e-06,4.451544756768213e-15,1
2356,4.715607564315358e-06,4.64602678230238e-06,4.84148522553761e-15,1
2357,4.715607564315358e-06,4.6431688715289426e-06,5.247364212604694e-15,1
2358,4.715607564315358e-06,4.6403139298874714e-06,5.669131385360241e-15,1
2359,4.715607564315358e-06,4.637461953036075e-06,6.106736562212864e-15,1
2360,4.715607564315358e-06,4.634612936641041e-06,6.5601297121012095e-15,1
2361,4.715607564315358e-06,4.631766876376833e-06,7.029260954005139e-15,1
2362,4.715607564315358e-06,4.628923767926057e-06,7.5140805564618e-15,1
2363,4.715607564315358e-06,4.626083606979452e-06,8.014538937081171e-15,1
2364,4.715607564315358e-06,4.6232463892358645e-06,8.53058666206488e-15,1
2365,4.715607564315358e-06,4.620412110402239e-06,9.062174445724796e-15,1
2366,4.715607564315358e-06,4.617580766193588e-06,9.609253150006262e-15,1
2367,4.715607564315358e-06,4.6147523523329824e-06,1.0171773784009938e-14,1
2368,4.715607564315358e-06,4.611926864551528e-06,1.0749687503517566e-14,1
2369,4.715607564315358e-06,4.60910429858835e-06,1.1342945610517768e-14,1
2370,4.715607564315358e-06,4.606284650190571e-06,1.1951499552735615e-14,1
2371,4.715607564315358e-06,4.603467915113298e-06,1.2575300923161081e-14,1
2372,4.715607564315358e-06,4.6006540891196e-06,1.3214301459581812e-14,1
2373,4.715607564315358e-06,4.597843167980487e-06,1.3868453044116593e-14,1
2374,4.715607564315358e-06,4.595035147474899e-06,1.4537707702749445e-14,1
2375,4.715607564315358e-06,4.592230023389686e-06,1.5222017604865902e-14,1
2376,4.715607564315358e-06,4.589427791519583e-06,1.5921335062793457e-14,1
2377,4.715607564315358e-06,4.5866284476672e-06,1.663561253133917e-14,1
2378,4.715607564315358e-06,4.583831987643e-06,1.7364802607332586e-14,1
2379,4.715607564315358e-06,4.581038407265283e-06,1.8108858029167774e-14,1
2380,4.715607564315358e-06,4.578247702360166e-06,1.8867731676349402e-14,1
2381,4.715607564315358e-06,4.575459868761566e-06,1.9641376569038456e-14,1
2382,4.715607564315358e-06,4.572674902311183e-06,2.0429745867599753e-14,1
2383,4.715607564315358e-06,4.56989279885848e-06,2.1232792872152952e-14,1
2384,4.715607564315358e-06,4.567113554260669e-06,2.2050471022122113e-14,1
2385,4.715607564315358e-06,4.5643371643826905e-06,2.2882733895789196e-14,1
2386,4.715607564315358e-06,4.561563625097194e-06,2.37295352098495e-14,1
2387,4.715607564315358e-06,4.558792932284523e-06,2.459082881896619e-14,1
2388,4.715607564315358e-06,4.556025081832703e-06,2.5466568715327006e-14,1
2389,4.715607564315358e-06,4.553260069637408e-06,2.635670902820692e-14,1
2390,4.715607564315358e-06,4.550497891601964e-06,2.7261204023524037e-14,1
2391,4.715607564315358e-06,4.547738543637314e-06,2.8180008103405678e-14,1
2392,4.715607564315358e-06,4.5449820216620075e-06,2.911307580575037e-14,1
2393,4.715607564315358e-06,4.542228321602187e-06,3.0060361803792665e-14,1
2394,4.715607564315358e-06,4.539477439391563e-06,3.1021820905671557e-14,1
2395,4.715607564315358e-06,4.536729370971404e-06,3.1997408053996957e-14,1
2396,4.715607564315358e-06,4.533984112290513e-06,3.298707832542125e-14,1
2397,4.715607564315358e-06,4.5312416593052134e-06,3.399078693020969e-14,1
2398,4.715607564315358e-06,4.5285020079793345e-06,3.5008489211812897e-14,1
2399,4.715607564315358e-06,4.52576515428419e-06,3.6040140646442126e-14,1
2400,4.715607564315358e-06,4.5230310941985615e-06,3.7085696842645443e-14,1
2401,4.715607564315358e-06,4.520299823708686e-06,3.814511354088319e-14,1
2402,4.715607564315358e-06,4.517571338808231e-06,3.921834661310972e-14,1
2403,4.715607564315358e-06,4.514845635498289e-06,4.030535206234986e-14,1
2404,4.715607564315358e-06,4.512122709787347e-06,4.140608602228574e-14,1
2405,4.715607564315358e-06,4.509402557691283e-06,4.252050475683473e-14,1
2406,4.715607564315358e-06,4.50668517523334e-06,4.3648564659738034e-14,1
2407,4.715607564315358e-06,4.503970558444112e-06,4.4790222254145957e-14,1
2408,4.715607564315358e-06,4.5012587033615274e-06,4.594543419220464e-14,1
2409,4.715607564315358e-06,4.498549606030838e-06,4.7114157254644524e-14,1
2410,4.715607564315358e-06,4.495843262504589e-06,4.829634835037473e-14,1
2411,4.715607564315358e-06,4.493139668842619e-06,4.949196451606968e-14,1
2412,4.715607564315358e-06,4.490438821112029e-06,5.0700962915766806e-14,1
2413,4.715607564315358e-06,4.487740715387175e-06,5.1923300840459344e-14,1
2414,4.715607564315358e-06,4.485045347749648e-06,5.315893570769322e-14,1
2415,4.715607564315358e-06,4.482352714288262e-06,5.4407825061163054e-14,1
2416,4.715607564315358e-06,4.479662811099028e-06,5.566992657031499e-14,1
2417,4.715607564315358e-06,4.476975634285149e-06,5.694519802994243e-14,1
2418,4.715607564315358e-06,4.474291179956999e-06,5.823359735979133e-14,1
2419,4.715607564315358e-06,4.471609444232102e-06,5.953508260416312e-14,1
2420,4.715607564315358e-06,4.468930423235126e-06,6.084961193151685e-14,1
2421,4.715607564315358e-06,4.466254113097858e-06,6.217714363407804e-14,1
2422,4.715607564315358e-06,4.463580509959194e-06,6.351763612744495e-14,1
2423,4.715607564315358e-06,4.460909609965117e-06,6.487104795019734e-14,1
2424,4.715607564315358e-06,4.4582414092686896e-06,6.623733776350584e-14,1
2425,4.715607564315358e-06,4.455575904030028e-06,6.761646435074524e-14,1
2426,4.715607564315358e-06,4.4529130904162955e-06,6.900838661710528e-14,1
2427,4.715607564315358e-06,4.450252964601679e-06,7.041306358920672e-14,1
2428,4.715607564315358e-06,4.447595522767378e-06,7.183045441471621e-14,1
2429,4.715607564315358e-06,4.444940761101588e-06,7.326051836196153e-14,1
2430,4.715607564315358e-06,4.442288675799484e-06,7.47032148195527e-14,1
2431,4.715607564315358e-06,4.439639263063206e-06,7.615850329599855e-14,1
2432,4.715607564315358e-06,4.43699251910184e-06,7.762634341933065e-14,1
2433,4.715607564315358e-06,4.434348440131407e-06,7.910669493672347e-14,1
2434,4.715607564315358e-06,4.431707022374846e-06,8.059951771411667e-14,1
2435,4.715607564315358e-06,4.429068262061996e-06,8.210477173584363e-14,1
2436,4.715607564315358e-06,4.426432155429584e-06,8.362241710425457e-14,1
2437,4.715607564315358e-06,4.423798698721208e-06,8.51524140393448e-14,1
2438,4.715607564315358e-06,4.421167888187323e-06,8.669472287838238e-14,1
2439,4.715607564315358e-06,4.41853972008522e-06,8.824930407554149e-14,1
2440,4.715607564315358e-06,4.415914190679021e-06,8.981611820152919e-14,1
2441,4.715607564315358e-06,4.413291296239654e-06,9.139512594322104e-14,1
2442,4.715607564315358e-06,4.410671033044844e-06,9.298628810329332e-14,1
2443,4.715607564315358e-06,4.408053397379094e-06,9.458956559985925e-14,1
2444,4.715607564315358e-06,4.405438385533671e-06,9.620491946610593e-14,1
2445,4.715607564315358e-06,4.402825993806596e-06,9.783231084992788e-14,1
2446,4.715607564315358e-06,4.400216218502618e-06,9.947170101357122e-14,1
2447,4.715607564315358e-06,4.39760905593321e-06,1.0112305133327137e-13,1
2448,4.715607564315358e-06,4.395004502416548e-06,1.027863232988924e-13,1
2449,4.715607564315358e-06,4.392402554277494e-06,1.0446147851357574e-13,1
2450,4.715607564315358e-06,4.389803207847592e-06,1.061484786933751e-13,1
2451,4.715607564315358e-06,4.3872064594650405e-06,1.078472856669093e-13,1
2452,4.715607564315358e-06,4.384612305474684e-06,1.0955786137500513e-13,1
2453,4.715607564315358e-06,4.3820207422279965e-06,1.1128016787034506e-13,1
2454,4.715607564315358e-06,4.3794317660830696e-06,1.1301416731711638e-13,1
2455,4.715607564315358e-06,4.376845373404595e-06,1.1475982199066037e-13,1
2456,4.715607564315358e-06,4.374261560563849e-06,1.1651709427712545e-13,1
2457,4.715607564315358e-06,4.371680323938681e-06,1.182859466731167e-13,1
2458,4.715607564315358e-06,4.369101659913498e-06,1.2006634178535077e-13,1
2459,4.715607564315358e-06,4.366525564879248e-06,1.2185824233031257e-13,1
2460,4.715607564315358e-06,4.363952035233406e-06,1.236616111339079e-13,1
2461,4.715607564315358e-06,4.361381067379964e-06,1.2547641113112073e-13,1
2462,4.715607564315358e-06,4.35881265772941e-06,1.2730260536567553e-13,1
2463,4.715607564315358e-06,4.3562468026987175e-06,1.2914015698969198e-13,1
2464,4.715607564315358e-06,4.353683498711332e-06,1.3098902926334747e-13,1
2465,4.715607564315358e-06,4.351122742197152e-06,1.3284918555454016e-13,1
2466,4.715607564315358e-06,4.348564529592521e-06,1.347205893385496e-13,1
2467,4.715607564315358e-06,4.346008857340209e-06,1.3660320419770222e-13,1
2468,4.715607564315358e-06,4.343455721889397e-06,1.3849699382103734e-13,1
2469,4.715607564315358e-06,4.340905119695669e-06,1.404019220039713e-13,1
2470,4.715607564315358e-06,4.338357047220991e-06,1.4231795264796715e-13,1
2471,4.715607564315358e-06,4.335811500933702e-06,1.442450497602029e-13,1
2472,4.715607564315358e-06,4.333268477308498e-06,1.4618317745323915e-13,1
2473,4.715607564315358e-06,4.330727972826417e-06,1.4813229994469407e-13,1
2474,4.715607564315358e-06,4.328189983974826e-06,1.5009238155691284e-13,1
2475,4.715607564315358e-06,4.325654507247407e-06,1.52063386716641e-13,1
2476,4.715607564315358e-06,4.323121539144144e-06,1.5404527995469869e-13,1
2477,4.715607564315358e-06,4.320591076171309e-06,1.5603802590565766e-13,1
2478,4.715607564315358e-06,4.318063114841446e-06,1.5804158930751592e-13,1
2479,4.715607564315358e-06,4.315537651673357e-06,1.6005593500137823e-13,1
2480,4.715607564315358e-06,4.313014683192094e-06,1.6208102793113034e-13,1
2481,4.715607564315358e-06,4.310494205928938e-06,1.6411683314312392e-13,1
2482,4.715607564315358e-06,4.3079762164213915e-06,1.6616331578585206e-13,1
2483,4.715607564315358e-06,4.305460711213158e-06,1.682204411096374e-13,1
2484,4.715607564315358e-06,4.3029476868541365e-06,1.7028817446631046e-13,1
2485,4.715607564315358e-06,4.3004371399004e-06,1.7236648130889652e-13,1
2486,4.715607564315358e-06,4.2979290669141876e-06,1.7445532719129964e-13,1
2487,4.715607564315358e-06,4.295423464463889e-06,1.7655467776798972e-13,1
2488,4.715607564315358e-06,4.29292032912403e-06,1.7866449879368937e-13,1
2489,4.715607564315358e-06,4.290419657475261e-06,1.8078475612306315e-13,1
2490,4.715607564315358e-06,4.2879214461043444e-06,1.8291541571040516e-13,1
2491,4.715607564315358e-06,4.285425691604135e-06,1.8505644360933496e-13,1
2492,4.715607564315358e-06,4.282932390573576e-06,1.872078059724813e-13,1
2493,4.715607564315358e-06,4.280441539617679e-06,1.8936946905118106e-13,1
2494,4.715607564315358e-06,4.277953135347511e-06,1.9154139919517248e-13,1
2495,4.715607564315358e-06,4.275467174380186e-06,1.9372356285228518e-13,1
2496,4.715607564315358e-06,4.2729836533388465e-06,1.9591592656814285e-13,1
2497,4.715607564315358e-06,4.270502568852654e-06,1.9811845698585396e-13,1
2498,4.715607564315358e-06,4.268023917556772e-06,2.0033112084571517e-13,1
2499,4.715607564315358e-06,4.265547696092357e-06,2.025538849849048e-13,1
2500,4.715607564315358e-06,4.263073901106545e-06,2.0478671633718761e-13,1
2501,4.715607564315358e-06,4.260602529252433e-06,2.0702958193261347e-13,1
2502,4.715607564315358e-06,4.258133577189075e-06,2.0928244889721885e-13,1
2503,4.715607564315358e-06,4.255667041581461e-06,2.1154528445273056e-13,1
2504,4.715607564315358e-06,4.253202919100508e-06,2.1381805591627105e-13,1
2505,4.715607564315358e-06,4.250741206423048e-06,2.161007307000617e-13,1
2506,4.715607564315358e-06,4.248281900231811e-06,2.1839327631112799e-13,1
2507,4.715607564315358e-06,4.245824997215417e-06,2.2069566035101108e-13,1
2508,4.715607564315358e-06,4.24337049406836e-06,2.2300785051546862e-13,1
2509,4.715607564315358e-06,4.240918387490994e-06,2.2532981459419253e-13,1
2510,4.715607564315358e-06,4.238468674189527e-06,2.276615204705101e-13,1
2511,4.715607564315358e-06,4.236021350876e-06,2.3000293612110144e-13,1
2512,4.715607564315358e-06,4.23357641426828e-06,2.3235402961570903e-13,1
2513,4.715607564315358e-06,4.231133861090043e-06,2.3471476911685076e-13,1
2514,4.715607564315358e-06,4.2286936880707694e-06,2.3708512287953064e-13,1
2515,4.715607564315358e-06,4.226255891945719e-06,2.394650592509627e-13,1
2516,4.715607564315358e-06,4.223820469455929e-06,2.4185454667027737e-13,1
2517,4.715607564315358e-06,4.221387417348198e-06,2.4425355366824155e-13,1
2518,4.715607564315358e-06,4.218956732375073e-06,2.4666204886697744e-13,1
2519,4.715607564315358e-06,4.216528411294836e-06,2.490800009796816e-13,1
2520,4.715607564315358e-06,4.2141024508714955e-06,2.515073788103415e-13,1
2521,4.715607564315358e-06,4.21167884787477e-06,2.5394415125345893e-13,1
2522,4.715607564315358e-06,4.209257599080076e-06,2.5639028729377176e-13,1
2523,4.715607564315358e-06,4.206838701268519e-06,2.5884575600597296e-13,1
2524,4.715607564315358e-06,4.20442215122688e-06,2.613105265544382e-13,1
2525,4.715607564315358e-06,4.202007945747599e-06,2.6378456819294765e-13,1
2526,4.715607564315358e-06,4.199596081628769e-06,2.6626785026441235e-13,1
2527,4.715607564315358e-06,4.197186555674118e-06,2.6876034220060095e-13,1
2528,4.715607564315358e-06,4.194779364693004e-06,2.7126201352186234e-13,1
2529,4.715607564315358e-06,4.192374505500397e-06,2.73772833836861e-13,1
2530,4.715607564315358e-06,4.1899719749168665e-06,2.762927728422997e-13,1
2531,4.715607564315358e-06,4.187571769768575e-06,2.7882180032265284e-13,1
2532,4.715607564315358e-06,4.18517388688726e-06,2.8135988614989575e-13,1
2533,4.715607564315358e-06,4.182778323110225e-06,2.839070002832383e-13,1
2534,4.715607564315358e-06,4.180385075280327e-06,2.8646311276885375e-13,1
2535,4.715607564315358e-06,4.177994140245967e-06,2.890281937396146e-13,1
2536,4.715607564315358e-06,4.175605514861073e-06,2.9160221341482804e-13,1
2537,4.715607564315358e-06,4.173219195985091e-06,2.9418514209996926e-13,1
2538,4.715607564315358e-06,4.170835180482974e-06,2.967769501864184e-13,1
2539,4.715607564315358e-06,4.168453465225169e-06,2.993776081511961e-13,1
2540,4.715607564315358e-06,4.1660740470876054e-06,3.0198708655670476e-13,1
2541,4.715607564315358e-06,4.163696922951683e-06,3.0460535605046307e-13,1
2542,4.715607564315358e-06,4.16132208970426e-06,3.0723238736485044e-13,1
2543,4.715607564315358e-06,4.158949544237642e-06,3.0986815131684287e-13,1
2544,4.715607564315358e-06,4.1565792834495725e-06,3.125126188077556e-13,1
2545,4.715607564315358e-06,4.154211304243216e-06,3.1516576082298863e-13,1
2546,4.715607564315358e-06,4.1518456035271486e-06,3.1782754843176675e-13,1
2547,4.715607564315358e-06,4.14948217821535e-06,3.2049795278688344e-13,1
2548,4.715607564315358e-06,4.147121025227189e-06,3.2317694512444485e-13,1
2549,4.715607564315358e-06,4.144762141487409e-06,3.258644967636196e-13,1
2550,4.715607564315358e-06,4.142405523926123e-06,3.285605791063822e-13,1
2551,4.715607564315358e-06,4.140051169478795e-06,3.312651636372614e-13,1
2552,4.715607564315358e-06,4.137699075086236e-06,3.3397822192308643e-13,1
2553,4.715607564315358e-06,4.135349237694586e-06,3.366997256127383e-13,1
2554,4.715607564315358e-06,4.133001654255308e-06,3.3942964643689926e-13,1
2555,4.715607564315358e-06,4.1306563217251715e-06,3.421679562078033e-13,1
2556,4.715607564315358e-06,4.128313237066245e-06,3.449146268189882e-13,1
2557,4.715607564315358e-06,4.125972397245885e-06,3.4766963024504564e-13,1
2558,4.715607564315358e-06,4.1236337992367196e-06,3.504329385413792e-13,1
2559,4.715607564315358e-06,4.121297440016646e-06,3.5320452384395096e-13,1
2560,4.715607564315358e-06,4.118963316568807e-06,3.559843583690474e-13,1
2561,4.715607564315358e-06,4.1166314258815975e-06,3.587724144130196e-13,1
2562,4.715607564315358e-06,4.11430176494863e-06,3.615686643520598e-13,1
2563,4.715607564315358e-06,4.111974330768749e-06,3.6437308064193526e-13,1
2564,4.715607564315358e-06,4.109649120345998e-06,3.671856358177686e-13,1
2565,4.715607564315358e-06,4.1073261306896205e-06,3.7000630249378263e-13,1
2566,4.715607564315358e-06,4.1050053588140485e-06,3.728350533630636e-13,1
2567,4.715607564315358e-06,4.102686801738888e-06,3.7567186119732217e-13,1
2568,4.715607564315358e-06,4.100370456488906e-06,3.7851669884665764e-13,1
2569,4.715607564315358e-06,4.098056320094026e-06,3.81369539239315e-13,1
2570,4.715607564315358e-06,4.095744389589316e-06,3.8423035538144786e-13,1
2571,4.715607564315358e-06,4.093434662014969e-06,3.8709912035688955e-13,1
2572,4.715607564315358e-06,4.091127134416303e-06,3.8997580732690845e-13,1
2573,4.715607564315358e-06,4.088821803843746e-06,3.9286038952997743e-13,1
2574,4.715607564315358e-06,4.08651866735282e-06,3.957528402815424e-13,1
2575,4.715607564315358e-06,4.084217722004143e-06,3.9865313297378085e-13,1
2576,4.715607564315358e-06,4.081918964863402e-06,4.015612410753813e-13,1
2577,4.715607564315358e-06,4.079622393001358e-06,4.044771381312982e-13,1
2578,4.715607564315358e-06,4.077328003493821e-06,4.0740079776253427e-13,1
2579,4.715607564315358e-06,4.075035793421652e-06,4.10332193665899e-13,1
2580,4.715607564315358e-06,4.072745759870742e-06,4.13271299613788e-13,1
2581,4.715607564315358e-06,4.070457899932009e-06,4.162180894539479e-13,1
2582,4.715607564315358e-06,4.068172210701382e-06,4.191725371092539e-13,1
2583,4.715607564315358e-06,4.065888689279795e-06,4.22134616577478e-13,1
2584,4.715607564315358e-06,4.063607332773173e-06,4.2510430193106327e-13,1
2585,4.715607564315358e-06,4.061328138292423e-06,4.280815673169019e-13,1
2586,4.715607564315358e-06,4.05905110295342e-06,4.310663869561102e-13,1
2587,4.715607564315358e-06,4.056776223877006e-06,4.3405873514379617e-13,1
2588,4.715607564315358e-06,4.054503498188967e-06,4.37058586248848e-13,1
2589,4.715607564315358e-06,4.052232923020033e-06,4.40065914713701e-13,1
2590,4.715607564315358e-06,4.0499644955058615e-06,4.430806950541243e-13,1
2591,4.715607564315358e-06,4.047698212787029e-06,4.461029018589928e-13,1
2592,4.715607564315358e-06,4.045434072009021e-06,4.4913250979007196e-13,1
2593,4.715607564315358e-06,4.043172070322221e-06,4.521694935817945e-13,1
2594,4.715607564315358e-06,4.040912204881902e-06,4.552138280410402e-13,1
2595,4.715607564315358e-06,4.0386544728482146e-06,4.582654880469228e-13,1
2596,4.715607564315358e-06,4.036398871386173e-06,4.613244485505719e-13,1
2597,4.715607564315358e-06,4.034145397665655e-06,4.643906845749082e-13,1
2598,4.715607564315358e-06,4.031894048861382e-06,4.67464171214435e-13,1
2599,4.715607564315358e-06,4.029644822152911e-06,4.705448836350237e-13,1
2600,4.715607564315358e-06,4.0273977147246305e-06,4.736327970736919e-13,1
2601,4.715607564315358e-06,4.025152723765742e-06,4.767278868383957e-13,1
2602,4.715607564315358e-06,4.0229098464702545e-06,4.798301283078149e-13,1
2603,4.715607564315358e-06,4.020669080036974e-06,4.829394969311382e-13,1
2604,4.715607564315358e-06,4.018430421669493e-06,4.860559682278533e-13,1
2605,4.715607564315358e-06,4.01619386857618e-06,4.89179517787536e-13,1
2606,4.715607564315358e-06,4.013959417970172e-06,4.923101212696361e-13,1
2607,4.715607564315358e-06,4.011727067069359e-06,4.954477544032744e-13,1
2608,4.715607564315358e-06,4.009496813096383e-06,4.985923929870258e-13,1
2609,4.715607564315358e-06,4.007268653278616e-06,5.017440128887182e-13,1
2610,4.715607564315358e-06,4.005042584848163e-06,5.049025900452154e-13,1
2611,4.715607564315358e-06,4.002818605041843e-06,5.080681004622207e-13,1
2612,4.715607564315358e-06,4.000596711101182e-06,5.112405202140638e-13,1
2613,4.715607564315358e-06,3.998376900272406e-06,5.144198254434941e-13,1
2614,4.715607564315358e-06,3.996159169806423e-06,5.176059923614841e-13,1
2615,4.715607564315358e-06,3.993943516958825e-06,5.207989972470124e-13,1
2616,4.715607564315358e-06,3.9917299389898675e-06,5.239988164468714e-13,1
2617,4.715607564315358e-06,3.989518433164468e-06,5.272054263754541e-13,1
2618,4.715607564315358e-06,3.987308996752191e-06,5.304188035145617e-13,1
2619,4.715607564315358e-06,3.985101627027237e-06,5.33638924413197e-13,1
2620,4.715607564315358e-06,3.982896321268441e-06,5.368657656873585e-13,1
2621,4.715607564315358e-06,3.980693076759254e-06,5.400993040198514e-13,1
2622,4.715607564315358e-06,3.978491890787738e-06,5.433395161600767e-13,1
2623,4.715607564315358e-06,3.9762927606465576e-06,5.465863789238371e-13,1
2624,4.715607564315358e-06,3.974095683632965e-06,5.498398691931393e-13,1
2625,4.715607564315358e-06,3.971900657048795e-06,5.53099963915996e-13,1
2626,4.715607564315358e-06,3.969707678200455e-06,5.563666401062254e-13,1
2627,4.715607564315358e-06,3.9675167443989156e-06,5.596398748432553e-13,1
2628,4.715607564315358e-06,3.965327852959697e-06,5.629196452719348e-13,1
2629,4.715607564315358e-06,3.9631410012028654e-06,5.66205928602327e-13,1
2630,4.715607564315358e-06,3.960956186453022e-06,5.694987021095224e-13,1
2631,4.715607564315358e-06,3.958773406039292e-06,5.727979431334419e-13,1
2632,4.715607564315358e-06,3.956592657295313e-06,5.761036290786474e-13,1
2633,4.715607564315358e-06,3.954413937559232e-06,5.794157374141444e-13,1
2634,4.715607564315358e-06,3.9522372441736935e-06,5.827342456731876e-13,1
2635,4.715607564315358e-06,3.950062574485824e-06,5.860591314531018e-13,1
2636,4.715607564315358e-06,3.947889925847235e-06,5.893903724150717e-13,1
2637,4.715607564315358e-06,3.945719295614002e-06,5.927279462839717e-13,1
2638,4.715607564315358e-06,3.943550681146662e-06,5.960718308481616e-13,1
2639,4.715607564315358e-06,3.941384079810202e-06,5.994220039593059e-13,1
2640,4.715607564315358e-06,3.93921948897405e-06,6.027784435321813e-13,1
2641,4.715607564315358e-06,3.937056906012065e-06,6.061411275444907e-13,1
2642,4.715607564315358e-06,3.934896328302533e-06,6.095100340366737e-13,1
2643,4.715607564315358e-06,3.932737753228149e-06,6.128851411117227e-13,1
2644,4.715607564315358e-06,3.930581178176015e-06,6.162664269349965e-13,1
2645,4.715607564315358e-06,3.928426600537628e-06,6.196538697340357e-13,1
2646,4.715607564315358e-06,3.9262740177088735e-06,6.230474477983715e-13,1
2647,4.715607564315358e-06,3.924123427090011e-06,6.264471394793527e-13,1
2648,4.715607564315358e-06,3.9219748260856704e-06,6.29852923189952e-13,1
2649,4.715607564315358e-06,3.919828212104843e-06,6.332647774045875e-13,1
2650,4.715607564315358e-06,3.917683582560866e-06,6.366826806589431e-13,1
2651,4.715607564315358e-06,3.915540934871424e-06,6.401066115497777e-13,1
2652,4.715607564315358e-06,3.913400266458529e-06,6.435365487347554e-13,1
2653,4.715607564315358e-06,3.91126157474852e-06,6.469724709322555e-13,1
2654,4.715607564315358e-06,3.909124857172052e-06,6.504143569211954e-13,1
2655,4.715607564315358e-06,3.9069901111640816e-06,6.538621855408569e-13,1
2656,4.715607564315358e-06,3.904857334163865e-06,6.573159356906984e-13,1
2657,4.715607564315358e-06,3.90272652361495e-06,6.607755863301788e-13,1
2658,4.715607564315358e-06,3.900597676965158e-06,6.642411164785865e-13,1
2659,4.715607564315358e-06,3.898470791666585e-06,6.677125052148529e-13,1
2660,4.715607564315358e-06,3.896345865175589e-06,6.711897316773813e-13,1
2661,4.715607564315358e-06,3.894222894952781e-06,6.746727750638702e-13,1
2662,4.715607564315358e-06,3.892101878463017e-06,6.781616146311351e-13,1
2663,4.715607564315358e-06,3.889982813175387e-06,6.816562296949394e-13,1
2664,4.715607564315358e-06,3.88786569656321e-06,6.851565996298151e-13,1
2665,4.715607564315358e-06,3.8857505261040246e-06,6.886627038688868e-13,1
2666,4.715607564315358e-06,3.883637299279577e-06,6.921745219037078e-13,1
2667,4.715607564315358e-06,3.881526013575817e-06,6.956920332840783e-13,1
2668,4.715607564315358e-06,3.879416666482887e-06,6.992152176178737e-13,1
2669,4.715607564315358e-06,3.877309255495112e-06,7.027440545708843e-13,1
2670,4.715607564315358e-06,3.875203778110995e-06,7.06278523866629e-13,1
2671,4.715607564315358e-06,3.873100231833204e-06,7.098186052861946e-13,1
2672,4.715607564315358e-06,3.870998614168568e-06,7.133642786680627e-13,1
2673,4.715607564315358e-06,3.868898922628066e-06,7.169155239079391e-13,1
2674,4.715607564315358e-06,3.866801154726814e-06,7.204723209585951e-13,1
2675,4.715607564315358e-06,3.864705307984071e-06,7.240346498296749e-13,1
2676,4.715607564315358e-06,3.862611379923212e-06,7.276024905875608e-13,1
2677,4.715607564315358e-06,3.860519368071732e-06,7.311758233551774e-13,1
2678,4.715607564315358e-06,3.858429269961236e-06,7.347546283118416e-13,1
2679,4.715607564315358e-06,3.856341083127425e-06,7.383388856930926e-13,1
2680,4.715607564315358e-06,3.854254805110094e-06,7.419285757905219e-13,1
2681,4.715607564315358e-06,3.852170433453122e-06,7.455236789516105e-13,1
2682,4.715607564315358e-06,3.850087965704459e-06,7.491241755795724e-13,1
2683,4.715607564315358e-06,3.848007399416126e-06,7.527300461331751e-13,1
2684,4.715607564315358e-06,3.8459287321442e-06,7.563412711265893e-13,1
2685,4.715607564315358e-06,3.8438519614488075e-06,7.599578311292231e-13,1
2686,4.715607564315358e-06,3.84177708489412e-06,7.635797067655508e-13,1
2687,4.715607564315358e-06,3.839704100048339e-06,7.672068787149649e-13,1
2688,4.715607564315358e-06,3.837633004483694e-06,7.708393277116042e-13,1
2689,4.715607564315358e-06,3.835563795776431e-06,7.744770345441963e-13,1
2690,4.715607564315358e-06,3.8334964715068055e-06,7.78119980055899e-13,1
2691,4.715607564315358e-06,3.831431029259073e-06,7.817681451441387e-13,1
2692,4.715607564315358e-06,3.829367466621483e-06,7.854215107604493e-13,1
2693,4.715607564315358e-06,3.82730578118627e-06,7.890800579103181e-13,1
2694,4.715607564315358e-06,3.825245970549645e-06,7.927437676530214e-13,1
2695,4.715607564315358e-06,3.823188032311789e-06,7.964126211014687e-13,1
2696,4.715607564315358e-06,3.821131964076841e-06,8.000865994220551e-13,1
2697,4.715607564315358e-06,3.819077763452896e-06,8.037656838344857e-13,1
2698,4.715607564315358e-06,3.817025428051991e-06,8.07449855611636e-13,1
2699,4.715607564315358e-06,3.814974955490102e-06,8.111390960793861e-13,1
2700,4.715607564315358e-06,3.812926343387134e-06,8.14833386616469e-13,1
2701,4.715607564315358e-06,3.810879589366911e-06,8.185327086543177e-13,1
2702,4.715607564315358e-06,3.8088346910571705e-06,8.222370436769092e-13,1
2703,4.715607564315358e-06,3.8067916460895573e-06,8.259463732206054e-13,1
2704,4.715607564315358e-06,3.804750452099611e-06,8.296606788740103e-13,1
2705,4.715607564315358e-06,3.8027111067267626e-06,8.333799422778063e-13,1
2706,4.715607564315358e-06,3.800673607614322e-06,8.371041451246133e-13,1
2707,4.715607564315358e-06,3.798637952409476e-06,8.408332691588241e-13,1
2708,4.715607564315358e-06,3.7966041387632764e-06,8.445672961764606e-13,1
2709,4.715607564315358e-06,3.794572164330633e-06,8.483062080250228e-13,1
2710,4.715607564315358e-06,3.7925420267703044e-06,8.52049986603339e-13,1
2711,4.715607564315358e-06,3.790513723744895e-06,8.557986138614094e-13,1
2712,4.715607564315358e-06,3.7884872529208423e-06,8.59552071800264e-13,1
2713,4.715607564315358e-06,3.786462611968411e-06,8.633103424718103e-13,1
2714,4.715607564315358e-06,3.7844397985616878e-06,8.670734079786823e-13,1
2715,4.715607564315358e-06,3.7824188103785676e-06,8.708412504740997e-13,1
2716,4.715607564315358e-06,3.7803996451007526e-06,8.746138521617122e-13,1
2717,4.715607564315358e-06,3.7783823004137403e-06,8.783911952954572e-13,1
2718,4.715607564315358e-06,3.7763667740068177e-06,8.821732621794116e-13,1
2719,4.715607564315358e-06,3.7743530635730524e-06,8.859600351676471e-13,1
2720,4.715607564315358e-06,3.7723411668092886e-06,8.897514966640783e-13,1
2721,4.715607564315358e-06,3.770331081416132e-06,8.935476291223306e-13,1
2722,4.715607564315358e-06,3.7683228050979526e-06,8.97348415045578e-13,1
2723,4.715607564315358e-06,3.7663163355628685e-06,9.011538369864115e-13,1
2724,4.715607564315358e-06,3.764311670522741e-06,9.04963877546694e-13,1
2725,4.715607564315358e-06,3.7623088076931705e-06,9.087785193774089e-13,1
2726,4.715607564315358e-06,3.7603077447934826e-06,9.125977451785279e-13,1
2727,4.715607564315358e-06,3.758308479546728e-06,9.164215376988569e-13,1
2728,4.715607564315358e-06,3.7563110096796685e-06,9.202498797359046e-13,1
2729,4.715607564315358e-06,3.7543153329227737e-06,9.24082754135734e-13,1
2730,4.715607564315358e-06,3.7523214470102114e-06,9.279201437928248e-13,1
2731,4.715607564315358e-06,3.7503293496798434e-06,9.317620316499267e-13,1
2732,4.715607564315358e-06,3.7483390386732126e-06,9.3560840069793e-13,1
2733,4.715607564315358e-06,3.746350511735542e-06,9.394592339757129e-13,1
2734,4.715607564315358e-06,3.744363766615721e-06,9.433145145700133e-13,1
2735,4.715607564315358e-06,3.7423788010663058e-06,9.4717422561528e-13,1
2736,4.715607564315358e-06,3.7403956128435033e-06,9.510383502935433e-13,1
2737,4.715607564315358e-06,3.7384141997071696e-06,9.54906871834272e-13,1
2738,4.715607564315358e-06,3.736434559420804e-06,9.587797735142307e-13,1
2739,4.715607564315358e-06,3.7344566897515345e-06,9.62657038657356e-13,1
2740,4.715607564315358e-06,3.7324805884701187e-06,9.66538650634606e-13,1
2741,4.715607564315358e-06,3.7305062533509323e-06,9.704245928638303e-13,1
2742,4.715607564315358e-06,3.728533682171961e-06,9.743148488096367e-13,1
2743,4.715607564315358e-06,3.7265628727147984e-06,9.782094019832463e-13,1
2744,4.715607564315358e-06,3.7245938227646316e-06,9.821082359423702e-13,1
2745,4.715607564315358e-06,3.7226265301102405e-06,9.860113342910648e-13,1
2746,4.715607564315358e-06,3.7206609925439868e-06,9.899186806796046e-13,1
2747,4.715607564315358e-06,3.718697207861809e-06,9.938302588043428e-13,1
2748,4.715607564315358e-06,3.7167351738632125e-06,9.977460524075837e-13,1
2749,4.715607564315358e-06,3.714774888351269e-06,1.0016660452774391e-12,1
2750,4.715607564315358e-06,3.7128163491325994e-06,1.005590221247714e-12,1
2751,4.715607564315358e-06,3.710859554017377e-06,1.0095185641977524e-12,1
2752,4.715607564315358e-06,3.708904500819312e-06,1.013451058052324e-12,1
2753,4.715607564315358e-06,3.7069511873556504e-06,1.017387686781484e-12,1
2754,4.715607564315358e-06,3.704999611447165e-06,1.0213284344004403e-12,1
2755,4.715607564315358e-06,3.703049770918147e-06,1.025273284969429e-12,1
2756,4.715607564315358e-06,3.701101663596402e-06,1.0292222225935803e-12,1
2757,4.715607564315358e-06,3.69915528731324e-06,1.0331752314227902e-12,1
2758,4.715607564315358e-06,3.6972106399034704e-06,1.037132295651592e-12,1
2759,4.715607564315358e-06,3.695267719205395e-06,1.0410933995190239e-12,1
2760,4.715607564315358e-06,3.693326523060799e-06,1.045058527308506e-12,1
2761,4.715607564315358e-06,3.691387049314947e-06,1.0490276633477073e-12,1
2762,4.715607564315358e-06,3.6894492958165766e-06,1.0530007920084174e-12,1
2763,4.715607564315358e-06,3.687513260417886e-06,1.0569778977064279e-12,1
2764,4.715607564315358e-06,3.6855789409745345e-06,1.0609589649013923e-12,1
2765,4.715607564315358e-06,3.6836463353456308e-06,1.0649439780967101e-12,1
2766,4.715607564315358e-06,3.681715441393728e-06,1.0689329218393954e-12,1
2767,4.715607564315358e-06,3.6797862569848156e-06,1.0729257807199543e-12,1
2768,4.715607564315358e-06,3.677858779988314e-06,1.0769225393722582e-12,1
2769,4.715607564315358e-06,3.6759330082770684e-06,1.0809231824734149e-12,1
2770,4.715607564315358e-06,3.6740089397273394e-06,1.0849276947436523e-12,1
2771,4.715607564315358e-06,3.672086572218799e-06,1.0889360609461866e-12,1
2772,4.715607564315358e-06,3.670165903634522e-06,1.0929482658871048e-12,1
2773,4.715607564315358e-06,3.668246931860981e-06,1.0969642944152328e-12,1
2774,4.715607564315358e-06,3.666329654788037e-06,1.1009841314220255e-12,1
2775,4.715607564315358e-06,3.664414070308937e-06,1.1050077618414276e-12,1
2776,4.715607564315358e-06,3.6625001763203033e-06,1.109035170649767e-12,1
2777,4.715607564315358e-06,3.66058797072213e-06,1.1130663428656207e-12,1
2778,4.715607564315358e-06,3.6586774514177713e-06,1.1171012635497056e-12,1
2779,4.715607564315358e-06,3.6567686163139425e-06,1.1211399178047444e-12,1
2780,4.715607564315358e-06,3.6548614633207083e-06,1.1251822907753519e-12,1
2781,4.715607564315358e-06,3.6529559903514757e-06,1.1292283676479166e-12,1
2782,4.715607564315358e-06,3.651052195322992e-06,1.133278133650473e-12,1
2783,4.715607564315358e-06,3.6491500761553305e-06,1.1373315740525955e-12,1
2784,4.715607564315358e-06,3.6472496307718946e-06,1.1413886741652595e-12,1
2785,4.715607564315358e-06,3.6453508570994016e-06,1.1454494193407417e-12,1
2786,4.715607564315358e-06,3.643453753067882e-06,1.149513794972489e-12,1
2787,4.715607564315358e-06,3.64155831661067e-06,1.1535817864950063e-12,1
2788,4.715607564315358e-06,3.6396645456643988e-06,1.1576533793837387e-12,1
2789,4.715607564315358e-06,3.637772438168993e-06,1.1617285591549506e-12,1
2790,4.715607564315358e-06,3.635881992067664e-06,1.1658073113656104e-12,1
2791,4.715607564315358e-06,3.6339932053069004e-06,1.1698896216132768e-12,1
2792,4.715607564315358e-06,3.632106075836466e-06,1.173975475535975e-12,1
2793,4.715607564315358e-06,3.6302206016093878e-06,1.1780648588120915e-12,1
2794,4.715607564315358e-06,3.6283367805819553e-06,1.182157757160248e-12,1
2795,4.715607564315358e-06,3.626454610713711e-06,1.1862541563391916e-12,1
2796,4.715607564315358e-06,3.6245740899674437e-06,1.1903540421476813e-12,1
2797,4.715607564315358e-06,3.6226952163091845e-06,1.1944574004243675e-12,1
2798,4.715607564315358e-06,3.6208179877081973e-06,1.1985642170476864e-12,1
2799,4.715607564315358e-06,3.6189424021369763e-06,1.2026744779357364e-12,1
2800,4.715607564315358e-06,3.6170684575712368e-06,1.206788169046172e-12,1
2801,4.715607564315358e-06,3.6151961519899094e-06,1.2109052763760887e-12,1
2802,4.715607564315358e-06,3.613325483375135e-06,1.215025785961909e-12,1
2803,4.715607564315358e-06,3.611456449712256e-06,1.2191496838792729e-12,1
2804,4.715607564315358e-06,3.6095890489898162e-06,1.223276956242916e-12,1
2805,4.715607564315358e-06,3.6077232791995453e-06,1.2274075892065755e-12,1
2806,4.715607564315358e-06,3.60585913833636e-06,1.2315415689628638e-12,1
2807,4.715607564315358e-06,3.603996624398355e-06,1.2356788817431628e-12,1
2808,4.715607564315358e-06,3.6021357353867984e-06,1.2398195138175119e-12,1
2809,4.715607564315358e-06,3.6002764693061217e-06,1.2439634514945024e-12,1
2810,4.715607564315358e-06,3.5984188241639193e-06,1.248110681121159e-12,1
2811,4.715607564315358e-06,3.5965627979709374e-06,1.2522611890828392e-12,1
2812,4.715607564315358e-06,3.5947083887410717e-06,1.256414961803115e-12,1
2813,4.715607564315358e-06,3.5928555944913583e-06,1.2605719857436717e-12,1
2814,4.715607564315358e-06,3.591004413241969e-06,1.2647322474041957e-12,1
2815,4.715607564315358e-06,3.5891548430162055e-06,1.2688957333222663e-12,1
2816,4.715607564315358e-06,3.5873068818404932e-06,1.273062430073246e-12,1
2817,4.715607564315358e-06,3.585460527744374e-06,1.277232324270177e-12,1
2818,4.715607564315358e-06,3.583615778760501e-06,1.2814054025636735e-12,1
2819,4.715607564315358e-06,3.5817726329246343e-06,1.2855816516418075e-12,1
2820,4.715607564315358e-06,3.5799310882756325e-06,1.2897610582300094e-12,1
2821,4.715607564315358e-06,3.5780911428554456e-06,1.2939436090909652e-12,1
2822,4.715607564315358e-06,3.5762527947091144e-06,1.2981292910244967e-12,1
2823,4.715607564315358e-06,3.5744160418847595e-06,1.3023180908674676e-12,1
2824,4.715607564315358e-06,3.572580882433576e-06,1.3065099954936766e-12,1
2825,4.715607564315358e-06,3.5707473144098304e-06,1.3107049918137474e-12,1
2826,4.715607564315358e-06,3.568915335870852e-06,1.3149030667750273e-12,1
2827,4.715607564315358e-06,3.567084944877027e-06,1.3191042073614857e-12,1
2828,4.715607564315358e-06,3.5652561394917956e-06,1.3233084005936005e-12,1
2829,4.715607564315358e-06,3.5634289177816405e-06,1.3275156335282694e-12,1
2830,4.715607564315358e-06,3.561603277816089e-06,1.3317258932586873e-12,1
2831,4.715607564315358e-06,3.559779217667699e-06,1.3359391669142616e-12,1
2832,4.715607564315358e-06,3.5579567354120573e-06,1.3401554416604994e-12,1
2833,4.715607564315358e-06,3.5561358291277757e-06,1.3443747046989032e-12,1
2834,4.715607564315358e-06,3.5543164968964803e-06,1.3485969432668766e-12,1
2835,4.715607564315358e-06,3.552498736802808e-06,1.352822144637619e-12,1
2836,4.715607564315358e-06,3.550682546934403e-06,1.357050296120019e-12,1
2837,4.715607564315358e-06,3.548867925381908e-06,1.3612813850585573e-12,1
2838,4.715607564315358e-06,3.5470548702389576e-06,1.3655153988332137e-12,1
2839,4.715607564315358e-06,3.545243379602177e-06,1.3697523248593486e-12,1
2840,4.715607564315358e-06,3.5434334515711727e-06,1.3739921505876184e-12,1
2841,4.715607564315358e-06,3.541625084248526e-06,1.3782348635038702e-12,1
2842,4.715607564315358e-06,3.5398182757397904e-06,1.3824804511290396e-12,1
2843,4.715607564315358e-06,3.538013024153485e-06,1.3867289010190535e-12,1
2844,4.715607564315358e-06,3.5362093276010865e-06,1.390980200764733e-12,1
2845,4.715607564315358e-06,3.5344071841970277e-06,1.3952343379916882e-12,1
2846,4.715607564315358e-06,3.532606592058687e-06,1.3994913003602287e-12,1
2847,4.715607564315358e-06,3.530807549306387e-06,1.4037510755652584e-12,1
2848,4.715607564315358e-06,3.529010054063385e-06,1.4080136513361815e-12,1
2849,4.715607564315358e-06,3.5272141044558725e-06,1.4122790154367989e-12,1
2850,4.715607564315358e-06,3.5254196986129637e-06,1.416547155665221e-12,1
2851,4.715607564315358e-06,3.5236268346666943e-06,1.420818059853761e-12,1
2852,4.715607564315358e-06,3.5218355107520134e-06,1.4250917158688452e-12,1
2853,4.715607564315358e-06,3.52004572500678e-06,1.4293681116109104e-12,1
2854,4.715607564315358e-06,3.518257475571755e-06,1.4336472350143139e-12,1
2855,4.715607564315358e-06,3.5164707605905987e-06,1.4379290740472321e-12,1
2856,4.715607564315358e-06,3.514685578209862e-06,1.4422136167115691e-12,1
2857,4.715607564315358e-06,3.5129019265789846e-06,1.446500851042857e-12,1
2858,4.715607564315358e-06,3.5111198038502835e-06,1.450790765110171e-12,1
2859,4.715607564315358e-06,3.509339208178956e-06,1.4550833470160178e-12,1
2860,4.715607564315358e-06,3.5075601377230657e-06,1.4593785848962602e-12,1
2861,4.715607564315358e-06,3.5057825906435436e-06,1.4636764669200067e-12,1
2862,4.715607564315358e-06,3.5040065651041785e-06,1.4679769812895288e-12,1
2863,4.715607564315358e-06,3.502232059271613e-06,1.4722801162401635e-12,1
2864,4.715607564315358e-06,3.500459071315339e-06,1.4765858600402176e-12,1
2865,4.715607564315358e-06,3.498687599407692e-06,1.4808942009908757e-12,1
2866,4.715607564315358e-06,3.496917641723842e-06,1.4852051274261154e-12,1
2867,4.715607564315358e-06,3.4951491964417945e-06,1.4895186277126026e-12,1
2868,4.715607564315358e-06,3.49338226174238e-06,1.4938346902496075e-12,1
2869,4.715607564315358e-06,3.491616835809251e-06,1.4981533034689109e-12,1
2870,4.715607564315358e-06,3.4898529168288765e-06,1.5024744558347088e-12,1
2871,4.715607564315358e-06,3.488090502990534e-06,1.5067981358435318e-12,1
2872,4.715607564315358e-06,3.486329592486311e-06,1.5111243320241354e-12,1
2873,4.715607564315358e-06,3.4845701835110887e-06,1.5154530329374358e-12,1
2874,4.715607564315358e-06,3.4828122742625482e-06,1.5197842271763918e-12,1
2875,4.715607564315358e-06,3.481055862941159e-06,1.5241179033659302e-12,1
2876,4.715607564315358e-06,3.4793009477501735e-06,1.5284540501628545e-12,1
2877,4.715607564315358e-06,3.4775475268956225e-06,1.532792656255757e-12,1
2878,4.715607564315358e-06,3.475795598586313e-06,1.537133710364919e-12,1
2879,4.715607564315358e-06,3.4740451610338194e-06,1.5414772012422302e-12,1
2880,4.715607564315358e-06,3.4722962124524774e-06,1.545823117671104e-12,1
2881,4.715607564315358e-06,3.470548751059382e-06,1.5501714484663794e-12,1
2882,4.715607564315358e-06,3.468802775074382e-06,1.5545221824742352e-12,1
2883,4.715607564315358e-06,3.4670582827200723e-06,1.5588753085721042e-12,1
2884,4.715607564315358e-06,3.4653152722217897e-06,1.5632308156685891e-12,1
2885,4.715607564315358e-06,3.4635737418076104e-06,1.5675886927033621e-12,1
2886,4.715607564315358e-06,3.46183368970834e-06,1.571948928647095e-12,1
2887,4.715607564315358e-06,3.460095114157512e-06,1.5763115125013577e-12,1
2888,4.715607564315358e-06,3.4583580133913816e-06,1.5806764332985407e-12,1
2889,4.715607564315358e-06,3.4566223856489203e-06,1.5850436801017624e-12,1
2890,4.715607564315358e-06,3.454888229171812e-06,1.5894132420047853e-12,1
2891,4.715607564315358e-06,3.4531555422044447e-06,1.5937851081319343e-12,1
2892,4.715607564315358e-06,3.45142432299391e-06,1.5981592676380022e-12,1
2893,4.715607564315358e-06,3.4496945697899945e-06,1.6025357097081734e-12,1
2894,4.715607564315358e-06,3.4479662808451758e-06,1.6069144235579312e-12,1
2895,4.715607564315358e-06,3.4462394544146174e-06,1.6112953984329788e-12,1
2896,4.715607564315358e-06,3.4445140887561633e-06,1.6156786236091532e-12,1
2897,4.715607564315358e-06,3.442790182130335e-06,1.6200640883923348e-12,1
2898,4.715607564315358e-06,3.4410677328003235e-06,1.6244517821183727e-12,1
2899,4.715607564315358e-06,3.4393467390319857e-06,1.6288416941529948e-12,1
2900,4.715607564315358e-06,3.43762719909384e-06,1.6332338138917252e-12,1
2901,4.715607564315358e-06,3.435909111257059e-06,1.6376281307598039e-12,1
2902,4.715607564315358e-06,3.434192473795467e-06,1.6420246342121006e-12,1
2903,4.715607564315358e-06,3.4324772849855367e-06,1.6464233137330255e-12,1
2904,4.715607564315358e-06,3.4307635431063774e-06,1.6508241588364637e-12,1
2905,4.715607564315358e-06,3.429051246439737e-06,1.6552271590656761e-12,1
2906,4.715607564315358e-06,3.427340393269993e-06,1.6596323039932277e-12,1
2907,4.715607564315358e-06,3.4256309818841503e-06,1.6640395832208988e-12,1
2908,4.715607564315358e-06,3.4239230105718343e-06,1.6684489863796063e-12,1
2909,4.715607564315358e-06,3.4222164776252856e-06,1.6728605031293265e-12,1
2910,4.715607564315358e-06,3.4205113813393576e-06,1.677274123159006e-12,1
2911,4.715607564315358e-06,3.41880772001151e-06,1.6816898361864842e-12,1
2912,4.715607564315358e-06,3.4171054919418036e-06,1.6861076319584158e-12,1
2913,4.715607564315358e-06,3.4154046954328954e-06,1.6905275002501866e-12,1
2914,4.715607564315358e-06,3.413705328790035e-06,1.6949494308658336e-12,1
2915,4.715607564315358e-06,3.412007390321059e-06,1.699373413637967e-12,1
2916,4.715607564315358e-06,3.4103108783363856e-06,1.7037994384276883e-12,1
2917,4.715607564315358e-06,3.408615791149011e-06,1.7082274951245123e-12,1
2918,4.715607564315358e-06,3.406922127074503e-06,1.7126575736462877e-12,1
2919,4.715607564315358e-06,3.405229884430998e-06,1.7170896639391189e-12,1
2920,4.715607564315358e-06,3.403539061539195e-06,1.7215237559772819e-12,1
2921,4.715607564315358e-06,3.4018496567223513e-06,1.7259598397631554e-12,1
2922,4.715607564315358e-06,3.400161668306276e-06,1.7303979053271368e-12,1
2923,4.715607564315358e-06,3.3984750946193304e-06,1.7348379427275574e-12,1
2924,4.715607564315358e-06,3.3967899339924156e-06,1.7392799420506215e-12,1
2925,4.715607564315358e-06,3.3951061847589744e-06,1.7437238934103125e-12,1
2926,4.715607564315358e-06,3.393423845254983e-06,1.7481697869483245e-12,1
2927,4.715607564315358e-06,3.391742913818948e-06,1.752617612833982e-12,1
2928,4.715607564315358e-06,3.3900633887918993e-06,1.7570673612641663e-12,1
2929,4.715607564315358e-06,3.3883852685173897e-06,1.76151902246323e-12,1
2930,4.715607564315358e-06,3.386708551341485e-06,1.765972586682934e-12,1
2931,4.715607564315358e-06,3.385033235612764e-06,1.7704280442023586e-12,1
2932,4.715607564315358e-06,3.3833593196823088e-06,1.7748853853278414e-12,1
2933,4.715607564315358e-06,3.381686801903707e-06,1.7793446003928803e-12,1
2934,4.715607564315358e-06,3.3800156806330406e-06,1.7838056797580812e-12,1
2935,4.715607564315358e-06,3.378345954228884e-06,1.7882686138110694e-12,1
2936,4.715607564315358e-06,3.376677621052299e-06,1.7927333929664187e-12,1
2937,4.715607564315358e-06,3.375010679466833e-06,1.7972000076655694e-12,1
2938,4.715607564315358e-06,3.3733451278385083e-06,1.8016684483767694e-12,1
2939,4.715607564315358e-06,3.3716809645358235e-06,1.8061387055949813e-12,1
2940,4.715607564315358e-06,3.370018187929745e-06,1.8106107698418238e-12,1
2941,4.715607564315358e-06,3.3683567963937058e-06,1.815084631665482e-12,1
2942,4.715607564315358e-06,3.366696788303596e-06,1.8195602816406537e-12,1
2943,4.715607564315358e-06,3.3650381620377642e-06,1.8240377103684572e-12,1
2944,4.715607564315358e-06,3.3633809159770086e-06,1.8285169084763663e-12,1
2945,4.715607564315358e-06,3.3617250485045747e-06,1.832997866618136e-12,1
2946,4.715607564315358e-06,3.3600705580061486e-06,1.837480575473734e-12,1
2947,4.715607564315358e-06,3.3584174428698553e-06,1.841965025749259e-12,1
2948,4.715607564315358e-06,3.356765701486251e-06,1.8464512081768782e-12,1
2949,4.715607564315358e-06,3.3551153322483225e-06,1.8509391135147447e-12,1
2950,4.715607564315358e-06,3.353466333551479e-06,1.8554287325469358e-12,1
2951,4.715607564315358e-06,3.35181870379355e-06,1.859920056083372e-12,1
2952,4.715607564315358e-06,3.350172441374779e-06,1.8644130749597544e-12,1
2953,4.715607564315358e-06,3.3485275446978215e-06,1.868907780037484e-12,1
2954,4.715607564315358e-06,3.346884012167738e-06,1.8734041622035988e-12,1
2955,4.715607564315358e-06,3.3452418421919907e-06,1.877902212370698e-12,1
2956,4.715607564315358e-06,3.34360103318044e-06,1.8824019214768714e-12,1
2957,4.715607564315358e-06,3.341961583545338e-06,1.8869032804856302e-12,1
2958,4.715607564315358e-06,3.3403234917013257e-06,1.891406280385839e-12,1
2959,4.715607564315358e-06,3.3386867560654284e-06,1.89591091219164e-12,1
2960,4.715607564315358e-06,3.3370513750570503e-06,1.9004171669423873e-12,1
2961,4.715607564315358e-06,3.335417347097972e-06,1.9049250357025757e-12,1
2962,4.715607564315358e-06,3.333784670612343e-06,1.9094345095617745e-12,1
2963,4.715607564315358e-06,3.3321533440266817e-06,1.9139455796345494e-12,1
2964,4.715607564315358e-06,3.3305233657698675e-06,1.918458237060404e-12,1
2965,4.715607564315358e-06,3.3288947342731365e-06,1.9229724730037075e-12,1
2966,4.715607564315358e-06,3.327267447970081e-06,1.9274882786536173e-12,1
2967,4.715607564315358e-06,3.3256415052966408e-06,1.9320056452240246e-12,1
2968,4.715607564315358e-06,3.3240169046911e-06,1.936524563953478e-12,1
2969,4.715607564315358e-06,3.322393644594084e-06,1.941045026105117e-12,1
2970,4.715607564315358e-06,3.3207717234485544e-06,1.9455670229666035e-12,1
2971,4.715607564315358e-06,3.3191511396998057e-06,1.950090545850052e-12,1
2972,4.715607564315358e-06,3.3175318917954577e-06,1.9546155860919717e-12,1
2973,4.715607564315358e-06,3.315913978185456e-06,1.9591421350531853e-12,1
2974,4.715607564315358e-06,3.3142973973220647e-06,1.9636701841187716e-12,1
2975,4.715607564315358e-06,3.3126821476598626e-06,1.9681997246979957e-12,1
2976,4.715607564315358e-06,3.311068227655739e-06,1.972730748224243e-12,1
2977,4.715607564315358e-06,3.3094556357688894e-06,1.9772632461549534e-12,1
2978,4.715607564315358e-06,3.3078443704608127e-06,1.9817972099715503e-12,1
2979,4.715607564315358e-06,3.3062344301953046e-06,1.9863326311793825e-12,1
2980,4.715607564315358e-06,3.3046258134384556e-06,1.9908695013076495e-12,1
2981,4.715607564315358e-06,3.3030185186586456e-06,1.9954078119093416e-12,1
2982,4.715607564315358e-06,3.3014125443265384e-06,1.999947554561178e-12,1
2983,4.715607564315358e-06,3.2998078889150814e-06,2.004488720863529e-12,1
2984,4.715607564315358e-06,3.2982045508994992e-06,2.0090313024403572e-12,1
2985,4.715607564315358e-06,3.2966025287572858e-06,2.0135752909391663e-12,1
2986,4.715607564315358e-06,3.2950018209682087e-06,2.018120678030907e-12,1
2987,4.715607564315358e-06,3.2934024260142956e-06,2.0226674554099442e-12,1
2988,4.715607564315358e-06,3.2918043423798395e-06,2.027215614793964e-12,1
2989,4.715607564315358e-06,3.290207568551385e-06,2.031765147923934e-12,1
2990,4.715607564315358e-06,3.288612103017732e-06,2.036316046564025e-12,1
2991,4.715607564315358e-06,3.2870179442699286e-06,2.0408683025015446e-12,1
2992,4.715607564315358e-06,3.285425090801265e-06,2.04542190754689e-12,1
2993,4.715607564315358e-06,3.2838335411072736e-06,2.0499768535334647e-12,1
2994,4.715607564315358e-06,3.282243293685721e-06,2.054533132317632e-12,1
2995,4.715607564315358e-06,3.2806543470366065e-06,2.0590907357786403e-12,1
2996,4.715607564315358e-06,3.279066699662157e-06,2.0636496558185663e-12,1
2997,4.715607564315358e-06,3.2774803500668246e-06,2.0682098843622475e-12,1
2998,4.715607564315358e-06,3.2758952967572785e-06,2.0727714133572276e-12,1
2999,4.715607564315358e-06,3.274311538242405e-06,2.0773342347736866e-12,1
3000,4.715607564315358e-06,3.2727290730333023e-06,2.0818983406043815e-12,1
3001,4.715607564315358e-06,3.2711478996432755e-06,2.0864637228645853e-12,1
3002,4.715607564315358e-06,3.2695680165878337e-06,2.0910303735920235e-12,1
3003,4.715607564315358e-06,3.267989422384686e-06,2.095598284846811e-12,1
3004,4.715607564315358e-06,3.2664121155537365e-06,2.1001674487113977e-12,1
3005,4.715607564315358e-06,3.2648360946170816e-06,2.104737857290497e-12,1
3006,4.715607564315358e-06,3.2632613580990046e-06,2.109309502711035e-12,1
3007,4.715607564315358e-06,3.2616879045259725e-06,2.1138823771220826e-12,1
3008,4.715607564315358e-06,3.2601157324266334e-06,2.1184564726947957e-12,1
3009,4.715607564315358e-06,3.2585448403318093e-06,2.1230317816223594e-12,1
3010,4.715607564315358e-06,3.256975226774496e-06,2.1276082961199194e-12,1
3011,4.715607564315358e-06,3.255406890289856e-06,2.132186008424531e-12,1
3012,4.715607564315358e-06,3.253839829415216e-06,2.136764910795092e-12,1
3013,4.715607564315358e-06,3.2522740426900636e-06,2.141344995512286e-12,1
3014,4.715607564315358e-06,3.250709528656041e-06,2.145926254878526e-12,1
3015,4.715607564315358e-06,3.2491462858569437e-06,2.1505086812178875e-12,1
3016,4.715607564315358e-06,3.2475843128387162e-06,2.1550922668760516e-12,1
3017,4.715607564315358e-06,3.2460236081494467e-06,2.1596770042202515e-12,1
3018,4.715607564315358e-06,3.2444641703393645e-06,2.164262885639206e-12,1
3019,4.715607564315358e-06,3.2429059979608347e-06,2.1688499035430665e-12,1
3020,4.715607564315358e-06,3.2413490895683577e-06,2.173438050363352e-12,1
3021,4.715607564315358e-06,3.239793443718559e-06,2.1780273185529032e-12,1
3022,4.715607564315358e-06,3.2382390589701943e-06,2.1826177005858035e-12,1
3023,4.715607564315358e-06,3.2366859338841368e-06,2.187209188957342e-12,1
3024,4.715607564315358e-06,3.235134067023379e-06,2.1918017761839433e-12,1
3025,4.715607564315358e-06,3.233583456953027e-06,2.196395454803115e-12,1
3026,4.715607564315358e-06,3.232034102240296e-06,2.200990217373386e-12,1
3027,4.715607564315358e-06,3.2304860014545096e-06,2.205586056474249e-12,1
3028,4.715607564315358e-06,3.228939153167091e-06,2.210182964706113e-12,1
3029,4.715607564315358e-06,3.2273935559515643e-06,2.2147809346902303e-12,1
3030,4.715607564315358e-06,3.2258492083835474e-06,2.2193799590686514e-12,1
3031,4.715607564315358e-06,3.2243061090407493e-06,2.223980030504166e-12,1
3032,4.715607564315358e-06,3.2227642565029654e-06,2.228581141680246e-12,1
3033,4.715607564315358e-06,3.221223649352077e-06,2.2331832853009826e-12,1
3034,4.715607564315358e-06,3.2196842861720432e-06,2.2377864540910413e-12,1
3035,4.715607564315358e-06,3.2181461655488996e-06,2.2423906407955987e-12,1
3036,4.715607564315358e-06,3.2166092860707555e-06,2.246995838180283e-12,1
3037,4.715607564315358e-06,3.2150736463277863e-06,2.251602039031133e-12,1
3038,4.715607564315358e-06,3.213539244912235e-06,2.256209236154523e-12,1
3039,4.715607564315358e-06,3.2120060804184037e-06,2.260817422377123e-12,1
3040,4.715607564315358e-06,3.2104741514426526e-06,2.265426590545838e-12,1
3041,4.715607564315358e-06,3.2089434565833977e-06,2.2700367335277442e-12,1
3042,4.715607564315358e-06,3.2074139944411023e-06,2.2746478442100517e-12,1
3043,4.715607564315358e-06,3.205885763618277e-06,2.2792599155000367e-12,1
3044,4.715607564315358e-06,3.204358762719477e-06,2.283872940324987e-12,1
3045,4.715607564315358e-06,3.202832990351294e-06,2.288486911632156e-12,1
3046,4.715607564315358e-06,3.201308445122357e-06,2.293101822388699e-12,1
3047,4.715607564315358e-06,3.199785125643327e-06,2.2977176655816233e-12,1
3048,4.715607564315358e-06,3.198263030526892e-06,2.3023344342177373e-12,1
3049,4.715607564315358e-06,3.1967421583877654e-06,2.306952121323591e-12,1
3050,4.715607564315358e-06,3.1952225078426817e-06,2.3115707199454236e-12,1
3051,4.715607564315358e-06,3.193704077510392e-06,2.316190223149114e-12,1
3052,4.715607564315358e-06,3.1921868660116625e-06,2.3208106240201198e-12,1
3053,4.715607564315358e-06,3.1906708719692684e-06,2.3254319156634327e-12,1
3054,4.715607564315358e-06,3.1891560940079927e-06,2.330054091203518e-12,1
3055,4.715607564315358e-06,3.1876425307546196e-06,2.3346771437842687e-12,1
3056,4.715607564315358e-06,3.1861301808379355e-06,2.3393010665689428e-12,1
3057,4.715607564315358e-06,3.184619042888719e-06,2.3439258527401264e-12,1
3058,4.715607564315358e-06,3.1831091155397453e-06,2.34855149549966e-12,1
3059,4.715607564315358e-06,3.181600397425774e-06,2.3531779880686082e-12,1
3060,4.715607564315358e-06,3.1800928871835546e-06,2.357805323687187e-12,1
3061,4.715607564315358e-06,3.178586583451814e-06,2.362433495614732e-12,1
3062,4.715607564315358e-06,3.17708148487126e-06,2.367062497129627e-12,1
3063,4.715607564315358e-06,3.1755775900845736e-06,2.3716923215292706e-12,1
3064,4.715607564315358e-06,3.174074897736408e-06,2.3763229621300085e-12,1
3065,4.715607564315358e-06,3.172573406473385e-06,2.3809544122670877e-12,1
3066,4.715607564315358e-06,3.1710731149440865e-06,2.385586665294617e-12,1
3067,4.715607564315358e-06,3.1695740217990598e-06,2.390219714585495e-12,1
3068,4.715607564315358e-06,3.1680761256908065e-06,2.3948535535313743e-12,1
3069,4.715607564315358e-06,3.166579425273783e-06,2.3994881755426047e-12,1
3070,4.715607564315358e-06,3.165083919204396e-06,2.4041235740481846e-12,1
3071,4.715607564315358e-06,3.1635896061409982e-06,2.408759742495709e-12,1
3072,4.715607564315358e-06,3.1620964847438865e-06,2.413396674351319e-12,1
3073,4.715607564315358e-06,3.1606045536752968e-06,2.4180343630996547e-12,1
3074,4.715607564315358e-06,3.159113811599402e-06,2.422672802243799e-12,1
3075,4.715607564315358e-06,3.1576242571823084e-06,2.4273119853052346e-12,1
3076,4.715607564315358e-06,3.156135889092051e-06,2.4319519058237876e-12,1
3077,4.715607564315358e-06,3.1546487059985915e-06,2.4365925573575834e-12,1
3078,4.715607564315358e-06,3.153162706573814e-06,2.4412339334829936e-12,1
3079,4.715607564315358e-06,3.151677889491523e-06,2.4458760277945867e-12,1
3080,4.715607564315358e-06,3.1501942534274367e-06,2.450518833905084e-12,1
3081,4.715607564315358e-06,3.1487117970591885e-06,2.4551623454453004e-12,1
3082,4.715607564315358e-06,3.147230519066319e-06,2.459806556064107e-12,1
3083,4.715607564315358e-06,3.145750418130276e-06,2.46445145942837e-12,1
3084,4.715607564315358e-06,3.144271492934409e-06,2.469097049222915e-12,1
3085,4.715607564315358e-06,3.142793742163966e-06,2.4737433191504714e-12,1
3086,4.715607564315358e-06,3.1413171645060928e-06,2.4783902629316167e-12,1
3087,4.715607564315358e-06,3.1398417586498255e-06,2.483037874304745e-12,1
3088,4.715607564315358e-06,3.138367523286089e-06,2.4876861470260103e-12,1
3089,4.715607564315358e-06,3.136894457107697e-06,2.492335074869268e-12,1
3090,4.715607564315358e-06,3.1354225588093416e-06,2.4969846516260493e-12,1
3091,4.715607564315358e-06,3.133951827087596e-06,2.5016348711054952e-12,1
3092,4.715607564315358e-06,3.132482260640911e-06,2.5062857271343103e-12,1
3093,4.715607564315358e-06,3.131013858169605e-06,2.510937213556733e-12,1
3094,4.715607564315358e-06,3.1295466183758694e-06,2.515589324234466e-12,1
3095,4.715607564315358e-06,3.1280805399637617e-06,2.5202420530466344e-12,1
3096,4.715607564315358e-06,3.126615621639199e-06,2.5248953938897538e-12,1
3097,4.715607564315358e-06,3.125151862109961e-06,2.5295493406776635e-12,1
3098,4.715607564315358e-06,3.1236892600856793e-06,2.534203887341496e-12,1
3099,4.715607564315358e-06,3.122227814277844e-06,2.538859027829611e-12,1
3100,4.715607564315358e-06,3.1207675233997893e-06,2.5435147561075735e-12,1
3101,4.715607564315358e-06,3.119308386166698e-06,2.548171066158088e-12,1
3102,4.715607564315358e-06,3.117850401295597e-06,2.5528279519809556e-12,1
3103,4.715607564315358e-06,3.116393567505351e-06,2.557485407593038e-12,1
3104,4.715607564315358e-06,3.1149378835166616e-06,2.562143427028201e-12,1
3105,4.715607564315358e-06,3.1134833480520642e-06,2.5668020043372738e-12,1
3106,4.715607564315358e-06,3.112029959835925e-06,2.5714611335879974e-12,1
3107,4.715607564315358e-06,3.1105777175944353e-06,2.576120808864989e-12,1
3108,4.715607564315358e-06,3.109126620055612e-06,2.5807810242696856e-12,1
3109,4.715607564315358e-06,3.1076766659492913e-06,2.585441773920307e-12,1
3110,4.715607564315358e-06,3.1062278540071266e-06,2.590103051951807e-12,1
3111,4.715607564315358e-06,3.1047801829625863e-06,2.5947648525158283e-12,1
3112,4.715607564315358e-06,3.103333651550949e-06,2.5994271697806575e-12,1
3113,4.715607564315358e-06,3.101888258509301e-06,2.6040899979311834e-12,1
3114,4.715607564315358e-06,3.1004440025765344e-06,2.608753331168843e-12,1
3115,4.715607564315358e-06,3.099000882493341e-06,2.613417163711592e-12,1
3116,4.715607564315358e-06,3.0975588970022125e-06,2.6180814897938463e-12,1
3117,4.715607564315358e-06,3.0961180448474354e-06,2.622746303666443e-12,1
3118,4.715607564315358e-06,3.0946783247750867e-06,2.6274115995966026e-12,1
3119,4.715607564315358e-06,3.0932397355330337e-06,2.6320773718678733e-12,1
3120,4.715607564315358e-06,3.0918022758709304e-06,2.636743614780091e-12,1
3121,4.715607564315358e-06,3.090365944540211e-06,2.6414103226493433e-12,1
3122,4.715607564315358e-06,3.088930740294092e-06,2.6460774898079136e-12,1
3123,4.715607564315358e-06,3.0874966618875628e-06,2.65074511060425e-12,1
3124,4.715607564315358e-06,3.08606370807739e-06,2.6554131794029076e-12,1
3125,4.715607564315358e-06,3.0846318776221076e-06,2.66008169058452e-12,1
3126,4.715607564315358e-06,3.0832011692820182e-06,2.6647506385457444e-12,1
3127,4.715607564315358e-06,3.081771581819188e-06,2.6694200176992253e-12,1
3128,4.715607564315358e-06,3.0803431139974444e-06,2.6740898224735487e-12,1
3129,4.715607564315358e-06,3.078915764582372e-06,2.6787600473132017e-12,1
3130,4.715607564315358e-06,3.0774895323413114e-06,2.683430686678524e-12,1
3131,4.715607564315358e-06,3.0760644160433547e-06,2.6881017350456727e-12,1
3132,4.715607564315358e-06,3.0746404144593418e-06,2.6927731869065777e-12,1
3133,4.715607564315358e-06,3.0732175263618596e-06,2.6974450367688943e-12,1
3134,4.715607564315358e-06,3.0717957505252375e-06,2.702117279155966e-12,1
3135,4.715607564315358e-06,3.0703750857255434e-06,2.706789908606785e-12,1
3136,4.715607564315358e-06,3.0689555307405834e-06,2.711462919675941e-12,1
3137,4.715607564315358e-06,3.067537084349896e-06,2.716136306933589e-12,1
3138,4.715607564315358e-06,3.066119745334751e-06,2.7208100649654005e-12,1
3139,4.715607564315358e-06,3.064703512478145e-06,2.725484188372527e-12,1
3140,4.715607564315358e-06,3.0632883845648013e-06,2.7301586717715526e-12,1
3141,4.715607564315358e-06,3.061874360381162e-06,2.734833509794462e-12,1
3142,4.715607564315358e-06,3.06046143871539e-06,2.739508697088586e-12,1
3143,4.715607564315358e-06,3.0590496183573624e-06,2.744184228316574e-12,1
3144,4.715607564315358e-06,3.0576388980986696e-06,2.748860098156345e-12,1
3145,4.715607564315358e-06,3.0562292767326127e-06,2.7535363013010443e-12,1
3146,4.715607564315358e-06,3.054820753054198e-06,2.758212832459012e-12,1
3147,4.715607564315358e-06,3.053413325860136e-06,2.762889686353736e-12,1
3148,4.715607564315358e-06,3.0520069939488374e-06,2.767566857723813e-12,1
3149,4.715607564315358e-06,3.0506017561204126e-06,2.7722443413229036e-12,1
3150,4.715607564315358e-06,3.049197611176666e-06,2.776922131919698e-12,1
3151,4.715607564315358e-06,3.047794557921094e-06,2.7816002242978734e-12,1
3152,4.715607564315358e-06,3.0463925951588815e-06,2.7862786132560573e-12,1
3153,4.715607564315358e-06,3.044991721696901e-06,2.7909572936077773e-12,1
3154,4.715607564315358e-06,3.043591936343707e-06,2.7956362601814352e-12,1
3155,4.715607564315358e-06,3.042193237909535e-06,2.8003155078202553e-12,1
3156,4.715607564315358e-06,3.0407956252062973e-06,2.8049950313822524e-12,1
3157,4.715607564315358e-06,3.0393990970475817e-06,2.809674825740188e-12,1
3158,4.715607564315358e-06,3.0380036522486466e-06,2.8143548857815347e-12,1
3159,4.715607564315358e-06,3.0366092896264215e-06,2.8190352064084256e-12,1
3160,4.715607564315358e-06,3.0352160079994984e-06,2.8237157825376373e-12,1
3161,4.715607564315358e-06,3.0338238061881343e-06,2.8283966091005284e-12,1
3162,4.715607564315358e-06,3.032432683014247e-06,2.833077681043009e-12,1
3163,4.715607564315358e-06,3.03104263730141e-06,2.837758993325508e-12,1
3164,4.715607564315358e-06,3.029653667874853e-06,2.8424405409229215e-12,1
3165,4.715607564315358e-06,3.0282657735614555e-06,2.847122318824587e-12,1
3166,4.715607564315358e-06,3.0268789531897468e-06,2.851804322034236e-12,1
3167,4.715607564315358e-06,3.025493205589902e-06,2.8564865455699596e-12,1
3168,4.715607564315358e-06,3.0241085295937395e-06,2.8611689844641674e-12,1
3169,4.715607564315358e-06,3.0227249240347174e-06,2.865851633763553e-12,1
3170,4.715607564315358e-06,3.0213423877479317e-06,2.8705344885290527e-12,1
3171,4.715607564315358e-06,3.019960919570114e-06,2.8752175438358046e-12,1
3172,4.715607564315358e-06,3.0185805183396247e-06,2.879900794773124e-12,1
3173,4.715607564315358e-06,3.0172011828964564e-06,2.884584236444448e-12,1
3174,4.715607564315358e-06,3.0158229120822267e-06,2.8892678639673076e-12,1
3175,4.715607564315358e-06,3.014445704740177e-06,2.8939516724732887e-12,1
3176,4.715607564315358e-06,3.0130695597151683e-06,2.898635657107996e-12,1
3177,4.715607564315358e-06,3.0116944758536808e-06,2.903319813031012e-12,1
3178,4.715607564315358e-06,3.010320452003809e-06,2.908004135415862e-12,1
3179,4.715607564315358e-06,3.0089474870152602e-06,2.912688619449976e-12,1
3180,4.715607564315358e-06,3.0075755797393503e-06,2.9173732603346556e-12,1
3181,4.715607564315358e-06,3.006204729029004e-06,2.9220580532850265e-12,1
3182,4.715607564315358e-06,3.0048349337387474e-06,2.9267429935300164e-12,1
3183,4.715607564315358e-06,3.003466192724711e-06,2.931428076312302e-12,1
3184,4.715607564315358e-06,3.0020985048446207e-06,2.936113296888291e-12,1
3185,4.715607564315358e-06,3.0007318689578006e-06,2.9407986505280665e-12,1
3186,4.715607564315358e-06,2.999366283925167e-06,2.945484132515363e-12,1
3187,4.715607564315358e-06,2.9980017486092267e-06,2.9501697381475253e-12,1
3188,4.715607564315358e-06,2.9966382618740736e-06,2.9548554627354763e-12,1
3189,4.715607564315358e-06,2.9952758225853875e-06,2.9595413016036743e-12,1
3190,4.715607564315358e-06,2.9939144296104304e-06,2.9642272500900805e-12,1
3191,4.715607564315358e-06,2.992554081818043e-06,2.9689133035461257e-12,1
3192,4.715607564315358e-06,2.9911947780786434e-06,2.97359945733667e-12,1
3193,4.715607564315358e-06,2.989836517264223e-06,2.978285706839971e-12,1
3194,4.715607564315358e-06,2.9884792982483474e-06,2.9829720474476386e-12,1
3195,4.715607564315358e-06,2.9871231199061472e-06,2.9876584745646184e-12,1
3196,4.715607564315358e-06,2.9857679811143224e-06,2.992344983609133e-12,1
3197,4.715607564315358e-06,2.9844138807511333e-06,2.9970315700126695e-12,1
3198,4.715607564315358e-06,2.983060817696404e-06,3.0017182292199217e-12,1
3199,4.715607564315358e-06,2.981708790831516e-06,3.0064049566887725e-12,1
3200,4.715607564315358e-06,2.9803577990394033e-06,3.011091747890256e-12,1
3201,4.715607564315358e-06,2.9790078412045578e-06,3.0157785983085084e-12,1
3202,4.715607564315358e-06,2.977658916213017e-06,3.0204655034407557e-12,1
3203,4.715607564315358e-06,2.9763110229523693e-06,3.0251524587972553e-12,1
3204,4.715607564315358e-06,2.974964160311745e-06,3.029839459901286e-12,1
3205,4.715607564315358e-06,2.9736183271818193e-06,3.0345265022890886e-12,1
3206,4.715607564315358e-06,2.9722735224548052e-06,3.039213581509852e-12,1
3207,4.715607564315358e-06,2.9709297450244547e-06,3.043900693125662e-12,1
3208,4.715607564315358e-06,2.9695869937860526e-06,3.0485878327114817e-12,1
3209,4.715607564315358e-06,2.9682452676364155e-06,3.053274995855109e-12,1
3210,4.715607564315358e-06,2.96690456547389e-06,3.0579621781571445e-12,1
3211,4.715607564315358e-06,2.9655648861983488e-06,3.0626493752309544e-12,1
3212,4.715607564315358e-06,2.964226228711189e-06,3.0673365827026434e-12,1
3213,4.715607564315358e-06,2.962888591915329e-06,3.072023796211014e-12,1
3214,4.715607564315358e-06,2.961551974715207e-06,3.0767110114075342e-12,1
3215,4.715607564315358e-06,2.960216376016776e-06,3.081398223956308e-12,1
3216,4.715607564315358e-06,2.9588817947275026e-06,3.086085429534043e-12,1
3217,4.715607564315358e-06,2.957548229756367e-06,3.0907726238300028e-12,1
3218,4.715607564315358e-06,2.9562156800138544e-06,3.0954598025459958e-12,1
3219,4.715607564315358e-06,2.9548841444119595e-06,3.10014696139632e-12,1
3220,4.715607564315358e-06,2.9535536218641788e-06,3.104834096107744e-12,1
3221,4.715607564315358e-06,2.9522241112855087e-06,3.109521202419475e-12,1
3222,4.715607564315358e-06,2.9508956115924477e-06,3.1142082760831075e-12,1
3223,4.715607564315358e-06,2.9495681217029857e-06,3.118895312862619e-12,1
3224,4.715607564315358e-06,2.9482416405366084e-06,3.1235823085343136e-12,1
3225,4.715607564315358e-06,2.9469161670142916e-06,3.128269258886799e-12,1
3226,4.715607564315358e-06,2.9455917000585014e-06,3.1329561597209476e-12,1
3227,4.715607564315358e-06,2.9442682385931874e-06,3.1376430068498742e-12,1
3228,4.715607564315358e-06,2.9429457815437826e-06,3.1423297960989e-12,1
3229,4.715607564315358e-06,2.941624327837202e-06,3.1470165233055133e-12,1
3230,4.715607564315358e-06,2.9403038764018376e-06,3.1517031843193466e-12,1
3231,4.715607564315358e-06,2.938984426167559e-06,3.1563897750021337e-12,1
3232,4.715607564315358e-06,2.937665976065707e-06,3.1610762912276922e-12,1
3233,4.715607564315358e-06,2.936348525029095e-06,3.165762728881876e-12,1
3234,4.715607564315358e-06,2.9350320719920033e-06,3.1704490838625572e-12,1
3235,4.715607564315358e-06,2.9337166158901797e-06,3.1751353520795816e-12,1
3236,4.715607564315358e-06,2.9324021556608335e-06,3.1798215294547502e-12,1
3237,4.715607564315358e-06,2.931088690242636e-06,3.1845076119217757e-12,1
3238,4.715607564315358e-06,2.9297762185757184e-06,3.1891935954262528e-12,1
3239,4.715607564315358e-06,2.928464739601665e-06,3.1938794759256383e-12,1
3240,4.715607564315358e-06,2.927154252263515e-06,3.198565249389207e-12,1
3241,4.715607564315358e-06,2.92584475550576e-06,3.2032509117980228e-12,1
3242,4.715607564315358e-06,2.924536248274338e-06,3.207936459144911e-12,1
3243,4.715607564315358e-06,2.9232287295166356e-06,3.212621887434426e-12,1
3244,4.715607564315358e-06,2.9219221981814812e-06,3.21730719268282e-12,1
3245,4.715607564315358e-06,2.9206166532191467e-06,3.2219923709180073e-12,1
3246,4.715607564315358e-06,2.9193120935813406e-06,3.2266774181795455e-12,1
3247,4.715607564315358e-06,2.9180085182212095e-06,3.231362330518593e-12,1
3248,4.715607564315358e-06,2.9167059260933334e-06,3.2360471039978843e-12,1
3249,4.715607564315358e-06,2.9154043161537255e-06,3.2407317346916926e-12,1
3250,4.715607564315358e-06,2.914103687359827e-06,3.2454162186858097e-12,1
3251,4.715607564315358e-06,2.912804038670506e-06,3.2501005520775085e-12,1
3252,4.715607564315358e-06,2.911505369046056e-06,3.254784730975515e-12,1
3253,4.715607564315358e-06,2.910207677448192e-06,3.259468751499976e-12,1
3254,4.715607564315358e-06,2.90891096284005e-06,3.2641526097824284e-12,1
3255,4.715607564315358e-06,2.907615224186181e-06,3.2688363019657785e-12,1
3256,4.715607564315358e-06,2.906320460452554e-06,3.273519824204253e-12,1
3257,4.715607564315358e-06,2.9050266706065485e-06,3.2782031726633914e-12,1
3258,4.715607564315358e-06,2.903733853616956e-06,3.2828863435199966e-12,1
3259,4.715607564315358e-06,2.902442008453974e-06,3.2875693329621222e-12,1
3260,4.715607564315358e-06,2.9011511340892064e-06,3.29225213718903e-12,1
3261,4.715607564315358e-06,2.8998612294956623e-06,3.296934752411159e-12,1
3262,4.715607564315358e-06,2.8985722936477484e-06,3.3016171748501137e-12,1
3263,4.715607564315358e-06,2.8972843255212725e-06,3.306299400738613e-12,1
3264,4.715607564315358e-06,2.8959973240934382e-06,3.3109814263204728e-12,1
3265,4.715607564315358e-06,2.894711288342841e-06,3.3156632478505808e-12,1
3266,4.715607564315358e-06,2.8934262172494718e-06,3.3203448615948483e-12,1
3267,4.715607564315358e-06,2.892142109794707e-06,3.3250262638302045e-12,1
3268,4.715607564315358e-06,2.8908589649613116e-06,3.3297074508445547e-12,1
3269,4.715607564315358e-06,2.8895767817334354e-06,3.334388418936749e-12,1
3270,4.715607564315358e-06,2.888295559096611e-06,3.3390691644165586e-12,1
3271,4.715607564315358e-06,2.887015296037749e-06,3.3437496836046518e-12,1
3272,4.715607564315358e-06,2.8857359915451398e-06,3.3484299728325526e-12,1
3273,4.715607564315358e-06,2.884457644608449e-06,3.35311002844262e-12,1
3274,4.715607564315358e-06,2.8831802542187136e-06,3.3577898467880244e-12,1
3275,4.715607564315358e-06,2.881903819368344e-06,3.3624694242327043e-12,1
3276,4.715607564315358e-06,2.8806283390511167e-06,3.3671487571513556e-12,1
3277,4.715607564315358e-06,2.879353812262176e-06,3.37182784192939e-12,1
3278,4.715607564315358e-06,2.8780802379980303e-06,3.376506674962907e-12,1
3279,4.715607564315358e-06,2.876807615256549e-06,3.38118525265868e-12,1
3280,4.715607564315358e-06,2.875535943036962e-06,3.385863571434106e-12,1
3281,4.715607564315358e-06,2.8742652203398544e-06,3.3905416277172022e-12,1
3282,4.715607564315358e-06,2.8729954461671696e-06,3.3952194179465536e-12,1
3283,4.715607564315358e-06,2.8717266195221997e-06,3.3998969385713107e-12,1
3284,4.715607564315358e-06,2.870458739409592e-06,3.40457418605113e-12,1
3285,4.715607564315358e-06,2.8691918048353374e-06,3.4092511568561815e-12,1
3286,4.715607564315358e-06,2.8679258148067755e-06,3.4139278474670964e-12,1
3287,4.715607564315358e-06,2.8666607683325905e-06,3.418604254374942e-12,1
3288,4.715607564315358e-06,2.8653966644228044e-06,3.4232803740812133e-12,1
3289,4.715607564315358e-06,2.8641335020887826e-06,3.4279562030977774e-12,1
3290,4.715607564315358e-06,2.862871280343226e-06,3.4326317379468652e-12,1
3291,4.715607564315358e-06,2.8616099982001695e-06,3.4373069751610432e-12,1
3292,4.715607564315358e-06,2.8603496546749822e-06,3.441981911283177e-12,1
3293,4.715607564315358e-06,2.8590902487843627e-06,3.4466565428664136e-12,1
3294,4.715607564315358e-06,2.8578317795463377e-06,3.4513308664741498e-12,1
3295,4.715607564315358e-06,2.856574245980262e-06,3.456004878679999e-12,1
3296,4.715607564315358e-06,2.8553176471068115e-06,3.4606785760677813e-12,1
3297,4.715607564315358e-06,2.8540619819479857e-06,3.46535195523148e-12,1
3298,4.715607564315358e-06,2.8528072495271035e-06,3.4700250127752204e-12,1
3299,4.715607564315358e-06,2.8515534488688e-06,3.47469774531325e-12,1
3300,4.715607564315358e-06,2.850300578999026e-06,3.479370149469903e-12,1
3301,4.715607564315358e-06,2.8490486389450463e-06,3.4840422218795733e-12,1
3302,4.715607564315358e-06,2.8477976277354364e-06,3.488713959186691e-12,1
3303,4.715607564315358e-06,2.8465475444000777e-06,3.4933853580457084e-12,1
3304,4.715607564315358e-06,2.8452983879701618e-06,3.4980564151210467e-12,1
3305,4.715607564315358e-06,2.844050157478182e-06,3.5027271270870958e-12,1
3306,4.715607564315358e-06,2.8428028519579362e-06,3.5073974906281656e-12,1
3307,4.715607564315358e-06,2.8415564704445202e-06,3.512067502438484e-12,1
3308,4.715607564315358e-06,2.8403110119743297e-06,3.5167371592221476e-12,1
3309,4.715607564315358e-06,2.839066475585053e-06,3.521406457693119e-12,1
3310,4.715607564315358e-06,2.8378228603156753e-06,3.5260753945751763e-12,1
3311,4.715607564315358e-06,2.836580165206473e-06,3.530743966601901e-12,1
3312,4.715607564315358e-06,2.83533838929901e-06,3.535412170516659e-12,1
3313,4.715607564315358e-06,2.8340975316361384e-06,3.5400800030725583e-12,1
3314,4.715607564315358e-06,2.8328575912619958e-06,3.5447474610324366e-12,1
3315,4.715607564315358e-06,2.8316185672220033e-06,3.549414541168825e-12,1
3316,4.715607564315358e-06,2.830380458562861e-06,3.5540812402639364e-12,1
3317,4.715607564315358e-06,2.82914326433255e-06,3.5587475551096257e-12,1
3318,4.715607564315358e-06,2.8279069835803273e-06,3.5634134825073725e-12,1
3319,4.715607564315358e-06,2.8266716153567246e-06,3.5680790192682536e-12,1
3320,4.715607564315358e-06,2.8254371587135444e-06,3.572744162212925e-12,1
3321,4.715607564315358e-06,2.824203612703863e-06,3.5774089081715783e-12,1
3322,4.715607564315358e-06,2.8229709763820234e-06,3.5820732539839354e-12,1
3323,4.715607564315358e-06,2.8217392488036336e-06,3.586737196499217e-12,1
3324,4.715607564315358e-06,2.8205084290255684e-06,3.5914007325761087e-12,1
3325,4.715607564315358e-06,2.819278516105962e-06,3.5960638590827543e-12,1
3326,4.715607564315358e-06,2.818049509104211e-06,3.60072657289671e-12,1
3327,4.715607564315358e-06,2.816821407080969e-06,3.605388870904939e-12,1
3328,4.715607564315358e-06,2.8155942090981447e-06,3.6100507500037728e-12,1
3329,4.715607564315358e-06,2.8143679142189034e-06,3.6147122070988896e-12,1
3330,4.715607564315358e-06,2.813142521507659e-06,3.619373239105301e-12,1
3331,4.715607564315358e-06,2.811918030030077e-06,3.6240338429473107e-12,1
3332,4.715607564315358e-06,2.810694438853071e-06,3.6286940155584994e-12,1
3333,4.715607564315358e-06,2.8094717470447988e-06,3.633353753881703e-12,1
3334,4.715607564315358e-06,2.808249953674663e-06,3.638013054868982e-12,1
3335,4.715607564315358e-06,2.8070290578133073e-06,3.642671915481599e-12,1
3336,4.715607564315358e-06,2.805809058532616e-06,3.6473303326899946e-12,1
3337,4.715607564315358e-06,2.80458995490571e-06,3.651988303473767e-12,1
3338,4.715607564315358e-06,2.803371746006945e-06,3.656645824821646e-12,1
3339,4.715607564315358e-06,2.802154430911913e-06,3.661302893731463e-12,1
3340,4.715607564315358e-06,2.8009380086974338e-06,3.66595950721014e-12,1
3341,4.715607564315358e-06,2.799722478441561e-06,3.670615662273647e-12,1
3342,4.715607564315358e-06,2.7985078392235715e-06,3.675271355947004e-12,1
3343,4.715607564315358e-06,2.7972940901239716e-06,3.6799265852642274e-12,1
3344,4.715607564315358e-06,2.7960812302244875e-06,3.684581347268337e-12,1
3345,4.715607564315358e-06,2.7948692586080695e-06,3.689235639011306e-12,1
3346,4.715607564315358e-06,2.7936581743588863e-06,3.693889457554054e-12,1
3347,4.715607564315358e-06,2.792447976562324e-06,3.69854279996642e-12,1
3348,4.715607564315358e-06,2.7912386643049866e-06,3.7031956633271274e-12,1
3349,4.715607564315358e-06,2.790030236674689e-06,3.707848044723782e-12,1
3350,4.715607564315358e-06,2.7888226927604573e-06,3.712499941252835e-12,1
3351,4.715607564315358e-06,2.7876160316525296e-06,3.717151350019562e-12,1
3352,4.715607564315358e-06,2.7864102524423503e-06,3.7218022681380395e-12,1
3353,4.715607564315358e-06,2.7852053542225704e-06,3.726452692731119e-12,1
3354,4.715607564315358e-06,2.784001336087044e-06,3.731102620930413e-12,1
3355,4.715607564315358e-06,2.7827981971308268e-06,3.735752049876269e-12,1
3356,4.715607564315358e-06,2.781595936450175e-06,3.740400976717735e-12,1
3357,4.715607564315358e-06,2.7803945531425422e-06,3.745049398612557e-12,1
3358,4.715607564315358e-06,2.7791940463065774e-06,3.749697312727142e-12,1
3359,4.715607564315358e-06,2.7779944150421264e-06,3.754344716236531e-12,1
3360,4.715607564315358e-06,2.776795658450223e-06,3.758991606324398e-12,1
3361,4.715607564315358e-06,2.7755977756330943e-06,3.763637980183002e-12,1
3362,4.715607564315358e-06,2.774400765694155e-06,3.76828383501318e-12,1
3363,4.715607564315358e-06,2.7732046277380045e-06,3.772929168024327e-12,1
3364,4.715607564315358e-06,2.7720093608704284e-06,3.7775739764343585e-12,1
3365,4.715607564315358e-06,2.770814964198394e-06,3.782218257469702e-12,1
3366,4.715607564315358e-06,2.76962143683005e-06,3.7868620083652665e-12,1
3367,4.715607564315358e-06,2.7684287778747217e-06,3.791505226364429e-12,1
3368,4.715607564315358e-06,2.7672369864429128e-06,3.7961479087190064e-12,1
3369,4.715607564315358e-06,2.766046061646302e-06,3.800790052689228e-12,1
3370,4.715607564315358e-06,2.764856002597741e-06,3.805431655543723e-12,1
3371,4.715607564315358e-06,2.7636668084112504e-06,3.810072714559499e-12,1
3372,4.715607564315358e-06,2.7624784782020223e-06,3.814713227021914e-12,1
3373,4.715607564315358e-06,2.7612910110864154e-06,3.819353190224655e-12,1
3374,4.715607564315358e-06,2.7601044061819534e-06,3.8239926014697194e-12,1
3375,4.715607564315358e-06,2.7589186626073236e-06,3.8286314580673944e-12,1
3376,4.715607564315358e-06,2.7577337794823744e-06,3.833269757336233e-12,1
3377,4.715607564315358e-06,2.7565497559281156e-06,3.837907496603026e-12,1
3378,4.715607564315358e-06,2.755366591066713e-06,3.842544673202795e-12,1
3379,4.715607564315358e-06,2.7541842840214896e-06,3.847181284478759e-12,1
3380,4.715607564315358e-06,2.7530028339169222e-06,3.851817327782317e-12,1
3381,4.715607564315358e-06,2.751822239878639e-06,3.8564528004730296e-12,1
3382,4.715607564315358e-06,2.7506425010334204e-06,3.861087699918589e-12,1
3383,4.715607564315358e-06,2.7494636165091933e-06,3.865722023494811e-12,1
3384,4.715607564315358e-06,2.7482855854350333e-06,3.870355768585597e-12,1
3385,4.715607564315358e-06,2.7471084069411588e-06,3.874988932582933e-12,1
3386,4.715607564315358e-06,2.745932080158933e-06,3.879621512886847e-12,1
3387,4.715607564315358e-06,2.74475660422086e-06,3.884253506905405e-12,1
3388,4.715607564315358e-06,2.7435819782605824e-06,3.8888849120546815e-12,1
3389,4.715607564315358e-06,2.7424082014128805e-06,3.893515725758744e-12,1
3390,4.715607564315358e-06,2.7412352728136706e-06,3.8981459454496245e-12,1
3391,4.715607564315358e-06,2.7400631916000032e-06,3.902775568567305e-12,1
3392,4.715607564315358e-06,2.738891956910061e-06,3.907404592559693e-12,1
3393,4.715607564315358e-06,2.7377215678831543e-06,3.912033014882612e-12,1
3394,4.715607564315358e-06,2.7365520236597255e-06,3.916660832999758e-12,1
3395,4.715607564315358e-06,2.735383323381342e-06,3.9212880443826995e-12,1
3396,4.715607564315358e-06,2.734215466190696e-06,3.925914646510851e-12,1
3397,4.715607564315358e-06,2.733048451231602e-06,3.930540636871449e-12,1
3398,4.715607564315358e-06,2.731882277648996e-06,3.9351660129595414e-12,1
3399,4.715607564315358e-06,2.730716944588935e-06,3.939790772277945e-12,1
3400,4.715607564315358e-06,2.7295524511985908e-06,3.944414912337256e-12,1
3401,4.715607564315358e-06,2.7283887966262534e-06,3.949038430655804e-12,1
3402,4.715607564315358e-06,2.727225980021325e-06,3.953661324759649e-12,1
3403,4.715607564315358e-06,2.726064000534323e-06,3.958283592182541e-12,1
3404,4.715607564315358e-06,2.7249028573168704e-06,3.9629052304659346e-12,1
3405,4.715607564315358e-06,2.723742549521704e-06,3.967526237158924e-12,1
3406,4.715607564315358e-06,2.7225830763026635e-06,3.972146609818263e-12,1
3407,4.715607564315358e-06,2.7214244368146962e-06,3.976766346008321e-12,1
3408,4.715607564315358e-06,2.720266630213851e-06,3.981385443301074e-12,1
3409,4.715607564315358e-06,2.7191096556572814e-06,3.986003899276074e-12,1
3410,4.715607564315358e-06,2.7179535123032357e-06,3.990621711520451e-12,1
3411,4.715607564315358e-06,2.7167981993110656e-06,3.995238877628864e-12,1
3412,4.715607564315358e-06,2.7156437158412153e-06,3.999855395203504e-12,1
3413,4.715607564315358e-06,2.714490061055225e-06,4.004471261854069e-12,1
3414,4.715607564315358e-06,2.713337234115729e-06,4.009086475197732e-12,1
3415,4.715607564315358e-06,2.7121852341864502e-06,4.013701032859143e-12,1
3416,4.715607564315358e-06,2.7110340604322026e-06,4.018314932470391e-12,1
3417,4.715607564315358e-06,2.709883712018887e-06,4.022928171670996e-12,1
3418,4.715607564315358e-06,2.7087341881134905e-06,4.0275407481078826e-12,1
3419,4.715607564315358e-06,2.707585487884084e-06,4.0321526594353656e-12,1
3420,4.715607564315358e-06,2.7064376104998213e-06,4.036763903315126e-12,1
3421,4.715607564315358e-06,2.7052905551309364e-06,4.0413744774161985e-12,1
3422,4.715607564315358e-06,2.7041443209487416e-06,4.045984379414948e-12,1
3423,4.715607564315358e-06,2.702998907125628e-06,4.050593606995049e-12,1
3424,4.715607564315358e-06,2.7018543128350616e-06,4.055202157847466e-12,1
3425,4.715607564315358e-06,2.7007105372515817e-06,4.0598100296704446e-12,1
3426,4.715607564315358e-06,2.6995675795508003e-06,4.064417220169478e-12,1
3427,4.715607564315358e-06,2.6984254389093996e-06,4.0690237270573005e-12,1
3428,4.715607564315358e-06,2.6972841145051304e-06,4.073629548053859e-12,1
3429,4.715607564315358e-06,2.696143605516811e-06,4.078234680886301e-12,1
3430,4.715607564315358e-06,2.6950039111243245e-06,4.082839123288951e-12,1
3431,4.715607564315358e-06,2.6938650305086176e-06,4.087442873003299e-12,1
3432,4.715607564315358e-06,2.6927269628516995e-06,4.0920459277779736e-12,1
3433,4.715607564315358e-06,2.6915897073366382e-06,4.09664828536873e-12,1
3434,4.715607564315358e-06,2.6904532631475628e-06,4.101249943538421e-12,1
3435,4.715607564315358e-06,2.6893176294696566e-06,4.105850900056997e-12,1
3436,4.715607564315358e-06,2.6881828054891596e-06,4.11045115270147e-12,1
3437,4.715607564315358e-06,2.687048790393365e-06,4.1150506992559e-12,1
3438,4.715607564315358e-06,2.6859155833706187e-06,4.1196495375113805e-12,1
3439,4.715607564315358e-06,2.684783183610315e-06,4.124247665266022e-12,1
3440,4.715607564315358e-06,2.6836515903028983e-06,4.1288450803249244e-12,1
3441,4.715607564315358e-06,2.682520802639859e-06,4.133441780500169e-12,1
3442,4.715607564315358e-06,2.681390819813733e-06,4.13803776361079e-12,1
3443,4.715607564315358e-06,2.6802616410181e-06,4.142633027482768e-12,1
3444,4.715607564315358e-06,2.679133265447581e-06,4.147227569949005e-12,1
3445,4.715607564315358e-06,2.678005692297838e-06,4.151821388849303e-12,1
3446,4.715607564315358e-06,2.676878920765571e-06,4.156414482030354e-12,1
3447,4.715607564315358e-06,2.6757529500485173e-06,4.161006847345722e-12,1
3448,4.715607564315358e-06,2.6746277793454504e-06,4.165598482655811e-12,1
3449,4.715607564315358e-06,2.6735034078561746e-06,4.170189385827873e-12,1
3450,4.715607564315358e-06,2.6723798347815306e-06,4.17477955473596e-12,1
3451,4.715607564315358e-06,2.671257059323385e-06,4.179368987260936e-12,1
3452,4.715607564315358e-06,2.6701350806846367e-06,4.183957681290432e-12,1
3453,4.715607564315358e-06,2.6690138980692102e-06,4.188545634718849e-12,1
3454,4.715607564315358e-06,2.6678935106820554e-06,4.193132845447332e-12,1
3455,4.715607564315358e-06,2.666773917729147e-06,4.197719311383752e-12,1
3456,4.715607564315358e-06,2.6656551184174816e-06,4.202305030442687e-12,1
3457,4.715607564315358e-06,2.6645371119550768e-06,4.206890000545409e-12,1
3458,4.715607564315358e-06,2.663419897550968e-06,4.211474219619871e-12,1
3459,4.715607564315358e-06,2.6623034744152105e-06,4.216057685600673e-12,1
3460,4.715607564315358e-06,2.661187841758873e-06,4.2206403964290644e-12,1
3461,4.715607564315358e-06,2.660072998794041e-06,4.225222350052909e-12,1
3462,4.715607564315358e-06,2.658958944733811e-06,4.229803544426684e-12,1
3463,4.715607564315358e-06,2.6578456787922897e-06,4.234383977511454e-12,1
3464,4.715607564315358e-06,2.6567332001845956e-06,4.238963647274852e-12,1
3465,4.715607564315358e-06,2.6556215081268543e-06,4.243542551691065e-12,1
3466,4.715607564315358e-06,2.6545106018361977e-06,4.248120688740822e-12,1
3467,4.715607564315358e-06,2.6534004805307618e-06,4.2526980564113694e-12,1
3468,4.715607564315358e-06,2.6522911434296864e-06,4.257274652696458e-12,1
3469,4.715607564315358e-06,2.651182589753113e-06,4.2618504755963265e-12,1
3470,4.715607564315358e-06,2.6500748187221834e-06,4.2664255231176785e-12,1
3471,4.715607564315358e-06,2.648967829559037e-06,4.270999793273676e-12,1
3472,4.715607564315358e-06,2.647861621486812e-06,4.275573284083913e-12,1
3473,4.715607564315358e-06,2.6467561937296384e-06,4.280145993574411e-12,1
3474,4.715607564315358e-06,2.645651545512643e-06,4.2847179197775855e-12,1
3475,4.715607564315358e-06,2.6445476760619448e-06,4.289289060732241e-12,1
3476,4.715607564315358e-06,2.643444584604651e-06,4.293859414483557e-12,1
3477,4.715607564315358e-06,2.6423422703688607e-06,4.2984289790830565e-12,1
3478,4.715607564315358e-06,2.6412407325836597e-06,4.3029977525886044e-12,1
3479,4.715607564315358e-06,2.6401399704791185e-06,4.30756573306439e-12,1
3480,4.715607564315358e-06,2.639039983286293e-06,4.312132918580903e-12,1
3481,4.715607564315358e-06,2.6379407702372227e-06,4.316699307214918e-12,1
3482,4.715607564315358e-06,2.636842330564928e-06,4.32126489704948e-12,1
3483,4.715607564315358e-06,2.6357446635034086e-06,4.3258296861738976e-12,1
3484,4.715607564315358e-06,2.6346477682876433e-06,4.330393672683708e-12,1
3485,4.715607564315358e-06,2.6335516441535874e-06,4.334956854680678e-12,1
3486,4.715607564315358e-06,2.632456290338171e-06,4.339519230272778e-12,1
3487,4.715607564315358e-06,2.631361706079299e-06,4.344080797574167e-12,1
3488,4.715607564315358e-06,2.6302678906158466e-06,4.348641554705185e-12,1
3489,4.715607564315358e-06,2.6291748431876628e-06,4.353201499792319e-12,1
3490,4.715607564315358e-06,2.6280825630355625e-06,4.3577606309682105e-12,1
3491,4.715607564315358e-06,2.62699104940133e-06,4.36231894637162e-12,1
3492,4.715607564315358e-06,2.625900301527717e-06,4.366876444147415e-12,1
3493,4.715607564315358e-06,2.6248103186584366e-06,4.37143312244657e-12,1
3494,4.715607564315358e-06,2.6237211000381676e-06,4.3759889794261256e-12,1
3495,4.715607564315358e-06,2.6226326449125496e-06,4.380544013249193e-12,1
3496,4.715607564315358e-06,2.6215449525281825e-06,4.385098222084927e-12,1
3497,4.715607564315358e-06,2.6204580221326243e-06,4.389651604108519e-12,1
3498,4.715607564315358e-06,2.6193718529743914e-06,4.394204157501169e-12,1
3499,4.715607564315358e-06,2.6182864443029544e-06,4.398755880450084e-12,1
3500,4.715607564315358e-06,2.6172017953687392e-06,4.403306771148451e-12,1
3501,4.715607564315358e-06,2.616117905423124e-06,4.407856827795429e-12,1
3502,4.715607564315358e-06,2.6150347737184383e-06,4.412406048596131e-12,1
3503,4.715607564315358e-06,2.6139523995079607e-06,4.416954431761609e-12,1
3504,4.715607564315358e-06,2.612870782045919e-06,4.4215019755088344e-12,1
3505,4.715607564315358e-06,2.611789920587488e-06,4.426048678060687e-12,1
3506,4.715607564315358e-06,2.6107098143887857e-06,4.430594537645948e-12,1
3507,4.715607564315358e-06,2.609630462706877e-06,4.4351395524992585e-12,1
3508,4.715607564315358e-06,2.6085518647997666e-06,4.4396837208611384e-12,1
3509,4.715607564315358e-06,2.607474019926401e-06,4.444227040977947e-12,1
3510,4.715607564315358e-06,2.6063969273466674e-06,4.44876951110187e-12,1
3511,4.715607564315358e-06,2.605320586321389e-06,4.453311129490919e-12,1
3512,4.715607564315358e-06,2.604244996112327e-06,4.4578518944088996e-12,1
3513,4.715607564315358e-06,2.603170155982176e-06,4.462391804125412e-12,1
3514,4.715607564315358e-06,2.6020960651945665e-06,4.466930856915816e-12,1
3515,4.715607564315358e-06,2.601022723014059e-06,4.4714690510612396e-12,1
3516,4.715607564315358e-06,2.599950128706147e-06,4.476006384848544e-12,1
3517,4.715607564315358e-06,2.598878281537251e-06,4.480542856570319e-12,1
3518,4.715607564315358e-06,2.5978071807747206e-06,4.485078464524871e-12,1
3519,4.715607564315358e-06,2.5967368256868325e-06,4.489613207016194e-12,1
3520,4.715607564315358e-06,2.5956672155427865e-06,4.494147082353973e-12,1
3521,4.715607564315358e-06,2.5945983496127076e-06,4.498680088853554e-12,1
3522,4.715607564315358e-06,2.5935302271676413e-06,4.503212224835945e-12,1
3523,4.715607564315358e-06,2.5924628474795568e-06,4.507743488627775e-12,1
3524,4.715607564315358e-06,2.591396209821339e-06,4.512273878561315e-12,1
3525,4.715607564315358e-06,2.5903303134667924e-06,4.5168033929744374e-12,1
3526,4.715607564315358e-06,2.5892651576906385e-06,4.5213320302106046e-12,1
3527,4.715607564315358e-06,2.588200741768513e-06,4.525859788618864e-12,1
3528,4.715607564315358e-06,2.587137064976964e-06,4.530386666553833e-12,1
3529,4.715607564315358e-06,2.586074126593455e-06,4.5349126623756665e-12,1
3530,4.715607564315358e-06,2.585011925896358e-06,4.539437774450067e-12,1
3531,4.715607564315358e-06,2.5839504621649536e-06,4.543962001148261e-12,1
3532,4.715607564315358e-06,2.582889734679433e-06,4.54848534084697e-12,1
3533,4.715607564315358e-06,2.5818297427208916e-06,4.553007791928427e-12,1
3534,4.715607564315358e-06,2.580770485571332e-06,4.557529352780326e-12,1
3535,4.715607564315358e-06,2.5797119625136586e-06,4.562050021795844e-12,1
3536,4.715607564315358e-06,2.57865417283168e-06,4.566569797373595e-12,1
3537,4.715607564315358e-06,2.5775971158101035e-06,4.57108867791764e-12,1
3538,4.715607564315358e-06,2.5765407907345387e-06,4.575606661837457e-12,1
3539,4.715607564315358e-06,2.575485196891492e-06,4.580123747547934e-12,1
3540,4.715607564315358e-06,2.574430333568367e-06,4.5846399334693546e-12,1
3541,4.715607564315358e-06,2.5733762000534616e-06,4.589155218027387e-12,1
