verb,subject,frequency,rank,total,proportion
be,that,17174,1,55335,0.3103641456582633
be,it,9305,2,55335,0.1681575856148911
be,this,3810,3,55335,0.0688533477907292
be,you,3374,4,55335,0.06097406704617331
be,what,2596,5,55335,0.04691424957079606
be,he,1667,6,55335,0.030125598626547394
be,they,1232,7,55335,0.022264389626818468
be,i,1178,8,55335,0.021288515406162466
be,she,1008,9,55335,0.018216318785578747
be,who,970,10,55335,0.017529592482154153
be,those,865,11,55335,0.015632059275323032
be,one,554,12,55335,0.010011746634137526
be,these,482,13,55335,0.008710581006596187
be,we,370,14,55335,0.006686545585976326
be,baby,369,15,55335,0.006668473841149363
be,mommy,271,16,55335,0.004897442848106985
be,nose,268,17,55335,0.0048432276136260955
be,name,258,18,55335,0.004662510165356465
be,ball,212,19,55335,0.0038312099033161653
be,matter,174,20,55335,0.0031444835998915696
be,daddy,155,21,55335,0.0028011204481792717
be,eye,149,22,55335,0.0026926899792174934
be,kitty,135,23,55335,0.002439685551640011
be,shoe,132,24,55335,0.0023854703171591217
be,thing,129,25,55335,0.0023312550826782327
be,book,120,26,55335,0.002168609379235565
be,foot,117,27,55335,0.002114394144754676
be,hand,95,28,55335,0.001716815758561489
be,ear,93,29,55335,0.0016806722689075631
be,danny,85,30,55335,0.0015360983102918587
be,which,81,31,55335,0.0014638113309840065
be,duck,80,32,55335,0.0014457395861570434
be,car,79,33,55335,0.0014276678413300803
be,doggie,79,34,55335,0.0014276678413300803
be,mouth,75,35,55335,0.0013553808620222283
be,hair,68,36,55335,0.001228878648233487
be,dog,67,37,55335,0.0012108069034065239
be,bunny,67,38,55335,0.0012108069034065239
be,cup,67,39,55335,0.0012108069034065239
be,bird,61,40,55335,0.0011023764344447455
be,mama,58,41,55335,0.0010481611999638566
be,+,57,42,55335,0.0010300894551368935
be,block,56,43,55335,0.0010120177103099305
be,spoon,54,44,55335,0.0009758742206560044
be,man,54,45,55335,0.0009758742206560044
be,laura,54,46,55335,0.0009758742206560044
be,animal,53,47,55335,0.0009578024758290413
be,cow,53,48,55335,0.0009578024758290413
be,juice,50,49,55335,0.0009035872413481522
be,bear,48,50,55335,0.000867443751694226
be,belly,48,51,55335,0.000867443751694226
be,nina,46,52,55335,0.0008313002620403
be,food,45,53,55335,0.000813228517213337
be,toe,45,54,55335,0.000813228517213337
be,shirt,43,55,55335,0.0007770850275594109
be,chair,42,56,55335,0.0007590132827324478
be,bottle,42,57,55335,0.0007590132827324478
be,boy,41,58,55335,0.0007409415379054848
be,toy,40,59,55335,0.0007228697930785217
be,pillow,40,60,55335,0.0007228697930785217
be,maggie,40,61,55335,0.0007228697930785217
be,guy,39,62,55335,0.0007047980482515586
be,hat,39,63,55335,0.0007047980482515586
be,cat,38,64,55335,0.0006867263034245957
be,diaper,38,65,55335,0.0006867263034245957
be,water,38,66,55335,0.0006867263034245957
be,chicken,37,67,55335,0.0006686545585976326
be,box,37,68,55335,0.0006686545585976326
be,mouse,37,69,55335,0.0006686545585976326
be,people,36,70,55335,0.0006505828137706696
be,everything,36,71,55335,0.0006505828137706696
be,elephant,36,72,55335,0.0006505828137706696
be,all,36,73,55335,0.0006505828137706696
be,piece,35,74,55335,0.0006325110689437065
be,milk,35,75,55335,0.0006325110689437065
be,leg,35,76,55335,0.0006325110689437065
be,girl,34,77,55335,0.0006144393241167435
be,bubble,34,78,55335,0.0006144393241167435
be,sock,33,79,55335,0.0005963675792897804
be,lion,33,80,55335,0.0005963675792897804
be,paul,32,81,55335,0.0005782958344628174
be,truck,32,82,55335,0.0005782958344628174
be,sheep,32,83,55335,0.0005782958344628174
be,arm,32,84,55335,0.0005782958344628174
be,tail,31,85,55335,0.0005602240896358543
be,tree,31,86,55335,0.0005602240896358543
be,pea,31,87,55335,0.0005602240896358543
be,michael,31,88,55335,0.0005602240896358543
be,tooth,30,89,55335,0.0005421523448088912
be,pig,30,90,55335,0.0005421523448088912
be,crayon,30,91,55335,0.0005421523448088912
be,horsie,29,92,55335,0.0005240805999819283
be,house,29,93,55335,0.0005240805999819283
be,train,29,94,55335,0.0005240805999819283
be,egg,29,95,55335,0.0005240805999819283
be,horse,29,96,55335,0.0005240805999819283
be,head,29,97,55335,0.0005240805999819283
be,dada,28,98,55335,0.0005060088551549652
be,fish,28,99,55335,0.0005060088551549652
be,some,28,100,55335,0.0005060088551549652
be,banana,28,101,55335,0.0005060088551549652
be,moon,27,102,55335,0.0004879371103280022
be,key,27,103,55335,0.0004879371103280022
be,honey,27,104,55335,0.0004879371103280022
be,finger,26,105,55335,0.00046986536550103913
be,picture,26,106,55335,0.00046986536550103913
be,noise,26,107,55335,0.00046986536550103913
be,light,26,108,55335,0.00046986536550103913
be,flower,24,109,55335,0.000433721875847113
be,cookie,24,110,55335,0.000433721875847113
be,pencil,24,111,55335,0.000433721875847113
be,matthew,24,112,55335,0.000433721875847113
be,sun,23,113,55335,0.00041565013102015
be,button,23,114,55335,0.00041565013102015
be,a,22,115,55335,0.00039757838619318696
be,carrot,22,116,55335,0.00039757838619318696
be,pooh,22,117,55335,0.00039757838619318696
be,bug,21,118,55335,0.0003795066413662239
be,tongue,21,119,55335,0.0003795066413662239
be,rabbit,21,120,55335,0.0003795066413662239
be,tv,21,121,55335,0.0003795066413662239
be,monkey,21,122,55335,0.0003795066413662239
be,stick,21,123,55335,0.0003795066413662239
be,activity,21,124,55335,0.0003795066413662239
be,face,20,125,55335,0.00036143489653926085
be,apple,20,126,55335,0.00036143489653926085
be,stuff,20,127,55335,0.00036143489653926085
be,go,19,128,55335,0.00034336315171229785
be,brush,19,129,55335,0.00034336315171229785
be,butterfly,19,130,55335,0.00034336315171229785
be,color,19,131,55335,0.00034336315171229785
be,problem,19,132,55335,0.00034336315171229785
be,coat,19,133,55335,0.00034336315171229785
be,joanna,19,134,55335,0.00034336315171229785
be,timmy,19,135,55335,0.00034336315171229785
be,pizza,19,136,55335,0.00034336315171229785
be,nomi,19,137,55335,0.00034336315171229785
be,yours,18,138,55335,0.0003252914068853348
be,pant,18,139,55335,0.0003252914068853348
be,piggy,18,140,55335,0.0003252914068853348
be,teddy,18,141,55335,0.0003252914068853348
be,mom,18,142,55335,0.0003252914068853348
be,lamb,17,143,55335,0.00030721966205837174
be,paper,17,144,55335,0.00030721966205837174
be,wheel,17,145,55335,0.00030721966205837174
be,jwww,17,146,55335,0.00030721966205837174
be,the,17,147,55335,0.00030721966205837174
be,blue,17,148,55335,0.00030721966205837174
be,farmer,17,149,55335,0.00030721966205837174
be,leaf,17,150,55335,0.00030721966205837174
be,tractor,17,151,55335,0.00030721966205837174
be,restriction,17,152,55335,0.00030721966205837174
be,brycie,17,153,55335,0.00030721966205837174
be,doggy,16,154,55335,0.0002891479172314087
be,fun,16,155,55335,0.0002891479172314087
be,part,16,156,55335,0.0002891479172314087
be,giraffe,16,157,55335,0.0002891479172314087
be,o,15,158,55335,0.0002710761724044456
be,bed,15,159,55335,0.0002710761724044456
be,ya,15,160,55335,0.0002710761724044456
be,clown,15,161,55335,0.0002710761724044456
be,bowl,15,162,55335,0.0002710761724044456
be,today,15,163,55335,0.0002710761724044456
be,time,15,164,55335,0.0002710761724044456
be,frog,15,165,55335,0.0002710761724044456
be,phone,15,166,55335,0.0002710761724044456
be,somebody,15,167,55335,0.0002710761724044456
be,john,15,168,55335,0.0002710761724044456
be,puppy,14,169,55335,0.0002530044275774826
be,towel,14,170,55335,0.0002530044275774826
be,plate,14,171,55335,0.0002530044275774826
be,toothbrush,14,172,55335,0.0002530044275774826
be,cheese,14,173,55335,0.0002530044275774826
be,pumpkin,14,174,55335,0.0002530044275774826
be,soap,14,175,55335,0.0002530044275774826
be,jamie,14,176,55335,0.0002530044275774826
be,door,13,177,55335,0.00023493268275051957
be,word,13,178,55335,0.00023493268275051957
be,letter,13,179,55335,0.00023493268275051957
be,something,13,180,55335,0.00023493268275051957
be,rest,13,181,55335,0.00023493268275051957
be,puzzle,13,182,55335,0.00023493268275051957
be,recorder,13,183,55335,0.00023493268275051957
be,bell,13,184,55335,0.00023493268275051957
be,fork,13,185,55335,0.00023493268275051957
be,doll,13,186,55335,0.00023493268275051957
be,mm,13,187,55335,0.00023493268275051957
be,elmo,13,188,55335,0.00023493268275051957
be,seth,13,189,55335,0.00023493268275051957
be,shower,13,190,55335,0.00023493268275051957
be,watch,13,191,55335,0.00023493268275051957
be,table,12,192,55335,0.0002168609379235565
be,ring,12,193,55335,0.0002168609379235565
be,telephone,12,194,55335,0.0002168609379235565
be,someone,12,195,55335,0.0002168609379235565
be,child,12,196,55335,0.0002168609379235565
be,bag,12,197,55335,0.0002168609379235565
be,lady,12,198,55335,0.0002168609379235565
be,tape,12,199,55335,0.0002168609379235565
be,nana,12,200,55335,0.0002168609379235565
be,cream,12,201,55335,0.0002168609379235565
be,star,12,202,55335,0.0002168609379235565
be,kiss,12,203,55335,0.0002168609379235565
be,pg,12,204,55335,0.0002168609379235565
be,op,12,205,55335,0.0002168609379235565
be,andrew,12,206,55335,0.0002168609379235565
be,balloon,11,207,55335,0.00019878919309659348
be,hole,11,208,55335,0.00019878919309659348
be,airplane,11,209,55335,0.00019878919309659348
be,whose,11,210,55335,0.00019878919309659348
be,strawberry,11,211,55335,0.00019878919309659348
be,penny,11,212,55335,0.00019878919309659348
be,tummy,11,213,55335,0.00019878919309659348
be,your,11,214,55335,0.00019878919309659348
be,day,11,215,55335,0.00019878919309659348
be,mandy,11,216,55335,0.00019878919309659348
be,froggie,11,217,55335,0.00019878919309659348
be,birdie,11,218,55335,0.00019878919309659348
be,refrigerator,11,219,55335,0.00019878919309659348
be,us,10,220,55335,0.00018071744826963042
be,kitten,10,221,55335,0.00018071744826963042
be,dinner,10,222,55335,0.00018071744826963042
be,most,10,223,55335,0.00018071744826963042
be,red,10,224,55335,0.00018071744826963042
be,eric,10,225,55335,0.00018071744826963042
be,trouble,10,226,55335,0.00018071744826963042
be,hammer,10,227,55335,0.00018071744826963042
be,breakfast,10,228,55335,0.00018071744826963042
be,room,10,229,55335,0.00018071744826963042
be,dillon,10,230,55335,0.00018071744826963042
be,blanket,10,231,55335,0.00018071744826963042
be,clothe,10,232,55335,0.00018071744826963042
be,jaylen,10,233,55335,0.00018071744826963042
be,jacob,10,234,55335,0.00018071744826963042
be,football,10,235,55335,0.00018071744826963042
be,joe,10,236,55335,0.00018071744826963042
be,sound,10,237,55335,0.00018071744826963042
be,eve,10,238,55335,0.00018071744826963042
be,trunk,10,239,55335,0.00018071744826963042
be,penguin,10,240,55335,0.00018071744826963042
be,zebra,10,241,55335,0.00018071744826963042
be,rachel,10,242,55335,0.00018071744826963042
be,clock,9,243,55335,0.0001626457034426674
be,kangaroo,9,244,55335,0.0001626457034426674
be,squirrel,9,245,55335,0.0001626457034426674
be,suitcase,9,246,55335,0.0001626457034426674
be,potato,9,247,55335,0.0001626457034426674
be,top,9,248,55335,0.0001626457034426674
be,peter,9,249,55335,0.0001626457034426674
be,swww,9,250,55335,0.0001626457034426674
be,useta,9,251,55335,0.0001626457034426674
be,chin,9,252,55335,0.0001626457034426674
be,friend,9,253,55335,0.0001626457034426674
be,lid,9,254,55335,0.0001626457034426674
be,boat,9,255,55335,0.0001626457034426674
be,cooky,9,256,55335,0.0001626457034426674
be,bark,9,257,55335,0.0001626457034426674
be,money,9,258,55335,0.0001626457034426674
be,boot,9,259,55335,0.0001626457034426674
be,sarah,9,260,55335,0.0001626457034426674
be,orange,9,261,55335,0.0001626457034426674
be,daniel,9,262,55335,0.0001626457034426674
be,dinosaur,9,263,55335,0.0001626457034426674
be,gonga,9,264,55335,0.0001626457034426674
be,circle,8,265,55335,0.00014457395861570434
be,d,8,266,55335,0.00014457395861570434
be,thumb,8,267,55335,0.00014457395861570434
be,bathtub,8,268,55335,0.00014457395861570434
be,bike,8,269,55335,0.00014457395861570434
be,dwww,8,270,55335,0.00014457395861570434
be,page,8,271,55335,0.00014457395861570434
be,bread,8,272,55335,0.00014457395861570434
be,glass,8,273,55335,0.00014457395861570434
be,duckie,8,274,55335,0.00014457395861570434
be,dish,8,275,55335,0.00014457395861570434
be,rooster,8,276,55335,0.00014457395861570434
be,fence,8,277,55335,0.00014457395861570434
be,tabitha,8,278,55335,0.00014457395861570434
be,dad,8,279,55335,0.00014457395861570434
be,caterpillar,8,280,55335,0.00014457395861570434
be,god,8,281,55335,0.00014457395861570434
be,wall,8,282,55335,0.00014457395861570434
be,pan,8,283,55335,0.00014457395861570434
be,sink,8,284,55335,0.00014457395861570434
be,do,8,285,55335,0.00014457395861570434
be,brother,8,286,55335,0.00014457395861570434
be,comb,8,287,55335,0.00014457395861570434
be,colin,8,288,55335,0.00014457395861570434
be,francis,8,289,55335,0.00014457395861570434
be,bottom,8,290,55335,0.00014457395861570434
be,jug,8,291,55335,0.00014457395861570434
be,bootie,8,292,55335,0.00014457395861570434
be,stone,8,293,55335,0.00014457395861570434
be,bead,7,294,55335,0.0001265022137887413
be,square,7,295,55335,0.0001265022137887413
be,triangle,7,296,55335,0.0001265022137887413
be,c,7,297,55335,0.0001265022137887413
be,two,7,298,55335,0.0001265022137887413
be,barrette,7,299,55335,0.0001265022137887413
be,nothing,7,300,55335,0.0001265022137887413
be,kind,7,301,55335,0.0001265022137887413
be,pen,7,302,55335,0.0001265022137887413
be,bowwow,7,303,55335,0.0001265022137887413
be,mwww,7,304,55335,0.0001265022137887413
be,morgan,7,305,55335,0.0001265022137887413
be,side,7,306,55335,0.0001265022137887413
be,hayley,7,307,55335,0.0001265022137887413
be,knee,7,308,55335,0.0001265022137887413
be,washcloth,7,309,55335,0.0001265022137887413
be,medicine,7,310,55335,0.0001265022137887413
be,way,7,311,55335,0.0001265022137887413
be,cover,7,312,55335,0.0001265022137887413
be,bite,7,313,55335,0.0001265022137887413
be,bus,7,314,55335,0.0001265022137887413
be,choo,7,315,55335,0.0001265022137887413
be,grape,7,316,55335,0.0001265022137887413
be,poohbear,7,317,55335,0.0001265022137887413
be,piggys,7,318,55335,0.0001265022137887413
be,june,7,319,55335,0.0001265022137887413
be,erin,7,320,55335,0.0001265022137887413
be,break,7,321,55335,0.0001265022137887413
be,liam,7,322,55335,0.0001265022137887413
be,elbow,7,323,55335,0.0001265022137887413
be,kalie,7,324,55335,0.0001265022137887413
be,person,6,325,55335,0.00010843046896177825
be,basket,6,326,55335,0.00010843046896177825
be,chickie,6,327,55335,0.00010843046896177825
be,sister,6,328,55335,0.00010843046896177825
be,h,6,329,55335,0.00010843046896177825
be,andy,6,330,55335,0.00010843046896177825
be,toast,6,331,55335,0.00010843046896177825
be,green,6,332,55335,0.00010843046896177825
be,soldier,6,333,55335,0.00010843046896177825
be,bellybutton,6,334,55335,0.00010843046896177825
be,uhoh,6,335,55335,0.00010843046896177825
be,spot,6,336,55335,0.00010843046896177825
be,point,6,337,55335,0.00010843046896177825
be,brisco,6,338,55335,0.00010843046896177825
be,mickey,6,339,55335,0.00010843046896177825
be,soup,6,340,55335,0.00010843046896177825
be,floor,6,341,55335,0.00010843046896177825
be,handle,6,342,55335,0.00010843046896177825
be,rock,6,343,55335,0.00010843046896177825
be,alexander,6,344,55335,0.00010843046896177825
be,bee,6,345,55335,0.00010843046896177825
be,street,6,346,55335,0.00010843046896177825
be,window,6,347,55335,0.00010843046896177825
be,patch,6,348,55335,0.00010843046896177825
be,game,6,349,55335,0.00010843046896177825
be,carl,6,350,55335,0.00010843046896177825
be,story,6,351,55335,0.00010843046896177825
be,tootsie,6,352,55335,0.00010843046896177825
be,kid,6,353,55335,0.00010843046896177825
be,cname,6,354,55335,0.00010843046896177825
be,corn,6,355,55335,0.00010843046896177825
be,oven,6,356,55335,0.00010843046896177825
be,piggie,6,357,55335,0.00010843046896177825
be,life,6,358,55335,0.00010843046896177825
be,smile,6,359,55335,0.00010843046896177825
be,spider,6,360,55335,0.00010843046896177825
be,goofy,6,361,55335,0.00010843046896177825
be,peck,6,362,55335,0.00010843046896177825
be,choice,6,363,55335,0.00010843046896177825
be,scale,6,364,55335,0.00010843046896177825
be,melissa,6,365,55335,0.00010843046896177825
be,t,5,366,55335,9.035872413481521e-05
be,b,5,367,55335,9.035872413481521e-05
be,ducky,5,368,55335,9.035872413481521e-05
be,woof,5,369,55335,9.035872413481521e-05
be,turtle,5,370,55335,9.035872413481521e-05
be,whatever,5,371,55335,9.035872413481521e-05
be,crib,5,372,55335,9.035872413481521e-05
be,engine,5,373,55335,9.035872413481521e-05
be,mine,5,374,55335,9.035872413481521e-05
be,place,5,375,55335,9.035872413481521e-05
be,birthday,5,376,55335,9.035872413481521e-05
be,where,5,377,55335,9.035872413481521e-05
be,monster,5,378,55335,9.035872413481521e-05
be,lunch,5,379,55335,9.035872413481521e-05
be,pile,5,380,55335,9.035872413481521e-05
be,chip,5,381,55335,9.035872413481521e-05
be,hippo,5,382,55335,9.035872413481521e-05
be,mooshas,5,383,55335,9.035872413481521e-05
be,bat,5,384,55335,9.035872413481521e-05
be,umbrella,5,385,55335,9.035872413481521e-05
be,dakota,5,386,55335,9.035872413481521e-05
be,bingo,5,387,55335,9.035872413481521e-05
be,favorite,5,388,55335,9.035872413481521e-05
be,brown,5,389,55335,9.035872413481521e-05
be,mother,5,390,55335,9.035872413481521e-05
be,coffee,5,391,55335,9.035872413481521e-05
be,camera,5,392,55335,9.035872413481521e-05
be,baba,5,393,55335,9.035872413481521e-05
be,three,5,394,55335,9.035872413481521e-05
be,look,5,395,55335,9.035872413481521e-05
be,stove,5,396,55335,9.035872413481521e-05
be,chick,5,397,55335,9.035872413481521e-05
be,mrpotatohead,5,398,55335,9.035872413481521e-05
be,jakey,5,399,55335,9.035872413481521e-05
be,brandon,5,400,55335,9.035872413481521e-05
be,blankie,5,401,55335,9.035872413481521e-05
be,snake,5,402,55335,9.035872413481521e-05
be,stefan,5,403,55335,9.035872413481521e-05
be,taperecorder,5,404,55335,9.035872413481521e-05
be,norman,5,405,55335,9.035872413481521e-05
be,lexy,5,406,55335,9.035872413481521e-05
be,corinna,5,407,55335,9.035872413481521e-05
be,abbie,5,408,55335,9.035872413481521e-05
be,tire,5,409,55335,9.035872413481521e-05
be,potty,5,410,55335,9.035872413481521e-05
be,motorcycle,5,411,55335,9.035872413481521e-05
be,mustache,5,412,55335,9.035872413481521e-05
be,georgie,5,413,55335,9.035872413481521e-05
be,lot,4,414,55335,7.228697930785217e-05
be,sandy,4,415,55335,7.228697930785217e-05
be,e,4,416,55335,7.228697930785217e-05
be,k,4,417,55335,7.228697930785217e-05
be,slipper,4,418,55335,7.228697930785217e-05
be,mirror,4,419,55335,7.228697930785217e-05
be,pocket,4,420,55335,7.228697930785217e-05
be,tunnel,4,421,55335,7.228697930785217e-05
be,end,4,422,55335,7.228697930785217e-05
be,purse,4,423,55335,7.228697930785217e-05
be,screwdriver,4,424,55335,7.228697930785217e-05
be,butter,4,425,55335,7.228697930785217e-05
be,//.,4,426,55335,7.228697930785217e-05
be,kwww,4,427,55335,7.228697930785217e-05
be,katie,4,428,55335,7.228697930785217e-05
be,mess,4,429,55335,7.228697930785217e-05
be,ernie,4,430,55335,7.228697930785217e-05
be,drop,4,431,55335,7.228697930785217e-05
be,grover,4,432,55335,7.228697930785217e-05
be,tom,4,433,55335,7.228697930785217e-05
be,son,4,434,55335,7.228697930785217e-05
be,purple,4,435,55335,7.228697930785217e-05
be,max,4,436,55335,7.228697930785217e-05
be,fly,4,437,55335,7.228697930785217e-05
be,yogurt,4,438,55335,7.228697930785217e-05
be,grass,4,439,55335,7.228697930785217e-05
be,cake,4,440,55335,7.228697930785217e-05
be,nala,4,441,55335,7.228697930785217e-05
be,simba,4,442,55335,7.228697930785217e-05
be,drink,4,443,55335,7.228697930785217e-05
be,noodle,4,444,55335,7.228697930785217e-05
be,neck,4,445,55335,7.228697930785217e-05
be,sky,4,446,55335,7.228697930785217e-05
be,short,4,447,55335,7.228697930785217e-05
be,trash,4,448,55335,7.228697930785217e-05
be,heart,4,449,55335,7.228697930785217e-05
be,adam,4,450,55335,7.228697930785217e-05
be,number,4,451,55335,7.228697930785217e-05
be,alex,4,452,55335,7.228697930785217e-05
be,cinderella,4,453,55335,7.228697930785217e-05
be,easter,4,454,55335,7.228697930785217e-05
be,turkey,4,455,55335,7.228697930785217e-05
be,hen,4,456,55335,7.228697930785217e-05
be,thirsty,4,457,55335,7.228697930785217e-05
be,cracker,4,458,55335,7.228697930785217e-05
be,papa,4,459,55335,7.228697930785217e-05
be,difference,4,460,55335,7.228697930785217e-05
be,ne,4,461,55335,7.228697930785217e-05
be,ketchup,4,462,55335,7.228697930785217e-05
be,other,4,463,55335,7.228697930785217e-05
be,issue,4,464,55335,7.228697930785217e-05
be,heather,4,465,55335,7.228697930785217e-05
be,noah,4,466,55335,7.228697930785217e-05
be,music,4,467,55335,7.228697930785217e-05
be,white,4,468,55335,7.228697930785217e-05
be,claw,4,469,55335,7.228697930785217e-05
be,bobby,4,470,55335,7.228697930785217e-05
be,ross,4,471,55335,7.228697930785217e-05
be,cookie_monster,4,472,55335,7.228697930785217e-05
be,nathan,4,473,55335,7.228697930785217e-05
be,amanda,4,474,55335,7.228697930785217e-05
be,tiger,4,475,55335,7.228697930785217e-05
be,icecream,4,476,55335,7.228697930785217e-05
be,highchair,4,477,55335,7.228697930785217e-05
be,sandra,4,478,55335,7.228697930785217e-05
be,rope,4,479,55335,7.228697930785217e-05
be,eddie,4,480,55335,7.228697930785217e-05
be,oatmeal,4,481,55335,7.228697930785217e-05
be,yellow,4,482,55335,7.228697930785217e-05
be,nickel,4,483,55335,7.228697930785217e-05
be,volcano,4,484,55335,7.228697930785217e-05
be,clip,4,485,55335,7.228697930785217e-05
be,joseph,4,486,55335,7.228697930785217e-05
be,roof,4,487,55335,7.228697930785217e-05
be,frank,4,488,55335,7.228697930785217e-05
be,puppet,3,489,55335,5.421523448088913e-05
be,nobody,3,490,55335,5.421523448088913e-05
be,sneaker,3,491,55335,5.421523448088913e-05
be,gail,3,492,55335,5.421523448088913e-05
be,jesse,3,493,55335,5.421523448088913e-05
be,peekaboo,3,494,55335,5.421523448088913e-05
be,judy,3,495,55335,5.421523448088913e-05
be,everybody,3,496,55335,5.421523448088913e-05
be,dragon,3,497,55335,5.421523448088913e-05
be,date,3,498,55335,5.421523448088913e-05
be,sort,3,499,55335,5.421523448088913e-05
be,lake,3,500,55335,5.421523448088913e-05
be,castle,3,501,55335,5.421523448088913e-05
be,hose,3,502,55335,5.421523448088913e-05
be,donkey,3,503,55335,5.421523448088913e-05
be,more,3,504,55335,5.421523448088913e-05
be,seesaw,3,505,55335,5.421523448088913e-05
be,moo,3,506,55335,5.421523448088913e-05
be,no,3,507,55335,5.421523448088913e-05
be,stroller,3,508,55335,5.421523448088913e-05
be,home,3,509,55335,5.421523448088913e-05
be,mummy,3,510,55335,5.421523448088913e-05
be,ewww,3,511,55335,5.421523448088913e-05
be,cereal,3,512,55335,5.421523448088913e-05
be,mimi,3,513,55335,5.421523448088913e-05
be,sandwich,3,514,55335,5.421523448088913e-05
be,maddy,3,515,55335,5.421523448088913e-05
be,sue,3,516,55335,5.421523448088913e-05
be,dolly,3,517,55335,5.421523448088913e-05
be,jack,3,518,55335,5.421523448088913e-05
be,card,3,519,55335,5.421523448088913e-05
be,plant,3,520,55335,5.421523448088913e-05
be,kitty_cat,3,521,55335,5.421523448088913e-05
be,pie,3,522,55335,5.421523448088913e-05
be,cj,3,523,55335,5.421523448088913e-05
be,vegetable,3,524,55335,5.421523448088913e-05
be,broom,3,525,55335,5.421523448088913e-05
be,swing,3,526,55335,5.421523448088913e-05
be,belt,3,527,55335,5.421523448088913e-05
be,my,3,528,55335,5.421523448088913e-05
be,deal,3,529,55335,5.421523448088913e-05
be,shape,3,530,55335,5.421523448088913e-05
be,ground,3,531,55335,5.421523448088913e-05
be,bunch,3,532,55335,5.421523448088913e-05
be,many,3,533,55335,5.421523448088913e-05
be,pool,3,534,55335,5.421523448088913e-05
be,branch,3,535,55335,5.421523448088913e-05
be,none,3,536,55335,5.421523448088913e-05
be,jay,3,537,55335,5.421523448088913e-05
be,mooshaboosh,3,538,55335,5.421523448088913e-05
be,grandma,3,539,55335,5.421523448088913e-05
be,microphone,3,540,55335,5.421523448088913e-05
be,mail,3,541,55335,5.421523448088913e-05
be,barn,3,542,55335,5.421523448088913e-05
be,sunshine,3,543,55335,5.421523448088913e-05
be,spinach,3,544,55335,5.421523448088913e-05
be,say,3,545,55335,5.421523448088913e-05
be,hedgehog,3,546,55335,5.421523448088913e-05
be,hold,3,547,55335,5.421523448088913e-05
be,bert,3,548,55335,5.421523448088913e-05
be,bone,3,549,55335,5.421523448088913e-05
be,front,3,550,55335,5.421523448088913e-05
be,remote,3,551,55335,5.421523448088913e-05
be,buzz,3,552,55335,5.421523448088913e-05
be,clean,3,553,55335,5.421523448088913e-05
be,kathy,3,554,55335,5.421523448088913e-05
be,celery,3,555,55335,5.421523448088913e-05
be,david,3,556,55335,5.421523448088913e-05
be,tinkertoy,3,557,55335,5.421523448088913e-05
be,becky,3,558,55335,5.421523448088913e-05
be,pickle,3,559,55335,5.421523448088913e-05
be,hotdog,3,560,55335,5.421523448088913e-05
be,beba,3,561,55335,5.421523448088913e-05
be,waffle,3,562,55335,5.421523448088913e-05
be,mud,3,563,55335,5.421523448088913e-05
be,anybody,3,564,55335,5.421523448088913e-05
be,potatohead,3,565,55335,5.421523448088913e-05
be,wing,3,566,55335,5.421523448088913e-05
be,object,3,567,55335,5.421523448088913e-05
be,lina,3,568,55335,5.421523448088913e-05
be,mmm,3,569,55335,5.421523448088913e-05
be,jenna,3,570,55335,5.421523448088913e-05
be,emma,3,571,55335,5.421523448088913e-05
be,momma,3,572,55335,5.421523448088913e-05
be,dana,3,573,55335,5.421523448088913e-05
be,yum,3,574,55335,5.421523448088913e-05
be,spatula,3,575,55335,5.421523448088913e-05
be,jerek,3,576,55335,5.421523448088913e-05
be,dress,3,577,55335,5.421523448088913e-05
be,here,3,578,55335,5.421523448088913e-05
be,puttaputta,3,579,55335,5.421523448088913e-05
be,pipe,3,580,55335,5.421523448088913e-05
be,yeh,3,581,55335,5.421523448088913e-05
be,half,3,582,55335,5.421523448088913e-05
be,christopher,3,583,55335,5.421523448088913e-05
be,kristen,3,584,55335,5.421523448088913e-05
be,krystal,3,585,55335,5.421523448088913e-05
be,calf,3,586,55335,5.421523448088913e-05
be,elana,3,587,55335,5.421523448088913e-05
be,any,3,588,55335,5.421523448088913e-05
be,crumb,3,589,55335,5.421523448088913e-05
be,kitchen,3,590,55335,5.421523448088913e-05
be,soda,3,591,55335,5.421523448088913e-05
be,fat,3,592,55335,5.421523448088913e-05
be,cash,3,593,55335,5.421523448088913e-05
be,driver,3,594,55335,5.421523448088913e-05
be,travis,3,595,55335,5.421523448088913e-05
be,mot,3,596,55335,5.421523448088913e-05
be,theo,3,597,55335,5.421523448088913e-05
be,cooker,2,598,55335,3.6143489653926085e-05
be,stair,2,599,55335,3.6143489653926085e-05
be,fire,2,600,55335,3.6143489653926085e-05
be,dog_dog,2,601,55335,3.6143489653926085e-05
be,zipper,2,602,55335,3.6143489653926085e-05
be,snap,2,603,55335,3.6143489653926085e-05
be,ant,2,604,55335,3.6143489653926085e-05
be,f,2,605,55335,3.6143489653926085e-05
be,g,2,606,55335,3.6143489653926085e-05
be,m,2,607,55335,3.6143489653926085e-05
be,q,2,608,55335,3.6143489653926085e-05
be,r,2,609,55335,3.6143489653926085e-05
be,w,2,610,55335,3.6143489653926085e-05
be,voice,2,611,55335,3.6143489653926085e-05
be,pat,2,612,55335,3.6143489653926085e-05
be,lena,2,613,55335,3.6143489653926085e-05
be,quack,2,614,55335,3.6143489653926085e-05
be,seat,2,615,55335,3.6143489653926085e-05
be,bridge,2,616,55335,3.6143489653926085e-05
be,reason,2,617,55335,3.6143489653926085e-05
be,anything,2,618,55335,3.6143489653926085e-05
be,pear,2,619,55335,3.6143489653926085e-05
be,harmonica,2,620,55335,3.6143489653926085e-05
be,oop,2,621,55335,3.6143489653926085e-05
be,garage,2,622,55335,3.6143489653926085e-05
be,byebye,2,623,55335,3.6143489653926085e-05
be,serena,2,624,55335,3.6143489653926085e-05
be,deedee,2,625,55335,3.6143489653926085e-05
be,cwww,2,626,55335,3.6143489653926085e-05
be,straw,2,627,55335,3.6143489653926085e-05
be,susie,2,628,55335,3.6143489653926085e-05
be,sherbet,2,629,55335,3.6143489653926085e-05
be,poppy,2,630,55335,3.6143489653926085e-05
be,gwww,2,631,55335,3.6143489653926085e-05
be,four,2,632,55335,3.6143489653926085e-05
be,oigan,2,633,55335,3.6143489653926085e-05
be,knife,2,634,55335,3.6143489653926085e-05
be,jody,2,635,55335,3.6143489653926085e-05
be,poo,2,636,55335,3.6143489653926085e-05
be,thor,2,637,55335,3.6143489653926085e-05
be,plane,2,638,55335,3.6143489653926085e-05
be,goat,2,639,55335,3.6143489653926085e-05
be,peanut,2,640,55335,3.6143489653926085e-05
be,sean,2,641,55335,3.6143489653926085e-05
be,wind,2,642,55335,3.6143489653926085e-05
be,moose,2,643,55335,3.6143489653926085e-05
be,back,2,644,55335,3.6143489653926085e-05
be,parrot,2,645,55335,3.6143489653926085e-05
be,peach,2,646,55335,3.6143489653926085e-05
be,piglet,2,647,55335,3.6143489653926085e-05
be,sponge,2,648,55335,3.6143489653926085e-05
be,beginning,2,649,55335,3.6143489653926085e-05
be,wanna,2,650,55335,3.6143489653926085e-05
be,bathroom,2,651,55335,3.6143489653926085e-05
be,bummie,2,652,55335,3.6143489653926085e-05
be,winnie_the_pooh,2,653,55335,3.6143489653926085e-05
be,bean,2,654,55335,3.6143489653926085e-05
be,shade,2,655,55335,3.6143489653926085e-05
be,raisin,2,656,55335,3.6143489653926085e-05
be,squirrelie,2,657,55335,3.6143489653926085e-05
be,cupcake,2,658,55335,3.6143489653926085e-05
be,jeff,2,659,55335,3.6143489653926085e-05
be,fan,2,660,55335,3.6143489653926085e-05
be,everyone,2,661,55335,3.6143489653926085e-05
be,another,2,662,55335,3.6143489653926085e-05
be,heat,2,663,55335,3.6143489653926085e-05
be,his,2,664,55335,3.6143489653926085e-05
be,lime,2,665,55335,3.6143489653926085e-05
be,mootiemooshas,2,666,55335,3.6143489653926085e-05
be,boo,2,667,55335,3.6143489653926085e-05
be,air,2,668,55335,3.6143489653926085e-05
be,timmer,2,669,55335,3.6143489653926085e-05
be,v,2,670,55335,3.6143489653926085e-05
be,hay,2,671,55335,3.6143489653926085e-05
be,terry,2,672,55335,3.6143489653926085e-05
be,wand,2,673,55335,3.6143489653926085e-05
be,policeman,2,674,55335,3.6143489653926085e-05
be,clifford,2,675,55335,3.6143489653926085e-05
be,seven,2,676,55335,3.6143489653926085e-05
be,hasta,2,677,55335,3.6143489653926085e-05
be,henry,2,678,55335,3.6143489653926085e-05
be,kim,2,679,55335,3.6143489653926085e-05
be,party,2,680,55335,3.6143489653926085e-05
be,sealie,2,681,55335,3.6143489653926085e-05
be,mister,2,682,55335,3.6143489653926085e-05
be,yuli,2,683,55335,3.6143489653926085e-05
be,jesus,2,684,55335,3.6143489653926085e-05
be,ichabod,2,685,55335,3.6143489653926085e-05
be,babe,2,686,55335,3.6143489653926085e-05
be,kelly,2,687,55335,3.6143489653926085e-05
be,film,2,688,55335,3.6143489653926085e-05
be,granddaddy,2,689,55335,3.6143489653926085e-05
be,span,2,690,55335,3.6143489653926085e-05
be,grandaddy,2,691,55335,3.6143489653926085e-05
be,ten,2,692,55335,3.6143489653926085e-05
be,bill,2,693,55335,3.6143489653926085e-05
be,movie,2,694,55335,3.6143489653926085e-05
be,mommy'll,2,695,55335,3.6143489653926085e-05
be,banjo,2,696,55335,3.6143489653926085e-05
be,panty,2,697,55335,3.6143489653926085e-05
be,pad,2,698,55335,3.6143489653926085e-05
be,cromer,2,699,55335,3.6143489653926085e-05
be,fraser,2,700,55335,3.6143489653926085e-05
be,bicycle,2,701,55335,3.6143489653926085e-05
be,mom'll,2,702,55335,3.6143489653926085e-05
be,jumping,2,703,55335,3.6143489653926085e-05
be,taxi,2,704,55335,3.6143489653926085e-05
be,frosty,2,705,55335,3.6143489653926085e-05
be,ladle,2,706,55335,3.6143489653926085e-05
be,snack,2,707,55335,3.6143489653926085e-05
be,eyelash,2,708,55335,3.6143489653926085e-05
be,dip,2,709,55335,3.6143489653926085e-05
be,bun,2,710,55335,3.6143489653926085e-05
be,mustard,2,711,55335,3.6143489653926085e-05
be,syrup,2,712,55335,3.6143489653926085e-05
be,else,2,713,55335,3.6143489653926085e-05
be,board,2,714,55335,3.6143489653926085e-05
be,cylinder,2,715,55335,3.6143489653926085e-05
be,tub,2,716,55335,3.6143489653926085e-05
be,sunglass,2,717,55335,3.6143489653926085e-05
be,cooking,2,718,55335,3.6143489653926085e-05
be,shampoo,2,719,55335,3.6143489653926085e-05
be,pot,2,720,55335,3.6143489653926085e-05
be,sandel,2,721,55335,3.6143489653926085e-05
be,rule,2,722,55335,3.6143489653926085e-05
be,necklace,2,723,55335,3.6143489653926085e-05
be,jessica,2,724,55335,3.6143489653926085e-05
be,sage,2,725,55335,3.6143489653926085e-05
be,bonzie,2,726,55335,3.6143489653926085e-05
be,elaina,2,727,55335,3.6143489653926085e-05
be,family,2,728,55335,3.6143489653926085e-05
be,buddy,2,729,55335,3.6143489653926085e-05
be,hmm,2,730,55335,3.6143489653926085e-05
be,show,2,731,55335,3.6143489653926085e-05
be,footsie,2,732,55335,3.6143489653926085e-05
be,joshua,2,733,55335,3.6143489653926085e-05
be,grampa,2,734,55335,3.6143489653926085e-05
be,sundae,2,735,55335,3.6143489653926085e-05
be,rain,2,736,55335,3.6143489653926085e-05
be,pajama,2,737,55335,3.6143489653926085e-05
be,christmas,2,738,55335,3.6143489653926085e-05
be,wiper,2,739,55335,3.6143489653926085e-05
be,ambulance,2,740,55335,3.6143489653926085e-05
be,call,2,741,55335,3.6143489653926085e-05
be,bebe,2,742,55335,3.6143489653926085e-05
be,seal,2,743,55335,3.6143489653926085e-05
be,dolphin,2,744,55335,3.6143489653926085e-05
be,safe,2,745,55335,3.6143489653926085e-05
be,ice,2,746,55335,3.6143489653926085e-05
be,seaweed,2,747,55335,3.6143489653926085e-05
be,gepetto,2,748,55335,3.6143489653926085e-05
be,uhhuh,2,749,55335,3.6143489653926085e-05
be,prince,2,750,55335,3.6143489653926085e-05
be,pinocchio,2,751,55335,3.6143489653926085e-05
be,cook,2,752,55335,3.6143489653926085e-05
be,ratchael,2,753,55335,3.6143489653926085e-05
be,mike,2,754,55335,3.6143489653926085e-05
be,micah,2,755,55335,3.6143489653926085e-05
be,owl,2,756,55335,3.6143489653926085e-05
be,zack,2,757,55335,3.6143489653926085e-05
be,davidal,2,758,55335,3.6143489653926085e-05
be,laurie,2,759,55335,3.6143489653926085e-05
be,second,2,760,55335,3.6143489653926085e-05
be,erica,2,761,55335,3.6143489653926085e-05
be,liz,2,762,55335,3.6143489653926085e-05
be,panda,2,763,55335,3.6143489653926085e-05
be,puppys,2,764,55335,3.6143489653926085e-05
be,ghost,2,765,55335,3.6143489653926085e-05
be,benjamin,2,766,55335,3.6143489653926085e-05
be,element,2,767,55335,3.6143489653926085e-05
be,grandparent,2,768,55335,3.6143489653926085e-05
be,hettie,2,769,55335,3.6143489653926085e-05
be,type,2,770,55335,3.6143489653926085e-05
be,grandpa,2,771,55335,3.6143489653926085e-05
be,bak_bak,2,772,55335,3.6143489653926085e-05
be,otter,2,773,55335,3.6143489653926085e-05
be,sasha,2,774,55335,3.6143489653926085e-05
be,rosie,2,775,55335,3.6143489653926085e-05
be,sticker,2,776,55335,3.6143489653926085e-05
be,sentence,2,777,55335,3.6143489653926085e-05
be,character,2,778,55335,3.6143489653926085e-05
be,taste,2,779,55335,3.6143489653926085e-05
be,vocabulary,2,780,55335,3.6143489653926085e-05
be,keyboard,2,781,55335,3.6143489653926085e-05
be,label,2,782,55335,3.6143489653926085e-05
be,feature,2,783,55335,3.6143489653926085e-05
be,script,2,784,55335,3.6143489653926085e-05
be,whoever,2,785,55335,3.6143489653926085e-05
be,item,2,786,55335,3.6143489653926085e-05
be,jammie,2,787,55335,3.6143489653926085e-05
be,string,2,788,55335,3.6143489653926085e-05
be,oahu,2,789,55335,3.6143489653926085e-05
be,teriyaki,2,790,55335,3.6143489653926085e-05
be,weener,2,791,55335,3.6143489653926085e-05
be,plumeria,2,792,55335,3.6143489653926085e-05
be,tomorrow,2,793,55335,3.6143489653926085e-05
be,kiawe,2,794,55335,3.6143489653926085e-05
be,class,2,795,55335,3.6143489653926085e-05
be,geese,2,796,55335,3.6143489653926085e-05
be,bedroom,2,797,55335,3.6143489653926085e-05
be,nancy,2,798,55335,3.6143489653926085e-05
be,cheerio,2,799,55335,3.6143489653926085e-05
be,tray,2,800,55335,3.6143489653926085e-05
be,sore,2,801,55335,3.6143489653926085e-05
be,hedge,2,802,55335,3.6143489653926085e-05
be,imitation,2,803,55335,3.6143489653926085e-05
be,cheek,2,804,55335,3.6143489653926085e-05
be,squash,2,805,55335,3.6143489653926085e-05
be,lookee,2,806,55335,3.6143489653926085e-05
be,gate,2,807,55335,3.6143489653926085e-05
be,brittany,2,808,55335,3.6143489653926085e-05
be,alligator,2,809,55335,3.6143489653926085e-05
be,thingy,2,810,55335,3.6143489653926085e-05
be,sword,2,811,55335,3.6143489653926085e-05
be,harrow,2,812,55335,3.6143489653926085e-05
be,diplodocus,2,813,55335,3.6143489653926085e-05
be,rex,2,814,55335,3.6143489653926085e-05
be,kermit,2,815,55335,3.6143489653926085e-05
be,sweetheart,2,816,55335,3.6143489653926085e-05
be,naomi,2,817,55335,3.6143489653926085e-05
be,sleeper,2,818,55335,3.6143489653926085e-05
be,cord,2,819,55335,3.6143489653926085e-05
be,peel,2,820,55335,3.6143489653926085e-05
be,giving,2,821,55335,3.6143489653926085e-05
be,todd,2,822,55335,3.6143489653926085e-05
be,ape,2,823,55335,3.6143489653926085e-05
be,mitten,2,824,55335,3.6143489653926085e-05
be,rug,2,825,55335,3.6143489653926085e-05
be,kean'll,2,826,55335,3.6143489653926085e-05
be,dumbo,2,827,55335,3.6143489653926085e-05
be,corky,2,828,55335,3.6143489653926085e-05
be,gramma,1,829,55335,1.8071744826963042e-05
be,store,1,830,55335,1.8071744826963042e-05
be,set,1,831,55335,1.8071744826963042e-05
be,trish,1,832,55335,1.8071744826963042e-05
be,alexis,1,833,55335,1.8071744826963042e-05
be,sassy,1,834,55335,1.8071744826963042e-05
be,alice,1,835,55335,1.8071744826963042e-05
be,amelia,1,836,55335,1.8071744826963042e-05
be,lookit,1,837,55335,1.8071744826963042e-05
be,sleep,1,838,55335,1.8071744826963042e-05
be,how,1,839,55335,1.8071744826963042e-05
be,oops,1,840,55335,1.8071744826963042e-05
be,'s,1,841,55335,1.8071744826963042e-05
be,gus,1,842,55335,1.8071744826963042e-05
be,j,1,843,55335,1.8071744826963042e-05
be,l,1,844,55335,1.8071744826963042e-05
be,p,1,845,55335,1.8071744826963042e-05
be,s,1,846,55335,1.8071744826963042e-05
be,u,1,847,55335,1.8071744826963042e-05
be,steak,1,848,55335,1.8071744826963042e-05
be,eleanor,1,849,55335,1.8071744826963042e-05
be,digby,1,850,55335,1.8071744826963042e-05
be,kay,1,851,55335,1.8071744826963042e-05
be,sweat,1,852,55335,1.8071744826963042e-05
be,august,1,853,55335,1.8071744826963042e-05
be,sandal,1,854,55335,1.8071744826963042e-05
be,jeffrey,1,855,55335,1.8071744826963042e-05
be,groucho,1,856,55335,1.8071744826963042e-05
be,stereo,1,857,55335,1.8071744826963042e-05
be,wheelbarrow,1,858,55335,1.8071744826963042e-05
be,jello,1,859,55335,1.8071744826963042e-05
be,liver,1,860,55335,1.8071744826963042e-05
be,shark,1,861,55335,1.8071744826963042e-05
be,scott,1,862,55335,1.8071744826963042e-05
be,cage,1,863,55335,1.8071744826963042e-05
be,repertoire,1,864,55335,1.8071744826963042e-05
be,own,1,865,55335,1.8071744826963042e-05
be,napkin,1,866,55335,1.8071744826963042e-05
be,clothing,1,867,55335,1.8071744826963042e-05
be,tie,1,868,55335,1.8071744826963042e-05
be,lining,1,869,55335,1.8071744826963042e-05
be,mousie,1,870,55335,1.8071744826963042e-05
be,siren,1,871,55335,1.8071744826963042e-05
be,cube,1,872,55335,1.8071744826963042e-05
be,playing,1,873,55335,1.8071744826963042e-05
be,lois'll,1,874,55335,1.8071744826963042e-05
be,chimney,1,875,55335,1.8071744826963042e-05
be,riding,1,876,55335,1.8071744826963042e-05
be,petey,1,877,55335,1.8071744826963042e-05
be,slide,1,878,55335,1.8071744826963042e-05
be,lois,1,879,55335,1.8071744826963042e-05
be,plug,1,880,55335,1.8071744826963042e-05
be,glove,1,881,55335,1.8071744826963042e-05
be,jennifer,1,882,55335,1.8071744826963042e-05
be,scarf,1,883,55335,1.8071744826963042e-05
be,cee,1,884,55335,1.8071744826963042e-05
be,pwww,1,885,55335,1.8071744826963042e-05
be,up,1,886,55335,1.8071744826963042e-05
be,meat,1,887,55335,1.8071744826963042e-05
be,tata,1,888,55335,1.8071744826963042e-05
be,eww,1,889,55335,1.8071744826963042e-05
be,miffy,1,890,55335,1.8071744826963042e-05
be,triplet,1,891,55335,1.8071744826963042e-05
be,tokyo,1,892,55335,1.8071744826963042e-05
be,olympic,1,893,55335,1.8071744826963042e-05
be,gymnastic,1,894,55335,1.8071744826963042e-05
be,english,1,895,55335,1.8071744826963042e-05
be,secret,1,896,55335,1.8071744826963042e-05
be,coupon,1,897,55335,1.8071744826963042e-05
be,bit,1,898,55335,1.8071744826963042e-05
be,toto,1,899,55335,1.8071744826963042e-05
be,corny,1,900,55335,1.8071744826963042e-05
be,noone,1,901,55335,1.8071744826963042e-05
be,purpose,1,902,55335,1.8071744826963042e-05
be,bark_in,1,903,55335,1.8071744826963042e-05
be,owww,1,904,55335,1.8071744826963042e-05
be,ralph,1,905,55335,1.8071744826963042e-05
be,barking,1,906,55335,1.8071744826963042e-05
be,nice,1,907,55335,1.8071744826963042e-05
be,painter,1,908,55335,1.8071744826963042e-05
be,dwww'll,1,909,55335,1.8071744826963042e-05
be,sequence,1,910,55335,1.8071744826963042e-05
be,ho,1,911,55335,1.8071744826963042e-05
be,vacuum,1,912,55335,1.8071744826963042e-05
be,ham,1,913,55335,1.8071744826963042e-05
be,lambie,1,914,55335,1.8071744826963042e-05
be,rubberband,1,915,55335,1.8071744826963042e-05
be,meal,1,916,55335,1.8071744826963042e-05
be,rwww,1,917,55335,1.8071744826963042e-05
be,fine,1,918,55335,1.8071744826963042e-05
be,dee_dee,1,919,55335,1.8071744826963042e-05
be,newspaper,1,920,55335,1.8071744826963042e-05
be,tofu,1,921,55335,1.8071744826963042e-05
be,nanny,1,922,55335,1.8071744826963042e-05
be,record,1,923,55335,1.8071744826963042e-05
be,cakie,1,924,55335,1.8071744826963042e-05
be,judie,1,925,55335,1.8071744826963042e-05
be,george,1,926,55335,1.8071744826963042e-05
be,lorney,1,927,55335,1.8071744826963042e-05
be,booster,1,928,55335,1.8071744826963042e-05
be,city,1,929,55335,1.8071744826963042e-05
be,lorine,1,930,55335,1.8071744826963042e-05
be,hamper,1,931,55335,1.8071744826963042e-05
be,eugene,1,932,55335,1.8071744826963042e-05
be,bandaid,1,933,55335,1.8071744826963042e-05
be,mark,1,934,55335,1.8071744826963042e-05
be,porch,1,935,55335,1.8071744826963042e-05
be,fuss,1,936,55335,1.8071744826963042e-05
be,berry,1,937,55335,1.8071744826963042e-05
be,rose_of_sharon,1,938,55335,1.8071744826963042e-05
be,full,1,939,55335,1.8071744826963042e-05
be,sammy,1,940,55335,1.8071744826963042e-05
be,shelby,1,941,55335,1.8071744826963042e-05
be,whee,1,942,55335,1.8071744826963042e-05
be,sparky,1,943,55335,1.8071744826963042e-05
be,dawn,1,944,55335,1.8071744826963042e-05
be,onesie,1,945,55335,1.8071744826963042e-05
be,chart,1,946,55335,1.8071744826963042e-05
be,cheerios,1,947,55335,1.8071744826963042e-05
be,nautilus,1,948,55335,1.8071744826963042e-05
be,kate,1,949,55335,1.8071744826963042e-05
be,tiggywinkle,1,950,55335,1.8071744826963042e-05
be,washrag,1,951,55335,1.8071744826963042e-05
be,baseball,1,952,55335,1.8071744826963042e-05
be,nail,1,953,55335,1.8071744826963042e-05
be,bib,1,954,55335,1.8071744826963042e-05
be,foundation,1,955,55335,1.8071744826963042e-05
be,watering,1,956,55335,1.8071744826963042e-05
be,dance,1,957,55335,1.8071744826963042e-05
be,runner,1,958,55335,1.8071744826963042e-05
be,truth,1,959,55335,1.8071744826963042e-05
be,scissor,1,960,55335,1.8071744826963042e-05
be,snipper,1,961,55335,1.8071744826963042e-05
be,lever,1,962,55335,1.8071744826963042e-05
be,cement,1,963,55335,1.8071744826963042e-05
be,traffic,1,964,55335,1.8071744826963042e-05
be,waterfall,1,965,55335,1.8071744826963042e-05
be,boobie,1,966,55335,1.8071744826963042e-05
be,cart,1,967,55335,1.8071744826963042e-05
be,cobwebs,1,968,55335,1.8071744826963042e-05
be,babar,1,969,55335,1.8071744826963042e-05
be,leftover,1,970,55335,1.8071744826963042e-05
be,sheet,1,971,55335,1.8071744826963042e-05
be,sprinkler,1,972,55335,1.8071744826963042e-05
be,mosquito,1,973,55335,1.8071744826963042e-05
be,lettuce,1,974,55335,1.8071744826963042e-05
be,rice,1,975,55335,1.8071744826963042e-05
be,wolf,1,976,55335,1.8071744826963042e-05
be,mooshboosh,1,977,55335,1.8071744826963042e-05
be,jacket,1,978,55335,1.8071744826963042e-05
be,burrow,1,979,55335,1.8071744826963042e-05
be,groundhog,1,980,55335,1.8071744826963042e-05
be,spring,1,981,55335,1.8071744826963042e-05
be,itchy,1,982,55335,1.8071744826963042e-05
be,eyeore,1,983,55335,1.8071744826963042e-05
be,dirty,1,984,55335,1.8071744826963042e-05
be,grocery,1,985,55335,1.8071744826963042e-05
be,buckle,1,986,55335,1.8071744826963042e-05
be,helper,1,987,55335,1.8071744826963042e-05
be,tim,1,988,55335,1.8071744826963042e-05
be,cream_of_wheat,1,989,55335,1.8071744826963042e-05
be,control,1,990,55335,1.8071744826963042e-05
be,farmer_joe,1,991,55335,1.8071744826963042e-05
be,helicopter,1,992,55335,1.8071744826963042e-05
be,password,1,993,55335,1.8071744826963042e-05
be,ashley,1,994,55335,1.8071744826963042e-05
be,catalogue,1,995,55335,1.8071744826963042e-05
be,needta,1,996,55335,1.8071744826963042e-05
be,song,1,997,55335,1.8071744826963042e-05
be,woe,1,998,55335,1.8071744826963042e-05
be,lotion,1,999,55335,1.8071744826963042e-05
be,holder,1,1000,55335,1.8071744826963042e-05
be,bow,1,1001,55335,1.8071744826963042e-05
be,silly,1,1002,55335,1.8071744826963042e-05
be,neighbor,1,1003,55335,1.8071744826963042e-05
be,building,1,1004,55335,1.8071744826963042e-05
be,jordan,1,1005,55335,1.8071744826963042e-05
be,six,1,1006,55335,1.8071744826963042e-05
be,eat,1,1007,55335,1.8071744826963042e-05
be,malto_meal,1,1008,55335,1.8071744826963042e-05
be,hercules,1,1009,55335,1.8071744826963042e-05
be,raincoat,1,1010,55335,1.8071744826963042e-05
be,little_red_riding_hood,1,1011,55335,1.8071744826963042e-05
be,big_bad_wolf,1,1012,55335,1.8071744826963042e-05
be,goldilock,1,1013,55335,1.8071744826963042e-05
be,pattycake,1,1014,55335,1.8071744826963042e-05
be,drinkie,1,1015,55335,1.8071744826963042e-05
be,toucan,1,1016,55335,1.8071744826963042e-05
be,teethie,1,1017,55335,1.8071744826963042e-05
be,petal,1,1018,55335,1.8071744826963042e-05
be,lightbulbs,1,1019,55335,1.8071744826963042e-05
be,baggie,1,1020,55335,1.8071744826963042e-05
be,sweetie_pie,1,1021,55335,1.8071744826963042e-05
be,splendor,1,1022,55335,1.8071744826963042e-05
be,vin,1,1023,55335,1.8071744826963042e-05
be,hydrant,1,1024,55335,1.8071744826963042e-05
be,indigo,1,1025,55335,1.8071744826963042e-05
be,sailboat,1,1026,55335,1.8071744826963042e-05
be,brick,1,1027,55335,1.8071744826963042e-05
be,weepee,1,1028,55335,1.8071744826963042e-05
be,banner,1,1029,55335,1.8071744826963042e-05
be,man_man,1,1030,55335,1.8071744826963042e-05
be,underwear,1,1031,55335,1.8071744826963042e-05
be,butt,1,1032,55335,1.8071744826963042e-05
be,body,1,1033,55335,1.8071744826963042e-05
be,ringer,1,1034,55335,1.8071744826963042e-05
be,skill,1,1035,55335,1.8071744826963042e-05
be,month,1,1036,55335,1.8071744826963042e-05
be,product,1,1037,55335,1.8071744826963042e-05
be,computer,1,1038,55335,1.8071744826963042e-05
be,baebae,1,1039,55335,1.8071744826963042e-05
be,bobo,1,1040,55335,1.8071744826963042e-05
be,both,1,1041,55335,1.8071744826963042e-05
be,church,1,1042,55335,1.8071744826963042e-05
be,center,1,1043,55335,1.8071744826963042e-05
be,work,1,1044,55335,1.8071744826963042e-05
be,vandross,1,1045,55335,1.8071744826963042e-05
be,pudding,1,1046,55335,1.8071744826963042e-05
be,rangy,1,1047,55335,1.8071744826963042e-05
be,lassie,1,1048,55335,1.8071744826963042e-05
be,frosty_the_snowman,1,1049,55335,1.8071744826963042e-05
be,shop,1,1050,55335,1.8071744826963042e-05
be,farm,1,1051,55335,1.8071744826963042e-05
be,mama'll,1,1052,55335,1.8071744826963042e-05
be,stool,1,1053,55335,1.8071744826963042e-05
be,clop,1,1054,55335,1.8071744826963042e-05
be,bathrobe,1,1055,55335,1.8071744826963042e-05
be,rattle,1,1056,55335,1.8071744826963042e-05
be,bouillon,1,1057,55335,1.8071744826963042e-05
be,undershirt,1,1058,55335,1.8071744826963042e-05
be,drum,1,1059,55335,1.8071744826963042e-05
be,sissy,1,1060,55335,1.8071744826963042e-05
be,spaghetti,1,1061,55335,1.8071744826963042e-05
be,curiousgeorge,1,1062,55335,1.8071744826963042e-05
be,can,1,1063,55335,1.8071744826963042e-05
be,whoa,1,1064,55335,1.8071744826963042e-05
be,goldfish,1,1065,55335,1.8071744826963042e-05
be,muffin,1,1066,55335,1.8071744826963042e-05
be,pretzel,1,1067,55335,1.8071744826963042e-05
be,sausage,1,1068,55335,1.8071744826963042e-05
be,mo,1,1069,55335,1.8071744826963042e-05
be,farmer_jone,1,1070,55335,1.8071744826963042e-05
be,tube,1,1071,55335,1.8071744826963042e-05
be,stovetop,1,1072,55335,1.8071744826963042e-05
be,blower,1,1073,55335,1.8071744826963042e-05
be,forehead,1,1074,55335,1.8071744826963042e-05
be,turn,1,1075,55335,1.8071744826963042e-05
be,upsidedown,1,1076,55335,1.8071744826963042e-05
be,ocname,1,1077,55335,1.8071744826963042e-05
be,anyone,1,1078,55335,1.8071744826963042e-05
be,bowling,1,1079,55335,1.8071744826963042e-05
be,sleepy,1,1080,55335,1.8071744826963042e-05
be,uhohsomething,1,1081,55335,1.8071744826963042e-05
be,tummmys,1,1082,55335,1.8071744826963042e-05
be,pegnuin,1,1083,55335,1.8071744826963042e-05
be,bubbble,1,1084,55335,1.8071744826963042e-05
be,bathtime,1,1085,55335,1.8071744826963042e-05
be,broccoli,1,1086,55335,1.8071744826963042e-05
be,drawer,1,1087,55335,1.8071744826963042e-05
be,↫,1,1088,55335,1.8071744826963042e-05
be,wipe,1,1089,55335,1.8071744826963042e-05
be,messy,1,1090,55335,1.8071744826963042e-05
be,uhohdanny,1,1091,55335,1.8071744826963042e-05
be,job,1,1092,55335,1.8071744826963042e-05
be,heck,1,1093,55335,1.8071744826963042e-05
be,shyness,1,1094,55335,1.8071744826963042e-05
be,trick,1,1095,55335,1.8071744826963042e-05
be,cry,1,1096,55335,1.8071744826963042e-05
be,bubblebath,1,1097,55335,1.8071744826963042e-05
be,nap,1,1098,55335,1.8071744826963042e-05
be,hers,1,1099,55335,1.8071744826963042e-05
be,casey,1,1100,55335,1.8071744826963042e-05
be,kyle,1,1101,55335,1.8071744826963042e-05
be,play,1,1102,55335,1.8071744826963042e-05
be,kevin,1,1103,55335,1.8071744826963042e-05
be,burner,1,1104,55335,1.8071744826963042e-05
be,bud,1,1105,55335,1.8071744826963042e-05
be,girlfriend,1,1106,55335,1.8071744826963042e-05
be,fishie,1,1107,55335,1.8071744826963042e-05
be,gentle,1,1108,55335,1.8071744826963042e-05
be,charlie,1,1109,55335,1.8071744826963042e-05
be,cassie,1,1110,55335,1.8071744826963042e-05
be,colleen,1,1111,55335,1.8071744826963042e-05
be,keagan,1,1112,55335,1.8071744826963042e-05
be,madeline,1,1113,55335,1.8071744826963042e-05
be,rhinoceros,1,1114,55335,1.8071744826963042e-05
be,ryan,1,1115,55335,1.8071744826963042e-05
be,ladder,1,1116,55335,1.8071744826963042e-05
be,awful,1,1117,55335,1.8071744826963042e-05
be,ark,1,1118,55335,1.8071744826963042e-05
be,jason,1,1119,55335,1.8071744826963042e-05
be,dadda,1,1120,55335,1.8071744826963042e-05
be,stop,1,1121,55335,1.8071744826963042e-05
be,tater,1,1122,55335,1.8071744826963042e-05
be,sawyer,1,1123,55335,1.8071744826963042e-05
be,minute,1,1124,55335,1.8071744826963042e-05
be,come,1,1125,55335,1.8071744826963042e-05
be,ahhah,1,1126,55335,1.8071744826963042e-05
be,present,1,1127,55335,1.8071744826963042e-05
be,cap,1,1128,55335,1.8071744826963042e-05
be,udon,1,1129,55335,1.8071744826963042e-05
be,peeyoo,1,1130,55335,1.8071744826963042e-05
be,tippy,1,1131,55335,1.8071744826963042e-05
be,gopher,1,1132,55335,1.8071744826963042e-05
be,johnny,1,1133,55335,1.8071744826963042e-05
be,hug,1,1134,55335,1.8071744826963042e-05
be,sunday,1,1135,55335,1.8071744826963042e-05
be,madison,1,1136,55335,1.8071744826963042e-05
be,timer,1,1137,55335,1.8071744826963042e-05
be,popsicle,1,1138,55335,1.8071744826963042e-05
be,diet,1,1139,55335,1.8071744826963042e-05
be,playdoh,1,1140,55335,1.8071744826963042e-05
be,hippos,1,1141,55335,1.8071744826963042e-05
be,choochoo,1,1142,55335,1.8071744826963042e-05
be,bugs,1,1143,55335,1.8071744826963042e-05
be,gregory,1,1144,55335,1.8071744826963042e-05
be,gush,1,1145,55335,1.8071744826963042e-05
be,reading,1,1146,55335,1.8071744826963042e-05
be,tea,1,1147,55335,1.8071744826963042e-05
be,colander,1,1148,55335,1.8071744826963042e-05
be,laundry,1,1149,55335,1.8071744826963042e-05
be,flipflop,1,1150,55335,1.8071744826963042e-05
be,raccoon,1,1151,55335,1.8071744826963042e-05
be,pail,1,1152,55335,1.8071744826963042e-05
be,lobster,1,1153,55335,1.8071744826963042e-05
be,firstname,1,1154,55335,1.8071744826963042e-05
be,furniture,1,1155,55335,1.8071744826963042e-05
be,compass,1,1156,55335,1.8071744826963042e-05
be,silo,1,1157,55335,1.8071744826963042e-05
be,garfield,1,1158,55335,1.8071744826963042e-05
be,kobi,1,1159,55335,1.8071744826963042e-05
be,owie,1,1160,55335,1.8071744826963042e-05
be,kleenex,1,1161,55335,1.8071744826963042e-05
be,whale,1,1162,55335,1.8071744826963042e-05
be,figaro,1,1163,55335,1.8071744826963042e-05
be,column,1,1164,55335,1.8071744826963042e-05
be,cole,1,1165,55335,1.8071744826963042e-05
be,soul,1,1166,55335,1.8071744826963042e-05
be,doc,1,1167,55335,1.8071744826963042e-05
be,father,1,1168,55335,1.8071744826963042e-05
be,crab,1,1169,55335,1.8071744826963042e-05
be,sand,1,1170,55335,1.8071744826963042e-05
be,koko,1,1171,55335,1.8071744826963042e-05
be,eater,1,1172,55335,1.8071744826963042e-05
be,fox,1,1173,55335,1.8071744826963042e-05
be,birdcage,1,1174,55335,1.8071744826963042e-05
be,stromboli,1,1175,55335,1.8071744826963042e-05
be,cleo,1,1176,55335,1.8071744826963042e-05
be,singing,1,1177,55335,1.8071744826963042e-05
be,nipple,1,1178,55335,1.8071744826963042e-05
be,ending,1,1179,55335,1.8071744826963042e-05
be,intonation,1,1180,55335,1.8071744826963042e-05
be,may,1,1181,55335,1.8071744826963042e-05
be,delma,1,1182,55335,1.8071744826963042e-05
be,oh,1,1183,55335,1.8071744826963042e-05
be,madeleine,1,1184,55335,1.8071744826963042e-05
be,parent,1,1185,55335,1.8071744826963042e-05
be,articulation,1,1186,55335,1.8071744826963042e-05
be,uppy,1,1187,55335,1.8071744826963042e-05
be,bonnie,1,1188,55335,1.8071744826963042e-05
be,ais,1,1189,55335,1.8071744826963042e-05
be,brockmier,1,1190,55335,1.8071744826963042e-05
be,blanket'll,1,1191,55335,1.8071744826963042e-05
be,ron,1,1192,55335,1.8071744826963042e-05
be,position,1,1193,55335,1.8071744826963042e-05
be,bruce,1,1194,55335,1.8071744826963042e-05
be,stephen,1,1195,55335,1.8071744826963042e-05
be,mat,1,1196,55335,1.8071744826963042e-05
be,christina,1,1197,55335,1.8071744826963042e-05
be,zachary,1,1198,55335,1.8071744826963042e-05
be,ema,1,1199,55335,1.8071744826963042e-05
be,little,1,1200,55335,1.8071744826963042e-05
be,slinky,1,1201,55335,1.8071744826963042e-05
be,elizabeth,1,1202,55335,1.8071744826963042e-05
be,doggys,1,1203,55335,1.8071744826963042e-05
be,witch,1,1204,55335,1.8071744826963042e-05
be,meg,1,1205,55335,1.8071744826963042e-05
be,live,1,1206,55335,1.8071744826963042e-05
be,jojo,1,1207,55335,1.8071744826963042e-05
be,size,1,1208,55335,1.8071744826963042e-05
be,grammy,1,1209,55335,1.8071744826963042e-05
be,oink_oink,1,1210,55335,1.8071744826963042e-05
be,bubi,1,1211,55335,1.8071744826963042e-05
be,swimming,1,1212,55335,1.8071744826963042e-05
be,santa_claus,1,1213,55335,1.8071744826963042e-05
be,rarah,1,1214,55335,1.8071744826963042e-05
be,ben,1,1215,55335,1.8071744826963042e-05
be,chrissie,1,1216,55335,1.8071744826963042e-05
be,bryce,1,1217,55335,1.8071744826963042e-05
be,sayla,1,1218,55335,1.8071744826963042e-05
be,comprehension,1,1219,55335,1.8071744826963042e-05
be,jenny,1,1220,55335,1.8071744826963042e-05
be,content,1,1221,55335,1.8071744826963042e-05
be,cold,1,1222,55335,1.8071744826963042e-05
be,kokowk,1,1223,55335,1.8071744826963042e-05
be,zach,1,1224,55335,1.8071744826963042e-05
be,ointment,1,1225,55335,1.8071744826963042e-05
be,toilet,1,1226,55335,1.8071744826963042e-05
be,mormons,1,1227,55335,1.8071744826963042e-05
be,busybox,1,1228,55335,1.8071744826963042e-05
be,makiki,1,1229,55335,1.8071744826963042e-05
be,mango,1,1230,55335,1.8071744826963042e-05
be,koa,1,1231,55335,1.8071744826963042e-05
be,land,1,1232,55335,1.8071744826963042e-05
be,keeping,1,1233,55335,1.8071744826963042e-05
be,tikatika,1,1234,55335,1.8071744826963042e-05
be,cloth,1,1235,55335,1.8071744826963042e-05
be,ihiy,1,1236,55335,1.8071744826963042e-05
be,answer,1,1237,55335,1.8071744826963042e-05
be,vine,1,1238,55335,1.8071744826963042e-05
be,pole,1,1239,55335,1.8071744826963042e-05
be,growth,1,1240,55335,1.8071744826963042e-05
be,wood,1,1241,55335,1.8071744826963042e-05
be,surface,1,1242,55335,1.8071744826963042e-05
be,judd,1,1243,55335,1.8071744826963042e-05
be,erika,1,1244,55335,1.8071744826963042e-05
be,chain,1,1245,55335,1.8071744826963042e-05
be,bacon,1,1246,55335,1.8071744826963042e-05
be,pj,1,1247,55335,1.8071744826963042e-05
be,dabee,1,1248,55335,1.8071744826963042e-05
be,debbie,1,1249,55335,1.8071744826963042e-05
be,carpet,1,1250,55335,1.8071744826963042e-05
be,terrapin,1,1251,55335,1.8071744826963042e-05
be,battery,1,1252,55335,1.8071744826963042e-05
be,didl,1,1253,55335,1.8071744826963042e-05
be,switch,1,1254,55335,1.8071744826963042e-05
be,oughta,1,1255,55335,1.8071744826963042e-05
be,packet,1,1256,55335,1.8071744826963042e-05
be,root,1,1257,55335,1.8071744826963042e-05
be,snail,1,1258,55335,1.8071744826963042e-05
be,so_that,1,1259,55335,1.8071744826963042e-05
be,words'll,1,1260,55335,1.8071744826963042e-05
be,yard,1,1261,55335,1.8071744826963042e-05
be,denise,1,1262,55335,1.8071744826963042e-05
be,report,1,1263,55335,1.8071744826963042e-05
be,bath,1,1264,55335,1.8071744826963042e-05
be,granma,1,1265,55335,1.8071744826963042e-05
be,priya,1,1266,55335,1.8071744826963042e-05
be,curtain,1,1267,55335,1.8071744826963042e-05
be,doing,1,1268,55335,1.8071744826963042e-05
be,wagon,1,1269,55335,1.8071744826963042e-05
be,ra,1,1270,55335,1.8071744826963042e-05
be,tantrum,1,1271,55335,1.8071744826963042e-05
be,candy,1,1272,55335,1.8071744826963042e-05
be,larry,1,1273,55335,1.8071744826963042e-05
be,grandmommy,1,1274,55335,1.8071744826963042e-05
be,milkshake,1,1275,55335,1.8071744826963042e-05
be,five,1,1276,55335,1.8071744826963042e-05
be,hiney,1,1277,55335,1.8071744826963042e-05
be,bambi,1,1278,55335,1.8071744826963042e-05
be,rat,1,1279,55335,1.8071744826963042e-05
be,indians,1,1280,55335,1.8071744826963042e-05
be,salley,1,1281,55335,1.8071744826963042e-05
be,big,1,1282,55335,1.8071744826963042e-05
be,sally,1,1283,55335,1.8071744826963042e-05
be,breaking,1,1284,55335,1.8071744826963042e-05
be,unicorn,1,1285,55335,1.8071744826963042e-05
be,idea,1,1286,55335,1.8071744826963042e-05
be,express,1,1287,55335,1.8071744826963042e-05
be,captain,1,1288,55335,1.8071744826963042e-05
be,airplanie,1,1289,55335,1.8071744826963042e-05
be,hunhunh,1,1290,55335,1.8071744826963042e-05
be,tulip,1,1291,55335,1.8071744826963042e-05
be,plier,1,1292,55335,1.8071744826963042e-05
be,hooked,1,1293,55335,1.8071744826963042e-05
be,transformer,1,1294,55335,1.8071744826963042e-05
be,hooker,1,1295,55335,1.8071744826963042e-05
be,compartment,1,1296,55335,1.8071744826963042e-05
be,dime,1,1297,55335,1.8071744826963042e-05
be,stewardess,1,1298,55335,1.8071744826963042e-05
be,pony,1,1299,55335,1.8071744826963042e-05
be,mean,1,1300,55335,1.8071744826963042e-05
be,crawl,1,1301,55335,1.8071744826963042e-05
be,chest,1,1302,55335,1.8071744826963042e-05
be,doctor,1,1303,55335,1.8071744826963042e-05
be,put,1,1304,55335,1.8071744826963042e-05
be,eleven,1,1305,55335,1.8071744826963042e-05
be,twelve,1,1306,55335,1.8071744826963042e-05
be,dollie,1,1307,55335,1.8071744826963042e-05
be,angel,1,1308,55335,1.8071744826963042e-05
be,tower,1,1309,55335,1.8071744826963042e-05
be,goldie,1,1310,55335,1.8071744826963042e-05
be,whoopsie,1,1311,55335,1.8071744826963042e-05
be,darling,1,1312,55335,1.8071744826963042e-05
be,beard,1,1313,55335,1.8071744826963042e-05
be,painting,1,1314,55335,1.8071744826963042e-05
be,nighttime,1,1315,55335,1.8071744826963042e-05
be,shadow,1,1316,55335,1.8071744826963042e-05
be,outside,1,1317,55335,1.8071744826963042e-05
be,someplace,1,1318,55335,1.8071744826963042e-05
be,matzo,1,1319,55335,1.8071744826963042e-05
be,grasshopper,1,1320,55335,1.8071744826963042e-05
be,familia,1,1321,55335,1.8071744826963042e-05
be,zoo,1,1322,55335,1.8071744826963042e-05
be,gob,1,1323,55335,1.8071744826963042e-05
be,radio,1,1324,55335,1.8071744826963042e-05
be,doorknob,1,1325,55335,1.8071744826963042e-05
be,gammy,1,1326,55335,1.8071744826963042e-05
be,desk,1,1327,55335,1.8071744826963042e-05
be,wastebasket,1,1328,55335,1.8071744826963042e-05
be,jump,1,1329,55335,1.8071744826963042e-05
be,camel,1,1330,55335,1.8071744826963042e-05
be,bobbypin,1,1331,55335,1.8071744826963042e-05
be,bulldozer,1,1332,55335,1.8071744826963042e-05
be,wro,1,1333,55335,1.8071744826963042e-05
be,talkie,1,1334,55335,1.8071744826963042e-05
be,direction,1,1335,55335,1.8071744826963042e-05
be,push,1,1336,55335,1.8071744826963042e-05
be,different,1,1337,55335,1.8071744826963042e-05
be,fin,1,1338,55335,1.8071744826963042e-05
be,antennae,1,1339,55335,1.8071744826963042e-05
be,catherine,1,1340,55335,1.8071744826963042e-05
be,caboose,1,1341,55335,1.8071744826963042e-05
be,worker,1,1342,55335,1.8071744826963042e-05
be,engineer,1,1343,55335,1.8071744826963042e-05
be,drinking,1,1344,55335,1.8071744826963042e-05
be,dancing,1,1345,55335,1.8071744826963042e-05
be,splinter,1,1346,55335,1.8071744826963042e-05
be,village,1,1347,55335,1.8071744826963042e-05
be,holding,1,1348,55335,1.8071744826963042e-05
be,julia,1,1349,55335,1.8071744826963042e-05
be,beak,1,1350,55335,1.8071744826963042e-05
be,mush,1,1351,55335,1.8071744826963042e-05
be,talk,1,1352,55335,1.8071744826963042e-05
be,lukey,1,1353,55335,1.8071744826963042e-05
be,se,1,1354,55335,1.8071744826963042e-05
be,lynette,1,1355,55335,1.8071744826963042e-05
be,feather,1,1356,55335,1.8071744826963042e-05
be,next_to,1,1357,55335,1.8071744826963042e-05
be,wound,1,1358,55335,1.8071744826963042e-05
be,nora,1,1359,55335,1.8071744826963042e-05
be,petting,1,1360,55335,1.8071744826963042e-05
be,stomach,1,1361,55335,1.8071744826963042e-05
be,barney,1,1362,55335,1.8071744826963042e-05
be,pappa,1,1363,55335,1.8071744826963042e-05
be,couple,1,1364,55335,1.8071744826963042e-05
be,peyo,1,1365,55335,1.8071744826963042e-05
be,chaqueta,1,1366,55335,1.8071744826963042e-05
be,moe,1,1367,55335,1.8071744826963042e-05
be,lap,1,1368,55335,1.8071744826963042e-05
be,a_lot_of,1,1369,55335,1.8071744826963042e-05
be,ribbon,1,1370,55335,1.8071744826963042e-05
be,malik,1,1371,55335,1.8071744826963042e-05
be,gorilla,1,1372,55335,1.8071744826963042e-05
be,kite,1,1373,55335,1.8071744826963042e-05
be,lincoln,1,1374,55335,1.8071744826963042e-05
be,mushroom,1,1375,55335,1.8071744826963042e-05
be,whoop,1,1376,55335,1.8071744826963042e-05
be,antenna,1,1377,55335,1.8071744826963042e-05
be,outfit,1,1378,55335,1.8071744826963042e-05
be,huh,1,1379,55335,1.8071744826963042e-05
be,piggywinkle,1,1380,55335,1.8071744826963042e-05
be,cone,1,1381,55335,1.8071744826963042e-05
be,esa,1,1382,55335,1.8071744826963042e-05
be,marble,1,1383,55335,1.8071744826963042e-05
be,airport,1,1384,55335,1.8071744826963042e-05
be,fireplace,1,1385,55335,1.8071744826963042e-05
be,annie,1,1386,55335,1.8071744826963042e-05
be,form,1,1387,55335,1.8071744826963042e-05
be,plum,1,1388,55335,1.8071744826963042e-05
be,pepper,1,1389,55335,1.8071744826963042e-05
be,dentist,1,1390,55335,1.8071744826963042e-05
be,megan,1,1391,55335,1.8071744826963042e-05
go,you,5481,1,15979,0.3430127041742287
go,we,2236,2,15979,0.13993366293259904
go,i,1513,3,15979,0.09468677639401715
go,it,1211,4,15979,0.07578697039864822
go,he,958,5,15979,0.05995368921709744
go,us,438,6,15979,0.027410976907190687
go,she,429,7,15979,0.02684773765567307
go,they,398,8,15979,0.024907691344890168
go,that,301,9,15979,0.018837223856311407
go,one,196,10,15979,0.012266099255272545
go,mommy,177,11,15979,0.011077038613179798
go,this,157,12,15979,0.009825395832029538
go,daddy,154,13,15979,0.009637649414857
go,wanna,134,14,15979,0.00838600663370674
go,ya,110,15,15979,0.006884035296326429
go,baby,103,16,15979,0.0064459603229238376
go,what,89,17,15979,0.005569810376118656
go,who,76,18,15979,0.0047562425683709865
go,car,48,19,15979,0.003003942674760623
go,bunny,43,20,15979,0.002691031979473058
go,piggy,39,21,15979,0.0024407034232430064
go,ball,36,22,15979,0.0022529570060704674
go,cow,31,23,15979,0.0019400463107829026
go,pop,25,24,15979,0.0015645534764378247
go,people,23,25,15979,0.0014393891983227986
go,man,22,26,15979,0.0013768070592652857
go,spider,22,27,15979,0.0013768070592652857
go,horse,20,28,15979,0.0012516427811502598
go,laura,20,29,15979,0.0012516427811502598
go,lion,20,30,15979,0.0012516427811502598
go,dog,19,31,15979,0.0011890606420927466
go,kitty,19,32,15979,0.0011890606420927466
go,all,18,33,15979,0.0011264785030352337
go,wheel,18,34,15979,0.0011264785030352337
go,pig,18,35,15979,0.0011264785030352337
go,danny,18,36,15979,0.0011264785030352337
go,sheep,17,37,15979,0.0010638963639777207
go,block,16,38,15979,0.0010013142249202078
go,these,16,39,15979,0.0010013142249202078
go,doggie,15,40,15979,0.0009387320858626948
go,bear,15,41,15979,0.0009387320858626948
go,nina,15,42,15979,0.0009387320858626948
go,nose,15,43,15979,0.0009387320858626948
go,lady,14,44,15979,0.0008761499468051818
go,hasta,14,45,15979,0.0008761499468051818
go,lemme,14,46,15979,0.0008761499468051818
go,those,13,47,15979,0.0008135678077476688
go,horsie,13,48,15979,0.0008135678077476688
go,bubble,13,49,15979,0.0008135678077476688
go,juice,12,50,15979,0.0007509856686901558
go,chicken,12,51,15979,0.0007509856686901558
go,butterfly,12,52,15979,0.0007509856686901558
go,weasel,12,53,15979,0.0007509856686901558
go,mama,11,54,15979,0.0006884035296326428
go,truck,11,55,15979,0.0006884035296326428
go,train,11,56,15979,0.0006884035296326428
go,arm,11,57,15979,0.0006884035296326428
go,animal,11,58,15979,0.0006884035296326428
go,hand,11,59,15979,0.0006884035296326428
go,tractor,11,60,15979,0.0006884035296326428
go,mouth,11,61,15979,0.0006884035296326428
go,everything,10,62,15979,0.0006258213905751299
go,foot,10,63,15979,0.0006258213905751299
go,guy,10,64,15979,0.0006258213905751299
go,piggie,10,65,15979,0.0006258213905751299
go,thing,9,66,15979,0.0005632392515176168
go,cat,9,67,15979,0.0005632392515176168
go,duck,9,68,15979,0.0005632392515176168
go,hat,9,69,15979,0.0005632392515176168
go,ear,9,70,15979,0.0005632392515176168
go,frog,9,71,15979,0.0005632392515176168
go,bird,9,72,15979,0.0005632392515176168
go,eve,9,73,15979,0.0005632392515176168
go,eye,9,74,15979,0.0005632392515176168
go,elephant,9,75,15979,0.0005632392515176168
go,mouse,8,76,15979,0.0005006571124601039
go,water,8,77,15979,0.0005006571124601039
go,ernie,8,78,15979,0.0005006571124601039
go,dinosaur,8,79,15979,0.0005006571124601039
go,light,8,80,15979,0.0005006571124601039
go,boy,7,81,15979,0.0004380749734025909
go,monkey,7,82,15979,0.0004380749734025909
go,milk,7,83,15979,0.0004380749734025909
go,money,7,84,15979,0.0004380749734025909
go,sock,7,85,15979,0.0004380749734025909
go,whatcha,7,86,15979,0.0004380749734025909
go,horn,7,87,15979,0.0004380749734025909
go,door,7,88,15979,0.0004380749734025909
go,glass,7,89,15979,0.0004380749734025909
go,giraffe,7,90,15979,0.0004380749734025909
go,head,6,91,15979,0.0003754928343450779
go,bottle,6,92,15979,0.0003754928343450779
go,something,6,93,15979,0.0003754928343450779
go,somebody,6,94,15979,0.0003754928343450779
go,shoe,6,95,15979,0.0003754928343450779
go,lexy,6,96,15979,0.0003754928343450779
go,square,5,97,15979,0.00031291069528756495
go,matthew,5,98,15979,0.00031291069528756495
go,kangaroo,5,99,15979,0.00031291069528756495
go,duckie,5,100,15979,0.00031291069528756495
go,timmy,5,101,15979,0.00031291069528756495
go,blue,5,102,15979,0.00031291069528756495
go,bee,5,103,15979,0.00031291069528756495
go,carrot,5,104,15979,0.00031291069528756495
go,sun,5,105,15979,0.00031291069528756495
go,snort,5,106,15979,0.00031291069528756495
go,leg,5,107,15979,0.00031291069528756495
go,papa,5,108,15979,0.00031291069528756495
go,fraser,5,109,15979,0.00031291069528756495
go,rooster,5,110,15979,0.00031291069528756495
go,apple,5,111,15979,0.00031291069528756495
go,cassie,5,112,15979,0.00031291069528756495
go,bed,4,113,15979,0.00025032855623005195
go,go,4,114,15979,0.00025032855623005195
go,balloon,4,115,15979,0.00025032855623005195
go,egg,4,116,15979,0.00025032855623005195
go,key,4,117,15979,0.00025032855623005195
go,dwww,4,118,15979,0.00025032855623005195
go,picture,4,119,15979,0.00025032855623005195
go,bowl,4,120,15979,0.00025032855623005195
go,joanna,4,121,15979,0.00025032855623005195
go,food,4,122,15979,0.00025032855623005195
go,morgan,4,123,15979,0.00025032855623005195
go,star,4,124,15979,0.00025032855623005195
go,crayon,4,125,15979,0.00025032855623005195
go,book,4,126,15979,0.00025032855623005195
go,toy,4,127,15979,0.00025032855623005195
go,henry,4,128,15979,0.00025032855623005195
go,wiper,4,129,15979,0.00025032855623005195
go,rabbit,4,130,15979,0.00025032855623005195
go,fish,4,131,15979,0.00025032855623005195
go,hair,4,132,15979,0.00025032855623005195
go,tongue,4,133,15979,0.00025032855623005195
go,clothe,4,134,15979,0.00025032855623005195
go,malasia,4,135,15979,0.00025032855623005195
go,red,4,136,15979,0.00025032855623005195
go,carl,4,137,15979,0.00025032855623005195
go,clock,4,138,15979,0.00025032855623005195
go,bell,4,139,15979,0.00025032855623005195
go,motorcycle,4,140,15979,0.00025032855623005195
go,chair,3,141,15979,0.00018774641717253895
go,susie,3,142,15979,0.00018774641717253895
go,eric,3,143,15979,0.00018774641717253895
go,machine,3,144,15979,0.00018774641717253895
go,needta,3,145,15979,0.00018774641717253895
go,swww,3,146,15979,0.00018774641717253895
go,doggy,3,147,15979,0.00018774641717253895
go,top,3,148,15979,0.00018774641717253895
go,recorder,3,149,15979,0.00018774641717253895
go,pepper,3,150,15979,0.00018774641717253895
go,andy,3,151,15979,0.00018774641717253895
go,brisco,3,152,15979,0.00018774641717253895
go,triangle,3,153,15979,0.00018774641717253895
go,froggie,3,154,15979,0.00018774641717253895
go,piece,3,155,15979,0.00018774641717253895
go,mom,3,156,15979,0.00018774641717253895
go,timer,3,157,15979,0.00018774641717253895
go,part,3,158,15979,0.00018774641717253895
go,someone,3,159,15979,0.00018774641717253895
go,oink,3,160,15979,0.00018774641717253895
go,plate,3,161,15979,0.00018774641717253895
go,face,3,162,15979,0.00018774641717253895
go,flower,3,163,15979,0.00018774641717253895
go,nine,3,164,15979,0.00018774641717253895
go,boat,3,165,15979,0.00018774641717253895
go,sailboat,3,166,15979,0.00018774641717253895
go,airplane,3,167,15979,0.00018774641717253895
go,lid,3,168,15979,0.00018774641717253895
go,two,3,169,15979,0.00018774641717253895
go,coffee,3,170,15979,0.00018774641717253895
go,farmer,3,171,15979,0.00018774641717253895
go,banana,3,172,15979,0.00018774641717253895
go,penguin,3,173,15979,0.00018774641717253895
go,lip,3,174,15979,0.00018774641717253895
go,syrup,3,175,15979,0.00018774641717253895
go,jakey,3,176,15979,0.00018774641717253895
go,vegetable,3,177,15979,0.00018774641717253895
go,house,3,178,15979,0.00018774641717253895
go,nothing,3,179,15979,0.00018774641717253895
go,ladder,3,180,15979,0.00018774641717253895
go,doctor_foster,3,181,15979,0.00018774641717253895
go,pg,3,182,15979,0.00018774641717253895
go,mormor,3,183,15979,0.00018774641717253895
go,box,3,184,15979,0.00018774641717253895
go,chick,3,185,15979,0.00018774641717253895
go,rex,3,186,15979,0.00018774641717253895
go,mitten,3,187,15979,0.00018774641717253895
go,circle,2,188,15979,0.00012516427811502597
go,some,2,189,15979,0.00012516427811502597
go,teacher,2,190,15979,0.00012516427811502597
go,dragon,2,191,15979,0.00012516427811502597
go,finger,2,192,15979,0.00012516427811502597
go,zipper,2,193,15979,0.00012516427811502597
go,lois,2,194,15979,0.00012516427811502597
go,hafta,2,195,15979,0.00012516427811502597
go,nana,2,196,15979,0.00012516427811502597
go,pwww,2,197,15979,0.00012516427811502597
go,game,2,198,15979,0.00012516427811502597
go,yours,2,199,15979,0.00012516427811502597
go,cereal,2,200,15979,0.00012516427811502597
go,sue,2,201,15979,0.00012516427811502597
go,christopher,2,202,15979,0.00012516427811502597
go,kitty_cat,2,203,15979,0.00012516427811502597
go,girl,2,204,15979,0.00012516427811502597
go,spud,2,205,15979,0.00012516427811502597
go,noah,2,206,15979,0.00012516427811502597
go,everybody,2,207,15979,0.00012516427811502597
go,sammy,2,208,15979,0.00012516427811502597
go,elmo,2,209,15979,0.00012516427811502597
go,uhoh,2,210,15979,0.00012516427811502597
go,pant,2,211,15979,0.00012516427811502597
go,mister,2,212,15979,0.00012516427811502597
go,look,2,213,15979,0.00012516427811502597
go,anybody,2,214,15979,0.00012516427811502597
go,big_bird,2,215,15979,0.00012516427811502597
go,fence,2,216,15979,0.00012516427811502597
go,pear,2,217,15979,0.00012516427811502597
go,dakota,2,218,15979,0.00012516427811502597
go,time,2,219,15979,0.00012516427811502597
go,clifford,2,220,15979,0.00012516427811502597
go,honey,2,221,15979,0.00012516427811502597
go,y,2,222,15979,0.00012516427811502597
go,parent,2,223,15979,0.00012516427811502597
go,seat,2,224,15979,0.00012516427811502597
go,maggie,2,225,15979,0.00012516427811502597
go,little,2,226,15979,0.00012516427811502597
go,dad,2,227,15979,0.00012516427811502597
go,soap,2,228,15979,0.00012516427811502597
go,op,2,229,15979,0.00012516427811502597
go,placemat,2,230,15979,0.00012516427811502597
go,cup,2,231,15979,0.00012516427811502597
go,spoon,2,232,15979,0.00012516427811502597
go,diaper,2,233,15979,0.00012516427811502597
go,crown,2,234,15979,0.00012516427811502597
go,ladybug,2,235,15979,0.00012516427811502597
go,josh,2,236,15979,0.00012516427811502597
go,pea,2,237,15979,0.00012516427811502597
go,your,2,238,15979,0.00012516427811502597
go,hippo,2,239,15979,0.00012516427811502597
go,shh,2,240,15979,0.00012516427811502597
go,evan,2,241,15979,0.00012516427811502597
go,white,2,242,15979,0.00012516427811502597
go,donkey,2,243,15979,0.00012516427811502597
go,michael,2,244,15979,0.00012516427811502597
go,toe,2,245,15979,0.00012516427811502597
go,emory,2,246,15979,0.00012516427811502597
go,snake,2,247,15979,0.00012516427811502597
go,jiminy,2,248,15979,0.00012516427811502597
go,cinderella,2,249,15979,0.00012516427811502597
go,ross,2,250,15979,0.00012516427811502597
go,mary,2,251,15979,0.00012516427811502597
go,hadta,2,252,15979,0.00012516427811502597
go,hop,2,253,15979,0.00012516427811502597
go,christina,2,254,15979,0.00012516427811502597
go,friend,2,255,15979,0.00012516427811502597
go,birdie,2,256,15979,0.00012516427811502597
go,jane,2,257,15979,0.00012516427811502597
go,thunder,2,258,15979,0.00012516427811502597
go,buddy,2,259,15979,0.00012516427811502597
go,tape,2,260,15979,0.00012516427811502597
go,connie,2,261,15979,0.00012516427811502597
go,sandra,2,262,15979,0.00012516427811502597
go,brittany,2,263,15979,0.00012516427811502597
go,tweet,2,264,15979,0.00012516427811502597
go,baa_baa,2,265,15979,0.00012516427811502597
go,nomi,2,266,15979,0.00012516427811502597
go,music,2,267,15979,0.00012516427811502597
go,bob,2,268,15979,0.00012516427811502597
go,hook,2,269,15979,0.00012516427811502597
go,jill,2,270,15979,0.00012516427811502597
go,corky,2,271,15979,0.00012516427811502597
go,sandy,1,272,15979,6.258213905751299e-05
go,frank,1,273,15979,6.258213905751299e-05
go,sissie,1,274,15979,6.258213905751299e-05
go,alice,1,275,15979,6.258213905751299e-05
go,button,1,276,15979,6.258213905751299e-05
go,marco,1,277,15979,6.258213905751299e-05
go,pen,1,278,15979,6.258213905751299e-05
go,peter,1,279,15979,6.258213905751299e-05
go,any,1,280,15979,6.258213905751299e-05
go,seesaw,1,281,15979,6.258213905751299e-05
go,pat,1,282,15979,6.258213905751299e-05
go,dope,1,283,15979,6.258213905751299e-05
go,jwww,1,284,15979,6.258213905751299e-05
go,mummy,1,285,15979,6.258213905751299e-05
go,name,1,286,15979,6.258213905751299e-05
go,dingdong,1,287,15979,6.258213905751299e-05
go,mwww,1,288,15979,6.258213905751299e-05
go,none,1,289,15979,6.258213905751299e-05
go,carton,1,290,15979,6.258213905751299e-05
go,everyone,1,291,15979,6.258213905751299e-05
go,jody,1,292,15979,6.258213905751299e-05
go,tofu,1,293,15979,6.258213905751299e-05
go,mm,1,294,15979,6.258213905751299e-05
go,pee,1,295,15979,6.258213905751299e-05
go,mark_lastname,1,296,15979,6.258213905751299e-05
go,hilary,1,297,15979,6.258213905751299e-05
go,harness,1,298,15979,6.258213905751299e-05
go,byebye,1,299,15979,6.258213905751299e-05
go,jack,1,300,15979,6.258213905751299e-05
go,end,1,301,15979,6.258213905751299e-05
go,much,1,302,15979,6.258213905751299e-05
go,morgie,1,303,15979,6.258213905751299e-05
go,moon,1,304,15979,6.258213905751299e-05
go,puppy,1,305,15979,6.258213905751299e-05
go,tom,1,306,15979,6.258213905751299e-05
go,yankee_doodle,1,307,15979,6.258213905751299e-05
go,turtle,1,308,15979,6.258213905751299e-05
go,project,1,309,15979,6.258213905751299e-05
go,dada,1,310,15979,6.258213905751299e-05
go,max,1,311,15979,6.258213905751299e-05
go,o,1,312,15979,6.258213905751299e-05
go,p,1,313,15979,6.258213905751299e-05
go,letter,1,314,15979,6.258213905751299e-05
go,m,1,315,15979,6.258213905751299e-05
go,hose,1,316,15979,6.258213905751299e-05
go,blanket,1,317,15979,6.258213905751299e-05
go,three,1,318,15979,6.258213905751299e-05
go,sheet,1,319,15979,6.258213905751299e-05
go,poopie,1,320,15979,6.258213905751299e-05
go,goose,1,321,15979,6.258213905751299e-05
go,sposta,1,322,15979,6.258213905751299e-05
go,joe,1,323,15979,6.258213905751299e-05
go,telephone,1,324,15979,6.258213905751299e-05
go,brush,1,325,15979,6.258213905751299e-05
go,propeller,1,326,15979,6.258213905751299e-05
go,weensie,1,327,15979,6.258213905751299e-05
go,ribbon,1,328,15979,6.258213905751299e-05
go,policeman,1,329,15979,6.258213905751299e-05
go,ben,1,330,15979,6.258213905751299e-05
go,bert,1,331,15979,6.258213905751299e-05
go,neighbor,1,332,15979,6.258213905751299e-05
go,w,1,333,15979,6.258213905751299e-05
go,q,1,334,15979,6.258213905751299e-05
go,oatmeal,1,335,15979,6.258213905751299e-05
go,kim,1,336,15979,6.258213905751299e-05
go,each,1,337,15979,6.258213905751299e-05
go,beep,1,338,15979,6.258213905751299e-05
go,slink,1,339,15979,6.258213905751299e-05
go,plane,1,340,15979,6.258213905751299e-05
go,rosie,1,341,15979,6.258213905751299e-05
go,dryer,1,342,15979,6.258213905751299e-05
go,barbie,1,343,15979,6.258213905751299e-05
go,shirt,1,344,15979,6.258213905751299e-05
go,dyeisha,1,345,15979,6.258213905751299e-05
go,granny,1,346,15979,6.258213905751299e-05
go,brocovich,1,347,15979,6.258213905751299e-05
go,kid,1,348,15979,6.258213905751299e-05
go,neil,1,349,15979,6.258213905751299e-05
go,can,1,350,15979,6.258213905751299e-05
go,soup,1,351,15979,6.258213905751299e-05
go,frosty_the_snowman,1,352,15979,6.258213905751299e-05
go,reel,1,353,15979,6.258213905751299e-05
go,paper,1,354,15979,6.258213905751299e-05
go,toaster,1,355,15979,6.258213905751299e-05
go,fraser'll,1,356,15979,6.258213905751299e-05
go,pizza,1,357,15979,6.258213905751299e-05
go,wing,1,358,15979,6.258213905751299e-05
go,barn,1,359,15979,6.258213905751299e-05
go,grape,1,360,15979,6.258213905751299e-05
go,mustard,1,361,15979,6.258213905751299e-05
go,wagon,1,362,15979,6.258213905751299e-05
go,blankey,1,363,15979,6.258213905751299e-05
go,bib,1,364,15979,6.258213905751299e-05
go,hairband,1,365,15979,6.258213905751299e-05
go,froggy,1,366,15979,6.258213905751299e-05
go,mustache,1,367,15979,6.258213905751299e-05
go,sink,1,368,15979,6.258213905751299e-05
go,shampoo,1,369,15979,6.258213905751299e-05
go,pretzel,1,370,15979,6.258213905751299e-05
go,basket,1,371,15979,6.258213905751299e-05
go,poohbear,1,372,15979,6.258213905751299e-05
go,cname,1,373,15979,6.258213905751299e-05
go,ducky,1,374,15979,6.258213905751299e-05
go,gra,1,375,15979,6.258213905751299e-05
go,potato,1,376,15979,6.258213905751299e-05
go,pooh,1,377,15979,6.258213905751299e-05
go,wand,1,378,15979,6.258213905751299e-05
go,say,1,379,15979,6.258213905751299e-05
go,energy,1,380,15979,6.258213905751299e-05
go,bubblebath,1,381,15979,6.258213905751299e-05
go,bumblebee,1,382,15979,6.258213905751299e-05
go,person,1,383,15979,6.258213905751299e-05
go,jacob,1,384,15979,6.258213905751299e-05
go,betsy,1,385,15979,6.258213905751299e-05
go,sierra,1,386,15979,6.258213905751299e-05
go,dinner,1,387,15979,6.258213905751299e-05
go,alicia,1,388,15979,6.258213905751299e-05
go,laundry,1,389,15979,6.258213905751299e-05
go,elaina,1,390,15979,6.258213905751299e-05
go,taste,1,391,15979,6.258213905751299e-05
go,raymond,1,392,15979,6.258213905751299e-05
go,stove,1,393,15979,6.258213905751299e-05
go,ryan,1,394,15979,6.258213905751299e-05
go,alexa,1,395,15979,6.258213905751299e-05
go,yep,1,396,15979,6.258213905751299e-05
go,anything,1,397,15979,6.258213905751299e-05
go,activity,1,398,15979,6.258213905751299e-05
go,rest,1,399,15979,6.258213905751299e-05
go,saurus,1,400,15979,6.258213905751299e-05
go,ruff,1,401,15979,6.258213905751299e-05
go,sam,1,402,15979,6.258213905751299e-05
go,machine'll,1,403,15979,6.258213905751299e-05
go,lego,1,404,15979,6.258213905751299e-05
go,stef,1,405,15979,6.258213905751299e-05
go,stefan,1,406,15979,6.258213905751299e-05
go,badji,1,407,15979,6.258213905751299e-05
go,guga,1,408,15979,6.258213905751299e-05
go,tree,1,409,15979,6.258213905751299e-05
go,firstname,1,410,15979,6.258213905751299e-05
go,safe,1,411,15979,6.258213905751299e-05
go,anteater,1,412,15979,6.258213905751299e-05
go,uhhuh,1,413,15979,6.258213905751299e-05
go,hood,1,414,15979,6.258213905751299e-05
go,potatohead,1,415,15979,6.258213905751299e-05
go,pinocchio,1,416,15979,6.258213905751299e-05
go,counter,1,417,15979,6.258213905751299e-05
go,color,1,418,15979,6.258213905751299e-05
go,lorraine,1,419,15979,6.258213905751299e-05
go,emily,1,420,15979,6.258213905751299e-05
go,norman,1,421,15979,6.258213905751299e-05
go,hoo_hoo,1,422,15979,6.258213905751299e-05
go,ema,1,423,15979,6.258213905751299e-05
go,towel,1,424,15979,6.258213905751299e-05
go,rachel,1,425,15979,6.258213905751299e-05
go,whoop,1,426,15979,6.258213905751299e-05
go,colin,1,427,15979,6.258213905751299e-05
go,cookie_monster,1,428,15979,6.258213905751299e-05
go,tiger,1,429,15979,6.258213905751299e-05
go,oink_oink,1,430,15979,6.258213905751299e-05
go,hoppity_hoppity_hop,1,431,15979,6.258213905751299e-05
go,zack,1,432,15979,6.258213905751299e-05
go,daniel,1,433,15979,6.258213905751299e-05
go,nathan,1,434,15979,6.258213905751299e-05
go,owl,1,435,15979,6.258213905751299e-05
go,chrissie,1,436,15979,6.258213905751299e-05
go,roof_roof,1,437,15979,6.258213905751299e-05
go,liam,1,438,15979,6.258213905751299e-05
go,tv,1,439,15979,6.258213905751299e-05
go,tummy,1,440,15979,6.258213905751299e-05
go,bill,1,441,15979,6.258213905751299e-05
go,haha,1,442,15979,6.258213905751299e-05
go,grandmother,1,443,15979,6.258213905751299e-05
go,property,1,444,15979,6.258213905751299e-05
go,citizen,1,445,15979,6.258213905751299e-05
go,student,1,446,15979,6.258213905751299e-05
go,rock,1,447,15979,6.258213905751299e-05
go,motor,1,448,15979,6.258213905751299e-05
go,awning,1,449,15979,6.258213905751299e-05
go,both,1,450,15979,6.258213905751299e-05
go,willie,1,451,15979,6.258213905751299e-05
go,grandaddy,1,452,15979,6.258213905751299e-05
go,glenn,1,453,15979,6.258213905751299e-05
go,doorbell,1,454,15979,6.258213905751299e-05
go,eddie,1,455,15979,6.258213905751299e-05
go,see,1,456,15979,6.258213905751299e-05
go,nancy,1,457,15979,6.258213905751299e-05
go,shower,1,458,15979,6.258213905751299e-05
go,medicine,1,459,15979,6.258213905751299e-05
go,daddy'll,1,460,15979,6.258213905751299e-05
go,week,1,461,15979,6.258213905751299e-05
go,story,1,462,15979,6.258213905751299e-05
go,diy,1,463,15979,6.258213905751299e-05
go,microwave,1,464,15979,6.258213905751299e-05
go,megan,1,465,15979,6.258213905751299e-05
go,woof,1,466,15979,6.258213905751299e-05
go,need,1,467,15979,6.258213905751299e-05
go,h,1,468,15979,6.258213905751299e-05
go,yoyo,1,469,15979,6.258213905751299e-05
go,salley,1,470,15979,6.258213905751299e-05
go,helicopter,1,471,15979,6.258213905751299e-05
go,sally,1,472,15979,6.258213905751299e-05
go,five,1,473,15979,6.258213905751299e-05
go,grover,1,474,15979,6.258213905751299e-05
go,yellow,1,475,15979,6.258213905751299e-05
go,suitcase,1,476,15979,6.258213905751299e-05
go,soldier,1,477,15979,6.258213905751299e-05
go,whoo,1,478,15979,6.258213905751299e-05
go,clack,1,479,15979,6.258213905751299e-05
go,tie,1,480,15979,6.258213905751299e-05
go,four,1,481,15979,6.258213905751299e-05
go,kalie,1,482,15979,6.258213905751299e-05
go,other,1,483,15979,6.258213905751299e-05
go,uhhum,1,484,15979,6.258213905751299e-05
go,travis,1,485,15979,6.258213905751299e-05
go,kathy,1,486,15979,6.258213905751299e-05
go,mot,1,487,15979,6.258213905751299e-05
go,dolly,1,488,15979,6.258213905751299e-05
go,point,1,489,15979,6.258213905751299e-05
go,+,1,490,15979,6.258213905751299e-05
go,lamb,1,491,15979,6.258213905751299e-05
go,calf,1,492,15979,6.258213905751299e-05
go,colt,1,493,15979,6.258213905751299e-05
go,georgie,1,494,15979,6.258213905751299e-05
go,microphone,1,495,15979,6.258213905751299e-05
go,taperecorder,1,496,15979,6.258213905751299e-05
go,ot,1,497,15979,6.258213905751299e-05
go,thomas,1,498,15979,6.258213905751299e-05
go,wind,1,499,15979,6.258213905751299e-05
go,day,1,500,15979,6.258213905751299e-05
go,crash,1,501,15979,6.258213905751299e-05
go,town,1,502,15979,6.258213905751299e-05
go,bus,1,503,15979,6.258213905751299e-05
go,nonna,1,504,15979,6.258213905751299e-05
go,miriam,1,505,15979,6.258213905751299e-05
go,bead,1,506,15979,6.258213905751299e-05
go,earring,1,507,15979,6.258213905751299e-05
go,julia,1,508,15979,6.258213905751299e-05
go,grandma,1,509,15979,6.258213905751299e-05
go,whoa,1,510,15979,6.258213905751299e-05
go,let,1,511,15979,6.258213905751299e-05
go,ribbit,1,512,15979,6.258213905751299e-05
go,bang,1,513,15979,6.258213905751299e-05
go,the,1,514,15979,6.258213905751299e-05
go,glove,1,515,15979,6.258213905751299e-05
go,pot,1,516,15979,6.258213905751299e-05
go,bridge,1,517,15979,6.258213905751299e-05
go,ch,1,518,15979,6.258213905751299e-05
go,tower,1,519,15979,6.258213905751299e-05
go,mooo,1,520,15979,6.258213905751299e-05
go,antenna,1,521,15979,6.258213905751299e-05
go,song,1,522,15979,6.258213905751299e-05
go,piggywinkle,1,523,15979,6.258213905751299e-05
go,child,1,524,15979,6.258213905751299e-05
go,hedgehog,1,525,15979,6.258213905751299e-05
go,mickey,1,526,15979,6.258213905751299e-05
go,tock,1,527,15979,6.258213905751299e-05
do,you,3663,1,8245,0.4442692540933899
do,i,698,2,8245,0.08465736810187993
do,we,673,3,8245,0.08162522741055185
do,he,501,4,8245,0.060764099454214675
do,it,373,5,8245,0.04523953911461492
do,she,350,6,8245,0.04244996967859309
do,they,245,7,8245,0.02971497877501516
do,mommy,168,8,8245,0.020375985445724682
do,wanna,142,9,8245,0.017222559126743482
do,us,102,10,8245,0.012371134020618556
do,baby,67,11,8245,0.008126137052759249
do,that,61,12,8245,0.007398423286840509
do,whatcha,44,13,8245,0.005336567616737417
do,ya,40,14,8245,0.004851425106124924
do,this,39,15,8245,0.004730139478471801
do,daddy,37,16,8245,0.0044875682231655546
do,what,33,17,8245,0.004002425712553062
do,mama,32,18,8245,0.0038811400848999394
do,one,29,19,8245,0.00351728320194057
do,guy,28,20,8245,0.003395997574287447
do,bunny,24,21,8245,0.0029108550636749546
do,rachel,20,22,8245,0.002425712553062462
do,horse,18,23,8245,0.002183141297756216
do,horsie,17,24,8245,0.002061855670103093
do,butterfly,15,25,8245,0.0018192844147968466
do,rabbit,14,26,8245,0.0016979987871437235
do,boy,13,27,8245,0.0015767131594906004
do,machine,13,28,8245,0.0015767131594906004
do,brown,13,29,8245,0.0015767131594906004
do,doggie,13,30,8245,0.0015767131594906004
do,eric,12,31,8245,0.0014554275318374773
do,henry,12,32,8245,0.0014554275318374773
do,man,11,33,8245,0.0013341419041843542
do,fish,11,34,8245,0.0013341419041843542
do,elephant,11,35,8245,0.0013341419041843542
do,you_all,10,36,8245,0.001212856276531231
do,dog,10,37,8245,0.001212856276531231
do,kid,10,38,8245,0.001212856276531231
do,who,10,39,8245,0.001212856276531231
do,frog,10,40,8245,0.001212856276531231
do,laura,9,41,8245,0.001091570648878108
do,somebody,9,42,8245,0.001091570648878108
do,cow,9,43,8245,0.001091570648878108
do,bird,8,44,8245,0.0009702850212249849
do,child,8,45,8245,0.0009702850212249849
do,all,8,46,8245,0.0009702850212249849
do,kitty,8,47,8245,0.0009702850212249849
do,duck,8,48,8245,0.0009702850212249849
do,mom,8,49,8245,0.0009702850212249849
do,car,8,50,8245,0.0009702850212249849
do,cat,7,51,8245,0.0008489993935718618
do,sister,7,52,8245,0.0008489993935718618
do,nina,7,53,8245,0.0008489993935718618
do,people,6,54,8245,0.0007277137659187386
do,fraser,6,55,8245,0.0007277137659187386
do,noise,5,56,8245,0.0006064281382656155
do,wheel,5,57,8245,0.0006064281382656155
do,ball,5,58,8245,0.0006064281382656155
do,swww,5,59,8245,0.0006064281382656155
do,froggie,5,60,8245,0.0006064281382656155
do,everybody,5,61,8245,0.0006064281382656155
do,button,5,62,8245,0.0006064281382656155
do,pig,5,63,8245,0.0006064281382656155
do,mouse,5,64,8245,0.0006064281382656155
do,pg,5,65,8245,0.0006064281382656155
do,ross,5,66,8245,0.0006064281382656155
do,krystal,5,67,8245,0.0006064281382656155
do,georgie,5,68,8245,0.0006064281382656155
do,mummy,4,69,8245,0.00048514251061249243
do,joanna,4,70,8245,0.00048514251061249243
do,the,4,71,8245,0.00048514251061249243
do,lemme,4,72,8245,0.00048514251061249243
do,monkey,4,73,8245,0.00048514251061249243
do,dakota,4,74,8245,0.00048514251061249243
do,carl,4,75,8245,0.00048514251061249243
do,eve,4,76,8245,0.00048514251061249243
do,cname,4,77,8245,0.00048514251061249243
do,bear,4,78,8245,0.00048514251061249243
do,froggy,4,79,8245,0.00048514251061249243
do,thing,4,80,8245,0.00048514251061249243
do,sound,4,81,8245,0.00048514251061249243
do,pinocchio,4,82,8245,0.00048514251061249243
do,kangaroo,4,83,8245,0.00048514251061249243
do,jesse,4,84,8245,0.00048514251061249243
do,judy,3,85,8245,0.0003638568829593693
do,some,3,86,8245,0.0003638568829593693
do,train,3,87,8245,0.0003638568829593693
do,recorder,3,88,8245,0.0003638568829593693
do,sue,3,89,8245,0.0003638568829593693
do,tigger,3,90,8245,0.0003638568829593693
do,timmy,3,91,8245,0.0003638568829593693
do,choo,3,92,8245,0.0003638568829593693
do,nuhhuh,3,93,8245,0.0003638568829593693
do,hair,3,94,8245,0.0003638568829593693
do,go,3,95,8245,0.0003638568829593693
do,+,3,96,8245,0.0003638568829593693
do,those,3,97,8245,0.0003638568829593693
do,lady,3,98,8245,0.0003638568829593693
do,cinderella,3,99,8245,0.0003638568829593693
do,bug,3,100,8245,0.0003638568829593693
do,girl,3,101,8245,0.0003638568829593693
do,michael,3,102,8245,0.0003638568829593693
do,toy,3,103,8245,0.0003638568829593693
do,hop,3,104,8245,0.0003638568829593693
do,animal,3,105,8245,0.0003638568829593693
do,brother,3,106,8245,0.0003638568829593693
do,sally,3,107,8245,0.0003638568829593693
do,nomi,3,108,8245,0.0003638568829593693
do,joseph,3,109,8245,0.0003638568829593693
do,thomas,3,110,8245,0.0003638568829593693
do,ring,2,111,8245,0.00024257125530624622
do,these,2,112,8245,0.00024257125530624622
do,birdie,2,113,8245,0.00024257125530624622
do,ear,2,114,8245,0.00024257125530624622
do,teddy,2,115,8245,0.00024257125530624622
do,box,2,116,8245,0.00024257125530624622
do,patsy,2,117,8245,0.00024257125530624622
do,dwww,2,118,8245,0.00024257125530624622
do,peanut,2,119,8245,0.00024257125530624622
do,sammy,2,120,8245,0.00024257125530624622
do,tickle,2,121,8245,0.00024257125530624622
do,piglet,2,122,8245,0.00024257125530624622
do,something,2,123,8245,0.00024257125530624622
do,worm,2,124,8245,0.00024257125530624622
do,top,2,125,8245,0.00024257125530624622
do,jacob,2,126,8245,0.00024257125530624622
do,eye,2,127,8245,0.00024257125530624622
do,dad,2,128,8245,0.00024257125530624622
do,nobody,2,129,8245,0.00024257125530624622
do,yuli,2,130,8245,0.00024257125530624622
do,maggie,2,131,8245,0.00024257125530624622
do,lassie,2,132,8245,0.00024257125530624622
do,op,2,133,8245,0.00024257125530624622
do,oname,2,134,8245,0.00024257125530624622
do,lion,2,135,8245,0.00024257125530624622
do,piggy,2,136,8245,0.00024257125530624622
do,danny,2,137,8245,0.00024257125530624622
do,chicken,2,138,8245,0.00024257125530624622
do,caterpillar,2,139,8245,0.00024257125530624622
do,seal,2,140,8245,0.00024257125530624622
do,christopher,2,141,8245,0.00024257125530624622
do,person,2,142,8245,0.00024257125530624622
do,justin,2,143,8245,0.00024257125530624622
do,giraffe,2,144,8245,0.00024257125530624622
do,pooh,2,145,8245,0.00024257125530624622
do,light,2,146,8245,0.00024257125530624622
do,jerry,2,147,8245,0.00024257125530624622
do,hasta,2,148,8245,0.00024257125530624622
do,cheerios,2,149,8245,0.00024257125530624622
do,crayon,2,150,8245,0.00024257125530624622
do,h,2,151,8245,0.00024257125530624622
do,parent,2,152,8245,0.00024257125530624622
do,daniel,2,153,8245,0.00024257125530624622
do,truck,2,154,8245,0.00024257125530624622
do,outfit,2,155,8245,0.00024257125530624622
do,pie,2,156,8245,0.00024257125530624622
do,husband,2,157,8245,0.00024257125530624622
do,diaper,2,158,8245,0.00024257125530624622
do,nancy,2,159,8245,0.00024257125530624622
do,kalie,2,160,8245,0.00024257125530624622
do,travis,2,161,8245,0.00024257125530624622
do,ant,2,162,8245,0.00024257125530624622
do,motorcycle,2,163,8245,0.00024257125530624622
do,work,1,164,8245,0.00012128562765312311
do,bite,1,165,8245,0.00012128562765312311
do,face,1,166,8245,0.00012128562765312311
do,telephone,1,167,8245,0.00012128562765312311
do,unicorn,1,168,8245,0.00012128562765312311
do,dragon,1,169,8245,0.00012128562765312311
do,whom,1,170,8245,0.00012128562765312311
do,three,1,171,8245,0.00012128562765312311
do,motor,1,172,8245,0.00012128562765312311
do,annie,1,173,8245,0.00012128562765312311
do,many,1,174,8245,0.00012128562765312311
do,maura,1,175,8245,0.00012128562765312311
do,a_lot_of,1,176,8245,0.00012128562765312311
do,father,1,177,8245,0.00012128562765312311
do,mother,1,178,8245,0.00012128562765312311
do,yo,1,179,8245,0.00012128562765312311
do,clown,1,180,8245,0.00012128562765312311
do,wire,1,181,8245,0.00012128562765312311
do,pen,1,182,8245,0.00012128562765312311
do,cup,1,183,8245,0.00012128562765312311
do,chair,1,184,8245,0.00012128562765312311
do,oop,1,185,8245,0.00012128562765312311
do,down,1,186,8245,0.00012128562765312311
do,peter,1,187,8245,0.00012128562765312311
do,caca,1,188,8245,0.00012128562765312311
do,deedee,1,189,8245,0.00012128562765312311
do,jwww,1,190,8245,0.00012128562765312311
do,bedroom,1,191,8245,0.00012128562765312311
do,kwww,1,192,8245,0.00012128562765312311
do,oigan,1,193,8245,0.00012128562765312311
do,my,1,194,8245,0.00012128562765312311
do,milk,1,195,8245,0.00012128562765312311
do,mine,1,196,8245,0.00012128562765312311
do,cracker,1,197,8245,0.00012128562765312311
do,sylvia,1,198,8245,0.00012128562765312311
do,sock,1,199,8245,0.00012128562765312311
do,vacuum,1,200,8245,0.00012128562765312311
do,eugene,1,201,8245,0.00012128562765312311
do,evans,1,202,8245,0.00012128562765312311
do,erica,1,203,8245,0.00012128562765312311
do,creek,1,204,8245,0.00012128562765312311
do,morgie,1,205,8245,0.00012128562765312311
do,rock,1,206,8245,0.00012128562765312311
do,morgan,1,207,8245,0.00012128562765312311
do,bib,1,208,8245,0.00012128562765312311
do,microphone,1,209,8245,0.00012128562765312311
do,water,1,210,8245,0.00012128562765312311
do,sneeze,1,211,8245,0.00012128562765312311
do,letter,1,212,8245,0.00012128562765312311
do,help,1,213,8245,0.00012128562765312311
do,dillon,1,214,8245,0.00012128562765312311
do,bee,1,215,8245,0.00012128562765312311
do,lord,1,216,8245,0.00012128562765312311
do,yummy,1,217,8245,0.00012128562765312311
do,airplane,1,218,8245,0.00012128562765312311
do,bump,1,219,8245,0.00012128562765312311
do,ti,1,220,8245,0.00012128562765312311
do,mi,1,221,8245,0.00012128562765312311
do,bus,1,222,8245,0.00012128562765312311
do,tractor,1,223,8245,0.00012128562765312311
do,grinch,1,224,8245,0.00012128562765312311
do,book,1,225,8245,0.00012128562765312311
do,hog,1,226,8245,0.00012128562765312311
do,smackerel,1,227,8245,0.00012128562765312311
do,no,1,228,8245,0.00012128562765312311
do,door,1,229,8245,0.00012128562765312311
do,woody,1,230,8245,0.00012128562765312311
do,job,1,231,8245,0.00012128562765312311
do,combing,1,232,8245,0.00012128562765312311
do,bond,1,233,8245,0.00012128562765312311
do,dyeisha,1,234,8245,0.00012128562765312311
do,study,1,235,8245,0.00012128562765312311
do,taperecorder,1,236,8245,0.00012128562765312311
do,macdonald,1,237,8245,0.00012128562765312311
do,sarah,1,238,8245,0.00012128562765312311
do,raccoon,1,239,8245,0.00012128562765312311
do,papa,1,240,8245,0.00012128562765312311
do,cromer,1,241,8245,0.00012128562765312311
do,becky,1,242,8245,0.00012128562765312311
do,sponge,1,243,8245,0.00012128562765312311
do,jim,1,244,8245,0.00012128562765312311
do,chirp,1,245,8245,0.00012128562765312311
do,egg,1,246,8245,0.00012128562765312311
do,winnie,1,247,8245,0.00012128562765312311
do,table,1,248,8245,0.00012128562765312311
do,nanna,1,249,8245,0.00012128562765312311
do,ename,1,250,8245,0.00012128562765312311
do,orange,1,251,8245,0.00012128562765312311
do,carpet,1,252,8245,0.00012128562765312311
do,penguin,1,253,8245,0.00012128562765312311
do,ernie,1,254,8245,0.00012128562765312311
do,match,1,255,8245,0.00012128562765312311
do,beep,1,256,8245,0.00012128562765312311
do,wind,1,257,8245,0.00012128562765312311
do,someone,1,258,8245,0.00012128562765312311
do,sheep,1,259,8245,0.00012128562765312311
do,anyone,1,260,8245,0.00012128562765312311
do,chrisptopher,1,261,8245,0.00012128562765312311
do,alexandra,1,262,8245,0.00012128562765312311
do,nia,1,263,8245,0.00012128562765312311
do,shannia,1,264,8245,0.00012128562765312311
do,carrot,1,265,8245,0.00012128562765312311
do,pot,1,266,8245,0.00012128562765312311
do,keagan,1,267,8245,0.00012128562765312311
do,knob,1,268,8245,0.00012128562765312311
do,spatula,1,269,8245,0.00012128562765312311
do,good,1,270,8245,0.00012128562765312311
do,stink,1,271,8245,0.00012128562765312311
do,dryer,1,272,8245,0.00012128562765312311
do,isaiah,1,273,8245,0.00012128562765312311
do,de,1,274,8245,0.00012128562765312311
do,barky,1,275,8245,0.00012128562765312311
do,phoebe,1,276,8245,0.00012128562765312311
do,line,1,277,8245,0.00012128562765312311
do,elena,1,278,8245,0.00012128562765312311
do,key,1,279,8245,0.00012128562765312311
do,spigot,1,280,8245,0.00012128562765312311
do,brittany,1,281,8245,0.00012128562765312311
do,town,1,282,8245,0.00012128562765312311
do,elmo,1,283,8245,0.00012128562765312311
do,activity,1,284,8245,0.00012128562765312311
do,hippos,1,285,8245,0.00012128562765312311
do,part,1,286,8245,0.00012128562765312311
do,horn,1,287,8245,0.00012128562765312311
do,gregory,1,288,8245,0.00012128562765312311
do,farmer,1,289,8245,0.00012128562765312311
do,doggy,1,290,8245,0.00012128562765312311
do,sam,1,291,8245,0.00012128562765312311
do,sabrina,1,292,8245,0.00012128562765312311
do,tweet,1,293,8245,0.00012128562765312311
do,hoop,1,294,8245,0.00012128562765312311
do,firstname,1,295,8245,0.00012128562765312311
do,finger,1,296,8245,0.00012128562765312311
do,roy,1,297,8245,0.00012128562765312311
do,friend,1,298,8245,0.00012128562765312311
do,lot,1,299,8245,0.00012128562765312311
do,godmother,1,300,8245,0.00012128562765312311
do,boo,1,301,8245,0.00012128562765312311
do,tom,1,302,8245,0.00012128562765312311
do,moo,1,303,8245,0.00012128562765312311
do,crawl,1,304,8245,0.00012128562765312311
do,potatohead,1,305,8245,0.00012128562765312311
do,piggie,1,306,8245,0.00012128562765312311
do,hen,1,307,8245,0.00012128562765312311
do,yeh,1,308,8245,0.00012128562765312311
do,queen,1,309,8245,0.00012128562765312311
do,scissor,1,310,8245,0.00012128562765312311
do,pookiepie,1,311,8245,0.00012128562765312311
do,block,1,312,8245,0.00012128562765312311
do,mirror,1,313,8245,0.00012128562765312311
do,ema,1,314,8245,0.00012128562765312311
do,davidal,1,315,8245,0.00012128562765312311
do,bunny_rabbit,1,316,8245,0.00012128562765312311
do,laurie,1,317,8245,0.00012128562765312311
do,puppys,1,318,8245,0.00012128562765312311
do,duckie,1,319,8245,0.00012128562765312311
do,matthew,1,320,8245,0.00012128562765312311
do,heidi,1,321,8245,0.00012128562765312311
do,ab,1,322,8245,0.00012128562765312311
do,christina,1,323,8245,0.00012128562765312311
do,wiggle,1,324,8245,0.00012128562765312311
do,anything,1,325,8245,0.00012128562765312311
do,needta,1,326,8245,0.00012128562765312311
do,in_order_to,1,327,8245,0.00012128562765312311
do,abbie,1,328,8245,0.00012128562765312311
do,reaction,1,329,8245,0.00012128562765312311
do,love,1,330,8245,0.00012128562765312311
do,useta,1,331,8245,0.00012128562765312311
do,crusoe,1,332,8245,0.00012128562765312311
do,toot,1,333,8245,0.00012128562765312311
do,pop,1,334,8245,0.00012128562765312311
do,nothing,1,335,8245,0.00012128562765312311
do,grass,1,336,8245,0.00012128562765312311
do,cemetery,1,337,8245,0.00012128562765312311
do,yours,1,338,8245,0.00012128562765312311
do,look,1,339,8245,0.00012128562765312311
do,anybody,1,340,8245,0.00012128562765312311
do,megan,1,341,8245,0.00012128562765312311
do,salley,1,342,8245,0.00012128562765312311
do,leo,1,343,8245,0.00012128562765312311
do,lewis,1,344,8245,0.00012128562765312311
do,hunhunh,1,345,8245,0.00012128562765312311
do,diamond,1,346,8245,0.00012128562765312311
do,both,1,347,8245,0.00012128562765312311
do,bert,1,348,8245,0.00012128562765312311
do,snoopy,1,349,8245,0.00012128562765312311
do,whoop,1,350,8245,0.00012128562765312311
do,four,1,351,8245,0.00012128562765312311
do,stewardess,1,352,8245,0.00012128562765312311
do,fly,1,353,8245,0.00012128562765312311
do,hat,1,354,8245,0.00012128562765312311
do,tree,1,355,8245,0.00012128562765312311
do,mot,1,356,8245,0.00012128562765312311
do,big_bird,1,357,8245,0.00012128562765312311
do,lamb,1,358,8245,0.00012128562765312311
do,shadow,1,359,8245,0.00012128562765312311
do,sandy,1,360,8245,0.00012128562765312311
do,picture,1,361,8245,0.00012128562765312311
do,foot,1,362,8245,0.00012128562765312311
do,coffee,1,363,8245,0.00012128562765312311
do,jo,1,364,8245,0.00012128562765312311
do,catherine,1,365,8245,0.00012128562765312311
do,phone,1,366,8245,0.00012128562765312311
do,triangle,1,367,8245,0.00012128562765312311
do,nose,1,368,8245,0.00012128562765312311
do,:,1,369,8245,0.00012128562765312311
do,music,1,370,8245,0.00012128562765312311
do,squirrel,1,371,8245,0.00012128562765312311
do,swing,1,372,8245,0.00012128562765312311
do,damage,1,373,8245,0.00012128562765312311
do,lindsey,1,374,8245,0.00012128562765312311
do,nanu,1,375,8245,0.00012128562765312311
do,momma,1,376,8245,0.00012128562765312311
do,julia,1,377,8245,0.00012128562765312311
do,lincoln,1,378,8245,0.00012128562765312311
do,keep,1,379,8245,0.00012128562765312311
do,tip,1,380,8245,0.00012128562765312311
do,talk,1,381,8245,0.00012128562765312311
do,dinosaur,1,382,8245,0.00012128562765312311
do,a,1,383,8245,0.00012128562765312311
do,zebra,1,384,8245,0.00012128562765312311
do,mickey,1,385,8245,0.00012128562765312311
do,noah,1,386,8245,0.00012128562765312311
do,adam,1,387,8245,0.00012128562765312311
have,you,1919,1,6381,0.3007365616674502
have,we,1137,2,6381,0.17818523742360132
have,i,853,3,6381,0.1336781068797994
have,he,461,4,6381,0.07224572950948127
have,she,431,5,6381,0.06754427205767122
have,they,235,6,6381,0.036828083372512144
have,mommy,179,7,6381,0.0280520294624667
have,it,153,8,6381,0.023977433004231313
have,baby,82,9,6381,0.012850650368280835
have,daddy,76,10,6381,0.011910358877918822
have,one,57,11,6381,0.008932769158439116
have,that,51,12,6381,0.007992477668077104
have,who,34,13,6381,0.005328318445384736
have,us,30,14,6381,0.004701457451810061
have,nina,29,15,6381,0.004544742203416392
have,piggy,20,16,6381,0.003134304967873374
have,macdonald,20,17,6381,0.003134304967873374
have,mama,18,18,6381,0.0028208744710860366
have,boy,15,19,6381,0.0023507287259050304
have,mom,13,20,6381,0.002037298229117693
have,lemme,12,21,6381,0.0018805829807240243
have,danny,12,22,6381,0.0018805829807240243
have,guy,10,23,6381,0.001567152483936687
have,girl,10,24,6381,0.001567152483936687
have,car,9,25,6381,0.0014104372355430183
have,kitty,9,26,6381,0.0014104372355430183
have,eve,9,27,6381,0.0014104372355430183
have,travis,9,28,6381,0.0014104372355430183
have,man,8,29,6381,0.0012537219871493496
have,sarah,8,30,6381,0.0012537219871493496
have,farmer,8,31,6381,0.0012537219871493496
have,cname,8,32,6381,0.0012537219871493496
have,dog,7,33,6381,0.001097006738755681
have,doggie,7,34,6381,0.001097006738755681
have,everybody,7,35,6381,0.001097006738755681
have,go,7,36,6381,0.001097006738755681
have,wanna,7,37,6381,0.001097006738755681
have,rabbit,7,38,6381,0.001097006738755681
have,fraser,7,39,6381,0.001097006738755681
have,this,7,40,6381,0.001097006738755681
have,truck,6,41,6381,0.0009402914903620122
have,tree,6,42,6381,0.0009402914903620122
have,ya,5,43,6381,0.0007835762419683435
have,book,5,44,6381,0.0007835762419683435
have,lois,5,45,6381,0.0007835762419683435
have,dwww,5,46,6381,0.0007835762419683435
have,laura,5,47,6381,0.0007835762419683435
have,needta,5,48,6381,0.0007835762419683435
have,roy,5,49,6381,0.0007835762419683435
have,rachel,5,50,6381,0.0007835762419683435
have,brother,5,51,6381,0.0007835762419683435
have,bunny,4,52,6381,0.0006268609935746748
have,peter,4,53,6381,0.0006268609935746748
have,sheep,4,54,6381,0.0006268609935746748
have,jwww,4,55,6381,0.0006268609935746748
have,bird,4,56,6381,0.0006268609935746748
have,old_macdonald,4,57,6381,0.0006268609935746748
have,cromer,4,58,6381,0.0006268609935746748
have,table,4,59,6381,0.0006268609935746748
have,kasey,4,60,6381,0.0006268609935746748
have,piggie,4,61,6381,0.0006268609935746748
have,sister,4,62,6381,0.0006268609935746748
have,yours,3,63,6381,0.0004701457451810061
have,eric,3,64,6381,0.0004701457451810061
have,mwww,3,65,6381,0.0004701457451810061
have,lady,3,66,6381,0.0004701457451810061
have,recorder,3,67,6381,0.0004701457451810061
have,cat,3,68,6381,0.0004701457451810061
have,anyone,3,69,6381,0.0004701457451810061
have,timmy,3,70,6381,0.0004701457451810061
have,bear,3,71,6381,0.0004701457451810061
have,baba,3,72,6381,0.0004701457451810061
have,fish,3,73,6381,0.0004701457451810061
have,winnie_the_pooh,3,74,6381,0.0004701457451810061
have,maggie,3,75,6381,0.0004701457451810061
have,the,3,76,6381,0.0004701457451810061
have,papa,3,77,6381,0.0004701457451810061
have,these,3,78,6381,0.0004701457451810061
have,frog,3,79,6381,0.0004701457451810061
have,rebecca,3,80,6381,0.0004701457451810061
have,kitten,3,81,6381,0.0004701457451810061
have,jane,3,82,6381,0.0004701457451810061
have,what,3,83,6381,0.0004701457451810061
have,kalie,3,84,6381,0.0004701457451810061
have,child,2,85,6381,0.0003134304967873374
have,patrick,2,86,6381,0.0003134304967873374
have,susie,2,87,6381,0.0003134304967873374
have,digby,2,88,6381,0.0003134304967873374
have,kristin,2,89,6381,0.0003134304967873374
have,shirt,2,90,6381,0.0003134304967873374
have,jack,2,91,6381,0.0003134304967873374
have,nanny,2,92,6381,0.0003134304967873374
have,some,2,93,6381,0.0003134304967873374
have,swww,2,94,6381,0.0003134304967873374
have,christopher,2,95,6381,0.0003134304967873374
have,mommy'll,2,96,6381,0.0003134304967873374
have,monkey,2,97,6381,0.0003134304967873374
have,pokemon,2,98,6381,0.0003134304967873374
have,puppy,2,99,6381,0.0003134304967873374
have,butterfly,2,100,6381,0.0003134304967873374
have,hasta,2,101,6381,0.0003134304967873374
have,dyeisha,2,102,6381,0.0003134304967873374
have,donald,2,103,6381,0.0003134304967873374
have,op,2,104,6381,0.0003134304967873374
have,lion,2,105,6381,0.0003134304967873374
have,tractor,2,106,6381,0.0003134304967873374
have,pooh,2,107,6381,0.0003134304967873374
have,mrpotatohead,2,108,6381,0.0003134304967873374
have,potato,2,109,6381,0.0003134304967873374
have,mine,2,110,6381,0.0003134304967873374
have,cow,2,111,6381,0.0003134304967873374
have,carl,2,112,6381,0.0003134304967873374
have,giraffe,2,113,6381,0.0003134304967873374
have,somebody,2,114,6381,0.0003134304967873374
have,ross,2,115,6381,0.0003134304967873374
have,honey,2,116,6381,0.0003134304967873374
have,michael,2,117,6381,0.0003134304967873374
have,clown,2,118,6381,0.0003134304967873374
have,ema,2,119,6381,0.0003134304967873374
have,katie,2,120,6381,0.0003134304967873374
have,daughter,2,121,6381,0.0003134304967873374
have,grownup,2,122,6381,0.0003134304967873374
have,beaver,2,123,6381,0.0003134304967873374
have,kid,2,124,6381,0.0003134304967873374
have,animal,2,125,6381,0.0003134304967873374
have,jenny,2,126,6381,0.0003134304967873374
have,sally,2,127,6381,0.0003134304967873374
have,brittany,2,128,6381,0.0003134304967873374
have,mouse,2,129,6381,0.0003134304967873374
have,emma,2,130,6381,0.0003134304967873374
have,alexander,2,131,6381,0.0003134304967873374
have,observer,2,132,6381,0.0003134304967873374
have,food,1,133,6381,0.0001567152483936687
have,plate,1,134,6381,0.0001567152483936687
have,lauren,1,135,6381,0.0001567152483936687
have,shoe,1,136,6381,0.0001567152483936687
have,mother,1,137,6381,0.0001567152483936687
have,mousie,1,138,6381,0.0001567152483936687
have,thank_you,1,139,6381,0.0001567152483936687
have,dragon,1,140,6381,0.0001567152483936687
have,cindy,1,141,6381,0.0001567152483936687
have,most,1,142,6381,0.0001567152483936687
have,vehicle,1,143,6381,0.0001567152483936687
have,ew,1,144,6381,0.0001567152483936687
have,gwww,1,145,6381,0.0001567152483936687
have,mrs_gwww,1,146,6381,0.0001567152483936687
have,owww,1,147,6381,0.0001567152483936687
have,strawberry,1,148,6381,0.0001567152483936687
have,mummy,1,149,6381,0.0001567152483936687
have,matthew,1,150,6381,0.0001567152483936687
have,peanut,1,151,6381,0.0001567152483936687
have,morgie,1,152,6381,0.0001567152483936687
have,cj,1,153,6381,0.0001567152483936687
have,morgan,1,154,6381,0.0001567152483936687
have,mandy,1,155,6381,0.0001567152483936687
have,face,1,156,6381,0.0001567152483936687
have,squirrelie,1,157,6381,0.0001567152483936687
have,tummy,1,158,6381,0.0001567152483936687
have,those,1,159,6381,0.0001567152483936687
have,lord,1,160,6381,0.0001567152483936687
have,wolf,1,161,6381,0.0001567152483936687
have,everyone,1,162,6381,0.0001567152483936687
have,do,1,163,6381,0.0001567152483936687
have,sandal,1,164,6381,0.0001567152483936687
have,beef,1,165,6381,0.0001567152483936687
have,terry,1,166,6381,0.0001567152483936687
have,moose,1,167,6381,0.0001567152483936687
have,ten,1,168,6381,0.0001567152483936687
have,mom_mom,1,169,6381,0.0001567152483936687
have,henry,1,170,6381,0.0001567152483936687
have,mopsy,1,171,6381,0.0001567152483936687
have,yulibobs,1,172,6381,0.0001567152483936687
have,egg,1,173,6381,0.0001567152483936687
have,water,1,174,6381,0.0001567152483936687
have,nana,1,175,6381,0.0001567152483936687
have,rangy,1,176,6381,0.0001567152483936687
have,cathy,1,177,6381,0.0001567152483936687
have,cheese,1,178,6381,0.0001567152483936687
have,pizza,1,179,6381,0.0001567152483936687
have,pen,1,180,6381,0.0001567152483936687
have,horsie,1,181,6381,0.0001567152483936687
have,orange,1,182,6381,0.0001567152483936687
have,sissy,1,183,6381,0.0001567152483936687
have,peewee,1,184,6381,0.0001567152483936687
have,mommmy,1,185,6381,0.0001567152483936687
have,oname,1,186,6381,0.0001567152483936687
have,other,1,187,6381,0.0001567152483936687
have,froggy,1,188,6381,0.0001567152483936687
have,mr,1,189,6381,0.0001567152483936687
have,potatohead,1,190,6381,0.0001567152483936687
have,dumpty,1,191,6381,0.0001567152483936687
have,winnie,1,192,6381,0.0001567152483936687
have,elephant,1,193,6381,0.0001567152483936687
have,angie,1,194,6381,0.0001567152483936687
have,angus,1,195,6381,0.0001567152483936687
have,kasey'll,1,196,6381,0.0001567152483936687
have,granny,1,197,6381,0.0001567152483936687
have,noah,1,198,6381,0.0001567152483936687
have,shania,1,199,6381,0.0001567152483936687
have,alicia,1,200,6381,0.0001567152483936687
have,sydney,1,201,6381,0.0001567152483936687
have,malik,1,202,6381,0.0001567152483936687
have,shelby,1,203,6381,0.0001567152483936687
have,wife,1,204,6381,0.0001567152483936687
have,glen,1,205,6381,0.0001567152483936687
have,barney,1,206,6381,0.0001567152483936687
have,+,1,207,6381,0.0001567152483936687
have,wayne,1,208,6381,0.0001567152483936687
have,bag,1,209,6381,0.0001567152483936687
have,moon,1,210,6381,0.0001567152483936687
have,mishayla,1,211,6381,0.0001567152483936687
have,ambulance,1,212,6381,0.0001567152483936687
have,seal,1,213,6381,0.0001567152483936687
have,bat,1,214,6381,0.0001567152483936687
have,firstname,1,215,6381,0.0001567152483936687
have,uncle,1,216,6381,0.0001567152483936687
have,train,1,217,6381,0.0001567152483936687
have,griggs,1,218,6381,0.0001567152483936687
have,yeh,1,219,6381,0.0001567152483936687
have,eater,1,220,6381,0.0001567152483936687
have,pinocchio,1,221,6381,0.0001567152483936687
have,puppet,1,222,6381,0.0001567152483936687
have,jamie,1,223,6381,0.0001567152483936687
have,jean,1,224,6381,0.0001567152483936687
have,useta,1,225,6381,0.0001567152483936687
have,grammy,1,226,6381,0.0001567152483936687
have,norman,1,227,6381,0.0001567152483936687
have,kangaroo,1,228,6381,0.0001567152483936687
have,duck,1,229,6381,0.0001567152483936687
have,calf,1,230,6381,0.0001567152483936687
have,i_mean,1,231,6381,0.0001567152483936687
have,neva,1,232,6381,0.0001567152483936687
have,costello,1,233,6381,0.0001567152483936687
have,kokowk,1,234,6381,0.0001567152483936687
have,city,1,235,6381,0.0001567152483936687
have,apple,1,236,6381,0.0001567152483936687
have,bite,1,237,6381,0.0001567152483936687
have,swing,1,238,6381,0.0001567152483936687
have,ben,1,239,6381,0.0001567152483936687
have,lot,1,240,6381,0.0001567152483936687
have,song,1,241,6381,0.0001567152483936687
have,kathy,1,242,6381,0.0001567152483936687
have,whoop,1,243,6381,0.0001567152483936687
have,bert,1,244,6381,0.0001567152483936687
have,horse,1,245,6381,0.0001567152483936687
have,lisa,1,246,6381,0.0001567152483936687
have,mot,1,247,6381,0.0001567152483936687
have,nomi,1,248,6381,0.0001567152483936687
have,your,1,249,6381,0.0001567152483936687
have,wall,1,250,6381,0.0001567152483936687
have,part,1,251,6381,0.0001567152483936687
have,sticky,1,252,6381,0.0001567152483936687
have,paper,1,253,6381,0.0001567152483936687
have,thomas,1,254,6381,0.0001567152483936687
have,lucy,1,255,6381,0.0001567152483936687
have,doggy,1,256,6381,0.0001567152483936687
have,slate,1,257,6381,0.0001567152483936687
have,chick,1,258,6381,0.0001567152483936687
have,bud,1,259,6381,0.0001567152483936687
have,julia,1,260,6381,0.0001567152483936687
have,phone,1,261,6381,0.0001567152483936687
have,duncan,1,262,6381,0.0001567152483936687
have,ion,1,263,6381,0.0001567152483936687
have,zack,1,264,6381,0.0001567152483936687
have,kind,1,265,6381,0.0001567152483936687
have,marco,1,266,6381,0.0001567152483936687
have,doctor,1,267,6381,0.0001567152483936687
have,broom,1,268,6381,0.0001567152483936687
have,mcdonald,1,269,6381,0.0001567152483936687
get,you,2631,1,6354,0.4140698772426818
get,i,1122,2,6354,0.17658168083097261
get,we,946,3,6354,0.14888259364180045
get,he,201,4,6354,0.03163361661945231
get,us,187,5,6354,0.029430280138495437
get,she,154,6,6354,0.02423670129052565
get,mommy,142,7,6354,0.022348127163991188
get,it,118,8,6354,0.018570978910922253
get,they,102,9,6354,0.016052880075542966
get,wanna,77,10,6354,0.012118350645262826
get,daddy,71,11,6354,0.011174063581995594
get,ya,40,12,6354,0.006295247088448221
get,baby,39,13,6354,0.006137865911237016
get,mama,37,14,6354,0.005823103556814605
get,lemme,26,15,6354,0.004091910607491344
get,who,20,16,6354,0.0031476235442241107
get,whatcha,20,17,6354,0.0031476235442241107
get,this,13,18,6354,0.002045955303745672
get,that,12,19,6354,0.0018885741265344666
get,everybody,12,20,6354,0.0018885741265344666
get,one,10,21,6354,0.0015738117721120553
get,doggie,9,22,6354,0.00141643059490085
get,somebody,9,23,6354,0.00141643059490085
get,he'has,9,24,6354,0.00141643059490085
get,go,8,25,6354,0.0012590494176896443
get,danny,7,26,6354,0.0011016682404784387
get,rabbit,7,27,6354,0.0011016682404784387
get,boy,6,28,6354,0.0009442870632672333
get,hasta,6,29,6354,0.0009442870632672333
get,mom,6,30,6354,0.0009442870632672333
get,no,6,31,6354,0.0009442870632672333
get,laura,5,32,6354,0.0007869058860560277
get,bunny,5,33,6354,0.0007869058860560277
get,she'has,5,34,6354,0.0007869058860560277
get,mommy'll,4,35,6354,0.0006295247088448222
get,dwww,4,36,6354,0.0006295247088448222
get,cow,4,37,6354,0.0006295247088448222
get,ball,4,38,6354,0.0006295247088448222
get,sister,4,39,6354,0.0006295247088448222
get,eve,4,40,6354,0.0006295247088448222
get,sun,4,41,6354,0.0006295247088448222
get,rachel,4,42,6354,0.0006295247088448222
get,ooh,4,43,6354,0.0006295247088448222
get,megan,4,44,6354,0.0006295247088448222
get,pg,4,45,6354,0.0006295247088448222
get,sally,4,46,6354,0.0006295247088448222
get,needta,3,47,6354,0.00047214353163361664
get,foot,3,48,6354,0.00047214353163361664
get,finger,3,49,6354,0.00047214353163361664
get,bear,3,50,6354,0.00047214353163361664
get,elmo,3,51,6354,0.00047214353163361664
get,shoe,3,52,6354,0.00047214353163361664
get,whose,3,53,6354,0.00047214353163361664
get,guy,3,54,6354,0.00047214353163361664
get,jenna,3,55,6354,0.00047214353163361664
get,momma,3,56,6354,0.00047214353163361664
get,daddy'll,3,57,6354,0.00047214353163361664
get,chair,2,58,6354,0.0003147623544224111
get,two,2,59,6354,0.0003147623544224111
get,anyone,2,60,6354,0.0003147623544224111
get,hair,2,61,6354,0.0003147623544224111
get,bird,2,62,6354,0.0003147623544224111
get,morgan,2,63,6354,0.0003147623544224111
get,water,2,64,6354,0.0003147623544224111
get,hand,2,65,6354,0.0003147623544224111
get,animal,2,66,6354,0.0003147623544224111
get,mandy,2,67,6354,0.0003147623544224111
get,kitty,2,68,6354,0.0003147623544224111
get,uhoh,2,69,6354,0.0003147623544224111
get,bert,2,70,6354,0.0003147623544224111
get,grandma,2,71,6354,0.0003147623544224111
get,dakota,2,72,6354,0.0003147623544224111
get,dad,2,73,6354,0.0003147623544224111
get,chickie,2,74,6354,0.0003147623544224111
get,feetie,2,75,6354,0.0003147623544224111
get,dinosaur,2,76,6354,0.0003147623544224111
get,dyeisha,2,77,6354,0.0003147623544224111
get,op,2,78,6354,0.0003147623544224111
get,mommy'has,2,79,6354,0.0003147623544224111
get,bubble,2,80,6354,0.0003147623544224111
get,sink,2,81,6354,0.0003147623544224111
get,stove,2,82,6354,0.0003147623544224111
get,plate,2,83,6354,0.0003147623544224111
get,nina,2,84,6354,0.0003147623544224111
get,what,2,85,6354,0.0003147623544224111
get,woofwoof,2,86,6354,0.0003147623544224111
get,mariah,2,87,6354,0.0003147623544224111
get,people,2,88,6354,0.0003147623544224111
get,brother,2,89,6354,0.0003147623544224111
get,h,2,90,6354,0.0003147623544224111
get,amanda,2,91,6354,0.0003147623544224111
get,lissa,2,92,6354,0.0003147623544224111
get,kalie,2,93,6354,0.0003147623544224111
get,nomi,2,94,6354,0.0003147623544224111
get,joseph,2,95,6354,0.0003147623544224111
get,car,2,96,6354,0.0003147623544224111
get,child,2,97,6354,0.0003147623544224111
get,bus,1,98,6354,0.00015738117721120554
get,wheel,1,99,6354,0.00015738117721120554
get,family,1,100,6354,0.00015738117721120554
get,bike,1,101,6354,0.00015738117721120554
get,swww,1,102,6354,0.00015738117721120554
get,zwww,1,103,6354,0.00015738117721120554
get,anybody,1,104,6354,0.00015738117721120554
get,mwww,1,105,6354,0.00015738117721120554
get,christopher,1,106,6354,0.00015738117721120554
get,brittney,1,107,6354,0.00015738117721120554
get,doctor,1,108,6354,0.00015738117721120554
get,rinse,1,109,6354,0.00015738117721120554
get,puppy,1,110,6354,0.00015738117721120554
get,truth,1,111,6354,0.00015738117721120554
get,dillon,1,112,6354,0.00015738117721120554
get,piggy,1,113,6354,0.00015738117721120554
get,mamma,1,114,6354,0.00015738117721120554
get,toe,1,115,6354,0.00015738117721120554
get,place,1,116,6354,0.00015738117721120554
get,garden,1,117,6354,0.00015738117721120554
get,skin,1,118,6354,0.00015738117721120554
get,brush,1,119,6354,0.00015738117721120554
get,eeyore,1,120,6354,0.00015738117721120554
get,everyone,1,121,6354,0.00015738117721120554
get,those,1,122,6354,0.00015738117721120554
get,clifford,1,123,6354,0.00015738117721120554
get,seven,1,124,6354,0.00015738117721120554
get,book,1,125,6354,0.00015738117721120554
get,henry,1,126,6354,0.00015738117721120554
get,fuss,1,127,6354,0.00015738117721120554
get,andy,1,128,6354,0.00015738117721120554
get,woody,1,129,6354,0.00015738117721120554
get,maggie,1,130,6354,0.00015738117721120554
get,uncle,1,131,6354,0.00015738117721120554
get,weepee,1,132,6354,0.00015738117721120554
get,hadta,1,133,6354,0.00015738117721120554
get,door,1,134,6354,0.00015738117721120554
get,some,1,135,6354,0.00015738117721120554
get,stuff,1,136,6354,0.00015738117721120554
get,shrimp,1,137,6354,0.00015738117721120554
get,thing,1,138,6354,0.00015738117721120554
get,grandaddy,1,139,6354,0.00015738117721120554
get,fool,1,140,6354,0.00015738117721120554
get,nana,1,141,6354,0.00015738117721120554
get,shoulda,1,142,6354,0.00015738117721120554
get,baebae,1,143,6354,0.00015738117721120554
get,sandwich,1,144,6354,0.00015738117721120554
get,eve'll,1,145,6354,0.00015738117721120554
get,fraser,1,146,6354,0.00015738117721120554
get,mom'll,1,147,6354,0.00015738117721120554
get,hole,1,148,6354,0.00015738117721120554
get,tapioca,1,149,6354,0.00015738117721120554
get,↫,1,150,6354,0.00015738117721120554
get,nana'has,1,151,6354,0.00015738117721120554
get,monkey,1,152,6354,0.00015738117721120554
get,house,1,153,6354,0.00015738117721120554
get,help,1,154,6354,0.00015738117721120554
get,bunny'has,1,155,6354,0.00015738117721120554
get,oven,1,156,6354,0.00015738117721120554
get,bear'has,1,157,6354,0.00015738117721120554
get,mama'has,1,158,6354,0.00015738117721120554
get,girl,1,159,6354,0.00015738117721120554
get,tower,1,160,6354,0.00015738117721120554
get,shampoo,1,161,6354,0.00015738117721120554
get,your,1,162,6354,0.00015738117721120554
get,bottle,1,163,6354,0.00015738117721120554
get,sissy,1,164,6354,0.00015738117721120554
get,mom'ha,1,165,6354,0.00015738117721120554
get,seal,1,166,6354,0.00015738117721120554
get,someone,1,167,6354,0.00015738117721120554
get,sandy,1,168,6354,0.00015738117721120554
get,nope,1,169,6354,0.00015738117721120554
get,chelsi,1,170,6354,0.00015738117721120554
get,puzzle,1,171,6354,0.00015738117721120554
get,dog,1,172,6354,0.00015738117721120554
get,isaiah,1,173,6354,0.00015738117721120554
get,lexy,1,174,6354,0.00015738117721120554
get,malasia,1,175,6354,0.00015738117721120554
get,oop,1,176,6354,0.00015738117721120554
get,sophie,1,177,6354,0.00015738117721120554
get,carl,1,178,6354,0.00015738117721120554
get,man,1,179,6354,0.00015738117721120554
get,kelsey,1,180,6354,0.00015738117721120554
get,caterpillar,1,181,6354,0.00015738117721120554
get,johnny,1,182,6354,0.00015738117721120554
get,brittany,1,183,6354,0.00015738117721120554
get,bug,1,184,6354,0.00015738117721120554
get,cat,1,185,6354,0.00015738117721120554
get,wolf,1,186,6354,0.00015738117721120554
get,nose,1,187,6354,0.00015738117721120554
get,nobody,1,188,6354,0.00015738117721120554
get,time,1,189,6354,0.00015738117721120554
get,around,1,190,6354,0.00015738117721120554
get,let,1,191,6354,0.00015738117721120554
get,its,1,192,6354,0.00015738117721120554
get,bite,1,193,6354,0.00015738117721120554
get,chichi,1,194,6354,0.00015738117721120554
get,diaper,1,195,6354,0.00015738117721120554
get,turkey,1,196,6354,0.00015738117721120554
get,woowoo,1,197,6354,0.00015738117721120554
get,wawawa,1,198,6354,0.00015738117721120554
get,wave,1,199,6354,0.00015738117721120554
get,barbara,1,200,6354,0.00015738117721120554
get,hyena,1,201,6354,0.00015738117721120554
get,arm,1,202,6354,0.00015738117721120554
get,something,1,203,6354,0.00015738117721120554
get,push,1,204,6354,0.00015738117721120554
get,duck,1,205,6354,0.00015738117721120554
get,pinocchio,1,206,6354,0.00015738117721120554
get,ouch,1,207,6354,0.00015738117721120554
get,bell,1,208,6354,0.00015738117721120554
get,ernie,1,209,6354,0.00015738117721120554
get,clothe,1,210,6354,0.00015738117721120554
get,rex,1,211,6354,0.00015738117721120554
get,mot,1,212,6354,0.00015738117721120554
get,naomi,1,213,6354,0.00015738117721120554
get,julia,1,214,6354,0.00015738117721120554
get,honey,1,215,6354,0.00015738117721120554
get,zoom,1,216,6354,0.00015738117721120554
get,emma,1,217,6354,0.00015738117721120554
get,mosquito,1,218,6354,0.00015738117721120554
get,sarah,1,219,6354,0.00015738117721120554
get,marco,1,220,6354,0.00015738117721120554
get,broom,1,221,6354,0.00015738117721120554
get,jill,1,222,6354,0.00015738117721120554
want,you,4554,1,6135,0.7422982885085575
want,i,508,2,6135,0.08280358598207009
want,she,223,3,6135,0.03634881825590872
want,he,212,4,6135,0.034555827220863894
want,mommy,69,5,6135,0.011246943765281174
want,baby,64,6,6135,0.010431947840260799
want,we,55,7,6135,0.008964955175224124
want,who,51,8,6135,0.008312958435207823
want,they,49,9,6135,0.007986960065199673
want,daddy,36,10,6135,0.0058679706601467
want,danny,32,11,6135,0.0052159739201303994
want,ya,26,12,6135,0.004237978810105949
want,nina,24,13,6135,0.003911980440097799
want,pooh,15,14,6135,0.0024449877750611247
want,mama,12,15,6135,0.0019559902200488996
want,whatcha,12,16,6135,0.0019559902200488996
want,laura,10,17,6135,0.0016299918500407497
want,bear,10,18,6135,0.0016299918500407497
want,elmo,8,19,6135,0.0013039934800325999
want,poohbear,8,20,6135,0.0013039934800325999
want,it,6,21,6135,0.0009779951100244498
want,bunny,5,22,6135,0.0008149959250203749
want,one,4,23,6135,0.0006519967400162999
want,jaylen,4,24,6135,0.0006519967400162999
want,nomi,4,25,6135,0.0006519967400162999
want,doggie,3,26,6135,0.0004889975550122249
want,man,3,27,6135,0.0004889975550122249
want,dwww,3,28,6135,0.0004889975550122249
want,horsie,3,29,6135,0.0004889975550122249
want,cname,3,30,6135,0.0004889975550122249
want,horse,3,31,6135,0.0004889975550122249
want,elephant,3,32,6135,0.0004889975550122249
want,jane,3,33,6135,0.0004889975550122249
want,joseph,3,34,6135,0.0004889975550122249
want,dragon,2,35,6135,0.00032599837000814997
want,gail,2,36,6135,0.00032599837000814997
want,puppet,2,37,6135,0.00032599837000814997
want,lady,2,38,6135,0.00032599837000814997
want,peter,2,39,6135,0.00032599837000814997
want,guy,2,40,6135,0.00032599837000814997
want,mandy,2,41,6135,0.00032599837000814997
want,boy,2,42,6135,0.00032599837000814997
want,kitty,2,43,6135,0.00032599837000814997
want,what,2,44,6135,0.00032599837000814997
want,fraser,2,45,6135,0.00032599837000814997
want,eve,2,46,6135,0.00032599837000814997
want,pickle,2,47,6135,0.00032599837000814997
want,duck,2,48,6135,0.00032599837000814997
want,sheep,2,49,6135,0.00032599837000814997
want,lion,2,50,6135,0.00032599837000814997
want,potato,2,51,6135,0.00032599837000814997
want,chair,2,52,6135,0.00032599837000814997
want,dog,2,53,6135,0.00032599837000814997
want,kid,2,54,6135,0.00032599837000814997
want,mary,2,55,6135,0.00032599837000814997
want,lamb,2,56,6135,0.00032599837000814997
want,dan,1,57,6135,0.00016299918500407498
want,dada,1,58,6135,0.00016299918500407498
want,flower,1,59,6135,0.00016299918500407498
want,patsy,1,60,6135,0.00016299918500407498
want,wagon,1,61,6135,0.00016299918500407498
want,anybody,1,62,6135,0.00016299918500407498
want,ahoh,1,63,6135,0.00016299918500407498
want,cat,1,64,6135,0.00016299918500407498
want,someone,1,65,6135,0.00016299918500407498
want,nala,1,66,6135,0.00016299918500407498
want,simba,1,67,6135,0.00016299918500407498
want,megan,1,68,6135,0.00016299918500407498
want,cow,1,69,6135,0.00016299918500407498
want,picachu,1,70,6135,0.00016299918500407498
want,fisher,1,71,6135,0.00016299918500407498
want,henry,1,72,6135,0.00016299918500407498
want,woody,1,73,6135,0.00016299918500407498
want,baebae,1,74,6135,0.00016299918500407498
want,girl,1,75,6135,0.00016299918500407498
want,kathy,1,76,6135,0.00016299918500407498
want,papa,1,77,6135,0.00016299918500407498
want,doll,1,78,6135,0.00016299918500407498
want,winnie,1,79,6135,0.00016299918500407498
want,penguin,1,80,6135,0.00016299918500407498
want,animal,1,81,6135,0.00016299918500407498
want,froggy,1,82,6135,0.00016299918500407498
want,teddy,1,83,6135,0.00016299918500407498
want,mom,1,84,6135,0.00016299918500407498
want,potatohead,1,85,6135,0.00016299918500407498
want,thing,1,86,6135,0.00016299918500407498
want,lily,1,87,6135,0.00016299918500407498
want,red,1,88,6135,0.00016299918500407498
want,look,1,89,6135,0.00016299918500407498
want,yum,1,90,6135,0.00016299918500407498
want,hush,1,91,6135,0.00016299918500407498
want,ready,1,92,6135,0.00016299918500407498
want,mariah,1,93,6135,0.00016299918500407498
want,phoebe,1,94,6135,0.00016299918500407498
want,color,1,95,6135,0.00016299918500407498
want,stefan,1,96,6135,0.00016299918500407498
want,thank_you,1,97,6135,0.00016299918500407498
want,yeh,1,98,6135,0.00016299918500407498
want,cinderella,1,99,6135,0.00016299918500407498
want,bug,1,100,6135,0.00016299918500407498
want,ross,1,101,6135,0.00016299918500407498
want,oscar,1,102,6135,0.00016299918500407498
want,aislinn,1,103,6135,0.00016299918500407498
want,bird,1,104,6135,0.00016299918500407498
want,rachel,1,105,6135,0.00016299918500407498
want,kitten,1,106,6135,0.00016299918500407498
want,zach,1,107,6135,0.00016299918500407498
want,chicken,1,108,6135,0.00016299918500407498
want,melissa,1,109,6135,0.00016299918500407498
want,chicken'll,1,110,6135,0.00016299918500407498
want,brittany,1,111,6135,0.00016299918500407498
want,sally,1,112,6135,0.00016299918500407498
want,that,1,113,6135,0.00016299918500407498
want,which,1,114,6135,0.00016299918500407498
want,goldie,1,115,6135,0.00016299918500407498
want,kangaroo,1,116,6135,0.00016299918500407498
want,catherine,1,117,6135,0.00016299918500407498
want,nicky,1,118,6135,0.00016299918500407498
want,yaya,1,119,6135,0.00016299918500407498
see,you,1620,1,5238,0.30927835051546393
see,i,1548,2,5238,0.29553264604810997
see,us,1092,3,5238,0.20847651775486828
see,we,323,4,5238,0.0616647575410462
see,wanna,191,5,5238,0.03646429935089729
see,lemme,100,6,5238,0.019091256204658267
see,he,95,7,5238,0.018136693394425352
see,she,60,8,5238,0.011454753722794959
see,mommy,22,9,5238,0.004200076365024819
see,ya,16,10,5238,0.0030546009927453228
see,they,15,11,5238,0.0028636884306987398
see,mama,15,12,5238,0.0028636884306987398
see,let,11,13,5238,0.0021000381825124095
see,daddy,9,14,5238,0.001718213058419244
see,rachel,8,15,5238,0.0015273004963726614
see,mickey,4,16,5238,0.0007636502481863307
see,baby,4,17,5238,0.0007636502481863307
see,it,3,18,5238,0.000572737686139748
see,baby_mickey,3,19,5238,0.000572737686139748
see,bird,3,20,5238,0.000572737686139748
see,this,2,21,5238,0.00038182512409316535
see,bunny,2,22,5238,0.00038182512409316535
see,anybody,2,23,5238,0.00038182512409316535
see,the,2,24,5238,0.00038182512409316535
see,laura,2,25,5238,0.00038182512409316535
see,whatcha,2,26,5238,0.00038182512409316535
see,camera,2,27,5238,0.00038182512409316535
see,one,2,28,5238,0.00038182512409316535
see,everybody,2,29,5238,0.00038182512409316535
see,nina,2,30,5238,0.00038182512409316535
see,doggie,2,31,5238,0.00038182512409316535
see,anyone,2,32,5238,0.00038182512409316535
see,ball,2,33,5238,0.00038182512409316535
see,herself,2,34,5238,0.00038182512409316535
see,book,2,35,5238,0.00038182512409316535
see,fish,2,36,5238,0.00038182512409316535
see,mom,2,37,5238,0.00038182512409316535
see,inge,1,38,5238,0.00019091256204658267
see,hand,1,39,5238,0.00019091256204658267
see,puppet,1,40,5238,0.00019091256204658267
see,eric,1,41,5238,0.00019091256204658267
see,button,1,42,5238,0.00019091256204658267
see,airplane,1,43,5238,0.00019091256204658267
see,seesaw,1,44,5238,0.00019091256204658267
see,patsy,1,45,5238,0.00019091256204658267
see,angel,1,46,5238,0.00019091256204658267
see,moon,1,47,5238,0.00019091256204658267
see,nobody,1,48,5238,0.00019091256204658267
see,alexander,1,49,5238,0.00019091256204658267
see,nala,1,50,5238,0.00019091256204658267
see,simba,1,51,5238,0.00019091256204658267
see,dakota,1,52,5238,0.00019091256204658267
see,basket,1,53,5238,0.00019091256204658267
see,kim,1,54,5238,0.00019091256204658267
see,forehead,1,55,5238,0.00019091256204658267
see,rabbit,1,56,5238,0.00019091256204658267
see,somebody,1,57,5238,0.00019091256204658267
see,fraser,1,58,5238,0.00019091256204658267
see,who,1,59,5238,0.00019091256204658267
see,danny,1,60,5238,0.00019091256204658267
see,wamma,1,61,5238,0.00019091256204658267
see,glass,1,62,5238,0.00019091256204658267
see,cname,1,63,5238,0.00019091256204658267
see,colleen,1,64,5238,0.00019091256204658267
see,elephant,1,65,5238,0.00019091256204658267
see,meagan,1,66,5238,0.00019091256204658267
see,cann't,1,67,5238,0.00019091256204658267
see,uhoh,1,68,5238,0.00019091256204658267
see,nose,1,69,5238,0.00019091256204658267
see,brittney,1,70,5238,0.00019091256204658267
see,tickle,1,71,5238,0.00019091256204658267
see,word,1,72,5238,0.00019091256204658267
see,kiddo,1,73,5238,0.00019091256204658267
see,beard,1,74,5238,0.00019091256204658267
see,stove,1,75,5238,0.00019091256204658267
see,michelle,1,76,5238,0.00019091256204658267
see,jackie,1,77,5238,0.00019091256204658267
see,pete,1,78,5238,0.00019091256204658267
see,bear,1,79,5238,0.00019091256204658267
see,whoop,1,80,5238,0.00019091256204658267
see,john,1,81,5238,0.00019091256204658267
see,that,1,82,5238,0.00019091256204658267
see,whee,1,83,5238,0.00019091256204658267
see,melissa,1,84,5238,0.00019091256204658267
see,mash,1,85,5238,0.00019091256204658267
see,pg,1,86,5238,0.00019091256204658267
see,push,1,87,5238,0.00019091256204658267
see,ten,1,88,5238,0.00019091256204658267
see,travis,1,89,5238,0.00019091256204658267
see,swing,1,90,5238,0.00019091256204658267
see,uhhum,1,91,5238,0.00019091256204658267
see,kalie,1,92,5238,0.00019091256204658267
see,sister,1,93,5238,0.00019091256204658267
see,mot,1,94,5238,0.00019091256204658267
see,nomi,1,95,5238,0.00019091256204658267
see,h,1,96,5238,0.00019091256204658267
see,theo,1,97,5238,0.00019091256204658267
see,moo,1,98,5238,0.00019091256204658267
see,god,1,99,5238,0.00019091256204658267
wanna,you,4451,1,5034,0.8841875248311482
wanna,i,397,2,5034,0.0788637266587207
wanna,we,69,3,5034,0.013706793802145411
wanna,he,31,4,5034,0.006158124751688518
wanna,she,28,5,5034,0.0055621771950735005
wanna,they,21,6,5034,0.004171632896305125
wanna,ya,8,7,5034,0.0015891934843067143
wanna,nathan,3,8,5034,0.0005959475566150178
wanna,man,2,9,5034,0.0003972983710766786
wanna,train,1,10,5034,0.0001986491855383393
wanna,dwww,1,11,5034,0.0001986491855383393
wanna,guy,1,12,5034,0.0001986491855383393
wanna,laura,1,13,5034,0.0001986491855383393
wanna,mommy,1,14,5034,0.0001986491855383393
wanna,cat,1,15,5034,0.0001986491855383393
wanna,kitty,1,16,5034,0.0001986491855383393
wanna,baby,1,17,5034,0.0001986491855383393
wanna,piggies,1,18,5034,0.0001986491855383393
wanna,cupcake,1,19,5034,0.0001986491855383393
wanna,cow,1,20,5034,0.0001986491855383393
wanna,one,1,21,5034,0.0001986491855383393
wanna,eve,1,22,5034,0.0001986491855383393
wanna,doll,1,23,5034,0.0001986491855383393
wanna,op,1,24,5034,0.0001986491855383393
wanna,cookie,1,25,5034,0.0001986491855383393
wanna,come,1,26,5034,0.0001986491855383393
wanna,who,1,27,5034,0.0001986491855383393
wanna,pinocchio,1,28,5034,0.0001986491855383393
wanna,daddy,1,29,5034,0.0001986491855383393
wanna,goldie,1,30,5034,0.0001986491855383393
wanna,it,1,31,5034,0.0001986491855383393
wanna,piggie,1,32,5034,0.0001986491855383393
wanna,brother,1,33,5034,0.0001986491855383393
put,you,1825,1,4578,0.39864569681083445
put,we,847,2,4578,0.18501529051987767
put,i,590,3,4578,0.1288772389689821
put,us,457,4,4578,0.09982525120139799
put,wanna,288,5,4578,0.06290956749672345
put,mommy,119,6,4578,0.02599388379204893
put,daddy,58,7,4578,0.012669287898645697
put,she,56,8,4578,0.012232415902140673
put,he,44,9,4578,0.009611183923110528
put,lemme,26,10,4578,0.005679335954565312
put,nomi,14,11,4578,0.0030581039755351682
put,they,12,12,4578,0.002621231979030144
put,go,11,13,4578,0.002402795980777632
put,needta,11,14,4578,0.002402795980777632
put,mama,11,15,4578,0.002402795980777632
put,who,10,16,4578,0.00218435998252512
put,ya,9,17,4578,0.001965923984272608
put,mom,8,18,4578,0.0017474879860200961
put,op,8,19,4578,0.0017474879860200961
put,boy,7,20,4578,0.0015290519877675841
put,rachel,7,21,4578,0.0015290519877675841
put,it,6,22,4578,0.001310615989515072
put,somebody,5,23,4578,0.00109217999126256
put,baby,5,24,4578,0.00109217999126256
put,yep,5,25,4578,0.00109217999126256
put,paul,4,26,4578,0.0008737439930100481
put,peter,4,27,4578,0.0008737439930100481
put,daddy'll,4,28,4578,0.0008737439930100481
put,sally,4,29,4578,0.0008737439930100481
put,kalie,4,30,4578,0.0008737439930100481
put,lois,3,31,4578,0.000655307994757536
put,snort,3,32,4578,0.000655307994757536
put,what,3,33,4578,0.000655307994757536
put,doggie,3,34,4578,0.000655307994757536
put,megan,3,35,4578,0.000655307994757536
put,patsy,2,36,4578,0.00043687199650502403
put,oughta,2,37,4578,0.00043687199650502403
put,jwww,2,38,4578,0.00043687199650502403
put,laura,2,39,4578,0.00043687199650502403
put,honey,2,40,4578,0.00043687199650502403
put,hasta,2,41,4578,0.00043687199650502403
put,toy,2,42,4578,0.00043687199650502403
put,that,2,43,4578,0.00043687199650502403
put,timmy,2,44,4578,0.00043687199650502403
put,carl,2,45,4578,0.00043687199650502403
put,eve,2,46,4578,0.00043687199650502403
put,cname,2,47,4578,0.00043687199650502403
put,bed,2,48,4578,0.00043687199650502403
put,pea,2,49,4578,0.00043687199650502403
put,one,2,50,4578,0.00043687199650502403
put,mother,2,51,4578,0.00043687199650502403
put,yeh,2,52,4578,0.00043687199650502403
put,ross,2,53,4578,0.00043687199650502403
put,dad,2,54,4578,0.00043687199650502403
put,nina,2,55,4578,0.00043687199650502403
put,cow,1,56,4578,0.00021843599825251202
put,nobody,1,57,4578,0.00021843599825251202
put,frisbee,1,58,4578,0.00021843599825251202
put,juice,1,59,4578,0.00021843599825251202
put,four,1,60,4578,0.00021843599825251202
put,foot,1,61,4578,0.00021843599825251202
put,bike,1,62,4578,0.00021843599825251202
put,joanna,1,63,4578,0.00021843599825251202
put,top,1,64,4578,0.00021843599825251202
put,clothe,1,65,4578,0.00021843599825251202
put,h,1,66,4578,0.00021843599825251202
put,kitty,1,67,4578,0.00021843599825251202
put,someone,1,68,4578,0.00021843599825251202
put,pg,1,69,4578,0.00021843599825251202
put,kitten,1,70,4578,0.00021843599825251202
put,hadta,1,71,4578,0.00021843599825251202
put,stuff,1,72,4578,0.00021843599825251202
put,helphenry,1,73,4578,0.00021843599825251202
put,andy,1,74,4578,0.00021843599825251202
put,granddaddy,1,75,4578,0.00021843599825251202
put,fraser'll,1,76,4578,0.00021843599825251202
put,cromer,1,77,4578,0.00021843599825251202
put,uhohbetter,1,78,4578,0.00021843599825251202
put,plate,1,79,4578,0.00021843599825251202
put,caroline,1,80,4578,0.00021843599825251202
put,this,1,81,4578,0.00021843599825251202
put,chelsi,1,82,4578,0.00021843599825251202
put,watch,1,83,4578,0.00021843599825251202
put,kristen,1,84,4578,0.00021843599825251202
put,michael,1,85,4578,0.00021843599825251202
put,makeup,1,86,4578,0.00021843599825251202
put,fun,1,87,4578,0.00021843599825251202
put,bowl,1,88,4578,0.00021843599825251202
put,dana,1,89,4578,0.00021843599825251202
put,nicky,1,90,4578,0.00021843599825251202
put,elephant,1,91,4578,0.00021843599825251202
put,elena,1,92,4578,0.00021843599825251202
put,wayne,1,93,4578,0.00021843599825251202
put,uhhuh,1,94,4578,0.00021843599825251202
put,cook,1,95,4578,0.00021843599825251202
put,stromboli,1,96,4578,0.00021843599825251202
put,brian,1,97,4578,0.00021843599825251202
put,way,1,98,4578,0.00021843599825251202
put,trick,1,99,4578,0.00021843599825251202
put,aislinn,1,100,4578,0.00021843599825251202
put,monkey,1,101,4578,0.00021843599825251202
put,ema,1,102,4578,0.00021843599825251202
put,jane,1,103,4578,0.00021843599825251202
put,cookie,1,104,4578,0.00021843599825251202
put,come,1,105,4578,0.00021843599825251202
put,sheep,1,106,4578,0.00021843599825251202
put,chicken,1,107,4578,0.00021843599825251202
put,lissa,1,108,4578,0.00021843599825251202
put,salley,1,109,4578,0.00021843599825251202
put,yay,1,110,4578,0.00021843599825251202
put,travis,1,111,4578,0.00021843599825251202
put,your,1,112,4578,0.00021843599825251202
put,bib,1,113,4578,0.00021843599825251202
put,jo,1,114,4578,0.00021843599825251202
put,sock,1,115,4578,0.00021843599825251202
put,sister,1,116,4578,0.00021843599825251202
put,flower,1,117,4578,0.00021843599825251202
put,yo,1,118,4578,0.00021843599825251202
put,claus,1,119,4578,0.00021843599825251202
say,you,1493,1,4335,0.3444059976931949
say,he,300,2,4335,0.06920415224913495
say,she,268,3,4335,0.06182237600922722
say,i,230,4,4335,0.0530565167243368
say,it,174,5,4335,0.04013840830449827
say,cow,92,6,4335,0.02122260668973472
say,duck,81,7,4335,0.018685121107266434
say,doggie,78,8,4335,0.017993079584775088
say,they,63,9,4335,0.01453287197231834
say,who,62,10,4335,0.014302191464821222
say,mommy,58,11,4335,0.013379469434832756
say,kitty,55,12,4335,0.012687427912341407
say,lion,52,13,4335,0.011995386389850057
say,cat,51,14,4335,0.011764705882352941
say,we,44,15,4335,0.010149942329873126
say,that,37,16,4335,0.00853517877739331
say,chicken,33,17,4335,0.007612456747404845
say,nomi,31,18,4335,0.007151095732410611
say,dog,30,19,4335,0.006920415224913495
say,horsie,30,20,4335,0.006920415224913495
say,this,28,21,4335,0.006459054209919262
say,sheep,28,22,4335,0.006459054209919262
say,pig,26,23,4335,0.0059976931949250285
say,mama,26,24,4335,0.0059976931949250285
say,bird,24,25,4335,0.005536332179930796
say,horse,24,26,4335,0.005536332179930796
say,daddy,23,27,4335,0.00530565167243368
say,owl,23,28,4335,0.00530565167243368
say,frog,21,29,4335,0.004844290657439446
say,laura,18,30,4335,0.004152249134948097
say,hyena,17,31,4335,0.00392156862745098
say,pg,16,32,4335,0.003690888119953864
say,geese,16,33,4335,0.003690888119953864
say,animal,16,34,4335,0.003690888119953864
say,rabbit,16,35,4335,0.003690888119953864
say,rooster,15,36,4335,0.0034602076124567475
say,wanna,14,37,4335,0.003229527104959631
say,us,14,38,4335,0.003229527104959631
say,moo,14,39,4335,0.003229527104959631
say,bear,14,40,4335,0.003229527104959631
say,elephant,14,41,4335,0.003229527104959631
say,one,13,42,4335,0.0029988465974625142
say,doggy,13,43,4335,0.0029988465974625142
say,lamb,12,44,4335,0.002768166089965398
say,bunny,12,45,4335,0.002768166089965398
say,piggy,11,46,4335,0.0025374855824682814
say,turkey,11,47,4335,0.0025374855824682814
say,monkey,11,48,4335,0.0025374855824682814
say,what'does,11,49,4335,0.0025374855824682814
say,donkey,11,50,4335,0.0025374855824682814
say,baby,10,51,4335,0.002306805074971165
say,piggie,10,52,4335,0.002306805074971165
say,birdie,10,53,4335,0.002306805074971165
say,mouse,9,54,4335,0.0020761245674740486
say,puppy,9,55,4335,0.0020761245674740486
say,what,8,56,4335,0.001845444059976932
say,goat,8,57,4335,0.001845444059976932
say,duckie,8,58,4335,0.001845444059976932
say,snake,8,59,4335,0.001845444059976932
say,ya,7,60,4335,0.0016147635524798155
say,doctor,7,61,4335,0.0016147635524798155
say,wolf,7,62,4335,0.0016147635524798155
say,car,7,63,4335,0.0016147635524798155
say,mother,6,64,4335,0.001384083044982699
say,squawky,6,65,4335,0.001384083044982699
say,goose,6,66,4335,0.001384083044982699
say,danny,6,67,4335,0.001384083044982699
say,grandma,5,68,4335,0.0011534025374855825
say,chick,5,69,4335,0.0011534025374855825
say,choo,5,70,4335,0.0011534025374855825
say,chickie,5,71,4335,0.0011534025374855825
say,bee,5,72,4335,0.0011534025374855825
say,driver,5,73,4335,0.0011534025374855825
say,guy,5,74,4335,0.0011534025374855825
say,lady,5,75,4335,0.0011534025374855825
say,motorcycle,5,76,4335,0.0011534025374855825
say,meow,4,77,4335,0.000922722029988466
say,woof,4,78,4335,0.000922722029988466
say,truck,4,79,4335,0.000922722029988466
say,pooh,4,80,4335,0.000922722029988466
say,eyeore,4,81,4335,0.000922722029988466
say,woody,4,82,4335,0.000922722029988466
say,cluck,4,83,4335,0.000922722029988466
say,tractor,4,84,4335,0.000922722029988466
say,giraffe,4,85,4335,0.000922722029988466
say,ernie,4,86,4335,0.000922722029988466
say,pinocchio,4,87,4335,0.000922722029988466
say,man,4,88,4335,0.000922722029988466
say,stromboli,4,89,4335,0.000922722029988466
say,clown,4,90,4335,0.000922722029988466
say,engine,4,91,4335,0.000922722029988466
say,boy,3,92,4335,0.0006920415224913495
say,train,3,93,4335,0.0006920415224913495
say,peter,3,94,4335,0.0006920415224913495
say,recorder,3,95,4335,0.0006920415224913495
say,morgan,3,96,4335,0.0006920415224913495
say,baa,3,97,4335,0.0006920415224913495
say,mom,3,98,4335,0.0006920415224913495
say,tiger,3,99,4335,0.0006920415224913495
say,no,3,100,4335,0.0006920415224913495
say,book,3,101,4335,0.0006920415224913495
say,dada,3,102,4335,0.0006920415224913495
say,wife,3,103,4335,0.0006920415224913495
say,fishie,3,104,4335,0.0006920415224913495
say,tom,3,105,4335,0.0006920415224913495
say,bowwow,3,106,4335,0.0006920415224913495
say,crocodile,3,107,4335,0.0006920415224913495
say,lewis,3,108,4335,0.0006920415224913495
say,bert,3,109,4335,0.0006920415224913495
say,katie,3,110,4335,0.0006920415224913495
say,jill,3,111,4335,0.0006920415224913495
say,camel,2,112,4335,0.000461361014994233
say,chico,2,113,4335,0.000461361014994233
say,kid,2,114,4335,0.000461361014994233
say,gwww,2,115,4335,0.000461361014994233
say,nobody,2,116,4335,0.000461361014994233
say,joanna,2,117,4335,0.000461361014994233
say,noah,2,118,4335,0.000461361014994233
say,pony,2,119,4335,0.000461361014994233
say,duckling,2,120,4335,0.000461361014994233
say,cock_a_doodle_doo,2,121,4335,0.000461361014994233
say,bang,2,122,4335,0.000461361014994233
say,kitty_cat,2,123,4335,0.000461361014994233
say,ladybug,2,124,4335,0.000461361014994233
say,hen,2,125,4335,0.000461361014994233
say,thing,2,126,4335,0.000461361014994233
say,bible,2,127,4335,0.000461361014994233
say,useta,2,128,4335,0.000461361014994233
say,nana,2,129,4335,0.000461361014994233
say,ducky,2,130,4335,0.000461361014994233
say,poohbear,2,131,4335,0.000461361014994233
say,farmer,2,132,4335,0.000461361014994233
say,deer,2,133,4335,0.000461361014994233
say,ball,2,134,4335,0.000461361014994233
say,jiminy,2,135,4335,0.000461361014994233
say,gita,2,136,4335,0.000461361014994233
say,mary,2,137,4335,0.000461361014994233
say,ross,2,138,4335,0.000461361014994233
say,tree,2,139,4335,0.000461361014994233
say,jane,2,140,4335,0.000461361014994233
say,puppys,2,141,4335,0.000461361014994233
say,piggys,2,142,4335,0.000461361014994233
say,madelyn,2,143,4335,0.000461361014994233
say,holly,2,144,4335,0.000461361014994233
say,her,2,145,4335,0.000461361014994233
say,clock,2,146,4335,0.000461361014994233
say,kikuyus,2,147,4335,0.000461361014994233
say,good,2,148,4335,0.000461361014994233
say,gammy,2,149,4335,0.000461361014994233
say,girl,2,150,4335,0.000461361014994233
say,h,2,151,4335,0.000461361014994233
say,spock,2,152,4335,0.000461361014994233
say,dog_dog,1,153,4335,0.0002306805074971165
say,shena,1,154,4335,0.0002306805074971165
say,loren,1,155,4335,0.0002306805074971165
say,ding,1,156,4335,0.0002306805074971165
say,ty,1,157,4335,0.0002306805074971165
say,tick,1,158,4335,0.0002306805074971165
say,paul,1,159,4335,0.0002306805074971165
say,mimi,1,160,4335,0.0002306805074971165
say,pepe,1,161,4335,0.0002306805074971165
say,way,1,162,4335,0.0002306805074971165
say,someone,1,163,4335,0.0002306805074971165
say,stranger,1,164,4335,0.0002306805074971165
say,yo,1,165,4335,0.0002306805074971165
say,which,1,166,4335,0.0002306805074971165
say,dirt,1,167,4335,0.0002306805074971165
say,hippie,1,168,4335,0.0002306805074971165
say,ewww,1,169,4335,0.0002306805074971165
say,cheese,1,170,4335,0.0002306805074971165
say,everyone,1,171,4335,0.0002306805074971165
say,susie,1,172,4335,0.0002306805074971165
say,brisco,1,173,4335,0.0002306805074971165
say,poppy,1,174,4335,0.0002306805074971165
say,squawky_the_parrot,1,175,4335,0.0002306805074971165
say,quack,1,176,4335,0.0002306805074971165
say,neigh,1,177,4335,0.0002306805074971165
say,byebye,1,178,4335,0.0002306805074971165
say,suzy,1,179,4335,0.0002306805074971165
say,gatorade,1,180,4335,0.0002306805074971165
say,mandy,1,181,4335,0.0002306805074971165
say,chart,1,182,4335,0.0002306805074971165
say,juice,1,183,4335,0.0002306805074971165
say,katy,1,184,4335,0.0002306805074971165
say,angel,1,185,4335,0.0002306805074971165
say,robin,1,186,4335,0.0002306805074971165
say,piglet,1,187,4335,0.0002306805074971165
say,tweedledum,1,188,4335,0.0002306805074971165
say,toddler,1,189,4335,0.0002306805074971165
say,teacher,1,190,4335,0.0002306805074971165
say,dillon,1,191,4335,0.0002306805074971165
say,favorite,1,192,4335,0.0002306805074971165
say,brooklyn,1,193,4335,0.0002306805074971165
say,somebody,1,194,4335,0.0002306805074971165
say,ramble,1,195,4335,0.0002306805074971165
say,joe,1,196,4335,0.0002306805074971165
say,chugga,1,197,4335,0.0002306805074971165
say,wee,1,198,4335,0.0002306805074971165
say,timmy,1,199,4335,0.0002306805074971165
say,spaghettio,1,200,4335,0.0002306805074971165
say,farmer_joe,1,201,4335,0.0002306805074971165
say,dong,1,202,4335,0.0002306805074971165
say,matthew,1,203,4335,0.0002306805074971165
say,brush,1,204,4335,0.0002306805074971165
say,dakota,1,205,4335,0.0002306805074971165
say,god,1,206,4335,0.0002306805074971165
say,inchworm,1,207,4335,0.0002306805074971165
say,clifford,1,208,4335,0.0002306805074971165
say,elmo,1,209,4335,0.0002306805074971165
say,tortoise,1,210,4335,0.0002306805074971165
say,+,1,211,4335,0.0002306805074971165
say,see_and_say,1,212,4335,0.0002306805074971165
say,dictionary,1,213,4335,0.0002306805074971165
say,grandmother,1,214,4335,0.0002306805074971165
say,sign,1,215,4335,0.0002306805074971165
say,baebae,1,216,4335,0.0002306805074971165
say,z,1,217,4335,0.0002306805074971165
say,dyeisha,1,218,4335,0.0002306805074971165
say,gibberish,1,219,4335,0.0002306805074971165
say,bobo,1,220,4335,0.0002306805074971165
say,whatcha,1,221,4335,0.0002306805074971165
say,pencil,1,222,4335,0.0002306805074971165
say,cookie,1,223,4335,0.0002306805074971165
say,oliver,1,224,4335,0.0002306805074971165
say,calf,1,225,4335,0.0002306805074971165
say,sister,1,226,4335,0.0002306805074971165
say,oname,1,227,4335,0.0002306805074971165
say,op,1,228,4335,0.0002306805074971165
say,froggy,1,229,4335,0.0002306805074971165
say,nina,1,230,4335,0.0002306805074971165
say,humpty,1,231,4335,0.0002306805074971165
say,kittycat,1,232,4335,0.0002306805074971165
say,cname,1,233,4335,0.0002306805074971165
say,roof,1,234,4335,0.0002306805074971165
say,jacob,1,235,4335,0.0002306805074971165
say,maurica,1,236,4335,0.0002306805074971165
say,raaah,1,237,4335,0.0002306805074971165
say,hippos,1,238,4335,0.0002306805074971165
say,emma,1,239,4335,0.0002306805074971165
say,uhoh,1,240,4335,0.0002306805074971165
say,those,1,241,4335,0.0002306805074971165
say,yay,1,242,4335,0.0002306805074971165
say,shh,1,243,4335,0.0002306805074971165
say,elena,1,244,4335,0.0002306805074971165
say,perfect,1,245,4335,0.0002306805074971165
say,arthur,1,246,4335,0.0002306805074971165
say,husband,1,247,4335,0.0002306805074971165
say,weather,1,248,4335,0.0002306805074971165
say,bag,1,249,4335,0.0002306805074971165
say,ttttt,1,250,4335,0.0002306805074971165
say,sock,1,251,4335,0.0002306805074971165
say,camera,1,252,4335,0.0002306805074971165
say,ahem,1,253,4335,0.0002306805074971165
say,hood,1,254,4335,0.0002306805074971165
say,dewey,1,255,4335,0.0002306805074971165
say,donald,1,256,4335,0.0002306805074971165
say,potatohead,1,257,4335,0.0002306805074971165
say,letter,1,258,4335,0.0002306805074971165
say,stepmother,1,259,4335,0.0002306805074971165
say,lampwick,1,260,4335,0.0002306805074971165
say,cricket,1,261,4335,0.0002306805074971165
say,gepetto,1,262,4335,0.0002306805074971165
say,battery,1,263,4335,0.0002306805074971165
say,hadta,1,264,4335,0.0002306805074971165
say,sposta,1,265,4335,0.0002306805074971165
say,squeak_squeak,1,266,4335,0.0002306805074971165
say,opossum,1,267,4335,0.0002306805074971165
say,birthday,1,268,4335,0.0002306805074971165
say,zack,1,269,4335,0.0002306805074971165
say,ema,1,270,4335,0.0002306805074971165
say,oink_oink,1,271,4335,0.0002306805074971165
say,fro,1,272,4335,0.0002306805074971165
say,ggie,1,273,4335,0.0002306805074971165
say,box,1,274,4335,0.0002306805074971165
say,kitten,1,275,4335,0.0002306805074971165
say,meow_meow,1,276,4335,0.0002306805074971165
say,owlet,1,277,4335,0.0002306805074971165
say,woman,1,278,4335,0.0002306805074971165
say,betty,1,279,4335,0.0002306805074971165
say,stork,1,280,4335,0.0002306805074971165
say,didldow,1,281,4335,0.0002306805074971165
say,word,1,282,4335,0.0002306805074971165
say,granma,1,283,4335,0.0002306805074971165
say,glenn,1,284,4335,0.0002306805074971165
say,blup,1,285,4335,0.0002306805074971165
say,debbie,1,286,4335,0.0002306805074971165
say,prayer,1,287,4335,0.0002306805074971165
say,some,1,288,4335,0.0002306805074971165
say,dabee,1,289,4335,0.0002306805074971165
say,gobble,1,290,4335,0.0002306805074971165
say,sharon,1,291,4335,0.0002306805074971165
say,everybody,1,292,4335,0.0002306805074971165
say,gramma,1,293,4335,0.0002306805074971165
say,papa,1,294,4335,0.0002306805074971165
say,baugh,1,295,4335,0.0002306805074971165
say,snowman,1,296,4335,0.0002306805074971165
say,hafta,1,297,4335,0.0002306805074971165
say,unicorn,1,298,4335,0.0002306805074971165
say,firetruck,1,299,4335,0.0002306805074971165
say,snoopy,1,300,4335,0.0002306805074971165
say,rubber,1,301,4335,0.0002306805074971165
say,kermit,1,302,4335,0.0002306805074971165
say,oink,1,303,4335,0.0002306805074971165
say,ahhah,1,304,4335,0.0002306805074971165
say,naomi,1,305,4335,0.0002306805074971165
say,uhhuh,1,306,4335,0.0002306805074971165
say,pottie,1,307,4335,0.0002306805074971165
say,wonderful,1,308,4335,0.0002306805074971165
say,georgie,1,309,4335,0.0002306805074971165
say,honey,1,310,4335,0.0002306805074971165
say,michael,1,311,4335,0.0002306805074971165
say,kangaroo,1,312,4335,0.0002306805074971165
say,santa,1,313,4335,0.0002306805074971165
say,dadadada,1,314,4335,0.0002306805074971165
say,needta,1,315,4335,0.0002306805074971165
say,conducter,1,316,4335,0.0002306805074971165
say,mud,1,317,4335,0.0002306805074971165
say,o,1,318,4335,0.0002306805074971165
say,d,1,319,4335,0.0002306805074971165
say,jesse,1,320,4335,0.0002306805074971165
say,apple,1,321,4335,0.0002306805074971165
say,ma,1,322,4335,0.0002306805074971165
say,my,1,323,4335,0.0002306805074971165
say,butterfly,1,324,4335,0.0002306805074971165
say,dinosaur,1,325,4335,0.0002306805074971165
say,violin,1,326,4335,0.0002306805074971165
say,julia,1,327,4335,0.0002306805074971165
say,yours,1,328,4335,0.0002306805074971165
say,tweet,1,329,4335,0.0002306805074971165
say,ring,1,330,4335,0.0002306805074971165
say,kit,1,331,4335,0.0002306805074971165
say,dan,1,332,4335,0.0002306805074971165
say,claus,1,333,4335,0.0002306805074971165
say,amye,1,334,4335,0.0002306805074971165
know,you,1817,1,4315,0.42108922363847046
know,i,1767,2,4315,0.40950173812282736
know,she,410,3,4315,0.09501738122827347
know,he,152,4,4315,0.03522595596755504
know,we,43,5,4315,0.00996523754345307
know,mommy,15,6,4315,0.0034762456546929316
know,they,12,7,4315,0.0027809965237543454
know,ya,10,8,4315,0.002317497103128621
know,wanna,7,9,4315,0.0016222479721900347
know,god,4,10,4315,0.0009269988412514484
know,kid,3,11,4315,0.0006952491309385864
know,needta,3,12,4315,0.0006952491309385864
know,nobody,3,13,4315,0.0006952491309385864
know,elmo,3,14,4315,0.0006952491309385864
know,toy,2,15,4315,0.0004634994206257242
know,that,2,16,4315,0.0004634994206257242
know,everyone,2,17,4315,0.0004634994206257242
know,daddy,2,18,4315,0.0004634994206257242
know,panther,2,19,4315,0.0004634994206257242
know,everybody,2,20,4315,0.0004634994206257242
know,one,2,21,4315,0.0004634994206257242
know,rabbit,2,22,4315,0.0004634994206257242
know,sister,2,23,4315,0.0004634994206257242
know,mom,2,24,4315,0.0004634994206257242
know,mama,2,25,4315,0.0004634994206257242
know,food,2,26,4315,0.0004634994206257242
know,dog,1,27,4315,0.0002317497103128621
know,amelia,1,28,4315,0.0002317497103128621
know,lena,1,29,4315,0.0002317497103128621
know,part,1,30,4315,0.0002317497103128621
know,eric,1,31,4315,0.0002317497103128621
know,laura,1,32,4315,0.0002317497103128621
know,dad,1,33,4315,0.0002317497103128621
know,brisco,1,34,4315,0.0002317497103128621
know,morgan,1,35,4315,0.0002317497103128621
know,elephant,1,36,4315,0.0002317497103128621
know,timmy,1,37,4315,0.0002317497103128621
know,dakota,1,38,4315,0.0002317497103128621
know,adam,1,39,4315,0.0002317497103128621
know,woody,1,40,4315,0.0002317497103128621
know,book,1,41,4315,0.0002317497103128621
know,booboo,1,42,4315,0.0002317497103128621
know,oughta,1,43,4315,0.0002317497103128621
know,baby,1,44,4315,0.0002317497103128621
know,poohbear,1,45,4315,0.0002317497103128621
know,kevin,1,46,4315,0.0002317497103128621
know,jenna,1,47,4315,0.0002317497103128621
know,jonah,1,48,4315,0.0002317497103128621
know,phoebe,1,49,4315,0.0002317497103128621
know,kelsey,1,50,4315,0.0002317497103128621
know,home,1,51,4315,0.0002317497103128621
know,anthony,1,52,4315,0.0002317497103128621
know,lane,1,53,4315,0.0002317497103128621
know,hank,1,54,4315,0.0002317497103128621
know,keegan,1,55,4315,0.0002317497103128621
know,wyatt,1,56,4315,0.0002317497103128621
know,tegan,1,57,4315,0.0002317497103128621
know,madison,1,58,4315,0.0002317497103128621
know,nicholas,1,59,4315,0.0002317497103128621
know,nick,1,60,4315,0.0002317497103128621
know,boy,1,61,4315,0.0002317497103128621
know,merry,1,62,4315,0.0002317497103128621
know,kathy,1,63,4315,0.0002317497103128621
know,travis,1,64,4315,0.0002317497103128621
know,idont,1,65,4315,0.0002317497103128621
know,all,1,66,4315,0.0002317497103128621
know,joseph,1,67,4315,0.0002317497103128621
know,observer,1,68,4315,0.0002317497103128621
think,i,2343,1,3541,0.6616774922338322
think,you,1053,2,3541,0.2973736232702626
think,she,51,3,3541,0.014402711098559728
think,he,21,4,3541,0.005930528099406947
think,we,12,5,3541,0.003388873199661113
think,ya,10,6,3541,0.002824060999717594
think,monkey,7,7,3541,0.001976842699802316
think,joy,5,8,3541,0.001412030499858797
think,mommy,5,9,3541,0.001412030499858797
think,toy,4,10,3541,0.0011296243998870376
think,they,4,11,3541,0.0011296243998870376
think,lemme,3,12,3541,0.0008472182999152782
think,us,2,13,3541,0.0005648121999435188
think,whatcha,2,14,3541,0.0005648121999435188
think,let,2,15,3541,0.0005648121999435188
think,man,1,16,3541,0.0002824060999717594
think,mummy,1,17,3541,0.0002824060999717594
think,daddy,1,18,3541,0.0002824060999717594
think,someone,1,19,3541,0.0002824060999717594
think,pig,1,20,3541,0.0002824060999717594
think,yoda,1,21,3541,0.0002824060999717594
think,granny,1,22,3541,0.0002824060999717594
think,baby,1,23,3541,0.0002824060999717594
think,danny,1,24,3541,0.0002824060999717594
think,potatohead,1,25,3541,0.0002824060999717594
think,bunny,1,26,3541,0.0002824060999717594
think,mary,1,27,3541,0.0002824060999717594
think,brian,1,28,3541,0.0002824060999717594
think,mom,1,29,3541,0.0002824060999717594
think,whatever,1,30,3541,0.0002824060999717594
think,melissa,1,31,3541,0.0002824060999717594
think,somebody,1,32,3541,0.0002824060999717594
like,you,2060,1,3426,0.6012842965557501
like,i,313,2,3426,0.09136018680677174
like,she,306,3,3426,0.0893169877408056
like,he,266,4,3426,0.07764156450671336
like,we,152,5,3426,0.044366608289550497
like,danny,39,6,3426,0.01138353765323993
like,they,31,7,3426,0.009048453006421483
like,nina,29,8,3426,0.008464681844716871
like,mommy,21,9,3426,0.006129597197898424
like,ya,17,10,3426,0.0049620548744892
like,baby,17,11,3426,0.0049620548744892
like,who,15,12,3426,0.0043782837127845885
like,pooh,14,13,3426,0.004086398131932283
like,kitty,9,14,3426,0.002626970227670753
like,kitten,8,15,3426,0.002335084646818447
like,daddy,7,16,3426,0.0020431990659661413
like,elmo,4,17,3426,0.0011675423234092236
like,henry,4,18,3426,0.0011675423234092236
like,mickey,4,19,3426,0.0011675423234092236
like,poohbear,4,20,3426,0.0011675423234092236
like,guy,4,21,3426,0.0011675423234092236
like,doggie,3,22,3426,0.0008756567425569177
like,laura,3,23,3426,0.0008756567425569177
like,baby_mickey,3,24,3426,0.0008756567425569177
like,it,3,25,3426,0.0008756567425569177
like,boy,2,26,3426,0.0005837711617046118
like,dragon,2,27,3426,0.0005837711617046118
like,one,2,28,3426,0.0005837711617046118
like,bird,2,29,3426,0.0005837711617046118
like,dada,2,30,3426,0.0005837711617046118
like,cow,2,31,3426,0.0005837711617046118
like,alex,2,32,3426,0.0005837711617046118
like,grandma,2,33,3426,0.0005837711617046118
like,sister,2,34,3426,0.0005837711617046118
like,ocname,2,35,3426,0.0005837711617046118
like,cname,2,36,3426,0.0005837711617046118
like,firstname,2,37,3426,0.0005837711617046118
like,michael,2,38,3426,0.0005837711617046118
like,monster,2,39,3426,0.0005837711617046118
like,brother,2,40,3426,0.0005837711617046118
like,animal,2,41,3426,0.0005837711617046118
like,joseph,2,42,3426,0.0005837711617046118
like,thing,1,43,3426,0.0002918855808523059
like,eric,1,44,3426,0.0002918855808523059
like,tiger,1,45,3426,0.0002918855808523059
like,thank_you,1,46,3426,0.0002918855808523059
like,child,1,47,3426,0.0002918855808523059
like,peter,1,48,3426,0.0002918855808523059
like,everybody,1,49,3426,0.0002918855808523059
like,swww,1,50,3426,0.0002918855808523059
like,dwww,1,51,3426,0.0002918855808523059
like,anyone,1,52,3426,0.0002918855808523059
like,people,1,53,3426,0.0002918855808523059
like,hilary,1,54,3426,0.0002918855808523059
like,morgan,1,55,3426,0.0002918855808523059
like,mama,1,56,3426,0.0002918855808523059
like,alexander,1,57,3426,0.0002918855808523059
like,nala,1,58,3426,0.0002918855808523059
like,tiggers,1,59,3426,0.0002918855808523059
like,gorilla,1,60,3426,0.0002918855808523059
like,sid,1,61,3426,0.0002918855808523059
like,yuli,1,62,3426,0.0002918855808523059
like,mikey,1,63,3426,0.0002918855808523059
like,your,1,64,3426,0.0002918855808523059
like,rangy,1,65,3426,0.0002918855808523059
like,sarah,1,66,3426,0.0002918855808523059
like,fraser,1,67,3426,0.0002918855808523059
like,doll,1,68,3426,0.0002918855808523059
like,monkey,1,69,3426,0.0002918855808523059
like,beba,1,70,3426,0.0002918855808523059
like,rabbit,1,71,3426,0.0002918855808523059
like,pig,1,72,3426,0.0002918855808523059
like,farmer,1,73,3426,0.0002918855808523059
like,bunny,1,74,3426,0.0002918855808523059
like,penguin,1,75,3426,0.0002918855808523059
like,mrpotatohead,1,76,3426,0.0002918855808523059
like,winniethepooh,1,77,3426,0.0002918855808523059
like,sophie,1,78,3426,0.0002918855808523059
like,two,1,79,3426,0.0002918855808523059
like,bear,1,80,3426,0.0002918855808523059
like,puppy,1,81,3426,0.0002918855808523059
like,stepmother,1,82,3426,0.0002918855808523059
like,bug,1,83,3426,0.0002918855808523059
like,elizabeth,1,84,3426,0.0002918855808523059
like,go,1,85,3426,0.0002918855808523059
like,nobody,1,86,3426,0.0002918855808523059
like,brittany,1,87,3426,0.0002918855808523059
like,diplodocus,1,88,3426,0.0002918855808523059
like,rexes,1,89,3426,0.0002918855808523059
like,piggy,1,90,3426,0.0002918855808523059
like,the,1,91,3426,0.0002918855808523059
like,sandy,1,92,3426,0.0002918855808523059
like,georgie,1,93,3426,0.0002918855808523059
like,some,1,94,3426,0.0002918855808523059
like,mouse,1,95,3426,0.0002918855808523059
like,lady,1,96,3426,0.0002918855808523059
like,patrick,1,97,3426,0.0002918855808523059
like,bud,1,98,3426,0.0002918855808523059
look,you,386,1,2056,0.1877431906614786
look,it,308,2,2056,0.14980544747081712
look,that,222,3,2056,0.10797665369649806
look,us,167,4,2056,0.08122568093385214
look,he,132,5,2056,0.06420233463035019
look,we,101,6,2056,0.04912451361867704
look,wanna,89,7,2056,0.04328793774319066
look,they,78,8,2056,0.037937743190661476
look,i,75,9,2056,0.036478599221789886
look,she,47,10,2056,0.022859922178988325
look,this,40,11,2056,0.019455252918287938
look,those,16,12,2056,0.007782101167315175
look,h,12,13,2056,0.005836575875486381
look,mama,12,14,2056,0.005836575875486381
look,mommy,10,15,2056,0.0048638132295719845
look,baby,10,16,2056,0.0048638132295719845
look,michael,10,17,2056,0.0048638132295719845
look,one,7,18,2056,0.003404669260700389
look,guy,7,19,2056,0.003404669260700389
look,isaiah,7,20,2056,0.003404669260700389
look,ya,6,21,2056,0.0029182879377431907
look,doggie,6,22,2056,0.0029182879377431907
look,alice,5,23,2056,0.0024319066147859923
look,judy,5,24,2056,0.0024319066147859923
look,what,5,25,2056,0.0024319066147859923
look,hair,5,26,2056,0.0024319066147859923
look,jasmine,5,27,2056,0.0024319066147859923
look,duck,4,28,2056,0.0019455252918287938
look,horse,4,29,2056,0.0019455252918287938
look,frog,4,30,2056,0.0019455252918287938
look,dog,4,31,2056,0.0019455252918287938
look,who,4,32,2056,0.0019455252918287938
look,daddy,4,33,2056,0.0019455252918287938
look,these,4,34,2056,0.0019455252918287938
look,troy,4,35,2056,0.0019455252918287938
look,honey,4,36,2056,0.0019455252918287938
look,miranda,4,37,2056,0.0019455252918287938
look,brittney,4,38,2056,0.0019455252918287938
look,kalie,4,39,2056,0.0019455252918287938
look,whatcha,3,40,2056,0.0014591439688715954
look,lemme,3,41,2056,0.0014591439688715954
look,op,3,42,2056,0.0014591439688715954
look,shania,3,43,2056,0.0014591439688715954
look,kristopher,3,44,2056,0.0014591439688715954
look,megan,3,45,2056,0.0014591439688715954
look,justin,3,46,2056,0.0014591439688715954
look,kirsten,3,47,2056,0.0014591439688715954
look,jason,3,48,2056,0.0014591439688715954
look,mariah,3,49,2056,0.0014591439688715954
look,mm,3,50,2056,0.0014591439688715954
look,andrew,3,51,2056,0.0014591439688715954
look,corinna,3,52,2056,0.0014591439688715954
look,liam,3,53,2056,0.0014591439688715954
look,sally,3,54,2056,0.0014591439688715954
look,travis,3,55,2056,0.0014591439688715954
look,peter,2,56,2056,0.0009727626459143969
look,cat,2,57,2056,0.0009727626459143969
look,fish,2,58,2056,0.0009727626459143969
look,all,2,59,2056,0.0009727626459143969
look,mother,2,60,2056,0.0009727626459143969
look,kitten,2,61,2056,0.0009727626459143969
look,diaper,2,62,2056,0.0009727626459143969
look,foot,2,63,2056,0.0009727626459143969
look,nina,2,64,2056,0.0009727626459143969
look,danny,2,65,2056,0.0009727626459143969
look,austin,2,66,2056,0.0009727626459143969
look,go,2,67,2056,0.0009727626459143969
look,alicia,2,68,2056,0.0009727626459143969
look,cassie,2,69,2056,0.0009727626459143969
look,girl,2,70,2056,0.0009727626459143969
look,page,2,71,2056,0.0009727626459143969
look,mmm,2,72,2056,0.0009727626459143969
look,tyler,2,73,2056,0.0009727626459143969
look,victoria,2,74,2056,0.0009727626459143969
look,madison,2,75,2056,0.0009727626459143969
look,sawyer,2,76,2056,0.0009727626459143969
look,ahhah,2,77,2056,0.0009727626459143969
look,mom,2,78,2056,0.0009727626459143969
look,two,2,79,2056,0.0009727626459143969
look,ross,2,80,2056,0.0009727626459143969
look,rachel,2,81,2056,0.0009727626459143969
look,jamie,2,82,2056,0.0009727626459143969
look,bunny,2,83,2056,0.0009727626459143969
look,elana,2,84,2056,0.0009727626459143969
look,green,2,85,2056,0.0009727626459143969
look,nathan,2,86,2056,0.0009727626459143969
look,jar,2,87,2056,0.0009727626459143969
look,which,2,88,2056,0.0009727626459143969
look,a,2,89,2056,0.0009727626459143969
look,kangaroo,2,90,2056,0.0009727626459143969
look,nomi,2,91,2056,0.0009727626459143969
look,sorcerer,2,92,2056,0.0009727626459143969
look,gin,1,93,2056,0.00048638132295719845
look,+,1,94,2056,0.00048638132295719845
look,tooth,1,95,2056,0.00048638132295719845
look,animal,1,96,2056,0.00048638132295719845
look,mummie,1,97,2056,0.00048638132295719845
look,marie,1,98,2056,0.00048638132295719845
look,phone,1,99,2056,0.00048638132295719845
look,thing,1,100,2056,0.00048638132295719845
look,shoe,1,101,2056,0.00048638132295719845
look,mwww,1,102,2056,0.00048638132295719845
look,sandwich,1,103,2056,0.00048638132295719845
look,jwww,1,104,2056,0.00048638132295719845
look,doctor_rwww,1,105,2056,0.00048638132295719845
look,peanut,1,106,2056,0.00048638132295719845
look,laura,1,107,2056,0.00048638132295719845
look,cow,1,108,2056,0.00048638132295719845
look,mandy,1,109,2056,0.00048638132295719845
look,trash,1,110,2056,0.00048638132295719845
look,man,1,111,2056,0.00048638132295719845
look,hole,1,112,2056,0.00048638132295719845
look,child,1,113,2056,0.00048638132295719845
look,dillon,1,114,2056,0.00048638132295719845
look,path,1,115,2056,0.00048638132295719845
look,bootie,1,116,2056,0.00048638132295719845
look,boy,1,117,2056,0.00048638132295719845
look,window,1,118,2056,0.00048638132295719845
look,bear,1,119,2056,0.00048638132295719845
look,mrpotatohead,1,120,2056,0.00048638132295719845
look,food,1,121,2056,0.00048638132295719845
look,cookie,1,122,2056,0.00048638132295719845
look,potatohead,1,123,2056,0.00048638132295719845
look,potato,1,124,2056,0.00048638132295719845
look,aww,1,125,2056,0.00048638132295719845
look,kasey,1,126,2056,0.00048638132295719845
look,nathaniel,1,127,2056,0.00048638132295719845
look,harmony,1,128,2056,0.00048638132295719845
look,kelsey,1,129,2056,0.00048638132295719845
look,john,1,130,2056,0.00048638132295719845
look,carl,1,131,2056,0.00048638132295719845
look,caroline,1,132,2056,0.00048638132295719845
look,jessica,1,133,2056,0.00048638132295719845
look,puff,1,134,2056,0.00048638132295719845
look,colleen,1,135,2056,0.00048638132295719845
look,elaina,1,136,2056,0.00048638132295719845
look,aah,1,137,2056,0.00048638132295719845
look,toy,1,138,2056,0.00048638132295719845
look,meagan,1,139,2056,0.00048638132295719845
look,cecilia,1,140,2056,0.00048638132295719845
look,goodness,1,141,2056,0.00048638132295719845
look,jas,1,142,2056,0.00048638132295719845
look,jazzy,1,143,2056,0.00048638132295719845
look,jake,1,144,2056,0.00048638132295719845
look,ben,1,145,2056,0.00048638132295719845
look,vicky,1,146,2056,0.00048638132295719845
look,tegan,1,147,2056,0.00048638132295719845
look,uhoh,1,148,2056,0.00048638132295719845
look,picture,1,149,2056,0.00048638132295719845
look,stove,1,150,2056,0.00048638132295719845
look,nick,1,151,2056,0.00048638132295719845
look,oop,1,152,2056,0.00048638132295719845
look,gregory,1,153,2056,0.00048638132295719845
look,elena,1,154,2056,0.00048638132295719845
look,empty,1,155,2056,0.00048638132295719845
look,ear,1,156,2056,0.00048638132295719845
look,person,1,157,2056,0.00048638132295719845
look,stefan,1,158,2056,0.00048638132295719845
look,while,1,159,2056,0.00048638132295719845
look,gepetto,1,160,2056,0.00048638132295719845
look,mouse,1,161,2056,0.00048638132295719845
look,danger,1,162,2056,0.00048638132295719845
look,boo,1,163,2056,0.00048638132295719845
look,towel,1,164,2056,0.00048638132295719845
look,joanna,1,165,2056,0.00048638132295719845
look,booboo,1,166,2056,0.00048638132295719845
look,daniel,1,167,2056,0.00048638132295719845
look,somebody,1,168,2056,0.00048638132295719845
look,mika,1,169,2056,0.00048638132295719845
look,mikey,1,170,2056,0.00048638132295719845
look,erica,1,171,2056,0.00048638132295719845
look,norman,1,172,2056,0.00048638132295719845
look,look_it,1,173,2056,0.00048638132295719845
look,sarah,1,174,2056,0.00048638132295719845
look,chrissie,1,175,2056,0.00048638132295719845
look,you_know,1,176,2056,0.00048638132295719845
look,piece,1,177,2056,0.00048638132295719845
look,medicine,1,178,2056,0.00048638132295719845
look,hat,1,179,2056,0.00048638132295719845
look,face,1,180,2056,0.00048638132295719845
look,some,1,181,2056,0.00048638132295719845
look,mel,1,182,2056,0.00048638132295719845
look,my,1,183,2056,0.00048638132295719845
look,puppy,1,184,2056,0.00048638132295719845
look,look,1,185,2056,0.00048638132295719845
look,indians,1,186,2056,0.00048638132295719845
look,hunhunh,1,187,2056,0.00048638132295719845
look,block,1,188,2056,0.00048638132295719845
look,mash,1,189,2056,0.00048638132295719845
look,open,1,190,2056,0.00048638132295719845
look,train,1,191,2056,0.00048638132295719845
look,oh_my_goodness,1,192,2056,0.00048638132295719845
look,uhhum,1,193,2056,0.00048638132295719845
look,brother,1,194,2056,0.00048638132295719845
look,joseph,1,195,2056,0.00048638132295719845
look,fireman,1,196,2056,0.00048638132295719845
look,charlie,1,197,2056,0.00048638132295719845
look,eye,1,198,2056,0.00048638132295719845
look,anything,1,199,2056,0.00048638132295719845
look,jaylyn,1,200,2056,0.00048638132295719845
look,car,1,201,2056,0.00048638132295719845
look,matthew,1,202,2056,0.00048638132295719845
look,barney,1,203,2056,0.00048638132295719845
look,chair,1,204,2056,0.00048638132295719845
look,key,1,205,2056,0.00048638132295719845
play,you,613,1,1979,0.3097524002021223
play,we,267,2,1979,0.1349166245578575
play,wanna,224,3,1979,0.11318847902981304
play,she,201,4,1979,0.10156644770085901
play,he,189,5,1979,0.09550277918140475
play,us,149,6,1979,0.07529055078322384
play,i,73,7,1979,0.036887316826680144
play,they,69,8,1979,0.03486609398686205
play,guy,19,9,1979,0.009600808489135927
play,baby,9,10,1979,0.004547751389590703
play,mommy,8,11,1979,0.00404244567963618
play,child,7,12,1979,0.0035371399696816574
play,it,7,13,1979,0.0035371399696816574
play,who,6,14,1979,0.003031834259727135
play,judy,5,15,1979,0.0025265285497726125
play,elephant,5,16,1979,0.0025265285497726125
play,that,4,17,1979,0.00202122283981809
play,boy,4,18,1979,0.00202122283981809
play,daddy,4,19,1979,0.00202122283981809
play,kitten,3,20,1979,0.0015159171298635675
play,people,3,21,1979,0.0015159171298635675
play,mom,3,22,1979,0.0015159171298635675
play,cat,3,23,1979,0.0015159171298635675
play,puppy,3,24,1979,0.0015159171298635675
play,girl,2,25,1979,0.001010611419909045
play,a_lot_of,2,26,1979,0.001010611419909045
play,lot,2,27,1979,0.001010611419909045
play,henry,2,28,1979,0.001010611419909045
play,sister,2,29,1979,0.001010611419909045
play,dog,2,30,1979,0.001010611419909045
play,penguin,2,31,1979,0.001010611419909045
play,cassie,2,32,1979,0.001010611419909045
play,pooh,2,33,1979,0.001010611419909045
play,fiddler_cat,2,34,1979,0.001010611419909045
play,krystal,2,35,1979,0.001010611419909045
play,kid,2,36,1979,0.001010611419909045
play,pretend,2,37,1979,0.001010611419909045
play,ya,1,38,1979,0.0005053057099545225
play,record,1,39,1979,0.0005053057099545225
play,thing,1,40,1979,0.0005053057099545225
play,her,1,41,1979,0.0005053057099545225
play,peter,1,42,1979,0.0005053057099545225
play,dwww,1,43,1979,0.0005053057099545225
play,erica,1,44,1979,0.0005053057099545225
play,pan,1,45,1979,0.0005053057099545225
play,pg,1,46,1979,0.0005053057099545225
play,one,1,47,1979,0.0005053057099545225
play,kitty,1,48,1979,0.0005053057099545225
play,alexander,1,49,1979,0.0005053057099545225
play,bear,1,50,1979,0.0005053057099545225
play,taxi,1,51,1979,0.0005053057099545225
play,piglet,1,52,1979,0.0005053057099545225
play,whatcha,1,53,1979,0.0005053057099545225
play,song,1,54,1979,0.0005053057099545225
play,eve,1,55,1979,0.0005053057099545225
play,oname,1,56,1979,0.0005053057099545225
play,ocname,1,57,1979,0.0005053057099545225
play,what,1,58,1979,0.0005053057099545225
play,danny,1,59,1979,0.0005053057099545225
play,sissy,1,60,1979,0.0005053057099545225
play,kelsey,1,61,1979,0.0005053057099545225
play,megan,1,62,1979,0.0005053057099545225
play,no,1,63,1979,0.0005053057099545225
play,nathan,1,64,1979,0.0005053057099545225
play,brandon,1,65,1979,0.0005053057099545225
play,malik,1,66,1979,0.0005053057099545225
play,isaiah,1,67,1979,0.0005053057099545225
play,jason,1,68,1979,0.0005053057099545225
play,phoebe,1,69,1979,0.0005053057099545225
play,activity,1,70,1979,0.0005053057099545225
play,hank,1,71,1979,0.0005053057099545225
play,keegan,1,72,1979,0.0005053057099545225
play,wyatt,1,73,1979,0.0005053057099545225
play,jacob,1,74,1979,0.0005053057099545225
play,tegan,1,75,1979,0.0005053057099545225
play,two,1,76,1979,0.0005053057099545225
play,kiana,1,77,1979,0.0005053057099545225
play,bag,1,78,1979,0.0005053057099545225
play,gregory,1,79,1979,0.0005053057099545225
play,stefan,1,80,1979,0.0005053057099545225
play,animal,1,81,1979,0.0005053057099545225
play,seal,1,82,1979,0.0005053057099545225
play,yeh,1,83,1979,0.0005053057099545225
play,ross,1,84,1979,0.0005053057099545225
play,boat,1,85,1979,0.0005053057099545225
play,lindsay,1,86,1979,0.0005053057099545225
play,dada,1,87,1979,0.0005053057099545225
play,teddy,1,88,1979,0.0005053057099545225
play,norman,1,89,1979,0.0005053057099545225
play,terry,1,90,1979,0.0005053057099545225
play,puppys,1,91,1979,0.0005053057099545225
play,toy,1,92,1979,0.0005053057099545225
play,something,1,93,1979,0.0005053057099545225
play,buddy,1,94,1979,0.0005053057099545225
play,melissa,1,95,1979,0.0005053057099545225
play,mama,1,96,1979,0.0005053057099545225
play,salley,1,97,1979,0.0005053057099545225
play,brittany,1,98,1979,0.0005053057099545225
play,travis,1,99,1979,0.0005053057099545225
play,flower,1,100,1979,0.0005053057099545225
play,skunk,1,101,1979,0.0005053057099545225
play,both,1,102,1979,0.0005053057099545225
play,nomi,1,103,1979,0.0005053057099545225
play,bunny,1,104,1979,0.0005053057099545225
play,rabbit,1,105,1979,0.0005053057099545225
play,jeff,1,106,1979,0.0005053057099545225
play,mouse,1,107,1979,0.0005053057099545225
play,this,1,108,1979,0.0005053057099545225
play,sarah,1,109,1979,0.0005053057099545225
play,nobody,1,110,1979,0.0005053057099545225
play,katie,1,111,1979,0.0005053057099545225
play,drew,1,112,1979,0.0005053057099545225
come,it,289,1,1919,0.15059927045336113
come,he,207,2,1919,0.10786868160500261
come,you,183,3,1919,0.09536216779572694
come,i,96,4,1919,0.05002605523710266
come,she,75,5,1919,0.03908285565398645
come,they,73,6,1919,0.03804064616988015
come,we,51,7,1919,0.026576341844710787
come,wanna,43,8,1919,0.022407503908285567
come,that,34,9,1919,0.01771756122980719
come,mommy,27,10,1919,0.014069828035435123
come,who,24,11,1919,0.012506513809275664
come,what,23,12,1919,0.011985409067222511
come,sun,22,13,1919,0.011464304325169358
come,daddy,17,14,1919,0.008858780614903595
come,one,14,15,1919,0.007295466388744137
come,rain,14,16,1919,0.007295466388744137
come,us,13,17,1919,0.006774361646690985
come,this,13,18,1919,0.006774361646690985
come,foot,12,19,1919,0.006253256904637832
come,shoe,11,20,1919,0.005732152162584679
come,light,11,21,1919,0.005732152162584679
come,baby,10,22,1919,0.005211047420531527
come,airplane,10,23,1919,0.005211047420531527
come,michael,10,24,1919,0.005211047420531527
come,ball,9,25,1919,0.004689942678478374
come,car,9,26,1919,0.004689942678478374
come,somebody,9,27,1919,0.004689942678478374
come,travis,8,28,1919,0.004168837936425221
come,mama,7,29,1919,0.0036477331943720686
come,bird,7,30,1919,0.0036477331943720686
come,doggie,6,31,1919,0.003126628452318916
come,water,6,32,1919,0.003126628452318916
come,thing,6,33,1919,0.003126628452318916
come,cow,6,34,1919,0.003126628452318916
come,cromer,6,35,1919,0.003126628452318916
come,man,6,36,1919,0.003126628452318916
come,horse,6,37,1919,0.003126628452318916
come,dog,6,38,1919,0.003126628452318916
come,truck,5,39,1919,0.0026055237102657635
come,dragon,5,40,1919,0.0026055237102657635
come,swww,5,41,1919,0.0026055237102657635
come,kitty,5,42,1919,0.0026055237102657635
come,these,5,43,1919,0.0026055237102657635
come,pg,5,44,1919,0.0026055237102657635
come,headband,5,45,1919,0.0026055237102657635
come,bubble,5,46,1919,0.0026055237102657635
come,honey,5,47,1919,0.0026055237102657635
come,clown,5,48,1919,0.0026055237102657635
come,matthew,5,49,1919,0.0026055237102657635
come,jane,5,50,1919,0.0026055237102657635
come,nomi,5,51,1919,0.0026055237102657635
come,chicken,4,52,1919,0.0020844189682126106
come,animal,4,53,1919,0.0020844189682126106
come,pooh,4,54,1919,0.0020844189682126106
come,go,4,55,1919,0.0020844189682126106
come,something,4,56,1919,0.0020844189682126106
come,diapie,4,57,1919,0.0020844189682126106
come,nobody,4,58,1919,0.0020844189682126106
come,mom,4,59,1919,0.0020844189682126106
come,horsie,4,60,1919,0.0020844189682126106
come,hair,4,61,1919,0.0020844189682126106
come,diaper,4,62,1919,0.0020844189682126106
come,caterpillar,4,63,1919,0.0020844189682126106
come,trevor,4,64,1919,0.0020844189682126106
come,elena,4,65,1919,0.0020844189682126106
come,+,4,66,1919,0.0020844189682126106
come,brittany,4,67,1919,0.0020844189682126106
come,chick,4,68,1919,0.0020844189682126106
come,people,3,69,1919,0.001563314226159458
come,hasta,3,70,1919,0.001563314226159458
come,string,3,71,1919,0.001563314226159458
come,joanna,3,72,1919,0.001563314226159458
come,elephant,3,73,1919,0.001563314226159458
come,friend,3,74,1919,0.001563314226159458
come,hat,3,75,1919,0.001563314226159458
come,noise,3,76,1919,0.001563314226159458
come,farmer,3,77,1919,0.001563314226159458
come,tray,3,78,1919,0.001563314226159458
come,ear,3,79,1919,0.001563314226159458
come,mouth,3,80,1919,0.001563314226159458
come,nothing,3,81,1919,0.001563314226159458
come,brother,3,82,1919,0.001563314226159458
come,cassie,3,83,1919,0.001563314226159458
come,hippo,3,84,1919,0.001563314226159458
come,page,3,85,1919,0.001563314226159458
come,madison,3,86,1919,0.001563314226159458
come,isaiah,3,87,1919,0.001563314226159458
come,egg,3,88,1919,0.001563314226159458
come,birthday,3,89,1919,0.001563314226159458
come,badji,3,90,1919,0.001563314226159458
come,kate,3,91,1919,0.001563314226159458
come,bite,3,92,1919,0.001563314226159458
come,medicine,3,93,1919,0.001563314226159458
come,guy,3,94,1919,0.001563314226159458
come,megan,3,95,1919,0.001563314226159458
come,sally,3,96,1919,0.001563314226159458
come,money,3,97,1919,0.001563314226159458
come,joseph,3,98,1919,0.001563314226159458
come,leah,3,99,1919,0.001563314226159458
come,engine,3,100,1919,0.001563314226159458
come,girl,2,101,1919,0.0010422094841063053
come,peter,2,102,1919,0.0010422094841063053
come,block,2,103,1919,0.0010422094841063053
come,jwww,2,104,1919,0.0010422094841063053
come,food,2,105,1919,0.0010422094841063053
come,dwww,2,106,1919,0.0010422094841063053
come,penny,2,107,1919,0.0010422094841063053
come,laura,2,108,1919,0.0010422094841063053
come,nwww,2,109,1919,0.0010422094841063053
come,everyone,2,110,1919,0.0010422094841063053
come,puppet,2,111,1919,0.0010422094841063053
come,sammy,2,112,1919,0.0010422094841063053
come,piglet,2,113,1919,0.0010422094841063053
come,mandy,2,114,1919,0.0010422094841063053
come,ship,2,115,1919,0.0010422094841063053
come,spider,2,116,1919,0.0010422094841063053
come,sheep,2,117,1919,0.0010422094841063053
come,squirrelie,2,118,1919,0.0010422094841063053
come,doggy,2,119,1919,0.0010422094841063053
come,house,2,120,1919,0.0010422094841063053
come,uhoh,2,121,1919,0.0010422094841063053
come,coffee,2,122,1919,0.0010422094841063053
come,teethie,2,123,1919,0.0010422094841063053
come,mouse,2,124,1919,0.0010422094841063053
come,bert,2,125,1919,0.0010422094841063053
come,snort,2,126,1919,0.0010422094841063053
come,flash,2,127,1919,0.0010422094841063053
come,papa,2,128,1919,0.0010422094841063053
come,butterfly,2,129,1919,0.0010422094841063053
come,nina,2,130,1919,0.0010422094841063053
come,towel,2,131,1919,0.0010422094841063053
come,those,2,132,1919,0.0010422094841063053
come,kid,2,133,1919,0.0010422094841063053
come,child,2,134,1919,0.0010422094841063053
come,eye,2,135,1919,0.0010422094841063053
come,harmony,2,136,1919,0.0010422094841063053
come,alicia,2,137,1919,0.0010422094841063053
come,head,2,138,1919,0.0010422094841063053
come,mikey,2,139,1919,0.0010422094841063053
come,mikala,2,140,1919,0.0010422094841063053
come,ben,2,141,1919,0.0010422094841063053
come,brittney,2,142,1919,0.0010422094841063053
come,malik,2,143,1919,0.0010422094841063053
come,dana,2,144,1919,0.0010422094841063053
come,kelsey,2,145,1919,0.0010422094841063053
come,keegan,2,146,1919,0.0010422094841063053
come,jakey,2,147,1919,0.0010422094841063053
come,grandma,2,148,1919,0.0010422094841063053
come,boy,2,149,1919,0.0010422094841063053
come,laurie,2,150,1919,0.0010422094841063053
come,o,2,151,1919,0.0010422094841063053
come,none,2,152,1919,0.0010422094841063053
come,dabee,2,153,1919,0.0010422094841063053
come,melissa,2,154,1919,0.0010422094841063053
come,uhhum,2,155,1919,0.0010422094841063053
come,come,2,156,1919,0.0010422094841063053
come,kalie,2,157,1919,0.0010422094841063053
come,motorcycle,2,158,1919,0.0010422094841063053
come,kean,2,159,1919,0.0010422094841063053
come,jill,2,160,1919,0.0010422094841063053
come,cup,1,161,1919,0.0005211047420531526
come,word,1,162,1919,0.0005211047420531526
come,peekaboo,1,163,1919,0.0005211047420531526
come,tongue,1,164,1919,0.0005211047420531526
come,steam,1,165,1919,0.0005211047420531526
come,table,1,166,1919,0.0005211047420531526
come,jesse,1,167,1919,0.0005211047420531526
come,woof,1,168,1919,0.0005211047420531526
come,kay,1,169,1919,0.0005211047420531526
come,clothe,1,170,1919,0.0005211047420531526
come,strap,1,171,1919,0.0005211047420531526
come,voice,1,172,1919,0.0005211047420531526
come,meat,1,173,1919,0.0005211047420531526
come,father,1,174,1919,0.0005211047420531526
come,allison,1,175,1919,0.0005211047420531526
come,walk,1,176,1919,0.0005211047420531526
come,top,1,177,1919,0.0005211047420531526
come,tricycle,1,178,1919,0.0005211047420531526
come,deedee,1,179,1919,0.0005211047420531526
come,grape,1,180,1919,0.0005211047420531526
come,toto,1,181,1919,0.0005211047420531526
come,pwww,1,182,1919,0.0005211047420531526
come,mail,1,183,1919,0.0005211047420531526
come,yours,1,184,1919,0.0005211047420531526
come,awww,1,185,1919,0.0005211047420531526
come,hwww,1,186,1919,0.0005211047420531526
come,benton,1,187,1919,0.0005211047420531526
come,sue,1,188,1919,0.0005211047420531526
come,peanut,1,189,1919,0.0005211047420531526
come,william,1,190,1919,0.0005211047420531526
come,flower,1,191,1919,0.0005211047420531526
come,morgan,1,192,1919,0.0005211047420531526
come,storm,1,193,1919,0.0005211047420531526
come,squawky_the_parrot,1,194,1919,0.0005211047420531526
come,camel,1,195,1919,0.0005211047420531526
come,nana,1,196,1919,0.0005211047420531526
come,tigger,1,197,1919,0.0005211047420531526
come,fishie,1,198,1919,0.0005211047420531526
come,kwanzaa,1,199,1919,0.0005211047420531526
come,liz,1,200,1919,0.0005211047420531526
come,bottle,1,201,1919,0.0005211047420531526
come,wash,1,202,1919,0.0005211047420531526
come,patty,1,203,1919,0.0005211047420531526
come,package,1,204,1919,0.0005211047420531526
come,day,1,205,1919,0.0005211047420531526
come,poopie,1,206,1919,0.0005211047420531526
come,alexander,1,207,1919,0.0005211047420531526
come,oh_man,1,208,1919,0.0005211047420531526
come,son,1,209,1919,0.0005211047420531526
come,booboo,1,210,1919,0.0005211047420531526
come,leaf,1,211,1919,0.0005211047420531526
come,stick,1,212,1919,0.0005211047420531526
come,banana,1,213,1919,0.0005211047420531526
come,wolf,1,214,1919,0.0005211047420531526
come,mailman,1,215,1919,0.0005211047420531526
come,duck,1,216,1919,0.0005211047420531526
come,cat,1,217,1919,0.0005211047420531526
come,lamb,1,218,1919,0.0005211047420531526
come,music,1,219,1919,0.0005211047420531526
come,tabitha,1,220,1919,0.0005211047420531526
come,andy,1,221,1919,0.0005211047420531526
come,toy,1,222,1919,0.0005211047420531526
come,kelly,1,223,1919,0.0005211047420531526
come,turtle,1,224,1919,0.0005211047420531526
come,stain,1,225,1919,0.0005211047420531526
come,back,1,226,1919,0.0005211047420531526
come,mary,1,227,1919,0.0005211047420531526
come,bag,1,228,1919,0.0005211047420531526
come,movie,1,229,1919,0.0005211047420531526
come,choo,1,230,1919,0.0005211047420531526
come,cheese,1,231,1919,0.0005211047420531526
come,uhohyou,1,232,1919,0.0005211047420531526
come,world,1,233,1919,0.0005211047420531526
come,he'has,1,234,1919,0.0005211047420531526
come,oname,1,235,1919,0.0005211047420531526
come,tractor,1,236,1919,0.0005211047420531526
come,froggy,1,237,1919,0.0005211047420531526
come,soap,1,238,1919,0.0005211047420531526
come,op,1,239,1919,0.0005211047420531526
come,lid,1,240,1919,0.0005211047420531526
come,the,1,241,1919,0.0005211047420531526
come,ducky,1,242,1919,0.0005211047420531526
come,kasey,1,243,1919,0.0005211047420531526
come,puppy,1,244,1919,0.0005211047420531526
come,earthquake,1,245,1919,0.0005211047420531526
come,maurica,1,246,1919,0.0005211047420531526
come,matter,1,247,1919,0.0005211047420531526
come,lily,1,248,1919,0.0005211047420531526
come,dale,1,249,1919,0.0005211047420531526
come,tye,1,250,1919,0.0005211047420531526
come,jessica,1,251,1919,0.0005211047420531526
come,bubby,1,252,1919,0.0005211047420531526
come,emma,1,253,1919,0.0005211047420531526
come,keagan,1,254,1919,0.0005211047420531526
come,buddy,1,255,1919,0.0005211047420531526
come,anthony,1,256,1919,0.0005211047420531526
come,ryan,1,257,1919,0.0005211047420531526
come,tyler,1,258,1919,0.0005211047420531526
come,justin,1,259,1919,0.0005211047420531526
come,lion,1,260,1919,0.0005211047420531526
come,look,1,261,1919,0.0005211047420531526
come,vicky,1,262,1919,0.0005211047420531526
come,victoria,1,263,1919,0.0005211047420531526
come,kristen,1,264,1919,0.0005211047420531526
come,mckenzie,1,265,1919,0.0005211047420531526
come,carl,1,266,1919,0.0005211047420531526
come,hippopotamus,1,267,1919,0.0005211047420531526
come,joshua,1,268,1919,0.0005211047420531526
come,jason,1,269,1919,0.0005211047420531526
come,good,1,270,1919,0.0005211047420531526
come,barky,1,271,1919,0.0005211047420531526
come,gregory,1,272,1919,0.0005211047420531526
come,mike,1,273,1919,0.0005211047420531526
come,emmy,1,274,1919,0.0005211047420531526
come,jacob,1,275,1919,0.0005211047420531526
come,nightnight,1,276,1919,0.0005211047420531526
come,kiana,1,277,1919,0.0005211047420531526
come,eric,1,278,1919,0.0005211047420531526
come,trailer,1,279,1919,0.0005211047420531526
come,swimsuit,1,280,1919,0.0005211047420531526
come,sam,1,281,1919,0.0005211047420531526
come,line,1,282,1919,0.0005211047420531526
come,squirrely,1,283,1919,0.0005211047420531526
come,yeh,1,284,1919,0.0005211047420531526
come,fairy,1,285,1919,0.0005211047420531526
come,all,1,286,1919,0.0005211047420531526
come,footstep,1,287,1919,0.0005211047420531526
come,everybody,1,288,1919,0.0005211047420531526
come,down,1,289,1919,0.0005211047420531526
come,ross,1,290,1919,0.0005211047420531526
come,spratt,1,291,1919,0.0005211047420531526
come,andrew,1,292,1919,0.0005211047420531526
come,zackary,1,293,1919,0.0005211047420531526
come,krystal,1,294,1919,0.0005211047420531526
come,tooth,1,295,1919,0.0005211047420531526
come,lady,1,296,1919,0.0005211047420531526
come,key,1,297,1919,0.0005211047420531526
come,piece,1,298,1919,0.0005211047420531526
come,rory,1,299,1919,0.0005211047420531526
come,sara,1,300,1919,0.0005211047420531526
come,duckie,1,301,1919,0.0005211047420531526
come,someone,1,302,1919,0.0005211047420531526
come,chickie,1,303,1919,0.0005211047420531526
come,liam,1,304,1919,0.0005211047420531526
come,which,1,305,1919,0.0005211047420531526
come,seth,1,306,1919,0.0005211047420531526
come,drain,1,307,1919,0.0005211047420531526
come,zacchariah,1,308,1919,0.0005211047420531526
come,boat,1,309,1919,0.0005211047420531526
come,switch'll,1,310,1919,0.0005211047420531526
come,finger,1,311,1919,0.0005211047420531526
come,anybody,1,312,1919,0.0005211047420531526
come,design,1,313,1919,0.0005211047420531526
come,europeans,1,314,1919,0.0005211047420531526
come,teddy,1,315,1919,0.0005211047420531526
come,fan,1,316,1919,0.0005211047420531526
come,grandaddy,1,317,1919,0.0005211047420531526
come,grandaddy'll,1,318,1919,0.0005211047420531526
come,daddy'll,1,319,1919,0.0005211047420531526
come,tradewind,1,320,1919,0.0005211047420531526
come,everything,1,321,1919,0.0005211047420531526
come,oatmeal,1,322,1919,0.0005211047420531526
come,connie,1,323,1919,0.0005211047420531526
come,dirt,1,324,1919,0.0005211047420531526
come,deal,1,325,1919,0.0005211047420531526
come,goofy,1,326,1919,0.0005211047420531526
come,britche,1,327,1919,0.0005211047420531526
come,book,1,328,1919,0.0005211047420531526
come,frosty,1,329,1919,0.0005211047420531526
come,two,1,330,1919,0.0005211047420531526
come,snow,1,331,1919,0.0005211047420531526
come,ya,1,332,1919,0.0005211047420531526
come,critter,1,333,1919,0.0005211047420531526
come,chi,1,334,1919,0.0005211047420531526
come,momma,1,335,1919,0.0005211047420531526
come,button,1,336,1919,0.0005211047420531526
come,yogurt,1,337,1919,0.0005211047420531526
come,puzzle,1,338,1919,0.0005211047420531526
come,ng,1,339,1919,0.0005211047420531526
come,rocket,1,340,1919,0.0005211047420531526
come,jaylyn,1,341,1919,0.0005211047420531526
come,violin,1,342,1919,0.0005211047420531526
come,kite,1,343,1919,0.0005211047420531526
come,road,1,344,1919,0.0005211047420531526
come,hook,1,345,1919,0.0005211047420531526
come,sorcerer,1,346,1919,0.0005211047420531526
come,train,1,347,1919,0.0005211047420531526
come,frog,1,348,1919,0.0005211047420531526
come,marker,1,349,1919,0.0005211047420531526
come,useta,1,350,1919,0.0005211047420531526
come,monster,1,351,1919,0.0005211047420531526
make,you,505,1,1589,0.31780994336060414
make,we,175,2,1589,0.11013215859030837
make,i,160,3,1589,0.10069225928256766
make,it,116,4,1589,0.07300188797986155
make,us,68,5,1589,0.042794210195091255
make,that,66,6,1589,0.04153555695405916
make,he,59,7,1589,0.037130270610446825
make,they,48,8,1589,0.030207677784770296
make,mommy,40,9,1589,0.025173064820641914
make,she,26,10,1589,0.016362492133417242
make,this,22,11,1589,0.013845185651353053
make,wanna,22,12,1589,0.013845185651353053
make,daddy,21,13,1589,0.013215859030837005
make,who,15,14,1589,0.009439899307740718
make,what,13,15,1589,0.008181246066708621
make,one,13,16,1589,0.008181246066708621
make,mama,7,17,1589,0.004405286343612335
make,these,7,18,1589,0.004405286343612335
make,animal,7,19,1589,0.004405286343612335
make,god,5,20,1589,0.0031466331025802393
make,brown,5,21,1589,0.0031466331025802393
make,sister,5,22,1589,0.0031466331025802393
make,machine,4,23,1589,0.0025173064820641915
make,somebody,4,24,1589,0.0025173064820641915
make,book,3,25,1589,0.0018879798615481435
make,lemme,3,26,1589,0.0018879798615481435
make,sheep,3,27,1589,0.0018879798615481435
make,cname,3,28,1589,0.0018879798615481435
make,michael,3,29,1589,0.0018879798615481435
make,rachel,3,30,1589,0.0018879798615481435
make,rock,2,31,1589,0.0012586532410320957
make,truck,2,32,1589,0.0012586532410320957
make,conditioner,2,33,1589,0.0012586532410320957
make,train,2,34,1589,0.0012586532410320957
make,eric,2,35,1589,0.0012586532410320957
make,mouse,2,36,1589,0.0012586532410320957
make,bird,2,37,1589,0.0012586532410320957
make,vacuum,2,38,1589,0.0012586532410320957
make,person,2,39,1589,0.0012586532410320957
make,seat,2,40,1589,0.0012586532410320957
make,dakota,2,41,1589,0.0012586532410320957
make,duckie,2,42,1589,0.0012586532410320957
make,mcgregor,2,43,1589,0.0012586532410320957
make,bug,2,44,1589,0.0012586532410320957
make,mom,2,45,1589,0.0012586532410320957
make,ball,2,46,1589,0.0012586532410320957
make,yours,2,47,1589,0.0012586532410320957
make,soap,2,48,1589,0.0012586532410320957
make,elephant,2,49,1589,0.0012586532410320957
make,baby,2,50,1589,0.0012586532410320957
make,doggie,2,51,1589,0.0012586532410320957
make,kelsey,2,52,1589,0.0012586532410320957
make,giraffe,2,53,1589,0.0012586532410320957
make,car,2,54,1589,0.0012586532410320957
make,mormor,2,55,1589,0.0012586532410320957
make,h,2,56,1589,0.0012586532410320957
make,green,2,57,1589,0.0012586532410320957
make,otter,2,58,1589,0.0012586532410320957
make,switch,2,59,1589,0.0012586532410320957
make,button,2,60,1589,0.0012586532410320957
make,ben,2,61,1589,0.0012586532410320957
make,salley,2,62,1589,0.0012586532410320957
make,kalie,2,63,1589,0.0012586532410320957
make,jackie,1,64,1589,0.0006293266205160479
make,leg,1,65,1589,0.0006293266205160479
make,sound,1,66,1589,0.0006293266205160479
make,husband,1,67,1589,0.0006293266205160479
make,let,1,68,1589,0.0006293266205160479
make,clean,1,69,1589,0.0006293266205160479
make,girl,1,70,1589,0.0006293266205160479
make,jwww,1,71,1589,0.0006293266205160479
make,laura,1,72,1589,0.0006293266205160479
make,pwww,1,73,1589,0.0006293266205160479
make,mother,1,74,1589,0.0006293266205160479
make,jack,1,75,1589,0.0006293266205160479
make,joanna,1,76,1589,0.0006293266205160479
make,doll,1,77,1589,0.0006293266205160479
make,david,1,78,1589,0.0006293266205160479
make,washer,1,79,1589,0.0006293266205160479
make,neighbor,1,80,1589,0.0006293266205160479
make,some,1,81,1589,0.0006293266205160479
make,linda,1,82,1589,0.0006293266205160479
make,wind,1,83,1589,0.0006293266205160479
make,elf,1,84,1589,0.0006293266205160479
make,bee,1,85,1589,0.0006293266205160479
make,snail,1,86,1589,0.0006293266205160479
make,geese,1,87,1589,0.0006293266205160479
make,henry,1,88,1589,0.0006293266205160479
make,jesus,1,89,1589,0.0006293266205160479
make,kiss,1,90,1589,0.0006293266205160479
make,orioles,1,91,1589,0.0006293266205160479
make,yaya,1,92,1589,0.0006293266205160479
make,tyco,1,93,1589,0.0006293266205160479
make,dyeisha,1,94,1589,0.0006293266205160479
make,pamper,1,95,1589,0.0006293266205160479
make,elmo,1,96,1589,0.0006293266205160479
make,stuff,1,97,1589,0.0006293266205160479
make,thing,1,98,1589,0.0006293266205160479
make,you_all,1,99,1589,0.0006293266205160479
make,which,1,100,1589,0.0006293266205160479
make,raindrop,1,101,1589,0.0006293266205160479
make,rain,1,102,1589,0.0006293266205160479
make,buck,1,103,1589,0.0006293266205160479
make,uhohyou're,1,104,1589,0.0006293266205160479
make,mud,1,105,1589,0.0006293266205160479
make,papa,1,106,1589,0.0006293266205160479
make,floor,1,107,1589,0.0006293266205160479
make,camera,1,108,1589,0.0006293266205160479
make,rooster,1,109,1589,0.0006293266205160479
make,our,1,110,1589,0.0006293266205160479
make,monkey,1,111,1589,0.0006293266205160479
make,mmm,1,112,1589,0.0006293266205160479
make,chi,1,113,1589,0.0006293266205160479
make,bowl,1,114,1589,0.0006293266205160479
make,carl,1,115,1589,0.0006293266205160479
make,bunny,1,116,1589,0.0006293266205160479
make,woman,1,117,1589,0.0006293266205160479
make,alexa,1,118,1589,0.0006293266205160479
make,emma,1,119,1589,0.0006293266205160479
make,teacher,1,120,1589,0.0006293266205160479
make,battery,1,121,1589,0.0006293266205160479
make,birdie,1,122,1589,0.0006293266205160479
make,kitty,1,123,1589,0.0006293266205160479
make,seaweed,1,124,1589,0.0006293266205160479
make,gepetto,1,125,1589,0.0006293266205160479
make,someone,1,126,1589,0.0006293266205160479
make,duck,1,127,1589,0.0006293266205160479
make,katie,1,128,1589,0.0006293266205160479
make,mummy,1,129,1589,0.0006293266205160479
make,light,1,130,1589,0.0006293266205160479
make,norman,1,131,1589,0.0006293266205160479
make,booboo,1,132,1589,0.0006293266205160479
make,fish,1,133,1589,0.0006293266205160479
make,nathan,1,134,1589,0.0006293266205160479
make,something,1,135,1589,0.0006293266205160479
make,water,1,136,1589,0.0006293266205160479
make,candle,1,137,1589,0.0006293266205160479
make,megan,1,138,1589,0.0006293266205160479
make,ya,1,139,1589,0.0006293266205160479
make,t,1,140,1589,0.0006293266205160479
make,messy,1,141,1589,0.0006293266205160479
make,jerry,1,142,1589,0.0006293266205160479
make,sun,1,143,1589,0.0006293266205160479
make,man,1,144,1589,0.0006293266205160479
make,toy,1,145,1589,0.0006293266205160479
make,catherine,1,146,1589,0.0006293266205160479
make,guitar,1,147,1589,0.0006293266205160479
make,frank,1,148,1589,0.0006293266205160479
make,rabbit,1,149,1589,0.0006293266205160479
make,violin,1,150,1589,0.0006293266205160479
make,hand,1,151,1589,0.0006293266205160479
make,wheel,1,152,1589,0.0006293266205160479
make,chick,1,153,1589,0.0006293266205160479
make,ours,1,154,1589,0.0006293266205160479
make,alexander,1,155,1589,0.0006293266205160479
take,you,487,1,1423,0.3422347153900211
take,i,271,2,1423,0.1904427266338721
take,we,146,3,1423,0.10260014054813774
take,us,93,4,1423,0.06535488404778636
take,he,53,5,1423,0.03724525650035137
take,mommy,45,6,1423,0.03162333099086437
take,she,44,7,1423,0.030920590302178495
take,wanna,33,8,1423,0.023190442726633873
take,they,30,9,1423,0.02108222066057625
take,activity,28,10,1423,0.019676739283204497
take,it,18,11,1423,0.012649332396345749
take,daddy,16,12,1423,0.011243851018973999
take,lemme,15,13,1423,0.010541110330288124
take,baby,6,14,1423,0.004216444132115249
take,this,6,15,1423,0.004216444132115249
take,who,5,16,1423,0.0035137034434293743
take,hasta,5,17,1423,0.0035137034434293743
take,danny,5,18,1423,0.0035137034434293743
take,camera,4,19,1423,0.0028109627547434997
take,ya,3,20,1423,0.0021082220660576245
take,daddy'll,3,21,1423,0.0021082220660576245
take,people,3,22,1423,0.0021082220660576245
take,picture,3,23,1423,0.0021082220660576245
take,rooster,3,24,1423,0.0021082220660576245
take,old_farmer_gile,3,25,1423,0.0021082220660576245
take,ross,3,26,1423,0.0021082220660576245
take,nomi,3,27,1423,0.0021082220660576245
take,lady,2,28,1423,0.0014054813773717498
take,go,2,29,1423,0.0014054813773717498
take,needta,2,30,1423,0.0014054813773717498
take,that,2,31,1423,0.0014054813773717498
take,gwww,2,32,1423,0.0014054813773717498
take,brisco,2,33,1423,0.0014054813773717498
take,boy,2,34,1423,0.0014054813773717498
take,nina,2,35,1423,0.0014054813773717498
take,somebody,2,36,1423,0.0014054813773717498
take,dog,2,37,1423,0.0014054813773717498
take,caitlin,2,38,1423,0.0014054813773717498
take,connie,2,39,1423,0.0014054813773717498
take,crocodile,2,40,1423,0.0014054813773717498
take,kalie,2,41,1423,0.0014054813773717498
take,travis,2,42,1423,0.0014054813773717498
take,door,1,43,1423,0.0007027406886858749
take,child,1,44,1423,0.0007027406886858749
take,screwdriver,1,45,1423,0.0007027406886858749
take,peter,1,46,1423,0.0007027406886858749
take,conversation,1,47,1423,0.0007027406886858749
take,mrs_gwww,1,48,1423,0.0007027406886858749
take,mwww,1,49,1423,0.0007027406886858749
take,swww'll,1,50,1423,0.0007027406886858749
take,joanna,1,51,1423,0.0007027406886858749
take,trudie,1,52,1423,0.0007027406886858749
take,judie,1,53,1423,0.0007027406886858749
take,everyone,1,54,1423,0.0007027406886858749
take,weed,1,55,1423,0.0007027406886858749
take,pg,1,56,1423,0.0007027406886858749
take,pig,1,57,1423,0.0007027406886858749
take,terry,1,58,1423,0.0007027406886858749
take,hadta,1,59,1423,0.0007027406886858749
take,dakota,1,60,1423,0.0007027406886858749
take,dad,1,61,1423,0.0007027406886858749
take,carl,1,62,1423,0.0007027406886858749
take,defender,1,63,1423,0.0007027406886858749
take,god,1,64,1423,0.0007027406886858749
take,sister,1,65,1423,0.0007027406886858749
take,dyeisha,1,66,1423,0.0007027406886858749
take,man_man,1,67,1423,0.0007027406886858749
take,no,1,68,1423,0.0007027406886858749
take,suit,1,69,1423,0.0007027406886858749
take,mommy'll,1,70,1423,0.0007027406886858749
take,sarah,1,71,1423,0.0007027406886858749
take,backyardigan,1,72,1423,0.0007027406886858749
take,backyardigans,1,73,1423,0.0007027406886858749
take,uhohyou,1,74,1423,0.0007027406886858749
take,horsie,1,75,1423,0.0007027406886858749
take,pooh,1,76,1423,0.0007027406886858749
take,lot,1,77,1423,0.0007027406886858749
take,doggie,1,78,1423,0.0007027406886858749
take,rebecca,1,79,1423,0.0007027406886858749
take,carrot,1,80,1423,0.0007027406886858749
take,evan,1,81,1423,0.0007027406886858749
take,nothing,1,82,1423,0.0007027406886858749
take,yeh,1,83,1423,0.0007027406886858749
take,let,1,84,1423,0.0007027406886858749
take,man,1,85,1423,0.0007027406886858749
take,ema,1,86,1423,0.0007027406886858749
take,jane,1,87,1423,0.0007027406886858749
take,duck,1,88,1423,0.0007027406886858749
take,ray,1,89,1423,0.0007027406886858749
take,jamie,1,90,1423,0.0007027406886858749
take,grandma,1,91,1423,0.0007027406886858749
take,mama,1,92,1423,0.0007027406886858749
take,titus,1,93,1423,0.0007027406886858749
take,mot,1,94,1423,0.0007027406886858749
take,your,1,95,1423,0.0007027406886858749
take,catherine,1,96,1423,0.0007027406886858749
take,joseph,1,97,1423,0.0007027406886858749
take,leah,1,98,1423,0.0007027406886858749
take,mom,1,99,1423,0.0007027406886858749
take,bunny,1,100,1423,0.0007027406886858749
take,mickey,1,101,1423,0.0007027406886858749
need,you,519,1,1373,0.3780043699927167
need,i,185,2,1373,0.1347414420975965
need,he,179,3,1373,0.1303714493809177
need,we,152,4,1373,0.11070648215586307
need,she,72,5,1373,0.05243991260014567
need,baby,38,6,1373,0.027676620538965767
need,mommy,31,7,1373,0.022578295702840496
need,it,24,8,1373,0.01747997086671522
need,they,19,9,1373,0.013838310269482883
need,danny,17,10,1373,0.012381646030589949
need,who,9,11,1373,0.0065549890750182084
need,nina,9,12,1373,0.0065549890750182084
need,potatohead,8,13,1373,0.005826656955571741
need,mrpotatohead,8,14,1373,0.005826656955571741
need,daddy,8,15,1373,0.005826656955571741
need,pooh,7,16,1373,0.005098324836125273
need,one,6,17,1373,0.004369992716678805
need,poohbear,4,18,1373,0.0029133284777858705
need,potato,4,19,1373,0.0029133284777858705
need,doll,4,20,1373,0.0029133284777858705
need,mama,3,21,1373,0.0021849963583394027
need,that,3,22,1373,0.0021849963583394027
need,frog,3,23,1373,0.0021849963583394027
need,guy,3,24,1373,0.0021849963583394027
need,everything,2,25,1373,0.0014566642388929353
need,farmer,2,26,1373,0.0014566642388929353
need,some,2,27,1373,0.0014566642388929353
need,foot,2,28,1373,0.0014566642388929353
need,pizza,2,29,1373,0.0014566642388929353
need,sheep,2,30,1373,0.0014566642388929353
need,this,2,31,1373,0.0014566642388929353
need,anybody,1,32,1373,0.0007283321194464676
need,house,1,33,1373,0.0007283321194464676
need,train,1,34,1373,0.0007283321194464676
need,jennifer,1,35,1373,0.0007283321194464676
need,mommy'll,1,36,1373,0.0007283321194464676
need,kitty,1,37,1373,0.0007283321194464676
need,anyone,1,38,1373,0.0007283321194464676
need,girl,1,39,1373,0.0007283321194464676
need,laura,1,40,1373,0.0007283321194464676
need,joanna,1,41,1373,0.0007283321194464676
need,horse,1,42,1373,0.0007283321194464676
need,whatcha,1,43,1373,0.0007283321194464676
need,dog,1,44,1373,0.0007283321194464676
need,car,1,45,1373,0.0007283321194464676
need,sister,1,46,1373,0.0007283321194464676
need,dyeisha,1,47,1373,0.0007283321194464676
need,clothe,1,48,1373,0.0007283321194464676
need,fraser,1,49,1373,0.0007283321194464676
need,bear,1,50,1373,0.0007283321194464676
need,fork,1,51,1373,0.0007283321194464676
need,peewee,1,52,1373,0.0007283321194464676
need,cup,1,53,1373,0.0007283321194464676
need,cookie,1,54,1373,0.0007283321194464676
need,nose,1,55,1373,0.0007283321194464676
need,op,1,56,1373,0.0007283321194464676
need,any,1,57,1373,0.0007283321194464676
need,diaper,1,58,1373,0.0007283321194464676
need,hotdog,1,59,1373,0.0007283321194464676
need,what,1,60,1373,0.0007283321194464676
need,mom,1,61,1373,0.0007283321194464676
need,kelsey,1,62,1373,0.0007283321194464676
need,elephant,1,63,1373,0.0007283321194464676
need,animal,1,64,1373,0.0007283321194464676
need,home,1,65,1373,0.0007283321194464676
need,hand,1,66,1373,0.0007283321194464676
need,mouth,1,67,1373,0.0007283321194464676
need,nothing,1,68,1373,0.0007283321194464676
need,g,1,69,1373,0.0007283321194464676
need,leg,1,70,1373,0.0007283321194464676
need,somebody,1,71,1373,0.0007283321194464676
need,airport,1,72,1373,0.0007283321194464676
need,nomi,1,73,1373,0.0007283321194464676
need,nobody,1,74,1373,0.0007283321194464676
need,bunny,1,75,1373,0.0007283321194464676
eat,you,521,1,1339,0.38909634055265124
eat,he,179,2,1339,0.13368185212845407
eat,we,109,3,1339,0.08140403286034353
eat,she,101,4,1339,0.07542942494398805
eat,i,74,5,1339,0.05526512322628827
eat,they,63,6,1339,0.04705003734129948
eat,baby,40,7,1339,0.029873039581777446
eat,us,20,8,1339,0.014936519790888723
eat,wanna,17,9,1339,0.012696041822255415
eat,mommy,16,10,1339,0.01194921583271098
eat,daddy,14,11,1339,0.010455563853622106
eat,kitty,12,12,1339,0.008961911874533234
eat,who,11,13,1339,0.008215085884988798
eat,bunny,8,14,1339,0.00597460791635549
eat,it,8,15,1339,0.00597460791635549
eat,caterpillar,8,16,1339,0.00597460791635549
eat,cat,5,17,1339,0.0037341299477221808
eat,mandy,5,18,1339,0.0037341299477221808
eat,dakota,5,19,1339,0.0037341299477221808
eat,hasta,4,20,1339,0.002987303958177745
eat,timmy,4,21,1339,0.002987303958177745
eat,cow,4,22,1339,0.002987303958177745
eat,somebody,4,23,1339,0.002987303958177745
eat,squirrel,4,24,1339,0.002987303958177745
eat,anteater,4,25,1339,0.002987303958177745
eat,goat,4,26,1339,0.002987303958177745
eat,laura,3,27,1339,0.0022404779686333084
eat,winnie_the_pooh,3,28,1339,0.0022404779686333084
eat,horse,3,29,1339,0.0022404779686333084
eat,kalie,3,30,1339,0.0022404779686333084
eat,nomi,3,31,1339,0.0022404779686333084
eat,rabbit,2,32,1339,0.0014936519790888724
eat,dillon,2,33,1339,0.0014936519790888724
eat,someone,2,34,1339,0.0014936519790888724
eat,dyeisha,2,35,1339,0.0014936519790888724
eat,bird,2,36,1339,0.0014936519790888724
eat,that,2,37,1339,0.0014936519790888724
eat,poohbear,2,38,1339,0.0014936519790888724
eat,pooh,2,39,1339,0.0014936519790888724
eat,danny,2,40,1339,0.0014936519790888724
eat,nina,2,41,1339,0.0014936519790888724
eat,mama,2,42,1339,0.0014936519790888724
eat,sophie,2,43,1339,0.0014936519790888724
eat,chicken,2,44,1339,0.0014936519790888724
eat,mouse,2,45,1339,0.0014936519790888724
eat,ya,1,46,1339,0.0007468259895444362
eat,picture,1,47,1339,0.0007468259895444362
eat,joanna,1,48,1339,0.0007468259895444362
eat,swww,1,49,1339,0.0007468259895444362
eat,egg,1,50,1339,0.0007468259895444362
eat,peanut,1,51,1339,0.0007468259895444362
eat,morgan,1,52,1339,0.0007468259895444362
eat,sprat,1,53,1339,0.0007468259895444362
eat,wife,1,54,1339,0.0007468259895444362
eat,doggie,1,55,1339,0.0007468259895444362
eat,mosquito,1,56,1339,0.0007468259895444362
eat,adam,1,57,1339,0.0007468259895444362
eat,peter,1,58,1339,0.0007468259895444362
eat,maggie,1,59,1339,0.0007468259895444362
eat,the,1,60,1339,0.0007468259895444362
eat,eve,1,61,1339,0.0007468259895444362
eat,mom'd,1,62,1339,0.0007468259895444362
eat,anything,1,63,1339,0.0007468259895444362
eat,penguin,1,64,1339,0.0007468259895444362
eat,go,1,65,1339,0.0007468259895444362
eat,sissy,1,66,1339,0.0007468259895444362
eat,tooth,1,67,1339,0.0007468259895444362
eat,bear,1,68,1339,0.0007468259895444362
eat,sheep,1,69,1339,0.0007468259895444362
eat,giraffe,1,70,1339,0.0007468259895444362
eat,pea,1,71,1339,0.0007468259895444362
eat,pretend,1,72,1339,0.0007468259895444362
eat,one,1,73,1339,0.0007468259895444362
eat,matthew,1,74,1339,0.0007468259895444362
eat,firstname,1,75,1339,0.0007468259895444362
eat,people,1,76,1339,0.0007468259895444362
eat,aardvark,1,77,1339,0.0007468259895444362
eat,roy,1,78,1339,0.0007468259895444362
eat,puppy,1,79,1339,0.0007468259895444362
eat,hafta,1,80,1339,0.0007468259895444362
eat,rachel,1,81,1339,0.0007468259895444362
eat,child,1,82,1339,0.0007468259895444362
eat,anybody,1,83,1339,0.0007468259895444362
eat,no,1,84,1339,0.0007468259895444362
eat,animal,1,85,1339,0.0007468259895444362
eat,needta,1,86,1339,0.0007468259895444362
eat,pg,1,87,1339,0.0007468259895444362
eat,dragon,1,88,1339,0.0007468259895444362
eat,dinosaur,1,89,1339,0.0007468259895444362
eat,man,1,90,1339,0.0007468259895444362
eat,birdie,1,91,1339,0.0007468259895444362
eat,piggie,1,92,1339,0.0007468259895444362
eat,butter,1,93,1339,0.0007468259895444362
eat,what,1,94,1339,0.0007468259895444362
eat,tiger,1,95,1339,0.0007468259895444362
eat,pittsburg,1,96,1339,0.0007468259895444362
eat,bug,1,97,1339,0.0007468259895444362
find,you,537,1,1077,0.4986072423398329
find,i,209,2,1077,0.19405756731662024
find,we,126,3,1077,0.116991643454039
find,us,66,4,1077,0.06128133704735376
find,he,30,5,1077,0.027855153203342618
find,mommy,15,6,1077,0.013927576601671309
find,she,12,7,1077,0.011142061281337047
find,they,10,8,1077,0.009285051067780872
find,daddy,9,9,1077,0.008356545961002786
find,mama,8,10,1077,0.007428040854224698
find,wanna,8,11,1077,0.007428040854224698
find,lemme,6,12,1077,0.005571030640668524
find,rachel,4,13,1077,0.003714020427112349
find,needta,3,14,1077,0.002785515320334262
find,mcgregor,3,15,1077,0.002785515320334262
find,timmy,2,16,1077,0.0018570102135561746
find,peter,2,17,1077,0.0018570102135561746
find,mickey,2,18,1077,0.0018570102135561746
find,momma,2,19,1077,0.0018570102135561746
find,ya,1,20,1077,0.0009285051067780873
find,laura,1,21,1077,0.0009285051067780873
find,mummy,1,22,1077,0.0009285051067780873
find,brother,1,23,1077,0.0009285051067780873
find,taxi,1,24,1077,0.0009285051067780873
find,everyone,1,25,1077,0.0009285051067780873
find,andy,1,26,1077,0.0009285051067780873
find,bird,1,27,1077,0.0009285051067780873
find,hafta,1,28,1077,0.0009285051067780873
find,happiness,1,29,1077,0.0009285051067780873
find,cname,1,30,1077,0.0009285051067780873
find,tia,1,31,1077,0.0009285051067780873
find,matthew,1,32,1077,0.0009285051067780873
find,jacob,1,33,1077,0.0009285051067780873
find,mom,1,34,1077,0.0009285051067780873
find,nana,1,35,1077,0.0009285051067780873
find,whoever,1,36,1077,0.0009285051067780873
find,guy,1,37,1077,0.0009285051067780873
find,that,1,38,1077,0.0009285051067780873
find,it,1,39,1077,0.0009285051067780873
find,sally,1,40,1077,0.0009285051067780873
find,travis,1,41,1077,0.0009285051067780873
find,flower,1,42,1077,0.0009285051067780873
sit,you,440,1,1067,0.41237113402061853
sit,i,86,2,1067,0.08059981255857544
sit,wanna,81,3,1067,0.07591377694470477
sit,he,72,4,1067,0.06747891283973759
sit,we,59,5,1067,0.05529522024367385
sit,she,49,6,1067,0.04592314901593252
sit,us,43,7,1067,0.04029990627928772
sit,mommy,22,8,1067,0.020618556701030927
sit,baby,22,9,1067,0.020618556701030927
sit,man,16,10,1067,0.01499531396438613
sit,two,12,11,1067,0.011246485473289597
sit,it,11,12,1067,0.010309278350515464
sit,they,10,13,1067,0.00937207122774133
sit,who,10,14,1067,0.00937207122774133
sit,daddy,7,15,1067,0.006560449859418931
sit,pooh,6,16,1067,0.005623242736644799
sit,people,5,17,1067,0.004686035613870665
sit,mama,5,18,1067,0.004686035613870665
sit,go,4,19,1067,0.0037488284910965324
sit,that,4,20,1067,0.0037488284910965324
sit,nina,4,21,1067,0.0037488284910965324
sit,laura,3,22,1067,0.0028116213683223993
sit,needta,3,23,1067,0.0028116213683223993
sit,this,3,24,1067,0.0028116213683223993
sit,chicken,3,25,1067,0.0028116213683223993
sit,bird,3,26,1067,0.0028116213683223993
sit,mom,3,27,1067,0.0028116213683223993
sit,dog,2,28,1067,0.0018744142455482662
sit,dumpty,2,29,1067,0.0018744142455482662
sit,boy,2,30,1067,0.0018744142455482662
sit,doll,2,31,1067,0.0018744142455482662
sit,swww,2,32,1067,0.0018744142455482662
sit,girl,2,33,1067,0.0018744142455482662
sit,bear,2,34,1067,0.0018744142455482662
sit,chair,2,35,1067,0.0018744142455482662
sit,neil,2,36,1067,0.0018744142455482662
sit,eve,2,37,1067,0.0018744142455482662
sit,elaina,2,38,1067,0.0018744142455482662
sit,chelsi,2,39,1067,0.0018744142455482662
sit,jason,2,40,1067,0.0018744142455482662
sit,firstname,2,41,1067,0.0018744142455482662
sit,cheeky,2,42,1067,0.0018744142455482662
sit,driver,2,43,1067,0.0018744142455482662
sit,mommy'll,2,44,1067,0.0018744142455482662
sit,jane,2,45,1067,0.0018744142455482662
sit,georgie,2,46,1067,0.0018744142455482662
sit,lap,2,47,1067,0.0018744142455482662
sit,lady,1,48,1067,0.0009372071227741331
sit,dog_dog,1,49,1067,0.0009372071227741331
sit,clean,1,50,1067,0.0009372071227741331
sit,eric,1,51,1067,0.0009372071227741331
sit,anyone,1,52,1067,0.0009372071227741331
sit,hasta,1,53,1067,0.0009372071227741331
sit,all,1,54,1067,0.0009372071227741331
sit,horner,1,55,1067,0.0009372071227741331
sit,cock_a_doodle_doo,1,56,1067,0.0009372071227741331
sit,bummie,1,57,1067,0.0009372071227741331
sit,bee,1,58,1067,0.0009372071227741331
sit,man'll,1,59,1067,0.0009372071227741331
sit,fraser,1,60,1067,0.0009372071227741331
sit,horsie,1,61,1067,0.0009372071227741331
sit,the,1,62,1067,0.0009372071227741331
sit,sarah,1,63,1067,0.0009372071227741331
sit,cup,1,64,1067,0.0009372071227741331
sit,pig,1,65,1067,0.0009372071227741331
sit,cow,1,66,1067,0.0009372071227741331
sit,danny,1,67,1067,0.0009372071227741331
sit,grandma,1,68,1067,0.0009372071227741331
sit,kelse,1,69,1067,0.0009372071227741331
sit,whoah,1,70,1067,0.0009372071227741331
sit,guy,1,71,1067,0.0009372071227741331
sit,papa,1,72,1067,0.0009372071227741331
sit,smurf,1,73,1067,0.0009372071227741331
sit,roy,1,74,1067,0.0009372071227741331
sit,rachel,1,75,1067,0.0009372071227741331
sit,useta,1,76,1067,0.0009372071227741331
sit,henry,1,77,1067,0.0009372071227741331
sit,liam,1,78,1067,0.0009372071227741331
sit,somebody,1,79,1067,0.0009372071227741331
sit,bryan,1,80,1067,0.0009372071227741331
sit,megan,1,81,1067,0.0009372071227741331
sit,bert,1,82,1067,0.0009372071227741331
sit,child,1,83,1067,0.0009372071227741331
sit,little_miss_muffet,1,84,1067,0.0009372071227741331
sit,sandy,1,85,1067,0.0009372071227741331
sit,moe,1,86,1067,0.0009372071227741331
sit,crumble,1,87,1067,0.0009372071227741331
sit,bunny,1,88,1067,0.0009372071227741331
try,you,382,1,989,0.3862487360970677
try,i,152,2,989,0.15369059656218403
try,we,109,3,989,0.1102123356926188
try,us,106,4,989,0.10717896865520728
try,wanna,65,5,989,0.06572295247724974
try,she,47,6,989,0.047522750252780584
try,he,44,7,989,0.044489383215369056
try,mommy,18,8,989,0.01820020222446916
try,daddy,8,9,989,0.008088978766430738
try,jamie,6,10,989,0.006066734074823054
try,they,5,11,989,0.005055611729019211
try,oughta,4,12,989,0.004044489383215369
try,mama,3,13,989,0.003033367037411527
try,lemme,2,14,989,0.0020222446916076846
try,whatcha,2,15,989,0.0020222446916076846
try,somebody,2,16,989,0.0020222446916076846
try,one,1,17,989,0.0010111223458038423
try,dragon,1,18,989,0.0010111223458038423
try,ya,1,19,989,0.0010111223458038423
try,babycakes,1,20,989,0.0010111223458038423
try,tabitha,1,21,989,0.0010111223458038423
try,cat,1,22,989,0.0010111223458038423
try,dakota,1,23,989,0.0010111223458038423
try,doggie,1,24,989,0.0010111223458038423
try,lassie,1,25,989,0.0010111223458038423
try,whoa,1,26,989,0.0010111223458038423
try,baby,1,27,989,0.0010111223458038423
try,nina,1,28,989,0.0010111223458038423
try,op,1,29,989,0.0010111223458038423
try,let,1,30,989,0.0010111223458038423
try,it,1,31,989,0.0010111223458038423
try,oopsie,1,32,989,0.0010111223458038423
try,oop,1,33,989,0.0010111223458038423
try,keegan,1,34,989,0.0010111223458038423
try,good,1,35,989,0.0010111223458038423
try,both,1,36,989,0.0010111223458038423
try,duke,1,37,989,0.0010111223458038423
try,boy,1,38,989,0.0010111223458038423
try,nice,1,39,989,0.0010111223458038423
try,someone,1,40,989,0.0010111223458038423
try,krystal,1,41,989,0.0010111223458038423
try,go,1,42,989,0.0010111223458038423
try,hum,1,43,989,0.0010111223458038423
try,kalie,1,44,989,0.0010111223458038423
try,chick,1,45,989,0.0010111223458038423
try,wind,1,46,989,0.0010111223458038423
try,joseph,1,47,989,0.0010111223458038423
try,blue,1,48,989,0.0010111223458038423
try,a,1,49,989,0.0010111223458038423
try,tom,1,50,989,0.0010111223458038423
give,you,334,1,904,0.3694690265486726
give,i,213,2,904,0.23561946902654868
give,we,100,3,904,0.11061946902654868
give,wanna,30,4,904,0.033185840707964605
give,us,29,5,904,0.032079646017699116
give,he,25,6,904,0.02765486725663717
give,mommy,20,7,904,0.022123893805309734
give,she,17,8,904,0.018805309734513276
give,they,9,9,904,0.00995575221238938
give,daddy,9,10,904,0.00995575221238938
give,doggie,7,11,904,0.007743362831858407
give,who,5,12,904,0.0055309734513274336
give,whack,5,13,904,0.0055309734513274336
give,lemme,4,14,904,0.004424778761061947
give,baby,4,15,904,0.004424778761061947
give,mama,4,16,904,0.004424778761061947
give,grandma,4,17,904,0.004424778761061947
give,jwww,3,18,904,0.00331858407079646
give,laura,3,19,904,0.00331858407079646
give,travis,3,20,904,0.00331858407079646
give,wack,3,21,904,0.00331858407079646
give,pooh,2,22,904,0.0022123893805309734
give,all,2,23,904,0.0022123893805309734
give,donkey,2,24,904,0.0022123893805309734
give,uncle,2,25,904,0.0022123893805309734
give,eve,2,26,904,0.0022123893805309734
give,father,2,27,904,0.0022123893805309734
give,mike,2,28,904,0.0022123893805309734
give,cabbage,2,29,904,0.0022123893805309734
give,gramma,2,30,904,0.0022123893805309734
give,parent,2,31,904,0.0022123893805309734
give,granma,2,32,904,0.0022123893805309734
give,kinda,1,33,904,0.0011061946902654867
give,peter,1,34,904,0.0011061946902654867
give,tunnel,1,35,904,0.0011061946902654867
give,lois,1,36,904,0.0011061946902654867
give,laura_lastname,1,37,904,0.0011061946902654867
give,joanna,1,38,904,0.0011061946902654867
give,doctor,1,39,904,0.0011061946902654867
give,h,1,40,904,0.0011061946902654867
give,that,1,41,904,0.0011061946902654867
give,god,1,42,904,0.0011061946902654867
give,dad,1,43,904,0.0011061946902654867
give,henry,1,44,904,0.0011061946902654867
give,girl,1,45,904,0.0011061946902654867
give,jodie,1,46,904,0.0011061946902654867
give,shoulda,1,47,904,0.0011061946902654867
give,somebody,1,48,904,0.0011061946902654867
give,granny,1,49,904,0.0011061946902654867
give,papa,1,50,904,0.0011061946902654867
give,mommy'll,1,51,904,0.0011061946902654867
give,margaret,1,52,904,0.0011061946902654867
give,cname,1,53,904,0.0011061946902654867
give,bowl,1,54,904,0.0011061946902654867
give,oname,1,55,904,0.0011061946902654867
give,winnie,1,56,904,0.0011061946902654867
give,carl,1,57,904,0.0011061946902654867
give,this,1,58,904,0.0011061946902654867
give,keagan,1,59,904,0.0011061946902654867
give,paddy,1,60,904,0.0011061946902654867
give,come,1,61,904,0.0011061946902654867
give,elmo,1,62,904,0.0011061946902654867
give,king,1,63,904,0.0011061946902654867
give,ross,1,64,904,0.0011061946902654867
give,rachel,1,65,904,0.0011061946902654867
give,jamie,1,66,904,0.0011061946902654867
give,toe,1,67,904,0.0011061946902654867
give,ducky,1,68,904,0.0011061946902654867
give,jane,1,69,904,0.0011061946902654867
give,lady,1,70,904,0.0011061946902654867
give,raisin,1,71,904,0.0011061946902654867
give,weener,1,72,904,0.0011061946902654867
give,it,1,73,904,0.0011061946902654867
give,megan,1,74,904,0.0011061946902654867
give,sally,1,75,904,0.0011061946902654867
give,hunhunh,1,76,904,0.0011061946902654867
give,kalie,1,77,904,0.0011061946902654867
give,cow,1,78,904,0.0011061946902654867
give,gammy,1,79,904,0.0011061946902654867
give,granddaddy,1,80,904,0.0011061946902654867
give,bunny,1,81,904,0.0011061946902654867
give,person,1,82,904,0.0011061946902654867
give,president,1,83,904,0.0011061946902654867
turn,you,358,1,878,0.40774487471526194
turn,we,115,2,878,0.13097949886104784
turn,i,111,3,878,0.1264236902050114
turn,us,66,4,878,0.07517084282460136
turn,it,59,5,878,0.06719817767653759
turn,wanna,39,6,878,0.04441913439635535
turn,daddy,13,7,878,0.014806378132118452
turn,he,12,8,878,0.01366742596810934
turn,she,11,9,878,0.012528473804100227
turn,mommy,11,10,878,0.012528473804100227
turn,they,7,11,878,0.007972665148063782
turn,mama,7,12,878,0.007972665148063782
turn,wheel,5,13,878,0.0056947608200455585
turn,travis,3,14,878,0.003416856492027335
turn,head,3,15,878,0.003416856492027335
turn,tape,2,16,878,0.002277904328018223
turn,that,2,17,878,0.002277904328018223
turn,this,2,18,878,0.002277904328018223
turn,who,2,19,878,0.002277904328018223
turn,carl,2,20,878,0.002277904328018223
turn,eyeore,2,21,878,0.002277904328018223
turn,button,2,22,878,0.002277904328018223
turn,one,2,23,878,0.002277904328018223
turn,guy,2,24,878,0.002277904328018223
turn,caterpillar,2,25,878,0.002277904328018223
turn,brittany,2,26,878,0.002277904328018223
turn,eric,1,27,878,0.0011389521640091116
turn,propeller,1,28,878,0.0011389521640091116
turn,peter,1,29,878,0.0011389521640091116
turn,water,1,30,878,0.0011389521640091116
turn,something,1,31,878,0.0011389521640091116
turn,laura,1,32,878,0.0011389521640091116
turn,chair,1,33,878,0.0011389521640091116
turn,car,1,34,878,0.0011389521640091116
turn,alex,1,35,878,0.0011389521640091116
turn,sister,1,36,878,0.0011389521640091116
turn,help,1,37,878,0.0011389521640091116
turn,kyle,1,38,878,0.0011389521640091116
turn,honey,1,39,878,0.0011389521640091116
turn,doggie,1,40,878,0.0011389521640091116
turn,jessica,1,41,878,0.0011389521640091116
turn,boy,1,42,878,0.0011389521640091116
turn,sophie,1,43,878,0.0011389521640091116
turn,mmm,1,44,878,0.0011389521640091116
turn,what,1,45,878,0.0011389521640091116
turn,tomcat,1,46,878,0.0011389521640091116
turn,cat,1,47,878,0.0011389521640091116
turn,needta,1,48,878,0.0011389521640091116
turn,somebody,1,49,878,0.0011389521640091116
turn,switch,1,50,878,0.0011389521640091116
turn,daddy'll,1,51,878,0.0011389521640091116
turn,sound,1,52,878,0.0011389521640091116
turn,tv,1,53,878,0.0011389521640091116
turn,way,1,54,878,0.0011389521640091116
turn,kalie,1,55,878,0.0011389521640091116
turn,no,1,56,878,0.0011389521640091116
turn,child,1,57,878,0.0011389521640091116
turn,puzzle,1,58,878,0.0011389521640091116
turn,h,1,59,878,0.0011389521640091116
turn,nina,1,60,878,0.0011389521640091116
turn,monkey,1,61,878,0.0011389521640091116
turn,whoop,1,62,878,0.0011389521640091116
read,you,186,1,795,0.2339622641509434
read,i,144,2,795,0.1811320754716981
read,we,142,3,795,0.17861635220125785
read,wanna,120,4,795,0.1509433962264151
read,mommy,59,5,795,0.07421383647798742
read,us,53,6,795,0.06666666666666667
read,she,10,7,795,0.012578616352201259
read,eve,10,8,795,0.012578616352201259
read,he,7,9,795,0.00880503144654088
read,judy,6,10,795,0.007547169811320755
read,mama,6,11,795,0.007547169811320755
read,mommy'll,5,12,795,0.006289308176100629
read,who,4,13,795,0.005031446540880503
read,laura,3,14,795,0.0037735849056603774
read,mom,3,15,795,0.0037735849056603774
read,needta,3,16,795,0.0037735849056603774
read,daddy,3,17,795,0.0037735849056603774
read,go,3,18,795,0.0037735849056603774
read,fraser,2,19,795,0.0025157232704402514
read,michael,2,20,795,0.0025157232704402514
read,nanny,2,21,795,0.0025157232704402514
read,they,2,22,795,0.0025157232704402514
read,nina,2,23,795,0.0025157232704402514
read,patsy,1,24,795,0.0012578616352201257
read,yours,1,25,795,0.0012578616352201257
read,newspaper,1,26,795,0.0012578616352201257
read,uncle,1,27,795,0.0012578616352201257
read,all,1,28,795,0.0012578616352201257
read,finish,1,29,795,0.0012578616352201257
read,lemme,1,30,795,0.0012578616352201257
read,sister,1,31,795,0.0012578616352201257
read,fraser'll,1,32,795,0.0012578616352201257
read,that,1,33,795,0.0012578616352201257
read,it,1,34,795,0.0012578616352201257
read,each,1,35,795,0.0012578616352201257
read,froggie,1,36,795,0.0012578616352201257
read,let,1,37,795,0.0012578616352201257
read,stepmother,1,38,795,0.0012578616352201257
read,rachel,1,39,795,0.0012578616352201257
read,mama'll,1,40,795,0.0012578616352201257
read,jill,1,41,795,0.0012578616352201257
fall,it,136,1,711,0.19127988748241911
fall,you,119,2,711,0.16736990154711673
fall,he,104,3,711,0.14627285513361463
fall,they,62,4,711,0.08720112517580872
fall,she,30,5,711,0.04219409282700422
fall,that,11,6,711,0.015471167369901548
fall,one,9,7,711,0.012658227848101266
fall,we,8,8,711,0.011251758087201125
fall,baby,8,9,711,0.011251758087201125
fall,i,7,10,711,0.009845288326300985
fall,bridge,6,11,711,0.008438818565400843
fall,chicken,6,12,711,0.008438818565400843
fall,block,5,13,711,0.007032348804500703
fall,whoop,5,14,711,0.007032348804500703
fall,egg,4,15,711,0.005625879043600563
fall,book,4,16,711,0.005625879043600563
fall,penguin,4,17,711,0.005625879043600563
fall,danny,4,18,711,0.005625879043600563
fall,what,3,19,711,0.004219409282700422
fall,man,3,20,711,0.004219409282700422
fall,h,3,21,711,0.004219409282700422
fall,this,3,22,711,0.004219409282700422
fall,stick,3,23,711,0.004219409282700422
fall,thing,3,24,711,0.004219409282700422
fall,all,3,25,711,0.004219409282700422
fall,box,3,26,711,0.004219409282700422
fall,cradle,3,27,711,0.004219409282700422
fall,op,3,28,711,0.004219409282700422
fall,horsie,3,29,711,0.004219409282700422
fall,frog,3,30,711,0.004219409282700422
fall,food,3,31,711,0.004219409282700422
fall,glass,3,32,711,0.004219409282700422
fall,nose,3,33,711,0.004219409282700422
fall,card,3,34,711,0.004219409282700422
fall,goldie,3,35,711,0.004219409282700422
fall,girl,2,36,711,0.0028129395218002813
fall,boom,2,37,711,0.0028129395218002813
fall,boy,2,38,711,0.0028129395218002813
fall,rain,2,39,711,0.0028129395218002813
fall,people,2,40,711,0.0028129395218002813
fall,microphone,2,41,711,0.0028129395218002813
fall,someone,2,42,711,0.0028129395218002813
fall,nut,2,43,711,0.0028129395218002813
fall,telephone,2,44,711,0.0028129395218002813
fall,bear,2,45,711,0.0028129395218002813
fall,cracker,2,46,711,0.0028129395218002813
fall,go,2,47,711,0.0028129395218002813
fall,uhohit,2,48,711,0.0028129395218002813
fall,cow,2,49,711,0.0028129395218002813
fall,bubble,2,50,711,0.0028129395218002813
fall,guy,2,51,711,0.0028129395218002813
fall,eye,2,52,711,0.0028129395218002813
fall,bunny,2,53,711,0.0028129395218002813
fall,semistreet,2,54,711,0.0028129395218002813
fall,bus,2,55,711,0.0028129395218002813
fall,uhoh,2,56,711,0.0028129395218002813
fall,kangaroo,2,57,711,0.0028129395218002813
fall,ball,2,58,711,0.0028129395218002813
fall,nina,2,59,711,0.0028129395218002813
fall,lady,2,60,711,0.0028129395218002813
fall,car,2,61,711,0.0028129395218002813
fall,mommy,1,62,711,0.0014064697609001407
fall,a_lot_of,1,63,711,0.0014064697609001407
fall,pant,1,64,711,0.0014064697609001407
fall,rock,1,65,711,0.0014064697609001407
fall,house'll,1,66,711,0.0014064697609001407
fall,donkey,1,67,711,0.0014064697609001407
fall,mouse,1,68,711,0.0014064697609001407
fall,seesaw,1,69,711,0.0014064697609001407
fall,truck,1,70,711,0.0014064697609001407
fall,laura,1,71,711,0.0014064697609001407
fall,ash,1,72,711,0.0014064697609001407
fall,everything,1,73,711,0.0014064697609001407
fall,hair,1,74,711,0.0014064697609001407
fall,shoe,1,75,711,0.0014064697609001407
fall,ya,1,76,711,0.0014064697609001407
fall,simba,1,77,711,0.0014064697609001407
fall,some,1,78,711,0.0014064697609001407
fall,crumb,1,79,711,0.0014064697609001407
fall,stuff,1,80,711,0.0014064697609001407
fall,yellow,1,81,711,0.0014064697609001407
fall,henry,1,82,711,0.0014064697609001407
fall,buzz,1,83,711,0.0014064697609001407
fall,useta,1,84,711,0.0014064697609001407
fall,hat,1,85,711,0.0014064697609001407
fall,head,1,86,711,0.0014064697609001407
fall,tray,1,87,711,0.0014064697609001407
fall,apple,1,88,711,0.0014064697609001407
fall,uhohthey,1,89,711,0.0014064697609001407
fall,fence,1,90,711,0.0014064697609001407
fall,uhohcup,1,91,711,0.0014064697609001407
fall,tongue,1,92,711,0.0014064697609001407
fall,fork,1,93,711,0.0014064697609001407
fall,rooster,1,94,711,0.0014064697609001407
fall,buffalo,1,95,711,0.0014064697609001407
fall,mrpotatohead,1,96,711,0.0014064697609001407
fall,headband,1,97,711,0.0014064697609001407
fall,uhohhe,1,98,711,0.0014064697609001407
fall,dog,1,99,711,0.0014064697609001407
fall,juice,1,100,711,0.0014064697609001407
fall,blanket,1,101,711,0.0014064697609001407
fall,horse,1,102,711,0.0014064697609001407
fall,elephant,1,103,711,0.0014064697609001407
fall,poohbear,1,104,711,0.0014064697609001407
fall,hippo,1,105,711,0.0014064697609001407
fall,house,1,106,711,0.0014064697609001407
fall,key,1,107,711,0.0014064697609001407
fall,clarabel,1,108,711,0.0014064697609001407
fall,terence,1,109,711,0.0014064697609001407
fall,ben,1,110,711,0.0014064697609001407
fall,caboose,1,111,711,0.0014064697609001407
fall,guide,1,112,711,0.0014064697609001407
fall,newsweek,1,113,711,0.0014064697609001407
fall,kitten,1,114,711,0.0014064697609001407
fall,system,1,115,711,0.0014064697609001407
fall,heidi,1,116,711,0.0014064697609001407
fall,tubbie,1,117,711,0.0014064697609001407
fall,blue,1,118,711,0.0014064697609001407
fall,foot,1,119,711,0.0014064697609001407
fall,sister,1,120,711,0.0014064697609001407
fall,oshka,1,121,711,0.0014064697609001407
fall,gepetto,1,122,711,0.0014064697609001407
fall,rachel,1,123,711,0.0014064697609001407
fall,nobody,1,124,711,0.0014064697609001407
fall,oh,1,125,711,0.0014064697609001407
fall,yep,1,126,711,0.0014064697609001407
fall,register,1,127,711,0.0014064697609001407
fall,everybody,1,128,711,0.0014064697609001407
fall,lid,1,129,711,0.0014064697609001407
fall,britche,1,130,711,0.0014064697609001407
fall,sandy,1,131,711,0.0014064697609001407
fall,these,1,132,711,0.0014064697609001407
fall,snow,1,133,711,0.0014064697609001407
fall,chair,1,134,711,0.0014064697609001407
fall,tower,1,135,711,0.0014064697609001407
fall,hook,1,136,711,0.0014064697609001407
fall,animal,1,137,711,0.0014064697609001407
love,i,245,1,607,0.40362438220757824
love,you,112,2,607,0.18451400329489293
love,she,78,3,607,0.128500823723229
love,he,36,4,607,0.05930807248764415
love,mommy,19,5,607,0.03130148270181219
love,jesus,17,6,607,0.02800658978583196
love,we,11,7,607,0.018121911037891267
love,baby,10,8,607,0.016474464579901153
love,danny,8,9,607,0.013179571663920923
love,they,7,10,607,0.011532125205930808
love,daddy,6,11,607,0.009884678747940691
love,sister,6,12,607,0.009884678747940691
love,who,5,13,607,0.008237232289950576
love,mama,5,14,607,0.008237232289950576
love,poohbear,5,15,607,0.008237232289950576
love,alex,3,16,607,0.004942339373970346
love,god,3,17,607,0.004942339373970346
love,some,2,18,607,0.0032948929159802307
love,kim,2,19,607,0.0032948929159802307
love,andy,2,20,607,0.0032948929159802307
love,pooh,2,21,607,0.0032948929159802307
love,nina,2,22,607,0.0032948929159802307
love,it,2,23,607,0.0032948929159802307
love,erin,2,24,607,0.0032948929159802307
love,boy,2,25,607,0.0032948929159802307
love,pepe,1,26,607,0.0016474464579901153
love,bear,1,27,607,0.0016474464579901153
love,child,1,28,607,0.0016474464579901153
love,cname,1,29,607,0.0016474464579901153
love,mm,1,30,607,0.0016474464579901153
love,ernie,1,31,607,0.0016474464579901153
love,doggy,1,32,607,0.0016474464579901153
love,love,1,33,607,0.0016474464579901153
love,hank,1,34,607,0.0016474464579901153
love,elmo,1,35,607,0.0016474464579901153
love,potatohead,1,36,607,0.0016474464579901153
love,kid,1,37,607,0.0016474464579901153
love,dabee,1,38,607,0.0016474464579901153
love,needta,1,39,607,0.0016474464579901153
love,big_bird,1,40,607,0.0016474464579901153
tell,you,287,1,582,0.49312714776632305
tell,i,168,2,582,0.28865979381443296
tell,she,19,3,582,0.03264604810996564
tell,he,14,4,582,0.024054982817869417
tell,wanna,9,5,582,0.015463917525773196
tell,we,9,6,582,0.015463917525773196
tell,they,7,7,582,0.012027491408934709
tell,it,7,8,582,0.012027491408934709
tell,bible,5,9,582,0.00859106529209622
tell,daddy,5,10,582,0.00859106529209622
tell,mama,4,11,582,0.006872852233676976
tell,god,4,12,582,0.006872852233676976
tell,somebody,3,13,582,0.005154639175257732
tell,mother,3,14,582,0.005154639175257732
tell,laura,2,15,582,0.003436426116838488
tell,us,2,16,582,0.003436426116838488
tell,mommy,2,17,582,0.003436426116838488
tell,one,2,18,582,0.003436426116838488
tell,buzz,2,19,582,0.003436426116838488
tell,stepmother,2,20,582,0.003436426116838488
tell,that,2,21,582,0.003436426116838488
tell,hadta,1,22,582,0.001718213058419244
tell,mike,1,23,582,0.001718213058419244
tell,reason,1,24,582,0.001718213058419244
tell,lot,1,25,582,0.001718213058419244
tell,ya,1,26,582,0.001718213058419244
tell,patsy,1,27,582,0.001718213058419244
tell,jwww,1,28,582,0.001718213058419244
tell,swww,1,29,582,0.001718213058419244
tell,doctor,1,30,582,0.001718213058419244
tell,who,1,31,582,0.001718213058419244
tell,andi,1,32,582,0.001718213058419244
tell,serpent,1,33,582,0.001718213058419244
tell,woody,1,34,582,0.001718213058419244
tell,shoulda,1,35,582,0.001718213058419244
tell,eve,1,36,582,0.001718213058419244
tell,obs,1,37,582,0.001718213058419244
tell,hood,1,38,582,0.001718213058419244
tell,h,1,39,582,0.001718213058419244
tell,liam,1,40,582,0.001718213058419244
tell,anybody,1,41,582,0.001718213058419244
tell,weener,1,42,582,0.001718213058419244
tell,nana,1,43,582,0.001718213058419244
tell,ernie,1,44,582,0.001718213058419244
tell,projectdirector,1,45,582,0.001718213058419244
hear,you,258,1,572,0.45104895104895104
hear,i,198,2,572,0.34615384615384615
hear,we,45,3,572,0.07867132867132867
hear,us,11,4,572,0.019230769230769232
hear,he,11,5,572,0.019230769230769232
hear,she,9,6,572,0.015734265734265736
hear,they,9,7,572,0.015734265734265736
hear,wanna,6,8,572,0.01048951048951049
hear,ya,2,9,572,0.0034965034965034965
hear,recorder,2,10,572,0.0034965034965034965
hear,jeremy,2,11,572,0.0034965034965034965
hear,andy,2,12,572,0.0034965034965034965
hear,guy,2,13,572,0.0034965034965034965
hear,brittany,2,14,572,0.0034965034965034965
hear,that,1,15,572,0.0017482517482517483
hear,elephant,1,16,572,0.0017482517482517483
hear,mama,1,17,572,0.0017482517482517483
hear,anybody,1,18,572,0.0017482517482517483
hear,dakota,1,19,572,0.0017482517482517483
hear,toy,1,20,572,0.0017482517482517483
hear,act,1,21,572,0.0017482517482517483
hear,lemme,1,22,572,0.0017482517482517483
hear,doggie,1,23,572,0.0017482517482517483
hear,cann't,1,24,572,0.0017482517482517483
hear,daddy,1,25,572,0.0017482517482517483
hear,everybody,1,26,572,0.0017482517482517483
hear,one,1,27,572,0.0017482517482517483
open,you,196,1,569,0.3444639718804921
open,it,82,2,569,0.14411247803163443
open,i,72,3,569,0.1265377855887522
open,we,68,4,569,0.1195079086115993
open,that,26,5,569,0.04569420035149385
open,wanna,19,6,569,0.033391915641476276
open,us,19,7,569,0.033391915641476276
open,this,12,8,569,0.0210896309314587
open,one,11,9,569,0.019332161687170474
open,they,9,10,569,0.015817223198594025
open,he,8,11,569,0.014059753954305799
open,lemme,7,12,569,0.012302284710017574
open,mommy,6,13,569,0.01054481546572935
open,she,3,14,569,0.005272407732864675
open,door,3,15,569,0.005272407732864675
open,daddy,3,16,569,0.005272407732864675
open,mouth,2,17,569,0.0035149384885764497
open,ya,1,18,569,0.0017574692442882249
open,box,1,19,569,0.0017574692442882249
open,egg,1,20,569,0.0017574692442882249
open,man,1,21,569,0.0017574692442882249
open,car,1,22,569,0.0017574692442882249
open,who,1,23,569,0.0017574692442882249
open,sue,1,24,569,0.0017574692442882249
open,robin,1,25,569,0.0017574692442882249
open,zipper,1,26,569,0.0017574692442882249
open,someone,1,27,569,0.0017574692442882249
open,hasta,1,28,569,0.0017574692442882249
open,woody,1,29,569,0.0017574692442882249
open,andy,1,30,569,0.0017574692442882249
open,rick,1,31,569,0.0017574692442882249
open,those,1,32,569,0.0017574692442882249
open,these,1,33,569,0.0017574692442882249
open,uhohyou,1,34,569,0.0017574692442882249
open,doggie,1,35,569,0.0017574692442882249
open,baby,1,36,569,0.0017574692442882249
open,part,1,37,569,0.0017574692442882249
open,ball,1,38,569,0.0017574692442882249
open,card,1,39,569,0.0017574692442882249
open,yours,1,40,569,0.0017574692442882249
help,i,189,1,537,0.35195530726256985
help,you,153,2,537,0.2849162011173184
help,mommy,51,3,537,0.09497206703910614
help,wanna,16,4,537,0.0297951582867784
help,it,12,5,537,0.0223463687150838
help,she,12,6,537,0.0223463687150838
help,we,9,7,537,0.01675977653631285
help,that,9,8,537,0.01675977653631285
help,daddy,9,9,537,0.01675977653631285
help,mama,9,10,537,0.01675977653631285
help,god,6,11,537,0.0111731843575419
help,lemme,5,12,537,0.00931098696461825
help,he,5,13,537,0.00931098696461825
help,us,4,14,537,0.0074487895716946
help,baby,3,15,537,0.00558659217877095
help,laura,3,16,537,0.00558659217877095
help,some,2,17,537,0.0037243947858473
help,who,2,18,537,0.0037243947858473
help,this,2,19,537,0.0037243947858473
help,mom,2,20,537,0.0037243947858473
help,go,2,21,537,0.0037243947858473
help,daddy'll,2,22,537,0.0037243947858473
help,gammy,2,23,537,0.0037243947858473
help,yo,1,24,537,0.00186219739292365
help,eric,1,25,537,0.00186219739292365
help,lois,1,26,537,0.00186219739292365
help,one,1,27,537,0.00186219739292365
help,everybody,1,28,537,0.00186219739292365
help,swww,1,29,537,0.00186219739292365
help,somebody,1,30,537,0.00186219739292365
help,nobody,1,31,537,0.00186219739292365
help,doctor,1,32,537,0.00186219739292365
help,oughta,1,33,537,0.00186219739292365
help,hasta,1,34,537,0.00186219739292365
help,window,1,35,537,0.00186219739292365
help,hafta,1,36,537,0.00186219739292365
help,henry,1,37,537,0.00186219739292365
help,sarah,1,38,537,0.00186219739292365
help,oname,1,39,537,0.00186219739292365
help,ename,1,40,537,0.00186219739292365
help,washcloth,1,41,537,0.00186219739292365
help,dad,1,42,537,0.00186219739292365
help,mama'll,1,43,537,0.00186219739292365
help,carl,1,44,537,0.00186219739292365
help,doggie,1,45,537,0.00186219739292365
help,puppet,1,46,537,0.00186219739292365
help,they,1,47,537,0.00186219739292365
help,joseph,1,48,537,0.00186219739292365
help,sister,1,49,537,0.00186219739292365
help,chi,1,50,537,0.00186219739292365
help,grandpa,1,51,537,0.00186219739292365
throw,you,309,1,521,0.5930902111324377
throw,i,59,2,521,0.11324376199616124
throw,we,39,3,521,0.07485604606525911
throw,wanna,26,4,521,0.04990403071017274
throw,rachel,11,5,521,0.02111324376199616
throw,he,10,6,521,0.019193857965451054
throw,mommy,9,7,521,0.01727447216890595
throw,us,9,8,521,0.01727447216890595
throw,she,7,9,521,0.013435700575815739
throw,no,5,10,521,0.009596928982725527
throw,it,4,11,521,0.007677543186180422
throw,they,3,12,521,0.005758157389635317
throw,one,2,13,521,0.003838771593090211
throw,jerry,2,14,521,0.003838771593090211
throw,monkey,2,15,521,0.003838771593090211
throw,travis,2,16,521,0.003838771593090211
throw,peter,1,17,521,0.0019193857965451055
throw,yep,1,18,521,0.0019193857965451055
throw,penguin,1,19,521,0.0019193857965451055
throw,mister,1,20,521,0.0019193857965451055
throw,dad,1,21,521,0.0019193857965451055
throw,hasta,1,22,521,0.0019193857965451055
throw,henry,1,23,521,0.0019193857965451055
throw,needta,1,24,521,0.0019193857965451055
throw,self,1,25,521,0.0019193857965451055
throw,what's_her_name,1,26,521,0.0019193857965451055
throw,baebae,1,27,521,0.0019193857965451055
throw,plan,1,28,521,0.0019193857965451055
throw,op,1,29,521,0.0019193857965451055
throw,keegan,1,30,521,0.0019193857965451055
throw,mama,1,31,521,0.0019193857965451055
throw,mama'll,1,32,521,0.0019193857965451055
throw,matthew,1,33,521,0.0019193857965451055
throw,jamie,1,34,521,0.0019193857965451055
throw,mommy'll,1,35,521,0.0019193857965451055
throw,liam,1,36,521,0.0019193857965451055
throw,nomi,1,37,521,0.0019193857965451055
throw,throw,1,38,521,0.0019193857965451055
hold,i,175,1,517,0.33849129593810445
hold,you,167,2,517,0.3230174081237911
hold,mommy,32,3,517,0.061895551257253385
hold,she,22,4,517,0.0425531914893617
hold,he,18,5,517,0.03481624758220503
hold,wanna,15,6,517,0.029013539651837523
hold,we,10,7,517,0.019342359767891684
hold,that,8,8,517,0.015473887814313346
hold,they,7,9,517,0.013539651837524178
hold,mommy'll,5,10,517,0.009671179883945842
hold,girl,5,11,517,0.009671179883945842
hold,mama,4,12,517,0.007736943907156673
hold,it,4,13,517,0.007736943907156673
hold,lemme,3,14,517,0.005802707930367505
hold,baby,3,15,517,0.005802707930367505
hold,pinocchio,3,16,517,0.005802707930367505
hold,rabbit,3,17,517,0.005802707930367505
hold,mummy,2,18,517,0.0038684719535783366
hold,who,2,19,517,0.0038684719535783366
hold,us,2,20,517,0.0038684719535783366
hold,daddy,2,21,517,0.0038684719535783366
hold,elaina,2,22,517,0.0038684719535783366
hold,mom,2,23,517,0.0038684719535783366
hold,smurf,2,24,517,0.0038684719535783366
hold,everybody,2,25,517,0.0038684719535783366
hold,man,2,26,517,0.0038684719535783366
hold,boy,2,27,517,0.0038684719535783366
hold,ya,1,28,517,0.0019342359767891683
hold,laura,1,29,517,0.0019342359767891683
hold,piglet,1,30,517,0.0019342359767891683
hold,op,1,31,517,0.0019342359767891683
hold,bumpity,1,32,517,0.0019342359767891683
hold,lady,1,33,517,0.0019342359767891683
hold,elephant,1,34,517,0.0019342359767891683
hold,one,1,35,517,0.0019342359767891683
hold,sandy,1,36,517,0.0019342359767891683
hold,hasta,1,37,517,0.0019342359767891683
hold,kitty,1,38,517,0.0019342359767891683
hold,hand,1,39,517,0.0019342359767891683
hold,hook,1,40,517,0.0019342359767891683
show,you,204,1,484,0.4214876033057851
show,i,162,2,484,0.3347107438016529
show,mommy,23,3,484,0.047520661157024795
show,wanna,16,4,484,0.03305785123966942
show,us,9,5,484,0.01859504132231405
show,he,8,6,484,0.01652892561983471
show,we,7,7,484,0.014462809917355372
show,it,6,8,484,0.012396694214876033
show,mama,5,9,484,0.010330578512396695
show,lemme,4,10,484,0.008264462809917356
show,that,4,11,484,0.008264462809917356
show,life,4,12,484,0.008264462809917356
show,she,3,13,484,0.006198347107438017
show,face,3,14,484,0.006198347107438017
show,they,2,15,484,0.004132231404958678
show,eve,2,16,484,0.004132231404958678
show,mother,1,17,484,0.002066115702479339
show,eric,1,18,484,0.002066115702479339
show,beard,1,19,484,0.002066115702479339
show,uhhuh,1,20,484,0.002066115702479339
show,recorder,1,21,484,0.002066115702479339
show,mummy,1,22,484,0.002066115702479339
show,decibel,1,23,484,0.002066115702479339
show,something,1,24,484,0.002066115702479339
show,dad,1,25,484,0.002066115702479339
show,doggie,1,26,484,0.002066115702479339
show,emma,1,27,484,0.002066115702479339
show,girlfriend,1,28,484,0.002066115702479339
show,sydney,1,29,484,0.002066115702479339
show,brandon,1,30,484,0.002066115702479339
show,water,1,31,484,0.002066115702479339
show,rebecca,1,32,484,0.002066115702479339
show,teacher,1,33,484,0.002066115702479339
show,stromboli,1,34,484,0.002066115702479339
show,ema,1,35,484,0.002066115702479339
show,mom'll,1,36,484,0.002066115702479339
show,tree,1,37,484,0.002066115702479339
show,tower,1,38,484,0.002066115702479339
happen,what,394,1,465,0.8473118279569892
happen,that,36,2,465,0.07741935483870968
happen,it,13,3,465,0.02795698924731183
happen,something,6,4,465,0.012903225806451613
happen,nothing,3,5,465,0.0064516129032258064
happen,thing,3,6,465,0.0064516129032258064
happen,this,2,7,465,0.004301075268817204
happen,which,2,8,465,0.004301075268817204
happen,more,1,9,465,0.002150537634408602
happen,i,1,10,465,0.002150537634408602
happen,who,1,11,465,0.002150537634408602
happen,go,1,12,465,0.002150537634408602
happen,we,1,13,465,0.002150537634408602
happen,anything,1,14,465,0.002150537634408602
talk,you,186,1,445,0.41797752808988764
talk,we,48,2,445,0.10786516853932585
talk,i,46,3,445,0.10337078651685393
talk,he,45,4,445,0.10112359550561797
talk,she,41,5,445,0.09213483146067415
talk,wanna,19,6,445,0.04269662921348315
talk,it,7,7,445,0.015730337078651686
talk,they,5,8,445,0.011235955056179775
talk,who,4,9,445,0.008988764044943821
talk,ya,3,10,445,0.006741573033707865
talk,somebody,3,11,445,0.006741573033707865
talk,laura,3,12,445,0.006741573033707865
talk,mwww,3,13,445,0.006741573033707865
talk,boy,2,14,445,0.0044943820224719105
talk,us,2,15,445,0.0044943820224719105
talk,mommy,2,16,445,0.0044943820224719105
talk,bunny,2,17,445,0.0044943820224719105
talk,ross,2,18,445,0.0044943820224719105
talk,lady,2,19,445,0.0044943820224719105
talk,man,1,20,445,0.0022471910112359553
talk,recorder,1,21,445,0.0022471910112359553
talk,cream,1,22,445,0.0022471910112359553
talk,ourselves,1,23,445,0.0022471910112359553
talk,monkey,1,24,445,0.0022471910112359553
talk,mama,1,25,445,0.0022471910112359553
talk,jason,1,26,445,0.0022471910112359553
talk,this,1,27,445,0.0022471910112359553
talk,andreas,1,28,445,0.0022471910112359553
talk,anybody,1,29,445,0.0022471910112359553
talk,nobody,1,30,445,0.0022471910112359553
talk,don,1,31,445,0.0022471910112359553
talk,melissa,1,32,445,0.0022471910112359553
talk,brittany,1,33,445,0.0022471910112359553
talk,bert,1,34,445,0.0022471910112359553
talk,nomi,1,35,445,0.0022471910112359553
talk,guy,1,36,445,0.0022471910112359553
talk,rabbit,1,37,445,0.0022471910112359553
talk,dinosaur,1,38,445,0.0022471910112359553
talk,daddy,1,39,445,0.0022471910112359553
pick,you,126,1,443,0.28442437923250563
pick,i,88,2,443,0.1986455981941309
pick,she,58,3,443,0.1309255079006772
pick,he,46,4,443,0.1038374717832957
pick,we,23,5,443,0.05191873589164785
pick,us,20,6,443,0.045146726862302484
pick,piper,19,7,443,0.04288939051918736
pick,daddy,10,8,443,0.022573363431151242
pick,mommy,9,9,443,0.020316027088036117
pick,peck,5,10,443,0.011286681715575621
pick,mwww,3,11,443,0.006772009029345372
pick,they,3,12,443,0.006772009029345372
pick,mama,3,13,443,0.006772009029345372
pick,peter_piper,3,14,443,0.006772009029345372
pick,it,2,15,443,0.004514672686230248
pick,ernie,2,16,443,0.004514672686230248
pick,wanna,2,17,443,0.004514672686230248
pick,that,2,18,443,0.004514672686230248
pick,mother,1,19,443,0.002257336343115124
pick,marie,1,20,443,0.002257336343115124
pick,daddy'll,1,21,443,0.002257336343115124
pick,swww,1,22,443,0.002257336343115124
pick,lemme,1,23,443,0.002257336343115124
pick,man,1,24,443,0.002257336343115124
pick,baby,1,25,443,0.002257336343115124
pick,hasta,1,26,443,0.002257336343115124
pick,doggie,1,27,443,0.002257336343115124
pick,the,1,28,443,0.002257336343115124
pick,kid,1,29,443,0.002257336343115124
pick,tong,1,30,443,0.002257336343115124
pick,who,1,31,443,0.002257336343115124
pick,girl,1,32,443,0.002257336343115124
pick,travis,1,33,443,0.002257336343115124
pick,old,1,34,443,0.002257336343115124
pick,sister,1,35,443,0.002257336343115124
pick,let,1,36,443,0.002257336343115124
pick,machine,1,37,443,0.002257336343115124
fit,it,138,1,439,0.3143507972665148
fit,they,52,2,439,0.11845102505694761
fit,that,47,3,439,0.1070615034168565
fit,he,40,4,439,0.09111617312072894
fit,you,29,5,439,0.06605922551252848
fit,one,15,6,439,0.03416856492027335
fit,she,10,7,439,0.022779043280182234
fit,this,9,8,439,0.02050113895216401
fit,chicken,6,9,439,0.01366742596810934
fit,tractor,5,10,439,0.011389521640091117
fit,lid,5,11,439,0.011389521640091117
fit,we,4,12,439,0.009111617312072893
fit,those,3,13,439,0.00683371298405467
fit,i,3,14,439,0.00683371298405467
fit,who,3,15,439,0.00683371298405467
fit,nina,3,16,439,0.00683371298405467
fit,cow,3,17,439,0.00683371298405467
fit,giraffe,3,18,439,0.00683371298405467
fit,car,2,19,439,0.004555808656036446
fit,wheel,2,20,439,0.004555808656036446
fit,mommy,2,21,439,0.004555808656036446
fit,baby,2,22,439,0.004555808656036446
fit,eye,2,23,439,0.004555808656036446
fit,what,2,24,439,0.004555808656036446
fit,danny,2,25,439,0.004555808656036446
fit,op,2,26,439,0.004555808656036446
fit,ear,2,27,439,0.004555808656036446
fit,glass,2,28,439,0.004555808656036446
fit,butterfly,2,29,439,0.004555808656036446
fit,apple,2,30,439,0.004555808656036446
fit,house,2,31,439,0.004555808656036446
fit,people,2,32,439,0.004555808656036446
fit,hippo,2,33,439,0.004555808656036446
fit,block,1,34,439,0.002277904328018223
fit,someone,1,35,439,0.002277904328018223
fit,whoop,1,36,439,0.002277904328018223
fit,egg,1,37,439,0.002277904328018223
fit,bottle,1,38,439,0.002277904328018223
fit,book,1,39,439,0.002277904328018223
fit,hand,1,40,439,0.002277904328018223
fit,thing,1,41,439,0.002277904328018223
fit,one'll,1,42,439,0.002277904328018223
fit,these,1,43,439,0.002277904328018223
fit,soap,1,44,439,0.002277904328018223
fit,plate,1,45,439,0.002277904328018223
fit,nose,1,46,439,0.002277904328018223
fit,silo,1,47,439,0.002277904328018223
fit,goat,1,48,439,0.002277904328018223
fit,track,1,49,439,0.002277904328018223
fit,uhohit,1,50,439,0.002277904328018223
fit,sheep,1,51,439,0.002277904328018223
fit,arm,1,52,439,0.002277904328018223
fit,hippopotamus,1,53,439,0.002277904328018223
fit,animal,1,54,439,0.002277904328018223
fit,elephant,1,55,439,0.002277904328018223
fit,duck,1,56,439,0.002277904328018223
fit,diaper,1,57,439,0.002277904328018223
fit,money,1,58,439,0.002277904328018223
fit,stewardess,1,59,439,0.002277904328018223
fit,man,1,60,439,0.002277904328018223
fit,much,1,61,439,0.002277904328018223
fit,gonzo,1,62,439,0.002277904328018223
fit,cat,1,63,439,0.002277904328018223
fit,any,1,64,439,0.002277904328018223
draw,you,177,1,415,0.42650602409638555
draw,i,100,2,415,0.24096385542168675
draw,wanna,32,3,415,0.07710843373493977
draw,we,23,4,415,0.05542168674698795
draw,mommy,23,5,415,0.05542168674698795
draw,us,16,6,415,0.03855421686746988
draw,mama,11,7,415,0.02650602409638554
draw,he,5,8,415,0.012048192771084338
draw,rachel,4,9,415,0.00963855421686747
draw,nomi,3,10,415,0.007228915662650603
draw,no,2,11,415,0.004819277108433735
draw,who,2,12,415,0.004819277108433735
draw,cann't,2,13,415,0.004819277108433735
draw,this,2,14,415,0.004819277108433735
draw,benjamin,2,15,415,0.004819277108433735
draw,somebody,2,16,415,0.004819277108433735
draw,grandmother,1,17,415,0.0024096385542168677
draw,andrew,1,18,415,0.0024096385542168677
draw,they,1,19,415,0.0024096385542168677
draw,thing,1,20,415,0.0024096385542168677
draw,mommy'll,1,21,415,0.0024096385542168677
draw,ya,1,22,415,0.0024096385542168677
draw,sally,1,23,415,0.0024096385542168677
draw,brittany,1,24,415,0.0024096385542168677
draw,it,1,25,415,0.0024096385542168677
mean,i,139,1,370,0.37567567567567567
mean,that,98,2,370,0.2648648648648649
mean,you,62,3,370,0.16756756756756758
mean,it,20,4,370,0.05405405405405406
mean,she,9,5,370,0.024324324324324326
mean,he,6,6,370,0.016216216216216217
mean,word,5,7,370,0.013513513513513514
mean,they,3,8,370,0.008108108108108109
mean,we,2,9,370,0.005405405405405406
mean,which,2,10,370,0.005405405405405406
mean,no,2,11,370,0.005405405405405406
mean,this,2,12,370,0.005405405405405406
mean,tikatika,2,13,370,0.005405405405405406
mean,chih,2,14,370,0.005405405405405406
mean,nggo,2,15,370,0.005405405405405406
mean,kaktur,1,16,370,0.002702702702702703
mean,uhvi,1,17,370,0.002702702702702703
mean,ciao,1,18,370,0.002702702702702703
mean,heart,1,19,370,0.002702702702702703
mean,tight,1,20,370,0.002702702702702703
mean,so_that,1,21,370,0.002702702702702703
mean,noise,1,22,370,0.002702702702702703
mean,shoe,1,23,370,0.002702702702702703
mean,poppop,1,24,370,0.002702702702702703
mean,choo,1,25,370,0.002702702702702703
mean,puddy,1,26,370,0.002702702702702703
mean,nuff,1,27,370,0.002702702702702703
mean,ehe,1,28,370,0.002702702702702703
mean,horse,1,29,370,0.002702702702702703
can,you,193,1,361,0.5346260387811634
can,i,62,2,361,0.17174515235457063
can,we,26,3,361,0.07202216066481995
can,she,18,4,361,0.04986149584487535
can,he,13,5,361,0.036011080332409975
can,garbage,6,6,361,0.01662049861495845
can,they,5,7,361,0.013850415512465374
can,it,4,8,361,0.0110803324099723
can,+,4,9,361,0.0110803324099723
can,ya,2,10,361,0.00554016620498615
can,what,2,11,361,0.00554016620498615
can,milk,1,12,361,0.002770083102493075
can,this,1,13,361,0.002770083102493075
can,laura,1,14,361,0.002770083102493075
can,joanna,1,15,361,0.002770083102493075
can,mommy,1,16,361,0.002770083102493075
can,water,1,17,361,0.002770083102493075
can,watering,1,18,361,0.002770083102493075
can,daddy,1,19,361,0.002770083102493075
can,matthew,1,20,361,0.002770083102493075
can,brown,1,21,361,0.002770083102493075
can,sockie,1,22,361,0.002770083102493075
can,p,1,23,361,0.002770083102493075
can,papa,1,24,361,0.002770083102493075
can,tinkertoy,1,25,361,0.002770083102493075
can,farmer,1,26,361,0.002770083102493075
can,baby,1,27,361,0.002770083102493075
can,dish,1,28,361,0.002770083102493075
can,elephant,1,29,361,0.002770083102493075
can,guy,1,30,361,0.002770083102493075
can,that,1,31,361,0.002770083102493075
can,mom,1,32,361,0.002770083102493075
can,nobody,1,33,361,0.002770083102493075
can,coke,1,34,361,0.002770083102493075
can,sally,1,35,361,0.002770083102493075
can,brittany,1,36,361,0.002770083102493075
can,hopper,1,37,361,0.002770083102493075
push,you,223,1,359,0.6211699164345403
push,i,38,2,359,0.10584958217270195
push,we,17,3,359,0.04735376044568245
push,us,15,4,359,0.04178272980501393
push,wanna,11,5,359,0.03064066852367688
push,he,7,6,359,0.019498607242339833
push,duck,7,7,359,0.019498607242339833
push,daddy,3,8,359,0.008356545961002786
push,button,3,9,359,0.008356545961002786
push,it,2,10,359,0.005571030640668524
push,squirrel,2,11,359,0.005571030640668524
push,boat,2,12,359,0.005571030640668524
push,oname,2,13,359,0.005571030640668524
push,mommy,2,14,359,0.005571030640668524
push,jamie,2,15,359,0.005571030640668524
push,she,2,16,359,0.005571030640668524
push,they,2,17,359,0.005571030640668524
push,awoh,1,18,359,0.002785515320334262
push,what,1,19,359,0.002785515320334262
push,wave,1,20,359,0.002785515320334262
push,cupcake,1,21,359,0.002785515320334262
push,papa,1,22,359,0.002785515320334262
push,daniel,1,23,359,0.002785515320334262
push,mommy'll,1,24,359,0.002785515320334262
push,jimmy,1,25,359,0.002785515320334262
push,daddy'll,1,26,359,0.002785515320334262
push,mash,1,27,359,0.002785515320334262
push,sally,1,28,359,0.002785515320334262
push,hunhunh,1,29,359,0.002785515320334262
push,nomi,1,30,359,0.002785515320334262
push,thing,1,31,359,0.002785515320334262
push,rabbit,1,32,359,0.002785515320334262
push,one,1,33,359,0.002785515320334262
push,mom,1,34,359,0.002785515320334262
push,who,1,35,359,0.002785515320334262
push,broom,1,36,359,0.002785515320334262
remember,you,232,1,341,0.6803519061583577
remember,i,73,2,341,0.21407624633431085
remember,she,10,3,341,0.02932551319648094
remember,he,6,4,341,0.017595307917888565
remember,mommy,2,5,341,0.005865102639296188
remember,ya,1,6,341,0.002932551319648094
remember,we,1,7,341,0.002932551319648094
remember,it,1,8,341,0.002932551319648094
remember,paddy,1,9,341,0.002932551319648094
remember,piggy,1,10,341,0.002932551319648094
remember,puppy,1,11,341,0.002932551319648094
remember,herself,1,12,341,0.002932551319648094
remember,figaro,1,13,341,0.002932551319648094
remember,crying,1,14,341,0.002932551319648094
remember,tonight,1,15,341,0.002932551319648094
remember,fritzy,1,16,341,0.002932551319648094
remember,jamie,1,17,341,0.002932551319648094
remember,nobody,1,18,341,0.002932551319648094
remember,daddy,1,19,341,0.002932551319648094
remember,kalie,1,20,341,0.002932551319648094
remember,some,1,21,341,0.002932551319648094
remember,nomi,1,22,341,0.002932551319648094
remember,color,1,23,341,0.002932551319648094
cook,you,146,1,338,0.4319526627218935
cook,we,69,2,338,0.20414201183431951
cook,wanna,40,3,338,0.11834319526627218
cook,it,19,4,338,0.05621301775147929
cook,us,15,5,338,0.04437869822485207
cook,i,13,6,338,0.038461538461538464
cook,they,9,7,338,0.026627218934911243
cook,mommy,5,8,338,0.014792899408284023
cook,mama,4,9,338,0.011834319526627219
cook,what,2,10,338,0.005917159763313609
cook,who,2,11,338,0.005917159763313609
cook,she,2,12,338,0.005917159763313609
cook,he,2,13,338,0.005917159763313609
cook,piece,1,14,338,0.0029585798816568047
cook,toast,1,15,338,0.0029585798816568047
cook,booboo,1,16,338,0.0029585798816568047
cook,apple,1,17,338,0.0029585798816568047
cook,job,1,18,338,0.0029585798816568047
cook,that,1,19,338,0.0029585798816568047
cook,somebody,1,20,338,0.0029585798816568047
cook,someone,1,21,338,0.0029585798816568047
cook,madison,1,22,338,0.0029585798816568047
cook,matthew,1,23,338,0.0029585798816568047
call,you,88,1,331,0.26586102719033233
call,she,47,2,331,0.1419939577039275
call,we,40,3,331,0.12084592145015106
call,i,38,4,331,0.1148036253776435
call,he,30,5,331,0.09063444108761329
call,us,15,6,331,0.045317220543806644
call,mommy,13,7,331,0.03927492447129909
call,they,13,8,331,0.03927492447129909
call,wanna,5,9,331,0.015105740181268883
call,who,5,10,331,0.015105740181268883
call,ya,3,11,331,0.00906344410876133
call,animal,3,12,331,0.00906344410876133
call,daddy,2,13,331,0.006042296072507553
call,mother,2,14,331,0.006042296072507553
call,needta,2,15,331,0.006042296072507553
call,someone,2,16,331,0.006042296072507553
call,dada,1,17,331,0.0030211480362537764
call,grandma,1,18,331,0.0030211480362537764
call,father,1,19,331,0.0030211480362537764
call,kid,1,20,331,0.0030211480362537764
call,anyone,1,21,331,0.0030211480362537764
call,laura,1,22,331,0.0030211480362537764
call,mickey,1,23,331,0.0030211480362537764
call,quack,1,24,331,0.0030211480362537764
call,lemme,1,25,331,0.0030211480362537764
call,pokemon,1,26,331,0.0030211480362537764
call,hello,1,27,331,0.0030211480362537764
call,people,1,28,331,0.0030211480362537764
call,elmo,1,29,331,0.0030211480362537764
call,grandpa,1,30,331,0.0030211480362537764
call,god,1,31,331,0.0030211480362537764
call,dad,1,32,331,0.0030211480362537764
call,house,1,33,331,0.0030211480362537764
call,cody,1,34,331,0.0030211480362537764
call,whitey,1,35,331,0.0030211480362537764
call,literature,1,36,331,0.0030211480362537764
call,granma,1,37,331,0.0030211480362537764
call,that,1,38,331,0.0030211480362537764
call,cat,1,39,331,0.0030211480362537764
use,you,112,1,329,0.3404255319148936
use,we,58,2,329,0.1762917933130699
use,she,34,3,329,0.1033434650455927
use,i,29,4,329,0.08814589665653495
use,he,22,5,329,0.0668693009118541
use,wanna,13,6,329,0.03951367781155015
use,mommy,9,7,329,0.02735562310030395
use,they,9,8,329,0.02735562310030395
use,daddy,7,9,329,0.02127659574468085
use,us,4,10,329,0.0121580547112462
use,mom,3,11,329,0.00911854103343465
use,catherine,3,12,329,0.00911854103343465
use,jeremy,2,13,329,0.0060790273556231
use,fraser,2,14,329,0.0060790273556231
use,that,2,15,329,0.0060790273556231
use,dog,1,16,329,0.00303951367781155
use,lady,1,17,329,0.00303951367781155
use,pepe,1,18,329,0.00303951367781155
use,jwww,1,19,329,0.00303951367781155
use,cat,1,20,329,0.00303951367781155
use,laura,1,21,329,0.00303951367781155
use,poppy,1,22,329,0.00303951367781155
use,it,1,23,329,0.00303951367781155
use,people,1,24,329,0.00303951367781155
use,cromer,1,25,329,0.00303951367781155
use,oname,1,26,329,0.00303951367781155
use,nathaniel,1,27,329,0.00303951367781155
use,caterpillar,1,28,329,0.00303951367781155
use,baby,1,29,329,0.00303951367781155
use,ross,1,30,329,0.00303951367781155
use,mama,1,31,329,0.00303951367781155
use,color,1,32,329,0.00303951367781155
use,husband,1,33,329,0.00303951367781155
use,needta,1,34,329,0.00303951367781155
use,momma,1,35,329,0.00303951367781155
bring,you,99,1,327,0.30275229357798167
bring,i,76,2,327,0.2324159021406728
bring,we,36,3,327,0.11009174311926606
bring,us,30,4,327,0.09174311926605505
bring,she,18,5,327,0.05504587155963303
bring,he,13,6,327,0.039755351681957186
bring,wanna,9,7,327,0.027522935779816515
bring,they,6,8,327,0.01834862385321101
bring,it,4,9,327,0.012232415902140673
bring,somebody,2,10,327,0.0061162079510703364
bring,mommy,2,11,327,0.0061162079510703364
bring,daddy,2,12,327,0.0061162079510703364
bring,anything,1,13,327,0.0030581039755351682
bring,people,1,14,327,0.0030581039755351682
bring,laura,1,15,327,0.0030581039755351682
bring,noah,1,16,327,0.0030581039755351682
bring,linda,1,17,327,0.0030581039755351682
bring,honey,1,18,327,0.0030581039755351682
bring,wish,1,19,327,0.0030581039755351682
bring,andy,1,20,327,0.0030581039755351682
bring,sister,1,21,327,0.0030581039755351682
bring,lemme,1,22,327,0.0030581039755351682
bring,mailman,1,23,327,0.0030581039755351682
bring,cromer,1,24,327,0.0030581039755351682
bring,santa,1,25,327,0.0030581039755351682
bring,farmer,1,26,327,0.0030581039755351682
bring,doggie,1,27,327,0.0030581039755351682
bring,brother,1,28,327,0.0030581039755351682
bring,woofwoof,1,29,327,0.0030581039755351682
bring,carl,1,30,327,0.0030581039755351682
bring,isaiah,1,31,327,0.0030581039755351682
bring,lady,1,32,327,0.0030581039755351682
bring,mama,1,33,327,0.0030581039755351682
bring,mishayla,1,34,327,0.0030581039755351682
bring,laurie,1,35,327,0.0030581039755351682
bring,someone,1,36,327,0.0030581039755351682
bring,bryan,1,37,327,0.0030581039755351682
bring,whoa,1,38,327,0.0030581039755351682
bring,joseph,1,39,327,0.0030581039755351682
bring,one,1,40,327,0.0030581039755351682
bring,thunderstorm,1,41,327,0.0030581039755351682
bring,investigator,1,42,327,0.0030581039755351682
stay,you,112,1,327,0.3425076452599388
stay,he,36,2,327,0.11009174311926606
stay,it,34,3,327,0.10397553516819572
stay,we,24,4,327,0.07339449541284404
stay,they,16,5,327,0.04892966360856269
stay,that,13,6,327,0.039755351681957186
stay,us,10,7,327,0.03058103975535168
stay,piggy,9,8,327,0.027522935779816515
stay,i,8,9,327,0.024464831804281346
stay,one,7,10,327,0.021406727828746176
stay,hasta,5,11,327,0.01529051987767584
stay,she,3,12,327,0.009174311926605505
stay,glass,3,13,327,0.009174311926605505
stay,laura,2,14,327,0.0061162079510703364
stay,little,2,15,327,0.0061162079510703364
stay,microphone,2,16,327,0.0061162079510703364
stay,animal,2,17,327,0.0061162079510703364
stay,those,2,18,327,0.0061162079510703364
stay,guy,2,19,327,0.0061162079510703364
stay,piggie,2,20,327,0.0061162079510703364
stay,eat,2,21,327,0.0061162079510703364
stay,dog,2,22,327,0.0061162079510703364
stay,door,1,23,327,0.0030581039755351682
stay,cat,1,24,327,0.0030581039755351682
stay,kwww,1,25,327,0.0030581039755351682
stay,nwww,1,26,327,0.0030581039755351682
stay,bowl,1,27,327,0.0030581039755351682
stay,nala,1,28,327,0.0030581039755351682
stay,doggie,1,29,327,0.0030581039755351682
stay,binkie,1,30,327,0.0030581039755351682
stay,stuff,1,31,327,0.0030581039755351682
stay,rabbit,1,32,327,0.0030581039755351682
stay,thing,1,33,327,0.0030581039755351682
stay,sink,1,34,327,0.0030581039755351682
stay,ducky,1,35,327,0.0030581039755351682
stay,pig,1,36,327,0.0030581039755351682
stay,cassie,1,37,327,0.0030581039755351682
stay,noah,1,38,327,0.0030581039755351682
stay,brother,1,39,327,0.0030581039755351682
stay,froggie,1,40,327,0.0030581039755351682
stay,chris,1,41,327,0.0030581039755351682
stay,mommy'll,1,42,327,0.0030581039755351682
stay,whoop,1,43,327,0.0030581039755351682
stay,johnnie,1,44,327,0.0030581039755351682
stay,eye,1,45,327,0.0030581039755351682
stay,girl,1,46,327,0.0030581039755351682
stay,what,1,47,327,0.0030581039755351682
stay,kalie,1,48,327,0.0030581039755351682
stay,this,1,49,327,0.0030581039755351682
stay,hadta,1,50,327,0.0030581039755351682
stay,ya,1,51,327,0.0030581039755351682
blow,you,158,1,322,0.4906832298136646
blow,i,52,2,322,0.16149068322981366
blow,we,18,3,322,0.055900621118012424
blow,daddy,14,4,322,0.043478260869565216
blow,he,11,5,322,0.034161490683229816
blow,wind,10,6,322,0.031055900621118012
blow,mommy,9,7,322,0.027950310559006212
blow,us,7,8,322,0.021739130434782608
blow,lion,7,9,322,0.021739130434782608
blow,elephant,7,10,322,0.021739130434782608
blow,it,3,11,322,0.009316770186335404
blow,monkey,3,12,322,0.009316770186335404
blow,breeze,2,13,322,0.006211180124223602
blow,cname,2,14,322,0.006211180124223602
blow,sheep,2,15,322,0.006211180124223602
blow,winnie,2,16,322,0.006211180124223602
blow,horn,2,17,322,0.006211180124223602
blow,brody,1,18,322,0.003105590062111801
blow,leaf,1,19,322,0.003105590062111801
blow,who,1,20,322,0.003105590062111801
blow,mama,1,21,322,0.003105590062111801
blow,chicken,1,22,322,0.003105590062111801
blow,they,1,23,322,0.003105590062111801
blow,mommy'll,1,24,322,0.003105590062111801
blow,wanna,1,25,322,0.003105590062111801
blow,that,1,26,322,0.003105590062111801
blow,sally,1,27,322,0.003105590062111801
blow,tree,1,28,322,0.003105590062111801
blow,hasta,1,29,322,0.003105590062111801
blow,hat,1,30,322,0.003105590062111801
let,you,81,1,315,0.2571428571428571
let,i,58,2,315,0.18412698412698414
let,we,37,3,315,0.11746031746031746
let,us,24,4,315,0.0761904761904762
let,it,10,5,315,0.031746031746031744
let,mommy,6,6,315,0.01904761904761905
let,h,6,7,315,0.01904761904761905
let,op,6,8,315,0.01904761904761905
let,she,4,9,315,0.012698412698412698
let,he,4,10,315,0.012698412698412698
let,that,4,11,315,0.012698412698412698
let,one,3,12,315,0.009523809523809525
let,daddy,3,13,315,0.009523809523809525
let,+,3,14,315,0.009523809523809525
let,honey,3,15,315,0.009523809523809525
let,wanna,2,16,315,0.006349206349206349
let,beep,2,17,315,0.006349206349206349
let,brandon,2,18,315,0.006349206349206349
let,what,2,19,315,0.006349206349206349
let,kiana,2,20,315,0.006349206349206349
let,matthew,2,21,315,0.006349206349206349
let,on_the_farm,2,22,315,0.006349206349206349
let,mama,2,23,315,0.006349206349206349
let,sally,2,24,315,0.006349206349206349
let,salley,2,25,315,0.006349206349206349
let,travis,2,26,315,0.006349206349206349
let,whoop,1,27,315,0.0031746031746031746
let,key,1,28,315,0.0031746031746031746
let,kind,1,29,315,0.0031746031746031746
let,hello,1,30,315,0.0031746031746031746
let,car,1,31,315,0.0031746031746031746
let,eric,1,32,315,0.0031746031746031746
let,trainman,1,33,315,0.0031746031746031746
let,paper,1,34,315,0.0031746031746031746
let,this,1,35,315,0.0031746031746031746
let,everybody,1,36,315,0.0031746031746031746
let,they,1,37,315,0.0031746031746031746
let,kitty,1,38,315,0.0031746031746031746
let,eve,1,39,315,0.0031746031746031746
let,no,1,40,315,0.0031746031746031746
let,mmm,1,41,315,0.0031746031746031746
let,meagan,1,42,315,0.0031746031746031746
let,kayla,1,43,315,0.0031746031746031746
let,brittney,1,44,315,0.0031746031746031746
let,mom,1,45,315,0.0031746031746031746
let,grandpa,1,46,315,0.0031746031746031746
let,//.,1,47,315,0.0031746031746031746
let,stefan,1,48,315,0.0031746031746031746
let,girl,1,49,315,0.0031746031746031746
let,yeh,1,50,315,0.0031746031746031746
let,ross,1,51,315,0.0031746031746031746
let,laurie,1,52,315,0.0031746031746031746
let,jane,1,53,315,0.0031746031746031746
let,nathan,1,54,315,0.0031746031746031746
let,grandma,1,55,315,0.0031746031746031746
let,liam,1,56,315,0.0031746031746031746
let,symphony,1,57,315,0.0031746031746031746
let,megan,1,58,315,0.0031746031746031746
let,brittany,1,59,315,0.0031746031746031746
let,page,1,60,315,0.0031746031746031746
let,a,1,61,315,0.0031746031746031746
let,nomi,1,62,315,0.0031746031746031746
let,w,1,63,315,0.0031746031746031746
let,nina,1,64,315,0.0031746031746031746
let,lion,1,65,315,0.0031746031746031746
let,fi,1,66,315,0.0031746031746031746
let,rro,1,67,315,0.0031746031746031746
leave,you,85,1,308,0.275974025974026
leave,we,74,2,308,0.24025974025974026
leave,i,41,3,308,0.1331168831168831
leave,us,22,4,308,0.07142857142857142
leave,she,13,5,308,0.04220779220779221
leave,he,11,6,308,0.03571428571428571
leave,daddy,11,7,308,0.03571428571428571
leave,mommy,9,8,308,0.02922077922077922
leave,foot,9,9,308,0.02922077922077922
leave,they,5,10,308,0.016233766233766232
leave,who,2,11,308,0.006493506493506494
leave,wanna,2,12,308,0.006493506493506494
leave,jane,2,13,308,0.006493506493506494
leave,juice,1,14,308,0.003246753246753247
leave,laura,1,15,308,0.003246753246753247
leave,honey,1,16,308,0.003246753246753247
leave,two,1,17,308,0.003246753246753247
leave,jacob,1,18,308,0.003246753246753247
leave,needta,1,19,308,0.003246753246753247
leave,steve,1,20,308,0.003246753246753247
leave,somebody,1,21,308,0.003246753246753247
leave,piece,1,22,308,0.003246753246753247
leave,hadta,1,23,308,0.003246753246753247
leave,pat,1,24,308,0.003246753246753247
leave,cromer,1,25,308,0.003246753246753247
leave,nobody,1,26,308,0.003246753246753247
leave,cow,1,27,308,0.003246753246753247
leave,michael,1,28,308,0.003246753246753247
leave,page,1,29,308,0.003246753246753247
leave,cook,1,30,308,0.003246753246753247
leave,katie,1,31,308,0.003246753246753247
leave,liam,1,32,308,0.003246753246753247
leave,adi,1,33,308,0.003246753246753247
leave,rachel,1,34,308,0.003246753246753247
leave,mama,1,35,308,0.003246753246753247
move,you,79,1,308,0.2564935064935065
move,i,45,2,308,0.1461038961038961
move,we,34,3,308,0.11038961038961038
move,it,30,4,308,0.09740259740259741
move,us,25,5,308,0.08116883116883117
move,he,20,6,308,0.06493506493506493
move,mommy,8,7,308,0.025974025974025976
move,they,7,8,308,0.022727272727272728
move,eye,7,9,308,0.022727272727272728
move,head,5,10,308,0.016233766233766232
move,she,5,11,308,0.016233766233766232
move,that,4,12,308,0.012987012987012988
move,lemme,4,13,308,0.012987012987012988
move,this,2,14,308,0.006493506493506494
move,jeremy,2,15,308,0.006493506493506494
move,evan,2,16,308,0.006493506493506494
move,jessica,2,17,308,0.006493506493506494
move,needle,2,18,308,0.006493506493506494
move,car,2,19,308,0.006493506493506494
move,daddy,2,20,308,0.006493506493506494
move,foot,2,21,308,0.006493506493506494
move,something,1,22,308,0.003246753246753247
move,wind,1,23,308,0.003246753246753247
move,mommy'll,1,24,308,0.003246753246753247
move,help,1,25,308,0.003246753246753247
move,wing,1,26,308,0.003246753246753247
move,tractor,1,27,308,0.003246753246753247
move,shannon,1,28,308,0.003246753246753247
move,animal,1,29,308,0.003246753246753247
move,chair,1,30,308,0.003246753246753247
move,go,1,31,308,0.003246753246753247
move,light,1,32,308,0.003246753246753247
move,tree,1,33,308,0.003246753246753247
move,toe,1,34,308,0.003246753246753247
move,no,1,35,308,0.003246753246753247
move,hat,1,36,308,0.003246753246753247
move,sloth,1,37,308,0.003246753246753247
move,eyeball,1,38,308,0.003246753246753247
move,some,1,39,308,0.003246753246753247
move,wanna,1,40,308,0.003246753246753247
walk,you,92,1,303,0.30363036303630364
walk,he,74,2,303,0.24422442244224424
walk,we,44,3,303,0.14521452145214522
walk,they,29,4,303,0.09570957095709572
walk,us,12,5,303,0.039603960396039604
walk,she,11,6,303,0.036303630363036306
walk,i,5,7,303,0.0165016501650165
walk,wanna,4,8,303,0.013201320132013201
walk,who,3,9,303,0.009900990099009901
walk,bear,3,10,303,0.009900990099009901
walk,mommy,2,11,303,0.006600660066006601
walk,pg,2,12,303,0.006600660066006601
walk,elephant,2,13,303,0.006600660066006601
walk,people,1,14,303,0.0033003300330033004
walk,wheel,1,15,303,0.0033003300330033004
walk,mandy,1,16,303,0.0033003300330033004
walk,son,1,17,303,0.0033003300330033004
walk,guy,1,18,303,0.0033003300330033004
walk,cupcake,1,19,303,0.0033003300330033004
walk,cow,1,20,303,0.0033003300330033004
walk,all,1,21,303,0.0033003300330033004
walk,these,1,22,303,0.0033003300330033004
walk,penguin,1,23,303,0.0033003300330033004
walk,it,1,24,303,0.0033003300330033004
walk,animal,1,25,303,0.0033003300330033004
walk,crab,1,26,303,0.0033003300330033004
walk,somebody,1,27,303,0.0033003300330033004
walk,arte,1,28,303,0.0033003300330033004
walk,her,1,29,303,0.0033003300330033004
walk,deer,1,30,303,0.0033003300330033004
walk,foot,1,31,303,0.0033003300330033004
walk,frog,1,32,303,0.0033003300330033004
walk,bird,1,33,303,0.0033003300330033004
work,it,95,1,299,0.3177257525083612
work,that,58,2,299,0.1939799331103679
work,this,25,3,299,0.08361204013377926
work,you,20,4,299,0.06688963210702341
work,we,17,5,299,0.056856187290969896
work,i,12,6,299,0.04013377926421405
work,they,9,7,299,0.030100334448160536
work,he,8,8,299,0.026755852842809364
work,she,4,9,299,0.013377926421404682
work,thing,4,10,299,0.013377926421404682
work,button,3,11,299,0.010033444816053512
work,cup,3,12,299,0.010033444816053512
work,switch,3,13,299,0.010033444816053512
work,daddy,3,14,299,0.010033444816053512
work,one,2,15,299,0.006688963210702341
work,who,2,16,299,0.006688963210702341
work,light,2,17,299,0.006688963210702341
work,shoe,2,18,299,0.006688963210702341
work,both,2,19,299,0.006688963210702341
work,door,1,20,299,0.0033444816053511705
work,people,1,21,299,0.0033444816053511705
work,man,1,22,299,0.0033444816053511705
work,lid,1,23,299,0.0033444816053511705
work,everything,1,24,299,0.0033444816053511705
work,pause,1,25,299,0.0033444816053511705
work,wanna,1,26,299,0.0033444816053511705
work,rabbit,1,27,299,0.0033444816053511705
work,car,1,28,299,0.0033444816053511705
work,taperecorder,1,29,299,0.0033444816053511705
work,handle,1,30,299,0.0033444816053511705
work,oname,1,31,299,0.0033444816053511705
work,somebody,1,32,299,0.0033444816053511705
work,bubble,1,33,299,0.0033444816053511705
work,bowl,1,34,299,0.0033444816053511705
work,timer,1,35,299,0.0033444816053511705
work,hadta,1,36,299,0.0033444816053511705
work,a_lot_of,1,37,299,0.0033444816053511705
work,d,1,38,299,0.0033444816053511705
work,tomlinson,1,39,299,0.0033444816053511705
work,two,1,40,299,0.0033444816053511705
work,sun,1,41,299,0.0033444816053511705
work,lots_of,1,42,299,0.0033444816053511705
work,dad,1,43,299,0.0033444816053511705
work,brush,1,44,299,0.0033444816053511705
feel,you,101,1,299,0.3377926421404682
feel,that,37,2,299,0.12374581939799331
feel,it,33,3,299,0.11036789297658862
feel,i,32,4,299,0.10702341137123746
feel,he,22,5,299,0.07357859531772576
feel,they,11,6,299,0.03678929765886288
feel,she,9,7,299,0.030100334448160536
feel,we,7,8,299,0.023411371237458192
feel,lemme,6,9,299,0.020066889632107024
feel,ya,5,10,299,0.016722408026755852
feel,judy,4,11,299,0.013377926421404682
feel,baby,3,12,299,0.010033444816053512
feel,mommy,3,13,299,0.010033444816053512
feel,tooth,2,14,299,0.006688963210702341
feel,danny,2,15,299,0.006688963210702341
feel,one,2,16,299,0.006688963210702341
feel,hair,2,17,299,0.006688963210702341
feel,face,1,18,299,0.0033444816053511705
feel,these,1,19,299,0.0033444816053511705
feel,diaper,1,20,299,0.0033444816053511705
feel,youse,1,21,299,0.0033444816053511705
feel,something,1,22,299,0.0033444816053511705
feel,hand,1,23,299,0.0033444816053511705
feel,tummy,1,24,299,0.0033444816053511705
feel,nose,1,25,299,0.0033444816053511705
feel,carrot,1,26,299,0.0033444816053511705
feel,elmo,1,27,299,0.0033444816053511705
feel,nina,1,28,299,0.0033444816053511705
feel,blanket,1,29,299,0.0033444816053511705
feel,grandma,1,30,299,0.0033444816053511705
feel,wanna,1,31,299,0.0033444816053511705
feel,leaf,1,32,299,0.0033444816053511705
feel,back,1,33,299,0.0033444816053511705
feel,this,1,34,299,0.0033444816053511705
feel,daddy,1,35,299,0.0033444816053511705
feed,you,118,1,293,0.40273037542662116
feed,we,57,2,293,0.1945392491467577
feed,i,32,3,293,0.10921501706484642
feed,she,20,4,293,0.06825938566552901
feed,wanna,18,5,293,0.06143344709897611
feed,us,12,6,293,0.040955631399317405
feed,he,6,7,293,0.020477815699658702
feed,mommy,4,8,293,0.013651877133105802
feed,they,4,9,293,0.013651877133105802
feed,daddy,4,10,293,0.013651877133105802
feed,baby,3,11,293,0.010238907849829351
feed,ya,1,12,293,0.0034129692832764505
feed,husband,1,13,293,0.0034129692832764505
feed,someone,1,14,293,0.0034129692832764505
feed,chair,1,15,293,0.0034129692832764505
feed,somebody,1,16,293,0.0034129692832764505
feed,wannna,1,17,293,0.0034129692832764505
feed,brother,1,18,293,0.0034129692832764505
feed,mama,1,19,293,0.0034129692832764505
feed,farmer,1,20,293,0.0034129692832764505
feed,doggie,1,21,293,0.0034129692832764505
feed,their,1,22,293,0.0034129692832764505
feed,friend,1,23,293,0.0034129692832764505
feed,sandra,1,24,293,0.0034129692832764505
feed,that,1,25,293,0.0034129692832764505
feed,finish,1,26,293,0.0034129692832764505
drink,you,127,1,290,0.4379310344827586
drink,she,34,2,290,0.11724137931034483
drink,he,33,3,290,0.11379310344827587
drink,i,21,4,290,0.07241379310344828
drink,we,10,5,290,0.034482758620689655
drink,baby,7,6,290,0.02413793103448276
drink,mommy,7,7,290,0.02413793103448276
drink,who,5,8,290,0.017241379310344827
drink,daddy,5,9,290,0.017241379310344827
drink,nina,4,10,290,0.013793103448275862
drink,ya,3,11,290,0.010344827586206896
drink,wanna,3,12,290,0.010344827586206896
drink,fraser,3,13,290,0.010344827586206896
drink,laura,2,14,290,0.006896551724137931
drink,us,2,15,290,0.006896551724137931
drink,fuzzy_tail_lamb,2,16,290,0.006896551724137931
drink,piglet,2,17,290,0.006896551724137931
drink,eve,2,18,290,0.006896551724137931
drink,sarah,2,19,290,0.006896551724137931
drink,danny,2,20,290,0.006896551724137931
drink,needta,1,21,290,0.0034482758620689655
drink,some,1,22,290,0.0034482758620689655
drink,pooh_bear,1,23,290,0.0034482758620689655
drink,timmy,1,24,290,0.0034482758620689655
drink,fuzzy_little_tail_lamb,1,25,290,0.0034482758620689655
drink,cow,1,26,290,0.0034482758620689655
drink,sister,1,27,290,0.0034482758620689655
drink,people,1,28,290,0.0034482758620689655
drink,they,1,29,290,0.0034482758620689655
drink,bear,1,30,290,0.0034482758620689655
drink,woo,1,31,290,0.0034482758620689655
drink,monkey,1,32,290,0.0034482758620689655
drink,anybody,1,33,290,0.0034482758620689655
drink,soda,1,34,290,0.0034482758620689655
start,you,120,1,290,0.41379310344827586
start,i,28,2,290,0.09655172413793103
start,he,26,3,290,0.0896551724137931
start,she,25,4,290,0.08620689655172414
start,we,22,5,290,0.07586206896551724
start,us,16,6,290,0.05517241379310345
start,they,8,7,290,0.027586206896551724
start,it,7,8,290,0.02413793103448276
start,party,3,9,290,0.010344827586206896
start,daddy,3,10,290,0.010344827586206896
start,wanna,2,11,290,0.006896551724137931
start,mommy,2,12,290,0.006896551724137931
start,cookie,2,13,290,0.006896551724137931
start,crocodile,2,14,290,0.006896551724137931
start,cindy,1,15,290,0.0034482758620689655
start,that,1,16,290,0.0034482758620689655
start,flower,1,17,290,0.0034482758620689655
start,key,1,18,290,0.0034482758620689655
start,laura,1,19,290,0.0034482758620689655
start,school,1,20,290,0.0034482758620689655
start,shoulda,1,21,290,0.0034482758620689655
start,name,1,22,290,0.0034482758620689655
start,elephant,1,23,290,0.0034482758620689655
start,henry,1,24,290,0.0034482758620689655
start,lemme,1,25,290,0.0034482758620689655
start,stuff,1,26,290,0.0034482758620689655
start,thing,1,27,290,0.0034482758620689655
start,doggie,1,28,290,0.0034482758620689655
start,penny,1,29,290,0.0034482758620689655
start,snow,1,30,290,0.0034482758620689655
start,cook,1,31,290,0.0034482758620689655
start,show,1,32,290,0.0034482758620689655
start,everybody,1,33,290,0.0034482758620689655
start,pinocchio,1,34,290,0.0034482758620689655
start,coffee,1,35,290,0.0034482758620689655
start,brittany,1,36,290,0.0034482758620689655
start,piece,1,37,290,0.0034482758620689655
start,water,1,38,290,0.0034482758620689655
build,you,81,1,288,0.28125
build,we,58,2,288,0.2013888888888889
build,i,40,3,288,0.1388888888888889
build,us,33,4,288,0.11458333333333333
build,mommy,19,5,288,0.06597222222222222
build,wanna,11,6,288,0.03819444444444445
build,he,10,7,288,0.034722222222222224
build,they,7,8,288,0.024305555555555556
build,she,4,9,288,0.013888888888888888
build,one,3,10,288,0.010416666666666666
build,who,3,11,288,0.010416666666666666
build,boy,2,12,288,0.006944444444444444
build,mama,2,13,288,0.006944444444444444
build,ya,1,14,288,0.003472222222222222
build,people,1,15,288,0.003472222222222222
build,babysitter,1,16,288,0.003472222222222222
build,eric,1,17,288,0.003472222222222222
build,pg,1,18,288,0.003472222222222222
build,lemme,1,19,288,0.003472222222222222
build,henry,1,20,288,0.003472222222222222
build,someone,1,21,288,0.003472222222222222
build,that,1,22,288,0.003472222222222222
build,pippin,1,23,288,0.003472222222222222
build,child,1,24,288,0.003472222222222222
build,somebody,1,25,288,0.003472222222222222
build,horsie,1,26,288,0.003472222222222222
build,anything,1,27,288,0.003472222222222222
build,mom,1,28,288,0.003472222222222222
begin,you,254,1,287,0.8850174216027874
begin,what,17,2,287,0.059233449477351915
begin,jeremy,2,3,287,0.006968641114982578
begin,he,2,4,287,0.006968641114982578
begin,us,2,5,287,0.006968641114982578
begin,child,1,6,287,0.003484320557491289
begin,she,1,7,287,0.003484320557491289
begin,it,1,8,287,0.003484320557491289
begin,they,1,9,287,0.003484320557491289
begin,jar,1,10,287,0.003484320557491289
begin,snow,1,11,287,0.003484320557491289
begin,guy,1,12,287,0.003484320557491289
begin,mot,1,13,287,0.003484320557491289
begin,we,1,14,287,0.003484320557491289
begin,pinocchio,1,15,287,0.003484320557491289
fix,i,122,1,284,0.4295774647887324
fix,you,72,2,284,0.2535211267605634
fix,we,23,3,284,0.08098591549295775
fix,mommy,12,4,284,0.04225352112676056
fix,daddy,10,5,284,0.035211267605633804
fix,us,6,6,284,0.02112676056338028
fix,mama,5,7,284,0.017605633802816902
fix,he,4,8,284,0.014084507042253521
fix,it,3,9,284,0.01056338028169014
fix,she,3,10,284,0.01056338028169014
fix,lemme,2,11,284,0.007042253521126761
fix,wanna,2,12,284,0.007042253521126761
fix,papa,2,13,284,0.007042253521126761
fix,that,2,14,284,0.007042253521126761
fix,train,1,15,284,0.0035211267605633804
fix,who,1,16,284,0.0035211267605633804
fix,slide,1,17,284,0.0035211267605633804
fix,jwww,1,18,284,0.0035211267605633804
fix,mummy,1,19,284,0.0035211267605633804
fix,sewing,1,20,284,0.0035211267605633804
fix,needta,1,21,284,0.0035211267605633804
fix,this,1,22,284,0.0035211267605633804
fix,hasta,1,23,284,0.0035211267605633804
fix,kathy,1,24,284,0.0035211267605633804
fix,eve,1,25,284,0.0035211267605633804
fix,papa'll,1,26,284,0.0035211267605633804
fix,hafta,1,27,284,0.0035211267605633804
fix,they,1,28,284,0.0035211267605633804
fix,daddy'll,1,29,284,0.0035211267605633804
fix,grandpa,1,30,284,0.0035211267605633804
pull,you,142,1,272,0.5220588235294118
pull,i,30,2,272,0.11029411764705882
pull,we,24,3,272,0.08823529411764706
pull,wanna,8,4,272,0.029411764705882353
pull,us,8,5,272,0.029411764705882353
pull,he,7,6,272,0.025735294117647058
pull,they,5,7,272,0.01838235294117647
pull,horse,5,8,272,0.01838235294117647
pull,no,4,9,272,0.014705882352941176
pull,engine,4,10,272,0.014705882352941176
pull,horsie,3,11,272,0.011029411764705883
pull,lois,2,12,272,0.007352941176470588
pull,pant,2,13,272,0.007352941176470588
pull,mommy,2,14,272,0.007352941176470588
pull,pooh,2,15,272,0.007352941176470588
pull,this,2,16,272,0.007352941176470588
pull,daddy,2,17,272,0.007352941176470588
pull,nomi,2,18,272,0.007352941176470588
pull,dog,1,19,272,0.003676470588235294
pull,awoh,1,20,272,0.003676470588235294
pull,farmer,1,21,272,0.003676470588235294
pull,doggie,1,22,272,0.003676470588235294
pull,lemme,1,23,272,0.003676470588235294
pull,daddy'll,1,24,272,0.003676470588235294
pull,someone,1,25,272,0.003676470588235294
pull,rhino,1,26,272,0.003676470588235294
pull,tree,1,27,272,0.003676470588235294
pull,mom,1,28,272,0.003676470588235294
pull,wilson,1,29,272,0.003676470588235294
pull,chicken,1,30,272,0.003676470588235294
pull,do,1,31,272,0.003676470588235294
pull,it,1,32,272,0.003676470588235294
pull,who,1,33,272,0.003676470588235294
pull,whoop,1,34,272,0.003676470588235294
pull,what,1,35,272,0.003676470588235294
pull,man,1,36,272,0.003676470588235294
keep,you,96,1,266,0.3609022556390977
keep,i,30,2,266,0.11278195488721804
keep,we,30,3,266,0.11278195488721804
keep,he,25,4,266,0.09398496240601503
keep,she,18,5,266,0.06766917293233082
keep,it,13,6,266,0.04887218045112782
keep,they,8,7,266,0.03007518796992481
keep,us,7,8,266,0.02631578947368421
keep,wanna,4,9,266,0.015037593984962405
keep,that,3,10,266,0.011278195488721804
keep,one,2,11,266,0.007518796992481203
keep,this,1,12,266,0.0037593984962406013
keep,recorder,1,13,266,0.0037593984962406013
keep,mommy,1,14,266,0.0037593984962406013
keep,angel,1,15,266,0.0037593984962406013
keep,star,1,16,266,0.0037593984962406013
keep,alphabet,1,17,266,0.0037593984962406013
keep,sister,1,18,266,0.0037593984962406013
keep,somebody,1,19,266,0.0037593984962406013
keep,people,1,20,266,0.0037593984962406013
keep,fence,1,21,266,0.0037593984962406013
keep,orange,1,22,266,0.0037593984962406013
keep,wheel,1,23,266,0.0037593984962406013
keep,block,1,24,266,0.0037593984962406013
keep,mommy'll,1,25,266,0.0037593984962406013
keep,towel,1,26,266,0.0037593984962406013
keep,soap,1,27,266,0.0037593984962406013
keep,cann't,1,28,266,0.0037593984962406013
keep,house,1,29,266,0.0037593984962406013
keep,carry,1,30,266,0.0037593984962406013
keep,gucky,1,31,266,0.0037593984962406013
keep,drawer,1,32,266,0.0037593984962406013
keep,thing,1,33,266,0.0037593984962406013
keep,carpet,1,34,266,0.0037593984962406013
keep,daddy,1,35,266,0.0037593984962406013
keep,these,1,36,266,0.0037593984962406013
keep,hafta,1,37,266,0.0037593984962406013
keep,carrot,1,38,266,0.0037593984962406013
keep,carrots,1,39,266,0.0037593984962406013
keep,animal,1,40,266,0.0037593984962406013
keep,broom,1,41,266,0.0037593984962406013
sing,you,152,1,264,0.5757575757575758
sing,we,42,2,264,0.1590909090909091
sing,i,15,3,264,0.056818181818181816
sing,us,11,4,264,0.041666666666666664
sing,wanna,7,5,264,0.026515151515151516
sing,she,4,6,264,0.015151515151515152
sing,he,4,7,264,0.015151515151515152
sing,who,3,8,264,0.011363636363636364
sing,mommy,3,9,264,0.011363636363636364
sing,bird,3,10,264,0.011363636363636364
sing,it,3,11,264,0.011363636363636364
sing,that,2,12,264,0.007575757575757576
sing,mellason,2,13,264,0.007575757575757576
sing,laura,1,14,264,0.003787878787878788
sing,jwww,1,15,264,0.003787878787878788
sing,sister,1,16,264,0.003787878787878788
sing,dyeisha,1,17,264,0.003787878787878788
sing,elmo,1,18,264,0.003787878787878788
sing,jenna,1,19,264,0.003787878787878788
sing,finish,1,20,264,0.003787878787878788
sing,hiho,1,21,264,0.003787878787878788
sing,tucker,1,22,264,0.003787878787878788
sing,dabee,1,23,264,0.003787878787878788
sing,they,1,24,264,0.003787878787878788
sing,child,1,25,264,0.003787878787878788
sing,birdie,1,26,264,0.003787878787878788
guess,i,252,1,259,0.972972972972973
guess,you,2,2,259,0.007722007722007722
guess,sue,1,3,259,0.003861003861003861
guess,he,1,4,259,0.003861003861003861
guess,rachel,1,5,259,0.003861003861003861
guess,wanna,1,6,259,0.003861003861003861
guess,no,1,7,259,0.003861003861003861
close,you,99,1,259,0.38223938223938225
close,i,36,2,259,0.138996138996139
close,we,31,3,259,0.11969111969111969
close,it,28,4,259,0.10810810810810811
close,us,24,5,259,0.09266409266409266
close,door,8,6,259,0.03088803088803089
close,wanna,4,7,259,0.015444015444015444
close,she,4,8,259,0.015444015444015444
close,mommy,4,9,259,0.015444015444015444
close,that,3,10,259,0.011583011583011582
close,all,3,11,259,0.011583011583011582
close,one,2,12,259,0.007722007722007722
close,lemme,2,13,259,0.007722007722007722
close,no,2,14,259,0.007722007722007722
close,daddy,2,15,259,0.007722007722007722
close,ya,1,16,259,0.003861003861003861
close,part,1,17,259,0.003861003861003861
close,laura,1,18,259,0.003861003861003861
close,someone,1,19,259,0.003861003861003861
close,this,1,20,259,0.003861003861003861
close,jamie,1,21,259,0.003861003861003861
close,push,1,22,259,0.003861003861003861
stop,you,55,1,256,0.21484375
stop,he,39,2,256,0.15234375
stop,she,28,3,256,0.109375
stop,it,25,4,256,0.09765625
stop,i,17,5,256,0.06640625
stop,we,17,6,256,0.06640625
stop,rabbit,14,7,256,0.0546875
stop,whoever,6,8,256,0.0234375
stop,horsie,4,9,256,0.015625
stop,they,3,10,256,0.01171875
stop,man_man,3,11,256,0.01171875
stop,bunny,3,12,256,0.01171875
stop,that,3,13,256,0.01171875
stop,hyena,3,14,256,0.01171875
stop,needta,2,15,256,0.0078125
stop,us,2,16,256,0.0078125
stop,plane,2,17,256,0.0078125
stop,frog,2,18,256,0.0078125
stop,nathaniel,2,19,256,0.0078125
stop,pie,2,20,256,0.0078125
stop,daddy,2,21,256,0.0078125
stop,sally,2,22,256,0.0078125
stop,nomi,2,23,256,0.0078125
stop,train,2,24,256,0.0078125
stop,baby,1,25,256,0.00390625
stop,everyone,1,26,256,0.00390625
stop,guy,1,27,256,0.00390625
stop,talkie,1,28,256,0.00390625
stop,bird,1,29,256,0.00390625
stop,boat,1,30,256,0.00390625
stop,car,1,31,256,0.00390625
stop,dog,1,32,256,0.00390625
stop,bear,1,33,256,0.00390625
stop,horse,1,34,256,0.00390625
stop,heather,1,35,256,0.00390625
stop,kristopher,1,36,256,0.00390625
stop,matter,1,37,256,0.00390625
stop,door,1,38,256,0.00390625
stop,gee,1,39,256,0.00390625
stop,brittany,1,40,256,0.00390625
run,he,70,1,255,0.27450980392156865
run,you,42,2,255,0.16470588235294117
run,i,17,3,255,0.06666666666666667
run,it,15,4,255,0.058823529411764705
run,they,11,5,255,0.043137254901960784
run,she,8,6,255,0.03137254901960784
run,we,8,7,255,0.03137254901960784
run,doggie,8,8,255,0.03137254901960784
run,horsie,7,9,255,0.027450980392156862
run,water,6,10,255,0.023529411764705882
run,mouse,4,11,255,0.01568627450980392
run,dish,3,12,255,0.011764705882352941
run,that,3,13,255,0.011764705882352941
run,nose,3,14,255,0.011764705882352941
run,horse,3,15,255,0.011764705882352941
run,cat,3,16,255,0.011764705882352941
run,mommy,2,17,255,0.00784313725490196
run,wanna,2,18,255,0.00784313725490196
run,us,2,19,255,0.00784313725490196
run,peter,2,20,255,0.00784313725490196
run,toy,2,21,255,0.00784313725490196
run,tractor,2,22,255,0.00784313725490196
run,who,2,23,255,0.00784313725490196
run,tape,2,24,255,0.00784313725490196
run,recorder,2,25,255,0.00784313725490196
run,sheep,2,26,255,0.00784313725490196
run,hadta,1,27,255,0.00392156862745098
run,hose,1,28,255,0.00392156862745098
run,pg,1,29,255,0.00392156862745098
run,woody,1,30,255,0.00392156862745098
run,dyeisha,1,31,255,0.00392156862745098
run,puppy,1,32,255,0.00392156862745098
run,honey,1,33,255,0.00392156862745098
run,carl,1,34,255,0.00392156862745098
run,chelsi,1,35,255,0.00392156862745098
run,dog,1,36,255,0.00392156862745098
run,everything,1,37,255,0.00392156862745098
run,tomcat,1,38,255,0.00392156862745098
run,wee_willie_winkie,1,39,255,0.00392156862745098
run,winkey,1,40,255,0.00392156862745098
run,jiminy,1,41,255,0.00392156862745098
run,daddy'll,1,42,255,0.00392156862745098
run,battery,1,43,255,0.00392156862745098
run,room,1,44,255,0.00392156862745098
run,what,1,45,255,0.00392156862745098
run,star,1,46,255,0.00392156862745098
run,daddy,1,47,255,0.00392156862745098
run,train,1,48,255,0.00392156862745098
run,frog,1,49,255,0.00392156862745098
run,letter,1,50,255,0.00392156862745098
wear,you,78,1,248,0.31451612903225806
wear,he,30,2,248,0.12096774193548387
wear,i,27,3,248,0.10887096774193548
wear,she,18,4,248,0.07258064516129033
wear,mommy,15,5,248,0.06048387096774194
wear,who,7,6,248,0.028225806451612902
wear,we,6,7,248,0.024193548387096774
wear,they,6,8,248,0.024193548387096774
wear,baby,4,9,248,0.016129032258064516
wear,us,2,10,248,0.008064516129032258
wear,wanna,2,11,248,0.008064516129032258
wear,boy,2,12,248,0.008064516129032258
wear,eve,2,13,248,0.008064516129032258
wear,mrpotatohead,2,14,248,0.008064516129032258
wear,potato,2,15,248,0.008064516129032258
wear,daddy,2,16,248,0.008064516129032258
wear,mama,2,17,248,0.008064516129032258
wear,man,2,18,248,0.008064516129032258
wear,clown,2,19,248,0.008064516129032258
wear,animal,2,20,248,0.008064516129032258
wear,novelty,1,21,248,0.004032258064516129
wear,doll,1,22,248,0.004032258064516129
wear,jennifer,1,23,248,0.004032258064516129
wear,goat,1,24,248,0.004032258064516129
wear,morgie,1,25,248,0.004032258064516129
wear,grandma,1,26,248,0.004032258064516129
wear,benjamin,1,27,248,0.004032258064516129
wear,bear,1,28,248,0.004032258064516129
wear,mom,1,29,248,0.004032258064516129
wear,timmy,1,30,248,0.004032258064516129
wear,pooh_bear,1,31,248,0.004032258064516129
wear,maggie,1,32,248,0.004032258064516129
wear,cromer,1,33,248,0.004032258064516129
wear,snowman,1,34,248,0.004032258064516129
wear,sarah,1,35,248,0.004032258064516129
wear,grandad,1,36,248,0.004032258064516129
wear,cname,1,37,248,0.004032258064516129
wear,danny,1,38,248,0.004032258064516129
wear,pooh,1,39,248,0.004032258064516129
wear,nina,1,40,248,0.004032258064516129
wear,testing,1,41,248,0.004032258064516129
wear,one,1,42,248,0.004032258064516129
wear,elastic,1,43,248,0.004032258064516129
wear,shirt,1,44,248,0.004032258064516129
wear,fry,1,45,248,0.004032258064516129
wear,eileen,1,46,248,0.004032258064516129
wear,most,1,47,248,0.004032258064516129
wear,doctor,1,48,248,0.004032258064516129
wear,monster,1,49,248,0.004032258064516129
wear,mcnugget,1,50,248,0.004032258064516129
wear,ring,1,51,248,0.004032258064516129
wear,everybody,1,52,248,0.004032258064516129
wear,what,1,53,248,0.004032258064516129
wear,girl,1,54,248,0.004032258064516129
wear,people,1,55,248,0.004032258064516129
wash,you,63,1,243,0.25925925925925924
wash,i,40,2,243,0.1646090534979424
wash,we,35,3,243,0.1440329218106996
wash,us,21,4,243,0.08641975308641975
wash,mommy,20,5,243,0.0823045267489712
wash,lemme,6,6,243,0.024691358024691357
wash,hair,6,7,243,0.024691358024691357
wash,hasta,5,8,243,0.0205761316872428
wash,he,4,9,243,0.01646090534979424
wash,wanna,4,10,243,0.01646090534979424
wash,she,3,11,243,0.012345679012345678
wash,daddy,3,12,243,0.012345679012345678
wash,this,3,13,243,0.012345679012345678
wash,it,3,14,243,0.012345679012345678
wash,that,3,15,243,0.012345679012345678
wash,face,2,16,243,0.00823045267489712
wash,roo,2,17,243,0.00823045267489712
wash,hafta,2,18,243,0.00823045267489712
wash,one,2,19,243,0.00823045267489712
wash,they,2,20,243,0.00823045267489712
wash,you_know,2,21,243,0.00823045267489712
wash,cup,1,22,243,0.00411522633744856
wash,somebody,1,23,243,0.00411522633744856
wash,hand,1,24,243,0.00411522633744856
wash,mom,1,25,243,0.00411522633744856
wash,waterloo,1,26,243,0.00411522633744856
wash,who,1,27,243,0.00411522633744856
wash,sheep,1,28,243,0.00411522633744856
wash,shampoo,1,29,243,0.00411522633744856
wash,doggie,1,30,243,0.00411522633744856
wash,bubble,1,31,243,0.00411522633744856
wash,needta,1,32,243,0.00411522633744856
wash,go,1,33,243,0.00411522633744856
pop,it,89,1,234,0.3803418803418803
pop,you,52,2,234,0.2222222222222222
pop,they,18,3,234,0.07692307692307693
pop,bubble,17,4,234,0.07264957264957266
pop,he,14,5,234,0.05982905982905983
pop,i,8,6,234,0.03418803418803419
pop,one,4,7,234,0.017094017094017096
pop,us,2,8,234,0.008547008547008548
pop,ear,2,9,234,0.008547008547008548
pop,monkey,2,10,234,0.008547008547008548
pop,we,2,11,234,0.008547008547008548
pop,lady,2,12,234,0.008547008547008548
pop,do,1,13,234,0.004273504273504274
pop,rabbit,1,14,234,0.004273504273504274
pop,uhohthey,1,15,234,0.004273504273504274
pop,mama,1,16,234,0.004273504273504274
pop,mom,1,17,234,0.004273504273504274
pop,op,1,18,234,0.004273504273504274
pop,danny,1,19,234,0.004273504273504274
pop,that,1,20,234,0.004273504273504274
pop,lion,1,21,234,0.004273504273504274
pop,soap,1,22,234,0.004273504273504274
pop,she,1,23,234,0.004273504273504274
pop,pooh,1,24,234,0.004273504273504274
pop,wanna,1,25,234,0.004273504273504274
pop,caterpillar,1,26,234,0.004273504273504274
pop,eyebrow,1,27,234,0.004273504273504274
pop,jack,1,28,234,0.004273504273504274
pop,man,1,29,234,0.004273504273504274
pop,something,1,30,234,0.004273504273504274
pop,clown,1,31,234,0.004273504273504274
pop,balloon,1,32,234,0.004273504273504274
pop,daddy,1,33,234,0.004273504273504274
pop,bird,1,34,234,0.004273504273504274
needta,you,82,1,223,0.36771300448430494
needta,i,68,2,223,0.30493273542600896
needta,we,65,3,223,0.2914798206278027
needta,he,3,4,223,0.013452914798206279
needta,it,1,5,223,0.004484304932735426
needta,girl,1,6,223,0.004484304932735426
needta,baby,1,7,223,0.004484304932735426
needta,she,1,8,223,0.004484304932735426
needta,they,1,9,223,0.004484304932735426
cry,you,36,1,223,0.16143497757847533
cry,he,30,2,223,0.13452914798206278
cry,she,24,3,223,0.10762331838565023
cry,baby,24,4,223,0.10762331838565023
cry,who,16,5,223,0.07174887892376682
cry,they,14,6,223,0.06278026905829596
cry,i,6,7,223,0.026905829596412557
cry,man,4,8,223,0.017937219730941704
cry,jimmy,4,9,223,0.017937219730941704
cry,that,3,10,223,0.013452914798206279
cry,mommy,3,11,223,0.013452914798206279
cry,ewww,3,12,223,0.013452914798206279
cry,laura,3,13,223,0.013452914798206279
cry,piggie,3,14,223,0.013452914798206279
cry,eric,2,15,223,0.008968609865470852
cry,jennifer,2,16,223,0.008968609865470852
cry,it,2,17,223,0.008968609865470852
cry,boy,2,18,223,0.008968609865470852
cry,kid,2,19,223,0.008968609865470852
cry,carl,2,20,223,0.008968609865470852
cry,lamb,1,21,223,0.004484304932735426
cry,somebody,1,22,223,0.004484304932735426
cry,door,1,23,223,0.004484304932735426
cry,caca,1,24,223,0.004484304932735426
cry,dwww,1,25,223,0.004484304932735426
cry,swww,1,26,223,0.004484304932735426
cry,jwww,1,27,223,0.004484304932735426
cry,we,1,28,223,0.004484304932735426
cry,chair,1,29,223,0.004484304932735426
cry,lola,1,30,223,0.004484304932735426
cry,glass,1,31,223,0.004484304932735426
cry,christopher,1,32,223,0.004484304932735426
cry,matthew,1,33,223,0.004484304932735426
cry,meow,1,34,223,0.004484304932735426
cry,piggy,1,35,223,0.004484304932735426
cry,woody,1,36,223,0.004484304932735426
cry,kiki,1,37,223,0.004484304932735426
cry,wanna,1,38,223,0.004484304932735426
cry,kathy,1,39,223,0.004484304932735426
cry,sarah,1,40,223,0.004484304932735426
cry,nina,1,41,223,0.004484304932735426
cry,nobody,1,42,223,0.004484304932735426
cry,bunny,1,43,223,0.004484304932735426
cry,pinocchio,1,44,223,0.004484304932735426
cry,bay,1,45,223,0.004484304932735426
cry,pg,1,46,223,0.004484304932735426
cry,bug'll,1,47,223,0.004484304932735426
cry,bug,1,48,223,0.004484304932735426
cry,katlin,1,49,223,0.004484304932735426
cry,mormor,1,50,223,0.004484304932735426
cry,tanta,1,51,223,0.004484304932735426
cry,kitty,1,52,223,0.004484304932735426
cry,puppy,1,53,223,0.004484304932735426
cry,doggie,1,54,223,0.004484304932735426
cry,people,1,55,223,0.004484304932735426
cry,cat,1,56,223,0.004484304932735426
cry,mom,1,57,223,0.004484304932735426
cry,help,1,58,223,0.004484304932735426
touch,you,113,1,221,0.5113122171945701
touch,he,25,2,221,0.11312217194570136
touch,we,24,3,221,0.1085972850678733
touch,she,10,4,221,0.04524886877828054
touch,no,8,5,221,0.03619909502262444
touch,i,8,6,221,0.03619909502262444
touch,us,4,7,221,0.01809954751131222
touch,they,4,8,221,0.01809954751131222
touch,wanna,3,9,221,0.013574660633484163
touch,it,3,10,221,0.013574660633484163
touch,thing,2,11,221,0.00904977375565611
touch,sir,2,12,221,0.00904977375565611
touch,timmy,1,13,221,0.004524886877828055
touch,jesus,1,14,221,0.004524886877828055
touch,mommy,1,15,221,0.004524886877828055
touch,uhoh,1,16,221,0.004524886877828055
touch,a,1,17,221,0.004524886877828055
touch,h,1,18,221,0.004524886877828055
touch,booboo,1,19,221,0.004524886877828055
touch,abbey,1,20,221,0.004524886877828055
touch,david,1,21,221,0.004524886877828055
touch,jamie,1,22,221,0.004524886877828055
touch,sara,1,23,221,0.004524886877828055
touch,foot,1,24,221,0.004524886877828055
touch,all,1,25,221,0.004524886877828055
touch,nomi,1,26,221,0.004524886877828055
touch,that,1,27,221,0.004524886877828055
hurt,you,70,1,220,0.3181818181818182
hurt,it,53,2,220,0.2409090909090909
hurt,that,37,3,220,0.16818181818181818
hurt,he,8,4,220,0.03636363636363636
hurt,what,6,5,220,0.02727272727272727
hurt,i,5,6,220,0.022727272727272728
hurt,tooth,4,7,220,0.01818181818181818
hurt,foot,3,8,220,0.013636363636363636
hurt,nose,2,9,220,0.00909090909090909
hurt,she,2,10,220,0.00909090909090909
hurt,teethie,2,11,220,0.00909090909090909
hurt,they,2,12,220,0.00909090909090909
hurt,ear,2,13,220,0.00909090909090909
hurt,rex,2,14,220,0.00909090909090909
hurt,door,1,15,220,0.004545454545454545
hurt,jwww,1,16,220,0.004545454545454545
hurt,knife,1,17,220,0.004545454545454545
hurt,orange,1,18,220,0.004545454545454545
hurt,apple,1,19,220,0.004545454545454545
hurt,eye,1,20,220,0.004545454545454545
hurt,hadta,1,21,220,0.004545454545454545
hurt,one,1,22,220,0.004545454545454545
hurt,jacob,1,23,220,0.004545454545454545
hurt,hit,1,24,220,0.004545454545454545
hurt,mouthie,1,25,220,0.004545454545454545
hurt,whoa,1,26,220,0.004545454545454545
hurt,floor,1,27,220,0.004545454545454545
hurt,henry,1,28,220,0.004545454545454545
hurt,mouth,1,29,220,0.004545454545454545
hurt,stomach,1,30,220,0.004545454545454545
hurt,belly,1,31,220,0.004545454545454545
hurt,neck,1,32,220,0.004545454545454545
hurt,thing,1,33,220,0.004545454545454545
hurt,daddy,1,34,220,0.004545454545454545
hurt,shoe,1,35,220,0.004545454545454545
hurt,we,1,36,220,0.004545454545454545
sleep,he,46,1,213,0.215962441314554
sleep,baby,31,2,213,0.14553990610328638
sleep,she,24,3,213,0.11267605633802817
sleep,you,19,4,213,0.0892018779342723
sleep,they,15,5,213,0.07042253521126761
sleep,bunny,8,6,213,0.03755868544600939
sleep,i,8,7,213,0.03755868544600939
sleep,who,7,8,213,0.03286384976525822
sleep,danny,6,9,213,0.028169014084507043
sleep,nina,5,10,213,0.023474178403755867
sleep,it,3,11,213,0.014084507042253521
sleep,daddy,3,12,213,0.014084507042253521
sleep,hen,3,13,213,0.014084507042253521
sleep,rabbit,2,14,213,0.009389671361502348
sleep,timmy,2,15,213,0.009389671361502348
sleep,kitty,2,16,213,0.009389671361502348
sleep,sister,2,17,213,0.009389671361502348
sleep,poohbear,2,18,213,0.009389671361502348
sleep,kitten,2,19,213,0.009389671361502348
sleep,moon,2,20,213,0.009389671361502348
sleep,piggie,2,21,213,0.009389671361502348
sleep,dog,1,22,213,0.004694835680751174
sleep,man,1,23,213,0.004694835680751174
sleep,swww,1,24,213,0.004694835680751174
sleep,mwww,1,25,213,0.004694835680751174
sleep,dad,1,26,213,0.004694835680751174
sleep,wanna,1,27,213,0.004694835680751174
sleep,cow,1,28,213,0.004694835680751174
sleep,potato,1,29,213,0.004694835680751174
sleep,carl,1,30,213,0.004694835680751174
sleep,one,1,31,213,0.004694835680751174
sleep,ducky,1,32,213,0.004694835680751174
sleep,we,1,33,213,0.004694835680751174
sleep,boy,1,34,213,0.004694835680751174
sleep,sandy,1,35,213,0.004694835680751174
sleep,mommy,1,36,213,0.004694835680751174
sleep,georgie,1,37,213,0.004694835680751174
sleep,ann,1,38,213,0.004694835680751174
sleep,di,1,39,213,0.004694835680751174
sleep,papa,1,40,213,0.004694835680751174
stand,you,82,1,205,0.4
stand,he,36,2,205,0.17560975609756097
stand,they,17,3,205,0.08292682926829269
stand,it,14,4,205,0.06829268292682927
stand,we,7,5,205,0.03414634146341464
stand,i,7,6,205,0.03414634146341464
stand,man,5,7,205,0.024390243902439025
stand,she,5,8,205,0.024390243902439025
stand,hen,3,9,205,0.014634146341463415
stand,us,2,10,205,0.00975609756097561
stand,this,2,11,205,0.00975609756097561
stand,mrpotatohead,2,12,205,0.00975609756097561
stand,baby,2,13,205,0.00975609756097561
stand,dog,2,14,205,0.00975609756097561
stand,horse,2,15,205,0.00975609756097561
stand,bed,1,16,205,0.004878048780487805
stand,all,1,17,205,0.004878048780487805
stand,yourself,1,18,205,0.004878048780487805
stand,go,1,19,205,0.004878048780487805
stand,foot,1,20,205,0.004878048780487805
stand,taxi,1,21,205,0.004878048780487805
stand,block,1,22,205,0.004878048780487805
stand,hank,1,23,205,0.004878048780487805
stand,what,1,24,205,0.004878048780487805
stand,wanna,1,25,205,0.004878048780487805
stand,duck,1,26,205,0.004878048780487805
stand,some,1,27,205,0.004878048780487805
stand,mama,1,28,205,0.004878048780487805
stand,honey,1,29,205,0.004878048780487805
stand,look,1,30,205,0.004878048780487805
stand,mom,1,31,205,0.004878048780487805
stand,motorcycle,1,32,205,0.004878048780487805
jump,he,53,1,197,0.26903553299492383
jump,you,33,2,197,0.16751269035532995
jump,they,14,3,197,0.07106598984771574
jump,we,13,4,197,0.06598984771573604
jump,bunny,10,5,197,0.050761421319796954
jump,she,9,6,197,0.04568527918781726
jump,it,8,7,197,0.04060913705583756
jump,rabbit,6,8,197,0.030456852791878174
jump,cow,5,9,197,0.025380710659898477
jump,that,4,10,197,0.02030456852791878
jump,wanna,4,11,197,0.02030456852791878
jump,egg,4,12,197,0.02030456852791878
jump,daddy,3,13,197,0.015228426395939087
jump,elephant,2,14,197,0.01015228426395939
jump,us,2,15,197,0.01015228426395939
jump,smurf,2,16,197,0.01015228426395939
jump,no,2,17,197,0.01015228426395939
jump,monkey,2,18,197,0.01015228426395939
jump,hasta,1,19,197,0.005076142131979695
jump,boy,1,20,197,0.005076142131979695
jump,piglet,1,21,197,0.005076142131979695
jump,simba,1,22,197,0.005076142131979695
jump,who,1,23,197,0.005076142131979695
jump,tigger,1,24,197,0.005076142131979695
jump,ball,1,25,197,0.005076142131979695
jump,toy,1,26,197,0.005076142131979695
jump,buzz,1,27,197,0.005076142131979695
jump,horsie,1,28,197,0.005076142131979695
jump,bear,1,29,197,0.005076142131979695
jump,baby,1,30,197,0.005076142131979695
jump,willie,1,31,197,0.005076142131979695
jump,box,1,32,197,0.005076142131979695
jump,clown,1,33,197,0.005076142131979695
jump,i,1,34,197,0.005076142131979695
jump,girl,1,35,197,0.005076142131979695
jump,mouse,1,36,197,0.005076142131979695
jump,look,1,37,197,0.005076142131979695
jump,guy,1,38,197,0.005076142131979695
jump,marco,1,39,197,0.005076142131979695
break,you,53,1,194,0.27319587628865977
break,it,44,2,194,0.2268041237113402
break,i,15,3,194,0.07731958762886598
break,chick,14,4,194,0.07216494845360824
break,that,8,5,194,0.041237113402061855
break,they,7,6,194,0.03608247422680412
break,we,5,7,194,0.02577319587628866
break,one,4,8,194,0.020618556701030927
break,bough,4,9,194,0.020618556701030927
break,who,3,10,194,0.015463917525773196
break,mommy,3,11,194,0.015463917525773196
break,pencil,3,12,194,0.015463917525773196
break,arm,3,13,194,0.015463917525773196
break,she,3,14,194,0.015463917525773196
break,somebody,2,15,194,0.010309278350515464
break,he,2,16,194,0.010309278350515464
break,eric,1,17,194,0.005154639175257732
break,nail,1,18,194,0.005154639175257732
break,nothing,1,19,194,0.005154639175257732
break,anything,1,20,194,0.005154639175257732
break,shoe,1,21,194,0.005154639175257732
break,boot,1,22,194,0.005154639175257732
break,bubble,1,23,194,0.005154639175257732
break,fence,1,24,194,0.005154639175257732
break,baby,1,25,194,0.005154639175257732
break,bind,1,26,194,0.005154639175257732
break,chicken,1,27,194,0.005154639175257732
break,player,1,28,194,0.005154639175257732
break,our,1,29,194,0.005154639175257732
break,someone,1,30,194,0.005154639175257732
break,daddy,1,31,194,0.005154639175257732
break,us,1,32,194,0.005154639175257732
break,way,1,33,194,0.005154639175257732
break,whoa,1,34,194,0.005154639175257732
break,julia,1,35,194,0.005154639175257732
break,joseph,1,36,194,0.005154639175257732
break,engine,1,37,194,0.005154639175257732
write,you,108,1,193,0.5595854922279793
write,i,20,2,193,0.10362694300518134
write,he,11,3,193,0.05699481865284974
write,us,10,4,193,0.05181347150259067
write,we,9,5,193,0.046632124352331605
write,mommy,9,6,193,0.046632124352331605
write,wanna,6,7,193,0.031088082901554404
write,pen,2,8,193,0.010362694300518135
write,it,2,9,193,0.010362694300518135
write,she,2,10,193,0.010362694300518135
write,sue,1,11,193,0.0051813471502590676
write,that,1,12,193,0.0051813471502590676
write,who,1,13,193,0.0051813471502590676
write,eve,1,14,193,0.0051813471502590676
write,nanny,1,15,193,0.0051813471502590676
write,one,1,16,193,0.0051813471502590676
write,raymond,1,17,193,0.0051813471502590676
write,boy,1,18,193,0.0051813471502590676
write,somebody,1,19,193,0.0051813471502590676
write,sit,1,20,193,0.0051813471502590676
write,they,1,21,193,0.0051813471502590676
write,daddy,1,22,193,0.0051813471502590676
write,nomi,1,23,193,0.0051813471502590676
write,goldie,1,24,193,0.0051813471502590676
roll,you,61,1,187,0.32620320855614976
roll,it,22,2,187,0.11764705882352941
roll,i,20,3,187,0.10695187165775401
roll,they,13,4,187,0.06951871657754011
roll,we,10,5,187,0.053475935828877004
roll,she,8,6,187,0.0427807486631016
roll,mommy,7,7,187,0.0374331550802139
roll,us,7,8,187,0.0374331550802139
roll,one,4,9,187,0.0213903743315508
roll,wheel,4,10,187,0.0213903743315508
roll,who,4,11,187,0.0213903743315508
roll,he,4,12,187,0.0213903743315508
roll,wanna,4,13,187,0.0213903743315508
roll,that,3,14,187,0.016042780748663103
roll,ball,3,15,187,0.016042780748663103
roll,jar,2,16,187,0.0106951871657754
roll,uhohit,2,17,187,0.0106951871657754
roll,ball'll,1,18,187,0.0053475935828877
roll,kitty,1,19,187,0.0053475935828877
roll,daddy,1,20,187,0.0053475935828877
roll,whee,1,21,187,0.0053475935828877
roll,fruit,1,22,187,0.0053475935828877
roll,pig,1,23,187,0.0053475935828877
roll,sheep,1,24,187,0.0053475935828877
roll,apple,1,25,187,0.0053475935828877
roll,all,1,26,187,0.0053475935828877
catch,you,95,1,183,0.5191256830601093
catch,i,34,2,183,0.18579234972677597
catch,wanna,12,3,183,0.06557377049180328
catch,he,7,4,183,0.03825136612021858
catch,she,5,5,183,0.0273224043715847
catch,mommy,4,6,183,0.02185792349726776
catch,morgie,2,7,183,0.01092896174863388
catch,it,2,8,183,0.01092896174863388
catch,they,2,9,183,0.01092896174863388
catch,lion,2,10,183,0.01092896174863388
catch,elephant,2,11,183,0.01092896174863388
catch,we,2,12,183,0.01092896174863388
catch,mom,2,13,183,0.01092896174863388
catch,ya,1,14,183,0.00546448087431694
catch,nose,1,15,183,0.00546448087431694
catch,cat,1,16,183,0.00546448087431694
catch,spider,1,17,183,0.00546448087431694
catch,which,1,18,183,0.00546448087431694
catch,tie,1,19,183,0.00546448087431694
catch,man,1,20,183,0.00546448087431694
catch,hand,1,21,183,0.00546448087431694
catch,pooh,1,22,183,0.00546448087431694
catch,monkey,1,23,183,0.00546448087431694
catch,ema,1,24,183,0.00546448087431694
catch,who,1,25,183,0.00546448087431694
knock,you,109,1,180,0.6055555555555555
knock,we,13,2,180,0.07222222222222222
knock,i,11,3,180,0.06111111111111111
knock,ball,5,4,180,0.027777777777777776
knock,mommy,4,5,180,0.022222222222222223
knock,wanna,4,6,180,0.022222222222222223
knock,she,4,7,180,0.022222222222222223
knock,he,3,8,180,0.016666666666666666
knock,who,3,9,180,0.016666666666666666
knock,sister,2,10,180,0.011111111111111112
knock,us,2,11,180,0.011111111111111112
knock,somebody,2,12,180,0.011111111111111112
knock,kanevil,2,13,180,0.011111111111111112
knock,dress,1,14,180,0.005555555555555556
knock,dillon,1,15,180,0.005555555555555556
knock,wolf,1,16,180,0.005555555555555556
knock,andy,1,17,180,0.005555555555555556
knock,tractor,1,18,180,0.005555555555555556
knock,bear,1,19,180,0.005555555555555556
knock,uhohwe,1,20,180,0.005555555555555556
knock,mrpotatohead,1,21,180,0.005555555555555556
knock,someone,1,22,180,0.005555555555555556
knock,sissy,1,23,180,0.005555555555555556
knock,daddy,1,24,180,0.005555555555555556
knock,that,1,25,180,0.005555555555555556
knock,sleeve,1,26,180,0.005555555555555556
knock,whoop,1,27,180,0.005555555555555556
knock,it,1,28,180,0.005555555555555556
knock,mama,1,29,180,0.005555555555555556
drop,you,115,1,178,0.6460674157303371
drop,i,16,2,178,0.0898876404494382
drop,we,12,3,178,0.06741573033707865
drop,she,7,4,178,0.03932584269662921
drop,mommy,5,5,178,0.028089887640449437
drop,he,5,6,178,0.028089887640449437
drop,it,3,7,178,0.016853932584269662
drop,ya,2,8,178,0.011235955056179775
drop,uhohyou,2,9,178,0.011235955056179775
drop,problem,2,10,178,0.011235955056179775
drop,nose,1,11,178,0.0056179775280898875
drop,eve,1,12,178,0.0056179775280898875
drop,what,1,13,178,0.0056179775280898875
drop,chicken,1,14,178,0.0056179775280898875
drop,nina,1,15,178,0.0056179775280898875
drop,garfield,1,16,178,0.0056179775280898875
drop,whoop,1,17,178,0.0056179775280898875
drop,daddy,1,18,178,0.0056179775280898875
drop,nomi,1,19,178,0.0056179775280898875
bet,i,168,1,174,0.9655172413793104
bet,you,6,2,174,0.034482758620689655
will,i,47,1,174,0.27011494252873564
will,it,33,2,174,0.1896551724137931
will,we,30,3,174,0.1724137931034483
will,you,26,4,174,0.14942528735632185
will,he,12,5,174,0.06896551724137931
will,she,9,6,174,0.05172413793103448
will,one,3,7,174,0.017241379310344827
will,they,3,8,174,0.017241379310344827
will,mommy,3,9,174,0.017241379310344827
will,baby,1,10,174,0.005747126436781609
will,activity,1,11,174,0.005747126436781609
will,this,1,12,174,0.005747126436781609
will,that,1,13,174,0.005747126436781609
will,these,1,14,174,0.005747126436781609
will,daddy,1,15,174,0.005747126436781609
will,head,1,16,174,0.005747126436781609
will,dra,1,17,174,0.005747126436781609
rid,he,31,1,168,0.18452380952380953
rid,kangaroo,24,2,168,0.14285714285714285
rid,you,13,3,168,0.07738095238095238
rid,who,13,4,168,0.07738095238095238
rid,bear,12,5,168,0.07142857142857142
rid,she,11,6,168,0.06547619047619048
rid,baby,11,7,168,0.06547619047619048
rid,that,8,8,168,0.047619047619047616
rid,man,8,9,168,0.047619047619047616
rid,they,4,10,168,0.023809523809523808
rid,nobody,2,11,168,0.011904761904761904
rid,somebody,2,12,168,0.011904761904761904
rid,boy,2,13,168,0.011904761904761904
rid,guy,2,14,168,0.011904761904761904
rid,dinosaur,2,15,168,0.011904761904761904
rid,child,2,16,168,0.011904761904761904
rid,kermit,2,17,168,0.011904761904761904
rid,the,1,18,168,0.005952380952380952
rid,mouse,1,19,168,0.005952380952380952
rid,donkey,1,20,168,0.005952380952380952
rid,people,1,21,168,0.005952380952380952
rid,horse,1,22,168,0.005952380952380952
rid,it,1,23,168,0.005952380952380952
rid,boat,1,24,168,0.005952380952380952
rid,we,1,25,168,0.005952380952380952
rid,chicken,1,26,168,0.005952380952380952
rid,farmer,1,27,168,0.005952380952380952
rid,danny,1,28,168,0.005952380952380952
rid,doggie,1,29,168,0.005952380952380952
rid,alexa,1,30,168,0.005952380952380952
rid,koala,1,31,168,0.005952380952380952
rid,girl,1,32,168,0.005952380952380952
rid,clown,1,33,168,0.005952380952380952
rid,scooter,1,34,168,0.005952380952380952
rid,i,1,35,168,0.005952380952380952
rid,george,1,36,168,0.005952380952380952
recognize,she,82,1,167,0.49101796407185627
recognize,he,69,2,167,0.41317365269461076
recognize,you,12,3,167,0.0718562874251497
recognize,i,2,4,167,0.011976047904191617
recognize,ya,1,5,167,0.005988023952095809
recognize,we,1,6,167,0.005988023952095809
seem,she,47,1,162,0.29012345679012347
seem,he,38,2,162,0.2345679012345679
seem,it,29,3,162,0.17901234567901234
seem,that,12,4,162,0.07407407407407407
seem,you,12,5,162,0.07407407407407407
seem,food,4,6,162,0.024691358024691357
seem,possession,2,7,162,0.012345679012345678
seem,everything,2,8,162,0.012345679012345678
seem,bottle,2,9,162,0.012345679012345678
seem,these,2,10,162,0.012345679012345678
seem,white,1,11,162,0.006172839506172839
seem,black,1,12,162,0.006172839506172839
seem,shoe,1,13,162,0.006172839506172839
seem,big,1,14,162,0.006172839506172839
seem,us,1,15,162,0.006172839506172839
seem,i,1,16,162,0.006172839506172839
seem,dwww,1,17,162,0.006172839506172839
seem,wwww,1,18,162,0.006172839506172839
seem,we,1,19,162,0.006172839506172839
seem,they,1,20,162,0.006172839506172839
seem,everybody,1,21,162,0.006172839506172839
seem,supper,1,22,162,0.006172839506172839
ask,i,51,1,160,0.31875
ask,you,50,2,160,0.3125
ask,we,16,3,160,0.1
ask,she,15,4,160,0.09375
ask,he,10,5,160,0.0625
ask,mama,3,6,160,0.01875
ask,duckling,2,7,160,0.0125
ask,mommy,2,8,160,0.0125
ask,guy,2,9,160,0.0125
ask,us,2,10,160,0.0125
ask,laura,1,11,160,0.00625
ask,mwww,1,12,160,0.00625
ask,god,1,13,160,0.00625
ask,people,1,14,160,0.00625
ask,mother,1,15,160,0.00625
ask,lady,1,16,160,0.00625
ask,nomi,1,17,160,0.00625
dance,you,64,1,157,0.40764331210191085
dance,he,36,2,157,0.22929936305732485
dance,they,24,3,157,0.15286624203821655
dance,she,5,4,157,0.03184713375796178
dance,we,4,5,157,0.025477707006369428
dance,doggie,4,6,157,0.025477707006369428
dance,i,3,7,157,0.01910828025477707
dance,eric,2,8,157,0.012738853503184714
dance,it,2,9,157,0.012738853503184714
dance,frog,2,10,157,0.012738853503184714
dance,clown,1,11,157,0.006369426751592357
dance,girl,1,12,157,0.006369426751592357
dance,dog,1,13,157,0.006369426751592357
dance,alexa,1,14,157,0.006369426751592357
dance,jerry,1,15,157,0.006369426751592357
dance,pinocchio,1,16,157,0.006369426751592357
dance,ball,1,17,157,0.006369426751592357
dance,donkey,1,18,157,0.006369426751592357
dance,lady,1,19,157,0.006369426751592357
dance,us,1,20,157,0.006369426751592357
dance,people,1,21,157,0.006369426751592357
finish,you,61,1,156,0.391025641025641
finish,we,20,2,156,0.1282051282051282
finish,i,20,3,156,0.1282051282051282
finish,us,10,4,156,0.0641025641025641
finish,all,9,5,156,0.057692307692307696
finish,mommy,7,6,156,0.04487179487179487
finish,she,6,7,156,0.038461538461538464
finish,one,5,8,156,0.03205128205128205
finish,wanna,4,9,156,0.02564102564102564
finish,mama,3,10,156,0.019230769230769232
finish,he,2,11,156,0.01282051282051282
finish,house,1,12,156,0.00641025641025641
finish,you_all,1,13,156,0.00641025641025641
finish,everyone,1,14,156,0.00641025641025641
finish,eve,1,15,156,0.00641025641025641
finish,they,1,16,156,0.00641025641025641
finish,guy,1,17,156,0.00641025641025641
finish,ross,1,18,156,0.00641025641025641
finish,daddy,1,19,156,0.00641025641025641
finish,it,1,20,156,0.00641025641025641
watch,you,39,1,154,0.2532467532467532
watch,we,18,2,154,0.11688311688311688
watch,us,14,3,154,0.09090909090909091
watch,i,11,4,154,0.07142857142857142
watch,he,10,5,154,0.06493506493506493
watch,she,9,6,154,0.05844155844155844
watch,they,6,7,154,0.03896103896103896
watch,wanna,4,8,154,0.025974025974025976
watch,it,4,9,154,0.025974025974025976
watch,bunny,3,10,154,0.01948051948051948
watch,h,2,11,154,0.012987012987012988
watch,doggie,2,12,154,0.012987012987012988
watch,dog,2,13,154,0.012987012987012988
watch,brittney,2,14,154,0.012987012987012988
watch,puppy,2,15,154,0.012987012987012988
watch,anybody,1,16,154,0.006493506493506494
watch,angel,1,17,154,0.006493506493506494
watch,who,1,18,154,0.006493506493506494
watch,something,1,19,154,0.006493506493506494
watch,kid,1,20,154,0.006493506493506494
watch,mommy,1,21,154,0.006493506493506494
watch,baby,1,22,154,0.006493506493506494
watch,poohbear,1,23,154,0.006493506493506494
watch,horsie,1,24,154,0.006493506493506494
watch,danny,1,25,154,0.006493506493506494
watch,shania,1,26,154,0.006493506493506494
watch,woofwoof,1,27,154,0.006493506493506494
watch,meagan,1,28,154,0.006493506493506494
watch,carl,1,29,154,0.006493506493506494
watch,tv,1,30,154,0.006493506493506494
watch,grand,1,31,154,0.006493506493506494
watch,somebody,1,32,154,0.006493506493506494
watch,mom,1,33,154,0.006493506493506494
watch,camera,1,34,154,0.006493506493506494
watch,sally,1,35,154,0.006493506493506494
watch,doll,1,36,154,0.006493506493506494
watch,lookee,1,37,154,0.006493506493506494
watch,kalie,1,38,154,0.006493506493506494
watch,travis,1,39,154,0.006493506493506494
watch,mama,1,40,154,0.006493506493506494
watch,animal,1,41,154,0.006493506493506494
miss,you,59,1,152,0.3881578947368421
miss,we,43,2,152,0.28289473684210525
miss,i,19,3,152,0.125
miss,he,8,4,152,0.05263157894736842
miss,she,6,5,152,0.039473684210526314
miss,mommy,3,6,152,0.019736842105263157
miss,it,2,7,152,0.013157894736842105
miss,they,2,8,152,0.013157894736842105
miss,what,2,9,152,0.013157894736842105
miss,one,1,10,152,0.006578947368421052
miss,whoa,1,11,152,0.006578947368421052
miss,kitty,1,12,152,0.006578947368421052
miss,ya,1,13,152,0.006578947368421052
miss,oopsie,1,14,152,0.006578947368421052
miss,man,1,15,152,0.006578947368421052
miss,baby,1,16,152,0.006578947368421052
miss,that,1,17,152,0.006578947368421052
sound,he,45,1,152,0.29605263157894735
sound,that,39,2,152,0.2565789473684211
sound,it,34,3,152,0.2236842105263158
sound,animal,9,4,152,0.05921052631578947
sound,you,5,5,152,0.03289473684210526
sound,they,3,6,152,0.019736842105263157
sound,water,2,7,152,0.013157894736842105
sound,word,1,8,152,0.006578947368421052
sound,dog,1,9,152,0.006578947368421052
sound,uhoh,1,10,152,0.006578947368421052
sound,hotdog,1,11,152,0.006578947368421052
sound,pig,1,12,152,0.006578947368421052
sound,what,1,13,152,0.006578947368421052
sound,this,1,14,152,0.006578947368421052
sound,ninight,1,15,152,0.006578947368421052
sound,nomi,1,16,152,0.006578947368421052
sound,duck,1,17,152,0.006578947368421052
sound,motorcycle,1,18,152,0.006578947368421052
sound,sound,1,19,152,0.006578947368421052
sound,kinda,1,20,152,0.006578947368421052
sound,car,1,21,152,0.006578947368421052
sound,boat,1,22,152,0.006578947368421052
hide,you,47,1,141,0.3333333333333333
hide,he,22,2,141,0.15602836879432624
hide,i,17,3,141,0.12056737588652482
hide,they,8,4,141,0.05673758865248227
hide,it,7,5,141,0.04964539007092199
hide,mommy,4,6,141,0.028368794326241134
hide,who,4,7,141,0.028368794326241134
hide,peter,3,8,141,0.02127659574468085
hide,bunny,2,9,141,0.014184397163120567
hide,toy,2,10,141,0.014184397163120567
hide,we,2,11,141,0.014184397163120567
hide,wanna,2,12,141,0.014184397163120567
hide,what,2,13,141,0.014184397163120567
hide,she,2,14,141,0.014184397163120567
hide,goldie,2,15,141,0.014184397163120567
hide,mouth,1,16,141,0.0070921985815602835
hide,elmo,1,17,141,0.0070921985815602835
hide,bert,1,18,141,0.0070921985815602835
hide,puppy,1,19,141,0.0070921985815602835
hide,pig,1,20,141,0.0070921985815602835
hide,bottle,1,21,141,0.0070921985815602835
hide,food,1,22,141,0.0070921985815602835
hide,cow,1,23,141,0.0070921985815602835
hide,us,1,24,141,0.0070921985815602835
hide,one,1,25,141,0.0070921985815602835
hide,firstname,1,26,141,0.0070921985815602835
hide,fox,1,27,141,0.0070921985815602835
hide,matthew,1,28,141,0.0070921985815602835
hide,ball,1,29,141,0.0070921985815602835
hide,guy,1,30,141,0.0070921985815602835
climb,you,68,1,138,0.4927536231884058
climb,he,10,2,138,0.07246376811594203
climb,they,10,3,138,0.07246376811594203
climb,she,6,4,138,0.043478260869565216
climb,we,5,5,138,0.036231884057971016
climb,baby,5,6,138,0.036231884057971016
climb,animal,4,7,138,0.028985507246376812
climb,wanna,3,8,138,0.021739130434782608
climb,i,3,9,138,0.021739130434782608
climb,us,3,10,138,0.021739130434782608
climb,monkey,2,11,138,0.014492753623188406
climb,nomi,2,12,138,0.014492753623188406
climb,laura,1,13,138,0.007246376811594203
climb,noah,1,14,138,0.007246376811594203
climb,who,1,15,138,0.007246376811594203
climb,girl,1,16,138,0.007246376811594203
climb,pg,1,17,138,0.007246376811594203
climb,nala,1,18,138,0.007246376811594203
climb,go,1,19,138,0.007246376811594203
climb,op,1,20,138,0.007246376811594203
climb,pig,1,21,138,0.007246376811594203
climb,man,1,22,138,0.007246376811594203
climb,boy,1,23,138,0.007246376811594203
climb,spider,1,24,138,0.007246376811594203
climb,sailor,1,25,138,0.007246376811594203
climb,it,1,26,138,0.007246376811594203
climb,george,1,27,138,0.007246376811594203
climb,bug,1,28,138,0.007246376811594203
climb,train,1,29,138,0.007246376811594203
taste,it,50,1,135,0.37037037037037035
taste,that,28,2,135,0.2074074074074074
taste,they,12,3,135,0.08888888888888889
taste,i,8,4,135,0.05925925925925926
taste,you,7,5,135,0.05185185185185185
taste,bubble,3,6,135,0.022222222222222223
taste,this,2,7,135,0.014814814814814815
taste,wanna,2,8,135,0.014814814814814815
taste,maggie,2,9,135,0.014814814814814815
taste,he,2,10,135,0.014814814814814815
taste,boy,1,11,135,0.007407407407407408
taste,needta,1,12,135,0.007407407407407408
taste,what,1,13,135,0.007407407407407408
taste,strawberry,1,14,135,0.007407407407407408
taste,saw,1,15,135,0.007407407407407408
taste,mommy,1,16,135,0.007407407407407408
taste,cow,1,17,135,0.007407407407407408
taste,lemme,1,18,135,0.007407407407407408
taste,juice,1,19,135,0.007407407407407408
taste,man,1,20,135,0.007407407407407408
taste,soap,1,21,135,0.007407407407407408
taste,water,1,22,135,0.007407407407407408
taste,those,1,23,135,0.007407407407407408
taste,mama,1,24,135,0.007407407407407408
taste,mm,1,25,135,0.007407407407407408
taste,breakfast,1,26,135,0.007407407407407408
taste,grass,1,27,135,0.007407407407407408
taste,shoe,1,28,135,0.007407407407407408
taste,toothpaste,1,29,135,0.007407407407407408
clean,you,35,1,135,0.25925925925925924
clean,we,22,2,135,0.16296296296296298
clean,i,18,3,135,0.13333333333333333
clean,mommy,18,4,135,0.13333333333333333
clean,us,13,5,135,0.0962962962962963
clean,she,4,6,135,0.02962962962962963
clean,he,3,7,135,0.022222222222222223
clean,lemme,2,8,135,0.014814814814814815
clean,daddy,2,9,135,0.014814814814814815
clean,it,2,10,135,0.014814814814814815
clean,doggie,2,11,135,0.014814814814814815
clean,bird,1,12,135,0.007407407407407408
clean,mama,1,13,135,0.007407407407407408
clean,hafta,1,14,135,0.007407407407407408
clean,house,1,15,135,0.007407407407407408
clean,mom,1,16,135,0.007407407407407408
clean,hadta,1,17,135,0.007407407407407408
clean,wanna,1,18,135,0.007407407407407408
clean,that,1,19,135,0.007407407407407408
clean,cname,1,20,135,0.007407407407407408
clean,baby,1,21,135,0.007407407407407408
clean,carl,1,22,135,0.007407407407407408
clean,they,1,23,135,0.007407407407407408
clean,clean,1,24,135,0.007407407407407408
clean,go,1,25,135,0.007407407407407408
